example_id,n,seed,ratio_mode,nuisance_method,plugin_estimate,if_estimate,truth,estimated_se,ci_lower,ci_upper,covered,plugin_error,if_error,reward_rmse,reward_rmse_grid,reward_rmse_stationary,reward_rmse_rho_weighted,bellman_residual_rmse,q_nu_bellman_rmse,q_eval_bellman_rmse,ratio_q01,ratio_q50,ratio_q99,weight_ess,pi0_action0_q01,pi0_action0_q50,pi0_action0_q99,pi_ratio_q01,pi_ratio_q50,pi_ratio_q99,nu_ratio_q01,nu_ratio_q50,nu_ratio_q99,fore_selected_iterations,fore_apbv_score,fore_fit_seconds,fore_training_rows,fore_normalized_mass,fore_logit_cap_fraction,signed_positive_iterations,signed_negative_iterations,signed_positive_mass,signed_negative_mass,signed_positive_apbv_score,signed_negative_apbv_score,signed_positive_fit_seconds,signed_negative_fit_seconds,signed_positive_normalized_mass,signed_negative_normalized_mass,signed_positive_ess,signed_negative_ess,signed_positive_ratio_q99,signed_negative_ratio_q99,signed_positive_logit_cap_fraction,signed_negative_logit_cap_fraction,ratio_failure,fore_selected_iterations_by_fold,fore_apbv_scores_by_fold,signed_positive_iterations_by_fold,signed_negative_iterations_by_fold,signed_positive_apbv_scores_by_fold,signed_negative_apbv_scores_by_fold,failure_message,iid_estimated_se,fold_cluster_estimated_se,crossfit_fold_count,ci_critical_value
1b,50000,4860606,neural-fore,neural-main-oracle-bellman,-11.456908339649514,-11.462564031784765,-11.44896978656228,0.01328570593851915,-11.488604015424263,-11.436524048145268,1.0,-0.007938553087234013,-0.013594245222485313,0.19886634215079915,0.19886634215079915,0.037711250593242644,0.037587086929676335,0.009026496225824231,nan,nan,0.05082739513850694,10.914379122300975,12.822985202592081,46272.41363061628,nan,nan,nan,nan,nan,nan,nan,nan,nan,220.0,0.0003876210449254216,39.70123299940023,20000.0,1.0011785472930206,0.0,300.0,180.0,0.29608389498368226,0.30493171057973034,0.00011899541549854239,0.00047488985607555543,44.627435458404946,34.44798501643818,1.001088931752447,1.001641523397629,36480.73256017375,33703.17228397934,13.445207718712913,18.849239804453752,0.0,0.0,0.0,"[300, 300, 300, 100, 100]","[0.0, 0.0005233358486338038, 0.0, 0.0008811220377362299, 0.0005336473382570742]","[300, 300, 300, 300, 300]","[300, 100, 100, 100, 300]","[0.0, 0.0, 0.0, 0.0, 0.0005949770774927119]","[0.0006143758924952081, 0.0008934422504061474, 0.0002558611593582636, 0.000610769978118158, 0.0]",,0.01328570593851915,0.009699815093037818,5.0,1.96
1b,50000,4870606,neural-fore,neural-main-oracle-bellman,-11.447121923323765,-11.455318770270152,-11.44896978656228,0.01336125283900698,-11.481506825834606,-11.429130714705698,1.0,0.0018478632385150462,-0.006348983707871625,0.22040205306644908,0.22040205306644908,0.03162616660832786,0.03169646172358955,0.005035520482887942,nan,nan,0.03902120328633611,10.708419639135272,12.8862186634475,46423.23819689957,nan,nan,nan,nan,nan,nan,nan,nan,nan,260.0,0.000497908938626065,41.98599447526503,20000.0,1.0005747055537138,0.0,300.0,220.0,0.2994176977798963,0.30345851616527264,0.000453446514922257,0.0007105651008313023,44.185937599954194,36.94329297498334,1.0008719235350287,1.0001704561044995,36572.06284874135,33938.19136092402,13.363211099289334,19.12727015606751,0.0,0.0,0.0,"[300, 300, 100, 300, 300]","[0.00036576296808682495, 0.0, 0.0008274631657227892, 0.0005065089330210353, 0.0007898096262996757]","[300, 300, 300, 300, 300]","[300, 300, 300, 100, 100]","[0.001383034496454628, 0.0008689866922351989, 0.0, 0.0, 1.521138592145783e-05]","[0.0006310478182306417, 0.0, 0.0, 0.0016007570066364338, 0.0013210206792894361]",,0.01336125283900698,0.02241118043306836,5.0,1.96
1b,50000,4880606,neural-fore,neural-main-oracle-bellman,-11.43744779699457,-11.442926167004423,-11.44896978656228,0.013703018766971681,-11.469784083787687,-11.416068250221159,1.0,0.011521989567709667,0.0060436195578574825,0.15365031357900832,0.15365031357900832,0.02728508951305415,0.025805804731308772,0.005594053676653522,nan,nan,0.0376803200081082,10.676355696972163,13.186381920118587,46234.013398114985,nan,nan,nan,nan,nan,nan,nan,nan,nan,300.0,0.00037563141992553355,45.05106620802544,20000.0,1.0015768482078933,0.0,300.0,300.0,0.31045333404475495,0.3079483803008795,5.95890561911443e-05,0.0007837069195619509,43.8551117423689,42.56904037476052,1.0010459385543284,1.0024545105167317,36211.87560421637,33052.003008266154,14.599072011219755,19.9247743267886,0.0,0.0,0.0,"[300, 300, 300, 300, 300]","[0.0, 0.0011880796138253442, 0.00035802583085711525, 0.0, 0.00033205165494520835]","[300, 300, 300, 300, 300]","[300, 300, 300, 300, 300]","[0.0002979452809557215, 0.0, 0.0, 0.0, 0.0]","[0.0008163851196305026, 0.00050740788943292, 0.00010786390025853092, 0.002486877688487801, 0.0]",,0.013703018766971681,0.014187395777785482,5.0,1.96
1b,50000,4890606,neural-fore,neural-main-oracle-bellman,-11.439414170163166,-11.444336235391052,-11.44896978656228,0.013554257979203442,-11.470902581030291,-11.417769889751813,1.0,0.009555616399113731,0.004633551171227879,0.23591040945909833,0.23591040945909833,0.03240955636279287,0.03213394359327177,0.004973596662523083,nan,nan,0.047517921494394544,10.763155500457621,12.727404717818617,46578.105222813785,nan,nan,nan,nan,nan,nan,nan,nan,nan,260.0,0.00045871697816346664,42.485961574618706,20000.0,1.0011863486141752,0.0,300.0,260.0,0.3301148274886326,0.334671974948934,8.194426858341845e-06,0.00036844244019154735,44.36156651682686,39.74843314217869,1.0014820388763983,1.0007971746291038,36787.7020014712,34616.1153366378,14.223127354179288,17.511287506365175,0.0,0.0,0.0,"[300, 300, 300, 100, 300]","[0.0, 0.0005928893330669047, 0.0, 0.0009835428908394938, 0.0007171526669109348]","[300, 300, 300, 300, 300]","[300, 300, 300, 100, 300]","[0.0, 0.0, 4.097213429170922e-05, 0.0, 0.0]","[0.0004944025058878785, 0.00022340184411336322, 0.0, 0.000731272712803958, 0.0003931351381525369]",,0.013554257979203442,0.01928017484993421,5.0,1.96
1b,50000,4900606,neural-fore,neural-main-oracle-bellman,-11.4553451874798,-11.46105760009933,-11.44896978656228,0.013454738121705813,-11.487428886817874,-11.434686313380787,1.0,-0.006375400917519869,-0.012087813537050351,0.23671419023439536,0.23671419023439536,0.03726046583072061,0.035796420074636424,0.005049803937871691,nan,nan,0.04862140987321204,10.738179680957083,13.145627627711479,46255.94219301117,nan,nan,nan,nan,nan,nan,nan,nan,nan,220.0,0.00026382507629612716,39.85646116686985,20000.0,1.0018515426655097,0.0,220.0,220.0,0.319764632341867,0.32901543972935315,0.0007620821168294574,0.0006699766818755035,37.333775799837895,37.550688316649754,1.0018123181823932,1.002165520332555,36549.856983243066,34197.434826850375,14.087978762158631,17.84464193208831,0.0,0.0,0.0,"[300, 300, 100, 100, 300]","[0.0, 0.0, 0.0005897989159205433, 0.0007293264655600925, 0.0]","[300, 100, 100, 300, 300]","[100, 300, 100, 300, 300]","[0.0, 0.001264105619414613, 0.001614299982704085, 0.0009050156336236321, 2.6989348404956586e-05]","[0.0012265600114122666, 0.0007538674206505989, 0.001044711556851239, 0.0, 0.00032474442046341346]",,0.013454738121705813,0.013611503026576145,5.0,1.96
1b,50000,4910606,neural-fore,neural-main-oracle-bellman,-11.42818806385931,-11.43466126360959,-11.44896978656228,0.0134991220936076,-11.46111954291306,-11.408202984306119,1.0,0.02078172270297074,0.014308522952690694,0.2749248498318927,0.2749248498318927,0.03782136344547431,0.037140808971973395,0.009840959996878812,nan,nan,0.0435680173544011,10.840777215127726,12.57038117253581,46456.110083002444,nan,nan,nan,nan,nan,nan,nan,nan,nan,260.0,0.00014824837784774178,43.76164454997051,20000.0,1.0004024458717842,0.0,220.0,180.0,0.3286941685994245,0.3379413911054273,0.0010767391432230703,0.0007948727145212725,36.839103391836396,34.709422558173536,1.00022254322468,1.0002800506546277,36530.74492788668,34261.84877301249,14.06478126451565,17.524149104397985,0.0,0.0,0.0,"[300, 100, 300, 300, 300]","[0.0, 9.675859139105783e-05, 0.0, 0.0, 0.000644483297847651]","[100, 100, 300, 300, 300]","[100, 300, 100, 300, 100]","[0.001553054386826669, 0.0016481461996816584, 2.6336846735137422e-05, 0.0002098901478096003, 0.0019462681350622857]","[0.0007255842437540541, 0.0008413432002016968, 0.0012137940536921506, 0.0011936420749584608, 0.0]",,0.0134991220936076,0.01140884266185199,5.0,1.96
1b,50000,4920606,neural-fore,neural-main-oracle-bellman,-11.421960945052179,-11.426567947169893,-11.44896978656228,0.012962854710891623,-11.45197514240324,-11.401160751936546,1.0,0.027008841510101078,0.022401839392387046,0.17099153951973486,0.17099153951973486,0.03317086658699523,0.03354429335850675,0.006773772115921298,nan,nan,0.05131899774124351,10.878175197069151,12.849619632774438,46428.64562695315,nan,nan,nan,nan,nan,nan,nan,nan,nan,180.0,0.0004664786399189411,34.85067083297763,20000.0,1.000813419913895,0.0,300.0,300.0,0.3044014869477916,0.31580667808222423,1.5315938953822766e-05,0.0006040971034861993,44.52937298323959,44.01921452560928,1.000884221135062,1.0008740019779407,36624.81779229877,34151.90291501199,13.258736661455387,18.03085888143848,0.0,0.0,0.0,"[100, 100, 100, 300, 300]","[0.0009410641399447395, 0.0006278543105999828, 0.0007634747490499832, 0.0, 0.0]","[300, 300, 300, 300, 300]","[300, 300, 300, 300, 300]","[0.0, 0.0, 7.657969476911384e-05, 0.0, 0.0]","[0.0008734255654485434, 0.0, 0.0013299842409757227, 0.0005328653937256697, 0.00028421031728106103]",,0.012962854710891623,0.019622823502843934,5.0,1.96
1b,50000,4930606,neural-fore,neural-main-oracle-bellman,-11.445689678889066,-11.452292618159973,-11.44896978656228,0.013696253108283011,-11.479137274252208,-11.425447962067738,1.0,0.0032801076732145162,-0.0033228315976927547,0.16597236493209547,0.16597236493209547,0.02503369982106756,0.024176968515231066,0.00832049259357063,nan,nan,0.04341840431833796,10.754270547465376,12.76650679118325,46443.71760667479,nan,nan,nan,nan,nan,nan,nan,nan,nan,260.0,0.00032492668511968214,42.94627286731266,20000.0,1.0013499500392775,0.0,300.0,300.0,0.3190743247320579,0.3241964589329248,0.0004409845780007411,0.0003313804858343275,44.020970333041625,42.82317850021646,1.0015037511944331,1.000981381292874,36721.58148581572,34096.71441853986,13.802610206663706,18.154271850484328,0.0,0.0,0.0,"[300, 300, 100, 300, 300]","[0.0, 0.0, 0.0010431114195852073, 0.0005815220060132034, 0.0]","[300, 300, 300, 300, 300]","[300, 300, 300, 300, 300]","[0.0009915529611403816, 0.0, 0.0012133699288633239, 0.0, 0.0]","[0.001075535961833408, 0.0, 0.0005813664673382295, 0.0, 0.0]",,0.013696253108283011,0.003629551127876292,5.0,1.96
1b,50000,4940606,neural-fore,neural-main-oracle-bellman,-11.450844052022191,-11.456149263105141,-11.44896978656228,0.0131322202165909,-11.48188841472966,-11.430410111480622,1.0,-0.0018742654599108732,-0.007179476542860996,0.20262578492364117,0.20262578492364117,0.032176621474720904,0.03184502085171223,0.00851321464167677,nan,nan,0.04321283976325045,10.909133049008112,12.71403955753434,46230.66964300394,nan,nan,nan,nan,nan,nan,nan,nan,nan,260.0,0.0005070683270090821,38.45122498418205,20000.0,0.9994447607802709,0.0,300.0,180.0,0.2901843653018984,0.29689386862159683,0.0,0.0011315021161879754,41.2644337666221,31.980591866211036,0.9995659007834409,0.9989680128442717,36538.600845396686,33657.38624242692,13.20848680403839,19.02177100855519,0.0,0.0,0.0,"[300, 100, 300, 300, 300]","[0.00033152629687157833, 0.0007101367985892685, 0.0013905839199830562, 0.0, 0.00010309461960150716]","[300, 300, 300, 300, 300]","[300, 100, 300, 100, 100]","[0.0, 0.0, 0.0, 0.0, 0.0]","[0.0005265132735228654, 0.002065309173427245, 0.00019075081262343754, 0.0008888039490651473, 0.001986133372301181]",,0.0131322202165909,0.018176175572524884,5.0,1.96
1b,50000,4950606,neural-fore,neural-main-oracle-bellman,-11.477592947615738,-11.482454753813764,-11.44896978656228,0.013091744125125485,-11.50811457229901,-11.456794935328517,0.0,-0.02862316105345819,-0.033484967251483866,0.19252622895146643,0.19252622895146643,0.035150085382637405,0.03281416389232134,0.008099177810085728,nan,nan,0.04072202198150681,10.962083101594875,13.12534037417329,46056.91429664234,nan,nan,nan,nan,nan,nan,nan,nan,nan,260.0,0.0004708340741793913,37.443964525242336,20000.0,1.0006264395962474,0.0,300.0,260.0,0.28626656304137776,0.29408920457085974,0.0002778189443697216,0.00023842752663211898,39.07711029218044,35.78962916655,1.0006391723280483,1.0008992922042244,36150.02801204297,33201.663614621044,15.1513018893348,20.161691989459527,0.0,0.0,0.0,"[100, 300, 300, 300, 300]","[0.0013286078209618095, 0.0, 0.0, 0.0010255625499351472, 0.0]","[300, 300, 300, 300, 300]","[300, 300, 300, 300, 100]","[0.0010705316019391199, 0.0003185631199094884, 0.0, 0.0, 0.0]","[0.00033812668948346144, 0.0, 0.0002216669763184414, 0.0, 0.0006323439673586922]",,0.013091744125125485,0.0179326385021503,5.0,1.96
1b,50000,4960606,neural-fore,neural-main-oracle-bellman,-11.469030225086104,-11.474986850938611,-11.44896978656228,0.01329190942038989,-11.501038993402576,-11.448934708474647,1.0,-0.02006043852382433,-0.026017064376331334,0.18172594036665238,0.18172594036665238,0.028088222213959048,0.027638084505373924,0.006178243420250861,nan,nan,0.04372138415288407,10.871510161841769,12.887832700344049,46197.772041450786,nan,nan,nan,nan,nan,nan,nan,nan,nan,220.0,0.00024024314285087703,34.95839673336595,20000.0,1.0009880537962816,0.0,260.0,180.0,0.3028444420796788,0.30992762086394804,0.0002141805800390879,0.0004704969597825848,38.243164524971505,31.82526628272608,1.0002857047258018,1.0014969266015181,36664.2322785652,33855.41915929938,13.998724250205658,18.196173661153658,0.0,0.0,0.0,"[300, 300, 300, 100, 100]","[0.0, 0.0, 0.0, 0.0003768775799297516, 0.0008243381343246334]","[300, 300, 100, 300, 300]","[300, 100, 100, 300, 100]","[0.0006223295118287644, 0.0, 0.00044857338836667515, 0.0, 0.0]","[0.00026457981787859626, 0.0007972700518637812, 0.00026011650523934625, 0.0, 0.0010305184239312003]",,0.01329190942038989,0.006015164035573174,5.0,1.96
1b,50000,4970606,neural-fore,neural-main-oracle-bellman,-11.476103396478928,-11.478678115187309,-11.44896978656228,0.012802066811709178,-11.503770166138258,-11.45358606423636,0.0,-0.027133609916647927,-0.029708328625028813,0.2552813689126588,0.2552813689126588,0.035742677280523494,0.03491631553364952,0.006688595134265523,nan,nan,0.043745649827466766,11.002213646188387,13.006216090818379,46058.62310425556,nan,nan,nan,nan,nan,nan,nan,nan,nan,260.0,0.00046980700023687306,36.621656441595405,20000.0,1.0012191870994513,0.0,260.0,140.0,0.27528764519008886,0.28524949015252593,0.0004346012848130476,0.0004812822688323143,35.96293064157944,27.032811633427627,1.0009107403441537,1.0013048213610305,36571.100809242795,33550.07066192086,13.7999904211037,19.075892244999604,0.0,0.0,0.0,"[300, 300, 300, 300, 100]","[0.0, 0.00047619214328397817, 0.00016485921116937235, 0.0011708476543268538, 0.0005371359924041612]","[300, 300, 300, 100, 300]","[100, 300, 100, 100, 100]","[0.0003874583793302435, 0.0004497180864544784, 0.00040756721709390287, 0.0007971707059784529, 0.00013109203520816044]","[0.0, 0.0006481245582523952, 0.0007894337609377658, 0.00024974776178773655, 0.000719105263183674]",,0.012802066811709178,0.010336226598362535,5.0,1.96
1b,50000,4980606,neural-fore,neural-main-oracle-bellman,-11.423927444479428,-11.427264812685685,-11.44896978656228,0.013125798432468593,-11.452991377613323,-11.401538247758047,1.0,0.02504234208285183,0.02170497387659509,0.23557720516545486,0.23557720516545486,0.03135640904443518,0.02961468205305638,0.008987497129922431,nan,nan,0.03804653263273451,10.77829263680703,12.69859483022976,46497.04305524688,nan,nan,nan,nan,nan,nan,nan,nan,nan,260.0,0.00016953860228037098,37.270276716235095,20000.0,1.0001022580678443,0.0,260.0,220.0,0.3177037545108464,0.32375351436821614,0.0006648004316468233,0.0008491418925491951,35.83450974165462,33.26990638403222,1.0000693725516132,1.0004865419565252,36658.902340537396,34189.29789431932,14.023114454287617,18.56205915620488,0.0,0.0,0.0,"[300, 100, 300, 300, 300]","[0.0, 0.0, 0.00014466435736974789, 0.0, 0.000703028654032107]","[300, 100, 300, 300, 300]","[300, 100, 100, 300, 300]","[0.0, 0.0013081301217673993, 0.0, 0.0, 0.0020158720364667174]","[0.0011387167246799802, 4.3487955479235884e-05, 0.0010224982195125368, 0.002041006563074223, 0.0]",,0.013125798432468593,0.00988195753001494,5.0,1.96
1b,50000,4990606,neural-fore,neural-main-oracle-bellman,-11.450092801892497,-11.455975747214591,-11.44896978656228,0.01339750968949113,-11.482234866205994,-11.429716628223188,1.0,-0.0011230153302168588,-0.007005960652310961,0.1455777828153945,0.1455777828153945,0.024883670350510322,0.02444288540108088,0.007289964708875593,nan,nan,0.04558124163620579,10.857570597688646,12.945989568659035,46282.14206171644,nan,nan,nan,nan,nan,nan,nan,nan,nan,220.0,0.000613558928102458,35.40445667463355,20000.0,1.0002482312255165,0.0,220.0,220.0,0.30499353515579386,0.3121758710649302,9.364918442875143e-05,0.0004118762864678537,34.86044072501827,34.80192223372869,1.0003328269655423,1.0001060872588354,36612.632703869414,34066.07392781518,13.89842368184257,18.218956073307485,0.0,0.0,0.0,"[100, 300, 300, 300, 100]","[0.0015461855173827968, 0.0, 0.0001240930888669914, 0.0, 0.0013975160342625016]","[300, 300, 100, 300, 100]","[100, 300, 100, 300, 300]","[0.0001990665536541996, 0.00014410261661031384, 0.0001250767518792437, 0.0, 0.0]","[0.0006022892639662467, 0.0, 0.00012145550091873666, 0.0, 0.0013356366674542853]",,0.01339750968949113,0.007187426698676022,5.0,1.96
1b,50000,5000606,neural-fore,neural-main-oracle-bellman,-11.437618651552512,-11.442692234490961,-11.44896978656228,0.013361045745971896,-11.468879884153067,-11.416504584828855,1.0,0.011351135009768143,0.006277552071319192,0.12234027309558407,0.12234027309558407,0.02000927503185379,0.01979492461323882,0.005920658385242901,nan,nan,0.04033177593142564,10.862571445342638,12.517708081275265,46491.72624095346,nan,nan,nan,nan,nan,nan,nan,nan,nan,300.0,0.00013666724978714226,41.45271465787664,20000.0,1.0004969533411723,0.0,300.0,260.0,0.32091499604707907,0.32662425364151615,0.0,0.00042257203111231505,41.486807733727616,38.657524174940775,1.0006909421476322,1.0004489509372583,36586.47678450811,34492.22781101919,13.53430241008672,17.206983456495188,0.0,0.0,0.0,"[300, 300, 300, 300, 300]","[0.0, 0.0, 0.000358955198561444, 0.0, 0.0003243810503742674]","[300, 300, 300, 300, 300]","[300, 300, 100, 300, 300]","[0.0, 0.0, 0.0, 0.0, 0.0]","[0.0008276340464497893, 0.0, 0.0008852326782572028, 0.00039999343085458304, 0.0]",,0.013361045745971896,0.013630099010752293,5.0,1.96
1b,50000,5010606,neural-fore,neural-main-oracle-bellman,-11.461986157466425,-11.468481960178236,-11.44896978656228,0.013529984042974178,-11.495000728902465,-11.441963191454008,1.0,-0.013016370904145091,-0.01951217361595603,0.15442745581152278,0.15442745581152278,0.030584641804252743,0.030452315606239476,0.004751720362513135,nan,nan,0.05218374942164131,10.703035002482974,12.901633573898343,46422.950959258706,nan,nan,nan,nan,nan,nan,nan,nan,nan,220.0,0.0004899590207801767,33.72096578357741,20000.0,1.0008320449299526,0.0,260.0,260.0,0.3221182770583914,0.3338364258982953,0.00029507509263844775,0.0012442280950159994,36.70023635048419,36.91249240874313,1.0007314278294126,1.0013927758543624,36397.86938289305,33995.774558365156,14.56005299954352,18.814868755242816,0.0,0.0,0.0,"[100, 300, 300, 100, 300]","[0.0013302933677334988, 0.0, 0.00034184714351409237, 0.000777654592653293, 0.0]","[300, 300, 100, 300, 300]","[300, 300, 100, 300, 300]","[6.008186486188121e-05, 0.0, 0.0011440857458345258, 0.0002712078524958318, 0.0]","[0.0030057249417826835, 0.0001878154252178667, 0.002232758336033264, 0.0005253463858158792, 0.00026949538623030243]",,0.013529984042974178,0.010312865739422824,5.0,1.96
1b,50000,5020606,neural-fore,neural-main-oracle-bellman,-11.44414666298506,-11.44978726864333,-11.44896978656228,0.012835869000784242,-11.474945571884868,-11.424628965401793,1.0,0.00482312357721959,-0.0008174820810502581,0.1611373083440254,0.1611373083440254,0.023439424855968956,0.02266003157458595,0.007371434672330319,nan,nan,0.042982218105216186,10.89724443845156,12.914146569637541,46375.81888765641,nan,nan,nan,nan,nan,nan,nan,nan,nan,300.0,4.495269255971571e-05,40.12643454999197,20000.0,0.9999517804732138,0.0,300.0,300.0,0.3005308140776742,0.3084904974038584,0.0001827989283050336,0.00031157566917727606,39.06216268336866,39.20331124959048,0.9994159560416307,1.0008716116602476,36926.40955084489,33779.39356135498,13.044271370339013,19.21708771591151,0.0,0.0,0.0,"[300, 300, 300, 300, 300]","[0.0, 0.00022476346279857854, 0.0, 0.0, 0.0]","[300, 300, 300, 300, 300]","[300, 300, 300, 300, 300]","[0.0, 0.0003953561336178088, 0.0005186385079073593, 0.0, 0.0]","[0.0, 0.00033693280911184737, 0.0, 0.0012209455367745328, 0.0]",,0.012835869000784242,0.005200711372842368,5.0,1.96
1b,50000,5030606,neural-fore,neural-main-oracle-bellman,-11.446890098838347,-11.456369526253077,-11.44896978656228,0.013357094567996981,-11.482549431606351,-11.430189620899803,1.0,0.002079687723933077,-0.0073997396907969915,0.2158637628917436,0.2158637628917436,0.0323752766453141,0.03103362640673555,0.008293506062256387,nan,nan,0.04569611652676832,10.829593893419233,12.94096229791682,46397.529079291955,nan,nan,nan,nan,nan,nan,nan,nan,nan,300.0,0.0005780757656140762,45.07610575857107,20000.0,1.0000447605810159,0.0,260.0,260.0,0.3225855681131785,0.32921232929767635,0.0004593837947070422,0.0007361972270914986,41.47946659191511,41.14196278362069,0.9998005755246764,1.000862567437164,36453.452421492766,33892.485443327496,14.069626788587133,18.746672930654693,0.0,0.0,0.0,"[300, 300, 300, 300, 300]","[0.000960343176709344, 0.0003375393227906416, 0.0008839971355150092, 0.00047121691516795086, 0.00023728227788743519]","[300, 300, 100, 300, 300]","[300, 300, 100, 300, 300]","[0.0009013008029284781, 0.0, 0.0013956181706067327, 0.0, 0.0]","[0.0004286409267138932, 0.0008209018660276701, 0.0005800535737903003, 0.0005829134598221313, 0.0012684763091034977]",,0.013357094567996981,0.017038758079647064,5.0,1.96
1b,50000,5040606,neural-fore,neural-main-oracle-bellman,-11.444755518579628,-11.44696980927812,-11.44896978656228,0.012741589217096588,-11.471943324143629,-11.42199629441261,1.0,0.004214267982652231,0.001999977284160792,0.17543075522172671,0.17543075522172671,0.03880503305130912,0.036609257083260356,0.008054109094998456,nan,nan,0.038234006148388275,10.90883683138949,12.86814834079955,46210.871705977035,nan,nan,nan,nan,nan,nan,nan,nan,nan,300.0,0.0004475376495234677,44.88575959152077,20000.0,0.9998131720750523,0.0,220.0,260.0,0.2885684252296317,0.29448575012893696,0.00046588724970125697,0.0006403026437265315,38.204366633854804,40.767620091559365,0.9997687355496438,0.9999620862003216,36817.910301340184,33858.51817235295,12.703241148817678,18.79208583923458,0.0,0.0,0.0,"[300, 300, 300, 300, 300]","[0.0, 9.842532960654266e-05, 0.0, 0.001530763571790529, 0.0006084993462202666]","[100, 300, 100, 300, 300]","[100, 300, 300, 300, 300]","[0.0009613413528480786, 1.0837559583152552e-05, 0.0008615236847949612, 0.0, 0.0004957336512800924]","[0.0002633615072326651, 0.00030495379164890355, 0.00025528651205384905, 0.0012060319429398104, 0.0011718794647574296]",,0.012741589217096588,0.01728975029382813,5.0,1.96
1b,50000,5050606,neural-fore,neural-main-oracle-bellman,-11.450166342412112,-11.459758138847752,-11.44896978656228,0.013131799707380877,-11.485496466274219,-11.434019811421285,1.0,-0.0011965558498321371,-0.010788352285471703,0.308183789780827,0.308183789780827,0.034114567961425854,0.034160542406187475,0.010376380496561342,nan,nan,0.04371849284501045,10.844030965694369,12.781646757215867,46453.19847198973,nan,nan,nan,nan,nan,nan,nan,nan,nan,300.0,0.0003562138360516163,41.07223850837909,20000.0,1.0011379064237562,0.0,260.0,220.0,0.3085718061605919,0.31606251567611465,0.0003030922663142031,0.0006835473003664781,37.65200766683556,33.61296350844204,1.0018384553909223,1.000911897095401,36384.985907853246,34148.6943838624,15.295468165977203,18.219535439428608,0.0,0.0,0.0,"[300, 300, 300, 300, 300]","[0.0009048955621213439, 0.0003904339943626985, 0.0, 0.00048573962377403926, 0.0]","[100, 300, 300, 300, 300]","[100, 300, 100, 300, 300]","[0.0015154613315710155, 0.0, 0.0, 0.0, 0.0]","[0.0006407279331806018, 0.0012335265765840034, 0.0014253819786114869, 0.00011810001345629859, 0.0]",,0.013131799707380877,0.011133678378475814,5.0,1.96
1b,50000,5060606,neural-fore,neural-main-oracle-bellman,-11.440279662758178,-11.446297918786302,-11.44896978656228,0.012908039243099799,-11.471597675702776,-11.420998161869827,1.0,0.008690123804102612,0.002671867775978498,0.2204321788627889,0.2204321788627889,0.035991178565398366,0.03465975934975945,0.008580032553308276,nan,nan,0.04574596882383747,10.878425533912552,12.598427336690301,46420.76106434949,nan,nan,nan,nan,nan,nan,nan,nan,nan,300.0,0.0007531418837152397,40.830774525296874,20000.0,1.0005966649227074,0.0,300.0,260.0,0.28998130354289425,0.2955078599359422,0.0003521303524540031,0.001139807707452749,39.524767317296934,36.124604092072694,1.0008273352920747,1.0006918857737805,36824.04786428456,33464.17127290024,13.192963220879331,19.65476338730088,0.0,0.0,0.0,"[300, 300, 300, 300, 300]","[0.0005119505545546465, 0.0006188956279994732, 0.0012668537177657731, 0.0008648659238774185, 0.0005031435943788869]","[300, 300, 300, 300, 300]","[100, 300, 300, 300, 300]","[0.0002471899026049445, 0.0007959206279761217, 0.0, 0.00035844536037047244, 0.00035909587131847676]","[0.003785145008243842, 0.0005940957989991147, 0.0, 0.0005607744051726627, 0.0007590233248481248]",,0.012908039243099799,0.010789478361437045,5.0,1.96
1b,50000,5070606,neural-fore,neural-main-oracle-bellman,-11.440205871221258,-11.444814259810787,-11.44896978656228,0.013702987116918607,-11.471672114559947,-11.417956405061627,1.0,0.00876391534102261,0.0041555267514929994,0.1996395626253658,0.1996395626253658,0.03328536908033474,0.03179826854277597,0.004233074511772821,nan,nan,0.038178776732586614,10.860551729459656,12.504933688175537,46415.19895932074,nan,nan,nan,nan,nan,nan,nan,nan,nan,300.0,0.0002031639611992713,44.75678409209941,20000.0,0.9998827730334285,0.0,260.0,180.0,0.3403651234538788,0.3453556033638474,0.0004058342089513664,0.0006153287224735691,40.500701033091175,35.0027167248074,0.999878055022861,0.9994052609263522,36510.21270405026,34511.97430696167,13.684358078268033,17.29990277360804,0.0,0.0,0.0,"[300, 300, 300, 300, 300]","[0.0, 0.0, 0.0, 0.0, 0.0010158198059963565]","[100, 300, 300, 300, 300]","[300, 300, 100, 100, 100]","[0.0013205749973494365, 0.0007085960474073955, 0.0, 0.0, 0.0]","[0.0, 0.00027669910890287927, 0.000933543068357479, 0.0008666061783727612, 0.000999795256734726]",,0.013702987116918607,0.007444889344902951,5.0,1.96
1b,50000,5080606,neural-fore,neural-main-oracle-bellman,-11.440099453244908,-11.444207956306201,-11.44896978656228,0.013064404859332709,-11.469814189830492,-11.41860172278191,1.0,0.008870333317371859,0.004761830256079236,0.20755002674456438,0.20755002674456438,0.03333417140165919,0.03261986233772328,0.0075208892176012385,nan,nan,0.04740590096817316,10.821647619053618,12.42194204200064,46621.84740835877,nan,nan,nan,nan,nan,nan,nan,nan,nan,220.0,0.000769134323560305,35.1782133912202,20000.0,0.9991538580943533,0.0,220.0,180.0,0.3160125502629113,0.32552695749689226,0.0007523805875755458,0.000518768788457806,33.734509683423674,31.42404954181984,0.9992766377128213,0.9997762538394506,36974.81985645181,34486.943463593205,13.091226521478854,17.987844113437262,0.0,0.0,0.0,"[100, 300, 100, 300, 300]","[0.0009049124343477412, 0.0, 0.0023698929589608996, 0.000462124686755315, 0.0001087415377375698]","[300, 300, 100, 100, 300]","[300, 100, 100, 100, 300]","[0.0, 0.0, 0.0036396230630934886, 0.00012227987478424066, 0.0]","[0.0003719691024942091, 0.0012472915409375725, 0.0008358339444073575, 0.0001387493544498907, 0.0]",,0.013064404859332709,0.014766410273358262,5.0,1.96
1b,50000,5090606,neural-fore,neural-main-oracle-bellman,-11.467284998367735,-11.474090031959744,-11.44896978656228,0.013252954869581038,-11.500065823504123,-11.448114240415364,1.0,-0.018315211805454368,-0.025120245397463492,0.14184440634475307,0.14184440634475307,0.026621581349889335,0.025974752980818805,0.006093941083261874,nan,nan,0.046155588123069365,10.884727404632573,13.056859555709195,46176.52641328847,nan,nan,nan,nan,nan,nan,nan,nan,nan,220.0,0.0003110284403248162,39.8174311256269,20000.0,1.0005933722232883,0.0,220.0,260.0,0.2806909367586782,0.2863878660076176,0.00044782121804789814,0.000835833165009423,38.614645616617054,40.97257789140567,1.0003944232738184,1.001352205504195,36551.14027163708,32914.225402020165,13.615387294399136,20.864451442688342,0.0,0.0,0.0,"[300, 300, 300, 100, 100]","[0.0, 0.0, 0.0, 0.0005911114493745224, 0.0009640307522495586]","[100, 300, 300, 100, 300]","[300, 100, 300, 300, 300]","[0.0008230046093684344, 0.0006607901667354474, 0.0, 0.000755311314135609, 0.0]","[0.00018486560332861234, 0.0012089664897586235, 0.0017140912820495387, 0.001071242449910341, 0.0]",,0.013252954869581038,0.018410221393987673,5.0,1.96
1b,50000,5100606,neural-fore,neural-main-oracle-bellman,-11.433268613568726,-11.441872103775731,-11.44896978656228,0.013686055693543543,-11.468696772935077,-11.415047434616385,1.0,0.01570117299355367,0.007097682786548987,0.28561015150601066,0.28561015150601066,0.040533614308149044,0.03793713487755687,0.011512146520947517,nan,nan,0.036854471172290036,10.818517772838113,13.13656393146373,46145.98814740498,nan,nan,nan,nan,nan,nan,nan,nan,nan,300.0,0.00016759837510404166,40.781676041637546,20000.0,1.001066437429373,0.0,220.0,140.0,0.31639847061459403,0.32196791418115905,0.001322470762572374,0.0005212889280899198,33.781051016040145,28.60087366674561,1.001136498991884,1.0017244232908031,36090.47037612752,33608.12841798805,15.602370035161126,18.92874538049626,0.0,0.0,0.0,"[300, 300, 300, 300, 300]","[0.0, 0.0, 0.0, 0.0008379918755202084, 0.0]","[100, 100, 300, 300, 300]","[100, 100, 100, 100, 300]","[0.003295171947749277, 0.0012780472523229243, 0.0011138062753596645, 0.0009253283374300044, 0.0]","[0.0017212624937734675, 0.0, 0.0, 0.0008851821466761313, 0.0]",,0.013686055693543543,0.014289907691163176,5.0,1.96
1b,50000,5110606,neural-fore,neural-main-oracle-bellman,-11.430393993043841,-11.440854050036853,-11.44896978656228,0.013236948967371627,-11.4667984700129,-11.414909630060805,1.0,0.018575793518438743,0.008115736525427408,0.17635318079691373,0.17635318079691373,0.028152940408303212,0.027898995460061027,0.00903401061950827,nan,nan,0.048065132517027404,10.798516145886769,12.541414575555141,46650.30217742013,nan,nan,nan,nan,nan,nan,nan,nan,nan,260.0,0.0005424929875753727,37.917307117208836,20000.0,1.0006715940473354,0.0,260.0,260.0,0.31896889223739006,0.3284616216067565,0.00046011438790163184,0.0007303665468653993,37.0357353503583,37.471312033594586,1.0005899180995976,1.0012635695732242,36636.384980508534,33917.72936294686,13.864597775118579,19.173131560436627,0.0,0.0,0.0,"[100, 300, 300, 300, 300]","[0.0007755399143810726, 0.0008785847525047226, 0.0003249535973170875, 0.0004425825677978497, 0.00029080410587613173]","[300, 300, 300, 100, 300]","[300, 300, 300, 300, 100]","[0.0002278375720596516, 0.00101984008733211, 0.0, 0.0010528942801163977, 0.0]","[0.0, 0.0006144613494359983, 6.863771771757798e-05, 0.0017181954620215363, 0.0012505382051518838]",,0.013236948967371627,0.018422183592084893,5.0,1.96
1b,50000,5120606,neural-fore,neural-main-oracle-bellman,-11.455980710630387,-11.458343520647224,-11.44896978656228,0.014062129358368128,-11.485905294189626,-11.430781747104822,1.0,-0.007010924068106661,-0.009373734084944019,0.1622684456577984,0.1622684456577984,0.029887739192160267,0.03002602662687818,0.007483769114804269,nan,nan,0.04344444371794708,10.933339034970725,12.793187566717636,46086.66041193816,nan,nan,nan,nan,nan,nan,nan,nan,nan,300.0,0.0003434553603143733,41.09382005818188,20000.0,1.00081941053328,0.0,260.0,260.0,0.3377877137554326,0.342759018438114,0.00038817555670139726,0.0005607299686593602,36.32940021660179,38.28743134136312,1.0010390977328758,1.0005045530536234,36383.23504556627,34362.51324449932,13.561956052240612,17.281818991028995,0.0,0.0,0.0,"[300, 300, 300, 300, 300]","[0.0007698681411418978, 0.000657468296885171, 0.00028994036354479754, 0.0, 0.0]","[100, 300, 300, 300, 300]","[300, 300, 100, 300, 300]","[0.001014727989010552, 5.233178552839468e-05, 0.0008738180089680399, 0.0, 0.0]","[0.0007582133475969757, 0.0003234060597302234, 0.0009705373467674466, 0.0007514930892021559, 0.0]",,0.014062129358368128,0.015497897837486048,5.0,1.96
1b,50000,5130606,neural-fore,neural-main-oracle-bellman,-11.431160145264748,-11.443590428033602,-11.44896978656228,0.013388734365566597,-11.469832347390112,-11.417348508677092,1.0,0.017809641297532153,0.005379358528678324,0.1689329254569028,0.1689329254569028,0.027323710252131945,0.027011695354817955,0.006723559601520945,nan,nan,0.04648477426885178,10.724729212451944,12.856045370730268,46625.270934342756,nan,nan,nan,nan,nan,nan,nan,nan,nan,260.0,0.00020294993651186468,37.042237666225994,20000.0,1.0007049521195674,0.0,260.0,260.0,0.33151103572081275,0.3398927595574993,0.0007857613597321697,0.0002456209128014888,36.04539077517111,38.174479908356446,1.0007163987570196,1.0008295811418535,36827.858247807635,34370.09244119778,13.747816336287858,18.328632308579802,0.0,0.0,0.0,"[100, 300, 300, 300, 300]","[0.00039095001975305676, 0.0, 0.0, 0.0006237996628062665, 0.0]","[300, 300, 100, 300, 300]","[300, 300, 100, 300, 300]","[0.0013214993277601216, 0.0, 0.001812290888970784, 0.0007950165819299426, 0.0]","[0.00017260974019400147, 0.0, 0.0008885623921596109, 0.00016693243165383145, 0.0]",,0.013388734365566597,0.014913190877780626,5.0,1.96
1b,50000,5140606,neural-fore,neural-main-oracle-bellman,-11.442938104664243,-11.448355424916688,-11.44896978656228,0.012978961275873417,-11.4737941890174,-11.422916660815975,1.0,0.0060316818980368225,0.000614361645592254,0.19623203684639193,0.19623203684639193,0.023121491035578767,0.022496172102921742,0.007795103033848976,nan,nan,0.036917201661157376,10.917749052249583,12.55928051553363,46408.573737228464,nan,nan,nan,nan,nan,nan,nan,nan,nan,260.0,0.0006207436283098318,44.865532983234154,20000.0,0.9995336702096663,0.0,260.0,220.0,0.31307300411723527,0.3231584206132734,0.000356662856849887,0.0007523531155616074,46.19010896701366,47.70914225813467,0.9996636772277141,1.0004666494811953,36665.15377272335,34259.39644754112,13.720971734044184,18.116272275852673,0.0,0.0,0.0,"[300, 100, 300, 300, 300]","[0.0, 0.0016444748855506894, 0.0, 0.0013579787202701301, 0.00010126453572833929]","[300, 100, 300, 300, 300]","[300, 100, 100, 300, 300]","[0.0, 0.0005761594525643436, 0.0, 0.0010791402876622136, 0.00012801454402287777]","[0.0, 0.0010072441792389971, 0.0009071165541959877, 0.001847404844373052, 0.0]",,0.012978961275873417,0.006163689454483809,5.0,1.96
1b,50000,5150606,neural-fore,neural-main-oracle-bellman,-11.450663101879448,-11.45768831600729,-11.44896978656228,0.013432481818576352,-11.4840159803717,-11.431360651642882,1.0,-0.001693315317167432,-0.008718529445010503,0.14749664021878964,0.14749664021878964,0.025901581226996196,0.02498842099200685,0.00834684020767742,nan,nan,0.043812166705860175,10.893515665027014,12.722372007009723,46360.65473855571,nan,nan,nan,nan,nan,nan,nan,nan,nan,260.0,0.0005065511870428355,47.494605624559334,20000.0,1.0004138514804786,0.0,300.0,260.0,0.31715284457363213,0.3253343371405126,0.0004522440836879086,0.0009634828359040028,47.10221099979244,51.28356638292316,1.0001974306304493,1.0010340121168957,36492.002601311775,34108.87264682704,13.612178905496057,18.516934880014354,0.0,0.0,0.0,"[100, 300, 300, 300, 300]","[0.0012602308308306575, 0.0, 0.0007588771577521519, 0.0, 0.0005136479466313678]","[300, 300, 300, 300, 300]","[300, 300, 300, 100, 300]","[0.0, 0.0, 0.0, 0.002261220418439543, 0.0]","[0.0006680007538901083, 0.0017415758524332782, 0.0006341659989337751, 0.0017736715742628527, 0.0]",,0.013432481818576352,0.012508735731792661,5.0,1.96
1b,50000,5160606,neural-fore,neural-main-oracle-bellman,-11.4313391093144,-11.434585528975976,-11.44896978656228,0.0135877372229473,-11.461217493932953,-11.407953564019,1.0,0.01763067724787959,0.014384257586304017,0.21084143499925193,0.21084143499925193,0.031224532585520288,0.030356626130959675,0.008791419207166291,nan,nan,0.051966646173570705,10.814882209741484,13.273613910397135,46142.02534824196,nan,nan,nan,nan,nan,nan,nan,nan,nan,220.0,0.0004737866596715364,40.19575723304879,20000.0,1.0011407922545348,0.0,260.0,180.0,0.3073733123193678,0.31722951525587206,0.00041681062086796114,0.0007264760206440445,45.98499693337362,37.147249575192106,1.0009016272658406,1.0002516523021434,35886.66851877675,33652.29764648857,14.553353992829509,18.911112102020837,0.0,0.0,0.0,"[300, 300, 100, 300, 100]","[0.0, 0.0007334805715657957, 0.0005629466766736706, 0.0004249532887373446, 0.000647552761380871]","[300, 300, 100, 300, 300]","[300, 300, 100, 100, 100]","[0.0006856589888828581, 0.00019837503294335495, 0.00021695940010985697, 0.0004860253874197707, 0.0004970342949839647]","[0.0006721457506678798, 0.0004589212597311471, 0.000618245160496509, 0.000553946626447204, 0.001329121305877482]",,0.0135877372229473,0.013227008228415701,5.0,1.96
1b,50000,5170606,neural-fore,neural-main-oracle-bellman,-11.43684050088157,-11.440301409669562,-11.44896978656228,0.01341889151203558,-11.466602437033151,-11.414000382305973,1.0,0.012129285680710922,0.008668376892718044,0.21185551489710946,0.21185551489710946,0.03199331135827291,0.03172679275241784,0.008839700373551255,nan,nan,0.043278023759785615,10.824950593103335,12.774136227714258,46380.99295258289,nan,nan,nan,nan,nan,nan,nan,nan,nan,260.0,0.00042370284229781616,49.89327155819628,20000.0,0.9994573055102846,0.0,260.0,220.0,0.32093516614359896,0.32590823685335063,0.0004475002051953777,0.0005645356708145679,49.27676654963288,44.332860058941876,0.9998136483243915,0.9999483575748679,36231.44084749101,33704.08544561832,14.195530991095117,18.931722797549902,0.0,0.0,0.0,"[300, 300, 300, 300, 100]","[0.0007696255179602159, 0.00013031572974841378, 0.0, 0.0006153528786239504, 0.0006032200851565005]","[300, 300, 100, 300, 300]","[300, 100, 100, 300, 300]","[0.0, 0.0004555451078322044, 0.001781955918144684, 0.0, 0.0]","[0.00012788064288583417, 0.0004811877393596709, 0.0005859563292051672, 0.0005564505144952908, 0.0010712031281268763]",,0.01341889151203558,0.007626356669111335,5.0,1.96
1b,50000,5180606,neural-fore,neural-main-oracle-bellman,-11.465285154737597,-11.471398187733744,-11.44896978656228,0.01262164498332312,-11.496136611901058,-11.44665976356643,1.0,-0.016315368175316536,-0.02242840117146372,0.14638557354799334,0.14638557354799334,0.023166818410940038,0.022701738712653494,0.006029842368285132,nan,nan,0.05119703671542555,10.937177407001823,13.00346748189795,46307.57519046915,nan,nan,nan,nan,nan,nan,nan,nan,nan,220.0,0.0003409912225749188,44.83077294146642,20000.0,1.002132408968689,0.0,260.0,260.0,0.28014928309693315,0.2918527614972396,0.0005038518314972835,0.0009074567436207739,56.11559593339916,51.27991831689142,1.0019031507547236,1.0033447187950277,36956.90284928998,34031.03427117502,13.043821776315173,18.10852560344927,0.0,0.0,0.0,"[300, 100, 100, 300, 300]","[0.0003650215093918712, 0.0004472206531411463, 0.0008927139503415765, 0.0, 0.0]","[300, 300, 300, 100, 300]","[100, 300, 300, 300, 300]","[0.0, 0.0, 0.0007718313170295464, 0.0017474278404568707, 0.0]","[0.0005618448674386651, 0.00047563990314689264, 0.0, 0.003499798947518312, 0.0]",,0.01262164498332312,0.009231721206572289,5.0,1.96
1b,50000,5190606,neural-fore,neural-main-oracle-bellman,-11.460355002425517,-11.46397532171176,-11.44896978656228,0.012592840194691238,-11.488657288493355,-11.439293354930166,1.0,-0.011385215863237264,-0.015005535149480664,0.14653453558133991,0.14653453558133991,0.029194838133304413,0.029337874120234374,0.007938794352443783,nan,nan,0.04959124624815468,10.881183800638183,13.084214213423541,46374.841382177445,nan,nan,nan,nan,nan,nan,nan,nan,nan,300.0,0.0003400726977719263,56.928303782758306,20000.0,1.000601796780066,0.0,260.0,260.0,0.2909124372335902,0.29830041108134553,0.0006290735816628183,0.0,50.247618650179355,57.16499173294287,1.0005478762305864,1.0009581929263403,36878.27973537428,33635.963724043,13.918128351515225,19.597273449288288,0.0,0.0,0.0,"[300, 300, 300, 300, 300]","[0.0, 0.000434819156126504, 0.0012655443327331275, 0.0, 0.0]","[300, 300, 300, 300, 100]","[300, 300, 300, 300, 100]","[4.2794603052442046e-05, 0.0, 0.00012567454382971896, 0.0007878477560848056, 0.0021890510053471255]","[0.0, 0.0, 0.0, 0.0, 0.0]",,0.012592840194691238,0.01580575639060667,5.0,1.96
1b,50000,5200606,neural-fore,neural-main-oracle-bellman,-11.436037810603452,-11.439284081874646,-11.44896978656228,0.012748819675788023,-11.464271768439191,-11.414296395310101,1.0,0.012931975958828446,0.009685704687633745,0.18893214152613627,0.18893214152613627,0.031191021837110987,0.030345532874724652,0.006544665680084376,nan,nan,0.045090882494077354,10.868555363251232,12.511554313991084,46450.086997815844,nan,nan,nan,nan,nan,nan,nan,nan,nan,260.0,0.0002927782287204979,53.72197091688868,20000.0,1.000380529279382,0.0,300.0,260.0,0.2953832139808511,0.30345266210031496,0.00035962531829296634,0.0002565122094963288,58.68067216644995,51.424919874570335,1.0003702002167474,1.0004296123670529,36517.82134042995,34085.1055371232,13.818547134857983,18.043092635158402,0.0,0.0,0.0,"[300, 100, 300, 300, 300]","[0.00010204037159155754, 0.00034332474825342216, 0.0009278605726767467, 9.066545108076293e-05, 0.0]","[300, 300, 300, 300, 300]","[100, 300, 300, 300, 300]","[0.0006281936011892309, 0.00020770851126362947, 0.0008127245384588434, 0.00014949994055312796, 0.0]","[0.0005462754269976967, 0.0, 0.0006845003146439299, 5.178530584001739e-05, 0.0]",,0.012748819675788023,0.01061398831195603,5.0,1.96
1b,50000,5210606,neural-fore,neural-main-oracle-bellman,-11.448378346013325,-11.453805165433817,-11.44896978656228,0.013208151616414874,-11.47969314260199,-11.427917188265644,1.0,0.0005914405489555463,-0.004835378871536733,0.3099045534191495,0.3099045534191495,0.030676813597335185,0.030515773425393338,0.009348093535749006,nan,nan,0.05073239738646377,10.796142093225415,12.791142713892564,46362.029830189334,nan,nan,nan,nan,nan,nan,nan,nan,nan,180.0,0.0004608933604693758,44.49284913276788,20000.0,1.000290751355788,0.0,260.0,220.0,0.3174558242378812,0.33168745194642535,0.0005897557817232589,0.0003874020072573708,46.40232269996777,49.522507925424726,0.9999495591863401,1.0016041899430204,36739.92435266058,33999.189049721856,13.958831109729186,19.078658248203634,0.0,0.0,0.0,"[100, 300, 100, 300, 100]","[0.00045586633586430336, 0.001006138833680664, 0.0, 0.0, 0.0008424616328019119]","[300, 300, 300, 100, 300]","[100, 300, 300, 100, 300]","[0.001252171776941576, 0.0, 0.0, 0.0016966071316747186, 0.0]","[0.0010581090544052913, 0.0, 3.181865013167724e-05, 0.0005948977660554849, 0.0002521845656944006]",,0.013208151616414874,0.009805487638121037,5.0,1.96
1b,50000,5220606,neural-fore,neural-main-oracle-bellman,-11.430037180166503,-11.43547687327878,-11.44896978656228,0.013424238521824087,-11.461788380781556,-11.409165365776005,1.0,0.01893260639577754,0.013492913283499774,0.16462909993114822,0.16462909993114822,0.026008819733044967,0.025154577638446297,0.008750332575172123,nan,nan,0.04229562158472193,10.860997236626936,12.675093279100722,46452.7420222091,nan,nan,nan,nan,nan,nan,nan,nan,nan,260.0,0.00015666929985109004,59.28992776738014,20000.0,1.0016063234948995,0.0,260.0,260.0,0.31928169238364995,0.3244333797681091,0.00034614214749959264,0.00038360176111738853,52.35335098400246,52.43093658350408,1.0019321174730347,1.0014684065942665,36564.49433703073,34464.50623842834,14.252292018165553,17.87077282754086,0.0,0.0,0.0,"[100, 300, 300, 300, 300]","[0.0005152178700799926, 0.0, 0.0, 0.0002681286291754575, 0.0]","[300, 300, 100, 300, 300]","[300, 300, 100, 300, 300]","[0.0, 0.0, 0.0007671086678738079, 0.0009636020696241554, 0.0]","[0.0013437835007440745, 0.0, 0.000285473515692851, 0.0, 0.0002887517891500171]",,0.013424238521824087,0.012301801107809044,5.0,1.96
1b,50000,5230606,neural-fore,neural-main-oracle-bellman,-11.421749230036095,-11.427333961859626,-11.44896978656228,0.013847694757102394,-11.454475443583547,-11.400192480135704,1.0,0.027220556526184936,0.02163582470265446,0.23204692222827394,0.23204692222827394,0.03288266669044444,0.028962998218132356,0.007180183902169099,nan,nan,0.04986380083766113,10.749644424712077,13.127408136714678,46491.7120187537,nan,nan,nan,nan,nan,nan,nan,nan,nan,220.0,0.00036824356104434394,49.98084555824753,20000.0,1.0005753328055653,0.0,260.0,260.0,0.34036734383055334,0.3449917518979667,0.0005056698230945525,0.0009202931992171412,53.178454166604205,51.16353224236518,1.001024586033989,0.9997091415035948,36786.44791884676,34219.78685059807,13.546247238093462,17.628972942007774,0.0,0.0,0.0,"[100, 300, 300, 300, 100]","[0.00046717999217459386, 0.0, 0.0, 0.0007177127121042743, 0.0006563251009428513]","[300, 300, 300, 100, 300]","[300, 300, 300, 300, 100]","[0.0, 0.0, 0.0005940901195070047, 0.001934258995965758, 0.0]","[0.0006618123066183325, 0.0020771135261769247, 4.5450083021316005e-05, 0.0, 0.001817090080269132]",,0.013847694757102394,0.009611428926255456,5.0,1.96
1b,50000,5240606,neural-fore,neural-main-oracle-bellman,-11.435016972203606,-11.438657217628872,-11.44896978656228,0.013549721942740525,-11.465214672636645,-11.4120997626211,1.0,0.013952814358674459,0.010312568933407817,0.26000535066586383,0.26000535066586383,0.030478773694012057,0.030109669763551356,0.007711885794886909,nan,nan,0.03986189955846935,10.857877654242774,12.858087491951323,46327.01944237743,nan,nan,nan,nan,nan,nan,nan,nan,nan,300.0,0.0004912109536492287,57.46671214182861,20000.0,1.000208375147175,0.0,260.0,220.0,0.3354384400348501,0.34388030120729607,0.00012488947200186033,0.0007748342316410688,52.48894987520762,47.38861183298286,1.000508476505241,1.0002410407123208,36566.87290587886,34137.53429401491,14.56838441477737,18.421226860346728,0.0,0.0,0.0,"[300, 300, 300, 300, 300]","[0.00033405870079930864, 0.0, 0.0006520890664932461, 0.0, 0.0014699070009535887]","[100, 300, 300, 300, 300]","[100, 300, 300, 300, 100]","[0.00039526379901779255, 0.0, 0.0, 0.00022918356099150904, 0.0]","[0.0, 0.0008657916290659348, 0.0007024824674087035, 0.0, 0.002305897061730706]",,0.013549721942740525,0.007969710153401779,5.0,1.96
1b,50000,5250606,neural-fore,neural-main-oracle-bellman,-11.450280328292395,-11.457579018222033,-11.44896978656228,0.013355445540521458,-11.483755691481456,-11.43140234496261,1.0,-0.0013105417301151334,-0.008609231659752581,0.16796921021468178,0.16796921021468178,0.02654118760382294,0.025869568428679168,0.005892660656277198,nan,nan,0.039085331678109125,10.779920700129795,12.793044411984509,46364.206912406014,nan,nan,nan,nan,nan,nan,nan,nan,nan,260.0,0.00029726445851987505,47.79152030849364,20000.0,0.9993408778453509,0.0,300.0,300.0,0.3219336090612905,0.3225069299121962,0.0001505048181078015,0.0001345092991855852,49.879354066587986,50.09058184141759,0.9996036055190813,0.9989992059615549,36647.757570195514,34571.15488397012,13.851581644033,17.057108665670917,0.0,0.0,0.0,"[300, 300, 300, 300, 100]","[0.0, 0.0003923370806041444, 0.0, 0.00021917446863458436, 0.0008748107433606465]","[300, 300, 300, 300, 300]","[300, 300, 300, 300, 300]","[0.0, 0.0, 0.0, 0.0, 0.0007525240905390076]","[0.0, 0.0002515063979426412, 0.0, 0.00042104009798528484, 0.0]",,0.013355445540521458,0.013874746182652603,5.0,1.96
1b,50000,5260606,neural-fore,neural-main-oracle-bellman,-11.43799122443859,-11.441804235105735,-11.44896978656228,0.013132679489990431,-11.467544286906117,-11.416064183305354,1.0,0.010978562123689528,0.007165551456544961,0.4555886686019274,0.4555886686019274,0.04298845912142137,0.04283991096411176,0.009674666177131032,nan,nan,0.05002968686738416,10.855494262522908,12.40501713965669,46634.34843965344,nan,nan,nan,nan,nan,nan,nan,nan,nan,260.0,0.00018517427937746498,49.23933807497379,20000.0,1.000702922991596,0.0,220.0,300.0,0.3102515607217876,0.32156907250032235,0.000362594345727028,4.1724132466321695e-06,46.560433983430265,51.73309152482543,1.0008618953906137,1.0013076531099454,36864.515721537886,34234.94579268152,13.988307703701542,18.387086951284626,0.0,0.0,0.0,"[100, 300, 300, 300, 300]","[0.000925871396887325, 0.0, 0.0, 0.0, 0.0]","[100, 300, 300, 300, 100]","[300, 300, 300, 300, 300]","[5.8748160503706694e-05, 0.0004531922765116341, 0.0, 0.0, 0.001301031291619799]","[0.0, 0.0, 2.0862066233160847e-05, 0.0, 0.0]",,0.013132679489990431,0.010274963004447408,5.0,1.96
1b,50000,5270606,neural-fore,neural-main-oracle-bellman,-11.435270423497734,-11.438955973694442,-11.44896978656228,0.01322449251340594,-11.464875979020718,-11.413035968368167,1.0,0.013699363064546333,0.010013812867837757,0.24595264575838746,0.24595264575838746,0.040052804509587134,0.039997753325534895,0.010988510546525635,nan,nan,0.045358660697865406,10.887899744949653,12.468882039241846,46415.142361289814,nan,nan,nan,nan,nan,nan,nan,nan,nan,260.0,0.0002826189235506899,45.05923894199077,20000.0,1.0003458277652386,0.0,180.0,180.0,0.29988078555292,0.3087943004088173,0.0011786954577176726,0.0006500960070167877,36.936887508584185,36.31105071699712,1.000975560469872,1.0008621757737888,36206.22274570836,34061.14510254197,14.45436330404821,18.310966507376413,0.0,0.0,0.0,"[300, 300, 300, 300, 100]","[0.0010346798250554475, 0.0, 0.0, 0.0, 0.0003784147926980019]","[100, 100, 300, 100, 300]","[100, 300, 100, 100, 300]","[0.0017681980385642697, 0.0022091311840426097, 0.0, 0.001916148065981484, 0.0]","[0.0003789501293966703, 0.0007715797898261508, 0.00048439717660219377, 0.0016155529392589236, 0.0]",,0.01322449251340594,0.006954313070867902,5.0,1.96
1b,50000,5280606,neural-fore,neural-main-oracle-bellman,-11.452631420482431,-11.457481280499124,-11.44896978656228,0.013011838198246778,-11.482984483367687,-11.43197807763056,1.0,-0.003661633920151175,-0.008511493936843806,0.1563901681828666,0.1563901681828666,0.021320958561894275,0.020618364530229312,0.005896981571619725,nan,nan,0.044952289995747595,10.854275297223644,12.900608487318888,46269.68437851399,nan,nan,nan,nan,nan,nan,nan,nan,nan,260.0,0.0003824369146745001,48.94432610820513,20000.0,1.0000719123999482,0.0,300.0,260.0,0.28330416772053335,0.29030969807998336,0.00041056174285416326,0.00086917798406975,51.73693625836167,48.47612312524579,1.0004146441888493,0.9997025255598022,36636.27536568011,33666.09929503139,13.4947516334395,18.89114623705812,0.0,0.0,0.0,"[300, 100, 300, 300, 300]","[0.0, 0.0005877543901706191, 0.0004099082585149401, 2.9128598612044146e-05, 0.0008853933260748972]","[300, 300, 300, 300, 300]","[300, 100, 300, 300, 300]","[0.0011427043668808545, 0.0, 0.0, 0.0, 0.0009101043473899616]","[0.0004957576112997314, 0.001271444828785813, 0.0005753535590553927, 0.0013981555901109474, 0.000605178331096865]",,0.013011838198246778,0.013291643472754298,5.0,1.96
1b,50000,5290606,neural-fore,neural-main-oracle-bellman,-11.437813972730844,-11.44642099305529,-11.44896978656228,0.013013680825045929,-11.47192780747238,-11.4209141786382,1.0,0.01115581383143649,0.0025487935069907763,0.20242581279333463,0.20242581279333463,0.03228736200128747,0.032081355915985196,0.005747505201372015,nan,nan,0.0424937689637132,10.789733522189763,12.462112625202307,46547.85988625905,nan,nan,nan,nan,nan,nan,nan,nan,nan,260.0,0.0009051814766258996,49.284472808381544,20000.0,1.0006087549690603,0.0,300.0,220.0,0.31845698331516986,0.32573355371846446,0.0005312335301316433,0.0005627807330093434,52.26351721668616,45.828725800523536,1.0006252056706653,1.000476873510388,36763.36100985022,34316.39084683842,13.13667330967304,18.148856579106827,0.0,0.0,0.0,"[100, 300, 300, 300, 300]","[0.0012941557609136634, 0.0015668259189906867, 0.0, 0.000714004009802976, 0.0009509216934221712]","[300, 300, 300, 300, 300]","[100, 100, 300, 300, 300]","[0.0011135521969232371, 0.0008917755963797993, 0.0, 0.00015547193579607197, 0.000495367921559108]","[0.0009146942100556397, 0.001688227523496732, 0.0, 0.0002109819314943451, 0.0]",,0.013013680825045929,0.01623087349693925,5.0,1.96
1b,50000,5300606,neural-fore,neural-main-oracle-bellman,-11.44246374065307,-11.448979444892041,-11.44896978656228,0.013421435944094656,-11.475285459342466,-11.422673430441616,1.0,0.006506045909210556,-9.658329760853235e-06,0.17781850132922786,0.17781850132922786,0.02595296870415818,0.025420257045510947,0.007461789222304496,nan,nan,0.049856952009726244,10.81282606882893,12.853679391740792,46377.32303776803,nan,nan,nan,nan,nan,nan,nan,nan,nan,260.0,0.00021937777885087158,49.97518107504584,20000.0,1.0003152986958797,0.0,140.0,220.0,0.30390536504272464,0.30836552055908734,0.001249571069870282,0.0009353204951007291,38.35998380791862,44.59809944217559,0.9998757972287906,1.001759814602859,36664.896215239976,33731.48239832071,13.853160848204334,18.967974610319967,0.0,0.0,0.0,"[300, 100, 300, 300, 300]","[0.0007476841855488481, 0.0003492047087055098, 0.0, 0.0, 0.0]","[100, 100, 300, 100, 100]","[100, 300, 100, 300, 300]","[0.0020115678719542745, 0.002087345009779696, 0.0008717414234360883, 0.0010777316262548925, 0.00019946941792645922]","[0.0021758063027994753, 0.0012568676060038147, 0.0011286787985227238, 0.0, 0.00011524976817763162]",,0.013421435944094656,0.009348178614158731,5.0,1.96
1b,50000,5310606,neural-fore,neural-main-oracle-bellman,-11.43815980636096,-11.442162002040114,-11.44896978656228,0.013555179483801949,-11.468730153828366,-11.415593850251861,1.0,0.010809980201319291,0.006807784522166571,0.22106756248314188,0.22106756248314188,0.03319140411155784,0.031403195977955475,0.008014536467562056,nan,nan,0.03815840194431647,10.800973003144456,12.683394530638417,46478.19051413492,nan,nan,nan,nan,nan,nan,nan,nan,nan,260.0,0.0001254112408265665,49.8518280163873,20000.0,0.9992425236673075,0.0,260.0,220.0,0.3641781472721968,0.3743120029724548,0.0011518096426185304,0.0009692812713311194,48.40343288332224,45.57600999181159,0.9998572387915596,0.9988532213614123,36777.39105570133,34659.041177553205,13.523518908374786,17.187518943121287,0.0,0.0,0.0,"[300, 300, 300, 100, 300]","[0.0, 0.0, 0.00022049055733252976, 0.0004065656468003028, 0.0]","[300, 300, 300, 100, 300]","[300, 300, 300, 100, 100]","[0.0, 0.0, 0.0020122818693082004, 0.0025576359622154934, 0.0011891303815689583]","[0.0006945678540887269, 0.0005469808695125517, 0.0009110407699600068, 0.0021648986020291186, 0.0005289182610651922]",,0.013555179483801949,0.01952686606608206,5.0,1.96
1b,50000,5320606,neural-fore,neural-main-oracle-bellman,-11.448925343384051,-11.45509731209771,-11.44896978656228,0.013248015776188421,-11.48106342301904,-11.42913120117638,1.0,4.4443178229158775e-05,-0.006127525535429612,0.17149386931800617,0.17149386931800617,0.03018267298263182,0.030196240379978007,0.004851029669741583,nan,nan,0.040232306034379745,10.807585398699016,12.534970384872242,46554.90770624577,nan,nan,nan,nan,nan,nan,nan,nan,nan,260.0,0.00047040654776391776,49.399336683005096,20000.0,1.000739010219704,0.0,260.0,180.0,0.3241809505046778,0.3345885590205475,0.0005840245161445583,0.0003075685915773422,50.02892422543373,41.32413749180269,1.000777375001735,1.0003454056681542,36768.97616539609,34590.26801180113,13.829792990768976,17.355275889306604,0.0,0.0,0.0,"[300, 100, 300, 300, 300]","[0.0, 0.002352032738819589, 0.0, 0.0, 0.0]","[300, 300, 100, 300, 300]","[300, 100, 100, 300, 100]","[0.0, 0.0005772203968775312, 0.0023429021838452606, 0.0, 0.0]","[4.040940775488046e-05, 0.0002481143392046287, 0.000514771800847805, 0.0, 0.000734547410079397]",,0.013248015776188421,0.01059059517493122,5.0,1.96
1b,50000,5330606,neural-fore,neural-main-oracle-bellman,-11.454640084740987,-11.464132627648915,-11.44896978656228,0.012287061269560796,-11.488215267737255,-11.440049987560576,1.0,-0.005670298178706901,-0.015162841086635126,0.18004554590877803,0.18004554590877803,0.03697566839431113,0.036064603608084014,0.011195808888200015,nan,nan,0.04281282320568218,11.0308735501705,12.998497811861244,46263.07304977879,nan,nan,nan,nan,nan,nan,nan,nan,nan,220.0,0.0004507452072470391,41.53147605864797,20000.0,1.000804597204958,0.0,300.0,300.0,0.2637441537864157,0.2785462155240207,0.0008447881155158226,0.0007357330671721839,47.569121641106904,46.78938695776742,1.0008540017417435,1.0008289045377765,35892.22242231666,33423.71629829325,15.345353310290927,20.035826960220568,0.0,0.0,0.0,"[100, 100, 300, 300, 300]","[0.00019248136724837273, 0.0016835305555568938, 0.0, 0.00037771411342992894, 0.0]","[300, 300, 300, 300, 300]","[300, 300, 300, 300, 300]","[0.0018953277283241272, 1.9270666889202163e-05, 0.001435134001507907, 0.0, 0.0008742081808578768]","[0.0009668909613195723, 0.0, 0.0007964850519659435, 0.00012625943375682108, 0.001789029888818582]",,0.012287061269560796,0.00925865747453789,5.0,1.96
1b,50000,5340606,neural-fore,neural-main-oracle-bellman,-11.429194688912668,-11.433559716923783,-11.44896978656228,0.01311831449204893,-11.4592716133282,-11.407847820519367,1.0,0.01977509764961205,0.015410069638496893,0.14865066408027836,0.14865066408027836,0.029746105153644654,0.0287829608529677,0.006508687003214456,nan,nan,0.04338027954814349,10.957085517200984,13.018690109084664,46305.054408190765,nan,nan,nan,nan,nan,nan,nan,nan,nan,260.0,0.00013721123449387553,45.1025391752366,20000.0,1.0020667845969697,0.0,260.0,220.0,0.306386449635837,0.3184395295993156,0.0007414533691215765,0.0013536333828734156,43.509640924748965,39.94333545819391,1.002087796224251,1.002194371288017,36456.592148339645,33691.20947412214,14.569991952284534,19.18602256994106,0.0,0.0,0.0,"[300, 300, 300, 100, 300]","[0.0, 0.0, 0.0, 0.00026783254762614047, 0.00041822362484323717]","[100, 300, 300, 300, 300]","[300, 100, 300, 300, 100]","[0.002067640042230872, 0.0, 0.0, 0.001173627701920047, 0.00046599910145696374]","[7.344971336701656e-05, 0.0018773063012798696, 0.0, 0.002477986122917289, 0.002339424776802904]",,0.01311831449204893,0.015347674897440069,5.0,1.96
1b,50000,5350606,neural-fore,neural-main-oracle-bellman,-11.44486743872758,-11.450242125309725,-11.44896978656228,0.012978802192067986,-11.475680577606179,-11.42480367301327,1.0,0.004102347834699316,-0.0012723387474444792,0.22464288989491482,0.22464288989491482,0.03290871543244953,0.030594539195531466,0.006854272854177969,nan,nan,0.05061328932023292,10.845136410205615,12.90757574336849,46238.79792056445,nan,nan,nan,nan,nan,nan,nan,nan,nan,220.0,0.0003488485478113111,46.89373142535332,20000.0,1.000113752433409,0.0,300.0,180.0,0.2986856328715039,0.3104373393765858,0.000660015579926641,0.0007053886660727949,51.94324074233882,41.47341588255949,1.0000422824700395,0.9999754857065893,36476.79139280643,33783.600785775656,13.062034616676826,18.627261135078452,0.0,0.0,0.0,"[100, 100, 300, 300, 300]","[0.0, 0.000327195529032463, 0.00029361945534855, 0.00041406451216802556, 0.0007093632425075166]","[300, 300, 300, 300, 300]","[100, 100, 100, 300, 300]","[0.0001839473328056659, 0.0019360450055216124, 0.0006844467499275924, 0.00031837185039894155, 0.0001772669609793931]","[0.001882808062899771, 0.0008192815758619865, 0.0005720827096203022, 0.00025277098198191487, 0.0]",,0.012978802192067986,0.01175988801443121,5.0,1.96
1b,50000,5360606,neural-fore,neural-main-oracle-bellman,-11.434809549285877,-11.443689588698742,-11.44896978656228,0.013681015938114908,-11.470504379937447,-11.416874797460038,1.0,0.014160237276403365,0.00528019786353795,0.14492400684228116,0.14492400684228116,0.025754201489035067,0.024882820992834946,0.008230765203283967,nan,nan,0.04067879328363405,10.896043514306232,13.14701432886532,46245.18199342776,nan,nan,nan,nan,nan,nan,nan,nan,nan,260.0,0.00034507326514992144,50.60331412460655,20000.0,1.0011282443945033,0.0,180.0,260.0,0.3252767247379846,0.33474609758975726,0.001512507463083306,0.0002999667856424646,42.25531546685379,49.38668716575485,1.0019213957395006,1.0018078400797525,35770.96810440824,33831.659024866625,15.630401248667592,18.00971396791126,0.0,0.0,0.0,"[300, 100, 300, 300, 300]","[0.00036788951761857874, 0.0, 0.0011314479894764021, 0.00022602881865462637, 0.0]","[100, 100, 300, 300, 100]","[300, 300, 300, 100, 300]","[0.0013897792612657042, 0.0023670627310229987, 0.0005955459459891817, 0.0012613271356291293, 0.0019488222415095164]","[0.0, 0.0003148602297113563, 0.0, 0.000942513075690154, 0.00024246062281081264]",,0.013681015938114908,0.017516746046132896,5.0,1.96
1b,50000,5370606,neural-fore,neural-main-oracle-bellman,-11.447819700501011,-11.453172416384229,-11.44896978656228,0.013205549862493995,-11.479055294114717,-11.42728953865374,1.0,0.0011500860612692065,-0.0042026298219486335,0.2037201649262726,0.2037201649262726,0.02851104773884112,0.027080878874697602,0.005427113459180636,nan,nan,0.038908912860133864,10.82193516175947,12.855698873138916,46453.776242246284,nan,nan,nan,nan,nan,nan,nan,nan,nan,300.0,0.00042051059658108263,53.42923290845938,20000.0,0.9997530287041372,0.0,300.0,260.0,0.3195627157101494,0.330895751247047,0.0003349252736474397,0.001158459656721566,51.01472004200332,49.83859242536128,1.0001787337913717,0.9998358814785305,36619.125387026186,34022.7738750928,13.960624825101075,18.909797929540957,0.0,0.0,0.0,"[300, 300, 300, 300, 300]","[0.0006641945305358057, 0.0, 0.000757574868192208, 0.0006807835841773991, 0.0]","[300, 300, 300, 300, 300]","[300, 300, 100, 300, 300]","[0.0, 0.00037385055235766103, 0.0013007758158795372, 0.0, 0.0]","[0.0, 0.0021879655557123377, 0.0009482957787429752, 0.0008578406050401731, 0.0017981963441123434]",,0.013205549862493995,0.016368013840797318,5.0,1.96
1b,50000,5380606,neural-fore,neural-main-oracle-bellman,-11.440816157115739,-11.442745035466258,-11.44896978656228,0.013164344663513097,-11.468547151006744,-11.416942919925772,1.0,0.008153629446541188,0.006224751096022274,0.26527666953515583,0.26527666953515583,0.03738222521803972,0.035461027701941,0.01067526269156229,nan,nan,0.046974436140694076,10.875792587904542,12.646606165824679,46475.74700835512,nan,nan,nan,nan,nan,nan,nan,nan,nan,220.0,0.00022630920069162687,46.35773644966539,20000.0,1.0001610977357391,0.0,220.0,260.0,0.31751346726586116,0.33278196982827596,0.001283791298827702,0.0008300918809820921,44.782510566548446,47.98669380845968,0.9998698692778729,0.9997815622337978,36793.075491382624,34369.230880152565,13.759464508248053,17.988726967277728,0.0,0.0,0.0,"[100, 300, 100, 300, 300]","[0.0007160423034146185, 0.0, 0.00041550370004351595, 0.0, 0.0]","[100, 300, 100, 300, 300]","[300, 300, 100, 300, 300]","[0.0031815997862299217, 0.0, 0.00208934444357934, 0.0005122685828941515, 0.0006357436814350978]","[0.00011467659711227661, 0.0, 0.0027471644103182597, 0.0008061492696386758, 0.0004824691278412484]",,0.013164344663513097,0.010778387445430101,5.0,1.96
1b,50000,5390606,neural-fore,neural-main-oracle-bellman,-11.437589319436466,-11.44265944096173,-11.44896978656228,0.013438354667052258,-11.468998616109152,-11.416320265814308,1.0,0.01138046712581442,0.006310345600549994,0.18481382862278778,0.18481382862278778,0.026592836442379496,0.02636059452512864,0.006903194287265951,nan,nan,0.04386981538599425,10.843632918572302,12.710228170323328,46303.93199153792,nan,nan,nan,nan,nan,nan,nan,nan,nan,260.0,0.0002209168554596333,51.3736630917294,20000.0,1.0000539731350047,0.0,220.0,220.0,0.32393715811339197,0.3323277617761846,0.0006619074127570332,0.0005319595498919668,45.24563144217245,45.61800924951676,1.000490849578497,1.0005953086142516,36462.51874597582,34143.09880572228,13.6768328725019,17.715870965426568,0.0,0.0,0.0,"[300, 300, 300, 300, 100]","[0.0, 0.00043014661828192686, 0.0, 0.0, 0.0006744376590162396]","[100, 300, 300, 100, 300]","[300, 300, 300, 100, 100]","[0.0009600158684413575, 0.0, 0.0007963241373874485, 0.00155319705795636, 0.0]","[0.0, 0.00041206440149095167, 0.00030917457891609584, 0.0, 0.0019385587690527867]",,0.013438354667052258,0.0090808328577526,5.0,1.96
1b,50000,5400606,neural-fore,neural-main-oracle-bellman,-11.447697107855612,-11.452143561526745,-11.44896978656228,0.013237643343960609,-11.478089342480908,-11.426197780572581,1.0,0.001272678706667918,-0.003173774964464471,0.1927139925794921,0.1927139925794921,0.033912142702971534,0.032331558009117266,0.007567149414183739,nan,nan,0.042696854902895334,10.801894198943888,12.93505403501949,46298.61666571399,nan,nan,nan,nan,nan,nan,nan,nan,nan,260.0,0.00026258411004782866,50.331230199779384,20000.0,1.000657341064874,0.0,260.0,220.0,0.30531122034964603,0.30851854394082945,0.0005494357449873713,0.0005637750645449534,49.992158199870026,45.02854355040472,1.001257783026027,1.00041200021439,36510.94667009734,34031.21764019424,14.100923569163845,18.438648786090663,0.0,0.0,0.0,"[100, 300, 300, 300, 300]","[0.0008958144931608409, 0.0004171060570783024, 0.0, 0.0, 0.0]","[100, 300, 300, 300, 300]","[100, 300, 100, 300, 300]","[0.0010921965909332933, 0.0008808470868159233, 0.0007741350471876398, 0.0, 0.0]","[0.0001989899482603445, 0.0014211994257426449, 0.0002300930079762475, 0.0009685929407455306, 0.0]",,0.013237643343960609,0.013787307882050567,5.0,1.96
1b,50000,5410606,neural-fore,neural-main-oracle-bellman,-11.420494561318785,-11.427263700238308,-11.44896978656228,0.013344891074071111,-11.453419686743487,-11.40110771373313,1.0,0.028475225243495217,0.021706086323971974,0.17278332486192344,0.17278332486192344,0.04104333724171427,0.039774807379957824,0.004695239888122663,nan,nan,0.04203501672077315,10.826268323811451,12.747286644287417,46456.66059522877,nan,nan,nan,nan,nan,nan,nan,nan,nan,260.0,0.00036320964101882984,46.3321022329852,20000.0,1.0014505476793174,0.0,300.0,220.0,0.32582406588066326,0.3314038021972046,5.981716872915817e-06,0.000739368254723109,49.32995484150015,43.4260310244048,1.0013427110959923,1.0017257527490284,36851.668503542794,33913.0499635877,13.267803432727357,18.495751206235163,0.0,0.0,0.0,"[300, 300, 100, 300, 300]","[0.0004733179427782552, 0.0, 0.001342730262315894, 0.0, 0.0]","[300, 300, 300, 300, 300]","[300, 300, 100, 300, 100]","[0.0, 2.9908584364579084e-05, 0.0, 0.0, 0.0]","[0.0, 0.0015196658994963079, 0.0009852927168177577, 0.0, 0.00119188265730148]",,0.013344891074071111,0.008534798933056788,5.0,1.96
1b,50000,5420606,neural-fore,neural-main-oracle-bellman,-11.46690334105528,-11.471548199013965,-11.44896978656228,0.013524321411243859,-11.498055868980003,-11.445040529047926,1.0,-0.01793355449300016,-0.02257841245168457,0.2797915694711256,0.2797915694711256,0.037150473441399524,0.036895162562539434,0.009381754873740255,nan,nan,0.042716476429812196,10.89330872507849,12.959726669739629,46226.421439831916,nan,nan,nan,nan,nan,nan,nan,nan,nan,220.0,0.0009070629136895172,45.22632515800651,20000.0,1.0004608748915405,0.0,260.0,220.0,0.30006505821868223,0.30655946324092687,0.0006044256713606674,0.0009237521343729672,47.96310608373024,44.456267091818155,1.0004367719959368,1.0001647346605513,36237.45904814987,33538.04450697124,14.11084896356807,19.139945807286033,0.0,0.0,0.0,"[100, 300, 300, 300, 100]","[0.0012313903673118556, 0.0008022933196719133, 0.00032284640327226026, 0.0002592612776828865, 0.0019195232005086707]","[300, 300, 100, 300, 300]","[300, 100, 300, 300, 100]","[9.960486538485876e-05, 0.0, 0.0014320256594837497, 0.000973883011094877, 0.0005166148208398516]","[0.0, 0.0009657627649317386, 0.0018684146255446774, 0.0007167779360177465, 0.0010678053453706733]",,0.013524321411243859,0.017647316860822826,5.0,1.96
1b,50000,5430606,neural-fore,neural-main-oracle-bellman,-11.424700001787066,-11.431225041272997,-11.44896978656228,0.013730437819187532,-11.458136699398604,-11.40431338314739,1.0,0.02426978477521402,0.01774474528928316,0.26608736418868983,0.26608736418868983,0.03450120514098989,0.03326161445517023,0.007398645183295091,nan,nan,0.0423509093497986,10.748792237758076,12.793639267778493,46459.61707464086,nan,nan,nan,nan,nan,nan,nan,nan,nan,260.0,0.0004911968987087974,51.02491169199347,20000.0,1.0012865535257567,0.0,220.0,300.0,0.34591266580894364,0.35322054694520266,0.0007036656408969348,0.00022553663996809325,49.47610036639962,53.9103471667273,1.0013123299403393,1.0017817100927364,36661.726807883504,34333.96830108011,14.05543269512865,18.003696719853096,0.0,0.0,0.0,"[300, 300, 300, 100, 300]","[0.0006525686285745519, 0.0, 0.00040165183490357774, 0.001401764030065858, 0.0]","[100, 300, 300, 300, 100]","[300, 300, 300, 300, 300]","[0.0011714309664519315, 0.0, 0.0004054559902971349, 0.0, 0.001941441247735608]","[0.0005230857896784103, 0.0, 0.0, 0.0006045974101620559, 0.0]",,0.013730437819187532,0.011418316140035165,5.0,1.96
1b,50000,5440606,neural-fore,neural-main-oracle-bellman,-11.460731106586042,-11.466956571674247,-11.44896978656228,0.013522985123328444,-11.493461622515971,-11.440451520832523,1.0,-0.011761320023762067,-0.017986785111967052,0.1827116764303553,0.1827116764303553,0.030387762276579616,0.030132387893178104,0.007870749923973956,nan,nan,0.04749137616454601,10.890675183997729,12.902506901688541,46226.643615074274,nan,nan,nan,nan,nan,nan,nan,nan,nan,180.0,0.0007794600468029626,45.48607686643955,20000.0,1.0005882203882595,0.0,300.0,180.0,0.31429835895639585,0.3236024863976795,0.0007632065111134979,0.0006847856468114096,55.09785246681422,45.19100235819351,1.000715109087102,1.0008134595158709,36228.4107125334,33891.0383066633,14.211272349304505,18.813061271021517,0.0,0.0,0.0,"[300, 100, 100, 100, 300]","[0.0004681829514746373, 0.0009173194684046215, 0.0014746873302816897, 0.0010371104838538645, 0.0]","[300, 300, 300, 300, 300]","[100, 300, 300, 100, 100]","[0.0010435638472988992, 0.0, 0.00018883543833821896, 0.0012525125539624028, 0.0013311207159679682]","[0.00017311362885802725, 0.0, 0.0, 0.0018895829736586016, 0.0013612316315404194]",,0.013522985123328444,0.007868655008027008,5.0,1.96
1b,50000,5450606,neural-fore,neural-main-oracle-bellman,-11.446782199465195,-11.451238842357244,-11.44896978656228,0.013094872021277527,-11.476904791518947,-11.42557289319554,1.0,0.0021875870970848865,-0.0022690557949633927,0.21502713577149152,0.21502713577149152,0.02480656630251212,0.024758420932605874,0.0067903164983078735,nan,nan,0.04423385692596716,10.83686178794727,12.40703898533282,46456.43566842463,nan,nan,nan,nan,nan,nan,nan,nan,nan,260.0,0.0006224558453449988,46.23323086721357,20000.0,1.0000956824372134,0.0,300.0,220.0,0.30058056939582173,0.30805818477841174,0.0003414485100095778,0.0007527554899260781,50.71298564991448,42.97657844079659,0.9994951328924587,1.0008801419299758,36548.41860490049,34354.24587819466,13.613820204944309,18.065595075794757,0.0,0.0,0.0,"[300, 300, 300, 100, 300]","[0.00035273570197747183, 0.0, 0.001736628471193945, 0.0008045201689970255, 0.00021839488455655204]","[300, 300, 300, 300, 300]","[300, 100, 300, 300, 100]","[0.0006539332963681613, 6.390043540195777e-05, 0.0, 0.0, 0.00098940881827777]","[0.0011384083683034195, 0.001167557956595164, 0.00045989534577716324, 0.0, 0.000997915778954644]",,0.013094872021277527,0.011169888361114143,5.0,1.96
1b,50000,5460606,neural-fore,neural-main-oracle-bellman,-11.463045036689037,-11.471097726188448,-11.44896978656228,0.01314394156883258,-11.49685985166336,-11.445335600713536,1.0,-0.0140752501267567,-0.022127939626168214,0.30040553409809806,0.30040553409809806,0.0332007757214407,0.033082429181020064,0.00705685493594451,nan,nan,0.04424069290303735,10.815475049119517,12.97414133170521,46358.997363824055,nan,nan,nan,nan,nan,nan,nan,nan,nan,260.0,0.00047056983917631936,54.817895408021286,20000.0,1.0002949458869959,0.0,260.0,220.0,0.3010663000063999,0.31114715369896595,0.0003840798995068849,0.0007156258149778279,50.77634464155417,48.06717801708728,1.0000925344189486,1.0008753406555098,36791.67588825915,34170.41272775493,13.264594798719079,18.512314476036472,0.0,0.0,0.0,"[300, 300, 300, 300, 100]","[0.0008111990293499925, 5.772298628682612e-05, 5.694852474648392e-05, 0.0, 0.001426978655498294]","[300, 300, 300, 300, 100]","[300, 300, 100, 300, 100]","[0.0, 0.0, 0.0006702776784403193, 0.00018922327755092053, 0.0010608985415431847]","[0.0009172922996154902, 0.0, 0.0012246726759072976, 0.00045248214474886365, 0.0009836819546174878]",,0.01314394156883258,0.006765169910290257,5.0,1.96
1b,50000,5470606,neural-fore,neural-main-oracle-bellman,-11.449913795935151,-11.456897829179086,-11.44896978656228,0.013632954858734088,-11.483618420702205,-11.430177237655966,1.0,-0.0009440093728709797,-0.007928042616805797,0.17213918178583848,0.17213918178583848,0.02760279852616595,0.027162795301302344,0.009111638633002789,nan,nan,0.03798992224257338,10.84154144816957,12.661069353048505,46409.65097778559,nan,nan,nan,nan,nan,nan,nan,nan,nan,300.0,4.867190939838013e-05,55.78454158310778,20000.0,1.0005881756212809,0.0,260.0,260.0,0.3547167582350014,0.36237780618878057,0.00013275868943885693,0.0006810956325159313,50.691208291822115,53.16684508316685,1.0010782021260283,1.0004774139616455,36601.21185931617,34570.297891789996,14.480373673734354,16.971875254833833,0.0,0.0,0.0,"[300, 300, 300, 300, 300]","[0.0, 0.0, 0.0, 0.0, 0.00024335954699190065]","[300, 300, 100, 300, 300]","[300, 300, 100, 300, 300]","[0.0, 0.0, 0.0002123851058693799, 7.345095310944426e-05, 0.0003779573882154606]","[3.873254343876674e-05, 0.0007571252169562416, 0.0015912243405184242, 0.0010183960616662237, 0.0]",,0.013632954858734088,0.008550994072839633,5.0,1.96
1b,50000,5480606,neural-fore,neural-main-oracle-bellman,-11.439101326067583,-11.439771982853776,-11.44896978656228,0.013436156351103679,-11.466106849301939,-11.413437116405612,1.0,0.009868460494697473,0.009197803708504537,0.20621599296594656,0.20621599296594656,0.029536843037558585,0.02944628329640369,0.00822667557428746,nan,nan,0.04288048324258347,10.905911872970005,12.726895150875464,46361.18760221854,nan,nan,nan,nan,nan,nan,nan,nan,nan,220.0,0.0005789536592268624,48.05925220060162,20000.0,1.0005747097277564,0.0,300.0,260.0,0.32354185365711813,0.3326561214779845,0.0010181457180628093,0.00027959802972017493,56.42249788355548,53.51620090825018,1.0009436030722232,1.0002710887907522,36380.55483611369,34432.61561347167,14.089275472851444,17.160070612150555,0.0,0.0,0.0,"[300, 300, 300, 100, 100]","[0.0007884327482472747, 0.0, 0.0, 0.0006708063214822675, 0.0014355292264047702]","[300, 300, 300, 300, 300]","[100, 300, 300, 300, 300]","[0.0001580132641330212, 0.002268292160355104, 0.0016472236125632653, 0.0010171995532626558, 0.0]","[0.0006102074627733167, 0.00028303953446518257, 0.0005047431513623754, 0.0, 0.0]",,0.013436156351103679,0.012916084051488882,5.0,1.96
1b,50000,5490606,neural-fore,neural-main-oracle-bellman,-11.442111079048294,-11.446792346746172,-11.44896978656228,0.012732719906455518,-11.471748477762825,-11.421836215729519,1.0,0.006858707513986317,0.0021774398161085173,0.143605021003061,0.143605021003061,0.026122485223351328,0.025885409811299033,0.006326971362372128,nan,nan,0.04090425782872583,11.066127035246666,13.166561373178363,45866.88180510151,nan,nan,nan,nan,nan,nan,nan,nan,nan,220.0,0.0005891795075120543,47.83550453323405,20000.0,1.0005288211655787,0.0,220.0,180.0,0.2887181774906528,0.2977767387232673,0.0005117095165677367,0.0015910778873719736,49.71850125016645,43.57358095820528,1.0007268337841453,1.0007013982838613,36385.1435049913,33147.731112276306,13.283493751658048,19.854351731272494,0.0,0.0,0.0,"[300, 300, 100, 300, 100]","[0.00032184865930413176, 0.0018824198789535267, 4.993759104054631e-05, 0.0, 0.0006916914082620669]","[300, 100, 300, 100, 300]","[300, 100, 100, 100, 300]","[0.0, 0.000372301966440958, 0.0008105646009249148, 0.0013756810154728107, 0.0]","[0.0, 0.0023003291661464116, 0.0022219301017478263, 0.002222817198688907, 0.0012103129702767225]",,0.012732719906455518,0.006451249481239867,5.0,1.96
1b,50000,5500606,neural-fore,neural-main-oracle-bellman,-11.4253558487026,-11.43313801538344,-11.44896978656228,0.013283483218161071,-11.459173642491036,-11.407102388275844,1.0,0.02361393785968069,0.01583177117884027,0.20984859119296045,0.20984859119296045,0.03545008517683631,0.03428649266424608,0.012754511687669287,nan,nan,0.04384004715929923,10.85310461916191,13.04382699867069,46378.21276316813,nan,nan,nan,nan,nan,nan,nan,nan,nan,300.0,8.566537183347176e-05,57.558036133414134,20000.0,1.0010778965834948,0.0,300.0,260.0,0.3252412499130408,0.33219693673250406,0.0005225481283133772,0.000555745406981327,55.519849125598554,51.06233665822074,1.0011224751818673,1.0020897772194801,36040.70393728213,34370.80506606301,16.587118977733038,17.72460174359957,0.0,0.0,0.0,"[300, 300, 300, 300, 300]","[0.00042832685916735876, 0.0, 0.0, 0.0, 0.0]","[300, 300, 300, 300, 300]","[300, 300, 100, 300, 300]","[0.0, 0.0, 0.0012529900929269696, 0.0, 0.0013597505486399163]","[0.0007735098805193837, 0.0001407825893930743, 0.0005843078988356994, 0.0006513820392439691, 0.000628744626914508]",,0.013283483218161071,0.017195779950995475,5.0,1.96
1b,50000,5510606,neural-fore,neural-main-oracle-bellman,-11.44116689647106,-11.448988158857354,-11.44896978656228,0.013020583368318812,-11.474508502259258,-11.42346781545545,1.0,0.007802890091220149,-1.8372295073731948e-05,0.18178117442223476,0.18178117442223476,0.029392819817778915,0.02828192839147739,0.00632925714948139,nan,nan,0.04098935523704945,10.887394463164009,13.108275327407902,46307.41690989655,nan,nan,nan,nan,nan,nan,nan,nan,nan,300.0,5.338817520207746e-05,55.427416916610674,20000.0,1.0018619503320734,0.0,220.0,220.0,0.2948834353928924,0.29779782701624113,0.0006366254132634263,0.00034676413262574546,46.49619890844915,47.72252490865067,1.001395983627745,1.0027865372770475,37080.497610883016,33901.34375199025,13.085287171801742,18.802940890728642,0.0,0.0,0.0,"[300, 300, 300, 300, 300]","[0.0, 0.0, 0.0, 0.0, 0.0002669408760103873]","[100, 300, 300, 300, 100]","[300, 300, 100, 300, 100]","[0.0011044933146619597, 0.0, 0.0007262124211420474, 0.0003401902120936566, 0.0010122311184194684]","[0.0, 0.00041689825789093475, 0.0, 0.00037265943690086706, 0.0009442629683369256]",,0.013020583368318812,0.012043150886825938,5.0,1.96
1b,50000,5520606,neural-fore,neural-main-oracle-bellman,-11.452982715322264,-11.45853364977835,-11.44896978656228,0.012626555740881281,-11.483281699030476,-11.433785600526223,1.0,-0.004012928759983936,-0.00956386321606928,0.2568562589975385,0.2568562589975385,0.03314218130567466,0.03187311845971478,0.006548252636344438,nan,nan,0.04309555953411716,11.020842093492313,13.02119602564952,46166.43073569326,nan,nan,nan,nan,nan,nan,nan,nan,nan,300.0,0.0003208455457722794,50.072049832972695,20000.0,1.0002650953155334,0.0,300.0,260.0,0.27762871497162944,0.28728087295317556,0.00016502078626454828,0.0002892389086406058,49.360035558603705,45.705043091834526,1.0006995988477403,0.9996728787027174,36189.25151768679,33177.344341219185,14.72062968805066,20.140390695452513,0.0,0.0,0.0,"[300, 300, 300, 300, 300]","[0.0006247966804246761, 0.0, 0.0, 0.0008241816516462974, 0.0001552493967904236]","[300, 300, 300, 300, 300]","[300, 300, 100, 300, 300]","[0.0, 0.0, 0.0, 0.00015898632011621656, 0.0006661176112065248]","[0.0, 0.0006437511349405971, 0.0008024434082624317, 0.0, 0.0]",,0.012626555740881281,0.012546592874268365,5.0,1.96
1b,50000,5530606,neural-fore,neural-main-oracle-bellman,-11.437019615202926,-11.441710146639052,-11.44896978656228,0.013456658744015772,-11.468085197777322,-11.415335095500781,1.0,0.011950171359353945,0.007259639923228534,0.14708141806143737,0.14708141806143737,0.02219199445852126,0.021795111315532505,0.005994465436398545,nan,nan,0.03933028766265056,10.782698792738472,12.71775294683331,46339.56360754144,nan,nan,nan,nan,nan,nan,nan,nan,nan,260.0,0.0005822895103023199,52.48101162519306,20000.0,1.0007665043138343,0.0,260.0,180.0,0.32665278018702343,0.3295148841341648,0.0012309603945053443,0.001440241751581078,50.39574391599744,43.34572750856169,1.000016858089716,1.0026549982694237,36526.59273082226,33945.05350719875,13.878929848966248,18.741008325758294,0.0,0.0,0.0,"[100, 300, 300, 300, 300]","[0.0015480210889131886, 6.522296578339483e-06, 0.0006646455638474974, 0.0006922586021725745, 0.0]","[300, 300, 300, 300, 100]","[100, 300, 300, 100, 100]","[0.0015802908701693943, 0.0020196699664423393, 0.0, 0.0010617594938032169, 0.0014930816421117716]","[0.0010913087696411163, 0.0012057913260369775, 0.0, 0.0033909913195354865, 0.0015131173426918107]",,0.013456658744015772,0.0027100855133187886,5.0,1.96
1b,50000,5540606,neural-fore,neural-main-oracle-bellman,-11.436626817275346,-11.442542084515154,-11.44896978656228,0.013331819758636239,-11.46867245124208,-11.416411717788227,1.0,0.01234296928693368,0.0064277020471266155,0.15761084618017498,0.15761084618017498,0.02533940810278117,0.02493872704229168,0.008484004371020083,nan,nan,0.038999967622070954,10.882145052027319,12.520812376843857,46420.58783978594,nan,nan,nan,nan,nan,nan,nan,nan,nan,300.0,0.00038570431341969645,54.92285413297359,20000.0,0.9998679607079254,0.0,260.0,220.0,0.3122501292307137,0.31738962562250056,0.00035693207306713645,0.00023501272141428402,50.96396247460507,45.60919415003154,0.9999931655562421,1.0000556389428716,36594.821669155484,34153.99534795191,14.357558307525574,18.181795641725962,0.0,0.0,0.0,"[300, 300, 300, 300, 300]","[0.0, 0.00019271657023268768, 0.0007049353435624923, 0.0002660678255129854, 0.0007648018277903168]","[300, 300, 300, 100, 300]","[300, 300, 300, 100, 100]","[0.00010304088819356941, 0.0006117572427872266, 0.0, 0.0007245598192291977, 0.00034530241512568873]","[0.0, 0.00031473858983051945, 0.0, 0.0002423532232573052, 0.0006179717939835956]",,0.013331819758636239,0.009388790174625813,5.0,1.96
1b,50000,5550606,neural-fore,neural-main-oracle-bellman,-11.431283426555384,-11.436705775586253,-11.44896978656228,0.013422339525993005,-11.463013561057199,-11.410397990115307,1.0,0.017686360006896606,0.012264010976027251,0.1527231281345078,0.1527231281345078,0.025404009952166608,0.02454204059979037,0.006893793141632761,nan,nan,0.04688633002746363,10.76895588171115,12.850706330282849,46532.22361230535,nan,nan,nan,nan,nan,nan,nan,nan,nan,260.0,0.0008191749628178536,51.33497248280328,20000.0,1.0017201915653238,0.0,220.0,220.0,0.3383336826411322,0.3473388849199426,0.0006319864451228746,0.00045900989065114064,46.83303567522671,47.04355387482792,1.0023900978557667,1.002062961024854,36407.22927011622,34307.27643106187,14.933278333255569,18.49775649370756,0.0,0.0,0.0,"[300, 300, 100, 300, 300]","[0.0015199366940988833, 0.0, 0.0016291093345347134, 0.0004994270271413188, 0.00044740175831435277]","[100, 100, 300, 300, 300]","[100, 100, 300, 300, 300]","[0.0009144873151144869, 0.002017734983944217, 0.0, 0.0002277099265556689, 0.0]","[0.000722414146257312, 0.0013652758982588167, 1.6661403531860334e-05, 0.0001906980052077139, 0.0]",,0.013422339525993005,0.014464890369604305,5.0,1.96
1b,50000,5560606,neural-fore,neural-main-oracle-bellman,-11.459021148284927,-11.463538728848418,-11.44896978656228,0.012942982017919363,-11.48890697360354,-11.438170484093297,1.0,-0.0100513617226472,-0.014568942286137698,0.2545522450647055,0.2545522450647055,0.027008726664883815,0.026887081053005447,0.008450380910475607,nan,nan,0.04564192559007253,10.96452689513143,12.993346022254944,46168.195566998904,nan,nan,nan,nan,nan,nan,nan,nan,nan,260.0,0.0006387298563400345,51.50072884175461,20000.0,0.9998667992527827,0.0,260.0,220.0,0.2919797085200787,0.30452520663750837,0.0005157872515213588,0.0002298302262935063,49.94830128282774,45.92431778316386,0.9999355307055546,1.000201359556383,36328.71331710288,33530.37685127214,13.883160397820822,19.387674483009288,0.0,0.0,0.0,"[300, 300, 100, 300, 300]","[0.0, 0.00019619674293875705, 0.0017323979447640807, 0.0012650545939973344, 0.0]","[300, 100, 300, 300, 300]","[300, 100, 300, 100, 300]","[0.0, 0.002578936257606794, 0.0, 0.0, 0.0]","[3.3563562972251083e-06, 0.00017173688040540258, 0.0006578790518206718, 0.00031617884294423207, 0.0]",,0.012942982017919363,0.008930030501774246,5.0,1.96
1b,50000,5570606,neural-fore,neural-main-oracle-bellman,-11.427326564719657,-11.433864487417601,-11.44896978656228,0.013701859649036351,-11.460720132329712,-11.40700884250549,1.0,0.02164322184262346,0.015105299144678952,0.19874551662348292,0.19874551662348292,0.026246897848826594,0.025970492896664678,0.007986551279010204,nan,nan,0.043934578508072496,10.736985323045726,13.254503034057638,46192.349612333455,nan,nan,nan,nan,nan,nan,nan,nan,nan,260.0,0.0002029961800817038,51.70749894178007,20000.0,1.001339408225996,0.0,220.0,220.0,0.3319608745843855,0.3428897853800875,0.0007274408364035887,0.0010883258645172991,46.40972216678783,46.60679902497213,1.0012766606175183,1.0027306360969452,36124.0549884498,34061.29240463853,14.81807760082651,18.238783232863856,0.0,0.0,0.0,"[300, 300, 100, 300, 300]","[0.0, 0.0, 0.00017846916631013008, 2.2235376668374205e-05, 0.0008142763574300147]","[300, 300, 300, 100, 100]","[100, 100, 300, 300, 300]","[0.0, 0.0, 9.457409359271289e-05, 0.002124318579981726, 0.0014183115084435052]","[0.0006922936690973564, 0.0007286731450187362, 0.0020055265743619648, 0.0007715351916184735, 0.001243600742489965]",,0.013701859649036351,0.023633193651603244,5.0,1.96
1b,50000,5580606,neural-fore,neural-main-oracle-bellman,-11.416531769760226,-11.424148783353456,-11.44896978656228,0.013591017689705928,-11.45078717802528,-11.397510388681631,1.0,0.03243801680205394,0.02482100320882452,0.1918989852635524,0.1918989852635524,0.03193720218456749,0.03140045324991776,0.007712492548461643,nan,nan,0.04288955936351787,10.770790024245894,12.722953373289952,46472.9073306603,nan,nan,nan,nan,nan,nan,nan,nan,nan,300.0,0.00041226224437101896,53.606761458376425,20000.0,1.000243148617915,0.0,300.0,220.0,0.3343254033837807,0.33905031046705175,0.000616553865923907,0.00038382064395587153,52.9911763493903,43.56574355836492,1.0003209895824767,1.0006266252544482,36650.86662548625,34431.76640381773,13.864719694879858,17.596950624783442,0.0,0.0,0.0,"[300, 300, 300, 300, 300]","[0.00042087251777875865, 0.0006956384709550537, 0.0, 0.0006533143127255492, 0.00029148592039573333]","[300, 300, 300, 300, 300]","[100, 100, 300, 300, 300]","[0.0, 0.0, 0.0014332419831237036, 0.0010602357341981065, 0.0005892916122977246]","[0.0, 0.001248352054322385, 0.0006473710318288566, 2.338013362811588e-05, 0.0]",,0.013591017689705928,0.015577878561215529,5.0,1.96
1b,50000,5590606,neural-fore,neural-main-oracle-bellman,-11.452253210126765,-11.456902048928951,-11.44896978656228,0.013263112250196333,-11.482897748939337,-11.430906348918565,1.0,-0.0032834235644845222,-0.007932262366670884,0.17464076387210364,0.17464076387210364,0.026192970886061966,0.025315108105596007,0.0066715764518564665,nan,nan,0.048864629743524686,10.907800839089917,12.76603827456246,46215.28162511426,nan,nan,nan,nan,nan,nan,nan,nan,nan,220.0,0.0006404156222953349,49.33638415865134,20000.0,1.0008108809009246,0.0,220.0,180.0,0.3103443502864904,0.3200413414982533,0.0004981310063794638,0.000707310977460467,47.70071531704161,43.60702205814887,1.0008020418174184,1.0010207220071388,36390.975590594826,33878.103848548526,14.241573091474217,18.568403877147507,0.0,0.0,0.0,"[300, 300, 100, 300, 100]","[0.0014413043344695606, 0.0, 0.0007925102421047073, 0.0, 0.0009682635349024069]","[300, 100, 100, 300, 300]","[100, 100, 100, 300, 300]","[0.0, 0.0014223048865600004, 0.000477431935966598, 0.0, 0.0005909182093707204]","[0.0005443403972128735, 0.002239013809766357, 0.00015393863189996064, 0.0005992620484231436, 0.0]",,0.013263112250196333,0.015967727111933464,5.0,1.96
1b,50000,5600606,neural-fore,neural-main-oracle-bellman,-11.440712689713738,-11.443425758390896,-11.44896978656228,0.013560426539245113,-11.470004194407817,-11.416847322373975,1.0,0.008257096848542034,0.005544028171383886,0.37613604083817687,0.37613604083817687,0.04099446089868057,0.040174143404330495,0.010182165725500516,nan,nan,0.04932317534683241,10.788800392554979,12.810267598784625,46482.73127082863,nan,nan,nan,nan,nan,nan,nan,nan,nan,180.0,0.0010206344176294847,40.58721244218759,20000.0,1.0010163348226997,0.0,300.0,220.0,0.3266251180450822,0.3384233091847863,0.0007945548676886133,0.0011681308639313957,51.87659953392576,45.38090559162665,1.0011380139826822,1.0012566574463098,36509.92096146089,34345.743022892566,14.766584646843544,18.094887901978254,0.0,0.0,0.0,"[100, 300, 300, 100, 100]","[0.0016130339345385414, 0.0011382585503963171, 0.00036550802582147084, 0.001194150968099709, 0.0007922206092913852]","[300, 300, 300, 300, 300]","[100, 100, 300, 300, 300]","[0.0001841442756741114, 0.000496807302935452, 0.0, 0.001967601481404621, 0.001324221278428882]","[0.0027797268661533246, 0.0006959129387791876, 0.00015140070056657596, 0.0022136138141578905, 0.0]",,0.013560426539245113,0.011353847991515505,5.0,1.96
1b,50000,5610606,neural-fore,neural-main-oracle-bellman,-11.438789344512594,-11.444205046398393,-11.44896978656228,0.01273171402810801,-11.469159205893485,-11.419250886903301,1.0,0.010180442049685823,0.004764740163887282,0.12232101845964864,0.12232101845964864,0.022926733955992797,0.0225036666908865,0.007029759569129444,nan,nan,0.043390824940441816,10.870778405686337,12.840711113793269,46338.81319836773,nan,nan,nan,nan,nan,nan,nan,nan,nan,220.0,0.0010055600628459782,45.44285945817828,20000.0,0.9995637889404382,0.0,260.0,300.0,0.2935039054225098,0.3068356923152069,0.0005635407593546718,0.00015547341832446412,48.54680439161602,50.90104839983396,0.99964445959729,0.9989468830192834,36471.71375233529,33438.057199869545,13.789972177052556,19.872724362916045,0.0,0.0,0.0,"[100, 300, 100, 300, 300]","[0.0018237887759472065, 0.0, 0.0014945306751728555, 0.0009463774451795675, 0.0007631034179302614]","[300, 300, 300, 100, 300]","[300, 300, 300, 300, 300]","[0.0, 0.0013705889581450668, 0.0, 0.0014471148386282922, 0.0]","[0.0002960656395256766, 0.0, 0.00013712559088515551, 0.00013258284440247176, 0.0002115930168090167]",,0.01273171402810801,0.012452005147600111,5.0,1.96
1b,50000,5620606,neural-fore,neural-main-oracle-bellman,-11.449401821164537,-11.453763001284377,-11.44896978656228,0.013233236947989687,-11.479700145702438,-11.427825856866317,1.0,-0.0004320346022570476,-0.004793214722097261,0.13476232016094467,0.13476232016094467,0.02433193474727786,0.024265843318308583,0.005641517776071322,nan,nan,0.04672391821561351,10.828856057034026,12.789387659545811,46347.04249568463,nan,nan,nan,nan,nan,nan,nan,nan,nan,260.0,0.0004014417072156889,52.63715252517723,20000.0,0.9998804137819516,0.0,180.0,100.0,0.30491913731995357,0.31432174601259694,0.001733078050272867,0.0007576564402985659,45.46568588346709,37.3077743167989,1.0004819814589145,0.9988220212088036,36247.031667064504,33693.83386576766,14.688713915498122,18.756945788292334,0.0,0.0,0.0,"[300, 300, 300, 100, 300]","[4.45826835597325e-05, 0.00010798163394210042, 0.0, 0.001146203221395752, 0.0007084409971808595]","[300, 100, 100, 300, 100]","[100, 100, 100, 100, 100]","[0.0, 0.003043422733072253, 0.0013404903818547, 0.0017869117881874922, 0.002494565348249888]","[0.0005459303762169443, 0.001167488024121503, 0.0006098003841937048, 0.0, 0.0014650634169606777]",,0.013233236947989687,0.016691075894476028,5.0,1.96
1b,50000,5630606,neural-fore,neural-main-oracle-bellman,-11.450247567279453,-11.453621048474277,-11.44896978656228,0.013537620601649895,-11.48015478485351,-11.427087312095043,1.0,-0.0012777807171726607,-0.00465126191199694,0.11194259550308508,0.11194259550308508,0.019649131590058495,0.018754216215952125,0.007285217708798457,nan,nan,0.041177046429493665,10.837139432784344,13.264994547349488,46196.27545804719,nan,nan,nan,nan,nan,nan,nan,nan,nan,220.0,0.000636903505490192,50.43632454178296,20000.0,1.0006284910033258,0.0,260.0,140.0,0.29294718097042716,0.29890323265000335,0.0006604325751374837,0.0006748600997246197,51.798736350308175,40.287389732827435,1.0008836685982712,1.0002531010944593,36063.9192858747,33051.21274444308,14.729694517503205,20.417766375344762,0.0,0.0,0.0,"[100, 300, 100, 300, 300]","[0.0012607063450717714, 0.0008121157185133598, 0.00011131296902888404, 0.0010003824948369446, 0.0]","[300, 100, 300, 300, 300]","[100, 100, 100, 100, 300]","[0.0, 0.002311091965527942, 0.0, 0.0, 0.0009910709101594768]","[0.001409119556024185, 0.00022820279590493378, 0.0008873420005925342, 0.0008496361461014459, 0.0]",,0.013537620601649895,0.009757741030546788,5.0,1.96
1b,50000,5640606,neural-fore,neural-main-oracle-bellman,-11.467413967898693,-11.47297810589705,-11.44896978656228,0.013436916307053131,-11.499314461858875,-11.446641749935226,1.0,-0.018444181336413124,-0.024008319334770434,0.20196811530907435,0.20196811530907435,0.03891892523282792,0.03893129112331668,0.010453956422949738,nan,nan,0.04001872944290191,10.888399293013226,12.908636338782905,46188.383645678536,nan,nan,nan,nan,nan,nan,nan,nan,nan,260.0,0.0009995653080205375,51.401189483166675,20000.0,1.0013632358599756,0.0,300.0,180.0,0.31735444501578713,0.32533434912967324,0.0003985846597752145,0.00026846506286839957,56.57531790884677,43.98837389138062,1.001883509838696,1.0006108821560271,36410.06616573747,33918.68946544375,13.718962840346247,18.61822156060307,0.0,0.0,0.0,"[100, 300, 300, 300, 300]","[0.0004892140595833733, 0.0, 0.0, 0.0, 0.004508612480519314]","[300, 300, 300, 300, 300]","[100, 300, 300, 100, 100]","[0.00126764196337276, 0.0, 0.0004201062586364265, 0.00030517507686688593, 0.0]","[0.00020980498647330174, 0.0, 0.00012179696265213084, 0.0010107233652165654, 0.0]",,0.013436916307053131,0.010396254107571662,5.0,1.96
1b,50000,5650606,neural-fore,neural-main-oracle-bellman,-11.453428923327285,-11.461105114704063,-11.44896978656228,0.013105494568717607,-11.48679188405875,-11.435418345349376,1.0,-0.0044591367650053115,-0.012135328141782864,0.2373989372192348,0.2373989372192348,0.032219740636028935,0.03173048971154168,0.008475646794960627,nan,nan,0.042300074269960984,10.951884174695483,12.851573562445548,46231.17670418178,nan,nan,nan,nan,nan,nan,nan,nan,nan,300.0,0.0006631536181351231,57.443404083419594,20000.0,1.0005031192176232,0.0,220.0,300.0,0.29665790486110105,0.3017921414404772,0.0005307306697878632,0.0003701692344239655,48.69866400815081,54.04813740858808,1.0002030418291794,1.000564960246988,36576.425427492366,33741.465083756484,13.980475246349508,18.905297734289423,0.0,0.0,0.0,"[300, 300, 300, 300, 300]","[0.0011938405207688877, 0.0, 0.0005095421899926573, 0.0010931232254231715, 0.0005192621544908991]","[300, 300, 100, 300, 100]","[300, 300, 300, 300, 300]","[0.00011687451034361538, 0.0, 0.0012129196107869302, 0.0007624356156852195, 0.0005614236121235512]","[0.00022835329118867876, 0.0001624536761373948, 0.0006393498109467168, 0.0004079480525950127, 0.0004127413412520243]",,0.013105494568717607,0.014745684958133427,5.0,1.96
1b,50000,5660606,neural-fore,neural-main-oracle-bellman,-11.438483829356619,-11.447362970023727,-11.44896978656228,0.012864697389234141,-11.472577776906626,-11.422148163140829,1.0,0.010485957205661478,0.001606816538552991,0.30283466255773267,0.30283466255773267,0.0347705412600091,0.03429470989419531,0.007877860133993397,nan,nan,0.04230361665360668,10.882126985159342,12.488065098793793,46439.422952714034,nan,nan,nan,nan,nan,nan,nan,nan,nan,260.0,0.0005656205027564148,47.03707833380904,20000.0,1.0005388564073603,0.0,180.0,300.0,0.3033593966947742,0.31102469947756795,0.0012398975827437864,0.00034006614049853287,40.277771866228434,50.54132312478032,1.000963837156581,1.0000422765972807,36740.43766788256,33789.28880200767,13.889085563473756,18.699917830128015,0.0,0.0,0.0,"[300, 300, 300, 300, 100]","[0.0, 0.0, 0.000999165512578256, 0.0, 0.0018289370012038177]","[100, 100, 300, 100, 300]","[300, 300, 300, 300, 300]","[0.002446830742713321, 0.002708248125523527, 0.0, 0.0010444090454820845, 0.0]","[0.0010499123231286947, 0.00023156094491164436, 0.0004188574344523254, 0.0, 0.0]",,0.012864697389234141,0.02012056334726564,5.0,1.96
1b,50000,5670606,neural-fore,neural-main-oracle-bellman,-11.449062905593902,-11.452910859733114,-11.44896978656228,0.013645158113611224,-11.479655369635791,-11.426166349830437,1.0,-9.311903162156909e-05,-0.003941073170834031,0.13834515950484616,0.13834515950484616,0.0290008338673668,0.028617758185932478,0.006230505435080068,nan,nan,0.04150544335821932,10.823479568039318,12.70220541899067,46422.745453696174,nan,nan,nan,nan,nan,nan,nan,nan,nan,300.0,0.00033303584054410423,56.56840307498351,20000.0,1.000065195214803,0.0,260.0,260.0,0.3171985442597342,0.3226445341186287,0.0007898786628133005,0.0005046764198845117,50.8928798168432,55.04537327499129,1.0003950333592582,0.9997307960103413,36787.60540149029,34075.38549010253,13.092465330902517,18.352850881448372,0.0,0.0,0.0,"[300, 300, 300, 300, 300]","[0.000979522387359879, 0.0, 0.000685656815360642, 0.0, 0.0]","[300, 300, 100, 300, 300]","[300, 300, 300, 100, 300]","[0.0, 0.0017883048155447083, 0.0021610884985217944, 0.0, 0.0]","[0.0024985057270496755, 0.0, 0.0, 2.4876372372883237e-05, 0.0]",,0.013645158113611224,0.02221027077192881,5.0,1.96
1b,50000,5680606,neural-fore,neural-main-oracle-bellman,-11.45361742064056,-11.461103781665424,-11.44896978656228,0.013819974740461604,-11.488190932156728,-11.434016631174119,1.0,-0.00464763407827995,-0.012133995103143391,0.1791057322094033,0.1791057322094033,0.03646664256099156,0.03620832732466802,0.005139266755260038,nan,nan,0.05212765492292068,10.820628123054334,12.521701587410293,46429.45892817237,nan,nan,nan,nan,nan,nan,nan,nan,nan,180.0,0.0004584803186571438,44.83499727456365,20000.0,0.999886871916756,0.0,300.0,300.0,0.35173959966904256,0.3654079602097613,0.0006594048171936839,0.0001791554621317619,54.014513808046466,58.43237183354795,0.9999738372807856,1.0006043901000095,36712.134312358314,34354.24612586548,13.07906373926482,17.76823386315351,0.0,0.0,0.0,"[100, 300, 300, 100, 100]","[0.0010043990138681087, 0.0, 0.0, 0.0012880025794176104, 0.0]","[300, 300, 300, 300, 300]","[300, 300, 300, 300, 300]","[0.0011840001225253889, 0.00025794243282516, 0.00013673208520664017, 0.0, 0.0017183494454112303]","[0.0, 0.0, 0.0, 0.0008957773106588096, 0.0]",,0.013819974740461604,0.01268811173130422,5.0,1.96
1b,50000,5690606,neural-fore,neural-main-oracle-bellman,-11.431185506258178,-11.437502753932245,-11.44896978656228,0.012985450712723874,-11.462954237329184,-11.412051270535306,1.0,0.017784280304102396,0.011467032630035234,0.2002034575555521,0.2002034575555521,0.029867052454453324,0.030090051514432205,0.010596539493680732,nan,nan,0.04428744601980622,10.916594004384724,12.773742369305223,46272.77912639549,nan,nan,nan,nan,nan,nan,nan,nan,nan,260.0,0.000792938919451,48.064033558848315,20000.0,1.0009442852802066,0.0,260.0,260.0,0.2933333477033995,0.30270148964779764,0.00023210405221412296,0.0002102832255313542,45.741041525220496,49.063908849842846,1.0015275819615956,1.0019011139728953,35738.21144171675,33396.31918859183,15.205523745577318,19.217119178108796,0.0,0.0,0.0,"[100, 300, 300, 300, 300]","[0.0006549775757650773, 0.00036830938865499766, 0.0004768915971796357, 0.001896825125922983, 0.0005676909097323068]","[300, 300, 300, 100, 300]","[300, 300, 300, 100, 300]","[0.0, 0.0, 0.00038417051407649576, 0.00039994874232612734, 0.00037640100466799164]","[0.0, 0.00017978226332108436, 0.0, 0.0001489732488218861, 0.0007226606155138005]",,0.012985450712723874,0.016994533834564493,5.0,1.96
1b,50000,5700606,neural-fore,neural-main-oracle-bellman,-11.445362910655293,-11.451011226485418,-11.44896978656228,0.013332975834165758,-11.477143859120384,-11.424878593850453,1.0,0.0036068759069873835,-0.0020414399231380997,0.3240116510524194,0.3240116510524194,0.042974757940983474,0.04179769505835477,0.007171552326595532,nan,nan,0.04010714882858796,10.757299616648817,12.568738858005819,46500.164022032484,nan,nan,nan,nan,nan,nan,nan,nan,nan,300.0,0.00019851931946946667,57.78449247460812,20000.0,1.0006506422395833,0.0,260.0,180.0,0.32893157505620174,0.33809813367225766,0.000274828532165571,0.0005380583107449695,48.082024299353364,47.570704058208506,1.000828908369677,1.0007981972124174,36742.67067705371,34416.98811595797,14.061671253276984,17.53163917210791,0.0,0.0,0.0,"[300, 300, 300, 300, 300]","[0.00020838884984062184, 0.0, 0.0, 0.0007842077475067115, 0.0]","[300, 100, 300, 300, 300]","[300, 100, 300, 100, 100]","[0.0, 0.0013741426608278552, 0.0, 0.0, 0.0]","[0.0016209297073342508, 0.00038730685849661556, 0.0, 0.0006820549878939811, 0.0]",,0.013332975834165758,0.012436516263927621,5.0,1.96
1b,50000,5710606,neural-fore,neural-main-oracle-bellman,-11.436366831378223,-11.441320367588593,-11.44896978656228,0.01255363863464818,-11.465925499312505,-11.416715235864682,1.0,0.012602955184057407,0.00764941897368665,0.1560372355939827,0.1560372355939827,0.0271245324721541,0.025206079260973967,0.005072591781634342,nan,nan,0.046138986582558036,10.94842064996348,12.745977218451658,46537.82795978024,nan,nan,nan,nan,nan,nan,nan,nan,nan,300.0,0.0005137770095794848,57.60636706680525,20000.0,1.0005078171747743,0.0,180.0,180.0,0.3023768292517075,0.3184089516816503,0.0012303114111562156,0.0008974617252390435,42.69457279162016,45.871902116620916,1.0006638293911805,1.0009504578220283,36901.99047143787,33992.50330942435,13.39800313979695,18.743071308907705,0.0,0.0,0.0,"[300, 300, 300, 300, 300]","[0.0008392308601475855, 0.0008410638325186007, 0.0003649675323486462, 0.0005236228228825917, 0.0]","[100, 300, 100, 100, 300]","[100, 300, 100, 300, 100]","[0.0017130264714077747, 0.0, 0.0022120105461357555, 0.0007567840406502054, 0.0014697359975873428]","[0.0017968777190152186, 0.0, 0.0009076070899140779, 0.0011781967709804386, 0.0006046270462854829]",,0.01255363863464818,0.008454634663417093,5.0,1.96
1b,50000,5720606,neural-fore,neural-main-oracle-bellman,-11.43889976090601,-11.442087352726627,-11.44896978656228,0.013850583318096753,-11.469234496030097,-11.414940209423158,1.0,0.010070025656270687,0.00688243383565279,0.26744422992532635,0.26744422992532635,0.03362696166238996,0.033663525227046284,0.007631625797582164,nan,nan,0.046710404869101406,10.67942565720951,12.978633492551284,46372.323485255845,nan,nan,nan,nan,nan,nan,nan,nan,nan,180.0,0.0005725152507403337,42.1407562920358,20000.0,1.0006160936119275,0.0,220.0,220.0,0.32812865691952275,0.33212073368406103,0.0009253053733264828,0.0005282110486271251,50.90834056639578,45.54151190021075,1.0006459868928181,1.0013992742424904,36456.867813728364,34136.3784629119,14.23703456445433,18.59028331094248,0.0,0.0,0.0,"[300, 100, 100, 100, 300]","[0.0009189189574715483, 0.00015889540952801443, 0.00028272475666970816, 0.001291344368413636, 0.0002106927616187612]","[300, 300, 100, 100, 300]","[300, 300, 100, 100, 300]","[0.0009622135943479771, 0.0003422089252677618, 0.0010874175946237734, 0.0016244325025187977, 0.0006102542498741041]","[0.0002383714111212846, 0.0, 0.002014458608762206, 0.00038822522325213484, 0.0]",,0.013850583318096753,0.00858761626118572,5.0,1.96
1b,50000,5730606,neural-fore,neural-main-oracle-bellman,-11.446372813322453,-11.454155049573242,-11.44896978656228,0.01322818757644334,-11.48008229722307,-11.428227801923413,1.0,0.002596973239826994,-0.0051852630109614495,0.21354865086827618,0.21354865086827618,0.026110884722720856,0.025294196535761298,0.007554583909860619,nan,nan,0.045167662158710764,10.83405226029582,12.681005277909058,46411.32411029233,nan,nan,nan,nan,nan,nan,nan,nan,nan,260.0,0.00024144382997045801,49.75511015783995,20000.0,1.0015003088345646,0.0,260.0,220.0,0.31051456947487344,0.3184512182386919,0.000517506983998812,0.0004196484068580167,52.53480273336172,47.225768558192065,1.0016177279341953,1.0020287784068806,36589.33913775433,34231.76103385039,13.590756690936015,18.003061272318583,0.0,0.0,0.0,"[300, 300, 100, 300, 300]","[0.0, 0.0, 0.0012072191498522901, 0.0, 0.0]","[300, 300, 300, 300, 100]","[300, 300, 300, 100, 100]","[0.0, 0.0, 0.0009004211917126609, 0.0, 0.0016871137282813994]","[0.0, 0.0, 0.0, 0.0017568157409021223, 0.00034142629338796126]",,0.01322818757644334,0.012092492176972846,5.0,1.96
1b,50000,5740606,neural-fore,neural-main-oracle-bellman,-11.435367202389228,-11.441827365574275,-11.44896978656228,0.012730047172859669,-11.466778258033079,-11.41687647311547,1.0,0.013602584173051824,0.007142420988005327,0.31956554484700916,0.31956554484700916,0.04309938474277725,0.041946487064018594,0.011969870879302066,nan,nan,0.04368837440193582,10.923217827133765,12.774806221463878,46398.86004862846,nan,nan,nan,nan,nan,nan,nan,nan,nan,260.0,0.0003936332177922398,46.659947508643384,20000.0,1.0005098067035552,0.0,300.0,260.0,0.28734267612380426,0.29750436599158014,0.0,0.00034785646258500807,52.61321388275828,46.91277889118064,1.0004533213457212,1.001103830558603,36554.62862506577,33549.87859044797,14.394880819302912,19.31886075266384,0.0,0.0,0.0,"[300, 300, 300, 100, 300]","[0.0, 0.0008930857839960921, 0.0, 0.0006409504403404558, 0.0004341298646246509]","[300, 300, 300, 300, 300]","[300, 300, 300, 300, 100]","[0.0, 0.0, 0.0, 0.0, 0.0]","[0.0, 0.0, 0.0, 0.0, 0.0017392823129250402]",,0.012730047172859669,0.007307505836078251,5.0,1.96
1b,50000,5750606,neural-fore,neural-main-oracle-bellman,-11.440357807700787,-11.445569463771623,-11.44896978656228,0.012981368449179758,-11.471012945932015,-11.42012598161123,1.0,0.008611978861493341,0.003400322790657384,0.17797110215589257,0.17797110215589257,0.033894140016517346,0.033400559104532594,0.009186492048017365,nan,nan,0.04285194993268999,10.873303207991722,12.525312373255334,46482.44846652133,nan,nan,nan,nan,nan,nan,nan,nan,nan,260.0,0.00018176950561377673,48.59628542480059,20000.0,1.000802358615126,0.0,260.0,300.0,0.3007724331633483,0.30938190048280656,0.0007957350036447017,0.0,47.47677132517565,51.380441674753094,1.0006425143375464,1.001923850841113,36304.11096426714,33619.365479751046,14.614182147244131,19.51179310171731,0.0,0.0,0.0,"[300, 300, 300, 300, 100]","[0.0, 0.0, 0.0, 0.00035682278257939096, 0.0005520247454894926]","[300, 300, 100, 300, 300]","[300, 300, 300, 300, 300]","[0.001518052802569497, 0.0, 0.0013173137942407457, 0.00011080757426681556, 0.0010325008471464509]","[0.0, 0.0, 0.0, 0.0, 0.0]",,0.012981368449179758,0.01700324924008167,5.0,1.96
1b,50000,5760606,neural-fore,neural-main-oracle-bellman,-11.443381795670518,-11.451035872055078,-11.44896978656228,0.013194434473446925,-11.476896963623034,-11.425174780487122,1.0,0.005587990891761763,-0.0020660854927978534,0.3010404298986676,0.3010404298986676,0.032186870413334887,0.02980751175019599,0.009002252667376481,nan,nan,0.04516284987870087,10.859201370256713,12.933816174895087,46388.13711578436,nan,nan,nan,nan,nan,nan,nan,nan,nan,260.0,0.0003659732208600134,46.44553568281699,20000.0,1.00036899808213,0.0,300.0,220.0,0.3018806444122003,0.31249528536024995,0.0002382934478664113,0.00043359377311215293,45.10771413338371,39.84590710045304,1.0004589582033527,1.0003769970375096,36642.54951331107,33946.217708302676,13.437587324189343,18.63585949664977,0.0,0.0,0.0,"[300, 300, 300, 300, 100]","[0.0006294413910465172, 0.00025533251574791057, 0.0, 0.0, 0.0009450921975056391]","[300, 300, 300, 300, 300]","[100, 100, 300, 300, 300]","[0.0, 0.000735415059318386, 0.0, 0.00041719731836542485, 3.885486164824555e-05]","[0.001123550729457613, 0.0005680360060650628, 0.0004763821300380888, 0.0, 0.0]",,0.013194434473446925,0.01313713106174947,5.0,1.96
1b,50000,5770606,neural-fore,neural-main-oracle-bellman,-11.447564606831968,-11.449585307989253,-11.44896978656228,0.013305984157544505,-11.47566503693804,-11.423505579040466,1.0,0.0014051797303125113,-0.0006155214269725207,0.2307926387048312,0.2307926387048312,0.03375814238004951,0.033193873029404325,0.006451808376992976,nan,nan,0.04201847429753622,10.940325503087166,13.120517355134112,46152.674813369165,nan,nan,nan,nan,nan,nan,nan,nan,nan,260.0,0.0005430894400422876,51.4654578334419,20000.0,1.0010343989287478,0.0,260.0,260.0,0.30265680027928504,0.31092857126725076,0.0005106322057489773,0.0006018275778731937,48.758473583543676,49.19333762479946,1.000971055574145,1.0009467318645142,35949.36841929036,33061.522049820494,15.326029843719581,20.085940582765886,0.0,0.0,0.0,"[100, 300, 300, 300, 300]","[0.0005662196818660453, 0.0002801969480762829, 0.0005637835780213205, 0.0006406666586717035, 0.0006645803335760861]","[300, 300, 100, 300, 300]","[100, 300, 300, 300, 300]","[0.0, 0.00033361299635333106, 0.001380480856181682, 0.0, 0.0008390671762098736]","[0.000728818215929662, 0.0, 0.0006202439311888963, 0.0016600757422474105, 0.0]",,0.013305984157544505,0.010286171515917267,5.0,1.96
1b,50000,5780606,neural-fore,neural-main-oracle-bellman,-11.467049133304313,-11.47207617027891,-11.44896978656228,0.012617770230956758,-11.496806999931586,-11.447345340626235,1.0,-0.018079346742032598,-0.02310638371663032,0.1634698878092978,0.1634698878092978,0.027960844160549253,0.027414386908037335,0.005258569693351355,nan,nan,0.04557734090255266,10.8959462967867,12.832238382261863,46415.19174953108,nan,nan,nan,nan,nan,nan,nan,nan,nan,220.0,0.0005114035611846631,46.29089303337969,20000.0,0.9998039891856896,0.0,260.0,220.0,0.28368655293793277,0.29403479278837347,0.0003635507568944812,0.0005214094679841833,48.691868749982675,45.710727650020274,0.9996125941319722,0.9999861408061396,36941.590287707084,33796.123412065164,13.390490386439911,19.48383223757272,0.0,0.0,0.0,"[100, 300, 300, 100, 300]","[0.001647469919276639, 0.0, 0.00017365635518416797, 0.0005027761344758894, 0.00023311539698661927]","[300, 300, 300, 300, 100]","[300, 300, 300, 100, 100]","[0.0, 0.0001024422666479313, 9.555990038130652e-05, 0.0, 0.0016197516174431682]","[0.0, 0.0007812181855294695, 0.00038831810546867304, 0.0014375110489227743, 0.0]",,0.012617770230956758,0.013304677561301308,5.0,1.96
1b,50000,5790606,neural-fore,neural-main-oracle-bellman,-11.45387361026349,-11.461011507541972,-11.44896978656228,0.012739406321141868,-11.48598074393141,-11.436042271152534,1.0,-0.00490382370120912,-0.012041720979691917,0.16171577345024013,0.16171577345024013,0.025436008759037638,0.025179599690095082,0.006585998124789946,nan,nan,0.04200004133671745,10.994673701546063,12.473080403213782,46355.6954255474,nan,nan,nan,nan,nan,nan,nan,nan,nan,300.0,0.0004954202928379458,53.863037557643835,20000.0,1.0004908242496011,0.0,220.0,260.0,0.28816479550778595,0.29641740008502615,0.0009852166383640753,0.0003420619313806375,45.96975774981547,52.33402259137947,1.0009745928388507,1.0005057133337565,36568.34895709941,33493.227797192616,14.151806945621491,19.401101876922674,0.0,0.0,0.0,"[300, 300, 300, 300, 300]","[0.0010034522336126728, 0.0, 0.0005598940784821765, 0.0, 0.0009137551520948796]","[300, 300, 300, 100, 100]","[300, 300, 100, 300, 300]","[9.006656678884354e-05, 0.0, 0.0014543107939760293, 0.0009274894537814998, 0.0024542163772740032]","[0.0, 0.0012859101152926287, 0.0001872523709726284, 0.0, 0.00023714717063793054]",,0.012739406321141868,0.008774859048283103,5.0,1.96
1b,50000,5800606,neural-fore,neural-main-oracle-bellman,-11.437496390535042,-11.44533437040437,-11.44896978656228,0.013448865865838194,-11.471694147501411,-11.418974593307327,1.0,0.01147339602723818,0.0036354161579108535,0.1254288862388176,0.1254288862388176,0.024042409758229064,0.023135895810300577,0.008180322554163812,nan,nan,0.043698587442342854,10.914359505474259,13.008355097494405,46230.834473643015,nan,nan,nan,nan,nan,nan,nan,nan,nan,260.0,0.0006586545354327652,44.673321842262524,20000.0,0.9998000170947747,0.0,260.0,180.0,0.33750354577846026,0.3494790504909545,0.0005163682074546127,0.0013507837304856235,44.79707880853675,39.9854900257662,0.9997291759290189,1.0007930679152612,36402.32753050515,33963.96784782243,14.07487333344098,18.53644940853864,0.0,0.0,0.0,"[300, 100, 300, 300, 300]","[0.00017713637953779222, 0.001658082436142085, 0.0009903584341392814, 0.00046769542734466764, 0.0]","[300, 100, 300, 300, 300]","[100, 100, 300, 300, 100]","[0.0, 0.0014437493556388491, 0.0, 0.0, 0.0011380916816342143]","[0.0012029286540650953, 0.003801954223620771, 0.000956551978229267, 0.0007924837965129837, 0.0]",,0.013448865865838194,0.010935152744807402,5.0,1.96
1b,50000,5810606,neural-fore,neural-main-oracle-bellman,-11.447707036224745,-11.452539436189427,-11.44896978656228,0.013276072647517165,-11.478560538578561,-11.426518333800294,1.0,0.001262750337534868,-0.003569649627147342,0.15622226627633937,0.15622226627633937,0.022995092446686287,0.02248185901582584,0.006438915631493968,nan,nan,0.042270017838166196,10.883709665184291,12.869396739100413,46260.10127463423,nan,nan,nan,nan,nan,nan,nan,nan,nan,300.0,0.0002644734545088902,57.96369361616671,20000.0,1.0010101272780447,0.0,220.0,260.0,0.32258890248530364,0.3313776863981257,0.000674665139858971,0.0003168638245399635,50.21334246676415,55.09740758338012,1.0007937235989277,1.001759104329238,36546.24031145796,33988.75400994063,14.488198143345747,18.169176156187792,0.0,0.0,0.0,"[300, 300, 300, 300, 300]","[0.0005798722209604251, 0.0, 0.0007424950515840258, 0.0, 0.0]","[300, 100, 100, 300, 300]","[300, 100, 300, 300, 300]","[0.0, 0.0015070686071704431, 0.0015994430480393159, 0.0, 0.00026681404408509585]","[0.00047893720328102523, 0.0009654643530319698, 0.0, 0.0, 0.00013991756638682235]",,0.013276072647517165,0.012741684786793382,5.0,1.96
1b,50000,5820606,neural-fore,neural-main-oracle-bellman,-11.462017729691274,-11.46583142909311,-11.44896978656228,0.012887860699686065,-11.491091636064494,-11.440571222121724,1.0,-0.013047943128993822,-0.016861642530829002,0.1446653671923874,0.1446653671923874,0.023145592092777906,0.022361288655234412,0.006015951209071117,nan,nan,0.039634899629624736,10.911881111965636,12.668313433927985,46327.445524623814,nan,nan,nan,nan,nan,nan,nan,nan,nan,300.0,0.0,59.15826884175185,20000.0,1.0010542866530552,0.0,260.0,260.0,0.28606626085389825,0.29417644187078656,0.0008896528345024229,0.0004014000653463792,51.091440557711756,52.309301683004016,1.0009309896066771,1.0004914810597796,36871.63802418421,33616.14126797255,13.298147900282407,19.68444078726657,0.0,0.0,0.0,"[300, 300, 300, 300, 300]","[0.0, 0.0, 0.0, 0.0, 0.0]","[300, 300, 300, 100, 300]","[300, 100, 300, 300, 300]","[0.0008833666714905865, 0.0013701051559015986, 0.0, 0.0021947923451199293, 0.0]","[0.000358315687944861, 0.0008435197100536917, 0.0, 0.0007158838363592907, 8.928109237405277e-05]",,0.012887860699686065,0.01320832223952155,5.0,1.96
1b,50000,5830606,neural-fore,neural-main-oracle-bellman,-11.460516517016547,-11.467233778688811,-11.44896978656228,0.012454630404666014,-11.491644854281956,-11.442822703095667,1.0,-0.011546730454266907,-0.018263992126531292,0.12938369499433022,0.12938369499433022,0.02209824401748268,0.021301155489179532,0.006132380234330583,nan,nan,0.04878129023890533,10.858670163278394,12.926577601944436,46474.13398036262,nan,nan,nan,nan,nan,nan,nan,nan,nan,220.0,0.0005392220677557359,55.60272501683794,20000.0,1.0002297647976799,0.0,180.0,140.0,0.27765519984885756,0.2905820734247084,0.0012370567292240408,0.0007861892006790485,48.77288894976955,44.293701725150456,0.9995676426128149,1.0011882662086784,36883.73167473033,33412.260970112424,13.501002046335392,19.932223507382997,0.0,0.0,0.0,"[100, 300, 300, 100, 300]","[0.0018831227240503972, 2.2050430142545166e-05, 0.0, 0.00014191717487918156, 0.0006490200097065558]","[100, 100, 300, 300, 100]","[100, 100, 300, 100, 100]","[0.0015050158895640832, 0.002528677093222121, 5.6903905466419495e-05, 0.0011831403465616642, 0.0009115464113059168]","[0.0006778391236566297, 0.0004230106632493306, 0.0, 0.001493592036653706, 0.0013365041798355766]",,0.012454630404666014,0.008592080800510393,5.0,1.96
1b,50000,5840606,neural-fore,neural-main-oracle-bellman,-11.438259723028482,-11.446277216239515,-11.44896978656228,0.012937986927563594,-11.47163567061754,-11.420918761861492,1.0,0.01071006353379822,0.002692570322764709,0.12076884071142283,0.12076884071142283,0.021456335430065032,0.020828196253190025,0.009791545451052765,nan,nan,0.044546169903485054,10.939845621304176,12.41275583324074,46488.78160116055,nan,nan,nan,nan,nan,nan,nan,nan,nan,260.0,0.000546883588369809,62.90096754983533,20000.0,1.0004797061484263,0.0,300.0,180.0,0.3315843644693576,0.34751489458371193,0.0001856216360431324,0.0007365021989908974,63.70070015806705,51.398581441817804,1.000296585898353,1.0008898383705849,36592.149533841504,34201.57575364491,14.756924711241215,17.944388445093523,0.0,0.0,0.0,"[300, 300, 100, 300, 300]","[0.0, 0.0008562966797836249, 0.0007703201583446101, 0.0010520723307812063, 5.572877293960407e-05]","[300, 300, 300, 300, 300]","[100, 300, 300, 100, 100]","[0.0, 0.0, 0.0006211228006371618, 0.0003069853795785002, 0.0]","[0.001583192995987204, 0.0, 0.0, 0.0, 0.0020993179989672833]",,0.012937986927563594,0.016254186545266006,5.0,1.96
1b,50000,5850606,neural-fore,neural-main-oracle-bellman,-11.443292855615146,-11.448434616193396,-11.44896978656228,0.01313666705320942,-11.474182483617685,-11.422686748769106,1.0,0.00567693094713384,0.0005351703688845078,0.14330016640186405,0.14330016640186405,0.023239122149039212,0.022136849675302755,0.007263302519945253,nan,nan,0.046107822615743144,10.877419371661937,12.765158362460289,46494.65962594375,nan,nan,nan,nan,nan,nan,nan,nan,nan,260.0,0.0005777333176202321,62.41274882503785,20000.0,1.0000100959718383,0.0,300.0,260.0,0.32271120896432215,0.3350723461632619,0.00017261560353846596,0.0007058214889734824,63.96892964995932,62.099099633377044,1.0000295733103557,1.000570605498936,36729.60759147693,34533.72242126679,13.533268011189847,17.753081063228365,0.0,0.0,0.0,"[100, 300, 300, 300, 300]","[0.000926563459378329, 0.0005384632472814291, 0.0006050340057186463, 0.0008186058757227558, 0.0]","[300, 300, 300, 300, 300]","[300, 300, 300, 100, 300]","[0.00012100511253759105, 0.0, 0.0, 0.0007420729051547388, 0.0]","[0.0, 0.0, 0.0006294060122275556, 0.0012546557482073875, 0.0016450456844324687]",,0.01313666705320942,0.016637560681414743,5.0,1.96
1b,50000,5860606,neural-fore,neural-main-oracle-bellman,-11.438492122491297,-11.444158496907354,-11.44896978656228,0.013156198775739954,-11.469944646507804,-11.418372347306905,1.0,0.01047766407098294,0.004811289654925943,0.1436508579776232,0.1436508579776232,0.023843550231307412,0.02242972175561101,0.008840110562666759,nan,nan,0.040698451740506035,10.893676225668717,12.709783133340945,46414.30948987248,nan,nan,nan,nan,nan,nan,nan,nan,nan,300.0,0.00020184419197915045,63.90046523306519,20000.0,1.0006694119214083,0.0,220.0,300.0,0.30427370221170313,0.311982809814712,0.0006294196367553069,0.0003925211690439503,56.06544459243305,65.13251824185718,1.0010414720040761,0.9996195992500441,36714.77266718563,33851.789600898424,13.969240355219963,18.68379775656319,0.0,0.0,0.0,"[300, 300, 300, 300, 300]","[0.0010092209598957522, 0.0, 0.0, 0.0, 0.0]","[100, 100, 300, 300, 300]","[300, 300, 300, 300, 300]","[0.0011387036365637924, 0.0015004807041330383, 0.0, 0.0, 0.0005079138430797036]","[0.0009608363362486637, 0.000490955086212815, 0.0005108144227582727, 0.0, 0.0]",,0.013156198775739954,0.008336194911068988,5.0,1.96
1b,50000,5870606,neural-fore,neural-main-oracle-bellman,-11.44656444240049,-11.449707699168336,-11.44896978656228,0.013045841053292524,-11.475277547632789,-11.424137850703882,1.0,0.0024053441617901683,-0.0007379126060556018,0.18302660726756845,0.18302660726756845,0.02652421255801877,0.025826550152394923,0.006329323819618169,nan,nan,0.04140542658930008,10.972696795709858,12.611993578764814,46246.929156534956,nan,nan,nan,nan,nan,nan,nan,nan,nan,300.0,5.1492890355941e-05,58.053043917031026,20000.0,1.001324399696212,0.0,300.0,260.0,0.29975781174550853,0.3093328799890189,7.415394849756927e-05,0.0005578388066215376,59.54402140837628,55.43473565026652,1.0014347628325193,1.0021050019200748,36425.407808236836,33941.440415279,13.691633637985765,18.44652878260599,0.0,0.0,0.0,"[300, 300, 300, 300, 300]","[0.0, 0.0, 0.0, 0.0, 0.000257464451779705]","[300, 300, 300, 300, 300]","[300, 300, 300, 100, 300]","[0.0, 0.0, 0.00037076974248784634, 0.0, 0.0]","[0.00031400229942606475, 0.0, 0.00034099952492173496, 0.0016709097364854175, 0.00046328247227447064]",,0.013045841053292524,0.011853070268543025,5.0,1.96
1b,50000,5880606,neural-fore,neural-main-oracle-bellman,-11.45722815521665,-11.461495235485842,-11.44896978656228,0.013458804006339134,-11.487874491338266,-11.435115979633418,1.0,-0.008258368654370685,-0.012525448923561555,0.1542001733660405,0.1542001733660405,0.03349459990219218,0.03173508365191505,0.004139502300369926,nan,nan,0.03963575395385219,10.838863543278883,12.791108243860677,46296.896116868644,nan,nan,nan,nan,nan,nan,nan,nan,nan,260.0,0.00020378716026337872,62.11205678342376,20000.0,1.000616592896921,0.0,300.0,300.0,0.31458758196122927,0.3202075322186849,0.0006355970475100531,0.0004758220288494943,65.22541724997572,63.94269501620438,1.0007813535910643,1.0003943800932793,36621.02028851355,34243.75741319746,13.393540303111985,18.02555295806539,0.0,0.0,0.0,"[100, 300, 300, 300, 300]","[0.0006647351966324617, 0.0, 3.1346966262678046e-05, 0.00021021518258183112, 0.00011263845583992283]","[300, 300, 300, 300, 300]","[300, 300, 300, 300, 300]","[0.00013550125022645696, 7.723449210685779e-05, 0.0, 0.0015662137247238028, 0.0013990357704931479]","[0.0, 0.0023132728256987003, 0.0, 0.0, 6.583731854877109e-05]",,0.013458804006339134,0.006954098843547347,5.0,1.96
1b,50000,5890606,neural-fore,neural-main-oracle-bellman,-11.433506971580172,-11.436402022623339,-11.44896978656228,0.013105338814631511,-11.462088486700017,-11.410715558546661,1.0,0.015462814982107886,0.012567763938941212,0.18697229375365176,0.18697229375365176,0.037060837382207876,0.03651075118304064,0.004846223002520299,nan,nan,0.05179487222794564,10.773645030478871,12.876807064843977,46610.182609444564,nan,nan,nan,nan,nan,nan,nan,nan,nan,220.0,0.0007018084570372695,61.45738114186097,20000.0,1.000757357697046,0.0,300.0,300.0,0.3143083763788085,0.3260742130051447,0.00024027027736252268,7.979619930334651e-05,68.78082425880712,68.50359698354733,1.0005591677350676,1.000936942297357,36817.19898680061,34376.185402044204,13.853968797615384,17.806396668277493,0.0,0.0,0.0,"[100, 300, 300, 100, 300]","[0.0006348881341414705, 7.887946329471711e-05, 0.0003575596735245414, 0.001307751398636427, 0.0011299636155891915]","[300, 300, 300, 300, 300]","[300, 300, 300, 300, 300]","[0.0012013513868126134, 0.0, 0.0, 0.0, 0.0]","[0.0, 0.00036691193795697493, 0.0, 3.2069058559757596e-05, 0.0]",,0.013105338814631511,0.016084463180043123,5.0,1.96
1b,50000,5900606,neural-fore,neural-main-oracle-bellman,-11.443129255972856,-11.449189640547935,-11.44896978656228,0.013106665189123148,-11.474878704318616,-11.423500576777254,1.0,0.00584053058942402,-0.00021985398565504966,0.19265430458340602,0.19265430458340602,0.0327578120703519,0.03062795307802487,0.00697788164170793,nan,nan,0.046383657709336105,10.812295768108086,12.77024829087024,46452.57734179025,nan,nan,nan,nan,nan,nan,nan,nan,nan,260.0,0.0003554305991471463,60.22144955021795,20000.0,1.0001456742332238,0.0,260.0,300.0,0.31127743054858614,0.3214651497304142,0.0003173560543701999,0.0007933062397650301,58.25657185860909,62.00924912460614,1.000030258038964,1.001688426484121,36711.7014937378,33891.91953210379,13.712045466766378,18.86432623985521,0.0,0.0,0.0,"[100, 300, 300, 300, 300]","[0.0, 0.0, 0.0, 0.0012874689618965639, 0.0004896840338391676]","[300, 300, 300, 300, 100]","[300, 300, 300, 300, 300]","[0.0, 0.0005547886404637958, 0.0, 0.0, 0.0010319916313872037]","[5.101938155436569e-05, 0.0017141379693821038, 0.0, 0.0015281552236517566, 0.0006732186242369241]",,0.013106665189123148,0.011985662340410083,5.0,1.96
1b,50000,5910606,neural-fore,neural-main-oracle-bellman,-11.4483999416992,-11.449243701640102,-11.44896978656228,0.013381339903047592,-11.475471127850074,-11.423016275430129,1.0,0.0005698448630795383,-0.00027391507782148494,0.21041962442180995,0.21041962442180995,0.029772814278121985,0.028077451979480396,0.006036154674042168,nan,nan,0.053191828148243574,10.829521654272863,12.454468697461406,46398.913550518664,nan,nan,nan,nan,nan,nan,nan,nan,nan,220.0,0.000577066772058441,60.30989380001556,20000.0,1.0015203672055153,0.0,300.0,300.0,0.31014010068901,0.3194556264867053,0.0,6.259645390135088e-05,70.8451946999412,70.87429377438966,1.0020858242101705,1.0018195655993059,36290.90897293505,34344.62857627171,14.032724340415466,18.47593505535186,0.0,0.0,0.0,"[100, 300, 300, 100, 300]","[0.0012497439190388762, 0.001420665159215837, 0.0, 0.0002017367006860668, 1.3188081351425013e-05]","[300, 300, 300, 300, 300]","[300, 300, 300, 300, 300]","[0.0, 0.0, 0.0, 0.0, 0.0]","[0.0, 0.0, 0.0003129822695067544, 0.0, 0.0]",,0.013381339903047592,0.00877780392872954,5.0,1.96
1b,50000,5920606,neural-fore,neural-main-oracle-bellman,-11.475615914837837,-11.483251731209434,-11.44896978656228,0.01316694136200295,-11.50905893627896,-11.457444526139907,0.0,-0.02664612827555679,-0.034281944647153395,0.14763935421539923,0.14763935421539923,0.02851460834501412,0.02893037548016165,0.0059922875956115685,nan,nan,0.04562472677199733,10.858193633185333,12.749559280789233,46394.36728436601,nan,nan,nan,nan,nan,nan,nan,nan,nan,260.0,0.00017301452532259012,68.54407618362457,20000.0,0.9992436757616516,0.0,220.0,260.0,0.29600090963885584,0.30132248199059497,0.0012072979426381951,0.0003089933257234808,63.223867541830984,68.69584096698091,0.9995721846738667,0.9991982269855976,36515.822875124206,34111.64621355214,13.80992116310627,18.094656750360844,0.0,0.0,0.0,"[300, 300, 300, 300, 100]","[0.0, 8.982427733764575e-06, 0.0, 0.0, 0.000856090198879186]","[300, 100, 100, 300, 300]","[300, 100, 300, 300, 300]","[0.0, 0.0014752642581213552, 0.002871614760265579, 0.0, 0.0016896106948040418]","[0.0, 0.001451538617895198, 0.0, 0.0, 9.342801072220611e-05]",,0.01316694136200295,0.014964350735865802,5.0,1.96
1b,50000,5930606,neural-fore,neural-main-oracle-bellman,-11.457569797795362,-11.460926109010735,-11.44896978656228,0.013190633178307482,-11.486779750040219,-11.435072467981252,1.0,-0.008600011233081517,-0.011956322448455126,0.2022967656016529,0.2022967656016529,0.024343896601045266,0.02428416979552752,0.004805500840734554,nan,nan,0.04725566795308253,10.706376657998135,12.82760545764666,46474.46443424858,nan,nan,nan,nan,nan,nan,nan,nan,nan,220.0,0.0004700256141245417,63.57694288338534,20000.0,0.9993296276252492,0.0,220.0,220.0,0.2909213543687542,0.29434130746541004,0.0004836492828004816,0.0007143511802559818,63.79063066702802,62.90932520853821,0.9994853833229087,0.9987111167995479,37029.4369485686,34396.09013501159,13.015291529529367,17.822550278934877,0.0,0.0,0.0,"[300, 100, 300, 300, 100]","[8.564540074918341e-06, 0.0006519107173585682, 4.832364528361361e-05, 0.0, 0.0016413291679056084]","[300, 100, 100, 300, 300]","[300, 300, 100, 300, 100]","[0.0, 0.001036644807311587, 0.0011333251144130126, 0.0, 0.0002482764922778086]","[0.0, 0.0, 0.0014964265193417232, 0.0, 0.002075329381938186]",,0.013190633178307482,0.019115811205222395,5.0,1.96
1b,50000,5940606,neural-fore,neural-main-oracle-bellman,-11.467833916272143,-11.471342631494586,-11.44896978656228,0.012723090739994176,-11.496279889344976,-11.446405373644197,1.0,-0.018864129709863064,-0.02237284493230618,0.16720707224542164,0.16720707224542164,0.027271139323311537,0.02678802835990695,0.007371849896552836,nan,nan,0.044466096236293565,11.051583855452588,12.811424293429756,46061.05671140518,nan,nan,nan,nan,nan,nan,nan,nan,nan,260.0,0.0002945951015144256,62.845857808203434,20000.0,1.0008627911304342,0.0,300.0,300.0,0.2580458404227452,0.2687470120148954,0.0006248035786213968,0.000352101934369554,67.21222160800826,64.50347309138161,1.0014461342830532,1.0001563435064955,36017.083961873344,33063.0823124098,14.328037265555091,20.188246875964502,0.0,0.0,0.0,"[300, 100, 300, 300, 300]","[0.0, 0.0006765422295925886, 0.0003434415092033455, 0.0, 0.00045299176877619394]","[300, 300, 300, 300, 300]","[300, 300, 300, 300, 300]","[0.0005066571706716907, 0.0, 0.0, 0.0011729498913736229, 0.0014444108310616704]","[0.0, 0.0, 0.0, 0.0, 0.00176050967184777]",,0.012723090739994176,0.010204112109534542,5.0,1.96
1b,50000,5950606,neural-fore,neural-main-oracle-bellman,-11.444260225463374,-11.450319669861651,-11.44896978656228,0.01332905114868504,-11.476444610113074,-11.424194729610228,1.0,0.004709561098906079,-0.001349883299370802,0.24341088121262455,0.24341088121262455,0.03423148979347549,0.03433326794914981,0.007820686763527753,nan,nan,0.04322963968945107,10.855454453973392,12.697818240590315,46359.610532311744,nan,nan,nan,nan,nan,nan,nan,nan,nan,300.0,9.17555750937996e-05,73.16678352458402,20000.0,1.0009029356419954,0.0,180.0,220.0,0.317852127370079,0.32367819570839185,0.000596275911447648,0.0005616813011838893,58.06627614160534,62.530464700167066,1.0009256733974903,1.0004718818215896,36808.221729406156,34243.109219984406,13.560383849252636,17.949580148250675,0.0,0.0,0.0,"[300, 300, 300, 300, 300]","[0.0, 0.0, 0.0, 0.00045877787546899797, 0.0]","[100, 300, 100, 100, 300]","[100, 300, 300, 100, 300]","[0.0007784474874202807, 0.00016420358671619448, 0.0013805761843920625, 0.0006581522987097025, 0.0]","[0.0006338172897602092, 0.0001702049077663057, 0.0009183166720746218, 0.0010860676363183095, 0.0]",,0.01332905114868504,0.0063843763268284885,5.0,1.96
1b,50000,5960606,neural-fore,neural-main-oracle-bellman,-11.451269531715804,-11.45668384689525,-11.44896978656228,0.013223315906292405,-11.482601546071583,-11.430766147718918,1.0,-0.0022997451535236024,-0.007714060332970618,0.15806788084284656,0.15806788084284656,0.028005978221134993,0.026323640704492356,0.005379153290391732,nan,nan,0.0385873162751172,10.832816832298587,12.758779309450683,46483.18357006438,nan,nan,nan,nan,nan,nan,nan,nan,nan,220.0,0.0008002320051663691,63.27059467460494,20000.0,1.0004448965171364,0.0,300.0,260.0,0.3273677190353944,0.3367831630313779,1.7070486712520284e-05,0.0005824314129837034,74.40196600884664,66.24356519954745,1.0009732807105638,1.0001968904483334,36734.82054291383,34676.3790916147,13.252168833689533,17.001849266167124,0.0,0.0,0.0,"[100, 300, 300, 100, 300]","[0.00215223381062572, 0.0, 0.0, 0.001563804973573478, 0.000285121241632647]","[300, 300, 300, 300, 300]","[300, 300, 300, 100, 300]","[8.535243356260142e-05, 0.0, 0.0, 0.0, 0.0]","[7.255963501359789e-05, 0.00064132199954731, 0.000592907129032977, 0.0008727608974470779, 0.0007326074038775548]",,0.013223315906292405,0.0205495913534718,5.0,1.96
1b,50000,5970606,neural-fore,neural-main-oracle-bellman,-11.455988221479366,-11.462146189482802,-11.44896978656228,0.013093406424254793,-11.487809266074342,-11.436483112891262,1.0,-0.0070184349170858695,-0.013176402920521468,0.2927330580794876,0.2927330580794876,0.03329901437222231,0.0325745694352388,0.008361175176448625,nan,nan,0.05991261772787338,10.770837884255435,12.874736082181968,46480.37219025271,nan,nan,nan,nan,nan,nan,nan,nan,nan,140.0,0.0010948761997454975,51.32157695782371,20000.0,1.0003910577361672,0.0,300.0,260.0,0.28389616682711183,0.29560956126957755,0.0010072156111853817,0.0011238656911115642,69.36430309193675,65.24944117444102,1.000596684827541,1.0001640322955456,36216.231461965785,34098.995045772535,14.415342302253018,18.391356831160504,0.0,0.0,0.0,"[100, 100, 100, 100, 300]","[0.00020677591344729995, 0.0013775816175434614, 0.0017914634759165463, 0.0019264896261574085, 0.00017207036566277184]","[300, 300, 300, 300, 300]","[300, 300, 100, 300, 300]","[2.927362773403561e-05, 0.0005647257303741054, 0.0039732747080658635, 0.0004688039897529037, 0.0]","[0.0017300147298216903, 0.0, 0.003160871662770757, 0.0007284420629653731, 0.0]",,0.013093406424254793,0.019635057756947374,5.0,1.96
1b,50000,5980606,neural-fore,neural-main-oracle-bellman,-11.435019838766225,-11.443679116022343,-11.44896978656228,0.013588584786717126,-11.470312742204309,-11.417045489840378,1.0,0.013949947796055184,0.005290670539936926,0.14353154883628627,0.14353154883628627,0.02527951306627239,0.025172101646683476,0.00816111721090406,nan,nan,0.04364702357932336,10.71013812822704,12.703581074362411,46512.08254000908,nan,nan,nan,nan,nan,nan,nan,nan,nan,260.0,0.00011922380131277382,60.22178521642927,20000.0,1.0004077967477119,0.0,260.0,220.0,0.3283769491550862,0.33254153087956884,0.0014393157431380108,0.0005267463115658486,59.27009006699082,54.42012872542254,1.0001935770139176,1.0005479077724853,36676.52155004672,33885.12419409685,13.815996889084108,18.894110485324852,0.0,0.0,0.0,"[300, 300, 300, 100, 300]","[0.0, 0.0, 0.0005961190065638691, 0.0, 0.0]","[300, 300, 100, 300, 300]","[300, 100, 300, 100, 300]","[0.0, 0.003092627821942823, 0.002126059601100163, 0.001977891292647068, 0.0]","[0.00042450122246307366, 0.0012037767103420575, 0.0, 0.0010054536250241116, 0.0]",,0.013588584786717126,0.015350658053412125,5.0,1.96
1b,50000,5990606,neural-fore,neural-main-oracle-bellman,-11.450184364624796,-11.455002978886412,-11.44896978656228,0.012995008338476999,-11.480473195229827,-11.429532762542998,1.0,-0.001214578062516125,-0.006033192324132131,0.3282431556906288,0.3282431556906288,0.040023879024351276,0.03720573443637574,0.009306968861952857,nan,nan,0.04361529783818628,10.945263859799272,12.81701437185788,46333.40600225506,nan,nan,nan,nan,nan,nan,nan,nan,nan,300.0,0.0006216520848395924,72.4147792750271,20000.0,1.001111385139955,0.0,300.0,260.0,0.29664241913717165,0.30538106344420834,0.00030868956521389973,0.0004111598979058465,72.29101579159033,68.00335481644143,1.0006148817309841,1.0013932876205633,36244.11700884026,34139.02017625059,15.961204268912894,18.3534769934762,0.0,0.0,0.0,"[300, 300, 300, 300, 300]","[0.0013365254940110715, 0.0, 0.00018072794178621365, 0.0007652999601320425, 0.0008257070282686341]","[300, 300, 300, 300, 300]","[300, 300, 100, 300, 300]","[0.0015434478260694987, 0.0, 0.0, 0.0, 0.0]","[0.0007877900364391538, 0.0, 0.0009933401426804511, 0.0, 0.00027466931040962726]",,0.012995008338476999,0.01798765029808086,5.0,1.96
1b,50000,6000606,neural-fore,neural-main-oracle-bellman,-11.427698804428003,-11.432534366577954,-11.44896978656228,0.012925323089254414,-11.457867999832892,-11.407200733323016,1.0,0.02127098213427736,0.01643541998432596,0.24282792862092836,0.24282792862092836,0.031140762808885215,0.03090949707882773,0.01088948858416679,nan,nan,0.04686801632042637,10.834379622997645,12.947241241506521,46496.52002777025,nan,nan,nan,nan,nan,nan,nan,nan,nan,260.0,0.00040095861393407765,66.82958821661305,20000.0,1.000433372598661,0.0,300.0,260.0,0.31736905876291377,0.32693105985144877,0.000328651243422153,0.0006728981981378444,74.88285464975051,70.74663339219987,1.000518601163327,1.0004264069432842,36814.576807489895,34217.5811226609,13.404509328883089,17.435934861665107,0.0,0.0,0.0,"[300, 100, 300, 300, 300]","[0.00027083266392924186, 0.000632194609180683, 0.0007804507578162474, 0.00032131503874421625, 0.0]","[300, 300, 300, 300, 300]","[300, 300, 100, 300, 300]","[0.0, 0.0011277749089574024, 0.00026782246789223177, 0.0002476588402611309, 0.0]","[0.0, 8.274754162359882e-05, 0.0022586495685958394, 0.0, 0.001023093880469784]",,0.012925323089254414,0.008731150631347696,5.0,1.96
1b,50000,6010606,neural-fore,neural-main-oracle-bellman,-11.444538216004249,-11.449736855162026,-11.44896978656228,0.013833270133854363,-11.476850064624381,-11.422623645699671,1.0,0.004431570558031339,-0.000767068599746068,0.18236774715471812,0.18236774715471812,0.03080242993497383,0.03046941904014729,0.006579792858856698,nan,nan,0.03944691216503283,10.724175442915708,12.764782525474434,46332.01076044073,nan,nan,nan,nan,nan,nan,nan,nan,nan,300.0,5.219108660279869e-05,72.15308865837287,20000.0,1.0000715311757165,0.0,300.0,260.0,0.3389018826292183,0.3426688407616858,0.0,0.0006603710132215574,75.99338944135233,69.70141372457147,1.0002340218362253,1.0001097392666458,36608.69882854094,34370.32186251571,14.004450481872913,17.705602392258847,0.0,0.0,0.0,"[300, 300, 300, 300, 300]","[0.0002609554330139935, 0.0, 0.0, 0.0, 0.0]","[300, 300, 300, 300, 300]","[100, 300, 300, 300, 300]","[0.0, 0.0, 0.0, 0.0, 0.0]","[0.0009637469607536968, 0.0003707829150271589, 0.001344701510627786, 0.0, 0.0006226236796991453]",,0.013833270133854363,0.004638183719258542,5.0,1.96
1b,50000,6020606,neural-fore,neural-main-oracle-bellman,-11.438467505239421,-11.445766332168532,-11.44896978656228,0.012728883476687115,-11.470714943782838,-11.420817720554226,1.0,0.01050228132285902,0.0032034543937484727,0.2329902509639455,0.2329902509639455,0.035843954380857176,0.03601972869683737,0.007222829240856757,nan,nan,0.03558248138346832,10.972685649831181,12.349443594118801,46441.67493372221,nan,nan,nan,nan,nan,nan,nan,nan,nan,260.0,0.00046753102050885534,61.30238394166808,20000.0,1.0007855139879105,0.0,300.0,260.0,0.304304040510506,0.31376344347305907,0.00036370172335207834,0.0008160317637786983,66.48269850776997,62.69966540082824,1.0013616448666927,1.0006001158233597,36614.68369936444,34192.07111185086,13.785533526290246,18.250693620998437,0.0,0.0,0.0,"[300, 300, 300, 100, 300]","[0.0, 7.790000764043486e-05, 0.0008567485037785016, 0.0005103299846679119, 0.0008926766064574283]","[300, 300, 300, 300, 300]","[300, 300, 100, 300, 300]","[0.0010624443253694563, 0.0006296586119536063, 0.0, 7.71139448121257e-05, 4.929173462520363e-05]","[0.0003825953618753089, 0.0, 0.002522244344149366, 0.0011753191128688165, 0.0]",,0.012728883476687115,0.007200384062346978,5.0,1.96
1b,50000,6030606,neural-fore,neural-main-oracle-bellman,-11.436459656552836,-11.44450241834019,-11.44896978656228,0.01362016851380164,-11.471197948627243,-11.41780688805314,1.0,0.012510130009443898,0.004467368222089263,0.14021912464068137,0.14021912464068137,0.02673862736576247,0.02701225727258989,0.005796521157593383,nan,nan,0.04273964789282856,10.703226332815474,12.648611897852742,46666.10221376932,nan,nan,nan,nan,nan,nan,nan,nan,nan,220.0,0.0004680047897880751,64.43647087530698,20000.0,1.0002837412357222,0.0,300.0,220.0,0.33065562455283554,0.3419411750215608,0.0002704649906290036,0.0011556787457164233,76.43379095855634,63.35541930014733,1.0010361674825006,1.0001647641100493,36551.739238101734,34552.79672363131,14.463351472283591,17.895130082680815,0.0,0.0,0.0,"[300, 100, 300, 100, 300]","[0.0, 0.0014134205370304777, 0.0, 0.000926603411909898, 0.0]","[300, 300, 300, 300, 300]","[300, 100, 100, 300, 300]","[0.0003127413391528388, 0.0010395836139921793, 0.0, 0.0, 0.0]","[0.00025335217941930356, 0.0024035876443685707, 0.001591879376479511, 0.0015295745283147315, 0.0]",,0.01362016851380164,0.014479566884626156,5.0,1.96
1b,50000,6040606,neural-fore,neural-main-oracle-bellman,-11.465693111989207,-11.473967812927697,-11.44896978656228,0.01324989888092116,-11.499937614734302,-11.447998011121092,1.0,-0.016723325426927005,-0.024998026365416592,0.2774672306102171,0.2774672306102171,0.031882255050313696,0.03050566351089056,0.006503554160352374,nan,nan,0.038261193644366975,10.847424013395464,12.987483244595355,46170.78117292075,nan,nan,nan,nan,nan,nan,nan,nan,nan,260.0,0.0002844997682718047,72.6278648747597,20000.0,1.0007133438931608,0.0,220.0,260.0,0.29445724572350335,0.2996694070035576,0.0009612415269075736,0.0005541316754846923,67.47136353338138,72.61765481678303,1.0008808524391617,1.0006916553268916,36561.77271672852,33774.42939708741,13.81414745456814,19.10898377608026,0.0,0.0,0.0,"[100, 300, 300, 300, 300]","[0.0006045183202870478, 0.0, 0.0008179805210719757, 0.0, 0.0]","[300, 100, 300, 100, 300]","[300, 300, 300, 300, 100]","[0.0002876008986050861, 0.0020125055291706226, 0.0, 0.0009201597839772688, 0.001585941422784891]","[0.0, 0.00046554425751216136, 0.0008674000061199268, 0.0009085167859617529, 0.0005291973278296205]",,0.01324989888092116,0.014909870362348799,5.0,1.96
1b,50000,6050606,neural-fore,neural-main-oracle-bellman,-11.46367704575681,-11.47268145673638,-11.44896978656228,0.013185808661384777,-11.498525641712694,-11.446837271760065,1.0,-0.014707259194530309,-0.023711670174099808,0.18554833225584294,0.18554833225584294,0.027961503651374026,0.027742235627566225,0.005545314805010893,nan,nan,0.0457913267157048,10.790240114175226,12.463796896760352,46497.71646387662,nan,nan,nan,nan,nan,nan,nan,nan,nan,220.0,0.0001539878651293606,69.89245870856102,20000.0,1.0005106528239673,0.0,220.0,300.0,0.2918615333570963,0.2965498016982218,0.00042690118542060225,0.0,70.89501800844445,80.32657398274168,1.0005312500551695,1.0004166385075322,36818.38689742613,33871.776160909634,13.2641678983418,19.18593679973455,0.0,0.0,0.0,"[100, 300, 100, 300, 300]","[0.0003438976275587371, 0.0, 0.00042604169808806586, 0.0, 0.0]","[300, 300, 100, 300, 100]","[300, 300, 300, 300, 300]","[0.00047932702280018723, 0.0, 0.0016551789043028238, 0.0, 0.0]","[0.0, 0.0, 0.0, 0.0, 0.0]",,0.013185808661384777,0.01350284916268679,5.0,1.96
1b,50000,6060606,neural-fore,neural-main-oracle-bellman,-11.448782584331235,-11.455565968804029,-11.44896978656228,0.013017427988925037,-11.481080127662322,-11.430051809945736,1.0,0.00018720223104473632,-0.006596182241748849,0.1899346959088748,0.1899346959088748,0.030228291528447537,0.028912549118576946,0.006435656183753241,nan,nan,0.04107833506937519,10.792267186355009,12.94849454395549,46417.87108394603,nan,nan,nan,nan,nan,nan,nan,nan,nan,260.0,0.0004282925027066887,70.29845739956946,20000.0,0.9991973784499093,0.0,300.0,300.0,0.2975325191624306,0.3001440100384875,0.0002978736700993169,0.0002462239441052204,75.15249604957644,71.63519024164415,0.999118368874164,0.9996709264576126,36605.548079414104,33924.783747188376,13.130080533968158,18.7761558577376,0.0,0.0,0.0,"[300, 300, 100, 300, 300]","[0.0003435561363500025, 0.0009745026016787709, 0.00082340377550467, 0.0, 0.0]","[300, 300, 300, 300, 300]","[300, 300, 300, 300, 300]","[0.0001542503841190806, 0.0003447377836703401, 0.00015900671182533455, 0.0, 0.0008313734708818292]","[0.0, 0.0, 0.0, 0.0004982289587125611, 0.0007328907618135408]",,0.013017427988925037,0.005975556851694042,5.0,1.96
1b,50000,6070606,neural-fore,neural-main-oracle-bellman,-11.434266944327954,-11.440605451935744,-11.44896978656228,0.012285259753762887,-11.464684561053119,-11.416526342818369,1.0,0.014702842234326496,0.008364334626536518,0.1847325866406095,0.1847325866406095,0.039944640418895214,0.039862568479701425,0.010005717256096816,nan,nan,0.0424965141107356,10.943927278025221,12.752689474357727,46503.39465957282,nan,nan,nan,nan,nan,nan,nan,nan,nan,260.0,0.0005078592339199494,73.43660828357096,20000.0,0.999288136385163,0.0,220.0,180.0,0.2865182686572538,0.29897606647287567,0.001024262490974391,0.0009424625652873223,65.32098552479874,60.88469149207231,0.9995679328209548,0.9988483730909881,36834.950384049815,34039.49462154665,12.846092905376779,18.920267015983693,0.0,0.0,0.0,"[300, 300, 300, 100, 300]","[0.0, 0.0, 0.000604499748056628, 0.0019347964215431193, 0.0]","[100, 100, 300, 300, 300]","[100, 100, 100, 300, 300]","[0.002303359954154709, 0.0012114933489838942, 0.0, 0.0, 0.0016064591517333528]","[0.0012539380402019117, 0.0008820954836172783, 0.0, 0.0019763604297101853, 0.0005999188729072357]",,0.012285259753762887,0.006860958506334419,5.0,1.96
1b,50000,6080606,neural-fore,neural-main-oracle-bellman,-11.458196169581129,-11.46110099885229,-11.44896978656228,0.013189253398378243,-11.486951935513112,-11.435250062191468,1.0,-0.009226383018848594,-0.012131212290009685,0.24212099381863306,0.24212099381863306,0.03645941038929533,0.034761366999582786,0.007049206196364942,nan,nan,0.04607079376084298,10.873114353348136,12.741146151812,46330.563014877065,nan,nan,nan,nan,nan,nan,nan,nan,nan,260.0,0.00015560152722471273,66.2615039333934,20000.0,1.000776936049697,0.0,300.0,260.0,0.2959775006398817,0.3048822207617966,0.00028821566368432796,0.0005301537444899722,70.98901593363844,69.3957504422171,1.0013373640675036,1.000610961831764,36703.92299052958,34095.23185770748,13.323105869764927,18.668040268565413,0.0,0.0,0.0,"[300, 300, 300, 100, 300]","[0.00048262243516968397, 0.0, 0.0, 0.00029538520095387974, 0.0]","[300, 300, 300, 300, 300]","[300, 300, 300, 300, 100]","[0.0, 0.0, 0.00014555908872231985, 0.0, 0.00129551922969932]","[0.0003139146185059597, 0.0013315121764127314, 0.0, 0.0005114488670765464, 0.000493893060454623]",,0.013189253398378243,0.01687644876825043,5.0,1.96
1b,50000,6090606,neural-fore,neural-main-oracle-bellman,-11.440850618358178,-11.447610169844914,-11.44896978656228,0.013311898368813907,-11.47370149064779,-11.42151884904204,1.0,0.008119168204101967,0.0013596167173659524,0.24644677339180623,0.24644677339180623,0.035980146459575826,0.03447893650929722,0.007046008229873498,nan,nan,0.04099283454469617,10.95526671472673,12.759788874223174,46326.59610736552,nan,nan,nan,nan,nan,nan,nan,nan,nan,260.0,0.0004526432804495238,72.08554526653606,20000.0,1.0011985026656756,0.0,260.0,260.0,0.35008554990517887,0.3676002461459503,0.0010380681111374205,0.0006933440294395149,71.76558954981155,66.97526815000455,1.0007607573054473,1.002553310427319,36515.80113820582,34362.79713830955,13.694491263151239,17.741627714281528,0.0,0.0,0.0,"[300, 300, 100, 300, 300]","[0.0006713920528015826, 0.0013348914639014968, 0.0, 0.0002569328855445397, 0.0]","[300, 100, 300, 300, 300]","[300, 100, 300, 300, 300]","[0.0016697488846636503, 0.002534833877557032, 0.0, 0.0009857577934664194, 0.0]","[0.00028957058063528823, 0.0010362716651871307, 0.0009203355931708642, 0.0012205423082042913, 0.0]",,0.013311898368813907,0.017002712455962386,5.0,1.96
1b,50000,6100606,neural-fore,neural-main-oracle-bellman,-11.44424397139929,-11.452279034404835,-11.44896978656228,0.013235649877445455,-11.478220908164628,-11.426337160645042,1.0,0.004725815162990088,-0.003309247842555152,0.12481609422782058,0.12481609422782058,0.023649655140396585,0.023349715875616194,0.008124989540896561,nan,nan,0.04038533893967512,10.880908226869817,13.00982237214221,46172.02755380916,nan,nan,nan,nan,nan,nan,nan,nan,nan,260.0,0.00034886482777180526,71.26025716683361,20000.0,1.001781086321675,0.0,300.0,300.0,0.3003212916155844,0.3098024023670148,4.1965724987316216e-05,0.0003455361682636009,72.85443594988901,72.83463321707677,1.0024062113081533,1.0018675401023025,36436.92462717243,33206.105568824874,14.410873238550275,20.027590229813356,0.0,0.0,0.0,"[300, 100, 300, 300, 300]","[9.692069067597384e-05, 0.0007363588311108974, 0.0, 0.0, 0.000911044617072155]","[300, 300, 300, 300, 300]","[300, 300, 300, 300, 300]","[5.060151675238128e-05, 0.0, 0.0, 0.0001317958284003083, 2.7431279783891498e-05]","[0.00036523763870603264, 0.0, 0.001362443202611972, 0.0, 0.0]",,0.013235649877445455,0.011680993734320145,5.0,1.96
1b,50000,6110606,neural-fore,neural-main-oracle-bellman,-11.417307391334614,-11.42445337445311,-11.44896978656228,0.013014168679748174,-11.449961145065416,-11.398945603840804,1.0,0.03166239522766645,0.024516412109170105,0.1767852999876901,0.1767852999876901,0.03744557217154877,0.036808196016854276,0.009897841177538756,nan,nan,0.04157360107495089,10.907762645597622,12.489307187894337,46493.27509068289,nan,nan,nan,nan,nan,nan,nan,nan,nan,260.0,0.00045808021939478075,70.84501132464501,20000.0,0.9995367127165349,0.0,220.0,260.0,0.33165178564630543,0.3454429741834403,0.0009355473242084704,0.00023276648145742338,65.13613392477855,65.54165032515303,0.9995451751133195,0.9996856077738139,36539.995053440376,34378.40395168377,14.837668070770027,17.811838225714652,0.0,0.0,0.0,"[300, 100, 300, 300, 300]","[0.0, 0.0021008412546264735, 0.0, 0.0, 0.0001895598423474304]","[300, 100, 300, 100, 300]","[300, 100, 300, 300, 300]","[0.0, 0.003288699157878463, 0.0001533581107292525, 0.0012356793524346368, 0.0]","[8.227701820553456e-05, 0.0005123390449316002, 0.00022443268473726615, 0.0003447836594127158, 0.0]",,0.013014168679748174,0.011189551891378843,5.0,1.96
1b,50000,6120606,neural-fore,neural-main-oracle-bellman,-11.46898969672991,-11.475270509803206,-11.44896978656228,0.012831116671804366,-11.500419498479943,-11.45012152112647,0.0,-0.020019910167629718,-0.026300723240925805,0.20516033416643703,0.20516033416643703,0.03398343642189529,0.03153140969620952,0.005427125868579087,nan,nan,0.042260794986944274,10.952278028531934,13.165077775017302,46107.610673900206,nan,nan,nan,nan,nan,nan,nan,nan,nan,260.0,0.0005848415476850812,67.5106159575982,20000.0,1.0002722246281475,0.0,260.0,260.0,0.27803050435828,0.2851835276670765,0.00032991163309410894,0.0003632364545079253,63.452327241632155,60.75097146679182,1.0001441710741148,1.0004324069383557,36608.13875634341,33578.09202666867,13.074759095457214,19.166138975550524,0.0,0.0,0.0,"[300, 300, 300, 300, 100]","[0.0, 0.0004897627493481299, 0.0011417323889818093, 0.0, 0.001292712600095467]","[300, 300, 100, 300, 300]","[300, 300, 300, 300, 100]","[0.0, 0.00044355641958905833, 0.0012060017458814863, 0.0, 0.0]","[0.0, 0.00020926142904658288, 0.0004351845124380598, 0.0, 0.0011717363310549838]",,0.012831116671804366,0.012927316027739532,5.0,1.96
1b,50000,6130606,neural-fore,neural-main-oracle-bellman,-11.42227844234571,-11.429561685142868,-11.44896978656228,0.013765614119175153,-11.456542288816452,-11.402581081469284,1.0,0.02669134421656949,0.01940810141941185,0.18450461575404337,0.18450461575404337,0.035093016938554746,0.03556077311199816,0.008409620640580784,nan,nan,0.049102221953295895,10.630491595720223,12.999373383031733,46479.83779432947,nan,nan,nan,nan,nan,nan,nan,nan,nan,220.0,0.0002273319122187717,55.82143596676178,20000.0,1.0000428624144084,0.0,260.0,260.0,0.33467962170585397,0.3427479781507893,0.0003919837609544268,8.772957716429711e-05,60.12838809983805,61.50105176605284,1.0003192786539135,1.0001973636984582,36696.01105699388,34098.393869610576,13.567039588153495,18.284031394330903,0.0,0.0,0.0,"[300, 100, 300, 300, 100]","[0.0, 0.00028284075742666785, 0.0, 0.0, 0.0008538188036671907]","[100, 300, 300, 300, 300]","[100, 300, 300, 300, 300]","[0.001235711673839979, 0.0, 0.0, 0.000724207130932155, 0.0]","[0.0004386478858214855, 0.0, 0.0, 0.0, 0.0]",,0.013765614119175153,0.011635193701593225,5.0,1.96
1b,50000,6140606,neural-fore,neural-main-oracle-bellman,-11.45274819695239,-11.461857956820289,-11.44896978656228,0.01292397487586325,-11.48718894757698,-11.436526966063598,1.0,-0.003778410390109954,-0.012888170258008813,0.24940154938021095,0.24940154938021095,0.030483720721749007,0.03086555796090341,0.007463458129595933,nan,nan,0.07551442475378806,10.827642731970464,12.63615477093761,46313.114236101916,nan,nan,nan,nan,nan,nan,nan,nan,nan,140.0,0.0008104171702077147,48.51895087463781,20000.0,0.9994870356220918,0.0,220.0,260.0,0.29583541950806863,0.3093108401601995,0.0008918432144621738,0.0010570289451596417,54.48562942463904,59.98478856740985,1.0000454762425932,0.9985075820967999,36182.284784851574,33926.486662401025,14.8096228522291,18.848935221720005,0.0,0.0,0.0,"[100, 100, 100, 300, 100]","[0.0007740834801740393, 0.0002208715150279674, 0.0012666639287778993, 0.0005886541191557669, 0.0012018128079029008]","[300, 300, 100, 300, 100]","[100, 300, 300, 300, 300]","[0.000516148935913906, 0.0, 0.0009317859723802534, 0.001145173625636633, 0.001866107538380077]","[0.0028018573002627067, 0.0, 0.0008315829858006615, 0.0016517044397348396, 0.0]",,0.01292397487586325,0.013853382684979211,5.0,1.96
1b,50000,6150606,neural-fore,neural-main-oracle-bellman,-11.451571469727854,-11.455328918530265,-11.44896978656228,0.013178859756639716,-11.481159483653279,-11.42949835340725,1.0,-0.0026016831655741868,-0.006359131967984766,0.13321747074002963,0.13321747074002963,0.029115101997280336,0.02861191903390809,0.005969739393421081,nan,nan,0.0447994508710981,10.891995591722369,12.686373449526545,46347.618351589226,nan,nan,nan,nan,nan,nan,nan,nan,nan,260.0,0.00041034726722062695,64.02929281643591,20000.0,1.0013698977934686,0.0,220.0,220.0,0.30560539817098775,0.31276695181646097,0.0009720298327634949,0.0005340371127033325,64.90739384985064,59.27033398298081,1.0015306538842346,1.0013969544082792,36695.21691948616,34011.82115021538,13.40695466466627,18.67000515903647,0.0,0.0,0.0,"[300, 100, 300, 300, 300]","[0.0, 0.0010254325380464695, 3.541884804839995e-05, 0.0008887269728737847, 0.00010215797713448031]","[300, 100, 100, 300, 300]","[300, 100, 300, 100, 300]","[0.0, 0.001281654332057945, 0.0023075477861154155, 0.0012709470456441145, 0.0]","[0.0, 0.0007098708896743676, 0.0003139009251671963, 0.0014808691267983458, 0.00016554462187675243]",,0.013178859756639716,0.00857796962917814,5.0,1.96
1b,50000,6160606,neural-fore,neural-main-oracle-bellman,-11.438491631744267,-11.449110255314988,-11.44896978656228,0.013566825531252807,-11.475701233356244,-11.422519277273732,1.0,0.010478154818013508,-0.0001404687527077897,0.1958749733445428,0.1958749733445428,0.03226795554063452,0.032052841786019755,0.009184808546449565,nan,nan,0.03818008007496645,10.916910729665961,12.721386914800014,46318.769789017526,nan,nan,nan,nan,nan,nan,nan,nan,nan,300.0,0.0007177480621263001,69.74835508305114,20000.0,1.0006189463491189,0.0,300.0,300.0,0.3091009740633552,0.31317984572866225,0.0006988261756129095,0.0005669829933543873,63.8512741417624,65.2843664917862,1.0008937945893386,1.0013109742430584,36202.711762380415,33938.10886248508,15.185080564742634,18.28094799848094,0.0,0.0,0.0,"[300, 300, 300, 300, 300]","[0.0, 0.0, 0.0003780704534310844, 0.0006397221561030958, 0.0025709477010973205]","[300, 300, 300, 300, 300]","[300, 300, 300, 300, 300]","[0.001264174674205502, 0.000820696371840924, 0.001407318087637401, 0.0, 1.941744380720516e-06]","[0.0014963001706838762, 0.0002693233146122749, 0.0, 0.0, 0.0010692914814757852]",,0.013566825531252807,0.010485473327006273,5.0,1.96
1b,50000,6170606,neural-fore,neural-main-oracle-bellman,-11.427478731051508,-11.433680397406858,-11.44896978656228,0.013507552976369026,-11.460155201240541,-11.407205593573176,1.0,0.021491055510772128,0.015289389155421773,0.14939971578838715,0.14939971578838715,0.028853958608819785,0.028992168685464483,0.0089236431254506,nan,nan,0.04761856213873726,10.834675868882048,12.51034714345476,46569.82503970829,nan,nan,nan,nan,nan,nan,nan,nan,nan,220.0,0.0005824225793765727,62.25548817529343,20000.0,1.000642900635083,0.0,180.0,220.0,0.33775353229978894,0.3491517858158058,0.0015760301541326808,0.00082476873394947,55.24998915875331,61.061126816738394,1.0004540030740323,1.0013362144184095,36890.43225503593,34610.87060778098,13.17386145364748,17.735668859274504,0.0,0.0,0.0,"[300, 300, 300, 100, 100]","[0.00037015688879125735, 0.0009333949840211001, 0.0003066789027345552, 0.00019317894675757182, 0.001108703174578379]","[100, 300, 100, 100, 300]","[100, 300, 300, 100, 300]","[0.0021254621312462897, 0.0, 0.001674440133795245, 0.0034328345057341187, 0.0006474139998877505]","[0.0006189168259765179, 0.00014355359852486374, 0.0015740068196695128, 0.0017873664255764552, 0.0]",,0.013507552976369026,0.02428821599241539,5.0,1.96
1b,50000,6180606,neural-fore,neural-main-oracle-bellman,-11.464716991404519,-11.470469725461271,-11.44896978656228,0.012586837457665105,-11.495139926878295,-11.445799524044247,1.0,-0.01574720484223846,-0.021499938898990933,0.15932836269578957,0.15932836269578957,0.028891362070343884,0.028410095249029238,0.008007633798919112,nan,nan,0.07808653339589453,10.983240566221248,13.126678343825745,46062.399784872956,nan,nan,nan,nan,nan,nan,nan,nan,nan,140.0,0.0007993815858923151,52.62366623375565,20000.0,0.9998703757183979,0.0,300.0,260.0,0.25429760343280383,0.2670981083379141,0.0006340848470839015,0.0008728298672430378,65.3339309419971,65.3074294912396,1.000316252661944,0.9994316292648175,36028.05065354592,33279.0788500367,14.608025491077678,20.039821032340566,0.0,0.0,0.0,"[100, 100, 100, 300, 100]","[0.0005041694816975564, 0.0016150181630277584, 0.001377712791807785, 0.0004561731087607715, 4.3834384167705115e-05]","[300, 300, 300, 300, 300]","[300, 300, 300, 100, 300]","[0.0005662188329776351, 0.000405159701902887, 0.0008763688523930772, 0.0006642684426852527, 0.000658408405460656]","[0.0, 0.0031572483429441233, 3.522496781363836e-05, 0.0010854961298649673, 8.617989559246025e-05]",,0.012586837457665105,0.005987438284303868,5.0,1.96
1b,50000,6190606,neural-fore,neural-main-oracle-bellman,-11.450671115083429,-11.455979611377527,-11.44896978656228,0.012595253358967185,-11.480666307961103,-11.431292914793952,1.0,-0.0017013285211486817,-0.007009824815247256,0.2279007706285782,0.2279007706285782,0.02641861956348507,0.026177813331713123,0.007360466179003433,nan,nan,0.04432704250378512,10.893764044495,12.826002561152709,46344.38211957984,nan,nan,nan,nan,nan,nan,nan,nan,nan,260.0,4.840039273260132e-05,59.86422007477377,20000.0,1.0017167493543493,0.0,260.0,260.0,0.27764494042091087,0.29071149846980326,0.0005691450771402422,0.0003517833820650869,61.351384741230866,56.60756575835403,1.001755649525817,1.0015326658726633,36570.42778127648,33486.61039574898,13.988722943211101,19.35514085667944,0.0,0.0,0.0,"[300, 300, 100, 300, 300]","[0.0, 8.652520382829187e-05, 0.00015547675983471475, 0.0, 0.0]","[300, 300, 100, 300, 300]","[300, 300, 100, 300, 300]","[3.780475189498972e-05, 0.001204886327849172, 0.0007498099278482914, 0.0008532243781087578, 0.0]","[0.00025097606365854244, 0.0, 0.0002680323857851325, 0.0012399084608817595, 0.0]",,0.012595253358967185,0.011891442760130917,5.0,1.96
1b,50000,6200606,neural-fore,neural-main-oracle-bellman,-11.473598037856002,-11.479411825064952,-11.44896978656228,0.012847587619101344,-11.504593096798391,-11.454230553331513,0.0,-0.024628251293721704,-0.03044203850267202,0.17855472355466204,0.17855472355466204,0.027150340246821704,0.026482008770230724,0.006205933246004911,nan,nan,0.05250402666062946,10.818217983475662,12.98821722452771,46358.12193434684,nan,nan,nan,nan,nan,nan,nan,nan,nan,180.0,0.000561778320148769,55.07048725781497,20000.0,1.0007856340725492,0.0,260.0,300.0,0.2866853366635625,0.2984831870129394,0.00030900614394243514,0.0001627477521777071,59.32648148294538,66.97511221640744,1.000738139492554,1.0009955069137682,36765.73112536968,33818.506551153514,13.740182851386805,19.3085075951113,0.0,0.0,0.0,"[100, 300, 100, 300, 100]","[0.0005309537255935665, 0.0, 0.0013080488443125322, 0.0, 0.0009698890308377466]","[300, 300, 300, 300, 100]","[300, 300, 300, 300, 300]","[0.0, 0.0, 0.0, 0.0, 0.0015450307197121757]","[0.0, 0.0, 0.0, 0.0006178566851895385, 0.0001958820756989968]",,0.012847587619101344,0.01370111154001227,5.0,1.96
1b,50000,6210606,neural-fore,neural-main-oracle-bellman,-11.45210812683652,-11.458028602769613,-11.44896978656228,0.013056737728959357,-11.483619808718373,-11.432437396820852,1.0,-0.0031383402742406474,-0.009058816207332399,0.16689957479785014,0.16689957479785014,0.02663701626213219,0.026251822754131838,0.005143094438261164,nan,nan,0.03781466977413094,10.828062195867862,12.921700473321703,46145.74030980915,nan,nan,nan,nan,nan,nan,nan,nan,nan,260.0,0.0003478647823092084,65.3681454664329,20000.0,1.0007819722096407,0.0,260.0,300.0,0.28048018492874605,0.2870679528971367,0.0005541628903481232,0.0007169620697008343,64.59662820803933,71.91764501677827,1.0007849626501477,1.001578569669594,36519.41381539366,33377.244552829354,13.78047530987503,19.784241726609405,0.0,0.0,0.0,"[300, 300, 300, 100, 300]","[0.0, 0.0004700284868133799, 0.0005951895209798249, 0.000674105903752837, 0.0]","[300, 300, 100, 300, 300]","[300, 300, 300, 300, 300]","[0.0, 0.0, 0.0017808502371688638, 0.0, 0.0009899642145717526]","[0.0, 0.0021510047964633868, 0.0, 0.00011503183345514957, 0.001318773718585635]",,0.013056737728959357,0.006736292789232416,5.0,1.96
1b,50000,6220606,neural-fore,neural-main-oracle-bellman,-11.44061064294279,-11.448214970778581,-11.44896978656228,0.012898499967269647,-11.47349603071443,-11.422933910842733,1.0,0.008359143619490084,0.0007548157836989589,0.24528431580081378,0.24528431580081378,0.029708729632466718,0.028417699571753573,0.008192095870909535,nan,nan,0.051159372647696884,10.965077458703494,12.941591246913825,46207.457817942,nan,nan,nan,nan,nan,nan,nan,nan,nan,180.0,0.0008537011450160092,51.952562808431686,20000.0,1.000638059188582,0.0,260.0,220.0,0.3042116343686921,0.3208263793641039,0.001351961042010845,0.000598310918704175,65.76110921711661,55.981267242250034,1.0005096581173807,1.0006658199509337,36261.26579838038,33567.104785733885,14.1350884573282,18.428622685877563,0.0,0.0,0.0,"[100, 300, 300, 100, 100]","[0.0013030399575691904, 0.0003157900976114679, 0.0004904327261972426, 0.0015896195045002114, 0.0005696234392019346]","[100, 300, 300, 300, 300]","[100, 300, 300, 100, 300]","[0.005001948181793191, 0.0, 0.0017578570282610337, 0.0, 0.0]","[0.00026566324547046044, 0.0, 2.8712454171431416e-05, 0.0010333044933086163, 0.0016638744005703669]",,0.012898499967269647,0.009062330324832477,5.0,1.96
1b,50000,6230606,neural-fore,neural-main-oracle-bellman,-11.439835987489582,-11.449976424591998,-11.44896978656228,0.013174089290732747,-11.475797639601835,-11.424155209582162,1.0,0.009133799072698068,-0.001006638029718232,0.1761991062278405,0.1761991062278405,0.03348495937982846,0.033529637663117486,0.008933060737488919,nan,nan,0.048840497694317704,10.851819115586485,13.029062644159747,46312.79157339642,nan,nan,nan,nan,nan,nan,nan,nan,nan,220.0,0.0007534990074434724,65.16853387507145,20000.0,1.0005323390463499,0.0,260.0,260.0,0.310354598745911,0.3224056776252749,0.0005820244858922162,0.0007298438809923302,65.14751941664144,67.47704624198377,1.0000645242623296,1.0013808447013024,36761.04668175535,33922.53146481202,13.114235223779326,19.184021363965563,0.0,0.0,0.0,"[300, 100, 300, 100, 300]","[0.0011950515151845232, 0.0010873005102637519, 0.000521570103012264, 0.0009635729087568229, 0.0]","[300, 300, 300, 100, 300]","[100, 300, 300, 300, 300]","[0.0005207194078009763, 0.0, 0.0, 0.0023894030216601047, 0.0]","[0.00035486278780765153, 0.0005591425893770484, 0.0, 0.002735214027776951, 0.0]",,0.013174089290732747,0.009133933275114537,5.0,1.96
1b,50000,6240606,neural-fore,neural-main-oracle-bellman,-11.45828266877155,-11.464604016235853,-11.44896978656228,0.012793471401930412,-11.489679220183637,-11.439528812288069,1.0,-0.009312882209270512,-0.015634229673572975,0.19387526148480844,0.19387526148480844,0.025025379714208994,0.02398017233622524,0.004848153060609201,nan,nan,0.04035423784054337,10.884248877131245,12.873831718399682,46312.21996451405,nan,nan,nan,nan,nan,nan,nan,nan,nan,300.0,0.000474966046488357,71.97147213362624,20000.0,1.0011147174196022,0.0,260.0,260.0,0.29116470516134935,0.29695130731619584,6.324808943842695e-05,0.00022638477397262662,66.17260409158189,69.53176525004673,1.001363278318076,1.0009416094472599,36903.383065588125,33918.471692200386,13.751181933341508,18.647399788106846,0.0,0.0,0.0,"[300, 300, 300, 300, 300]","[0.0, 0.0, 0.0, 0.0008096454593009149, 0.00156518477314087]","[300, 300, 300, 100, 300]","[300, 300, 100, 300, 300]","[0.0, 0.0, 0.0, 0.00031624044719213474, 0.0]","[0.0, 0.0, 0.001131923869863133, 0.0, 0.0]",,0.012793471401930412,0.016118053689483144,5.0,1.96
1b,50000,6250606,neural-fore,neural-main-oracle-bellman,-11.437750288020359,-11.442923041560082,-11.44896978656228,0.013481443138024162,-11.469346670110609,-11.416499413009555,1.0,0.011219498541921169,0.006046745002198151,0.15991227982440245,0.15991227982440245,0.030420268455186812,0.0302776130650448,0.008428235168598116,nan,nan,0.04022620304587855,10.879304799970818,12.646040105663555,46335.01171770806,nan,nan,nan,nan,nan,nan,nan,nan,nan,300.0,0.00019483953481640008,71.8583556252066,20000.0,1.0001459731438391,0.0,300.0,300.0,0.3311477181580817,0.3345410346603205,0.0004885009930584573,0.0002606140664223412,72.86140312501229,71.22540325818117,1.000292018591073,1.000511362391495,36569.491434278505,34329.23107699614,13.306659386364094,17.498873781466767,0.0,0.0,0.0,"[300, 300, 300, 300, 300]","[0.0006592069740062349, 0.0003149907000757655, 0.0, 0.0, 0.0]","[300, 300, 300, 300, 300]","[300, 300, 300, 300, 300]","[0.0020549513050169177, 0.00035551975600330314, 0.0, 0.0, 3.203390427206559e-05]","[0.0, 0.0, 0.0, 0.0, 0.001303070332111706]",,0.013481443138024162,0.01391171656014805,5.0,1.96
1b,50000,6260606,neural-fore,neural-main-oracle-bellman,-11.41991857653938,-11.428353809754311,-11.44896978656228,0.013709008232100429,-11.455223465889228,-11.401484153619394,1.0,0.029051210022899454,0.020615976807969005,0.41469089195791414,0.41469089195791414,0.03953482042767561,0.040271141095226407,0.008153146369667621,nan,nan,0.0423621031802483,10.695767528666941,13.049065155209314,46380.095343927096,nan,nan,nan,nan,nan,nan,nan,nan,nan,260.0,9.484437248638745e-05,67.35756611719262,20000.0,1.0004104077618596,0.0,260.0,300.0,0.3595061889505847,0.36885102633003075,0.0005813653636244107,0.0002629324372233839,67.0231459915638,71.764680724754,1.0005967235566564,1.0004026027412496,36632.330743885424,34695.895868169864,13.431929086083102,16.861542947307623,0.0,0.0,0.0,"[300, 100, 300, 300, 300]","[0.00047422186243193727, 0.0, 0.0, 0.0, 0.0]","[300, 300, 300, 100, 300]","[300, 300, 300, 300, 300]","[0.0011735442528919705, 0.0, 0.00023991219960891577, 0.0014933703656211672, 0.0]","[0.0, 0.0, 0.0, 0.0002928650222593842, 0.0010217971638575355]",,0.013709008232100429,0.010658573946984587,5.0,1.96
1b,50000,6270606,neural-fore,neural-main-oracle-bellman,-11.455793257188352,-11.462245178788866,-11.44896978656228,0.013021882016382116,-11.487768067540975,-11.436722290036757,1.0,-0.006823470626072137,-0.01327539222658558,0.15382176920240861,0.15382176920240861,0.027906263201248126,0.027034862388631797,0.005918818765339337,nan,nan,0.04547519667071746,10.92292706746553,13.197898447404079,46194.134312623566,nan,nan,nan,nan,nan,nan,nan,nan,nan,220.0,0.00041677211769194716,62.678845450188966,20000.0,1.0017700642246323,0.0,300.0,260.0,0.27861529533348395,0.28182914960314526,0.00019441268650381287,0.0010773819179986527,73.19556664961856,68.52611029124819,1.001752974589257,1.003185315849269,36420.33094558337,33763.997755996825,13.79868361510035,18.51033399745061,0.0,0.0,0.0,"[300, 300, 300, 100, 100]","[0.0005540010767023605, 0.0, 0.00019864035084417065, 0.000557420807577374, 0.0007737983533358302]","[300, 300, 300, 300, 300]","[300, 300, 100, 300, 300]","[0.0, 0.0008023701542147112, 0.0, 0.0001696932783043532, 0.0]","[0.00046589503858183057, 0.0024150216025385497, 0.002159090575259425, 0.0, 0.0003469023736134572]",,0.013021882016382116,0.007869368333804066,5.0,1.96
1b,50000,6280606,neural-fore,neural-main-oracle-bellman,-11.460545363229214,-11.467835586481932,-11.44896978656228,0.01300694198197352,-11.4933291927666,-11.442341980197265,1.0,-0.01157557666693343,-0.018865799919652204,0.19237968552000195,0.19237968552000195,0.0336708595210848,0.031170756986146075,0.0061164551714506885,nan,nan,0.04079801939595262,10.851961445035268,12.540374598346375,46309.61794942682,nan,nan,nan,nan,nan,nan,nan,nan,nan,300.0,0.0001862312934620253,72.13595726680941,20000.0,1.0009041813548254,0.0,300.0,300.0,0.29525695758141024,0.3006791382040554,0.00031021505528564913,0.0011792093294532686,76.4384392576525,73.28129264141899,1.0013284297369578,1.000869692780814,36239.524492101446,33857.694787648856,14.578248114799425,18.62722461254296,0.0,0.0,0.0,"[300, 300, 300, 300, 300]","[0.0, 1.1689675249203235e-05, 0.0, 0.00020470000344322375, 0.0007147667886176995]","[300, 300, 300, 300, 300]","[300, 300, 300, 300, 300]","[0.0, 0.0, 0.0015510752764282456, 0.0, 0.0]","[0.0017764143291497153, 0.0, 0.00020345368886117874, 0.003916178629255448, 0.0]",,0.01300694198197352,0.013929925181444458,5.0,1.96
1b,50000,6290606,neural-fore,neural-main-oracle-bellman,-11.429568580736424,-11.43445558299277,-11.44896978656228,0.0135644344461729,-11.46104187450727,-11.40786929147827,1.0,0.019401205825856138,0.014514203569509831,0.15071451586793147,0.15071451586793147,0.03152526250829696,0.029519593690899997,0.005099787016354095,nan,nan,0.046650189704085715,10.680115688925696,12.991572542141608,46520.44816165089,nan,nan,nan,nan,nan,nan,nan,nan,nan,300.0,0.0005811958511266542,71.17022653357125,20000.0,1.0001979343962195,0.0,300.0,260.0,0.34121343547291,0.3448747139604754,0.0001568677630304208,0.0002553272071476308,73.29466474100482,66.99282450862229,1.000264751082763,1.000842498618562,36631.98853723814,34253.75811893146,14.084394977987966,18.36598897687866,0.0,0.0,0.0,"[300, 300, 300, 300, 300]","[0.0, 0.0017408933145681, 0.0009996973299831876, 0.0, 0.00016538861108198366]","[300, 300, 300, 300, 300]","[300, 300, 100, 300, 300]","[0.0005222335005879862, 0.0, 5.10811204078298e-05, 0.0, 0.00021102419415628803]","[0.0, 0.0, 0.0012766360357381542, 0.0, 0.0]",,0.0135644344461729,0.008749696837141763,5.0,1.96
1b,50000,6300606,neural-fore,neural-main-oracle-bellman,-11.456899080422708,-11.462566121573257,-11.44896978656228,0.013280627218810072,-11.488596150922124,-11.43653609222439,1.0,-0.007929293860428288,-0.013596335010976901,0.13851881310076739,0.13851881310076739,0.024967830571343236,0.024114546666467486,0.008175948121843642,nan,nan,0.04109650449748527,10.92026033430973,12.694787957602935,46236.568143702454,nan,nan,nan,nan,nan,nan,nan,nan,nan,300.0,0.0002827940643002301,76.35916751660406,20000.0,1.0000585171555598,0.0,300.0,300.0,0.29771313718972936,0.3028064446851474,0.0002820750297436806,0.0006314551590922664,78.1969059754163,76.92425719113089,1.000014539843546,1.000463700480036,36287.27410527044,33648.03473031139,15.025592833141621,19.035651443501095,0.0,0.0,0.0,"[300, 300, 300, 300, 300]","[0.0004681837673555174, 0.0003778715433821443, 0.0, 0.0, 0.0005679150107634888]","[300, 300, 300, 300, 300]","[300, 300, 300, 300, 300]","[0.0003647763075391597, 0.00010161397078939449, 0.0005550421936952638, 0.0, 0.00038894267669458506]","[0.00037328666669481265, 0.0014901791008174287, 0.0008586681729834793, 0.0004351418549656115, 0.0]",,0.013280627218810072,0.008182317486302923,5.0,1.96
1b,50000,6310606,neural-fore,neural-main-oracle-bellman,-11.421396660650688,-11.429852991605683,-11.44896978656228,0.01342825847294203,-11.45617237821265,-11.403533604998717,1.0,0.027573125911592555,0.019116794956596905,0.20414734678461288,0.20414734678461288,0.03585686504454687,0.033913796627618856,0.008335016468516135,nan,nan,0.04570277777750731,10.856194436113217,12.646553197740808,46492.81890621735,nan,nan,nan,nan,nan,nan,nan,nan,nan,260.0,0.00016344347047683234,69.00498446642887,20000.0,1.0004120840350184,0.0,260.0,140.0,0.35170800412556236,0.36828556881235375,0.000349357324924078,0.00016002045521811605,69.75183548319619,56.17409110793378,1.0008610150800425,1.000342154680918,36468.322703903155,34491.56317162125,14.491104233441888,17.633799081815166,0.0,0.0,0.0,"[300, 300, 300, 300, 100]","[7.196589488155893e-05, 0.0, 0.0, 0.0, 0.0007452514575026027]","[300, 300, 300, 300, 100]","[100, 100, 300, 100, 100]","[0.0, 0.0005702706290148191, 0.0, 0.0, 0.0011765159956055708]","[5.925103866266204e-05, 0.0, 0.0, 0.0007408512374279183, 0.0]",,0.01342825847294203,0.01764834044734592,5.0,1.96
1b,50000,6320606,neural-fore,neural-main-oracle-bellman,-11.464356014462078,-11.469378366227252,-11.44896978656228,0.01338363349456889,-11.495610287876607,-11.443146444577897,1.0,-0.015386227899798044,-0.020408579664971782,0.18331434689127712,0.18331434689127712,0.03531931931416491,0.03464643231769581,0.007250791834948371,nan,nan,0.045273337696935236,10.777129660678398,12.460354734282854,46415.55941690478,nan,nan,nan,nan,nan,nan,nan,nan,nan,300.0,0.0003499290634699638,73.54499169122428,20000.0,1.0004281843105203,0.0,300.0,300.0,0.3151948414107254,0.3196205082332946,0.00043203380120600715,0.0002876058382358914,76.75565949121956,74.20832098317332,1.0004978727967258,1.0009647258834746,36800.58900969725,33792.96280577656,13.690949923090376,19.15085932794234,0.0,0.0,0.0,"[300, 300, 300, 300, 300]","[0.0015613807281022061, 0.0, 0.0, 0.0, 0.00018826458924761283]","[300, 300, 300, 300, 300]","[300, 300, 300, 300, 300]","[0.0012113225130645255, 0.00023584589618565606, 0.0, 0.0007130005967798545, 0.0]","[0.00015568914752830102, 0.001282340043651156, 0.0, 0.0, 0.0]",,0.01338363349456889,0.008710991212271878,5.0,1.96
1b,50000,6330606,neural-fore,neural-main-oracle-bellman,-11.464869696934892,-11.47210693182993,-11.44896978656228,0.013215742418876537,-11.498009786970929,-11.446204076688932,1.0,-0.01589991037261207,-0.02313714526765054,0.09560306335572552,0.09560306335572552,0.021368066056681782,0.021211781129613205,0.00799211097748666,nan,nan,0.037438218909719885,10.902899729149228,12.840208174077226,46248.2522934357,nan,nan,nan,nan,nan,nan,nan,nan,nan,300.0,0.00016014194947768372,79.6552098916145,20000.0,1.0016913216108292,0.0,260.0,300.0,0.28714531683329103,0.2880962982574173,0.000755096327363687,0.0007353208554672689,74.71310925758443,78.06600393364207,1.0021604997071056,1.0016155783976008,36549.669982460604,33412.49979353644,14.3926487115842,19.87509860215269,0.0,0.0,0.0,"[300, 300, 300, 300, 300]","[0.0, 0.0, 0.00024349487076946892, 0.0005572148766189496, 0.0]","[300, 300, 100, 300, 300]","[300, 300, 300, 300, 300]","[4.5663690404227494e-05, 0.001079230997685613, 0.00149116811250187, 0.0011114599013042088, 4.795893492251491e-05]","[0.0011627250310191578, 0.0008953820064815728, 0.0016184972398356136, 0.0, 0.0]",,0.013215742418876537,0.01152833998914402,5.0,1.96
1b,50000,6340606,neural-fore,neural-main-oracle-bellman,-11.440010628411805,-11.445083200283916,-11.44896978656228,0.013230406360701939,-11.471014796750891,-11.41915160381694,1.0,0.008959158150474877,0.0038865862783641347,0.1418894810480496,0.1418894810480496,0.022644532288355397,0.02205794150662772,0.009332684007021561,nan,nan,0.042147610741923254,10.839786368770564,12.891425779371076,46425.338684326496,nan,nan,nan,nan,nan,nan,nan,nan,nan,260.0,0.00041607763049910875,69.34948098359163,20000.0,1.0008484510506876,0.0,300.0,260.0,0.29755136125256787,0.3071152797065206,0.0011736963771907828,0.0007742869493356935,71.29595078360289,70.69747416614555,1.001111213772732,1.001591988590143,35977.88290173707,33260.6002265683,15.335459738378859,19.883902159347766,0.0,0.0,0.0,"[300, 100, 300, 300, 300]","[0.0, 0.0020498680635014435, 0.0, 0.0, 3.052008899410053e-05]","[300, 300, 300, 300, 300]","[300, 100, 300, 300, 300]","[0.0, 0.0018756212652303078, 0.001565152407763227, 0.0024277082129603796, 0.0]","[0.0, 0.0016323313921181696, 0.0, 0.0007852453285077641, 0.001453858026052534]",,0.013230406360701939,0.012051975778836183,5.0,1.96
1b,50000,6350606,neural-fore,neural-main-oracle-bellman,-11.445997969895087,-11.451051984667862,-11.44896978656228,0.013252959624659751,-11.477027785532195,-11.425076183803528,1.0,0.002971816667193039,-0.002082198105581412,0.17631216457984206,0.17631216457984206,0.027190183229085774,0.02658721705613535,0.005867558294236579,nan,nan,0.03672719854666199,10.870410768880888,12.92516725169462,46161.539858829885,nan,nan,nan,nan,nan,nan,nan,nan,nan,300.0,0.00013945733750836338,80.13915603298229,20000.0,1.001541346867405,0.0,300.0,220.0,0.30662664110590565,0.31028670281639037,0.00034724549350253185,0.0006040762015737227,76.16134793283418,66.26158107500524,1.001302722329163,1.0020127882156813,36634.96921034733,33702.53705125614,13.235333924827483,19.654952076593847,0.0,0.0,0.0,"[300, 300, 300, 300, 300]","[0.0, 0.0, 0.000697286687541817, 0.0, 0.0]","[300, 300, 300, 300, 300]","[100, 300, 300, 300, 100]","[0.0, 0.0, 0.0, 0.0017362274675126594, 0.0]","[0.0028554004878850094, 0.0, 0.0, 0.0, 0.00016498051998360423]",,0.013252959624659751,0.005256205723836267,5.0,1.96
1b,50000,6360606,neural-fore,neural-main-oracle-bellman,-11.474899382264104,-11.479734405668946,-11.44896978656228,0.01317311139378441,-11.505553704000764,-11.453915107337128,0.0,-0.025929595701823516,-0.030764619106665947,0.12704812669878857,0.12704812669878857,0.03355522735751485,0.03331880490922205,0.0065380805963196915,nan,nan,0.03760056323093119,10.904110006753308,13.630692637725033,46021.757896104544,nan,nan,nan,nan,nan,nan,nan,nan,nan,260.0,0.0008305143983750202,73.40854773337487,20000.0,0.9995362361541982,0.0,260.0,180.0,0.2909005837717245,0.2966971139537515,0.0012118546379598278,0.0009252314346623458,71.56945067460182,61.467954166675916,0.9992760316210662,0.9995057914123262,36352.784778760884,33606.227738078494,14.324448186634479,18.862252437676766,0.0,0.0,0.0,"[300, 300, 300, 100, 300]","[0.0, 0.0, 0.0015278435578513945, 0.0008735303522224141, 0.0017511980818012928]","[100, 300, 300, 300, 300]","[100, 100, 100, 300, 300]","[0.000699253026758365, 0.0012150057478879104, 0.0009021872732114847, 0.0011057537614877595, 0.0021370733804536197]","[0.0, 0.0010157399655110742, 0.0025838956724943125, 0.0, 0.0010265215353063425]",,0.01317311139378441,0.007679108432107603,5.0,1.96
1b,50000,6370606,neural-fore,neural-main-oracle-bellman,-11.455356809349244,-11.461933595313441,-11.44896978656228,0.013167915242857374,-11.487742709189442,-11.43612448143744,1.0,-0.00638702278696357,-0.01296380875116121,0.2395304659542631,0.2395304659542631,0.02731374583762138,0.02663706734926207,0.006205195536095381,nan,nan,0.04034347595915492,10.813375215256773,12.703764740240736,46410.49869082431,nan,nan,nan,nan,nan,nan,nan,nan,nan,260.0,0.00019723402437355915,69.47763132485561,20000.0,1.001186425242197,0.0,300.0,260.0,0.31092467955090053,0.31720877061024433,0.00018075170112040155,0.00029793663698203467,72.34049511624035,71.32531221657992,1.001044594824148,1.0016207415437801,36680.79332578358,34451.852014343734,13.600963820433048,17.744813776740017,0.0,0.0,0.0,"[100, 300, 300, 300, 300]","[0.0007512517011042285, 0.0, 0.00019004871511118824, 4.4869705652379e-05, 0.0]","[300, 300, 300, 300, 300]","[100, 300, 300, 300, 300]","[0.0009037585056020078, 0.0, 0.0, 0.0, 0.0]","[0.001115274126926879, 0.0, 0.0, 0.0003744090579832943, 0.0]",,0.013167915242857374,0.01558928640763558,5.0,1.96
1b,50000,6380606,neural-fore,neural-main-oracle-bellman,-11.421077842283562,-11.429269222563438,-11.44896978656228,0.01311912834726956,-11.454982714124085,-11.40355573100279,1.0,0.027891944278717773,0.01970056399884257,0.34246815057423163,0.34246815057423163,0.037620008537668205,0.03765299712724938,0.00930565932363219,nan,nan,0.04180970539970829,10.950883189855922,13.085673607670833,46293.487819272676,nan,nan,nan,nan,nan,nan,nan,nan,nan,300.0,0.0005536426523130671,73.80186410793104,20000.0,1.0007129405909567,0.0,300.0,300.0,0.33147948266555716,0.344330826318249,0.0005537671144116435,0.0003350281739923908,74.4385285999626,77.07843437439297,1.000918132722377,1.0008672040249558,36032.36777142382,34011.710806211486,14.969353413643224,18.444249963052535,0.0,0.0,0.0,"[300, 300, 300, 300, 300]","[0.0012714146281139907, 0.0008889797090390407, 0.000607818924412304, 0.0, 0.0]","[300, 300, 300, 300, 300]","[300, 300, 300, 300, 300]","[0.0, 0.001600774354621357, 0.0, 0.0011680612174368604, 0.0]","[0.0005814819723522858, 0.0008068180252651863, 0.00028684087234448204, 0.0, 0.0]",,0.01311912834726956,0.014001835212922191,5.0,1.96
1b,50000,6390606,neural-fore,neural-main-oracle-bellman,-11.437423993343154,-11.441847327272798,-11.44896978656228,0.013250309655186508,-11.467817934196963,-11.415876720348633,1.0,0.011545793219125855,0.007122459289481853,0.1443266138454319,0.1443266138454319,0.027231926900819187,0.026470526335051835,0.005334828531480608,nan,nan,0.04148918014429759,10.670996226347523,12.71427126250037,46428.04939791113,nan,nan,nan,nan,nan,nan,nan,nan,nan,260.0,0.00019992340871695063,75.07831225884146,20000.0,0.9991674474749199,0.0,220.0,220.0,0.3104062613759194,0.312412080033161,0.0005256436262429373,0.00036820435690320725,69.36584335851948,71.13573040692135,0.9990881515957428,0.9991333244770544,36953.2518378366,34242.00525720669,12.808707708454218,17.68982126608504,0.0,0.0,0.0,"[300, 300, 300, 300, 100]","[0.0, 0.0, 0.00063767104386776, 0.0, 0.0003619459997169931]","[300, 300, 100, 300, 100]","[300, 300, 100, 100, 300]","[0.0, 0.0, 0.0011838138845808878, 0.0003812984674035938, 0.001063105779230205]","[0.0009233532241207788, 0.0, 0.00044710657704244097, 0.0, 0.00047056198335281637]",,0.013250309655186508,0.013319824401413324,5.0,1.96
1b,50000,6400606,neural-fore,neural-main-oracle-bellman,-11.43676370814049,-11.444514553834326,-11.44896978656228,0.013251826063809471,-11.470488132919392,-11.41854097474926,1.0,0.012206078421790778,0.004455232727954339,0.13762871083543296,0.13762871083543296,0.023004130427626286,0.022868281742245054,0.0077278288436256675,nan,nan,0.03911629755602405,10.899164468486624,12.928491573380718,46375.88545284505,nan,nan,nan,nan,nan,nan,nan,nan,nan,300.0,9.004323987226463e-07,73.61972890829202,20000.0,1.000576249674216,0.0,300.0,220.0,0.31501729607753115,0.32194930220949064,0.00039087049589218526,0.0006848792218658601,74.88768584197388,66.55907355898526,1.0008262503152774,1.0010955998797868,36736.67814814135,33987.73058878812,13.451239299946508,18.125587064768794,0.0,0.0,0.0,"[300, 300, 300, 300, 300]","[0.0, 0.0, 0.0, 0.0, 4.502161993613231e-06]","[300, 300, 300, 300, 300]","[300, 300, 300, 100, 100]","[0.0, 0.0, 0.0, 0.001954352479460926, 0.0]","[0.0003363495462923442, 0.0007452013796020215, 0.0005121585907236158, 0.0, 0.0018306865927113188]",,0.013251826063809471,0.014093033773625065,5.0,1.96
1b,50000,6410606,neural-fore,neural-main-oracle-bellman,-11.440637860849632,-11.44505908729686,-11.44896978656228,0.013498632433976282,-11.471516406867453,-11.418601767726267,1.0,0.008331925712647958,0.003910699265420092,0.17653213478584678,0.17653213478584678,0.03104959169769985,0.029644261230853286,0.005585166817152341,nan,nan,0.03765755922060862,10.916011926419557,12.697344282618898,46294.60977353243,nan,nan,nan,nan,nan,nan,nan,nan,nan,260.0,0.00019422977194472207,69.78307316617574,20000.0,1.0010273814030939,0.0,300.0,300.0,0.32555817490698336,0.3303956464322494,0.00033907046251625535,0.0005184111329244085,74.04071096696426,77.75643046637997,1.0010623087766977,1.0021911598802382,36519.67943810308,34076.05323717603,13.455124247279183,19.225320097158498,0.0,0.0,0.0,"[100, 300, 300, 300, 300]","[0.0008478155108342005, 0.0001233333488894099, 0.0, 0.0, 0.0]","[300, 300, 300, 300, 300]","[300, 300, 300, 300, 300]","[0.0, 0.0003611220961479253, 0.0, 3.957898466043775e-06, 0.0013302723179673078]","[0.0010465890143842617, 0.0, 0.000215581870718123, 0.0006932785307201749, 0.0006366062487994836]",,0.013498632433976282,0.011172939722234815,5.0,1.96
1b,50000,6420606,neural-fore,neural-main-oracle-bellman,-11.442733237995547,-11.447443419087081,-11.44896978656228,0.013018955656998928,-11.472960572174799,-11.421926265999364,1.0,0.006236548566732836,0.0015263674751988532,0.21110669745383182,0.21110669745383182,0.024080562320848018,0.02334433278631029,0.007065357166623166,nan,nan,0.03822205277324055,10.91143420126108,12.73325721057588,46378.718917914026,nan,nan,nan,nan,nan,nan,nan,nan,nan,300.0,0.0001669650218530929,74.447171091591,20000.0,1.000893568613188,0.0,260.0,260.0,0.3046095449527959,0.3142607684546129,0.00014693801575122492,0.0005102511105696355,70.5368487586733,70.23944716684055,1.0013191072786738,1.0011758777963264,36900.677563471065,34124.494672407025,13.81106769140347,18.34132953329664,0.0,0.0,0.0,"[300, 300, 300, 300, 300]","[0.0, 0.0, 0.0, 0.0008348251092654645, 0.0]","[300, 300, 100, 300, 300]","[100, 300, 300, 300, 300]","[9.727674967991535e-05, 0.0, 0.00033071099882846634, 0.0, 0.0003067023302477429]","[0.0, 0.000795194970807033, 0.00035638576100883106, 0.0007573241648022044, 0.0006423506562301092]",,0.013018955656998928,0.00945594635621717,5.0,1.96
1b,50000,6430606,neural-fore,neural-main-oracle-bellman,-11.437282811199923,-11.440970821433917,-11.44896978656228,0.012638870957992092,-11.46574300851158,-11.416198634356252,1.0,0.011686975362357188,0.007998965128363622,0.15214670430126415,0.15214670430126415,0.03504062094089437,0.034917858598762244,0.0032336583882025265,nan,nan,0.050762648067088294,10.801021194825713,12.917364553169671,46552.48500266833,nan,nan,nan,nan,nan,nan,nan,nan,nan,180.0,0.0009413409644078415,62.41181847541593,20000.0,1.0000366239235152,0.0,260.0,220.0,0.2992495359619357,0.310451386628465,0.0005263294340329455,0.0004950388177774648,74.46501800057013,70.7309093418764,1.0001418713460821,0.9998212165470932,36997.52630793948,34214.51654667338,13.054364265093628,18.144783406472037,0.0,0.0,0.0,"[100, 100, 100, 300, 300]","[0.0008064118592000866, 0.0012263484367194383, 0.001356725185224275, 0.0006323475847639443, 0.0006848717561314636]","[300, 100, 300, 300, 300]","[100, 100, 300, 300, 300]","[0.0008650538669337565, 0.001766593303230971, 0.0, 0.0, 0.0]","[0.0008255534384745148, 0.0011996846119782332, 0.0001719457293691546, 0.0002103037474068637, 6.77065616585581e-05]",,0.012638870957992092,0.02087787197475564,5.0,1.96
1b,50000,6440606,neural-fore,neural-main-oracle-bellman,-11.435085104012456,-11.443018466092994,-11.44896978656228,0.012778365275211883,-11.46806406203241,-11.417972870153578,1.0,0.01388468254982378,0.005951320469286259,0.1441429521209481,0.1441429521209481,0.03098560150266581,0.030292420611385585,0.006993701611054855,nan,nan,0.04793039278359226,10.859797377341724,12.855947997162955,46390.761788923344,nan,nan,nan,nan,nan,nan,nan,nan,nan,220.0,0.000779637107371264,69.93876656682696,20000.0,1.0012547835046093,0.0,260.0,300.0,0.2984700313664425,0.31128464266191114,0.0006750467372681377,0.0007775686507654675,69.95586860820185,77.92831310844049,1.0013123930773664,1.000669902184163,36218.027230178544,33651.864093793745,14.971466162654531,18.749687206601514,0.0,0.0,0.0,"[300, 100, 300, 100, 300]","[0.0005469132500903446, 0.0004193017756271136, 0.0005110235301265104, 0.0024209469810123514, 0.0]","[300, 300, 300, 100, 300]","[300, 300, 300, 300, 300]","[0.0, 0.0, 0.0007530995229717422, 0.0026221341633689463, 0.0]","[0.0009815716048292332, 0.0019792045365924944, 0.0, 0.0007352101024800181, 0.0001918570099255922]",,0.012778365275211883,0.009138917372223615,5.0,1.96
1b,50000,6450606,neural-fore,neural-main-oracle-bellman,-11.444572135379,-11.452245481535014,-11.44896978656228,0.014213398520251184,-11.480103742634707,-11.424387220435321,1.0,0.004397651183280615,-0.0032756949727339446,0.1612600618163525,0.1612600618163525,0.033006076908777514,0.0326428105571606,0.005987335310935089,nan,nan,0.03895681152794339,10.727608421180998,12.636027971477818,46346.234189053386,nan,nan,nan,nan,nan,nan,nan,nan,nan,300.0,0.0003713946052573463,74.39037841600366,20000.0,1.0006042632853478,0.0,260.0,220.0,0.3493089207001823,0.3491135727089679,0.0005574409355188187,0.0005175611334440426,75.65182462506928,70.67949384183157,1.000317343312776,1.001691555298266,36297.36514626596,34196.794371787975,14.273439841192012,18.141268267572773,0.0,0.0,0.0,"[300, 300, 300, 300, 300]","[0.0007356580609117063, 0.0, 0.0, 0.0008083197778091076, 0.0003129951875659175]","[300, 300, 300, 300, 100]","[300, 300, 300, 100, 100]","[0.00047619006830050407, 0.0002479711250040884, 0.0003869126818988045, 0.0006302457760688276, 0.0010458850263218695]","[6.238362188127976e-06, 0.0, 4.289237264830682e-05, 0.0014969606464250262, 0.0010417142859587521]",,0.014213398520251184,0.016197463464928497,5.0,1.96
1b,50000,6460606,neural-fore,neural-main-oracle-bellman,-11.43538996079917,-11.442998189022205,-11.44896978656228,0.013279163289466963,-11.469025349069561,-11.41697102897485,1.0,0.013579825763109454,0.005971597540074924,0.23427878890979406,0.23427878890979406,0.027721572177210607,0.026968143143429657,0.008284420970395938,nan,nan,0.04057793077201405,10.871323182326094,12.698224151540558,46386.454198400104,nan,nan,nan,nan,nan,nan,nan,nan,nan,260.0,6.720731657953522e-05,94.5212309410097,20000.0,1.000390786167396,0.0,300.0,300.0,0.3218136013946899,0.329558358597306,0.0002687039800454414,0.0006981154518886437,105.39620300845709,111.18771063426975,0.999992644635151,1.000344487850414,36542.499985726245,34457.305825994015,14.164744215232446,18.037480164528045,0.0,0.0,0.0,"[300, 300, 100, 300, 300]","[0.0, 0.0, 0.0, 0.0002576160778066264, 7.842050509104973e-05]","[300, 300, 300, 300, 300]","[300, 300, 300, 300, 300]","[0.0, 0.00010322175872706145, 0.0009764462051370416, 0.000263851936363104, 0.0]","[0.0005254141791254939, 0.0008182097579044932, 0.0018856993496900148, 0.0, 0.0002612539727232166]",,0.013279163289466963,0.011209552722719054,5.0,1.96
1b,50000,6470606,neural-fore,neural-main-oracle-bellman,-11.450235411269823,-11.458878095978971,-11.44896978656228,0.013331298151809036,-11.485007440356517,-11.432748751601425,1.0,-0.0012656247075426563,-0.009908309416690742,0.21837612744417573,0.21837612744417573,0.030514778197789257,0.030852591039341848,0.005455519814672577,nan,nan,0.03779754095644882,10.900469611991518,12.865906669072533,46144.19888024157,nan,nan,nan,nan,nan,nan,nan,nan,nan,260.0,0.0004690636397254594,95.63366772513837,20000.0,1.0009394626079406,0.0,260.0,260.0,0.3109819307331493,0.32022984780575803,0.0002665871095499504,0.0004811727397213694,91.21347589977086,87.26277705833782,1.0012911191486096,0.9999509641736697,36296.42892708485,33967.72185268065,14.12168880661306,18.36445899174047,0.0,0.0,0.0,"[300, 100, 300, 300, 300]","[0.0, 0.0012161362921091015, 6.569723631080214e-05, 0.001063484670207393, 0.0]","[300, 300, 300, 300, 100]","[300, 300, 300, 300, 100]","[0.0, 0.0, 0.0, 0.0, 0.0013329355477497522]","[0.0012956298257127098, 0.0, 0.0, 0.0, 0.0011102338728941371]",,0.013331298151809036,0.006910087523348484,5.0,1.96
1b,50000,6480606,neural-fore,neural-main-oracle-bellman,-11.45271174450175,-11.459789258323624,-11.44896978656228,0.01292313450297121,-11.485118601949448,-11.4344599146978,1.0,-0.003741957939469742,-0.010819471761344346,0.21840903868993483,0.21840903868993483,0.027197750085753553,0.027176643586259364,0.005462506611581674,nan,nan,0.05395960133107995,10.861832120154263,13.513539124164266,46240.56032015503,nan,nan,nan,nan,nan,nan,nan,nan,nan,180.0,0.0004055461641773627,99.04961500775535,20000.0,1.000550263771046,0.0,220.0,260.0,0.2900721455480727,0.30085578512059297,0.0008888081962635179,0.00036263805705326595,96.28253395885694,100.67968473341315,1.0009158921284236,1.0003258811780162,36515.7417090556,33508.73998490314,13.613070942020064,19.795937401863476,0.0,0.0,0.0,"[100, 300, 300, 100, 100]","[8.06302075016649e-05, 0.0, 0.0, 0.0011977154460652416, 0.000749385167319907]","[300, 300, 300, 100, 100]","[300, 300, 300, 300, 100]","[0.00042390722480613557, 0.0, 0.0010206909827782413, 0.0012862248686540852, 0.001713217905079128]","[0.00024410424394325617, 0.0, 0.0008606932540604461, 4.969768868538849e-05, 0.0006586950985772389]",,0.01292313450297121,0.0017959883640631105,5.0,1.96
1b,50000,6490606,neural-fore,neural-main-oracle-bellman,-11.42972967937626,-11.435560135435562,-11.44896978656228,0.013440186067468773,-11.4619029001278,-11.409217370743324,1.0,0.019240107186019983,0.013409651126718103,0.28105984648998217,0.28105984648998217,0.04379307638982293,0.042959199689613196,0.00785681304762428,nan,nan,0.04236364770353624,10.801744620624241,12.819616397272624,46471.02422267324,nan,nan,nan,nan,nan,nan,nan,nan,nan,300.0,0.00017003829527785695,107.56167533358094,20000.0,1.0014252667195769,0.0,260.0,220.0,0.3061933046525898,0.30991778992007374,0.00043922816224891916,0.0004584963098257924,99.97681447481736,104.08495055017993,1.0009852318332608,1.0021708493699963,36735.64825764417,34068.18578241998,13.592266663769973,18.006568659661387,0.0,0.0,0.0,"[300, 300, 300, 300, 300]","[3.929188298268713e-05, 0.0, 0.00025548241594619016, 0.0, 0.0005554171774604074]","[300, 300, 300, 300, 100]","[300, 300, 100, 300, 100]","[0.0, 0.0, 0.0, 0.0, 0.002196140811244596]","[3.399919367729562e-06, 0.0, 0.00046514548005012853, 0.00016054867443173338, 0.0016633874752793704]",,0.013440186067468773,0.008839323452111515,5.0,1.96
1b,50000,6500606,neural-fore,neural-main-oracle-bellman,-11.432632425746021,-11.436046135459893,-11.44896978656228,0.013747418652783627,-11.46299107601935,-11.409101194900437,1.0,0.016337360816258695,0.012923651102386913,0.15286138117534864,0.15286138117534864,0.03017168280414336,0.028707597521965028,0.004855545839556713,nan,nan,0.037997209716662955,10.79969176159916,12.426421211966684,46474.586128467345,nan,nan,nan,nan,nan,nan,nan,nan,nan,300.0,6.6529523490509e-05,107.338154799724,20000.0,1.0009567759029179,0.0,300.0,260.0,0.3404559839610207,0.34610558037649114,6.60565215587188e-05,0.0003318675813355503,106.58699012454599,109.67325629976112,1.001418893971565,1.000270686196267,36653.79478862628,34278.00366697647,13.201990499848256,18.334346265936226,0.0,0.0,0.0,"[300, 300, 300, 300, 300]","[0.0, 0.00015657906292956974, 0.0, 0.0, 0.0001760685545229752]","[300, 300, 300, 300, 300]","[300, 300, 100, 300, 300]","[0.0, 0.0, 0.000330282607793594, 0.0, 0.0]","[0.0, 0.0, 0.0004525425750923097, 0.0004731073558137854, 0.0007336879757716564]",,0.013747418652783627,0.02003516124303911,5.0,1.96
1b,50000,6510606,neural-fore,neural-main-oracle-bellman,-11.466827414460907,-11.469144868004774,-11.44896978656228,0.013192897156845072,-11.49500294643219,-11.443286789577357,1.0,-0.01785762789862666,-0.020175081442493692,0.19492991412031907,0.19492991412031907,0.02874766444059587,0.028568970192130082,0.006367720321303439,nan,nan,0.03869426065966048,10.842816090218893,12.67876961123677,46322.986237067234,nan,nan,nan,nan,nan,nan,nan,nan,nan,300.0,0.00010578847978820883,110.63243197472767,20000.0,1.0000369255958235,0.0,220.0,300.0,0.30717373827085753,0.31292214493212833,0.001057917907217523,0.00024777737242306973,93.32416615958792,114.5870648662094,1.0000784499426136,1.0000370324543546,36638.281431561125,33579.5454915736,13.478879958607703,19.203523297691724,0.0,0.0,0.0,"[300, 300, 300, 300, 300]","[0.0005289423989410442, 0.0, 0.0, 0.0, 0.0]","[100, 300, 300, 100, 300]","[300, 300, 300, 300, 300]","[0.0026582366366778424, 0.0, 0.0006399609371279906, 0.001991391962281781, 0.0]","[0.00032239042762283594, 0.0, 0.0006881805599554471, 0.00022831587453706582, 0.0]",,0.013192897156845072,0.015433203012355068,5.0,1.96
1b,50000,6520606,neural-fore,neural-main-oracle-bellman,-11.4245971710623,-11.430956734412202,-11.44896978656228,0.012712411351575846,-11.455873060661292,-11.406040408163113,1.0,0.02437261549997949,0.01801305215007787,0.16983366347332382,0.16983366347332382,0.03492668965902225,0.035409887595145864,0.008250437874671727,nan,nan,0.037936923432523376,10.955108256568966,12.87455648527719,46423.48811428199,nan,nan,nan,nan,nan,nan,nan,nan,nan,300.0,0.00020485252610159273,107.83819758377504,20000.0,1.001484887714333,0.0,300.0,260.0,0.28897597238474354,0.2970350073804912,0.0005993352355570114,0.0006712783685825905,120.76709269180428,98.55462759204674,1.0024225394231552,1.0023651855139308,36099.657515038234,33390.203506437145,16.082678646666093,19.775673878138328,0.0,0.0,0.0,"[300, 300, 300, 300, 300]","[0.0005026186717107435, 0.00035808515674127785, 0.00016355880205594237, 0.0, 0.0]","[300, 300, 300, 300, 300]","[300, 300, 300, 100, 300]","[0.0001214120429659511, 0.00047145992448766516, 0.0, 0.0017408983919372147, 0.0006629058183942256]","[0.001047541647068171, 0.0, 0.0, 0.0019878391383930114, 0.00032101105745177024]",,0.012712411351575846,0.01263750060717695,5.0,1.96
1b,50000,6530606,neural-fore,neural-main-oracle-bellman,-11.432423745356513,-11.437153966585377,-11.44896978656228,0.01373485610814563,-11.464074284557343,-11.410233648613412,1.0,0.016546041205767636,0.01181581997690273,0.13541652660560244,0.13541652660560244,0.029865584040578173,0.02867868188543578,0.006788735835554435,nan,nan,0.039013883550663354,10.810832235063183,12.791735791153931,46393.306344612785,nan,nan,nan,nan,nan,nan,nan,nan,nan,220.0,0.00043956151379900154,104.85899111703038,20000.0,1.0000997319452465,0.0,260.0,260.0,0.3324041689604959,0.3429233455690373,0.0005689377695144707,0.0006948501941963957,98.81457218297291,95.4463488499634,0.9998131202113119,1.0007434007660416,36281.16903963545,34077.87479855829,14.755202174223703,18.209457775572652,0.0,0.0,0.0,"[300, 300, 100, 300, 100]","[0.0, 9.822894197470312e-05, 0.0006872370420169838, 0.0, 0.001412341585003321]","[300, 300, 300, 300, 100]","[300, 300, 300, 300, 100]","[0.0, 0.00033716416678162083, 0.0007110182466512068, 0.0, 0.001796506434139526]","[0.0011516346461752378, 0.0007914570108268614, 0.0010870728383475625, 0.000444086475632317, 0.0]",,0.01373485610814563,0.011158049981103516,5.0,1.96
1b,50000,6540606,neural-fore,neural-main-oracle-bellman,-11.450939461305666,-11.45645019280654,-11.44896978656228,0.01310774444120498,-11.482141371911302,-11.43075901370178,1.0,-0.0019696747433854966,-0.007480406244260607,0.1489564994904781,0.1489564994904781,0.024257055753066158,0.023976614977869036,0.006967309260781215,nan,nan,0.04023879844500383,10.920812277666133,12.627859190239503,46310.28423567602,nan,nan,nan,nan,nan,nan,nan,nan,nan,260.0,0.0005011024208830827,82.53282671647612,20000.0,1.0006608048852703,0.0,220.0,260.0,0.30075643953032893,0.30809664709161355,0.0009806322856609302,0.0013238440100382,76.40628194210585,81.63447124119848,1.000604048709659,1.0003383201373945,36415.66627225219,33687.258578973524,14.128242571937045,18.393058658004875,0.0,0.0,0.0,"[100, 300, 300, 300, 300]","[0.0005398420484180756, 0.0, 0.00028133514886787236, 0.0004958846703445279, 0.0011884502367849382]","[300, 100, 300, 100, 300]","[300, 300, 100, 300, 300]","[0.00027042373677644096, 0.0010218145403630189, 0.0006246006377943136, 0.001978058371566683, 0.0010082641418041947]","[0.0003960529653784429, 0.0007917514125336183, 0.0026162868055287607, 0.0006831170879226818, 0.002132011778827497]",,0.01310774444120498,0.01531986740191256,5.0,1.96
1b,50000,6550606,neural-fore,neural-main-oracle-bellman,-11.457811759777218,-11.463135061777642,-11.44896978656228,0.01341553694355144,-11.489429514187004,-11.43684060936828,1.0,-0.008841973214938292,-0.014165275215361817,0.1540539876265096,0.1540539876265096,0.028357595198824657,0.028329335163137542,0.006618196865249587,nan,nan,0.04588342463023911,10.821990380662719,12.921667600075939,46258.40759135124,nan,nan,nan,nan,nan,nan,nan,nan,nan,260.0,0.0004582735165751712,77.74767209941055,20000.0,1.0004982405144232,0.0,260.0,260.0,0.3274993471812115,0.33513484790870396,0.0007468145066825804,0.0009551193321291993,81.07954409206286,75.49277593258303,1.000095304179244,1.0006667180474393,36123.78533257242,33533.17358382997,15.113476008930789,19.277855230722924,0.0,0.0,0.0,"[300, 300, 300, 100, 300]","[0.0, 0.0006663572306422592, 0.0, 0.0009076855215651567, 0.0007173248306684399]","[300, 100, 300, 300, 300]","[300, 100, 300, 300, 300]","[0.0019527220838095102, 0.0004022713494659872, 0.000766304128689997, 0.0006127749714474074, 0.0]","[0.0018004785245214574, 0.002767087244340051, 7.5346175188567e-06, 0.00020049627426563143, 0.0]",,0.01341553694355144,0.012373315855276899,5.0,1.96
1b,50000,6560606,neural-fore,neural-main-oracle-bellman,-11.460850635111875,-11.466406954525223,-11.44896978656228,0.01284454938593757,-11.49158227132166,-11.441231637728785,1.0,-0.011880848549594702,-0.017437167962942368,0.12515029222535062,0.12515029222535062,0.0217093257493217,0.021179905208238325,0.007602798295377002,nan,nan,0.046492790676506336,10.8577518048606,12.621527826636342,46513.9217345794,nan,nan,nan,nan,nan,nan,nan,nan,nan,220.0,0.0006271391868526123,74.83606668300926,20000.0,1.000135048186322,0.0,300.0,260.0,0.2821670718852994,0.29291286651581483,0.000253104543350113,0.00019858606324757363,82.94403783378657,79.43695551615674,1.0001638811927802,0.9999275608386136,36683.15640953969,33663.14504988643,13.661538882195151,19.180734523408123,0.0,0.0,0.0,"[300, 300, 300, 100, 100]","[0.0, 0.0, 0.0006402423550659182, 0.000143324817570009, 0.002352128761627135]","[300, 300, 300, 300, 300]","[300, 300, 300, 100, 300]","[0.0, 0.0, 0.0, 0.001265522716750565, 0.0]","[0.0, 0.00012518520678557563, 2.4261704167104973e-05, 0.0008434834052851875, 0.0]",,0.01284454938593757,0.023924508830131197,5.0,1.96
1b,50000,6570606,neural-fore,neural-main-oracle-bellman,-11.438617825497365,-11.442855795448372,-11.44896978656228,0.013102988913976068,-11.468537653719764,-11.41717393717698,1.0,0.010351961064914761,0.0061139911139083125,0.24469688068181097,0.24469688068181097,0.03696498020747845,0.03545061425257807,0.009357780959367505,nan,nan,0.04534681460282023,10.84764130957744,13.031024834443494,46555.04127233813,nan,nan,nan,nan,nan,nan,nan,nan,nan,260.0,0.0005178274509135758,77.12816077503376,20000.0,1.0007875513103355,0.0,300.0,300.0,0.307796065176594,0.3163867893436193,0.0005360319116785396,0.0006588525775556939,83.70383685056586,83.5006760164164,1.0006574207873435,1.0009718902636562,36598.09968212794,34443.863248100286,14.63703673100695,18.57235050480103,0.0,0.0,0.0,"[300, 300, 300, 300, 100]","[0.0, 0.0002487702319611262, 0.000819980644063687, 0.0, 0.0015203863785430655]","[300, 300, 300, 300, 300]","[300, 300, 300, 300, 300]","[0.0013804268438538485, 0.0, 0.0, 0.0012997327145388494, 0.0]","[0.0018742599809524697, 0.0, 0.00015803070501752768, 0.0012619722018084724, 0.0]",,0.013102988913976068,0.010102703986749118,5.0,1.96
1b,50000,6580606,neural-fore,neural-main-oracle-bellman,-11.467743046750206,-11.47381363847957,-11.44896978656228,0.013150292881737644,-11.499588212527776,-11.448039064431363,1.0,-0.0187732601879258,-0.024843851917289328,0.13087788293866615,0.13087788293866615,0.028335016927024843,0.0281587537984481,0.004259917965167053,nan,nan,0.0403733348685634,10.982533142307048,12.802477551070286,46234.04694386166,nan,nan,nan,nan,nan,nan,nan,nan,nan,300.0,0.0003748968168059127,80.70844810858834,20000.0,1.0006560554228017,0.0,260.0,300.0,0.31644466827272233,0.32481836226746064,0.0006409403787810133,0.0009840881491225198,78.68037662520074,79.96228614982684,1.0006165329505532,1.0008845197332112,36366.624549489046,34293.24746698986,14.688651740515414,18.012592019659916,0.0,0.0,0.0,"[300, 300, 300, 300, 300]","[0.0010821046837373339, 0.000496493138472441, 0.0, 6.432409693953042e-05, 0.0002315621648802583]","[300, 300, 300, 300, 100]","[300, 300, 300, 300, 300]","[0.0, 0.0, 0.0, 0.0010876452004838827, 0.0021170566934211833]","[0.0033146044469483348, 0.0, 0.0, 0.0002266751078084567, 0.0013791611908558082]",,0.013150292881737644,0.01253218683558966,5.0,1.96
1b,50000,6590606,neural-fore,neural-main-oracle-bellman,-11.46390349923816,-11.469999833741426,-11.44896978656228,0.012987778991938205,-11.495455880565624,-11.444543786917228,1.0,-0.014933712675880173,-0.021030047179145583,0.21606851554351772,0.21606851554351772,0.035381977098591436,0.03516828669500404,0.00815142891539765,nan,nan,0.04887156981636303,10.852070855119365,12.56982884995226,46527.20347102423,nan,nan,nan,nan,nan,nan,nan,nan,nan,180.0,0.0006744875494849948,64.58333989994135,20000.0,1.0007847704525314,0.0,260.0,220.0,0.3065100365561855,0.3207761743692903,0.00041890926498041524,0.0002401871914827287,76.33414856705349,70.85626611621119,1.0004449976898808,1.0013382149492442,36855.87646274154,34306.775912778874,13.411245344326716,18.583956614082336,0.0,0.0,0.0,"[100, 300, 100, 300, 100]","[0.0007309284737768226, 0.0, 0.0011934081577319605, 0.0005832979503307309, 0.0008648031655854602]","[300, 300, 100, 300, 300]","[300, 300, 100, 100, 300]","[0.0, 0.0, 0.0007868486112583841, 0.0001677466125066987, 0.0011399511011369935]","[0.00023568345079568896, 0.0, 0.0, 0.0009652525066179546, 0.0]",,0.012987778991938205,0.010388192238959372,5.0,1.96
1b,50000,6600606,neural-fore,neural-main-oracle-bellman,-11.432296514694874,-11.43824125251893,-11.44896978656228,0.013286776509580088,-11.464283334477706,-11.412199170560154,1.0,0.01667327186740586,0.01072853404335028,0.13102534662205415,0.13102534662205415,0.02532766603523265,0.025176365644916147,0.007087271661380823,nan,nan,0.042955582626128405,10.794130227040498,13.305438083857211,46291.91379181299,nan,nan,nan,nan,nan,nan,nan,nan,nan,260.0,0.0004927781604133943,77.25766261639073,20000.0,0.9998684570061129,0.0,260.0,140.0,0.3064496313796894,0.3128552930722287,0.00103488934365733,0.0009741966029463897,77.76694280882366,60.49541551705916,0.9993612355321808,1.0009587867983645,36598.91843557119,33981.15967076884,13.629490577998563,19.11252070806986,0.0,0.0,0.0,"[300, 100, 300, 300, 300]","[0.000974921096911894, 0.0005162830149483512, 0.0, 0.0, 0.0009726866902067265]","[300, 100, 300, 300, 300]","[100, 100, 300, 100, 100]","[0.0, 0.0036650605074743355, 0.0, 0.0015093862108123146, 0.0]","[0.002359990087022498, 0.001242836787447904, 6.333884996109946e-05, 0.001111996532758861, 9.282075754158756e-05]",,0.013286776509580088,0.009153071614728201,5.0,1.96
1b,50000,6610606,neural-fore,neural-main-oracle-bellman,-11.444805005644547,-11.45154970228966,-11.44896978656228,0.013313799996194867,-11.4776447502822,-11.425454654297118,1.0,0.004164780917733424,-0.002579915727379145,0.1751505384913557,0.1751505384913557,0.02832623252814696,0.02808423470531274,0.00596877582633192,nan,nan,0.04494030629495775,10.922339933974126,12.734554061181043,46188.47489612077,nan,nan,nan,nan,nan,nan,nan,nan,nan,220.0,0.0005041905549121002,66.04580492542591,20000.0,1.0011197564942311,0.0,260.0,260.0,0.2993541657735076,0.3117095949609408,0.0008651078272031244,0.0005802338234975566,69.54353535016999,70.51517425025813,1.0010892802438582,1.001043019021254,36283.906120959844,33510.07778132013,14.138867146199397,19.121026050135768,0.0,0.0,0.0,"[300, 100, 100, 300, 300]","[0.00025734969630764005, 0.00040705285943129363, 0.0008220690507218767, 0.00103448116809969, 0.0]","[100, 300, 300, 300, 300]","[300, 300, 300, 300, 100]","[0.0008375826931497725, 0.0, 0.001020028244969719, 0.0002521936835133239, 0.0022157345143828063]","[0.0012087947880394738, 0.0, 0.0, 0.0006304621456442618, 0.0010619121838040474]",,0.013313799996194867,0.005787897241746502,5.0,1.96
1b,50000,6620606,neural-fore,neural-main-oracle-bellman,-11.44672944971982,-11.452216984012832,-11.44896978656228,0.013672345790134393,-11.479014781761496,-11.425419186264168,1.0,0.0022403368424601666,-0.0032471974505519086,0.19717431899557383,0.19717431899557383,0.0331142009224217,0.031309973448743866,0.010613782489554689,nan,nan,0.0428139113522031,10.719797300846524,12.964545943686113,46284.876242879356,nan,nan,nan,nan,nan,nan,nan,nan,nan,220.0,0.00023633064642199117,62.06865362536628,20000.0,1.001244881567121,0.0,260.0,220.0,0.3060167499292272,0.30952357400618136,0.0003242594512909316,0.0005134486108283583,68.04095309979748,65.12549313344061,1.0012908254601398,1.0017972254384968,36531.77807880369,33782.99079483117,14.24553438362238,18.829332779834047,0.0,0.0,0.0,"[100, 100, 300, 300, 300]","[0.0006686158322591575, 0.00012369526171397092, 0.00038934213813682727, 0.0, 0.0]","[300, 100, 300, 300, 300]","[100, 100, 300, 300, 300]","[0.0, 0.0016212972564546581, 0.0, 0.0, 0.0]","[0.0013144948928897116, 0.0012527481612520798, 0.0, 0.0, 0.0]",,0.013672345790134393,0.03011786372067592,5.0,1.96
1b,50000,6630606,neural-fore,neural-main-oracle-bellman,-11.435083041926344,-11.441245797706383,-11.44896978656228,0.012995458664728315,-11.46671689668925,-11.415774698723515,1.0,0.01388674463593631,0.00772398885589709,0.16590538667404392,0.16590538667404392,0.03019004794275198,0.02815185348902819,0.005784977778895796,nan,nan,0.04240642250566561,10.819834587237118,12.692603658606732,46419.84262358584,nan,nan,nan,nan,nan,nan,nan,nan,nan,300.0,0.00015615336719803594,79.29179163363297,20000.0,1.0007183865066003,0.0,180.0,220.0,0.31977885997638716,0.33183777760715144,0.0012945490773073089,0.00025512971494413893,69.47122567519546,68.79173930799588,1.0006538036644004,1.0008338571860746,36640.384785114664,33953.62165310599,14.068746098306704,18.78593656917519,0.0,0.0,0.0,"[300, 300, 300, 300, 300]","[0.0, 0.00038728206744872664, 0.0, 0.0003934847685414531, 0.0]","[100, 100, 100, 300, 300]","[100, 300, 100, 300, 300]","[0.003485475333924499, 0.0011662908236889948, 0.0018209792289230501, 0.0, 0.0]","[0.000951397103206862, 6.798351050298903e-05, 0.00025626796101084357, 0.0, 0.0]",,0.012995458664728315,0.016672878937861586,5.0,1.96
1b,50000,6640606,neural-fore,neural-main-oracle-bellman,-11.43555799971084,-11.443297604946219,-11.44896978656228,0.013009031365641768,-11.468795306422876,-11.417799903469561,1.0,0.01341178685144051,0.0056721816160614225,0.11957970289599926,0.11957970289599926,0.03211617120612588,0.032024889003687086,0.006011302896968416,nan,nan,0.044002295780849264,10.89693739169562,13.35417669500996,46269.97009983629,nan,nan,nan,nan,nan,nan,nan,nan,nan,260.0,0.00027900333706215266,78.68632663355675,20000.0,1.0006717420937157,0.0,300.0,220.0,0.29263405789041685,0.299074569017377,0.00020928918837443577,0.0008339757007254598,79.39087591597345,71.36817354985979,1.0007199895660288,1.0005624821322905,36271.308096606415,33736.563217564646,14.427283243328535,18.91503006041495,0.0,0.0,0.0,"[300, 100, 300, 300, 300]","[0.0, 0.0013950166853107632, 0.0, 0.0, 0.0]","[300, 300, 300, 300, 300]","[300, 100, 300, 300, 100]","[0.0, 0.0, 0.0010464459418721788, 0.0, 0.0]","[0.0003806791489898904, 0.001044153650691841, 0.00121682815867869, 0.0001928924299732927, 0.0013353251152935844]",,0.013009031365641768,0.015615466870348118,5.0,1.96
1b,50000,6650606,neural-fore,neural-main-oracle-bellman,-11.46043555016144,-11.462491596464938,-11.44896978656228,0.012881689796891886,-11.487739708466846,-11.43724348446303,1.0,-0.011465763599160184,-0.013521809902657722,0.14348140490535657,0.14348140490535657,0.028986522409989397,0.029228407274532187,0.004962697317902973,nan,nan,0.045530524969222524,10.883983268875394,12.728607229753019,46377.936829873,nan,nan,nan,nan,nan,nan,nan,nan,nan,260.0,0.00020757856114283794,76.63716797584202,20000.0,1.0001430386252903,0.0,300.0,260.0,0.29868417577975814,0.30978724246153533,0.000915997584577846,0.000840911917273724,81.00162020814605,83.03962233378552,1.0005258469701848,0.9997360282984478,36311.50144564813,33824.81729720246,14.472888623104694,18.69958081468154,0.0,0.0,0.0,"[100, 300, 300, 300, 300]","[0.0004433003757455491, 0.0, 0.0, 0.0005945924299686406, 0.0]","[300, 300, 300, 300, 300]","[100, 300, 300, 300, 300]","[0.0032399962356390467, 0.0, 0.00011437988021411396, 0.0012256118070360694, 0.0]","[0.002254753813757662, 0.00010434013871310748, 0.0008686451102907065, 0.0008857760251502339, 9.104449845690938e-05]",,0.012881689796891886,0.021193572290987166,5.0,1.96
1b,50000,6660606,neural-fore,neural-main-oracle-bellman,-11.45248068302765,-11.454958254810082,-11.44896978656228,0.012733637257481917,-11.479916183834746,-11.430000325785418,1.0,-0.0035108964653698393,-0.005988468247801748,0.14847249173567872,0.14847249173567872,0.028644153118865867,0.02843524253195879,0.006893727788115481,nan,nan,0.03952774086038246,10.964990092743651,12.591795279828606,46385.839036720485,nan,nan,nan,nan,nan,nan,nan,nan,nan,300.0,0.00028819686018937595,79.79775163342711,20000.0,1.0011017977710286,0.0,260.0,180.0,0.302026538076584,0.3126341848623026,0.0009765093771873861,0.0010193344614207608,77.27198616683017,63.75762595781125,1.000937222066352,1.001063373427694,36909.46012604966,34233.3656333442,12.892713865619896,18.43688971453083,0.0,0.0,0.0,"[300, 300, 300, 300, 300]","[0.00034080195006395427, 0.0, 0.0, 0.0006410320695390185, 0.0004591502813439072]","[300, 100, 300, 300, 300]","[100, 100, 100, 300, 300]","[0.0029467821488107808, 0.0005602090151965801, 0.0, 0.0013755557219295694, 0.0]","[0.0010179742146521537, 0.0004088893773252398, 0.0012823505563122498, 0.0003805419165168857, 0.002006916242297275]",,0.012733637257481917,0.015730049332801234,5.0,1.96
1b,50000,6670606,neural-fore,neural-main-oracle-bellman,-11.452150305146354,-11.46116462115878,-11.44896978656228,0.013726337311007341,-11.488068242288355,-11.434261000029204,1.0,-0.003180518584073866,-0.012194834596499504,0.1817845913112583,0.1817845913112583,0.029451637881731968,0.02840462639947754,0.008337234036529997,nan,nan,0.040821586697653615,10.840961457289993,12.919679362043322,46370.74905942295,nan,nan,nan,nan,nan,nan,nan,nan,nan,300.0,0.0005679132745754816,83.12920176621992,20000.0,1.0002630698263877,0.0,300.0,220.0,0.3256686446937859,0.32998868600225023,0.00026918852249984055,0.0003464718499002212,80.31489000839647,69.03261811616831,1.000252506789383,0.9990827546932841,36600.565468601955,34299.85259426467,14.56710027419545,17.447233259447152,0.0,0.0,0.0,"[300, 300, 300, 300, 300]","[0.0006873615780582053, 0.0005377599820305196, 0.0008795622424251223, 0.0007348825703635605, 0.0]","[300, 300, 300, 300, 300]","[300, 100, 100, 300, 300]","[0.0, 0.00012971241191155533, 0.0007315903987463752, 0.0004846398018412722, 0.0]","[0.0, 0.0010781050541768039, 0.0006542541953243021, 0.0, 0.0]",,0.013726337311007341,0.009557585547184727,5.0,1.96
1b,50000,6680606,neural-fore,neural-main-oracle-bellman,-11.435929374505468,-11.438645336358011,-11.44896978656228,0.013512250293334603,-11.465129346932947,-11.412161325783075,1.0,0.013040412056811945,0.010324450204269198,0.16369817092370031,0.16369817092370031,0.02900216625244061,0.027014818192353164,0.0071172165971079004,nan,nan,0.03965739770780817,10.88561666072085,12.646991529642092,46346.068760897164,nan,nan,nan,nan,nan,nan,nan,nan,nan,260.0,0.0005290485649312768,76.12811564176809,20000.0,1.0012024902655003,0.0,260.0,300.0,0.34024544203068435,0.35006478605029223,0.0005807106062469817,0.00010437204187452095,76.7325435170671,79.7881043249974,1.0009965759103803,1.0017738894898849,36429.863910222964,34081.57991848293,14.16009248428971,18.765580263844818,0.0,0.0,0.0,"[300, 300, 300, 100, 300]","[0.0008112202416197991, 0.0, 0.0004845184690536616, 0.0012387236217970257, 0.00011078049218589796]","[300, 300, 100, 300, 300]","[300, 300, 300, 300, 300]","[0.0, 0.0, 0.0003818763856049379, 0.0006368520543124834, 0.0018848245913174872]","[0.0, 0.0, 0.0004234583262345327, 0.0, 9.840188313807207e-05]",,0.013512250293334603,0.01336637072347345,5.0,1.96
1b,50000,6690606,neural-fore,neural-main-oracle-bellman,-11.437827130525802,-11.444414860878817,-11.44896978656228,0.013151357687513809,-11.470191521946344,-11.41863819981129,1.0,0.011142656036478016,0.00455492568346294,0.23815451855242015,0.23815451855242015,0.04101757834875708,0.04028256544920682,0.0059118150505778795,nan,nan,0.04121900968498107,10.915103498582734,12.5386789991218,46545.864238767324,nan,nan,nan,nan,nan,nan,nan,nan,nan,260.0,0.0005578345496246255,84.54703974139412,20000.0,1.0007776485130273,0.0,260.0,260.0,0.33225569176452224,0.3433195539752288,0.0008984993604041472,0.00023742444026699175,78.14644906718749,78.8923996328609,1.0004892767026639,1.0016095693306188,36828.255581878744,34553.35518749371,13.747893420159738,17.78696774401596,0.0,0.0,0.0,"[300, 300, 300, 100, 300]","[0.0005618054936067061, 0.0, 0.0, 0.0022273672545164215, 0.0]","[300, 300, 300, 300, 100]","[300, 300, 100, 300, 300]","[0.0015982756656537664, 0.00023852375427964523, 0.0, 0.0, 0.0026556973820873243]","[0.0002222390115841581, 0.0, 0.0009648831897508007, 0.0, 0.0]",,0.013151357687513809,0.02355191769025589,5.0,1.96
1b,50000,6700606,neural-fore,neural-main-oracle-bellman,-11.463432325200444,-11.465542334249863,-11.44896978656228,0.013225341673716268,-11.491464003930346,-11.439620664569379,1.0,-0.01446253863816338,-0.01657254768758243,0.11835526361099091,0.11835526361099091,0.025794610975629427,0.024326411045865595,0.006006671872971066,nan,nan,0.041990806828213774,10.851787991373754,12.469854580771715,46405.38447682689,nan,nan,nan,nan,nan,nan,nan,nan,nan,260.0,0.0008027911085857346,81.99944872476627,20000.0,0.9998192835914773,0.0,260.0,220.0,0.29680507766993075,0.30611651588111294,0.00019540295607403243,0.000978696492470033,81.65957144179848,76.48437973337714,1.00011171307451,0.9996257130708566,36746.071649451755,33978.5529257553,13.362368588110991,19.014496750701248,0.0,0.0,0.0,"[300, 300, 100, 300, 300]","[0.0, 0.0003488943229497978, 0.0007369472830871305, 0.002162708199316991, 0.0007654057375747536]","[300, 300, 300, 100, 300]","[300, 300, 100, 100, 300]","[0.0, 0.00046956667382169206, 0.0, 0.0005074481065484701, 0.0]","[0.0002443371124014636, 0.0008692206496221065, 0.0017219774328936107, 0.0012819630339418761, 0.000775984233491109]",,0.013225341673716268,0.007215764763701209,5.0,1.96
1b,50000,6710606,neural-fore,neural-main-oracle-bellman,-11.46577565354598,-11.471495032197133,-11.44896978656228,0.012906199335904906,-11.496791182895507,-11.44619888149876,1.0,-0.016805866983700568,-0.02252524563485281,0.20467722711154224,0.20467722711154224,0.031703948971473064,0.03158711940863289,0.008852033956471685,nan,nan,0.04226786875714563,10.923921128749836,12.814769823510183,46116.9484570329,nan,nan,nan,nan,nan,nan,nan,nan,nan,300.0,0.00031266943637782196,87.60736859969329,20000.0,1.0005453719580595,0.0,300.0,260.0,0.2779398035559665,0.28513097956126693,0.00015901514223515799,0.000774795357135203,85.05849701615516,78.46819251696579,1.0005094719139955,1.00117101516395,36580.53428007027,33166.53969102201,14.814076028535727,19.763907070528226,0.0,0.0,0.0,"[300, 300, 300, 300, 300]","[7.735603666167658e-05, 0.0011315811791537103, 0.0, 0.00035440996607372284, 0.0]","[300, 300, 300, 300, 300]","[100, 300, 300, 300, 300]","[0.0, 0.0, 0.0, 0.0, 0.0007950757111757899]","[0.002116245668891757, 0.0, 0.0, 0.00019984838285181552, 0.0015578827339324424]",,0.012906199335904906,0.011589445214091422,5.0,1.96
1b,50000,6720606,neural-fore,neural-main-oracle-bellman,-11.43046518456839,-11.437289024248384,-11.44896978656228,0.013131733060679591,-11.463027221047316,-11.411550827449453,1.0,0.01850460199388948,0.011680762313895698,0.17317065416144942,0.17317065416144942,0.0414876809970652,0.04155023357882239,0.007838016556474025,nan,nan,0.045070359351974,10.879944605652033,12.584670629876861,46448.69139461195,nan,nan,nan,nan,nan,nan,nan,nan,nan,260.0,0.0002329243224986951,85.73002239135094,20000.0,1.0006921667620363,0.0,220.0,260.0,0.3072468507200271,0.31127977022202735,0.0009592531967366116,0.000564666225079654,81.12995040058158,87.53946086657234,1.000918600210203,1.0008230192391612,36813.14920656368,34084.51901588763,13.276720109106606,18.717867531823927,0.0,0.0,0.0,"[300, 300, 300, 100, 300]","[0.0, 0.0, 0.0011646216124934754, 0.0, 0.0]","[300, 300, 100, 300, 100]","[300, 300, 300, 100, 300]","[0.0005781608690396925, 0.0, 0.0014804194442413134, 0.0, 0.002737685670402052]","[0.00217390066503187, 0.0, 0.0, 0.00011063604297044728, 0.0005387944173959528]",,0.013131733060679591,0.008715664678625936,5.0,1.96
1b,50000,6730606,neural-fore,neural-main-oracle-bellman,-11.46396060572172,-11.468406000197904,-11.44896978656228,0.013350449228196707,-11.494572880685169,-11.442239119710639,1.0,-0.014990819159439894,-0.019436213635623645,0.15375257703728334,0.15375257703728334,0.024696186102640436,0.023739171898204587,0.006715814466127042,nan,nan,0.05177929501598336,10.894234919382,13.073905648671236,46208.091185624275,nan,nan,nan,nan,nan,nan,nan,nan,nan,180.0,0.0006851475482453232,74.19994715836364,20000.0,1.000531171018478,0.0,260.0,220.0,0.2937627868246587,0.30092161505932224,0.0007513861070054274,0.0009588580701102937,85.9603422580054,78.74497983376496,1.0007360510558194,1.0003779270730635,36292.403622264166,33846.46376867406,14.514708149560752,19.098845347547122,0.0,0.0,0.0,"[100, 100, 100, 300, 300]","[0.000777084427747406, 0.00042602477781272335, 0.00041336630896614507, 0.0018092622267003413, 0.0]","[300, 300, 300, 100, 300]","[100, 300, 300, 100, 300]","[0.002061533798398941, 0.0, 0.0, 0.0014229847344068836, 0.00027241200222131225]","[0.003596006636001167, 0.0, 0.0, 0.00041233235390954306, 0.0007859513606407583]",,0.013350449228196707,0.020576029847697408,5.0,1.96
1b,50000,6740606,neural-fore,neural-main-oracle-bellman,-11.43411615476524,-11.437644116857575,-11.44896978656228,0.013114544854551283,-11.463348624772495,-11.411939608942655,1.0,0.014853631797040023,0.011325669704705277,0.2099958331231669,0.2099958331231669,0.02734850441072468,0.02751497827478669,0.006273994768381252,nan,nan,0.04670505841820035,10.810909243108302,12.668779783272196,46515.97933265063,nan,nan,nan,nan,nan,nan,nan,nan,nan,260.0,0.0006669635082781462,82.5446821076097,20000.0,0.999593933442366,0.0,220.0,180.0,0.3006613020438601,0.30835323542823384,0.0004088783111200128,0.0012065203873895473,75.02272699959576,67.78032630055677,0.9993326901132076,0.9995448687181039,36748.335841486274,34067.66690439141,14.080490976795085,18.567191601580674,0.0,0.0,0.0,"[300, 300, 100, 300, 300]","[0.0, 0.0007899240569308523, 0.002156599411061175, 0.0003882940733987035, 0.0]","[300, 300, 100, 100, 300]","[100, 100, 300, 100, 300]","[0.0007009253399560785, 0.0, 0.0, 0.0010215513256393444, 0.00032191489000464086]","[0.0025830580570522558, 0.001165802117608862, 0.0009304634066448806, 0.001353278355641739, 0.0]",,0.013114544854551283,0.007255799466952522,5.0,1.96
1b,50000,6750606,neural-fore,neural-main-oracle-bellman,-11.453786765951106,-11.461224582626041,-11.44896978656228,0.0134085292710375,-11.487505299997276,-11.434943865254807,1.0,-0.00481697938882597,-0.01225479606376112,0.16027006513242803,0.16027006513242803,0.025497138613521243,0.024491549678425057,0.007330693309749406,nan,nan,0.038002401007952276,10.994959855618827,12.944529085885778,46162.528762062255,nan,nan,nan,nan,nan,nan,nan,nan,nan,300.0,0.0007162176692424515,88.61162419179455,20000.0,1.0012725049158315,0.0,300.0,260.0,0.3172729005003489,0.3217334483931231,0.0005452849610370289,0.0001988574005657179,85.68892999980599,77.65148231661878,1.0011992105232739,1.0015663632183318,36250.56566036657,33864.209643611925,14.560792321009803,18.861031258233957,0.0,0.0,0.0,"[300, 300, 300, 300, 300]","[0.0, 0.002107767526341893, 0.0009077372175195638, 0.0005655836023508011, 0.0]","[300, 300, 300, 300, 300]","[300, 300, 300, 100, 300]","[0.0016765710706830173, 0.0, 0.0, 0.0, 0.0010498537345021272]","[0.0005307389705950685, 0.0, 0.0, 0.00046354803223352107, 0.0]",,0.0134085292710375,0.013799804539411837,5.0,1.96
1b,50000,6760606,neural-fore,neural-main-oracle-bellman,-11.426386739479186,-11.434039277776465,-11.44896978656228,0.013731758388820547,-11.460953524218553,-11.407125031334377,1.0,0.022583047083093888,0.014930508785814922,0.20766274117944436,0.20766274117944436,0.03308746964946043,0.03318730122889167,0.005394525332288918,nan,nan,0.045544267885786555,10.759558483430224,12.699693629712085,46439.23723264522,nan,nan,nan,nan,nan,nan,nan,nan,nan,260.0,0.00026773940688346363,86.11790261680726,20000.0,1.0013902549749356,0.0,260.0,260.0,0.33350063943424857,0.3384780147018526,0.0003542511309856747,0.0010844213817917253,82.75627127480693,80.00038295846898,1.001216226338567,1.0027847768706253,36366.59094005422,33737.46039715018,14.077826353505168,18.61746748225557,0.0,0.0,0.0,"[300, 300, 300, 300, 100]","[0.0, 0.0005377368693583733, 0.00026375369063145814, 0.0, 0.0005372064744274867]","[300, 100, 300, 300, 300]","[100, 300, 300, 300, 300]","[4.8729190225169086e-05, 0.0017225264647032044, 0.0, 0.0, 0.0]","[0.001261468048657559, 0.0010012923485803024, 0.0003270550030178631, 0.00022879992292722007, 0.0026034915857756826]",,0.013731758388820547,0.014508059837809098,5.0,1.96
1b,50000,6770606,neural-fore,neural-main-oracle-bellman,-11.469353912618542,-11.475284503424218,-11.44896978656228,0.013215653514933947,-11.501187184313489,-11.449381822534948,0.0,-0.020384126056262275,-0.02631471686193798,0.3273272336092897,0.3273272336092897,0.03580566175175947,0.03659569784827507,0.007522635322290549,nan,nan,0.04478840982307801,10.887260173164037,12.927814966304162,46282.8375115161,nan,nan,nan,nan,nan,nan,nan,nan,nan,300.0,0.00035761955501064497,90.75922754164785,20000.0,0.9993621978127853,0.0,260.0,260.0,0.3061836067294814,0.3122820780762178,0.00019467874093598455,0.0004596752366282697,82.15695222504436,84.15122447481845,0.9990367246966585,0.9992288733870464,36327.58293245456,33587.695156219284,14.32445694310841,19.69920060685175,0.0,0.0,0.0,"[300, 300, 300, 300, 300]","[0.0, 0.0013253041661863123, 0.0, 2.5823067524479023e-06, 0.00046021130211446455]","[100, 300, 300, 300, 300]","[300, 300, 100, 300, 300]","[0.0, 0.0, 0.000963934100767515, 0.0, 9.459603912407684e-06]","[0.0007833310494400499, 0.0005646077567934727, 0.0007530304446926413, 0.0, 0.00019740693221518478]",,0.013215653514933947,0.008957996987311777,5.0,1.96
1b,50000,6780606,neural-fore,neural-main-oracle-bellman,-11.469272256648154,-11.473997695250711,-11.44896978656228,0.013059614616676103,-11.499594539899396,-11.448400850602026,1.0,-0.02030247008587338,-0.025027908688430855,0.2122453277726981,0.2122453277726981,0.02776484017038936,0.02743635156016581,0.005814872007951793,nan,nan,0.045679778815891685,10.972110747828339,12.751507494936943,46270.0671955704,nan,nan,nan,nan,nan,nan,nan,nan,nan,260.0,0.0004961286956804633,79.8933034334099,20000.0,1.000453699032538,0.0,260.0,260.0,0.2923903661104318,0.3020230816901001,0.0009074132287077048,0.0006853200586532761,77.60569721718784,80.79516807482578,1.0003413854983225,1.0006049515731843,36331.91452517481,33615.03232918065,14.499308917945921,19.098454938902858,0.0,0.0,0.0,"[300, 300, 300, 100, 300]","[0.0, 0.0, 0.00013591123017754205, 0.002344732248224774, 0.0]","[300, 300, 300, 100, 300]","[300, 300, 300, 100, 300]","[0.0, 0.00029730475696766224, 0.001591610296077653, 0.0026481510904932093, 0.0]","[0.0006328566719668978, 0.0010892959835521211, 0.0, 0.0011828174863604138, 0.000521630151386948]",,0.013059614616676103,0.010487603904507798,5.0,1.96
1b,50000,6790606,neural-fore,neural-main-oracle-bellman,-11.451917156651716,-11.457944034877157,-11.44896978656228,0.013142716419616025,-11.483703759059605,-11.432184310694709,1.0,-0.0029473700894353527,-0.008974248314876476,0.11146798653231267,0.11146798653231267,0.024103447928290493,0.022837985765139825,0.004667317273613618,nan,nan,0.04782687687833436,10.874581069439625,12.718426697612543,46392.27193654783,nan,nan,nan,nan,nan,nan,nan,nan,nan,300.0,0.00019443447500651852,89.9525102829095,20000.0,1.0007870904772016,0.0,300.0,260.0,0.31548993948251625,0.3196605177676896,0.00023270141256543226,0.00017512322819803605,91.27024435016793,85.41473572480027,1.0004570898197176,1.0016576425243855,36897.64588754073,34184.491099284605,13.552628101090894,17.99510027491851,0.0,0.0,0.0,"[300, 300, 300, 300, 300]","[0.0008476406716829717, 0.0, 0.0, 0.00012453170334962094, 0.0]","[300, 300, 300, 300, 300]","[300, 300, 300, 300, 100]","[0.0, 0.0, 0.0, 0.0, 0.0011635070628271613]","[0.0, 7.665475455060253e-05, 0.0002118180524277231, 0.0, 0.0005871433340118547]",,0.013142716419616025,0.008581062989252625,5.0,1.96
1b,50000,6800606,neural-fore,neural-main-oracle-bellman,-11.446551433096548,-11.455302025354886,-11.44896978656228,0.013607506189408935,-11.481972737486128,-11.428631313223644,1.0,0.002418353465731826,-0.006332238792605693,0.15342708757477805,0.15342708757477805,0.022195688246486628,0.021710379889297117,0.007798243094114247,nan,nan,0.043629074068073856,10.857833785021452,13.012861818591196,46241.204383497,nan,nan,nan,nan,nan,nan,nan,nan,nan,260.0,0.0006119716637102833,88.27860179122072,20000.0,1.0003804773011524,0.0,260.0,220.0,0.32267508685045637,0.32776435539294657,0.0006390383018521127,0.0007461727579694325,88.07309330878779,80.05063045902644,1.0001284079241248,0.9999122667030921,36519.311740322664,33918.589738190974,13.641046614621946,18.198657331591313,0.0,0.0,0.0,"[300, 300, 100, 300, 300]","[0.0005113982001270951, 2.5794436175461964e-05, 0.002315065394728026, 0.0, 0.00020760028752083337]","[300, 300, 100, 300, 300]","[300, 300, 100, 300, 100]","[0.0, 0.0005057186911528734, 0.0025978386253481156, 9.163419275957487e-05, 0.0]","[0.0011919414177738866, 0.0, 0.0014270837824823536, 0.0, 0.001111838589590922]",,0.013607506189408935,0.010503545664220026,5.0,1.96
1b,50000,6810606,neural-fore,neural-main-oracle-bellman,-11.415729171547767,-11.422722823032622,-11.44896978656228,0.013745493592978376,-11.449663990474859,-11.395781655590385,1.0,0.03324061501451325,0.026246963529658274,0.22473059601909667,0.22473059601909667,0.03815566167297188,0.03784458813410478,0.005657889590228157,nan,nan,0.04417531693019664,10.757306158386541,12.6123868968719,46593.52476556964,nan,nan,nan,nan,nan,nan,nan,nan,nan,260.0,0.00019713928335702546,88.9563795915572,20000.0,1.0002679797472198,0.0,300.0,220.0,0.3490090795253043,0.35763612319426613,0.0006140844750213534,0.0006984031367634625,93.33549623300787,83.81027547493576,1.0006994264156648,0.9998782774679575,36599.90677188915,34599.72526766591,13.895648999560075,17.669317970116957,0.0,0.0,0.0,"[300, 100, 300, 300, 300]","[0.0, 0.0009856964167851273, 0.0, 0.0, 0.0]","[300, 300, 300, 300, 300]","[100, 300, 100, 300, 300]","[0.0008162608372791034, 0.0011439287762420973, 0.0011045266857015296, 5.706075884036774e-06, 0.0]","[0.0007757521113729199, 0.0005115768954176914, 0.0009166648862437812, 0.0, 0.0012880217907829204]",,0.013745493592978376,0.012153577142685345,5.0,1.96
1b,50000,6820606,neural-fore,neural-main-oracle-bellman,-11.443362320804136,-11.453797816008926,-11.44896978656228,0.013384865581292349,-11.48003215254826,-11.427563479469592,1.0,0.005607465758144414,-0.004828029446645843,0.16952488683956002,0.16952488683956002,0.02396513580651933,0.02326871005549773,0.00531961115144227,nan,nan,0.03807517416921845,10.87191544014797,12.707070151597225,46317.47386542262,nan,nan,nan,nan,nan,nan,nan,nan,nan,260.0,0.0003991529350109101,81.37273570001125,20000.0,1.0001149567029648,0.0,260.0,180.0,0.3171752489526839,0.324063837453352,0.0004231986045988353,0.001132411649447674,83.21413597525097,69.14527399197686,1.0003930480047962,0.999621864517205,36636.84775360544,34347.55631779585,13.273312275420997,17.861622623222146,0.0,0.0,0.0,"[300, 300, 100, 300, 300]","[0.0013362717688888285, 0.0005848105389812483, 7.468236718447393e-05, 0.0, 0.0]","[100, 300, 300, 300, 300]","[100, 300, 100, 100, 300]","[0.0012707285190239356, 0.00022547630884264022, 0.0006197881951276007, 0.0, 0.0]","[0.0008259533993471327, 0.0010482239683164963, 0.001540043916696927, 0.0006516195027279102, 0.0015962174601499037]",,0.013384865581292349,0.007453934963545832,5.0,1.96
1b,50000,6830606,neural-fore,neural-main-oracle-bellman,-11.466342987096422,-11.474229018645156,-11.44896978656228,0.013084200792098944,-11.49987405219767,-11.448583985092641,1.0,-0.017373200534141375,-0.025259232082875727,0.14703176136190177,0.14703176136190177,0.027696423987832723,0.027424386510164923,0.005621615813261357,nan,nan,0.04909341843663235,10.906674248888208,12.685819703924432,46301.8406902362,nan,nan,nan,nan,nan,nan,nan,nan,nan,260.0,0.0003817131230026664,82.36204925884958,20000.0,0.9994859160473537,0.0,260.0,140.0,0.30053304398102076,0.3093685359062963,0.00043309468190648513,0.000810919441462769,81.63056975842919,65.29545369162224,0.9997803098436288,0.9987025980589068,36839.71075759055,34274.39582717249,13.370824969935555,18.396294775867155,0.0,0.0,0.0,"[300, 300, 300, 300, 100]","[0.0, 0.00026766350277660205, 0.0006979020171419986, 0.0, 0.0009430000950947315]","[300, 300, 300, 100, 300]","[100, 300, 100, 100, 100]","[0.0, 0.0005660355569014542, 0.0, 0.0015994378526309712, 0.0]","[0.0004629156939084275, 0.0006575381823313691, 0.0005562055066922442, 0.001395879084712043, 0.0009820587396697613]",,0.013084200792098944,0.013387635218164265,5.0,1.96
1b,50000,6840606,neural-fore,neural-main-oracle-bellman,-11.432627901041965,-11.441231310977118,-11.44896978656228,0.013437697884278057,-11.467569198830303,-11.414893423123933,1.0,0.016341885520315458,0.007738475585162163,0.19415071964575786,0.19415071964575786,0.031027220277031163,0.029078482350161243,0.0069237907731339405,nan,nan,0.09172343470436024,10.678648319890383,12.822934395989515,46672.25687217282,nan,nan,nan,nan,nan,nan,nan,nan,nan,140.0,0.0011240403164700628,62.96400167422835,20000.0,0.9999867388127756,0.0,220.0,260.0,0.3261611788476251,0.33658292048721844,0.001185966721573536,0.000598277185688381,72.79443959179335,82.95224400742445,1.0005968989495915,1.0001587496285944,36589.01694667237,34546.574041245745,15.121680780739094,17.666298627236145,0.0,0.0,0.0,"[100, 100, 300, 100, 100]","[0.0020376364703402735, 0.0005847047763432662, 0.0, 0.0014122832318413069, 0.001585577103825467]","[300, 100, 300, 300, 100]","[300, 100, 300, 300, 300]","[0.003149468009025009, 0.0009012045690291697, 0.0, 0.0009229843199365334, 0.000956176709876969]","[0.0010357988592220033, 0.0009789737875824994, 0.0, 0.0, 0.0009766132816374025]",,0.013437697884278057,0.011056654189950577,5.0,1.96
1b,50000,6850606,neural-fore,neural-main-oracle-bellman,-11.446982249943044,-11.455523215651095,-11.44896978656228,0.01301966723816077,-11.48104176343789,-11.4300046678643,1.0,0.0019875366192358968,-0.006553429088814511,0.22024297003684867,0.22024297003684867,0.036123883953759664,0.035377034677735765,0.00648037428038609,nan,nan,0.04997953392522922,10.855736202184536,13.277187286339242,46314.62782711821,nan,nan,nan,nan,nan,nan,nan,nan,nan,260.0,0.0003677935891808591,89.48354277519975,20000.0,0.9997071466050285,0.0,220.0,220.0,0.28254983396262606,0.2891972944443856,0.0004244602824362647,0.0006723855647555308,83.22503484138288,83.81475962495897,0.9998673598038428,0.9994885616606511,35882.32317522641,33566.41368310414,15.832182884643519,19.1921310871966,0.0,0.0,0.0,"[300, 100, 300, 300, 300]","[0.0, 0.0001475183912698709, 0.0003491421021376455, 0.00048623379730925646, 0.0008560736551875223]","[300, 300, 100, 100, 300]","[300, 100, 300, 300, 100]","[7.18839694450278e-05, 0.0, 0.0010941976425525165, 0.0009562198001837793, 0.0]","[0.0005587469786198118, 0.0, 0.0008248974867878439, 0.0006472880196389451, 0.0013309953387310534]",,0.01301966723816077,0.013541864894569764,5.0,1.96
1b,50000,6860606,neural-fore,neural-main-oracle-bellman,-11.429389563050222,-11.435039889574348,-11.44896978656228,0.01296241720740897,-11.460446227300869,-11.409633551847827,1.0,0.019580223512058126,0.013929896987932011,0.1817136766792701,0.1817136766792701,0.0328851169693969,0.03176588360602825,0.006269730290474239,nan,nan,0.04813879107787967,10.747782366251727,12.65707324999418,46561.677212965194,nan,nan,nan,nan,nan,nan,nan,nan,nan,300.0,0.0004652057449171405,92.36096893318464,20000.0,0.9999025158817088,0.0,300.0,220.0,0.3056281235854918,0.3154567783248082,0.0004088576012283705,0.0005396486465732024,91.82283243252895,79.1062340497505,1.0001225087194503,1.0005857321611884,36613.087609614,34384.95087327039,14.437908248659,17.89523653009961,0.0,0.0,0.0,"[300, 300, 300, 300, 300]","[0.0001664751331146319, 0.00028776747252787054, 0.0011793765683924115, 0.0003138766408108703, 0.0003785329097399183]","[300, 300, 300, 300, 300]","[300, 300, 100, 300, 100]","[0.0006918662861503592, 0.0, 0.0006656370560476177, 0.0006867846639438756, 0.0]","[0.0005362346212885504, 0.0006179517370182914, 0.0005055405551827487, 0.0002807311301730792, 0.0007577851892033422]",,0.01296241720740897,0.017814605728786067,5.0,1.96
1b,50000,6870606,neural-fore,neural-main-oracle-bellman,-11.458298371779664,-11.460673199443221,-11.44896978656228,0.012797069694681994,-11.485755456044798,-11.435590942841644,1.0,-0.009328585217383889,-0.011703412880940789,0.17644211557494868,0.17644211557494868,0.025503065456833545,0.02486610016653796,0.005614907559341838,nan,nan,0.04505500478906796,10.888544614098642,12.658726644817625,46414.086477714445,nan,nan,nan,nan,nan,nan,nan,nan,nan,300.0,0.0002798491146145712,95.24344860001001,20000.0,0.9999779047275329,0.0,300.0,260.0,0.29057553386686374,0.29942663855475155,0.00041065822098939133,0.00047420893325523725,91.60448580067604,84.80741554179694,1.0003850376422743,0.9990042284447537,36746.76672865144,33653.121725172576,13.197490946437451,19.02545177385957,0.0,0.0,0.0,"[300, 300, 300, 300, 300]","[0.0, 0.0004362675394285427, 0.0, 0.0, 0.0009629780336443132]","[300, 300, 300, 300, 300]","[300, 300, 100, 300, 300]","[0.0, 0.0, 0.0, 0.0018392767165311885, 0.00021401438841576797]","[0.00012666031043615317, 0.0, 0.0003474413518371609, 0.0013437515287994884, 0.000553191475203384]",,0.012797069694681994,0.0063382920962366885,5.0,1.96
1b,50000,6880606,neural-fore,neural-main-oracle-bellman,-11.436222599529206,-11.444573005885513,-11.44896978656228,0.013114611721179026,-11.470277644859024,-11.418868366912001,1.0,0.012747187033074425,0.00439678067676752,0.14879525138233593,0.14879525138233593,0.026404331958152484,0.026134540941095536,0.007876544396532207,nan,nan,0.04280951574212319,10.84337489067871,12.477805310839438,46638.93127600895,nan,nan,nan,nan,nan,nan,nan,nan,nan,260.0,0.0007728647846014292,87.29992146729492,20000.0,1.0004653810302848,0.0,260.0,260.0,0.3200168557665255,0.3291448881552773,0.0003217891106995534,0.00032551868227683324,85.89848185826558,87.23969639164861,1.0001012659253055,1.0011613990646628,36854.29914156765,34422.0769867793,13.404109867058219,17.740662783455907,0.0,0.0,0.0,"[300, 300, 300, 100, 300]","[0.0004013851409419472, 0.0013907573177684971, 0.0005746769908871842, 0.0012446807727018228, 0.00025282370070769526]","[300, 300, 100, 300, 300]","[300, 300, 100, 300, 300]","[0.0, 0.0, 0.001477838879073283, 0.00013110667442448417, 0.0]","[0.0009335049374548472, 0.0, 0.0, 0.0005322392183258205, 0.00016184925560349856]",,0.013114611721179026,0.01359180877370885,5.0,1.96
1b,50000,6890606,neural-fore,neural-main-oracle-bellman,-11.423129943827872,-11.431620586816049,-11.44896978656228,0.013204713013337838,-11.457501824322192,-11.405739349309906,1.0,0.02583984273440798,0.017349199746231392,0.22294412763631816,0.22294412763631816,0.03246517528347456,0.032631594233340236,0.008099472229858223,nan,nan,0.04278099936439603,10.790333115078155,12.540005571166507,46435.26993614661,nan,nan,nan,nan,nan,nan,nan,nan,nan,300.0,0.00043030688038833334,87.08786841682158,20000.0,0.9993047677647485,0.0,220.0,220.0,0.326005714455105,0.33100196711548335,0.0004344394840312701,0.0004481537358543405,72.84714838340878,70.85813372475096,0.9998204272763335,0.9984663388990311,36724.05380671909,34727.830579680434,13.480735841085487,17.316283385200048,0.0,0.0,0.0,"[300, 300, 300, 300, 300]","[0.0004810379945673223, 0.0004914134560178624, 0.0005173918604816911, 0.0, 0.000661691090874791]","[300, 300, 100, 100, 300]","[100, 300, 100, 300, 300]","[0.000855984729755924, 0.0, 0.0013162126904004265, 0.0, 0.0]","[0.0008680763260059452, 0.0004959394579991665, 0.0008336577063342934, 4.309518893229739e-05, 0.0]",,0.013204713013337838,0.005826635613427033,5.0,1.96
1b,50000,6900606,neural-fore,neural-main-oracle-bellman,-11.457194643957747,-11.463705659251954,-11.44896978656228,0.012855379914795195,-11.488902203884953,-11.438509114618954,1.0,-0.008224857395466856,-0.014735872689673357,0.15773074203104154,0.15773074203104154,0.025494388361906074,0.0255481125736553,0.007209238410823762,nan,nan,0.044088503560371875,10.893842723933453,13.004670496592356,46465.46348128828,nan,nan,nan,nan,nan,nan,nan,nan,nan,260.0,0.000226503261728502,79.49966649962589,20000.0,1.0004005691036273,0.0,220.0,260.0,0.29083852841060354,0.30522459928968365,0.0008928842010817917,0.0006216310596103211,71.782194825029,78.272627016739,1.0004296593950566,0.9998980325264878,36781.06241800651,34135.43133965407,13.219465048972188,18.508582319086273,0.0,0.0,0.0,"[100, 300, 300, 300, 300]","[0.0005923131921390871, 0.0, 0.0005083274438612364, 0.0, 3.1875672642186534e-05]","[300, 100, 300, 100, 300]","[300, 300, 100, 300, 300]","[0.000612110630152442, 0.0019985287298475833, 0.00031995147755575396, 0.0015338301678531798, 0.0]","[0.0, 0.0003352769119002767, 0.00042918575824870466, 0.0004661672817588714, 0.0018775253461437529]",,0.012855379914795195,0.0045960479919956105,5.0,1.96
1b,50000,6910606,neural-fore,neural-main-oracle-bellman,-11.433753856192231,-11.438777084485583,-11.44896978656228,0.01321563019025872,-11.46467971965849,-11.412874449312676,1.0,0.01521593037004898,0.010192702076697202,0.17709067837626874,0.17709067837626874,0.027313308665704028,0.026435566131575404,0.0061809693750617765,nan,nan,0.045006125583443,10.810900221350387,12.504442372918943,46606.248280627646,nan,nan,nan,nan,nan,nan,nan,nan,nan,300.0,0.00030847461802102464,93.23756335866638,20000.0,1.00087957886712,0.0,260.0,260.0,0.329273877039734,0.3358844516694762,0.0003808344978732545,9.732844919859525e-05,85.29048630779144,83.97122847540304,1.000548704272439,1.001297146566054,37092.48081575641,34609.560249613416,13.062309757357827,17.606011797654396,0.0,0.0,0.0,"[300, 300, 300, 300, 300]","[0.00022622263342468802, 0.0007930610198325515, 0.0005230894368478835, 0.0, 0.0]","[300, 100, 300, 300, 300]","[300, 300, 300, 300, 100]","[0.0, 0.0013333601311010506, 0.00037105333798882837, 0.0, 0.00019975902027639318]","[6.368689868534664e-05, 0.00023958167501363862, 0.0, 0.00018337367229399098, 0.0]",,0.01321563019025872,0.010257501531535155,5.0,1.96
1b,50000,6920606,neural-fore,neural-main-oracle-bellman,-11.445439086443239,-11.448144975799774,-11.44896978656228,0.013359133004911017,-11.4743288764894,-11.421961075110149,1.0,0.003530700119041441,0.0008248107625057344,0.22407560251079617,0.22407560251079617,0.02629034863353268,0.02617208680207775,0.008315344077525358,nan,nan,0.04145864721002362,10.82820372315725,12.744235974914174,46369.51397698138,nan,nan,nan,nan,nan,nan,nan,nan,nan,300.0,1.4077708314743975e-05,92.97078429143876,20000.0,1.0009789286971802,0.0,300.0,260.0,0.3072234551785679,0.3130576069467919,0.0005170355484744621,0.0006192956163437165,89.2187576580327,81.09338612477295,1.0016711695005625,1.0010731702979132,36248.114622755944,34104.60223415222,14.614392160320623,18.624187051193893,0.0,0.0,0.0,"[300, 300, 300, 300, 300]","[0.0, 7.038854157371987e-05, 0.0, 0.0, 0.0]","[300, 300, 300, 300, 300]","[100, 300, 300, 300, 300]","[0.0, 0.0006934591948135843, 0.0, 0.0, 0.001891718547558726]","[0.0024932348726164604, 0.0006032432091021223, 0.0, 0.0, 0.0]",,0.013359133004911017,0.015255407855564425,5.0,1.96
1b,50000,6930606,neural-fore,neural-main-oracle-bellman,-11.454141057802211,-11.46229559883859,-11.44896978656228,0.013616205818599963,-11.488983362243046,-11.435607835434135,1.0,-0.005171271239930775,-0.013325812276310245,0.1593421647506385,0.1593421647506385,0.031311369713449604,0.03100691624911266,0.007704778791582513,nan,nan,0.0387251979681321,10.814196254110698,12.775729021649445,46361.86087299465,nan,nan,nan,nan,nan,nan,nan,nan,nan,300.0,0.0001806546257190747,90.3788301002467,20000.0,1.0008429030509916,0.0,260.0,180.0,0.3388805383053362,0.34763568284597185,0.0007502397328090027,0.0007894058096033059,80.82431532503105,70.338649366959,1.0007239056755608,1.0010825802616767,36563.89058178741,34261.06716571578,14.318239920917751,18.077890485478793,0.0,0.0,0.0,"[300, 300, 300, 300, 300]","[0.0, 0.0, 0.0004055896260193161, 0.0, 0.0004976835025760574]","[300, 300, 300, 100, 300]","[300, 100, 100, 100, 300]","[0.0013998276930782506, 0.0008541332305405844, 0.0, 0.0014972377404261783, 0.0]","[0.0, 0.0012286238432124158, 0.001380708710383675, 0.0013376964944204386, 0.0]",,0.013616205818599963,0.014967571848630666,5.0,1.96
1b,50000,6940606,neural-fore,neural-main-oracle-bellman,-11.444327757888525,-11.446075922294701,-11.44896978656228,0.01298917612045108,-11.471534707490786,-11.420617137098617,1.0,0.004642028673755405,0.0028938642675786497,0.22053357544573898,0.22053357544573898,0.02708485682456588,0.027192699642764707,0.0075555383708715475,nan,nan,0.04194706399156403,10.843768852815034,12.9924033818258,46318.02083900544,nan,nan,nan,nan,nan,nan,nan,nan,nan,260.0,0.0003092180466200625,82.59789490052499,20000.0,1.0005073281129475,0.0,260.0,180.0,0.2824026635785014,0.28682611309239625,0.0006854579939527493,0.0006498961476003172,77.73463729186915,66.14844501661136,1.000516615849741,1.0014800944389508,36630.62911054228,33531.30067785857,13.605145040091529,19.98213656395873,0.0,0.0,0.0,"[300, 100, 300, 300, 300]","[0.00023258251846357394, 0.0004690024301082603, 0.0008445052845284784, 0.0, 0.0]","[100, 300, 300, 300, 300]","[100, 300, 100, 100, 300]","[0.0011564111593686663, 0.00227087881039508, 0.0, 0.0, 0.0]","[0.0008609449210533779, 0.00023467150289554058, 0.0007186339905445641, 0.0014352303235081033, 0.0]",,0.01298917612045108,0.01035846515715409,5.0,1.96
1b,50000,6950606,neural-fore,neural-main-oracle-bellman,-11.446231278989302,-11.452886951395483,-11.44896978656228,0.013033902500173142,-11.478433400295822,-11.427340502495143,1.0,0.0027385075729782216,-0.003917164833202591,0.15043085397449757,0.15043085397449757,0.024008046669980597,0.02314212401434982,0.006201527489301752,nan,nan,0.03510247454328404,10.927852205839752,12.570115278856006,46345.64070998272,nan,nan,nan,nan,nan,nan,nan,nan,nan,260.0,0.00042631508381868466,73.32403566637076,20000.0,1.0007747923894805,0.0,220.0,220.0,0.31983135414569974,0.3305494915875298,0.0006185406148219776,0.0005697780721302349,63.136365333409046,62.54204631722532,1.001106412994264,1.000690267648253,36644.52381237348,34279.189498929365,13.531479849762984,18.513453558948576,0.0,0.0,0.0,"[300, 100, 300, 300, 300]","[0.0012497012382000235, 0.0008818741808933998, 0.0, 0.0, 0.0]","[300, 300, 100, 100, 300]","[300, 100, 300, 100, 300]","[0.0, 0.0005636715076840027, 0.0024950875830177625, 3.3943983408122835e-05, 0.0]","[0.0006628412772198746, 0.001999609771736767, 0.0, 0.00018643931169453313, 0.0]",,0.013033902500173142,0.013168135691798118,5.0,1.96
1b,50000,6960606,neural-fore,neural-main-oracle-bellman,-11.440327594815074,-11.446602883729387,-11.44896978656228,0.012776229550665973,-11.471644293648692,-11.421561473810081,1.0,0.008642191747206596,0.002366902832893203,0.191174642545201,0.191174642545201,0.028611178127096636,0.028702725714404846,0.009718762864622702,nan,nan,0.04754631814755182,10.866226179092402,13.177054204171355,46290.06867565579,nan,nan,nan,nan,nan,nan,nan,nan,nan,260.0,0.0003106664048690118,75.91874954120722,20000.0,0.999993619322954,0.0,300.0,220.0,0.28074780835401103,0.289782973750108,0.0001748860257606896,0.0006839632347177807,80.56744095040486,68.05650685040746,1.0003174063625841,1.0002083329154938,36924.268192961594,33536.73044635983,14.070987159134342,19.363333600403678,0.0,0.0,0.0,"[300, 300, 300, 100, 300]","[0.0, 0.0007077857599566117, 0.0, 0.0007283510983890719, 0.00011719516599937565]","[300, 300, 300, 300, 300]","[100, 100, 300, 300, 300]","[2.5658066909828207e-05, 0.0, 0.0, 0.0008487720618936198, 0.0]","[0.0011562818872795132, 0.002097185053217487, 0.0, 0.0, 0.00016634923309190303]",,0.012776229550665973,0.00607822511389997,5.0,1.96
1b,50000,6970606,neural-fore,neural-main-oracle-bellman,-11.45186460586632,-11.457045967676558,-11.44896978656228,0.012518174249407937,-11.481581589205398,-11.432510346147719,1.0,-0.002894819304039231,-0.008076181114278214,0.17781763934757497,0.17781763934757497,0.025562639914212915,0.025147646916895,0.007209660476639894,nan,nan,0.04670547750109135,10.857730833457342,12.830595427436997,46506.63007860166,nan,nan,nan,nan,nan,nan,nan,nan,nan,220.0,0.00042713295822459336,67.15848388364539,20000.0,0.999971006627519,0.0,260.0,220.0,0.28391334452812755,0.2983950707744586,0.0006194156852277047,0.0005593483308053537,74.08147178383078,67.73322744125035,0.9997512579670211,1.0000150822125273,36697.108547279706,33996.45129684516,13.408713726313064,19.072074466936428,0.0,0.0,0.0,"[100, 300, 300, 300, 100]","[0.0009359802455954852, 0.0004459005221627495, 0.0, 0.000753784023364732, 0.0]","[100, 300, 300, 300, 300]","[100, 100, 300, 300, 300]","[0.0014478097041299984, 0.0007333736459899455, 0.0, 0.0009158950760185795, 0.0]","[0.0015345199654416767, 0.0005912144284761003, 0.0, 0.0006710072601089916, 0.0]",,0.012518174249407937,0.011540732341806617,5.0,1.96
1b,50000,6980606,neural-fore,neural-main-oracle-bellman,-11.437012291299295,-11.440663824485732,-11.44896978656228,0.013676391386357184,-11.467469551602992,-11.413858097368472,1.0,0.011957495262985063,0.008305962076548212,0.1702033985238488,0.1702033985238488,0.028332546191837865,0.0280162692810746,0.011637971957057647,nan,nan,0.041442246908802646,10.845355581786134,12.905023812569405,46222.114453163,nan,nan,nan,nan,nan,nan,nan,nan,nan,300.0,0.0004763149540962956,79.46504549153615,20000.0,1.0008177506294857,0.0,300.0,220.0,0.33021427498116246,0.33461129985673177,0.00044529025856531205,0.0006533692479146647,80.61269354976248,73.54789586656261,1.00129339390566,0.9996503369786819,36273.70632642587,34127.20901554429,13.76151790408766,17.62737118771597,0.0,0.0,0.0,"[300, 300, 300, 300, 300]","[0.0, 0.0010173259213223133, 0.0007780249587451343, 0.00029124521980559184, 0.0002949786706084388]","[300, 300, 300, 300, 300]","[300, 100, 300, 100, 300]","[0.0, 0.0, 0.0, 0.0022264512928265603, 0.0]","[0.0, 0.002513056945293886, 0.0002612958380509194, 0.0004924934562285178, 0.0]",,0.013676391386357184,0.014748451070586192,5.0,1.96
1b,50000,6990606,neural-fore,neural-main-oracle-bellman,-11.45376363391257,-11.462609601715181,-11.44896978656228,0.01345802596666817,-11.48898733260985,-11.436231870820512,1.0,-0.004793847350290648,-0.013639815152901136,0.26248647650662443,0.26248647650662443,0.033931107457464096,0.032749581649505796,0.0076666757767249495,nan,nan,0.04588848939564798,10.77674861154495,13.414802950570259,46204.18061113349,nan,nan,nan,nan,nan,nan,nan,nan,nan,260.0,0.0006825543293017434,76.93153043356725,20000.0,1.0003801630988407,0.0,220.0,260.0,0.29170136557701387,0.29303504006836434,0.00034838863463295034,0.0006089547820751632,70.76597994121258,75.93112768284045,1.000542893973071,1.0005109059001296,36392.89617780064,33329.986035205606,14.166479073539488,19.60115842062412,0.0,0.0,0.0,"[300, 300, 100, 300, 300]","[0.0013831566925161104, 0.0, 0.0007516779867072123, 0.0, 0.0012779369672853936]","[300, 300, 300, 100, 100]","[300, 100, 300, 300, 300]","[0.0, 0.0, 0.00010078340454283578, 0.0010090168129623916, 0.0006321429556595244]","[0.0, 0.0011234469028664792, 0.0011347359859941936, 0.0003181261403737599, 0.0004684648811413834]",,0.01345802596666817,0.0196700061917477,5.0,1.96
1b,50000,7000606,neural-fore,neural-main-oracle-bellman,-11.442371788024229,-11.451452891956905,-11.44896978656228,0.012566626742242012,-11.476083480371699,-11.42682230354211,1.0,0.006597998538051542,-0.002483105394624374,0.17987286451242274,0.17987286451242274,0.0293383135942268,0.028588831904892427,0.0056367731739256285,nan,nan,0.04933047836967138,10.885690037077223,12.789575799710047,46276.23702999806,nan,nan,nan,nan,nan,nan,nan,nan,nan,220.0,0.0003094911861060506,66.25509261677507,20000.0,1.00118637328308,0.0,300.0,300.0,0.2797900614799783,0.29305870962572883,0.0008770801766884637,0.0007162311410159452,75.97194487543311,75.24146590020973,1.0008652875262913,1.0017887155472354,36823.063227124614,33464.106463703865,13.272372032004526,19.56371438913749,0.0,0.0,0.0,"[300, 300, 100, 300, 100]","[0.0, 7.12388322598806e-05, 0.0010499023509212273, 0.0, 0.0004263147473491452]","[300, 300, 300, 300, 300]","[300, 300, 300, 300, 300]","[0.0004386977465995503, 0.0016878618124711482, 0.002027899205831093, 0.00023094211854052666, 0.0]","[0.002143686248508683, 0.00029121326681406554, 0.0005267636673900423, 0.0006194925223669354, 0.0]",,0.012566626742242012,0.02020957497761167,5.0,1.96
1b,50000,7010606,neural-fore,neural-main-oracle-bellman,-11.43956976009837,-11.448587234032557,-11.44896978656228,0.013218955431229737,-11.474496386677767,-11.422678081387346,1.0,0.009400026463909583,0.00038255252972341225,0.2246210802386106,0.2246210802386106,0.033202612789253204,0.033148639507430674,0.006288667342165938,nan,nan,0.0444662534983543,10.869694612355286,13.148758872009653,46088.70233113369,nan,nan,nan,nan,nan,nan,nan,nan,nan,220.0,0.0004970790729637018,72.04602338364347,20000.0,1.0010688467233266,0.0,220.0,260.0,0.3032303402828246,0.31261051104948095,0.00095531168837667,0.000957548612459473,74.42297721679788,84.12586621665396,1.000885716300448,1.0016956711530125,36483.411297138824,33451.73344777664,13.821487660211364,19.22972201327169,0.0,0.0,0.0,"[300, 300, 300, 100, 100]","[0.0, 0.0, 0.0, 0.00120538771812636, 0.001280007646692149]","[300, 300, 300, 100, 100]","[300, 300, 300, 100, 300]","[0.0, 0.0006435463437588695, 0.0005672414353413439, 0.0011909892698116942, 0.002374781392971443]","[0.0, 0.00016539012546502348, 0.0023413251944129497, 0.002217774902381423, 6.325284003796846e-05]",,0.013218955431229737,0.011044820596534157,5.0,1.96
1b,50000,7020606,neural-fore,neural-main-oracle-bellman,-11.446813070450663,-11.451439703667113,-11.44896978656228,0.013695616700938076,-11.478283112400952,-11.424596294933274,1.0,0.002156716111617385,-0.002469917104832575,0.17005983971051367,0.17005983971051367,0.03116200915253193,0.029587145496402328,0.008076827587586639,nan,nan,0.04451286308597468,10.869298296273564,12.849886440982106,46261.35976497164,nan,nan,nan,nan,nan,nan,nan,nan,nan,220.0,0.00041079486542817565,75.05916484135669,20000.0,1.0008704637604793,0.0,300.0,300.0,0.3315822570514326,0.3422517794269201,0.00044924823239652945,0.001054114986622694,91.82099718360696,87.45726523359772,1.000904328711401,1.001516733881281,35881.11926078592,34005.647360451796,15.821156886602074,18.067893246035446,0.0,0.0,0.0,"[300, 100, 300, 300, 100]","[0.0, 0.00016757330695962082, 0.0, 0.0008993967579782281, 0.0009870042622030293]","[300, 300, 300, 300, 300]","[300, 300, 300, 300, 300]","[0.0, 0.0, 0.0, 0.0002093602999414906, 0.002036880862041157]","[0.0, 0.0, 0.0, 0.0, 0.00527057493311347]",,0.013695616700938076,0.006416742738157149,5.0,1.96
1b,50000,7030606,neural-fore,neural-main-oracle-bellman,-11.435185381168225,-11.443235311186744,-11.44896978656228,0.013361899544670115,-11.469424634294297,-11.41704598807919,1.0,0.013784405394055455,0.0057344753755366185,0.22042701005663773,0.22042701005663773,0.026652045426354798,0.02629508309763917,0.007318531785992562,nan,nan,0.0440287143707818,10.86508322641906,12.927247381932808,46310.73440626131,nan,nan,nan,nan,nan,nan,nan,nan,nan,260.0,0.0002780248797315464,83.12041987443808,20000.0,1.000803005756285,0.0,260.0,260.0,0.3101805957882446,0.3183902944119038,0.0006712417260174117,0.0005618200415538489,84.1500391415786,82.27188916662708,1.0011952467353376,1.0005811868642578,36860.70459584654,33945.94541611444,13.122706427527337,19.274475200158047,0.0,0.0,0.0,"[300, 300, 300, 100, 300]","[0.0, 0.0, 0.0004136150571199525, 0.0009765093415377795, 0.0]","[300, 300, 300, 100, 300]","[300, 300, 300, 300, 100]","[0.0, 0.002340186504386591, 0.0, 0.0002649748690743112, 0.0007510472566261567]","[0.0014103898199060818, 0.0009539581704131424, 0.0, 0.0, 0.00044475221745002]",,0.013361899544670115,0.010797428739181911,5.0,1.96
1b,50000,7040606,neural-fore,neural-main-oracle-bellman,-11.434931520910109,-11.441482491966651,-11.44896978656228,0.013166238353107585,-11.467288319138742,-11.41567666479456,1.0,0.014038265652171589,0.007487294595629024,0.15309456080284706,0.15309456080284706,0.02857133936082516,0.027474133446957334,0.007397796750952369,nan,nan,0.05230341065897934,10.835380068139326,12.42078857384513,46510.275055950755,nan,nan,nan,nan,nan,nan,nan,nan,nan,180.0,0.00033886085175300235,75.80727550873999,20000.0,0.9998636632252984,0.0,260.0,260.0,0.3195122568692065,0.3284514914478981,0.0003220950116880258,0.0003861008581299865,81.48202669136226,81.20227926620282,1.0000514541144445,1.000639115855361,36425.96007795299,34023.2837443199,14.309737953596368,18.051314816218966,0.0,0.0,0.0,"[100, 100, 300, 300, 100]","[0.000798458332177184, 0.0008958459265878277, 0.0, 0.0, 0.0]","[300, 100, 300, 300, 300]","[300, 100, 300, 300, 300]","[0.0, 0.0, 0.0007741404714595902, 0.0, 0.000836334586980539]","[7.819113092891216e-05, 0.0009250409808165552, 0.0, 0.0009272721789044653, 0.0]",,0.013166238353107585,0.006677589178549792,5.0,1.96
1b,50000,7050606,neural-fore,neural-main-oracle-bellman,-11.460885679706477,-11.470143162627146,-11.44896978656228,0.013493619528979392,-11.496590656903946,-11.443695668350346,1.0,-0.011915893144196943,-0.02117337606486558,0.18977773684563543,0.18977773684563543,0.029632847129663586,0.02919247759486095,0.008785426620570328,nan,nan,0.049426543467963414,10.773031345989867,13.040451249948436,46339.67883037818,nan,nan,nan,nan,nan,nan,nan,nan,nan,220.0,0.0008438655188609449,82.14256261656992,20000.0,0.9997980940281861,0.0,300.0,220.0,0.3143671971343895,0.32272272230712395,0.0002710416740915989,0.0009363548033151723,95.37241729197558,78.36188561634626,0.9999154152671095,0.9986456452179207,36505.00988844882,34073.11754106173,14.392170357581179,18.38716149765701,0.0,0.0,0.0,"[300, 300, 100, 300, 100]","[0.0009685916923491314, 0.0004323679861675315, 0.000620754750456176, 0.0012490475204458486, 0.0009485656448860371]","[300, 300, 300, 300, 300]","[100, 300, 100, 300, 300]","[0.00040586936621077107, 0.0009493390042472233, 0.0, 0.0, 0.0]","[0.0017870420092568474, 0.0008866736466698595, 0.001607283857016463, 0.000400774503632692, 0.0]",,0.013493619528979392,0.013840174497666839,5.0,1.96
1b,50000,7060606,neural-fore,neural-main-oracle-bellman,-11.452692875478354,-11.458423562280158,-11.44896978656228,0.013632206548603447,-11.48514268711542,-11.431704437444896,1.0,-0.003723088916073536,-0.009453775717878088,0.17308104267063956,0.17308104267063956,0.02883947515045973,0.0273130527820682,0.0046233324699304695,nan,nan,0.04888000726928731,10.811748315643662,12.979546916617998,46232.66551490841,nan,nan,nan,nan,nan,nan,nan,nan,nan,260.0,0.0005050752137935683,40.45756061682478,20000.0,1.0005107668485187,0.0,300.0,300.0,0.3145998845713469,0.31840735768732864,0.0001411608093105725,0.0,42.07408512518741,39.846198091260156,1.0008349144450772,1.0006930368525258,36676.8730959521,33960.6279279686,13.512906231982848,17.808781184942696,0.0,0.0,0.0,"[300, 300, 100, 300, 300]","[0.0, 0.0009131329131988011, 0.0013730167431672507, 0.0, 0.00023922641260178948]","[300, 300, 300, 300, 300]","[300, 300, 300, 300, 300]","[0.0, 0.0, 0.0005906094556124492, 0.00011519459094041335, 0.0]","[0.0, 0.0, 0.0, 0.0, 0.0]",,0.013632206548603447,0.0062467482405842425,5.0,1.96
1b,50000,7070606,neural-fore,neural-main-oracle-bellman,-11.441521068698334,-11.451547114505587,-11.44896978656228,0.013402847743216867,-11.477816696082291,-11.425277532928883,1.0,0.007448717863946186,-0.002577327943306784,0.17479006052187857,0.17479006052187857,0.027389163852230454,0.02731745768554113,0.005448841573970052,nan,nan,0.038957655453447516,10.892547527679184,13.095678155418774,46147.95000301596,nan,nan,nan,nan,nan,nan,nan,nan,nan,300.0,0.00012765899325671326,42.5673142084619,20000.0,1.0009536495858238,0.0,260.0,180.0,0.30537924543940054,0.3068313792168969,0.0008446818374119138,0.0010480643033478937,37.81183110857383,31.566626316332258,1.0011779991621739,0.9999915336555951,36487.05225167836,33753.88202506701,13.79941349691409,18.434010789273984,0.0,0.0,0.0,"[300, 300, 300, 300, 300]","[0.0, 0.0, 0.00012909130298763744, 0.000509203663295929, 0.0]","[300, 100, 300, 300, 300]","[300, 300, 100, 100, 100]","[0.0, 0.002184953219219112, 0.00043291081834810895, 0.0, 0.0016055451494923485]","[0.0007712745750795939, 0.0006352569612323345, 0.0014588766396363678, 0.001720256095811602, 0.0006546572449795695]",,0.013402847743216867,0.021055881145537844,5.0,1.96
1b,50000,7080606,neural-fore,neural-main-oracle-bellman,-11.439916801210082,-11.449400174316816,-11.44896978656228,0.012789441287101412,-11.474467479239534,-11.424332869394098,1.0,0.009052985352198561,-0.00043038775453574374,0.16750851308525036,0.16750851308525036,0.02835507484368674,0.027557335429309705,0.007294737609473971,nan,nan,0.043142357387619575,10.896417577942984,12.854088181822746,46319.98446516353,nan,nan,nan,nan,nan,nan,nan,nan,nan,220.0,0.000963353238311443,38.19983492456377,20000.0,0.9999739021235596,0.0,300.0,260.0,0.29389742994649665,0.30175100658718096,0.0006261255502455199,0.0004990559245788973,41.46673819974531,37.500100258202295,0.9998600603133208,1.0005397621313066,36486.65931127329,33613.51706468587,13.80218381308506,19.797681990597702,0.0,0.0,0.0,"[300, 300, 100, 100, 300]","[0.0, 0.0, 0.0020981041416207723, 0.0013398205878744631, 0.0013788414620619798]","[300, 300, 300, 300, 300]","[300, 100, 300, 300, 300]","[0.001567339938402964, 0.00019238314326251493, 0.0013427143266006058, 2.8190342961514883e-05, 0.0]","[0.00040708125101495676, 0.0007613665390884105, 0.00033034900223973814, 0.0, 0.0009964828305513808]",,0.012789441287101412,0.014367249290208241,5.0,1.96
1b,50000,7090606,neural-fore,neural-main-oracle-bellman,-11.429148774595696,-11.435438226418258,-11.44896978656228,0.013209064746767429,-11.461327993321921,-11.409548459514594,1.0,0.01982101196658448,0.013531560144022237,0.10606380822453898,0.10606380822453898,0.023167003502611205,0.022487367462598707,0.009169336891029922,nan,nan,0.042173114080274604,10.870579702524303,12.715965456699239,46405.296239496885,nan,nan,nan,nan,nan,nan,nan,nan,nan,260.0,0.0005070487985116924,40.08227362539619,20000.0,0.99998924076931,0.0,220.0,260.0,0.3291197442162491,0.33928663894126,0.0006423101093733485,6.94819347099455e-05,35.80229152522516,37.888093308429234,1.0003637363355098,0.9989945835815484,36881.752215708766,34275.09603988874,13.03477742798392,18.211033054066437,0.0,0.0,0.0,"[300, 100, 300, 300, 300]","[0.0, 0.0017928602465593956, 0.0, 0.0, 0.0007423837459990664]","[100, 300, 100, 300, 300]","[100, 300, 300, 300, 300]","[0.002127060238600218, 0.0, 0.0010844903082665243, 0.0, 0.0]","[0.0, 0.0003474096735497275, 0.0, 0.0, 0.0]",,0.013209064746767429,0.007383187076803013,5.0,1.96
1b,50000,7100606,neural-fore,neural-main-oracle-bellman,-11.436693369008408,-11.442546944812728,-11.44896978656228,0.012988569266012492,-11.468004540574112,-11.417089349051343,1.0,0.01227641755387232,0.006422841749552433,0.17460135586480774,0.17460135586480774,0.023856822390857575,0.023831296045553656,0.007800609085683506,nan,nan,0.045419075068312886,10.90376533769961,12.812175121677573,46271.48291742227,nan,nan,nan,nan,nan,nan,nan,nan,nan,220.0,0.00016349135828098174,31.89777184156701,20000.0,1.001857114600454,0.0,300.0,260.0,0.30409403863458695,0.3150645348462101,0.00025126089009173453,0.0018914192644464548,37.29796855016612,33.62124356639106,1.002223450353416,1.0026401141373242,36508.95117307084,33950.940984717585,13.385418911950785,18.66749565445795,0.0,0.0,0.0,"[100, 100, 300, 300, 300]","[0.0, 0.00047402569541312887, 0.0002328470563623287, 0.0, 0.00011058403962945114]","[300, 300, 300, 300, 300]","[300, 100, 300, 300, 300]","[0.0, 0.0, 0.0007559546246497115, 0.0, 0.0005003498258089611]","[0.0, 0.008472003806891486, 0.0, 0.0009850925153407873, 0.0]",,0.012988569266012492,0.011148184705770819,5.0,1.96
1b,50000,7110606,neural-fore,neural-main-oracle-bellman,-11.453388912611375,-11.459596583265828,-11.44896978656228,0.01384118499808019,-11.486725305862064,-11.432467860669592,1.0,-0.004419126049095112,-0.010626796703547825,0.12550781715113374,0.12550781715113374,0.021642989800149382,0.021512110374375403,0.007330118327433735,nan,nan,0.04250778944045556,10.772383174898849,12.775823359491268,46389.22687266735,nan,nan,nan,nan,nan,nan,nan,nan,nan,300.0,0.00033810995434262604,41.70189381639939,20000.0,1.000922716134505,0.0,180.0,220.0,0.33244973308591075,0.3381127066178339,0.000890883252202661,0.0005461941322531512,31.435248750448228,34.00147730053868,1.001246329687716,1.0003121114427436,36699.53551318112,34300.566625926316,13.831508551126856,17.91674598262004,0.0,0.0,0.0,"[300, 300, 300, 300, 300]","[0.0, 0.0011728429101978558, 0.0003914042625258457, 0.0, 0.00012630259898942852]","[100, 100, 100, 300, 300]","[300, 100, 300, 300, 100]","[0.0014209445428289573, 0.0016250900543924715, 0.0011102276148820139, 0.0, 0.00029815404890986115]","[0.0, 0.002491709827776704, 0.0, 0.0, 0.00023926083348905182]",,0.01384118499808019,0.016586908504047794,5.0,1.96
1b,50000,7120606,neural-fore,neural-main-oracle-bellman,-11.449810442390921,-11.456731483553014,-11.44896978656228,0.01371683083995151,-11.48361647199932,-11.429846495106709,1.0,-0.0008406558286413457,-0.007761696990733924,0.13903788559047578,0.13903788559047578,0.0239855540379291,0.0238463631585758,0.006479857234271621,nan,nan,0.037470070667223396,10.779286304339902,12.759529863714578,46296.53523939062,nan,nan,nan,nan,nan,nan,nan,nan,nan,300.0,9.96159994503607e-05,42.14113264221233,20000.0,0.9994740009742836,0.0,260.0,220.0,0.3200846458434203,0.3193954115877581,0.0007022861251334167,0.0012351911520669784,38.044004849740304,36.22030480804388,0.9999881035266004,0.9988374111580157,36063.50339186983,33762.753922197655,14.822568368520715,19.058020885636477,0.0,0.0,0.0,"[300, 300, 300, 300, 300]","[0.0, 0.0, 6.537311565638055e-05, 0.0004327068815954229, 0.0]","[300, 100, 300, 300, 300]","[300, 300, 100, 300, 100]","[0.001293369878905953, 0.0009846604323948951, 0.00024808769636158127, 0.0, 0.0009853126180046537]","[0.0026435103066969104, 0.00017643467313592154, 0.0013735152047699237, 0.0, 0.001982495575732136]",,0.01371683083995151,0.005406681623121212,5.0,1.96
1b,50000,7130606,neural-fore,neural-main-oracle-bellman,-11.444687482252583,-11.449781087946375,-11.44896978656228,0.012944815676488438,-11.475152926672292,-11.424409249220458,1.0,0.004282304309697338,-0.0008113013840951311,0.20475064282876415,0.20475064282876415,0.030843898664316072,0.030369620807414392,0.01100746551078026,nan,nan,0.043660497860946196,10.849031946371355,12.969165187421948,46416.337806696654,nan,nan,nan,nan,nan,nan,nan,nan,nan,260.0,0.0008474112419479755,37.575892983633096,20000.0,0.998991138739514,0.0,300.0,300.0,0.3071330990982388,0.3215716470763583,0.0015367129337778367,0.00026766487196936247,39.788256442034616,40.4257589582121,0.9987859115278246,0.9989584543222978,36325.96665333488,33849.39903548811,15.352574427351618,19.488563683542278,0.0,0.0,0.0,"[100, 300, 300, 300, 300]","[0.0011843552426640674, 0.002352768541379068, 7.346084331905415e-06, 0.0005437439018079917, 0.00014884243955684586]","[300, 300, 300, 300, 300]","[300, 300, 300, 300, 300]","[0.0010364043481501481, 0.0, 0.0014016204577442005, 0.00320171131639653, 0.002043828546598305]","[0.0003141981746934155, 0.0, 0.0, 3.857228209855348e-06, 0.0010202689569435415]",,0.012944815676488438,0.014804519582659622,5.0,1.96
1b,50000,7140606,neural-fore,neural-main-oracle-bellman,-11.419184525715995,-11.424543918542494,-11.44896978656228,0.013419214598737622,-11.450845579156018,-11.398242257928969,1.0,0.02978526084628541,0.024425868019786634,0.18342931675659915,0.18342931675659915,0.02941402958125991,0.0292475140449519,0.007121542057739326,nan,nan,0.05368241469457922,10.757899644070216,12.550389485478703,46575.68909450861,nan,nan,nan,nan,nan,nan,nan,nan,nan,220.0,0.00045277138376699386,33.76006515822373,20000.0,1.0008076207729613,0.0,220.0,180.0,0.3255629978457742,0.3364322207482718,0.0006406455042097572,0.000696909860152248,32.521746774809436,29.543103883578443,1.0007011381912523,1.001357693671579,36751.39965423122,34067.01277373952,13.413645794660301,18.610749576489123,0.0,0.0,0.0,"[100, 300, 300, 100, 300]","[0.0006214488564334591, 0.0, 0.00035235385700460185, 0.0007658423018663379, 0.0005242119035305704]","[100, 100, 300, 300, 300]","[100, 100, 300, 300, 100]","[0.0011521411249941448, 0.002051086396054641, 0.0, 0.0, 0.0]","[0.0005505319357514057, 0.0012984245066946314, 0.0009636219810885392, 0.0, 0.0006719708772266641]",,0.013419214598737622,0.015193414181745291,5.0,1.96
1b,50000,7150606,neural-fore,neural-main-oracle-bellman,-11.434454078497307,-11.43822268559216,-11.44896978656228,0.012814897591780956,-11.46333988487205,-11.41310548631227,1.0,0.014515708064973154,0.01074710097011966,0.21948913966799594,0.21948913966799594,0.034506518684841496,0.03382378271754416,0.006735195062423184,nan,nan,0.05129692005261012,10.813293111432602,13.001070629299274,46408.76603872685,nan,nan,nan,nan,nan,nan,nan,nan,nan,260.0,0.00049112756633311,41.43041369989514,20000.0,1.0011040696432376,0.0,260.0,220.0,0.3025994131544709,0.31175279899726177,0.0003480226864642737,0.0007238328566347233,40.5877280497225,38.31188199140597,1.0011156931680483,1.0024726935646087,36654.09214342389,33422.5902788591,13.438028005439094,20.02979436996464,0.0,0.0,0.0,"[100, 300, 300, 300, 300]","[0.001296546650174979, 0.0, 8.936676168413804e-05, 0.0010697244198064333, 0.0]","[300, 300, 300, 300, 100]","[300, 100, 100, 300, 300]","[0.0, 9.440185359862507e-05, 2.1472868293196377e-05, 0.0, 0.0016242387104295469]","[0.0, 0.0007583124234581126, 0.0021723077818569738, 0.0006885440778585303, 0.0]",,0.012814897591780956,0.0057473671322472485,5.0,1.96
1b,50000,7160606,neural-fore,neural-main-oracle-bellman,-11.455292526195258,-11.459755962599305,-11.44896978656228,0.013572643263391065,-11.486358343395551,-11.433153581803058,1.0,-0.006322739632977914,-0.010786176037024475,0.1618841999836292,0.1618841999836292,0.02760465858803867,0.027444290087962488,0.004415690208216698,nan,nan,0.04367728353859326,10.835761090991015,12.58901719825342,46492.525486510305,nan,nan,nan,nan,nan,nan,nan,nan,nan,260.0,0.00039892480018652207,42.80619139934424,20000.0,0.9994201062540247,0.0,300.0,260.0,0.3227539995485005,0.33013644481862203,0.0002682350102053004,0.0009356544306463897,45.00880509188865,41.822895083366895,1.0000703776645923,0.9992538726874816,36910.22555851631,34188.64143991914,13.438938436136914,18.36650158361283,0.0,0.0,0.0,"[300, 300, 300, 300, 100]","[0.0, 0.0007266316773955263, 0.0, 0.00043879569895410257, 0.0008291966245829812]","[300, 300, 300, 300, 300]","[300, 300, 300, 100, 300]","[0.0, 0.0, 0.0, 0.001341175051026502, 0.0]","[0.00211032576316791, 0.0006179293180344488, 0.0, 0.0018206408949461704, 0.00012937617708341922]",,0.013572643263391065,0.007386368028889403,5.0,1.96
1b,50000,7170606,neural-fore,neural-main-oracle-bellman,-11.45218787413108,-11.459087173248923,-11.44896978656228,0.013523152092743162,-11.485592551350699,-11.432581795147147,1.0,-0.0032180875688005983,-0.01011738668664286,0.14663462475152303,0.14663462475152303,0.025587729229314054,0.025304302471995388,0.008315220827579387,nan,nan,0.03951535499640083,10.833273191959234,12.51536431658899,46373.516424971975,nan,nan,nan,nan,nan,nan,nan,nan,nan,300.0,0.0001315809827359369,40.891012583766134,20000.0,0.9994108829483608,0.0,220.0,220.0,0.3333534488921912,0.33747711390308444,0.001248311445875439,0.000488689373207988,33.9014969994314,34.58899382518139,0.9996134855222134,0.9987361949676936,36648.71082589857,34255.37514807128,13.76737928941127,17.698372314006555,0.0,0.0,0.0,"[300, 300, 300, 300, 300]","[0.0, 0.00025129946839872694, 0.00040660544528095766, 0.0, 0.0]","[300, 100, 100, 300, 300]","[100, 300, 300, 100, 300]","[0.0015438716367511657, 0.0016768708642221142, 0.0022157473607558645, 0.0008050673676480517, 0.0]","[0.0007011464150949367, 8.090403017386405e-05, 0.0016407164421864263, 2.0679978584712676e-05, 0.0]",,0.013523152092743162,0.008888532369486406,5.0,1.96
1b,50000,7180606,neural-fore,neural-main-oracle-bellman,-11.42601959971867,-11.432671445434114,-11.44896978656228,0.014053081994298432,-11.460215486142939,-11.405127404725288,1.0,0.02295018684361061,0.016298341128166527,0.13187336047039971,0.13187336047039971,0.027522901652131993,0.027101225008542,0.006319568851797542,nan,nan,0.04944039401115069,10.765914338072841,12.586825273898134,46541.64800236804,nan,nan,nan,nan,nan,nan,nan,nan,nan,220.0,0.000520341561586288,39.4039486495778,20000.0,1.0001480543645611,0.0,300.0,260.0,0.3537801515435876,0.361614600716514,0.0006625824471487918,0.0006967065629154522,44.12728086679708,40.91739945018198,1.0004367225946489,1.0008180765130783,36188.189069463966,34824.50206486275,15.260941234703063,16.43284444653129,0.0,0.0,0.0,"[300, 300, 100, 100, 300]","[0.0005263189523836583, 0.0, 0.0007834108839822197, 0.0009298136782831399, 0.00036216429328242195]","[300, 300, 300, 300, 300]","[300, 300, 100, 300, 300]","[0.0016553977533331626, 0.0005303345898835895, 0.0008787462732514175, 0.0002484336192757897, 0.0]","[0.0, 0.0, 0.0031828494704615393, 0.0003006833441157214, 0.0]",,0.014053081994298432,0.02082704670459895,5.0,1.96
1b,50000,7190606,neural-fore,neural-main-oracle-bellman,-11.439814213647372,-11.44436363542072,-11.44896978656228,0.013793097343045305,-11.471398106213089,-11.41732916462835,1.0,0.009155572914908205,0.004606151141560488,0.17752108427611094,0.17752108427611094,0.026944181628653613,0.027037718366400593,0.006628358305523591,nan,nan,0.042886209308384306,10.802575632479286,12.826006705955908,46365.92020031658,nan,nan,nan,nan,nan,nan,nan,nan,nan,260.0,0.0003655409801509498,45.12601554156281,20000.0,0.9997664304128342,0.0,220.0,140.0,0.33039713982026575,0.336175323247074,0.0005108671397582416,0.0010185579931881238,42.00839155879803,35.68000090024434,1.000170121761772,0.9993618102433846,36462.636959944226,34331.854327741996,14.222814025550154,17.599934209775306,0.0,0.0,0.0,"[300, 300, 300, 100, 300]","[0.0009347897987265134, 0.0, 6.022650084524949e-06, 0.0008868924519437107, 0.0]","[300, 100, 100, 300, 300]","[100, 100, 100, 300, 100]","[0.0007953043284733394, 0.0005908723374264602, 0.0011681590328914083, 0.0, 0.0]","[0.000588540404706423, 0.0012595593973740104, 0.002583863582464664, 0.0, 0.0006608265813955208]",,0.013793097343045305,0.005613738772147535,5.0,1.96
1b,50000,7200606,neural-fore,neural-main-oracle-bellman,-11.457438255092681,-11.460695966853129,-11.44896978656228,0.013260604436104707,-11.486686751547893,-11.434705182158364,1.0,-0.008468468530400841,-0.011726180290848376,0.2233572530013508,0.2233572530013508,0.03377015904974552,0.03337409093190083,0.006199468832569418,nan,nan,0.035157101422109004,10.915354817139182,13.024287790525674,46127.38218270215,nan,nan,nan,nan,nan,nan,nan,nan,nan,260.0,0.0009039784519757748,43.239913541590795,20000.0,1.001813639202164,0.0,260.0,300.0,0.29004903031921014,0.2951836342158969,0.0006207060848934696,0.0005126790523678033,43.781962741795,45.88334285849705,1.0015407905865665,1.001671154546413,36377.25005050049,33611.39103590786,14.060355061506963,19.29932313020896,0.0,0.0,0.0,"[300, 300, 100, 300, 300]","[0.0008475015486191609, 0.0013188816940252254, 0.001076976378221146, 0.0, 0.001276532639013342]","[300, 100, 300, 300, 300]","[300, 300, 300, 300, 300]","[0.0, 0.001225543555083797, 0.001877986869383551, 0.0, 0.0]","[0.0004966297677926157, 0.0008857115592278469, 0.0, 0.0011810539348185538, 0.0]",,0.013260604436104707,0.012320058940553248,5.0,1.96
1b,50000,7210606,neural-fore,neural-main-oracle-bellman,-11.439257401342175,-11.444255633081111,-11.44896978656228,0.013365558724595172,-11.470452128181318,-11.418059137980904,1.0,0.00971238522010509,0.004714153481168992,0.20151883661979766,0.20151883661979766,0.03166898996696912,0.03177088396746882,0.007036745976983263,nan,nan,0.04807472095462868,10.8120797327254,12.705406661268642,46506.63733770237,nan,nan,nan,nan,nan,nan,nan,nan,nan,220.0,0.0006122188106170586,41.29851310022641,20000.0,1.0001963326218466,0.0,220.0,220.0,0.3061963090412483,0.3153598322036058,0.001041558400331636,0.00043358393111706206,38.9039963088464,39.43675918302033,1.0003246769017429,1.000322589293975,36336.88355000839,34042.37196359936,14.09057511368888,18.625335870640903,0.0,0.0,0.0,"[300, 100, 300, 100, 300]","[0.00045528943411329506, 0.00036673201015306663, 0.000997791792382323, 0.0010798265763768769, 0.00016145424005973118]","[300, 100, 300, 100, 300]","[300, 300, 100, 100, 300]","[0.001527415682431677, 0.000957605942904464, 0.0, 0.0017209781413392619, 0.0010017922349827776]","[0.0, 0.0, 8.097592738785002e-05, 0.00208694372819746, 0.0]",,0.013365558724595172,0.0074149515549896015,5.0,1.96
1b,50000,7220606,neural-fore,neural-main-oracle-bellman,-11.44741863250145,-11.454284362616402,-11.44896978656228,0.012932118906981281,-11.479631315674085,-11.428937409558719,1.0,0.0015511540608308394,-0.005314576054122,0.16634726159884256,0.16634726159884256,0.02930106299951543,0.027452797058520096,0.0060027207662324295,nan,nan,0.042282600923367455,10.914480250234742,12.873518492870172,46364.04524389145,nan,nan,nan,nan,nan,nan,nan,nan,nan,260.0,0.0003340686293166092,43.398063916782846,20000.0,1.0016329349723736,0.0,300.0,300.0,0.29087328963003484,0.2963475197697068,9.20860445932724e-05,0.00013558267972407307,39.98016300860327,46.696617091191,1.0017585749702156,1.0013653105464109,36636.86624000351,33648.77026330806,14.665978820493478,19.19794947181817,0.0,0.0,0.0,"[300, 300, 300, 100, 300]","[0.0, 7.815065012070625e-05, 0.0015921924964623396, 0.0, 0.0]","[300, 300, 300, 300, 300]","[300, 300, 300, 300, 300]","[0.0, 0.000299480842079641, 0.000160949380886721, 0.0, 0.0]","[0.0, 0.0006779133986203653, 0.0, 0.0, 0.0]",,0.012932118906981281,0.008173737184688902,5.0,1.96
1b,50000,7230606,neural-fore,neural-main-oracle-bellman,-11.446206787582723,-11.452638447815579,-11.44896978656228,0.013615661595902714,-11.479325144543548,-11.42595175108761,1.0,0.0027629989795574517,-0.0036686612532985663,0.15692982242107956,0.15692982242107956,0.02764272419736512,0.027386239484633156,0.008068934319854785,nan,nan,0.04009320442774073,10.850768484864068,12.835207928158464,46355.100846058944,nan,nan,nan,nan,nan,nan,nan,nan,nan,260.0,0.00040064582076164353,49.42658314218279,20000.0,1.0002000919995233,0.0,220.0,180.0,0.3394988947595175,0.3505093189576832,0.0013836617837057013,0.0009019027412207999,51.481313450192104,41.14692700840533,1.0002001427580116,0.9999775856174665,36915.061459133416,34823.74242704628,13.610689775416077,17.387144108408247,0.0,0.0,0.0,"[300, 300, 300, 100, 300]","[0.0011913797954847172, 0.0, 0.0, 0.0008118493083235006, 0.0]","[300, 300, 300, 100, 100]","[300, 100, 300, 100, 100]","[0.00015989350415502595, 0.0021619539275141517, 0.0, 0.0020177035023722814, 0.002578757984487048]","[0.0, 0.0004940637951720545, 0.0, 0.0013628006010033159, 0.0026526493099286287]",,0.013615661595902714,0.004942487961630589,5.0,1.96
1b,50000,7240606,neural-fore,neural-main-oracle-bellman,-11.433679661610817,-11.436368258931996,-11.44896978656228,0.013867263216863449,-11.463548094837048,-11.409188423026944,1.0,0.015290124951462758,0.012601527630284437,0.15670973867634747,0.15670973867634747,0.025372752582068208,0.02527731957033391,0.009337695245975457,nan,nan,0.03651961069143777,10.825064439157881,12.795952068061634,46265.79576190427,nan,nan,nan,nan,nan,nan,nan,nan,nan,300.0,0.0002286696674545381,50.8851668913383,20000.0,0.9997640632809224,0.0,220.0,260.0,0.33594117985860683,0.34094174699548846,0.000675911893346197,0.00048311733071507254,52.97403478359338,58.84836682516616,0.9998533862627914,1.0007883827122566,36485.00627368771,34024.448720664564,14.302598280678046,18.3193720518236,0.0,0.0,0.0,"[300, 300, 300, 300, 300]","[0.0001998964441628879, 0.0, 0.0, 0.0009434518931098026, 0.0]","[300, 300, 100, 100, 300]","[300, 300, 300, 100, 300]","[0.0005226534733832319, 0.0, 0.0006504125929219502, 0.0022064934004258027, 0.0]","[0.0, 0.0002366687985497419, 0.0, 0.002178917855025621, 0.0]",,0.013867263216863449,0.013946098524935502,5.0,1.96
1b,50000,7250606,neural-fore,neural-main-oracle-bellman,-11.466518490410705,-11.470722361001524,-11.44896978656228,0.013622325998008862,-11.497422119957621,-11.444022602045427,1.0,-0.01754870384842455,-0.021752574439243944,0.1533283037507994,0.1533283037507994,0.028764664751567144,0.028338215467031136,0.007838016641603881,nan,nan,0.04275729599199219,10.838747005008702,13.068026114643143,46315.70315926976,nan,nan,nan,nan,nan,nan,nan,nan,nan,220.0,0.00046974559470001404,42.371758216363375,20000.0,1.0008637375836291,0.0,260.0,260.0,0.31212839951172455,0.3179534619321566,0.0004838682927529113,0.00035927076566272167,44.8581672661705,50.24160718289204,1.0011032894284386,1.000923028148978,37034.62908782796,34309.881253407446,13.130367333725626,17.612647119973616,0.0,0.0,0.0,"[300, 300, 100, 100, 300]","[0.0, 0.0012329134927310523, 0.00030811627714929217, 0.0008076982036197256, 0.0]","[300, 300, 300, 300, 100]","[300, 100, 300, 300, 300]","[0.0007227299715361782, 0.00010760064401360662, 0.0006678717161330357, 0.0, 0.0009211391320817362]","[0.0, 0.00044193138303788397, 0.0013544224452757244, 0.0, 0.0]",,0.013622325998008862,0.01984393531151742,5.0,1.96
1b,50000,7260606,neural-fore,neural-main-oracle-bellman,-11.45411955966205,-11.460405611834041,-11.44896978656228,0.013496280185184699,-11.486858320997003,-11.433952902671079,1.0,-0.005149773099770272,-0.011435825271760791,0.23477715553848671,0.23477715553848671,0.03214905099465849,0.0319277867369505,0.009527782672976923,nan,nan,0.044849279643959544,10.91074842319164,13.349395879646936,46153.69188953345,nan,nan,nan,nan,nan,nan,nan,nan,nan,180.0,0.0007200643643332505,41.18287791679613,20000.0,1.0006671782068215,0.0,300.0,220.0,0.31029960582885663,0.32536353609184615,0.0001384561571216379,0.0008501446865250081,52.910910974955186,46.085593642201275,1.0008254899056683,1.0022996338610528,35765.64556693122,33605.74418986148,15.42512086195778,19.62762408760908,0.0,0.0,0.0,"[300, 100, 100, 100, 300]","[0.0, 0.0011584415182987063, 0.00048677611831550774, 0.0019551041850520384, 0.0]","[300, 300, 300, 300, 300]","[300, 100, 100, 300, 300]","[0.0, 0.0001226343596432283, 0.0, 0.0, 0.0005696464259649612]","[0.0003818559386762178, 0.00024353440152944034, 0.003377203114040115, 0.0, 0.0002481299783792673]",,0.013496280185184699,0.022052665939587584,5.0,1.96
1b,50000,7270606,neural-fore,neural-main-oracle-bellman,-11.45041444060774,-11.45444878417909,-11.44896978656228,0.013422401108266552,-11.480756690351294,-11.428140878006888,1.0,-0.0014446540454606804,-0.005478997616810588,0.1230961170185793,0.1230961170185793,0.020952899965810505,0.02041557645778398,0.00692195610472985,nan,nan,0.03968797617146584,10.868561523442894,12.729377223052905,46215.221570225876,nan,nan,nan,nan,nan,nan,nan,nan,nan,260.0,0.0006186097811082712,56.09636957501061,20000.0,1.0014790835843608,0.0,300.0,220.0,0.2969715122617773,0.2974344829054329,0.00039942090514727847,0.0010985747480076343,58.016909166402186,59.57492688281927,1.0018545544518833,1.0007099001100226,36454.76574032489,33576.83501188278,13.874720712621421,18.898135858281425,0.0,0.0,0.0,"[300, 100, 300, 300, 300]","[0.00047448455493313867, 0.0006888526481379254, 0.0007047577473008209, 0.0011334298873557926, 9.152406781367804e-05]","[300, 300, 300, 300, 300]","[300, 100, 100, 300, 300]","[0.0, 0.0, 0.0005566538279419599, 0.0008429720923694224, 0.0005974786054250101]","[0.0010775718633055536, 0.0012327661215139202, 0.00137826632519043, 0.0005575841216149015, 0.0012466853084133667]",,0.013422401108266552,0.025331643603929428,5.0,1.96
1b,50000,7280606,neural-fore,neural-main-oracle-bellman,-11.470912647055306,-11.474673875519729,-11.44896978656228,0.012838160962098312,-11.499836671005442,-11.449511080034016,0.0,-0.021942860493025407,-0.02570408895744869,0.18279905008347022,0.18279905008347022,0.028570979948892582,0.02853891193673443,0.005003870102289184,nan,nan,0.03727127936853865,10.980580122492105,12.665943467805645,46184.0049787355,nan,nan,nan,nan,nan,nan,nan,nan,nan,300.0,6.440354288583142e-05,59.57488184189424,20000.0,1.0002569602533093,0.0,300.0,260.0,0.3049688265851939,0.3143194297625636,0.00018111468953868653,0.00025470778514903055,61.62199871616904,49.58261570814066,1.0002400333214814,1.000339412473074,36679.440080567816,33835.34639609613,12.848379109702648,18.834142970811076,0.0,0.0,0.0,"[300, 300, 300, 300, 300]","[0.0, 0.00019859574973263977, 0.0, 0.0, 0.00012342196469651735]","[300, 300, 300, 300, 300]","[300, 100, 300, 300, 300]","[0.0004583698194837492, 0.0, 0.0, 0.0, 0.0004472036282096835]","[0.0005518698206811651, 0.0007092873989985552, 1.2381706065432364e-05, 0.0, 0.0]",,0.012838160962098312,0.008765282316590212,5.0,1.96
1b,50000,7290606,neural-fore,neural-main-oracle-bellman,-11.472612114475572,-11.483845603334748,-11.44896978656228,0.013879964248250238,-11.511050333261318,-11.456640873408178,0.0,-0.023642327913291794,-0.03487581677246787,0.25958253946452636,0.25958253946452636,0.03640419975366445,0.035944985904355846,0.008906267890628795,nan,nan,0.03903663662682572,10.748906369656742,12.955782840973063,46413.128612243,nan,nan,nan,nan,nan,nan,nan,nan,nan,260.0,0.00017156354332735897,56.14975531664677,20000.0,1.000685274244628,0.0,300.0,220.0,0.3132543232826017,0.31538015133344033,0.00033888626267076507,0.00046784753272408877,63.78512764996849,51.45787406580057,1.0000967740067073,1.0012538889869624,36729.86841837936,33954.34265962233,13.40495291726865,18.87736264398927,0.0,0.0,0.0,"[300, 300, 300, 300, 100]","[0.0, 0.0, 0.0, 0.0, 0.0008578177166367949]","[300, 300, 300, 300, 300]","[300, 300, 100, 300, 100]","[0.000623248400260647, 0.00029971273776403735, 0.0, 0.0007714701753291411, 0.0]","[0.0005337399161179288, 0.00045781129142127575, 0.0001187465753986262, 0.0006535406006360618, 0.0005753992800465513]",,0.013879964248250238,0.01669422645393259,5.0,1.96
1b,50000,7300606,neural-fore,neural-main-oracle-bellman,-11.455758765100068,-11.46065622025019,-11.44896978656228,0.012869297632513483,-11.485880043609916,-11.435432396890464,1.0,-0.006788978537787926,-0.01168643368790967,0.19457213435738346,0.19457213435738346,0.03335081088558515,0.029698190118189683,0.008440510617033683,nan,nan,0.045282071659510786,10.882441077177187,12.899438724331379,46372.87399699678,nan,nan,nan,nan,nan,nan,nan,nan,nan,220.0,0.0012371558110788508,50.5131163088372,20000.0,1.001027926810146,0.0,260.0,260.0,0.2941424851343405,0.30976386341214734,0.00020581468069635192,0.0004887330986535917,56.02042216684204,51.88512635005172,1.0009643256290843,1.0015084306800877,36648.55620184347,33807.68846726343,13.384575152089763,19.0929947731965,0.0,0.0,0.0,"[100, 100, 300, 300, 300]","[0.0018124225284485442, 0.004312209208115864, 6.114731882984588e-05, 0.0, 0.0]","[300, 300, 300, 300, 100]","[300, 300, 300, 300, 100]","[0.0, 0.0, 0.0, 0.0, 0.0010290734034817596]","[0.0002154472628235457, 0.000506230646130299, 0.0, 0.00046918577412124497, 0.0012528018101928687]",,0.012869297632513483,0.005084280281777823,5.0,1.96
1b,50000,7310606,neural-fore,neural-main-oracle-bellman,-11.446047985666382,-11.454735826078476,-11.44896978656228,0.014006429773835562,-11.482188428435194,-11.427283223721759,1.0,0.002921800895897775,-0.005766039516196031,0.49848808559305235,0.49848808559305235,0.04755855964851749,0.048407839384050674,0.01118079389052843,nan,nan,0.0413317733248787,10.810894346634296,13.264024107977326,46236.63604689564,nan,nan,nan,nan,nan,nan,nan,nan,nan,260.0,0.0003582858333730104,49.91924274156336,20000.0,1.0004953365456923,0.0,300.0,220.0,0.3278305489199527,0.33234260909772084,0.0003699010270679174,0.0009552945128543638,54.504703733255155,44.96484421663918,1.0005167926389806,1.000262769986105,36239.989233087814,33832.23076734111,14.409570223938246,19.191444161531695,0.0,0.0,0.0,"[300, 300, 100, 300, 300]","[0.00019416936178122496, 0.00018769183552079893, 0.0007383828670543326, 0.0, 0.0006711851025086955]","[300, 300, 300, 300, 300]","[100, 100, 300, 300, 300]","[0.0, 0.0, 0.0, 5.797677116799242e-05, 0.0017915283641715945]","[0.0014498597596479018, 0.0006070302617345768, 0.0, 0.0008797990726987592, 0.0018397834701905811]",,0.014006429773835562,0.01882485947198099,5.0,1.96
1b,50000,7320606,neural-fore,neural-main-oracle-bellman,-11.447387445441848,-11.452220784653608,-11.44896978656228,0.013388463761671753,-11.478462173626484,-11.425979395680733,1.0,0.001582341120432318,-0.0032509980913282277,0.29955092115514403,0.29955092115514403,0.029083296700351802,0.02920713858929308,0.008549782975481805,nan,nan,0.04378955725084254,10.865463059864295,12.765786148756439,46340.28625704737,nan,nan,nan,nan,nan,nan,nan,nan,nan,220.0,0.0005403675059863823,48.82702789113391,20000.0,0.9997975116077514,0.0,260.0,180.0,0.31274639112922487,0.3187988495352644,0.0005545048082245237,0.0007454253404334682,51.427231124578974,40.80180530839134,1.000158847699152,0.9986268959759593,36669.76799163079,33842.503149347394,13.622585771641008,18.470064260189485,0.0,0.0,0.0,"[100, 100, 300, 300, 300]","[0.0013629537387733525, 0.00026591923738678643, 0.0, 0.00047901042008699143, 0.0005939541336847809]","[300, 100, 300, 300, 300]","[100, 100, 300, 300, 100]","[0.0008503589063034305, 0.001154761274785121, 0.0, 0.0, 0.0007674038600340675]","[0.00040041192488433105, 0.0014848187072252917, 0.0005090210295145483, 0.0, 0.0013328750405431692]",,0.013388463761671753,0.01079285706620345,5.0,1.96
1b,50000,7330606,neural-fore,neural-main-oracle-bellman,-11.430595776268115,-11.438685912604308,-11.44896978656228,0.013889131670611978,-11.465908610678708,-11.411463214529908,1.0,0.01837401029416519,0.010283873957972034,0.17180102213186244,0.17180102213186244,0.02303289178843192,0.0219805765338581,0.007611091156780527,nan,nan,0.0399104447178247,10.825147701514485,12.992707275159802,46352.98039250245,nan,nan,nan,nan,nan,nan,nan,nan,nan,300.0,0.0,62.03711803324986,20000.0,1.0018549572114712,0.0,260.0,260.0,0.3443727044738603,0.3441587889945338,0.0003186470978408242,0.00032260168930172366,52.319976149941795,62.85248622514773,1.0018417476185768,1.0029529094438432,36356.998315693854,34100.49076614962,14.264652943535532,18.367059311214113,0.0,0.0,0.0,"[300, 300, 300, 300, 300]","[0.0, 0.0, 0.0, 0.0, 0.0]","[300, 300, 300, 100, 300]","[300, 300, 300, 300, 100]","[0.0006794936102792408, 0.0, 0.0, 0.0009137418789248803, 0.0]","[0.0, 0.0, 0.0, 0.0006039761652597517, 0.0010090322812488664]",,0.013889131670611978,0.010048848351299043,5.0,1.96
1b,50000,7340606,neural-fore,neural-main-oracle-bellman,-11.47395187408203,-11.48029883306752,-11.44896978656228,0.013429713424470476,-11.506621071379483,-11.453976594755558,0.0,-0.024982087519749285,-0.031329046505240044,0.14430396199395576,0.14430396199395576,0.028187953916796283,0.028070712556831877,0.005588492159116389,nan,nan,0.03596098340340319,10.91491159139198,13.203187745201001,45963.91454234064,nan,nan,nan,nan,nan,nan,nan,nan,nan,220.0,0.0005583443353545205,50.58156931658741,20000.0,1.0005886065584522,0.0,260.0,300.0,0.30187190531145686,0.3090554973684304,0.0007761619377338771,0.0005874871351804025,54.95306613359135,59.85784927539062,1.0010387738407958,1.0004803657512704,36356.960090162596,33544.09365874625,14.124607679466573,19.431424880052496,0.0,0.0,0.0,"[300, 100, 300, 300, 100]","[0.00041001361960257783, 0.001536234709848017, 0.0, 0.0, 0.0008454733473220081]","[300, 300, 300, 300, 100]","[300, 300, 300, 300, 300]","[0.002046500716196279, 0.0, 0.0, 0.0, 0.0018343089724731066]","[0.0, 0.0005727213832915279, 0.0, 0.00014176416830116194, 0.002222950124309323]",,0.013429713424470476,0.007402147298257173,5.0,1.96
1b,50000,7350606,neural-fore,neural-main-oracle-bellman,-11.458783294441128,-11.464823531250923,-11.44896978656228,0.013168834206193922,-11.490634446295063,-11.439012616206783,1.0,-0.009813507878847716,-0.01585374468864309,0.24453318525348858,0.24453318525348858,0.030055175556718727,0.02987201258109967,0.00782284484865166,nan,nan,0.04970272657234228,10.813597575617742,12.54792157580886,46522.700092348045,nan,nan,nan,nan,nan,nan,nan,nan,nan,260.0,0.0005598605862584244,56.02053047537338,20000.0,0.9999697234086927,0.0,300.0,260.0,0.30742533611934436,0.31886373086653724,0.00012050667337288805,0.00042019852468090245,64.68259173382539,60.47052459141705,1.00057151473662,0.999250675749231,36740.93063569612,33843.63934056818,13.573348214341546,18.473809858805275,0.0,0.0,0.0,"[300, 300, 100, 300, 300]","[0.0009030768357556939, 0.0, 0.0017651524801258478, 0.00013107361541058035, 0.0]","[300, 300, 300, 300, 300]","[100, 300, 300, 300, 300]","[0.00030467395054117457, 0.0, 0.0, 0.0002978594163232657, 0.0]","[0.0009472212763377223, 0.001093289917661292, 0.0, 0.0, 6.0481429405498334e-05]",,0.013168834206193922,0.018010082765385047,5.0,1.96
1b,50000,7360606,neural-fore,neural-main-oracle-bellman,-11.454925336452321,-11.459678470021009,-11.44896978656228,0.01341330365151765,-11.485968545177984,-11.433388394864034,1.0,-0.005955549890041212,-0.010708683458728885,0.20352338948742577,0.20352338948742577,0.028522567688506095,0.027728723609101346,0.006935637385974118,nan,nan,0.04608766813633568,10.798630086647591,12.590488020513378,46493.61055358633,nan,nan,nan,nan,nan,nan,nan,nan,nan,260.0,0.0002618009722830773,51.52698235819116,20000.0,1.0000447217595285,0.0,220.0,220.0,0.3206887724729405,0.3292841428441895,0.00041250199323017943,0.0011801914649562204,58.18061094994191,58.832601425237954,1.000135675109227,0.9997593340452886,36516.636616865035,34080.03903073975,14.182264629074604,17.87364091213096,0.0,0.0,0.0,"[300, 300, 300, 300, 100]","[0.0, 0.00033909836957718973, 0.0, 0.0004050436405680434, 0.0005648628512701535]","[300, 100, 100, 300, 300]","[100, 300, 300, 100, 300]","[0.0, 0.0006369790490944048, 0.0014255309170564923, 0.0, 0.0]","[0.00277051836676092, 0.00041844576378264004, 0.0, 0.0007870654024911362, 0.0019249277917464057]",,0.01341330365151765,0.009739718827151626,5.0,1.96
1b,50000,7370606,neural-fore,neural-main-oracle-bellman,-11.434480998472003,-11.441103988374362,-11.44896978656228,0.013381068944112411,-11.467330883504822,-11.414877093243902,1.0,0.014488788090277538,0.007865798187918216,0.19427994031604787,0.19427994031604787,0.0264574330009039,0.02623813209148243,0.008379252780671947,nan,nan,0.0439405250952755,10.842350755183162,12.54416020158983,46491.62072336771,nan,nan,nan,nan,nan,nan,nan,nan,nan,260.0,0.0006413998889034268,69.36747644997668,20000.0,1.0005426725107414,0.0,220.0,220.0,0.31899902321239854,0.3221079214074651,0.0020410900344519007,0.0005417623862887923,67.841322991997,65.48473355765455,1.0004715364033252,1.0008634103170784,36896.64191144575,34195.345547326455,13.72946995547058,18.100912610036822,0.0,0.0,0.0,"[100, 300, 300, 300, 300]","[0.0016845998783293382, 0.0, 0.0008804351336186966, 0.0, 0.0006419644325690993]","[100, 300, 100, 300, 300]","[100, 300, 300, 300, 100]","[0.002085310733280295, 0.0013272833816706565, 0.0032657551524367338, 0.0016198002063411545, 0.0019073006985306645]","[0.001702091254335533, 0.0, 0.0008879740752301376, 0.0, 0.0001187466018782904]",,0.013381068944112411,0.010096751593460603,5.0,1.96
1b,50000,7380606,neural-fore,neural-main-oracle-bellman,-11.443535791117444,-11.446075535918872,-11.44896978656228,0.012524699269007202,-11.470623946486127,-11.421527125351618,1.0,0.005433995444835915,0.0028942506434077586,0.18358899443495502,0.18358899443495502,0.03341902186329283,0.03062623332466676,0.008975086204222453,nan,nan,0.04043656818708781,11.001192209470677,12.532478216132827,46299.47861818507,nan,nan,nan,nan,nan,nan,nan,nan,nan,260.0,0.0005578675659930388,70.44470738333185,20000.0,0.9990615380000429,0.0,260.0,220.0,0.3037954385461556,0.31704116800563564,0.0005255377695782291,0.0008421962517670255,64.76299647442065,60.56600246720482,0.9989080942560072,0.9992729785712811,36655.58317053728,34010.782848549934,13.119549739107295,18.661561784320636,0.0,0.0,0.0,"[100, 300, 300, 300, 300]","[0.0011561724613030288, 0.0002880446294447657, 0.0, 9.653624003006943e-05, 0.0012485844991873302]","[300, 300, 300, 300, 100]","[300, 100, 300, 100, 300]","[0.0, 0.0, 0.0011702470408817534, 4.8419837470115186e-05, 0.0014090219695392769]","[0.0, 0.0014686157565034844, 0.00019240725905938925, 0.002549958243272254, 0.0]",,0.012524699269007202,0.006996110480285743,5.0,1.96
1b,50000,7390606,neural-fore,neural-main-oracle-bellman,-11.427743566354573,-11.430916202635114,-11.44896978656228,0.0129559686703624,-11.456309901229025,-11.405522504041203,1.0,0.021226220207706703,0.018053583927166272,0.21259719176296601,0.21259719176296601,0.029484878482841252,0.029276048943176602,0.00823094067565087,nan,nan,0.03821965579329883,10.956563270462526,12.545669525286833,46290.70941656642,nan,nan,nan,nan,nan,nan,nan,nan,nan,300.0,5.006242413800316e-05,68.20501753319986,20000.0,1.0009976581427835,0.0,260.0,260.0,0.32853922058608914,0.34165300828816825,0.0005090912605063991,0.0008934150392417189,57.90937163385097,59.909838308091274,1.0010420311550106,1.001084714334333,36426.30303929666,34011.89289369304,13.823062077657791,18.082780407016678,0.0,0.0,0.0,"[300, 300, 300, 300, 300]","[0.0, 0.0, 0.0002503121206900158, 0.0, 0.0]","[300, 300, 100, 300, 300]","[100, 300, 300, 300, 300]","[0.0, 0.0, 0.0007605715505078715, 0.0, 0.0017848847520241244]","[0.0007453812865648576, 0.0, 0.0028329377140104603, 0.0, 0.0008887561956332766]",,0.0129559686703624,0.006349435114455902,5.0,1.96
1b,50000,7400606,neural-fore,neural-main-oracle-bellman,-11.42864073319883,-11.434238775547266,-11.44896978656228,0.013394393480854805,-11.460491786769742,-11.40798576432479,1.0,0.02032905336345081,0.014731011015014062,0.15987934763334288,0.15987934763334288,0.023053403871099977,0.023044668301525954,0.007215017854524591,nan,nan,0.045461212361389336,10.83000778168055,12.841290041288794,46441.912554849914,nan,nan,nan,nan,nan,nan,nan,nan,nan,260.0,0.000751125174035903,57.69426661652979,20000.0,0.9989551463371006,0.0,300.0,300.0,0.3278912210703375,0.3349695397987607,0.0004230644278625448,0.00036154052570151654,62.177613532869145,59.43453886639327,0.9991847098782415,0.9990336432177648,36724.429906880236,34130.72515262941,13.970453416924178,18.25040786650348,0.0,0.0,0.0,"[300, 100, 300, 300, 300]","[0.0016578350697035024, 0.0011297682298506582, 1.2319857440820458e-05, 0.0009557027131845341, 0.0]","[300, 300, 300, 300, 300]","[300, 300, 300, 300, 300]","[0.0015054267488443444, 0.0, 0.0, 0.0005558025310705344, 5.409285939784509e-05]","[0.0, 0.0, 0.0010753805283321579, 0.0, 0.0007323221001754247]",,0.013394393480854805,0.006816702115151285,5.0,1.96
1b,50000,7410606,neural-fore,neural-main-oracle-bellman,-11.44340007958049,-11.444423889693667,-11.44896978656228,0.01350043262259759,-11.470884737633957,-11.417963041753376,1.0,0.005569706981789935,0.004545896868613397,0.13352384710598394,0.13352384710598394,0.02387015741633163,0.023143415023397708,0.006916590368116541,nan,nan,0.04475497679113751,10.751937135165099,12.975706741667416,46446.491616002626,nan,nan,nan,nan,nan,nan,nan,nan,nan,300.0,0.0,55.96884324180428,20000.0,0.9998895559622285,0.0,260.0,220.0,0.33358784947301595,0.3391146762367733,0.0006622885913965931,0.0006812860630713206,52.407364132977094,46.04370134139899,1.0000474133098192,0.9996037653383187,36882.956435375185,34388.69008692097,13.13943048149497,17.700510656842717,0.0,0.0,0.0,"[300, 300, 300, 300, 300]","[0.0, 0.0, 0.0, 0.0, 0.0]","[300, 300, 300, 100, 300]","[300, 300, 300, 100, 100]","[0.00010164237671717968, 4.008658723528787e-05, 0.00032904018952848737, 0.002350212605859772, 0.0004904611976422389]","[0.0005905191846677011, 0.0, 0.0003835141619401545, 0.0018250287987210936, 0.000607368170027654]",,0.01350043262259759,0.019966608296422012,5.0,1.96
1b,50000,7420606,neural-fore,neural-main-oracle-bellman,-11.476984932357238,-11.483590920290222,-11.44896978656228,0.012453605643818437,-11.507999987352106,-11.459181853228339,0.0,-0.02801514579495823,-0.034621133727942066,0.14835982196862693,0.14835982196862693,0.036401943412231,0.034106025991616926,0.00837109954312126,nan,nan,0.04159685807461349,10.987607849933198,12.831900983057972,46164.410721283064,nan,nan,nan,nan,nan,nan,nan,nan,nan,220.0,0.0009589863676239426,43.656009158515374,20000.0,0.9999442162566139,0.0,260.0,180.0,0.25805588806895174,0.26730329535151737,0.0009535661645910121,0.0012401153394988496,43.711384532949886,34.89010489198845,1.0000533194164132,1.0000195464216861,36665.58101469757,33528.897240531216,13.364803748049681,19.848438681989176,0.0,0.0,0.0,"[100, 300, 100, 300, 300]","[0.0015020678083862964, 0.0005298042762581675, 0.0010740227735541593, 0.001163214071210704, 0.0005258229087103857]","[300, 100, 300, 300, 300]","[100, 300, 100, 100, 300]","[0.0, 0.0026153887875707557, 0.0, 0.0021524420353843045, 0.0]","[0.0017440135961309389, 0.0, 0.0013939507560040277, 0.0010333001778532306, 0.002029312167506051]",,0.012453605643818437,0.016703793068464645,5.0,1.96
1b,50000,7430606,neural-fore,neural-main-oracle-bellman,-11.455245363463085,-11.4603567031539,-11.44896978656228,0.013173531521503237,-11.486176824936047,-11.434536581371754,1.0,-0.006275576900804936,-0.011386916591620277,0.12241225044913757,0.12241225044913757,0.03284911076668287,0.03193331852965219,0.006332583503769919,nan,nan,0.03693964713419136,10.827810399853409,13.11739704616592,46360.45437365051,nan,nan,nan,nan,nan,nan,nan,nan,nan,260.0,0.00030688874017637403,59.51495672459714,20000.0,1.000535060489899,0.0,300.0,260.0,0.3041908919403904,0.30374281947304815,0.0005623465690582592,0.00022008006700575494,58.88156036674045,51.68748399980832,1.0007020268318354,1.0005361110518147,36932.39532650751,34352.6347692839,12.868621217954294,18.19944896138349,0.0,0.0,0.0,"[100, 300, 300, 300, 300]","[0.0005775499523908911, 0.0, 0.0008253615259419709, 0.0, 0.000131532222549008]","[300, 300, 300, 300, 300]","[300, 300, 100, 300, 300]","[0.002086115337642507, 0.0, 0.0007256175076487887, 0.0, 0.0]","[0.0, 0.0, 0.0011004003350287748, 0.0, 0.0]",,0.013173531521503237,0.011076732366859705,5.0,1.96
1b,50000,7440606,neural-fore,neural-main-oracle-bellman,-11.44222350523886,-11.44832561727168,-11.44896978656228,0.013510904584398627,-11.4748069902571,-11.421844244286259,1.0,0.0067462813234193675,0.0006441692906005159,0.11629950928149979,0.11629950928149979,0.022950622290510144,0.022205654986026994,0.007343381692941986,nan,nan,0.04068574327094197,10.792579245203568,12.806461584615862,46408.07532534442,nan,nan,nan,nan,nan,nan,nan,nan,nan,300.0,0.0,60.1520616002148,20000.0,1.0009738393632195,0.0,300.0,260.0,0.3388736958763363,0.34417991316032454,0.0,0.0005147994635410766,53.43847911679186,52.46902603313792,1.0008747690572477,1.0005973842528326,37036.00050486813,34370.38634832461,13.422221709034053,17.662352134262143,0.0,0.0,0.0,"[300, 300, 300, 300, 300]","[0.0, 0.0, 0.0, 0.0, 0.0]","[300, 300, 300, 300, 300]","[300, 300, 300, 100, 300]","[0.0, 0.0, 0.0, 0.0, 0.0]","[0.0, 0.00010440012537464738, 0.0016823295087551589, 0.0003958191584896441, 0.000391448525085933]",,0.013510904584398627,0.0045406838105732355,5.0,1.96
1b,50000,7450606,neural-fore,neural-main-oracle-bellman,-11.450142805008623,-11.456592761417001,-11.44896978656228,0.013014958121097778,-11.482102079334354,-11.431083443499649,1.0,-0.0011730184463427662,-0.007622974854720965,0.21899390154122794,0.21899390154122794,0.03770881881178948,0.03614622308706604,0.008075548093905378,nan,nan,0.05121180227677231,10.821132442935733,12.531384811742537,46550.77363702104,nan,nan,nan,nan,nan,nan,nan,nan,nan,180.0,0.0007702835847203615,40.61068422438111,20000.0,1.0011725989427425,0.0,300.0,260.0,0.29991993599574096,0.3116957072562624,0.0007425363457935868,0.0006990373408752575,59.673618400399576,53.11974107481073,1.0014014119003958,1.0004302659086854,36638.37063551146,33928.24640616821,14.056452151275309,18.83908905047756,0.0,0.0,0.0,"[100, 100, 100, 300, 300]","[0.00036974791985388525, 0.0032575472741392286, 0.0, 0.0, 0.00022412272960869355]","[300, 300, 300, 300, 300]","[300, 300, 300, 100, 300]","[0.0, 0.0029514645301748224, 0.0, 0.0, 0.0007612171987931114]","[0.0009190432766517108, 0.001116310386490114, 0.0, 0.0014598330412344631, 0.0]",,0.013014958121097778,0.010949706584740258,5.0,1.96
1b,50000,7460606,neural-fore,neural-main-oracle-bellman,-11.443805905460373,-11.451535335664946,-11.44896978656228,0.012970221626145658,-11.476956970052191,-11.426113701277702,1.0,0.005163881101907464,-0.0025655491026661537,0.25306016416595223,0.25306016416595223,0.0389431478094375,0.036646767648990226,0.008301324597623054,nan,nan,0.049773129550001224,10.888242564680343,12.509145864641185,46441.22067146426,nan,nan,nan,nan,nan,nan,nan,nan,nan,220.0,0.000430109324959222,54.1080901004374,20000.0,1.000315198004063,0.0,300.0,300.0,0.2998907434877341,0.312155163518988,0.0,9.936477658398083e-05,54.46796751711518,47.71132953343913,1.0003454254676059,1.0010356097408806,36859.13896807805,34305.83735317097,13.971858565491342,17.932040213290254,0.0,0.0,0.0,"[100, 300, 300, 300, 100]","[0.0010899447154954368, 0.0, 0.0, 0.0007281328648675386, 0.0003324690444331343]","[300, 300, 300, 300, 300]","[300, 300, 300, 300, 300]","[0.0, 0.0, 0.0, 0.0, 0.0]","[0.0004968238829199041, 0.0, 0.0, 0.0, 0.0]",,0.012970221626145658,0.01444393736710116,5.0,1.96
1b,50000,7470606,neural-fore,neural-main-oracle-bellman,-11.442062074376771,-11.447533365867606,-11.44896978656228,0.013255153566258645,-11.473513466857474,-11.421553264877739,1.0,0.006907712185508785,0.0014364206946737568,0.24732782076106488,0.24732782076106488,0.030562860419788666,0.030164014177466465,0.008383046742711878,nan,nan,0.04461817607228211,10.935008663407494,12.846381347424476,46220.17353893611,nan,nan,nan,nan,nan,nan,nan,nan,nan,220.0,0.00043905243566775746,49.3304706085939,20000.0,1.000790023481332,0.0,260.0,260.0,0.3061178226245648,0.3167179881649369,0.00048388836896924695,0.000680601757185834,46.66694145922084,44.46758759999648,1.00045454958473,1.001622929330734,36425.42519542528,33234.292757670046,14.11786986422853,19.57210689438466,0.0,0.0,0.0,"[100, 300, 100, 300, 300]","[0.0, 0.0003271633808703754, 0.0005669425964470405, 0.0011101927296997905, 0.00019096347132158096]","[300, 300, 300, 100, 300]","[100, 300, 300, 300, 300]","[0.0, 0.0, 0.0, 0.0021108596432882973, 0.00030858220155793734]","[0.0013814318762966162, 0.0, 0.00022979076395630835, 0.0012274649065720513, 0.0005643212391041938]",,0.013255153566258645,0.02241797238043582,5.0,1.96
1b,50000,7480606,neural-fore,neural-main-oracle-bellman,-11.447944092037787,-11.455894574373339,-11.44896978656228,0.013516657026262124,-11.482387222144812,-11.429401926601866,1.0,0.0010256945244933036,-0.0069247878110587635,0.16854972596040585,0.16854972596040585,0.03054169577196054,0.02928664075371106,0.004094669408715777,nan,nan,0.036848693471118195,10.815762020247984,12.402070234712864,46525.04209922894,nan,nan,nan,nan,nan,nan,nan,nan,nan,300.0,0.0003867961295034181,56.82666666661389,20000.0,1.0019373172273927,0.0,300.0,300.0,0.3323629146183737,0.33865880519322833,0.00035765017668966186,0.00020426431383170374,58.50396332524251,56.10057490780018,1.0015271600701712,1.002451450311049,36717.49900577291,34412.90219407996,13.28689515611472,17.89140823483209,0.0,0.0,0.0,"[300, 300, 300, 300, 300]","[0.0013213753074187927, 0.0, 0.00016654745136531808, 0.0002945666142715477, 0.00015149127446143168]","[300, 300, 300, 300, 300]","[300, 300, 300, 300, 300]","[0.0, 0.0009906968980427737, 0.0, 0.00035263639358004803, 0.00044491759182548746]","[0.0, 0.0005429886848675174, 0.0, 0.0, 0.0004783328842910012]",,0.013516657026262124,0.01254701938371138,5.0,1.96
1b,50000,7490606,neural-fore,neural-main-oracle-bellman,-11.458999165985645,-11.466305696553402,-11.44896978656228,0.013064927278344825,-11.491912954018957,-11.440698439087846,1.0,-0.010029379423365015,-0.017335909991121667,0.17229467040776797,0.17229467040776797,0.02839514745158652,0.027910299001754034,0.005988529610270542,nan,nan,0.047867096571368735,10.794669579331064,12.640074035658223,46412.50550179451,nan,nan,nan,nan,nan,nan,nan,nan,nan,260.0,0.00014470437940600445,55.425728583196175,20000.0,0.9988321316482501,0.0,260.0,220.0,0.3034198451369553,0.30925317058187796,0.0007749957607160244,0.001141017245333734,55.06763764172793,45.73243305033539,0.9990545779284682,0.9982503889339647,36545.67890846193,34115.679036303845,13.773914847317482,18.36743982867265,0.0,0.0,0.0,"[100, 300, 300, 300, 300]","[0.00028390621063132293, 0.0, 0.00038666473867397967, 0.0, 5.295094772471964e-05]","[300, 300, 100, 300, 300]","[100, 300, 100, 300, 300]","[0.0, 0.0, 0.003874978803580122, 0.0, 0.0]","[0.00036319270549643723, 0.0, 0.003988475641987501, 0.0007964166156264762, 0.0005570012635582556]",,0.013064927278344825,0.012185493654791059,5.0,1.96
1b,50000,7500606,neural-fore,neural-main-oracle-bellman,-11.462463343374061,-11.467411465405322,-11.44896978656228,0.013039818270079261,-11.492969509214676,-11.441853421595967,1.0,-0.013493556811781104,-0.018441678843041487,0.10304702845718414,0.10304702845718414,0.020806691209819633,0.0202093596628794,0.006703256645918961,nan,nan,0.04576042722338655,10.934243335329048,12.651344448487773,46352.46860552794,nan,nan,nan,nan,nan,nan,nan,nan,nan,220.0,0.0005929176910802359,47.07783333340194,20000.0,1.0014088988724472,0.0,300.0,220.0,0.2802901326430664,0.2879275973411258,0.0008288431895211234,0.0007756622162152875,53.905279141734354,46.28638535020873,1.0018516251252112,1.001636891941636,36289.410497868805,33642.82917206538,14.232851990143649,19.193745024880247,0.0,0.0,0.0,"[300, 300, 300, 100, 100]","[0.0006994592661410795, 1.4911030758450933e-05, 0.0, 0.0006716744530654516, 0.0015785437054361975]","[300, 300, 300, 300, 300]","[300, 100, 100, 300, 300]","[0.0012135475346064148, 0.001666962633940843, 0.00034072579085881317, 0.0009229799881995452, 0.0]","[0.00034131386790708495, 0.001270564075141188, 0.0016357175920823077, 0.0, 0.0006307155459458572]",,0.013039818270079261,0.021945346077573657,5.0,1.96
1b,50000,7510606,neural-fore,neural-main-oracle-bellman,-11.451905110940263,-11.456550525363905,-11.44896978656228,0.013490280838797473,-11.482991475807948,-11.430109574919863,1.0,-0.0029353243779830507,-0.007580738801625131,0.2867455381394651,0.2867455381394651,0.036009263076804875,0.03427257886250458,0.008298294276538451,nan,nan,0.04004872449990151,10.847509360035271,12.665987338818336,46328.46296565007,nan,nan,nan,nan,nan,nan,nan,nan,nan,300.0,7.618417338348144e-05,54.67050425899215,20000.0,1.001126970845469,0.0,300.0,260.0,0.3102423627735172,0.3139068854710678,1.657970286403043e-05,0.0004727669828260777,56.56033562417142,54.80980560777243,1.0008211489905587,1.0017995795123213,36737.77689217175,33720.40382314266,13.298438010324555,18.810562982940006,0.0,0.0,0.0,"[300, 300, 300, 300, 300]","[0.0, 0.0, 0.0, 0.0, 0.0003809208669174072]","[300, 300, 300, 300, 300]","[100, 300, 300, 300, 300]","[8.289851432015215e-05, 0.0, 0.0, 0.0, 0.0]","[0.0017407851800475317, 0.00048363666479100183, 0.0, 0.0, 0.00013941306929185504]",,0.013490280838797473,0.021030956366178417,5.0,1.96
1b,50000,7520606,neural-fore,neural-main-oracle-bellman,-11.468895339516324,-11.474290210868853,-11.44896978656228,0.012967238485336775,-11.499705998300113,-11.448874423437593,1.0,-0.01992555295404408,-0.025320424306572775,0.15053652391941713,0.15053652391941713,0.02484223969426701,0.024413647850702918,0.005997351516847929,nan,nan,0.043318944255154,10.882828929547458,12.65332685888686,46207.379824035896,nan,nan,nan,nan,nan,nan,nan,nan,nan,300.0,0.0003968717807242457,56.11657961665187,20000.0,0.999532166196583,0.0,300.0,220.0,0.270654765002753,0.2735228579705624,0.0005463361067073907,0.0006165869409653308,58.931989816413264,50.62987030840013,0.9998792559332645,0.9992317349088001,36337.16031453827,33185.62188205231,14.267431120433821,20.11024588500477,0.0,0.0,0.0,"[300, 300, 300, 300, 300]","[0.0, 0.00036529137917546306, 0.00027417076075720404, 0.0, 0.0013448967636885611]","[300, 300, 300, 300, 300]","[300, 100, 300, 300, 100]","[0.0, 0.0012631481673809454, 0.0005439150470825732, 0.00013137711338458692, 0.0007932402056888483]","[0.00022961828849993104, 0.0019322713489644849, 0.0, 6.942867376707692e-06, 0.0009141021999855306]",,0.012967238485336775,0.006845639384885213,5.0,1.96
1b,50000,7530606,neural-fore,neural-main-oracle-bellman,-11.446609452130897,-11.452741157862844,-11.44896978656228,0.012948778471287352,-11.478120763666567,-11.427361552059121,1.0,0.002360334431383393,-0.0037713713005640415,0.16597048265952158,0.16597048265952158,0.026632295115376153,0.024505501428663288,0.006346939684191087,nan,nan,0.04487846715545364,10.925833197840749,12.32766128576414,46576.21387446795,nan,nan,nan,nan,nan,nan,nan,nan,nan,300.0,0.0004962898239725639,67.27569688316434,20000.0,1.000344200113431,0.0,300.0,220.0,0.3159718298571218,0.3232590878595537,0.00028439475599878624,0.0004671061988694127,64.88425433356315,61.24186169197783,1.0005697467918648,1.0014572809873312,36858.88901802801,34338.1195943639,13.680267106928687,18.04512658453045,0.0,0.0,0.0,"[300, 300, 300, 300, 300]","[0.0, 0.00021092421346406517, 0.001294646807015483, 0.0009758780993832715, 0.0]","[300, 300, 300, 300, 300]","[100, 300, 300, 100, 300]","[0.0, 0.0, 6.198969798501563e-05, 0.0, 0.0013599840820089156]","[0.0003571430971393648, 0.0, 0.0, 0.001978387897207699, 0.0]",,0.012948778471287352,0.010503814122377034,5.0,1.96
1b,50000,7540606,neural-fore,neural-main-oracle-bellman,-11.455439613320856,-11.461661316425054,-11.44896978656228,0.013342740635731562,-11.48781308807109,-11.43550954477902,1.0,-0.0064698267585754365,-0.012691529862774331,0.13600642602255109,0.13600642602255109,0.025394489996445037,0.024049024715716606,0.005590680712558225,nan,nan,0.039325867543033625,10.85828412794783,12.854196032314888,46204.95120543174,nan,nan,nan,nan,nan,nan,nan,nan,nan,220.0,0.0006459179628677703,57.89705814202316,20000.0,1.0003314662310925,0.0,260.0,300.0,0.3056165003080027,0.3148101426906561,0.000630848747089241,0.0009347111770015846,60.29384485085029,68.57377874990925,1.0012676259064648,0.9996954615451876,36295.89585081102,33726.77272733943,13.944291891727133,18.833252499193826,0.0,0.0,0.0,"[100, 100, 300, 300, 300]","[0.0007281252541540241, 0.001115216705321658, 0.00043944843684872164, 0.0009467994180144475, 0.0]","[300, 300, 300, 100, 300]","[300, 300, 300, 300, 300]","[0.0, 0.0006143040997689099, 0.0007522447145480262, 0.0017876949211292686, 0.0]","[0.00041828236361980404, 0.00187300748987546, 0.00048529842287642247, 0.001229985586725049, 0.0006669820219111876]",,0.013342740635731562,0.012989494858593143,5.0,1.96
1b,50000,7550606,neural-fore,neural-main-oracle-bellman,-11.433278203068229,-11.439975540603875,-11.44896978656228,0.012779533534944227,-11.465023426332365,-11.414927654875385,1.0,0.015691583494051642,0.008994245958405145,0.23806516950115203,0.23806516950115203,0.02972049639546292,0.028858647798825632,0.010282424625149283,nan,nan,0.04228656963726944,10.944900735299765,12.661477016713006,46247.966361381244,nan,nan,nan,nan,nan,nan,nan,nan,nan,260.0,0.0002126327202253378,53.7850755502237,20000.0,1.0004556312570154,0.0,300.0,220.0,0.30273330717360236,0.3179183379874262,0.0004850914473911009,0.000689710075142704,56.270589224784636,49.666961249615994,1.0010766423298496,0.9999589473105195,36240.33211686282,33612.42595857092,14.315400017789855,18.917154311837482,0.0,0.0,0.0,"[100, 300, 300, 300, 300]","[0.000809150379557947, 0.00025401322156874207, 0.0, 0.0, 0.0]","[300, 300, 300, 300, 300]","[300, 300, 300, 100, 100]","[0.0009883643896006836, 0.001437092847354821, 0.0, 0.0, 0.0]","[0.0, 0.0013038773369510378, 0.0, 0.0017795425531087412, 0.0003651304856537406]",,0.012779533534944227,0.010155302186386092,5.0,1.96
1b,50000,7560606,neural-fore,neural-main-oracle-bellman,-11.46680044376761,-11.470726565015275,-11.44896978656228,0.013452170680645468,-11.497092819549339,-11.44436031048121,1.0,-0.01783065720533017,-0.021756778452994396,0.11526466712894404,0.11526466712894404,0.03226012798160862,0.03194267050586012,0.012767761597370433,nan,nan,0.040541346618341766,10.874191804205811,12.857665465345564,46261.76073867329,nan,nan,nan,nan,nan,nan,nan,nan,nan,260.0,0.0004366009777711637,59.603097391594204,20000.0,0.9995322559639968,0.0,260.0,220.0,0.2924962711323983,0.3028610279201079,0.0008817464855243645,0.0004139350522429354,57.90406990840565,52.77622209195979,0.9986224657387266,0.9995374822641759,35744.52793379636,33272.00167517234,15.653413985644402,20.092927998054027,0.0,0.0,0.0,"[100, 300, 300, 300, 300]","[0.0008811891377542323, 5.816051115067896e-05, 4.6970405593098135e-05, 0.001196684834357809, 0.0]","[300, 300, 300, 100, 300]","[100, 100, 300, 300, 300]","[4.182368971143209e-05, 0.0004571201973609051, 0.00011062674130661582, 0.0021977450545517074, 0.0016014167446911625]","[0.0015167946869784183, 0.0005528805742362586, 0.0, 0.0, 0.0]",,0.013452170680645468,0.010888335190776106,5.0,1.96
1b,50000,7570606,neural-fore,neural-main-oracle-bellman,-11.42780273199622,-11.432697106300745,-11.44896978656228,0.013525148587694427,-11.459206397532625,-11.406187815068865,1.0,0.021167054566060273,0.016272680261534944,0.22183376170663577,0.22183376170663577,0.039362364360910444,0.039455804942485455,0.006957107535822153,nan,nan,0.04812181519756098,10.664400513059217,12.723045237144781,46635.76874159906,nan,nan,nan,nan,nan,nan,nan,nan,nan,180.0,0.0004437072596356575,48.44608047504444,20000.0,1.0009953099982087,0.0,300.0,260.0,0.33397207717216426,0.3410598288612644,0.0008341893239727932,0.0007352098721435171,56.443933933158405,58.66054995835293,1.0006348504412688,1.001761830379867,36597.77078062182,34850.1081820033,14.741537185202905,17.238909559613255,0.0,0.0,0.0,"[300, 100, 100, 300, 100]","[0.0, 0.0010899927634488566, 0.0005912704856168705, 0.00015962712429391297, 0.0003776459248186474]","[300, 300, 300, 300, 300]","[300, 100, 300, 300, 300]","[0.0026833790081348787, 0.00011506992654253553, 0.0, 0.0, 0.001372497685186552]","[0.0008735688855604313, 0.0013531731215623926, 0.00024091010554459612, 0.0, 0.0012083972480501659]",,0.013525148587694427,0.010017067293228068,5.0,1.96
1b,50000,7580606,neural-fore,neural-main-oracle-bellman,-11.445123517724154,-11.453666865948108,-11.44896978656228,0.012928870796601653,-11.479007452709448,-11.428326279186768,1.0,0.003846268838126221,-0.0046970793858278626,0.22873228573776622,0.22873228573776622,0.032646490844700025,0.03098613121491975,0.004292079425567822,nan,nan,0.041968978871653184,10.83688971867033,12.702345087326432,46514.50066445701,nan,nan,nan,nan,nan,nan,nan,nan,nan,260.0,0.0003686645056847959,61.9200585748069,20000.0,1.0005868086350365,0.0,260.0,180.0,0.28780221945828666,0.2987260163135641,0.0005699505703911922,0.0007944594638687266,57.366332692001016,46.33907949158456,1.0003224562990736,1.001896085656026,36769.12448954336,33819.489795135894,13.407954787577244,19.447599789877806,0.0,0.0,0.0,"[300, 300, 300, 100, 300]","[0.0, 0.00010105243693807652, 2.347735837675679e-05, 0.0011951725737474172, 0.0005236201593617292]","[300, 300, 300, 300, 100]","[300, 300, 100, 100, 100]","[0.0, 0.0, 0.0, 0.0009368377051888538, 0.0019129151467671076]","[0.00028865411848170427, 0.0005301813178470624, 0.0008067380890915102, 0.0015606686834370117, 0.0007860551104863442]",,0.012928870796601653,0.01229794671181777,5.0,1.96
1b,50000,7590606,neural-fore,neural-main-oracle-bellman,-11.420335007078252,-11.424069762201183,-11.44896978656228,0.013410539552877025,-11.450354419724823,-11.397785104677544,1.0,0.028634779484027817,0.02490002436109684,0.12612343768802375,0.12612343768802375,0.03449026121903568,0.03394533275269394,0.009900381221141017,nan,nan,0.034032574050825014,10.829304398043572,12.935303602867114,46224.37644879878,nan,nan,nan,nan,nan,nan,nan,nan,nan,300.0,0.00029477155487289035,67.4795886244392,20000.0,1.0009316502871417,0.0,260.0,260.0,0.3200766141584152,0.3241948273508791,0.00035854241384743483,0.000499073336361623,55.03105210771319,48.803904708381744,1.0007556729278584,1.0008878255494396,36442.20247460691,34085.1524742825,13.65299712557579,18.04779969675782,0.0,0.0,0.0,"[300, 300, 300, 300, 300]","[0.0, 0.0005938529410119151, 0.0, 0.0008800048333525366, 0.0]","[300, 300, 300, 100, 300]","[300, 300, 300, 300, 100]","[0.00017627759439095867, 0.0, 0.0005256845250930372, 0.0010907499497531785, 0.0]","[0.0, 0.0, 1.3321161783033063e-05, 0.0005583310761326065, 0.0019237144438924753]",,0.013410539552877025,0.009595063140634205,5.0,1.96
1b,50000,7600606,neural-fore,neural-main-oracle-bellman,-11.432185783662627,-11.43941918016097,-11.44896978656228,0.013272159278883632,-11.465432612347582,-11.413405747974357,1.0,0.016784002899653316,0.009550606401310446,0.2040075061461925,0.2040075061461925,0.03379041178765795,0.03384565531160032,0.00882918218679659,nan,nan,0.039060056112536955,10.899369562041645,12.865717919495976,46389.164869709806,nan,nan,nan,nan,nan,nan,nan,nan,nan,300.0,0.00014376419260901438,62.689743041573095,20000.0,1.0021023717574882,0.0,260.0,220.0,0.30446959838172494,0.3077999960086039,0.0012136701917272882,0.0008854348966741036,56.38592518339865,51.52195344974753,1.0028086874772248,1.002176158263436,36520.34374866704,33983.896236203684,13.969879423420235,18.729905969902745,0.0,0.0,0.0,"[300, 300, 300, 300, 300]","[0.0, 0.0, 0.00044504905584709397, 0.0002737719071979779, 0.0]","[300, 100, 300, 300, 300]","[300, 100, 100, 300, 300]","[0.0015836566024777592, 0.0020961323781376637, 0.0, 0.0017289212830606132, 0.000659640694960405]","[0.0, 0.003502410777142179, 0.0, 0.0005392333392058592, 0.00038553036702248]",,0.013272159278883632,0.017080101828670747,5.0,1.96
1b,50000,7610606,neural-fore,neural-main-oracle-bellman,-11.454923353512497,-11.464178108765406,-11.44896978656228,0.013970985476873195,-11.491561240300078,-11.436794977230734,1.0,-0.005953566950216427,-0.015208322203125846,0.16203827961942266,0.16203827961942266,0.02814124082651796,0.027913370161717334,0.007152001734541901,nan,nan,0.03679679044301834,10.796801358732331,12.53030497828817,46383.31958294379,nan,nan,nan,nan,nan,nan,nan,nan,nan,300.0,0.00013775207242901758,57.5349051913945,20000.0,1.0011992298386498,0.0,260.0,220.0,0.32547703780349113,0.3304753926612488,0.0006919269752024279,0.0006053511538952098,54.791547941789034,52.59372102501802,1.0010609772757113,1.0011794581137874,36664.610151213514,33934.74609159796,13.699681189722487,18.45298635462666,0.0,0.0,0.0,"[300, 300, 300, 300, 300]","[0.0, 0.000688760362145088, 0.0, 0.0, 0.0]","[300, 300, 100, 300, 300]","[300, 300, 100, 300, 100]","[0.0, 0.0006715904186271689, 0.0027880444573849705, 0.0, 0.0]","[0.0, 0.0, 0.0010468872507108354, 0.0, 0.0019798685187652136]",,0.013970985476873195,0.015191906376224145,5.0,1.96
1b,50000,7620606,neural-fore,neural-main-oracle-bellman,-11.450869519167632,-11.457649668591433,-11.44896978656228,0.013299147119571421,-11.483715996945794,-11.431583340237072,1.0,-0.0018997326053522556,-0.008679882029152708,0.13713545363593474,0.13713545363593474,0.02860343272083802,0.02904634790084526,0.00484519979982175,nan,nan,0.05029552326668023,10.75347011083113,12.868178489438346,46503.35316744491,nan,nan,nan,nan,nan,nan,nan,nan,nan,220.0,0.0007335927651132905,56.486008641123775,20000.0,0.999643409241022,0.0,300.0,220.0,0.3149156510945787,0.3288893599350843,0.00013010796750236552,0.0007734579070496624,62.49949710783549,55.29447927477304,0.9998654224052095,0.999273435380624,36819.88850478268,34390.99653262967,13.261887794301709,17.625580438970736,0.0,0.0,0.0,"[100, 300, 100, 300, 300]","[0.00029251794330071033, 0.0014321977457395403, 0.0003145332588803063, 0.0008141353345752173, 0.0008145795430706783]","[300, 300, 300, 300, 300]","[100, 300, 300, 100, 300]","[0.0, 0.0, 0.0, 0.00040177568956778655, 0.000248764147944041]","[0.0010956632220796628, 0.0011776230772908285, 0.00016259860225637562, 0.0010737885934016009, 0.0003576160402198444]",,0.013299147119571421,0.014632291938172056,5.0,1.96
1b,50000,7630606,neural-fore,neural-main-oracle-bellman,-11.431930057800782,-11.434974666047522,-11.44896978656228,0.013235255353073551,-11.460915766539546,-11.409033565555497,1.0,0.01703972876149784,0.013995120514758597,0.10819577194170567,0.10819577194170567,0.025519991682983335,0.02572601229626348,0.007646478622049153,nan,nan,0.03870548581331165,10.889183131927643,12.686679474961036,46390.578030311946,nan,nan,nan,nan,nan,nan,nan,nan,nan,260.0,0.00025884045788691353,53.71447683358565,20000.0,1.0012048127813815,0.0,300.0,260.0,0.3215714191253134,0.33021840515725465,0.000543098962615633,0.0008221145185890548,54.493608524976295,48.83314039120451,1.0010507590385935,1.0021111679175334,36484.92180759234,34051.82229657674,13.897664636494437,17.822935111008874,0.0,0.0,0.0,"[300, 100, 300, 300, 300]","[0.0, 0.0010281138226157273, 0.0, 0.0, 0.0002660884668188403]","[300, 300, 300, 300, 300]","[300, 100, 300, 300, 300]","[0.0007933816080273459, 0.0, 0.0, 0.00014043501052489414, 0.0017816781945259254]","[0.0, 0.0032175348384601747, 0.000725033143454531, 0.0001680046110305682, 0.0]",,0.013235255353073551,0.005450292027385938,5.0,1.96
1b,50000,7640606,neural-fore,neural-main-oracle-bellman,-11.439831263594984,-11.442140220600473,-11.44896978656228,0.012889767635222694,-11.46740416516551,-11.416876276035437,1.0,0.009138522967296225,0.006829565961806949,0.1508383355125343,0.1508383355125343,0.025592553800020984,0.025133660316180133,0.004651879405080713,nan,nan,0.04490132845046311,10.832761622136204,12.709071685372363,46446.315015166605,nan,nan,nan,nan,nan,nan,nan,nan,nan,220.0,3.791356118176939e-05,46.274530992121434,20000.0,1.0011768545074493,0.0,220.0,180.0,0.3145828665706407,0.32766779226708254,0.0007017147701613571,0.0009490834998267325,47.57485289196484,48.53228970016353,1.0013179701741306,1.001210402721736,36671.62433025231,34376.25497854614,13.75402168939813,18.06343579690822,0.0,0.0,0.0,"[100, 300, 100, 300, 300]","[8.156031203456603e-05, 0.0, 0.0, 0.0001080074938742809, 0.0]","[100, 300, 100, 300, 300]","[100, 100, 100, 300, 300]","[0.0020313452383894106, 2.988520434212043e-05, 0.0014473434080752546, 0.0, 0.0]","[0.0015863423621189205, 0.0009611915566933234, 0.0, 0.002047181202706544, 0.0001507023776148744]",,0.012889767635222694,0.014881742498369188,5.0,1.96
1b,50000,7650606,neural-fore,neural-main-oracle-bellman,-11.447218125392753,-11.457338675988968,-11.44896978656228,0.01241487961706967,-11.481671840038425,-11.43300551193951,1.0,0.0017516611695267414,-0.008368889426687787,0.16463674603536138,0.16463674603536138,0.035058239448813554,0.03480514061339527,0.008775124707446133,nan,nan,0.04403696379312969,10.872282435391973,13.215738742579346,46211.580574591855,nan,nan,nan,nan,nan,nan,nan,nan,nan,220.0,0.0002328482399134659,53.20947309152689,20000.0,1.0007132401288779,0.0,260.0,300.0,0.2713923364171169,0.28319580739769734,0.00024344480123162168,0.0005771513757800979,48.41594360056333,51.11882133281324,1.0007819035269268,1.00068868971815,36624.4784748937,33221.773284394134,14.69009715575216,19.623443426011715,0.0,0.0,0.0,"[300, 300, 100, 300, 100]","[0.0, 0.0, 0.0005656261840504344, 0.00016847714991983194, 0.00043013786559706324]","[300, 100, 300, 300, 300]","[300, 300, 300, 300, 300]","[0.0, 0.0006522561226488921, 0.0005649678835092163, 0.0, 0.0]","[0.0, 0.0021147274514639555, 0.0007387277385694581, 0.0, 3.230168886707631e-05]",,0.01241487961706967,0.00910628117835786,5.0,1.96
1b,50000,7660606,neural-fore,neural-main-oracle-bellman,-11.445761798555932,-11.454745866772997,-11.44896978656228,0.013172268990240751,-11.48056351399387,-11.428928219552125,1.0,0.0032079880063484723,-0.005776080210717183,0.15132573656070092,0.15132573656070092,0.02241174396787358,0.02128848881515213,0.008187788662696609,nan,nan,0.04408552813659584,10.945495534615409,12.759601882432804,46203.06134945,nan,nan,nan,nan,nan,nan,nan,nan,nan,260.0,0.00024099211894596976,56.363765875040556,20000.0,1.001044679831237,0.0,300.0,300.0,0.3207055359874443,0.32953847815152637,0.00023747727442352114,0.00028495051088177185,61.93588165040128,55.192085607582705,1.0009049540100805,1.0013636640785724,36690.64984654491,33988.177241150974,13.551172855948233,18.12770948025609,0.0,0.0,0.0,"[300, 300, 300, 300, 100]","[0.0006053195930947209, 0.0, 0.0, 0.0, 0.000599641001635128]","[300, 300, 300, 300, 300]","[300, 300, 300, 300, 300]","[0.0005009883961845879, 0.0, 0.0, 0.0, 0.0006863979759330177]","[0.0009222691535516543, 0.00027454682372735854, 0.0, 0.0, 0.0002279365771298464]",,0.013172268990240751,0.0129425594031895,5.0,1.96
1b,50000,7670606,neural-fore,neural-main-oracle-bellman,-11.464054177444511,-11.47479681122013,-11.44896978656228,0.012469256385796578,-11.499236553736292,-11.450357068703969,0.0,-0.015084390882231347,-0.025827024657850473,0.20768375885600782,0.20768375885600782,0.03186512136508578,0.031017356830881672,0.0073301084331828265,nan,nan,0.04527930951324895,11.021525737577454,13.025367560065598,46155.11882433068,nan,nan,nan,nan,nan,nan,nan,nan,nan,220.0,0.0006619120288725944,50.000808750628494,20000.0,0.9996415839167183,0.0,300.0,220.0,0.2700406097493175,0.28209367694345444,0.0007165807683903937,0.0006102213951360716,59.05769126643427,55.05844190770294,0.9995759861632877,0.9999634113683722,36534.24685976237,33834.93026906751,13.352787871312419,18.603897985867217,0.0,0.0,0.0,"[300, 100, 300, 300, 100]","[0.0, 0.0010526286106569665, 0.0, 0.0014183546305727326, 0.000838576903133273]","[300, 300, 300, 300, 300]","[300, 100, 300, 300, 100]","[1.7661948284844874e-05, 0.001261560589668836, 0.0, 0.00017693371726574278, 0.002126747586732545]","[0.0, 0.001438516894613855, 0.001053773851577603, 0.0, 0.0005588162294889002]",,0.012469256385796578,0.010180640118312744,5.0,1.96
1b,50000,7680606,neural-fore,neural-main-oracle-bellman,-11.416764281952826,-11.421457376367764,-11.44896978656228,0.013382149667034215,-11.447686389715152,-11.395228363020376,0.0,0.03220550460945404,0.027512410194516335,0.12198052376479969,0.12198052376479969,0.027735085608487687,0.026486634964875404,0.006007420811231527,nan,nan,0.0460390550190661,10.668665560130918,12.908883123069813,46574.6609704461,nan,nan,nan,nan,nan,nan,nan,nan,nan,300.0,0.0001084014263355333,62.91109024179168,20000.0,0.9990376744411114,0.0,300.0,300.0,0.3404550572727268,0.34605382281236974,0.00020354185387666144,0.00016758781951272463,56.16672827538569,59.466202184185384,0.9996541965220315,0.9984257858768457,36897.60290918449,34529.33600210033,13.032158584797424,17.585451107172748,0.0,0.0,0.0,"[300, 300, 300, 300, 300]","[0.0, 0.0, 0.0002851161166105257, 0.0, 0.00025689101506714087]","[300, 300, 300, 300, 300]","[300, 300, 300, 300, 300]","[0.0, 0.0, 0.0003041089510023773, 0.0007136003183809299, 0.0]","[0.0, 0.0004946517843439013, 0.00021529951602371254, 0.0, 0.00012798779719600924]",,0.013382149667034215,0.015403598641665815,5.0,1.96
1b,50000,7690606,neural-fore,neural-main-oracle-bellman,-11.44275099427263,-11.449770193622705,-11.44896978656228,0.013512576682571406,-11.476254843920545,-11.423285543324864,1.0,0.0062187922896495,-0.0008004070604243907,0.14537696749385462,0.14537696749385462,0.025398232394069985,0.023640576794329526,0.010359663399038014,nan,nan,0.04535808099993096,10.764607328445955,12.995780900328844,46392.6179250951,nan,nan,nan,nan,nan,nan,nan,nan,nan,260.0,0.00044971309673755955,58.03268708405085,20000.0,1.000463430361386,0.0,260.0,220.0,0.31485161149184027,0.3199522111513737,0.0005140143492856086,0.0003153992107439662,53.48621260814834,50.229947067028846,1.000601750841167,1.0010819821068537,36359.53352004399,33974.28099371362,14.606547340495002,18.05604788713778,0.0,0.0,0.0,"[300, 300, 100, 300, 300]","[0.0, 0.00045461856397271033, 0.0007346397186525699, 0.0010593072010625175, 0.0]","[300, 100, 300, 300, 300]","[100, 100, 300, 300, 300]","[0.0, 0.002570071746428043, 0.0, 0.0, 0.0]","[0.0013901482392584075, 0.0, 0.0, 0.0, 0.00018684781446142343]",,0.013512576682571406,0.012232909156678753,5.0,1.96
1b,50000,7700606,neural-fore,neural-main-oracle-bellman,-11.441866057659972,-11.449281075762203,-11.44896978656228,0.014024761512162798,-11.476769608326041,-11.421792543198364,1.0,0.0071037289023081485,-0.0003112891999226264,0.15386143813971895,0.15386143813971895,0.024614093917501762,0.02449968782126488,0.008585075771836077,nan,nan,0.04123483219680826,10.770281734630633,12.903127988375337,46395.63128454502,nan,nan,nan,nan,nan,nan,nan,nan,nan,300.0,0.00043234790169118865,64.03672117546667,20000.0,1.0011094233143882,0.0,260.0,260.0,0.33996251369803165,0.3396660452381593,0.0004832491498060265,0.0003385457152005852,59.38533559159841,68.16971870753915,1.0010830286880883,1.0005439443301594,36554.749412265235,34216.60718187124,13.70469450429531,17.922261930564275,0.0,0.0,0.0,"[300, 300, 300, 300, 300]","[0.0007341693550393755, 0.0, 0.00032557598224261476, 0.0009348897755798765, 0.00016710439559407668]","[100, 300, 300, 300, 300]","[300, 300, 100, 300, 300]","[0.0016314469136207092, 0.0, 0.0005341579616208697, 0.000250640873788554, 0.0]","[0.0, 0.0006458854406837056, 0.0004898477217247266, 0.0, 0.000556995413594494]",,0.014024761512162798,0.006249494519799644,5.0,1.96
1b,50000,7710606,neural-fore,neural-main-oracle-bellman,-11.458160632102848,-11.46169942163437,-11.44896978656228,0.012873361399903598,-11.48693120997818,-11.436467633290558,1.0,-0.009190845540567594,-0.012729635072089351,0.19516699114676053,0.19516699114676053,0.03304996366852074,0.03009667942593009,0.005142728347964593,nan,nan,0.03930536280299134,10.825748278079836,12.882322793270784,46350.06641964103,nan,nan,nan,nan,nan,nan,nan,nan,nan,300.0,0.00047767657156821833,61.94185369182378,20000.0,1.0001011211997783,0.0,260.0,180.0,0.2921882711280615,0.2943317352747893,0.0004105741219627043,0.0008327681814334178,61.536518149776384,48.18988383363467,1.0001040873658795,0.9999436010326027,36882.294275291744,33428.231636687946,13.310728019853006,19.281692043106244,0.0,0.0,0.0,"[300, 300, 300, 300, 300]","[0.0011335055949694935, 0.0001912760655428984, 0.0007850926577789531, 6.095294662403035e-05, 0.00021755559292571615]","[100, 300, 300, 300, 300]","[100, 300, 100, 300, 100]","[0.0017963151627898826, 0.00025655544702363854, 0.0, 0.0, 0.0]","[0.0016102629050121968, 0.0002005121775421798, 0.0015123837814676288, 0.00017160662138969703, 0.0006690754217553867]",,0.012873361399903598,0.015326769210551042,5.0,1.96
1b,50000,7720606,neural-fore,neural-main-oracle-bellman,-11.444597779831334,-11.447430628781893,-11.44896978656228,0.012862329429616006,-11.47264079446394,-11.422220463099846,1.0,0.004372006730946509,0.001539157780387157,0.11020705378877302,0.11020705378877302,0.01813010472455314,0.017821179626802502,0.007990686470298807,nan,nan,0.04196862935241772,10.92895046125129,12.653552564162027,46383.15755968996,nan,nan,nan,nan,nan,nan,nan,nan,nan,220.0,0.0008524534305230008,56.30075892496389,20000.0,1.000444167543911,0.0,260.0,220.0,0.30123967104046445,0.3135050607628179,0.00040962643845273,0.0007658768169761923,56.054415958584286,57.99987498326227,1.0006017397771085,1.0004591219546723,36455.277867211975,33592.28237172647,13.700467027411918,19.2199381335091,0.0,0.0,0.0,"[300, 100, 300, 300, 100]","[0.0, 0.0010294155243953536, 0.0019411204669646065, 0.0007111482864524824, 0.0005805828748025614]","[300, 100, 300, 300, 300]","[300, 100, 300, 100, 300]","[0.0, 0.00204813219226365, 0.0, 0.0, 0.0]","[0.0, 0.0016531811598338466, 0.000864588463079595, 0.00131161446196752, 0.0]",,0.012862329429616006,0.012842504162602304,5.0,1.96
1b,50000,7730606,neural-fore,neural-main-oracle-bellman,-11.429472849554154,-11.435322410077847,-11.44896978656228,0.013457995069554812,-11.461700080414174,-11.40894473974152,1.0,0.01949693700812638,0.013647376484433593,0.18136572781352597,0.18136572781352597,0.03140884283911097,0.03040981294506006,0.007600146693562299,nan,nan,0.04228205456387629,10.903502870025997,12.473073739312978,46294.15585798841,nan,nan,nan,nan,nan,nan,nan,nan,nan,260.0,0.0002766235479953251,54.90084646737669,20000.0,1.0006664384437478,0.0,180.0,220.0,0.33413814872076814,0.34440880328761037,0.0006781650904830278,0.0007725857901574676,52.45218617508654,51.18825768334791,1.0002248101654718,1.0013034447114681,36632.96891461088,34106.317373371654,13.708101073399678,18.28894384669257,0.0,0.0,0.0,"[300, 300, 300, 300, 100]","[0.0, 0.00016261776341813423, 0.0, 0.0, 0.0012204999765584913]","[300, 100, 100, 100, 300]","[300, 100, 100, 300, 300]","[0.0, 0.0013852625275205927, 0.0011878458340722972, 0.000817717090822249, 0.0]","[0.0003007739797462897, 0.001099162402255761, 0.002342918021935822, 0.0, 0.00012007454684946541]",,0.013457995069554812,0.01583483457516965,5.0,1.96
1b,50000,7740606,neural-fore,neural-main-oracle-bellman,-11.43352338780688,-11.442782585177607,-11.44896978656228,0.013148685317632509,-11.468554008400167,-11.417011161955047,1.0,0.015446398755400992,0.006187201384673102,0.2142951564704571,0.2142951564704571,0.029392580103781325,0.028916787056012205,0.006098822454929812,nan,nan,0.050000739973872874,10.772750347258714,12.912505183065628,46526.53528678782,nan,nan,nan,nan,nan,nan,nan,nan,nan,220.0,0.0011546585660541769,53.35786906657741,20000.0,1.0008327427495192,0.0,260.0,140.0,0.30400164559421816,0.3151319116927404,0.0006861263546187675,0.0006747367710550961,54.54470990805421,42.56794369993732,1.0004721205252183,1.0014390821473065,37054.625321141735,33810.57356394209,13.140512964488588,19.235825241263473,0.0,0.0,0.0,"[300, 100, 100, 300, 300]","[0.0032220280188576915, 0.0, 0.001708558297244546, 0.00046255948758060775, 0.00038014702658804]","[300, 300, 300, 100, 300]","[300, 100, 100, 100, 100]","[0.0008871038135089126, 0.0009211857588801536, 0.00042519012287603035, 0.0005256930377866458, 0.0006714590400420953]","[0.0, 0.00034863748271901694, 0.0011934416371618595, 0.0007972298761153936, 0.0010343748592792107]",,0.013148685317632509,0.010122165787146625,5.0,1.96
1b,50000,7750606,neural-fore,neural-main-oracle-bellman,-11.449386223488794,-11.4540252291693,-11.44896978656228,0.01314871817716313,-11.47979671679654,-11.42825374154206,1.0,-0.0004164369265140522,-0.005055442607019955,0.23384770710611216,0.23384770710611216,0.02685934784850677,0.02700984653760057,0.006414288204484494,nan,nan,0.03756763123722941,10.99519433702747,12.74981867300434,46220.47301154349,nan,nan,nan,nan,nan,nan,nan,nan,nan,300.0,0.00013993733391368183,58.86330749967601,20000.0,1.0008405039972774,0.0,300.0,260.0,0.3141238165506399,0.323014071146987,0.0005065435751400981,0.0006010313421571295,59.02240777495317,54.48278103279881,1.0009202712123493,1.0010157715041539,36428.331969299485,34107.66401561412,14.014841122754953,17.8681407277238,0.0,0.0,0.0,"[300, 300, 300, 300, 300]","[0.0, 0.0, 0.0006996866695684092, 0.0, 0.0]","[300, 300, 300, 300, 300]","[300, 300, 100, 300, 300]","[0.0008164595069806142, 0.00019352447382747345, 0.0, 0.0, 0.0015227338948924029]","[0.00012689045743693558, 0.00023246346157856636, 0.0018731103094026418, 2.5229774826810336e-05, 0.0007474627075406935]",,0.01314871817716313,0.010982576541905856,5.0,1.96
1b,50000,7760606,neural-fore,neural-main-oracle-bellman,-11.443263407013786,-11.44733302811462,-11.44896978656228,0.013277751101198212,-11.473357420272968,-11.421308635956272,1.0,0.005706379548493956,0.0016367584476597585,0.11939601109353506,0.11939601109353506,0.026763764825985727,0.02654285115840163,0.006318943078183071,nan,nan,0.037770723414565596,10.897364789346105,12.894585802482188,46321.82626033262,nan,nan,nan,nan,nan,nan,nan,nan,nan,300.0,0.0006320999906249167,67.91944627498742,20000.0,1.0003695587631922,0.0,220.0,260.0,0.30806632881165225,0.3115757030578188,0.0008725493892142317,0.00024106313564200383,48.88698446629569,52.32032483308576,1.0012030677281516,0.9995424135165962,36496.469184278874,34023.14775656747,14.17151945284986,18.16615813246272,0.0,0.0,0.0,"[300, 300, 300, 300, 300]","[0.0009573569319825826, 0.0010807126413124436, 0.0, 0.0010936096685317189, 2.882071129783896e-05]","[300, 100, 300, 100, 300]","[300, 300, 300, 100, 300]","[0.0, 0.002748377975718081, 1.4018935732431668e-05, 0.0016003500346206457, 0.0]","[0.0, 9.420628428094626e-05, 0.0, 0.0011111093939290728, 0.0]",,0.013277751101198212,0.0068998195118879484,5.0,1.96
1b,50000,7770606,neural-fore,neural-main-oracle-bellman,-11.456929384674497,-11.465765821449505,-11.44896978656228,0.012967631549809693,-11.491182379287132,-11.440349263611878,1.0,-0.007959598112217137,-0.01679603488722492,0.22140853953202883,0.22140853953202883,0.04024152157145723,0.03771340477828359,0.006587299500158874,nan,nan,0.05755227075002962,10.791195379469794,12.735580493932886,46387.68071105286,nan,nan,nan,nan,nan,nan,nan,nan,nan,180.0,0.0007011570315768036,47.787909316737206,20000.0,0.9998218704148176,0.0,260.0,260.0,0.2957191700023921,0.3054437183659436,0.0008265949267090452,0.0005966836821447127,49.40926051721908,49.287723882845604,0.9994857094243956,0.9997095347492253,36770.2337556354,33485.61972119582,13.769077466011964,19.358750686881585,0.0,0.0,0.0,"[100, 300, 100, 100, 300]","[0.00033144223780855794, 4.843682592145022e-05, 0.001679496239778651, 0.0007323039142821706, 0.0007141059400931883]","[300, 300, 300, 100, 300]","[300, 300, 100, 300, 300]","[0.0007246999755190482, 0.0, 0.0010516831291351083, 0.0019522839219043163, 0.0004043076069867529]","[0.0, 0.0009207817362314671, 0.0007705417000115323, 0.0012920949744805639, 0.0]",,0.012967631549809693,0.014298701184745872,5.0,1.96
1b,50000,7780606,neural-fore,neural-main-oracle-bellman,-11.432195466842298,-11.436608694397949,-11.44896978656228,0.013661402017141321,-11.463385042351545,-11.409832346444352,1.0,0.01677431971998189,0.012361092164331566,0.1481557530175454,0.1481557530175454,0.02536092363911639,0.02258076072833618,0.006991755581867473,nan,nan,0.043050748151898265,10.756847617480648,12.565578353248986,46520.26960571743,nan,nan,nan,nan,nan,nan,nan,nan,nan,260.0,0.0002679370507010994,51.457756700040775,20000.0,1.000547670928883,0.0,220.0,220.0,0.34288479080154577,0.35007730552719807,0.0005367010146435935,0.000307152120154652,51.65177123385947,43.645598957990295,1.000134711097446,1.0001728704250739,36527.998805766954,34492.69702143714,14.042123185012946,17.65343438416941,0.0,0.0,0.0,"[100, 300, 300, 300, 300]","[0.0004426007544454501, 0.0, 2.7030938296933088e-05, 0.0004963019562926852, 0.00037375160447042854]","[300, 300, 100, 100, 300]","[300, 300, 100, 300, 100]","[0.00011363110235201122, 0.0, 0.0008554360787759403, 0.0014850993462228385, 0.00022933854586717784]","[0.0, 0.0, 0.0012476484844163222, 0.0, 0.0002881121163569378]",,0.013661402017141321,0.00925760379444225,5.0,1.96
1b,50000,7790606,neural-fore,neural-main-oracle-bellman,-11.45226606850104,-11.459718876222205,-11.44896978656228,0.013381647388956622,-11.48594690510456,-11.433490847339849,1.0,-0.0032962819387591935,-0.010749089659924493,0.2318183361755426,0.2318183361755426,0.03212534831662967,0.029705942100932442,0.0072534882070402675,nan,nan,0.037259199928178104,10.909509516287404,12.715567420215208,46179.54463393903,nan,nan,nan,nan,nan,nan,nan,nan,nan,300.0,5.526429596360864e-05,55.93103047462646,20000.0,1.0005227704838997,0.0,300.0,260.0,0.3162256186547253,0.32274306882514453,3.158462395472786e-06,0.00019005357344710158,54.15588750813622,50.758155433437786,1.0003844147398457,1.0014482356845085,36183.62430875395,33955.38479136846,14.058784285318875,18.54932320937877,0.0,0.0,0.0,"[300, 300, 300, 300, 300]","[0.0, 0.0, 0.0002763214798180432, 0.0, 0.0]","[300, 300, 300, 300, 300]","[300, 300, 300, 300, 100]","[1.579231197736393e-05, 0.0, 0.0, 0.0, 0.0]","[0.0, 0.00041348991364892367, 0.0, 0.00016765623436886928, 0.00036912171921771493]",,0.013381647388956622,0.02047579402888995,5.0,1.96
1b,50000,7800606,neural-fore,neural-main-oracle-bellman,-11.457798397547116,-11.46366291118553,-11.44896978656228,0.012899508068505922,-11.488945946999802,-11.438379875371258,1.0,-0.00882861098483545,-0.014693124623249787,0.21063511512789254,0.21063511512789254,0.03065989254349854,0.02934043425233307,0.008810346336490088,nan,nan,0.04608840426245057,10.9141703330498,12.769975633002245,46303.29900450067,nan,nan,nan,nan,nan,nan,nan,nan,nan,260.0,0.00014626561239069444,52.833414524840194,20000.0,1.00024792376717,0.0,260.0,220.0,0.2875430733948702,0.3011137798413862,0.0005344017777075585,0.001216953555088935,53.557048783591014,41.92427551678848,1.0002984143425433,0.9995644279396849,35976.37086412225,33503.01696399463,15.218662796599068,19.11213589952368,0.0,0.0,0.0,"[300, 300, 300, 100, 300]","[0.0, 0.0, 0.00022153841907470654, 0.00024811585919638015, 0.0002616737836823854]","[300, 300, 300, 100, 300]","[300, 300, 300, 100, 100]","[0.0, 0.0014812678757435498, 6.453753572543256e-05, 0.0010526835946292176, 7.351988243959261e-05]","[0.0008107984735344711, 0.0033013990859833775, 0.0, 0.0006094295121619356, 0.0013631407037648902]",,0.012899508068505922,0.012963848467375827,5.0,1.96
1b,50000,7810606,neural-fore,neural-main-oracle-bellman,-11.462760666207974,-11.465093636254952,-11.44896978656228,0.013088632747151508,-11.49074735643937,-11.439439916070535,1.0,-0.013790879645693366,-0.01612384969267211,0.16211013383529896,0.16211013383529896,0.03246543298932794,0.0320367217777505,0.005905678421500952,nan,nan,0.04339182761219714,10.92240952058916,12.632674649299325,46310.24306639634,nan,nan,nan,nan,nan,nan,nan,nan,nan,300.0,0.0,64.75375318315346,20000.0,1.0014324945384172,0.0,220.0,140.0,0.30530114703761113,0.31575149914915934,0.0007897906091531867,0.0017410442784873386,48.25112948329188,40.38731665003579,1.0013435935210977,1.0013722963703293,36588.08485674109,34239.27152119677,13.38827267613745,17.89972401630557,0.0,0.0,0.0,"[300, 300, 300, 300, 300]","[0.0, 0.0, 0.0, 0.0, 0.0]","[300, 100, 300, 300, 100]","[100, 100, 100, 100, 300]","[0.0014356893405988857, 0.00020821814191603625, 0.0006710195119359751, 0.0, 0.0016340260513150369]","[0.004516824250546137, 0.0007276978696599075, 0.0003820252248231727, 0.00032333210892532033, 0.0027553419384821567]",,0.013088632747151508,0.008331644472676385,5.0,1.96
1b,50000,7820606,neural-fore,neural-main-oracle-bellman,-11.418454220285653,-11.421898264545572,-11.44896978656228,0.012960807087784196,-11.44730144643763,-11.396495082653514,0.0,0.03051556627662677,0.02707152201670837,0.15737779466216847,0.15737779466216847,0.034407866005999904,0.03450504994311894,0.006978761542261827,nan,nan,0.04024213559026273,10.887029579883812,12.691154820101051,46407.73654119985,nan,nan,nan,nan,nan,nan,nan,nan,nan,260.0,0.00041994951202611934,51.30451320039574,20000.0,0.9990224620466032,0.0,260.0,260.0,0.32407469118479276,0.3354498497723642,0.0009057866210208368,0.0006572517530613473,53.664845425309615,54.2249670582125,0.9986592650497139,0.9991270141955347,36840.58733052205,34133.83863048548,12.898544588218064,18.209922675080357,0.0,0.0,0.0,"[300, 300, 300, 100, 300]","[0.0004616026058986935, 0.00016580854382737477, 0.0003764996406074231, 0.0010958367697971054, 0.0]","[100, 300, 300, 300, 300]","[100, 300, 300, 300, 300]","[0.001460442598474171, 0.0, 0.0014181783246374666, 0.0011202213234409947, 0.0005300908585515516]","[0.001621038486782, 0.0, 0.00040932924001797457, 0.0, 0.001255891038506762]",,0.012960807087784196,0.006929241426577418,5.0,1.96
1b,50000,7830606,neural-fore,neural-main-oracle-bellman,-11.427478990975217,-11.432440005772468,-11.44896978656228,0.013037880241446425,-11.457994251045703,-11.406885760499234,1.0,0.021490795587062905,0.01652978078981171,0.2370693391565429,0.2370693391565429,0.03296670471959048,0.03229463375920941,0.007481318500143635,nan,nan,0.045747161524923176,10.813632984793248,13.058535537650046,46266.89851812269,nan,nan,nan,nan,nan,nan,nan,nan,nan,260.0,0.00016881090526243877,52.279124724911526,20000.0,1.000187301594004,0.0,260.0,220.0,0.29522434548366927,0.30263381143510487,0.0005896153755906219,0.0005126699964079229,53.15289115018677,42.831258033029734,1.0003820564814547,0.9998132815566929,36403.090424722584,33784.88180713901,14.541294487503558,18.97436680419985,0.0,0.0,0.0,"[300, 300, 300, 100, 300]","[0.0, 0.00014034990533984428, 0.0005248124032762909, 0.0001235597730458108, 5.5332444650247894e-05]","[300, 300, 300, 300, 100]","[100, 300, 300, 300, 100]","[0.0, 0.0005468921686872677, 0.0, 0.0006414748878275688, 0.0017597098214382728]","[0.0019432985549519197, 0.0, 0.0, 0.00016423805720502255, 0.0004558133698826717]",,0.013037880241446425,0.007289516720742294,5.0,1.96
1b,50000,7840606,neural-fore,neural-main-oracle-bellman,-11.434627249753786,-11.439714149410268,-11.44896978656228,0.013936859447281702,-11.46703039392694,-11.412397904893595,1.0,0.014342536808493733,0.009255637152012497,0.18052547061823176,0.18052547061823176,0.02735325661399423,0.026637946394267375,0.010349757682392928,nan,nan,0.046786680600504775,10.711680493259486,13.511856585866779,46196.04549815173,nan,nan,nan,nan,nan,nan,nan,nan,nan,180.0,0.0008948920463473949,46.70960225835442,20000.0,1.0010826906408892,0.0,260.0,220.0,0.30765740108892403,0.31717631227896287,0.00041011624373815816,0.0005767314445490017,46.365666317217986,46.33338688318618,1.0011551969764532,1.0012629802600852,35646.4695126903,33412.816735111395,16.896953355677805,19.903485025774895,0.0,0.0,0.0,"[100, 100, 300, 300, 100]","[0.00021959021619948055, 0.0027041659638472318, 0.0009398198200817932, 0.0, 0.0006108842316084695]","[300, 300, 300, 300, 100]","[100, 300, 300, 300, 100]","[0.00029724134889152343, 0.0, 0.0, 0.0002196870127090554, 0.0015336528570902119]","[0.00167188283718438, 0.0, 0.0, 0.0001861175330992837, 0.0010256568524613448]",,0.013936859447281702,0.012590608446212334,5.0,1.96
1b,50000,7850606,neural-fore,neural-main-oracle-bellman,-11.459759038912477,-11.465816542586905,-11.44896978656228,0.013395076919765688,-11.492070893349647,-11.439562191824164,1.0,-0.010789252350196676,-0.016846756024625265,0.13329908221526576,0.13329908221526576,0.025279945383242203,0.02543449463761687,0.005687157898871923,nan,nan,0.03717957822226874,10.820601277280643,12.822588956195974,46274.44350742311,nan,nan,nan,nan,nan,nan,nan,nan,nan,220.0,0.0006081166950168157,45.72165236682631,20000.0,1.0005823764183557,0.0,260.0,300.0,0.29639157381319736,0.30285090934781056,0.00042866538060082305,0.0006577681160806194,52.22759999174159,52.00017709142994,1.0006662179432113,1.0006738162520281,36387.00500337318,33683.30358001867,13.741294493608734,19.515322262401124,0.0,0.0,0.0,"[300, 100, 300, 100, 300]","[0.00035769602754803976, 0.000716360428095476, 0.0, 0.0006803094983553351, 0.0012862175210852276]","[300, 100, 300, 300, 300]","[300, 300, 300, 300, 300]","[0.0, 0.0020357654105906025, 0.0, 0.0, 0.00010756149241351255]","[0.0021094589707602754, 0.0, 5.008083518921025e-05, 0.0008820349962793981, 0.0002472657781742129]",,0.013395076919765688,0.011543952705144682,5.0,1.96
