example_id,n,seed,ratio_mode,nuisance_method,plugin_estimate,if_estimate,truth,estimated_se,ci_lower,ci_upper,covered,plugin_error,if_error,reward_rmse,reward_rmse_grid,reward_rmse_stationary,reward_rmse_rho_weighted,bellman_residual_rmse,q_nu_bellman_rmse,q_eval_bellman_rmse,ratio_q01,ratio_q50,ratio_q99,weight_ess,pi0_action0_q01,pi0_action0_q50,pi0_action0_q99,pi_ratio_q01,pi_ratio_q50,pi_ratio_q99,nu_ratio_q01,nu_ratio_q50,nu_ratio_q99,fore_selected_iterations,fore_apbv_score,fore_fit_seconds,fore_training_rows,fore_normalized_mass,fore_logit_cap_fraction,signed_positive_iterations,signed_negative_iterations,signed_positive_mass,signed_negative_mass,signed_positive_apbv_score,signed_negative_apbv_score,signed_positive_fit_seconds,signed_negative_fit_seconds,signed_positive_normalized_mass,signed_negative_normalized_mass,signed_positive_ess,signed_negative_ess,signed_positive_ratio_q99,signed_negative_ratio_q99,signed_positive_logit_cap_fraction,signed_negative_logit_cap_fraction,ratio_failure,fore_selected_iterations_by_fold,fore_apbv_scores_by_fold,signed_positive_iterations_by_fold,signed_negative_iterations_by_fold,signed_positive_apbv_scores_by_fold,signed_negative_apbv_scores_by_fold,failure_message,iid_estimated_se,fold_cluster_estimated_se,crossfit_fold_count,ci_critical_value
1b,25000,2435606,neural-fore,neural-main-oracle-bellman,-11.45282942351456,-11.460975882212706,-11.44896978656228,0.01924503731562716,-11.498696155351334,-11.423255609074078,1.0,-0.0038596369522796437,-0.012006095650425763,0.2328089724445479,0.2328089724445479,0.0419282020675535,0.041907766200840316,0.010287101064092398,nan,nan,0.046967167361683874,10.922744680263943,13.0782331966245,23077.86693762953,nan,nan,nan,nan,nan,nan,nan,nan,nan,260.0,2.4066660870086364e-05,36.18681744142668,20000.0,1.0,0.0,260.0,300.0,0.3182347656146113,0.3251090866288265,0.0005645651378292099,0.0001335280663247016,36.169536858412904,38.52702597460011,1.0,1.0,18119.707051763842,17211.7565568019,14.003021479101125,17.386238061347253,0.0,0.0,0.0,"[300, 300, 300, 100, 300]","[0.0, 0.0, 5.611893185412213e-07, 0.00011977211503189059, 0.0]","[300, 100, 300, 300, 300]","[300, 300, 300, 300, 300]","[0.0, 0.00103046758393553, 0.0, 0.0014584193655119279, 0.0003339387396985918]","[0.0, 0.0006675442554481696, 9.607617533836626e-08, 0.0, 0.0]",,0.01924503731562716,0.00791400433512175,5.0,1.96
1b,25000,2445606,neural-fore,neural-main-oracle-bellman,-11.450004284982935,-11.463190605415301,-11.44896978656228,0.01945093866952249,-11.501314445207566,-11.425066765623036,1.0,-0.001034498420654728,-0.014220818853020845,0.2527989583444835,0.2527989583444835,0.045920257756368266,0.045393416193611744,0.007014977967183809,nan,nan,0.046425800488329234,10.754495771015264,12.565085565914753,23264.4685730335,nan,nan,nan,nan,nan,nan,nan,nan,nan,260.0,0.000602443741856226,36.26063490899978,20000.0,1.0,0.0,260.0,180.0,0.3355265095724215,0.34437714874292114,0.000594092255498804,0.0008012760042710148,35.52578769999091,30.771093783550896,1.0,1.0,18538.8292376214,17398.81136195772,13.095100454875318,17.74606111887608,0.0,0.0,0.0,"[300, 300, 300, 300, 100]","[0.0, 0.00013607077069277088, 0.0007430170279087334, 0.00012031506459498161, 0.002012815846084644]","[300, 100, 300, 300, 300]","[100, 100, 100, 300, 300]","[0.0, 0.0018550585154812652, 0.0010268138498836135, 0.0, 8.858891212914131e-05]","[0.0009003359424941959, 0.0006089780264051242, 0.0018673631943858565, 0.0, 0.0006297028580698979]",,0.01945093866952249,0.01887251722635201,5.0,1.96
1b,25000,2455606,neural-fore,neural-main-oracle-bellman,-11.41141717607452,-11.422381756325375,-11.44896978656228,0.019577038276428548,-11.460752751347176,-11.384010761303575,1.0,0.03755261048775971,0.026588030236904814,0.29927784156818554,0.29927784156818554,0.04974986051493134,0.04978647386180385,0.010088871374429313,nan,nan,0.04161236913198189,10.756005541811811,12.728147083054592,23244.44708060782,nan,nan,nan,nan,nan,nan,nan,nan,nan,300.0,0.00024265306935023875,39.463933341612574,20000.0,1.0,0.0,180.0,180.0,0.36834371377052133,0.37803785089944425,0.00100664026693884,0.0015565917232515571,30.300511300365905,30.53752801680239,1.0,1.0,18388.525581379254,17293.2567190716,13.758285588539087,17.321756216301388,0.0,0.0,0.0,"[300, 300, 300, 300, 300]","[0.0, 0.0007299076134651345, 0.0, 0.0004833577332860593, 0.0]","[300, 300, 100, 100, 100]","[300, 300, 100, 100, 100]","[0.0, 0.00047487828659647987, 0.0012088711081590098, 0.0012484892214827037, 0.0021009627184560065]","[0.0, 0.0006062146679128288, 0.00440302378560995, 0.0009778094564272825, 0.0017959107063077232]",,0.019577038276428548,0.023737252176306838,5.0,1.96
1b,25000,2465606,neural-fore,neural-main-oracle-bellman,-11.48063832942531,-11.49527961247631,-11.44896978656228,0.01816054320339274,-11.53087427715496,-11.45968494779766,0.0,-0.031668542863029,-0.046309825914029545,0.2002727015103721,0.2002727015103721,0.03933010283627999,0.03822077468203706,0.0067719208367194965,nan,nan,0.042809224333693274,10.93215378736365,12.822682394122307,23131.584483277067,nan,nan,nan,nan,nan,nan,nan,nan,nan,260.0,0.00021664586241102674,36.40763685042039,20000.0,1.0,0.0,260.0,260.0,0.2796724927368983,0.28893565556590073,0.0005272421385476588,0.00044809246519357456,36.608655849774365,35.87122624181211,1.0,1.0,18390.156009818063,16805.438233584042,13.541388081628975,19.28600601693792,0.0,0.0,0.0,"[300, 100, 300, 300, 300]","[0.0, 0.0003905904087200404, 0.0004530716313686612, 0.00023956727196643206, 0.0]","[300, 100, 300, 300, 300]","[300, 300, 300, 100, 300]","[0.00046591658824308394, 0.0015046450184593146, 0.0006656490860358958, 0.0, 0.0]","[0.0, 0.0005646978663021512, 0.0, 0.0009180323379649562, 0.0007577321217007654]",,0.01816054320339274,0.01982480885017054,5.0,1.96
1b,25000,2475606,neural-fore,neural-main-oracle-bellman,-11.428337022658651,-11.4395746528628,-11.44896978656228,0.020644452009052988,-11.480037778800545,-11.399111526925056,1.0,0.020632763903629225,0.00939513369947953,0.28592051536421637,0.28592051536421637,0.04658318249442262,0.04524260262933766,0.007555704348954594,nan,nan,0.046793876753605114,10.675617412329363,12.746661669337822,23271.46498309345,nan,nan,nan,nan,nan,nan,nan,nan,nan,260.0,0.0006770553490977959,36.79983496697387,20000.0,1.0,0.0,180.0,140.0,0.3919240212311564,0.39847887686677724,0.0011907053843391493,0.0008046304066015879,29.990635524177925,27.203231316979508,1.0,1.0,18402.188688526752,17410.33201891507,13.783271110117933,17.01297107874726,0.0,0.0,0.0,"[300, 100, 300, 300, 300]","[0.00023619667370144566, 0.002441055166655526, 0.0007080249051320082, 0.0, 0.0]","[300, 100, 100, 100, 300]","[300, 100, 100, 100, 100]","[0.0, 0.0012080273923559665, 0.0013834796948924014, 0.0033620198344473788, 0.0]","[0.001144643232506234, 0.001349822815398245, 0.00044427575552871457, 0.00017150302843848425, 0.0009129072011362619]",,0.020644452009052988,0.011059811847780031,5.0,1.96
1b,25000,2485606,neural-fore,neural-main-oracle-bellman,-11.427385320466515,-11.436765097538245,-11.44896978656228,0.019127978396820337,-11.474255935196013,-11.399274259880478,1.0,0.021584466095765364,0.01220468902403482,0.19138352680642062,0.19138352680642062,0.03692172408154239,0.036580981996715306,0.007116158769454288,nan,nan,0.052394519362532,10.717996749071638,12.817844590816344,23210.69633388514,nan,nan,nan,nan,nan,nan,nan,nan,nan,180.0,0.0005740435098745727,30.74804512443952,20000.0,1.0,0.0,260.0,300.0,0.34446643267681326,0.3600852226928283,0.0004083107168153451,0.0007655427546673412,35.86699290021788,39.409258850244804,1.0,1.0,18264.981883305893,17085.97202808249,13.616594231893103,17.80916063577319,0.0,0.0,0.0,"[100, 300, 100, 100, 300]","[0.001245777056540349, 4.655950332746692e-05, 0.0009037071336958695, 0.0006741738558091782, 0.0]","[300, 100, 300, 300, 300]","[300, 300, 300, 300, 300]","[0.0016499175987075467, 0.0, 0.0, 0.0, 0.00039163598536917865]","[0.0006551440778375119, 0.0, 0.0017384798489076198, 0.0010392060973240832, 0.0003948837492674915]",,0.019127978396820337,0.014455339671669133,5.0,1.96
1b,25000,2495606,neural-fore,neural-main-oracle-bellman,-11.416838715939896,-11.421558058646333,-11.44896978656228,0.019356205030301638,-11.459496220505724,-11.383619896786943,1.0,0.03213107062238407,0.027411727915946926,0.3889000684687188,0.3889000684687188,0.039405610085148604,0.038189344424038284,0.006835087125064728,nan,nan,0.047238569377779815,10.780141692655057,12.77794637396926,23291.95662173538,nan,nan,nan,nan,nan,nan,nan,nan,nan,220.0,0.0006835482445898526,33.95612823336851,20000.0,1.0,0.0,300.0,260.0,0.36410194618517233,0.38249402612530375,0.0,0.0006033886570586154,39.40493408340262,35.74293700760463,1.0,1.0,18410.74840418033,17386.365774278278,13.284003067707918,17.272423460335645,0.0,0.0,0.0,"[300, 300, 100, 300, 100]","[0.0, 8.715869016640853e-05, 0.0012887633960144335, 0.0015457631053173238, 0.0004960560314510974]","[300, 300, 300, 300, 300]","[100, 300, 300, 300, 300]","[0.0, 0.0, 0.0, 0.0, 0.0]","[0.0017645481820289057, 0.001252395103264171, 0.0, 0.0, 0.0]",,0.019356205030301638,0.019701596199935147,5.0,1.96
1b,25000,2505606,neural-fore,neural-main-oracle-bellman,-11.445504366525153,-11.457458994499635,-11.44896978656228,0.01851489761556855,-11.49374819382615,-11.421169795173121,1.0,0.0034654200371271315,-0.008489207937355303,0.24915236272936747,0.24915236272936747,0.03274081708895641,0.031409106147169075,0.005694979324464612,nan,nan,0.04465189254600388,10.99415476310217,12.690348463516656,23128.18845711702,nan,nan,nan,nan,nan,nan,nan,nan,nan,220.0,0.0003200411099252524,33.67441504984163,20000.0,1.0,0.0,220.0,260.0,0.3118666888953734,0.3244163941352745,0.0014884295056202088,0.0006407354810293766,33.53486330016749,36.280267658212686,1.0,1.0,18214.334241423167,16932.351022356874,14.243576086221873,18.27278356864266,0.0,0.0,0.0,"[100, 100, 300, 300, 300]","[0.0006603708119737899, 0.00048021542408346847, 0.0, 0.00045961931356900364, 0.0]","[300, 100, 300, 300, 100]","[300, 300, 300, 300, 100]","[0.0, 0.0030475737915410957, 0.001384361849149159, 0.0013188894958692085, 0.0016913223915415799]","[0.0005197099341966963, 0.0010537678671505503, 0.0, 0.0, 0.0016301996037996365]",,0.01851489761556855,0.019968342173511858,5.0,1.96
1b,25000,2515606,neural-fore,neural-main-oracle-bellman,-11.446169287789742,-11.463507769677856,-11.44896978656228,0.018334423059114414,-11.49944323887372,-11.427572300481991,1.0,0.0028004987725385178,-0.014537983115575415,0.18175954281525827,0.18175954281525827,0.032290399284429776,0.031507402810665275,0.0066691994679287095,nan,nan,0.04407196784623507,10.924852321991509,12.8390383563144,23159.032492925973,nan,nan,nan,nan,nan,nan,nan,nan,nan,260.0,0.0003307266450956269,38.63772269160254,20000.0,1.0,0.0,140.0,220.0,0.2937401652463497,0.30195604413141675,0.0025878133677464696,0.00090467468314373,27.755367166432553,33.85392698358046,1.0,1.0,18095.429428869793,17027.713999529973,15.066866857289856,18.253890540684907,0.0,0.0,0.0,"[300, 300, 100, 300, 300]","[0.0, 0.0, 0.0016536332254781345, 0.0, 0.0]","[100, 100, 300, 100, 100]","[300, 100, 300, 100, 300]","[0.0017863094093132261, 0.005224384994406385, 0.0, 0.004045077614958125, 0.0018832948200546138]","[0.0, 0.0010790942783069734, 0.0010113977102491384, 0.0017638112617800099, 0.0006690701653825285]",,0.018334423059114414,0.020232461543135762,5.0,1.96
1b,25000,2525606,neural-fore,neural-main-oracle-bellman,-11.452485055487639,-11.46992087325804,-11.44896978656228,0.01939780671559371,-11.507940574420603,-11.431901172095477,1.0,-0.0035152689253585834,-0.02095108669576007,0.38456413822948055,0.38456413822948055,0.06283384092016815,0.06302685040409371,0.017851813764004642,nan,nan,0.045328159117699454,10.856415045076382,13.234226908801606,22978.44728195552,nan,nan,nan,nan,nan,nan,nan,nan,nan,260.0,0.00040749110230823925,40.079840825195426,20000.0,1.0,0.0,180.0,220.0,0.2930951231499619,0.29779805528023895,0.0009841752141047885,0.001086932880311889,33.570161400199865,37.134757317171896,1.0000000000000002,1.0,18062.996080347122,16683.356397124942,14.311529505057305,18.979861455112122,0.0,0.0,0.0,"[300, 300, 300, 100, 300]","[0.0, 0.00028420024953077215, 0.0, 0.0011941253506414476, 0.0005591299113689762]","[100, 100, 300, 100, 300]","[300, 100, 300, 100, 300]","[0.0023286365546003524, 0.0003206550108222463, 0.0, 0.002209076796574388, 6.250770852695549e-05]","[0.0014197443882948706, 0.0011774856679567858, 0.0, 0.0023998666457918445, 0.0004375676995159445]",,0.01939780671559371,0.0222041782376212,5.0,1.96
1b,25000,2535606,neural-fore,neural-main-oracle-bellman,-11.452511469872654,-11.466106531363181,-11.44896978656228,0.019267049094502726,-11.503869947588406,-11.428343115137956,1.0,-0.0035416833103738554,-0.01713674480090077,0.40726382109351517,0.40726382109351517,0.04039702048329018,0.04034111577072103,0.009243807799813663,nan,nan,0.04304710888013537,10.753488598539317,12.80439082420329,23150.68667445239,nan,nan,nan,nan,nan,nan,nan,nan,nan,220.0,0.0005210343110181575,37.13185672521358,20000.0,1.0,0.0,260.0,220.0,0.3252163444017226,0.3329588541992169,0.001112373279385527,0.001191264090080164,39.69145970821846,37.20279827499762,1.0,1.0,18340.256085100293,16922.174493184437,13.534944789065104,18.343501181142745,0.0,0.0,0.0,"[100, 300, 100, 300, 300]","[0.0013797782918556442, 0.0, 0.0006921287894181721, 0.0, 0.000533264473816971]","[300, 100, 300, 300, 300]","[100, 300, 100, 300, 300]","[0.0012700206668945328, 0.0029921803908395652, 0.0007039232078565926, 0.0, 0.0005957421313369434]","[0.0025490416257210992, 0.002136659309957741, 0.0004483931666205968, 0.0, 0.0008222263481013833]",,0.019267049094502726,0.006767433312472003,5.0,1.96
1b,25000,2545606,neural-fore,neural-main-oracle-bellman,-11.44477715053866,-11.46078435287665,-11.44896978656228,0.01846899867276704,-11.496983590275274,-11.424585115478028,1.0,0.0041926360236193005,-0.011814566314370722,0.26281438565213805,0.26281438565213805,0.038893513612038175,0.0379361428094805,0.0067837046708379535,nan,nan,0.035642100272703016,10.990158719479194,12.574355637969921,23153.53404697054,nan,nan,nan,nan,nan,nan,nan,nan,nan,300.0,0.00027533380539728044,42.46900284200674,20000.0,1.0,0.0,300.0,300.0,0.3144142319857858,0.32508247253289746,0.0006489148475864377,0.0006275579174266476,42.71118229139829,42.422165749990384,1.0,1.0,18386.161982570797,17096.50767850264,13.325919795906312,18.588984470107054,0.0,0.0,0.0,"[300, 300, 300, 300, 300]","[0.0, 0.0, 0.0006281682807424694, 0.00014896459373716947, 0.0005995361525067633]","[300, 300, 300, 300, 300]","[300, 300, 300, 300, 300]","[0.0, 0.0, 0.0011599223450591376, 0.0017807181474777361, 0.0003039337453953147]","[0.0, 0.0, 0.002679402636122336, 0.0, 0.0004583869510109023]",,0.01846899867276704,0.01792577832228425,5.0,1.96
1b,25000,2555606,neural-fore,neural-main-oracle-bellman,-11.448742335755783,-11.462751199784442,-11.44896978656228,0.018765688125391845,-11.49953194851021,-11.425970451058674,1.0,0.00022745080649677618,-0.013781413222162087,0.2552649822997553,0.2552649822997553,0.03532386234446179,0.03457691638654804,0.007747793019613341,nan,nan,0.04651925091198114,10.82464821637447,13.071193783105578,23102.68845108006,nan,nan,nan,nan,nan,nan,nan,nan,nan,220.0,0.0007815540214322202,35.270403316197914,20000.0,1.0,0.0,260.0,180.0,0.2825566213756527,0.28878281827754143,0.0007234258444258771,0.0011937680597639204,37.175756141601596,30.748848083638585,1.0,1.0,18260.85547802336,16828.908039852053,13.436942808232581,19.65293189323867,0.0,0.0,0.0,"[300, 300, 300, 100, 100]","[0.0001952570244041366, 0.0, 0.0003496508435330374, 0.00109912955388099, 0.0022637326853429366]","[300, 100, 300, 300, 300]","[300, 100, 100, 100, 300]","[0.0006800814739130167, 0.0021918239317845045, 0.00010567041423296871, 0.0, 0.0006395534021988957]","[0.000917758892390975, 0.0009287795627485343, 0.003927628510864223, 0.00019467333281586967, 0.0]",,0.018765688125391845,0.020491165506036964,5.0,1.96
1b,25000,2565606,neural-fore,neural-main-oracle-bellman,-11.423630449947705,-11.440252613844697,-11.44896978656228,0.020184166786671086,-11.479813580746573,-11.400691646942821,1.0,0.025339336614575103,0.00871717271758321,0.286325732218111,0.286325732218111,0.04728855308402228,0.044972808023435756,0.010817903909729054,nan,nan,0.040223944266608476,10.77648381919223,13.059500885857204,23145.486448104108,nan,nan,nan,nan,nan,nan,nan,nan,nan,260.0,0.0003215944403588794,38.067186607420446,20000.0,1.0,0.0,220.0,220.0,0.36851068411185545,0.3813462614292483,0.0011955002798249516,0.0010246425576274937,34.70706108278828,34.123804166761694,1.0,1.0,18243.823532056256,17143.509519595566,13.99455617582215,17.054751032909273,0.0,0.0,0.0,"[300, 100, 300, 300, 300]","[0.0, 0.001149580632184183, 0.00045839156961021376, 0.0, 0.0]","[100, 100, 300, 300, 300]","[100, 300, 100, 300, 300]","[0.001970564582558742, 0.0024248069374436846, 0.0009700348347380344, 0.0006120950443842967, 0.0]","[0.0017877688579317605, 0.000810243767609586, 0.000915589950082197, 0.0016096102125139258, 0.0]",,0.020184166786671086,0.0073631087316394445,5.0,1.96
1b,25000,2575606,neural-fore,neural-main-oracle-bellman,-11.439802885345294,-11.449003757324471,-11.44896978656228,0.019377791625263412,-11.486984228909987,-11.411023285738954,1.0,0.009166901216985934,-3.397076219080475e-05,0.23092602970556783,0.23092602970556783,0.03400157288724735,0.03339341652570989,0.010632934308034385,nan,nan,0.04283652025405953,10.806624536172738,12.770086249709598,23163.112800971187,nan,nan,nan,nan,nan,nan,nan,nan,nan,260.0,0.0006222881849533128,38.20995501661673,20000.0,1.0,0.0,180.0,260.0,0.30423907894386054,0.3064896295449312,0.0009110765837463139,0.001086360884516824,31.331494066794402,36.622223899804524,1.0,1.0,18036.50796306598,16807.18593190799,15.084269942025292,19.041830443634062,0.0,0.0,0.0,"[300, 300, 300, 300, 100]","[0.0009167166792148442, 0.00031040611692733874, 0.0012061895952609415, 0.0, 0.0006781285333634397]","[100, 100, 300, 300, 100]","[300, 100, 300, 300, 300]","[0.0003519099021190631, 0.0013388944244213717, 0.0, 0.0, 0.0028645785921911342]","[0.0, 0.0017541180101077977, 0.0035687742201582595, 0.00010891219231806237, 0.0]",,0.019377791625263412,0.013430663405145291,5.0,1.96
1b,25000,2585606,neural-fore,neural-main-oracle-bellman,-11.406967792462575,-11.413922024330649,-11.44896978656228,0.018642837080315017,-11.450461985008067,-11.377382063653231,1.0,0.04200199409970473,0.035047762231631197,0.24892486246057222,0.24892486246057222,0.04624910183396071,0.042853642736119815,0.00744769647559033,nan,nan,0.04382700629392404,10.83303563000822,12.787953300344292,23167.54837546657,nan,nan,nan,nan,nan,nan,nan,nan,nan,260.0,6.391256458435588e-05,40.99251790802227,20000.0,1.0,0.0,260.0,260.0,0.33981840847172323,0.3509871915066271,0.00017996725170654152,0.0003656167800537823,39.90880589162698,39.886925116600466,1.0,1.0,18405.347459492266,17154.929186251855,13.388101603981681,18.304405193252755,0.0,0.0,0.0,"[300, 300, 100, 300, 300]","[7.536750244302979e-06, 0.0, 0.0003120260726774764, 0.0, 0.0]","[300, 300, 300, 100, 300]","[300, 300, 100, 300, 300]","[0.00020295118369826142, 0.0, 0.0, 0.0006730903555180046, 2.3794719316441653e-05]","[0.0, 0.0, 0.0011651147612603554, 0.0, 0.000662969139008556]",,0.018642837080315017,0.018027394743877222,5.0,1.96
1b,25000,2595606,neural-fore,neural-main-oracle-bellman,-11.444696297082169,-11.457953803369263,-11.44896978656228,0.019340956446559195,-11.495862078004519,-11.420045528734006,1.0,0.004273489480111081,-0.008984016806982353,0.26353850425879166,0.26353850425879166,0.044246334297878616,0.04350455064503284,0.013273359825200027,nan,nan,0.04084768967077886,10.867496415222046,12.698869633441983,23100.840489424416,nan,nan,nan,nan,nan,nan,nan,nan,nan,300.0,0.0002157355068486069,41.27566616642289,20000.0,1.0,0.0,300.0,220.0,0.30430947929859437,0.31078691359779814,0.00044708830915698533,0.00047838955691749066,40.573847916803786,33.92449639983242,1.0,1.0,18105.220105098135,16786.902309975114,14.294907974584158,19.143458092498694,0.0,0.0,0.0,"[300, 300, 300, 300, 300]","[0.00012854930890901332, 0.00034384854439436737, 0.0, 0.0, 0.0006062796809396537]","[300, 300, 300, 300, 300]","[100, 100, 300, 300, 300]","[0.0, 0.001639462207261324, 0.00020022252864352317, 0.00039575680988007965, 0.0]","[0.0011842134171188786, 0.0007079747910522841, 0.0, 0.0, 0.0004997595764162905]",,0.019340956446559195,0.01310440279797915,5.0,1.96
1b,25000,2605606,neural-fore,neural-main-oracle-bellman,-11.442120668693118,-11.453090744164848,-11.44896978656228,0.018841368906986806,-11.490019827222543,-11.416161661107154,1.0,0.006849117869162313,-0.004120957602568254,0.2079484858153123,0.2079484858153123,0.03974257874857717,0.03780391791777783,0.005134345427606364,nan,nan,0.06033232320064853,10.82702336660233,12.65905533943205,23247.754567332897,nan,nan,nan,nan,nan,nan,nan,nan,nan,180.0,0.0005000073638124112,32.84710565038258,20000.0,1.0,0.0,220.0,220.0,0.32947013429219735,0.3404520733836792,0.0006987434249732529,0.000136276682790094,33.94180654159281,33.78788232522784,0.9999999999999998,1.0,18509.7308302695,17072.19724311727,13.164112047399595,18.811217414375008,0.0,0.0,0.0,"[300, 100, 100, 100, 300]","[0.0, 0.0014086704162180508, 0.00096334947973846, 0.00012801692310554548, 0.0]","[300, 100, 100, 300, 300]","[300, 100, 100, 300, 300]","[0.0, 0.0008769132302100786, 0.001597790902640578, 0.0, 0.0010190129920156076]","[0.00013809028850831734, 0.0005423562191664018, 0.0, 0.0, 9.369062757508349e-07]",,0.018841368906986806,0.031104655206712982,5.0,1.96
1b,25000,2615606,neural-fore,neural-main-oracle-bellman,-11.42746381917103,-11.437716490271825,-11.44896978656228,0.01937753601244291,-11.475696460856213,-11.399736519687437,1.0,0.02150596739125099,0.01125329629045524,0.35918845534499855,0.35918845534499855,0.05547916624927322,0.05085507493216283,0.010422627398527395,nan,nan,0.041822826115517964,10.777807156447023,12.873255714863774,23200.186399838658,nan,nan,nan,nan,nan,nan,nan,nan,nan,260.0,0.0002937268300207928,42.00719026699662,20000.0,1.0,0.0,220.0,220.0,0.33880785065272195,0.3404354282445124,0.0009030296446428398,0.000733792432410186,38.1276900415658,38.03560572523857,1.0,1.0,18285.802696437157,17051.519184885292,14.226301372333864,18.397588342865244,0.0,0.0,0.0,"[300, 300, 100, 300, 300]","[0.0, 0.0, 0.0014427802341843044, 2.5853915919659508e-05, 0.0]","[100, 300, 100, 300, 300]","[100, 100, 300, 300, 300]","[0.002123776816896633, 0.0008779382212382692, 0.0015134331850792965, 0.0, 0.0]","[0.0006079110120759474, 0.0, 0.0007495688356960677, 0.000989920940262308, 0.0013215613740166071]",,0.01937753601244291,0.02431883005568575,5.0,1.96
1b,25000,2625606,neural-fore,neural-main-oracle-bellman,-11.427455192029111,-11.433983202475652,-11.44896978656228,0.01905295322232028,-11.4713269907914,-11.396639414159903,1.0,0.021514594533169173,0.01498658408662834,0.1964178225651279,0.1964178225651279,0.03238022211322368,0.032190350391489334,0.00666570636346965,nan,nan,0.04054012029324999,10.695906029512281,12.465768619526292,23299.860390232185,nan,nan,nan,nan,nan,nan,nan,nan,nan,260.0,0.0004004620100402772,37.82023413300048,20000.0,1.0,0.0,300.0,260.0,0.33576404598780235,0.3412428935890331,0.00035123111265653875,0.00042415197726261203,40.292470482597125,36.33103538362775,1.0,1.0,18445.329605360053,17315.273249218426,13.404614335296412,17.66869746162653,0.0,0.0,0.0,"[300, 300, 300, 300, 100]","[0.0006951178702799417, 0.0, 0.0, 0.0, 0.0013071921799214438]","[300, 300, 300, 300, 300]","[300, 300, 300, 300, 100]","[0.0, 0.0, 0.0003718307679330158, 0.0, 0.0013843247953496778]","[0.0, 9.594974298545265e-05, 0.0008183469011679035, 0.0, 0.0012064632421597038]",,0.01905295322232028,0.014085928762727677,5.0,1.96
1b,25000,2635606,neural-fore,neural-main-oracle-bellman,-11.420541630799338,-11.426146267436478,-11.44896978656228,0.018918098742297773,-11.463225740971382,-11.389066793901574,1.0,0.028428155762941998,0.022823519125802605,0.21123387872680235,0.21123387872680235,0.036738310281096705,0.035851203350327744,0.009845486972208202,nan,nan,0.04263285580988472,10.830363444614047,12.670698312501582,23264.926227658223,nan,nan,nan,nan,nan,nan,nan,nan,nan,300.0,0.00025536242854933336,41.63161240840564,20000.0,1.0,0.0,260.0,260.0,0.3189726225592187,0.32473267393864524,0.0005171370751977025,0.0013238858462754361,37.098478033405264,36.705112491594626,1.0,1.0,18423.840493057545,17158.582961710203,14.108200177616846,18.60825863247745,0.0,0.0,0.0,"[300, 300, 300, 300, 300]","[0.0, 0.00025842132221126553, 0.0, 4.04035936405491e-05, 0.0009779872268948523]","[300, 100, 300, 300, 300]","[100, 300, 300, 300, 300]","[0.0012823645315430928, 0.0013033208444454198, 0.0, 0.0, 0.0]","[0.0002597096602093995, 0.0037953477735484476, 0.0, 0.00012947255409126557, 0.0024348992435280683]",,0.018918098742297773,0.01801880357551203,5.0,1.96
1b,25000,2645606,neural-fore,neural-main-oracle-bellman,-11.406261816310366,-11.419331115454817,-11.44896978656228,0.018977551691277357,-11.45652711676972,-11.382135114139913,1.0,0.04270797025191442,0.02963867110746321,0.3450971426718969,0.3450971426718969,0.05232298596114536,0.05061672904477914,0.009028085734521995,nan,nan,0.045729301676448814,10.816197074367231,12.86590328862502,23223.21208378748,nan,nan,nan,nan,nan,nan,nan,nan,nan,260.0,0.0007481549081546034,41.98340383318718,20000.0,1.0,0.0,220.0,220.0,0.34254249818937116,0.3503437851469258,0.0007165454906713387,0.0008730456260896566,37.61587053303374,37.51187675795518,1.0,1.0,18375.02653290108,17094.14049815555,14.266159974869542,18.196022399525248,0.0,0.0,0.0,"[300, 300, 300, 300, 100]","[0.0, 0.0, 0.0005129937928351642, 0.0, 0.003227780747937853]","[300, 100, 300, 300, 100]","[100, 300, 300, 300, 100]","[0.0005604038820019646, 0.0011063966876786867, 0.0, 0.0, 0.0019159268836760422]","[0.0008691450959210542, 0.0018527724790244867, 0.000221018797558307, 9.463906485598014e-05, 0.0013276526930884552]",,0.018977551691277357,0.021405358072763437,5.0,1.96
1b,25000,2655606,neural-fore,neural-main-oracle-bellman,-11.450040079757988,-11.459017729884778,-11.44896978656228,0.01860973773338076,-11.495492815842203,-11.422542643927352,1.0,-0.0010702931957080608,-0.010047943322497588,0.17754995071082974,0.17754995071082974,0.02810006750325559,0.02723017825394446,0.006987184843947125,nan,nan,0.0489886844459958,10.863901644743155,12.753419049561282,23150.624098436805,nan,nan,nan,nan,nan,nan,nan,nan,nan,180.0,0.001120372086882079,35.71614803298144,20000.0,1.0,0.0,220.0,260.0,0.3098632620543807,0.32098735301762504,0.000929144538444931,0.0004071553321365366,37.067939708556516,40.301372317387724,1.0,1.0,18242.05634899129,17088.12940595473,14.692175989149433,18.003623767565553,0.0,0.0,0.0,"[300, 100, 100, 300, 100]","[0.0, 0.0016338971890104113, 0.0027980075059421457, 0.0, 0.0011699557394578381]","[100, 300, 100, 300, 300]","[300, 300, 300, 100, 300]","[0.0028112208214065328, 0.0, 0.0018345018708181224, 0.0, 0.0]","[0.00022395827033057356, 0.0001291569746930691, 0.0, 0.0013674761858889553, 0.00031518522977008517]",,0.01860973773338076,0.014471404730486881,5.0,1.96
1b,25000,2665606,neural-fore,neural-main-oracle-bellman,-11.450103103764764,-11.463675957398067,-11.44896978656228,0.01890467028264903,-11.50072911115206,-11.426622803644074,1.0,-0.0011333172024841076,-0.014706170835786736,0.2770895489918995,0.2770895489918995,0.04826074667312162,0.04793611924712812,0.00850419274129303,nan,nan,0.040428298685917075,10.84520166431703,12.990258883234707,23084.58075956645,nan,nan,nan,nan,nan,nan,nan,nan,nan,260.0,0.00023753738693183053,41.815592291252685,20000.0,1.0,0.0,260.0,300.0,0.33678346307090185,0.3486762551272397,0.00034047020832527624,0.0002780967934644147,40.618282192200425,43.87036599235144,1.0,1.0,18391.600226390256,17246.59347083301,13.242938064127761,17.48673369267963,0.0,0.0,0.0,"[300, 300, 100, 300, 300]","[0.0, 0.0, 0.0, 0.00035030716972438966, 0.000837379764934763]","[100, 300, 300, 300, 300]","[300, 300, 300, 300, 300]","[0.0010533466572165723, 0.0, 0.0006490043844098088, 0.0, 0.0]","[0.00037896976306757993, 5.76257851343364e-05, 0.0, 0.0002915253647674688, 0.0006623630543526884]",,0.01890467028264903,0.011468076496010183,5.0,1.96
1b,25000,2675606,neural-fore,neural-main-oracle-bellman,-11.459993899529364,-11.472290829439164,-11.44896978656228,0.018281313398620477,-11.50812220370046,-11.436459455177868,1.0,-0.01102411296708361,-0.023321042876883524,0.2285221589055344,0.2285221589055344,0.03679659292930691,0.036122901615148,0.007914045355856507,nan,nan,0.0609912881411494,10.834304530712778,12.50126298936279,23245.213672839593,nan,nan,nan,nan,nan,nan,nan,nan,nan,180.0,0.001160863750874245,32.29094630018808,20000.0,1.0,0.0,220.0,140.0,0.28830170541310685,0.3062519820090664,0.0007444557997777016,0.0012294308480988413,34.20485346686328,28.04199441660894,1.0,1.0,18384.399475045106,17191.93807473359,12.946481280877597,18.744875641022595,0.0,0.0,0.0,"[100, 100, 300, 300, 100]","[0.0006414833859698595, 0.0003929397531424714, 0.0, 0.004191114630000419, 0.0005787809852584757]","[300, 300, 100, 100, 300]","[100, 300, 100, 100, 100]","[0.0, 0.0, 0.0025910637185217337, 0.0011312152803667748, 0.0]","[0.0008587682999667632, 0.00038997442417897397, 0.002421923299784658, 0.0010321020810309947, 0.001444386135532817]",,0.018281313398620477,0.012355083081135037,5.0,1.96
1b,25000,2685606,neural-fore,neural-main-oracle-bellman,-11.46101341196624,-11.473776546377389,-11.44896978656228,0.017995959924180967,-11.509048627828783,-11.438504464925995,1.0,-0.012043625403959979,-0.024806759815108492,0.21439161788271055,0.21439161788271055,0.03486997019095302,0.03461451277786859,0.005652016006064226,nan,nan,0.045472647198554615,10.830264307523208,12.600843934059096,23193.555713783127,nan,nan,nan,nan,nan,nan,nan,nan,nan,260.0,3.159720745255081e-05,37.72884664161829,20000.0,1.0,0.0,260.0,180.0,0.2797164721471611,0.28829186495247927,0.0008726102660675113,0.0003188633138875711,36.44313890882768,30.666173941851593,1.0,1.0,18300.021845479503,16705.66547371639,14.31099773390785,19.740471346878373,0.0,0.0,0.0,"[300, 300, 300, 300, 100]","[0.0, 0.0001194332227400842, 0.0, 3.855281452266985e-05, 0.0]","[300, 300, 300, 100, 300]","[100, 300, 100, 300, 100]","[0.00036282346834409676, 0.0, 0.0011384878889273973, 0.0016588725302451666, 0.001202867442820896]","[0.0013106918892857344, 0.0, 0.00028362468015212105, 0.0, 0.0]",,0.017995959924180967,0.02192723829440261,5.0,1.96
1b,25000,2695606,neural-fore,neural-main-oracle-bellman,-11.454129890391938,-11.469404094026363,-11.44896978656228,0.01781374287814256,-11.504319030067522,-11.434489157985203,1.0,-0.005160103829657814,-0.02043430746408248,0.3948227838956516,0.3948227838956516,0.044818523202393955,0.04450589527792668,0.00919292675868312,nan,nan,0.053468403696466694,10.778499915494535,12.815122731366227,23251.78414910712,nan,nan,nan,nan,nan,nan,nan,nan,nan,180.0,0.00030072360129649765,36.3207618746208,20000.0,1.0,0.0,220.0,220.0,0.2937288026922674,0.31260172388944235,0.0001862735497274891,0.0010149485322218112,37.52515890782233,37.26429139957763,1.0,1.0,18552.530435123503,17093.241889002948,13.035740126853401,18.696554756934727,0.0,0.0,0.0,"[300, 100, 100, 100, 300]","[2.3211833978427792e-05, 4.446200707992655e-05, 0.0008122343898658646, 0.00032638726991680807, 0.00029732250564146114]","[100, 300, 100, 300, 300]","[300, 100, 300, 300, 100]","[0.0006121334026807596, 0.0, 0.0003192343459566858, 0.0, 0.0]","[0.0007213357718264968, 0.0011790351036931172, 0.00019919526982162212, 0.00037526847168427833, 0.0025999080440835412]",,0.01781374287814256,0.016417885550721628,5.0,1.96
1b,25000,2705606,neural-fore,neural-main-oracle-bellman,-11.420267103009879,-11.429093951027648,-11.44896978656228,0.01897699949242872,-11.466288870032807,-11.391899032022488,1.0,0.028702683552401353,0.019875835534632458,0.286290539080012,0.286290539080012,0.04668437043265066,0.04603099969293532,0.0077481867712571335,nan,nan,0.07948659564337279,10.839711399544498,12.506188186977711,23227.839923910746,nan,nan,nan,nan,nan,nan,nan,nan,nan,140.0,0.0007193122202280029,29.70409851721488,20000.0,1.0,0.0,300.0,220.0,0.3232709236057758,0.3422756757926109,0.0007014802240486514,0.0004514699791771248,39.638443141174506,33.95208114159759,0.9999999999999998,1.0,18135.229119248263,17370.034263216534,14.186900569069547,17.61552731418208,0.0,0.0,0.0,"[100, 100, 100, 100, 300]","[0.0008779944495181005, 0.0016933403114754932, 0.00044556228178066856, 0.0005796640583657526, 0.0]","[300, 300, 300, 300, 300]","[300, 100, 300, 300, 100]","[0.0, 0.0019504051809423792, 0.0009614858852595397, 0.0005955100540413376, 0.0]","[0.0004896948978545979, 0.0009274327099632904, 0.00014933600098825017, 0.00044559191749851456, 0.00024529436958097104]",,0.01897699949242872,0.024421976722380917,5.0,1.96
1b,25000,2715606,neural-fore,neural-main-oracle-bellman,-11.416427854592317,-11.422979794486645,-11.44896978656228,0.02002890469635751,-11.462236447691506,-11.383723141281784,1.0,0.03254193196996269,0.025989992075635016,0.21273020108492977,0.21273020108492977,0.033151217841741305,0.03285997649600607,0.00947023727743054,nan,nan,0.03815341927984112,10.794997349390037,12.775046128768606,23232.50075669425,nan,nan,nan,nan,nan,nan,nan,nan,nan,260.0,0.0002644156013601153,38.57008028347045,20000.0,1.0000000000000002,0.0,300.0,300.0,0.3626942320034528,0.36880831769748856,8.064083909887793e-05,0.00033881788135062816,39.29717462512199,39.520777983427976,1.0,1.0,18167.448611964086,17366.60551118555,14.234635908504595,17.341293739391865,0.0,0.0,0.0,"[300, 100, 300, 300, 300]","[0.000806065477170898, 0.0005160125296296785, 0.0, 0.0, 0.0]","[300, 300, 300, 300, 300]","[300, 300, 300, 300, 300]","[0.0, 0.0, 0.0, 0.00040320419549438966, 0.0]","[0.0, 0.0, 0.0009924821017828398, 0.000581947932382418, 0.00011965937258788296]",,0.02002890469635751,0.01702690960704166,5.0,1.96
1b,25000,2725606,neural-fore,neural-main-oracle-bellman,-11.44947877050638,-11.457633135911339,-11.44896978656228,0.01797175057027172,-11.49285776702907,-11.422408504793607,1.0,-0.0005089839440994837,-0.008663349349058436,0.24613927026257118,0.24613927026257118,0.04133051228867768,0.03890819182297788,0.009972668023630107,nan,nan,0.039634024727175025,10.962738569980868,12.993036466091137,23099.114836914305,nan,nan,nan,nan,nan,nan,nan,nan,nan,260.0,0.0007239436900159707,42.19492272480856,20000.0,1.0,0.0,220.0,260.0,0.27941052279495865,0.29199948456237157,0.0007605814003112973,0.0006041052568739682,38.15684708382469,40.75805125860497,1.0,1.0,18350.775794066878,16841.67783964477,13.09421361493214,18.722081984557814,0.0,0.0,0.0,"[300, 100, 300, 300, 300]","[0.0007016793621276773, 0.001936403350726372, 0.00044519033786738504, 0.0, 0.0005364453993584197]","[100, 100, 300, 300, 300]","[300, 100, 300, 300, 300]","[0.0017321449048303078, 0.0020000583974321352, 0.0, 7.070369929404336e-05, 0.0]","[0.0008984284040920595, 0.002122097880277782, 0.0, 0.0, 0.0]",,0.01797175057027172,0.016647778152608365,5.0,1.96
1b,25000,2735606,neural-fore,neural-main-oracle-bellman,-11.440671902234145,-11.45344534497367,-11.44896978656228,0.01873483484925109,-11.490165621278202,-11.416725068669137,1.0,0.008297884328134941,-0.004475558411389358,0.27630302088012687,0.27630302088012687,0.043399480412005816,0.0428780394673583,0.012654738446630464,nan,nan,0.04595419048910208,10.86457972757079,12.75170508938518,23154.729993408582,nan,nan,nan,nan,nan,nan,nan,nan,nan,300.0,7.618233850245264e-05,46.20741047475021,20000.0,1.0,0.0,300.0,260.0,0.30004577379076947,0.3101235691325913,0.0003797929076403214,0.00041379696392022166,43.990238766022955,40.58098371706437,1.0,1.0,17422.067005468845,16517.67186724199,18.673900334777155,19.824775750640658,0.0,0.0,0.0,"[300, 300, 300, 300, 300]","[0.0, 0.0003809116925122632, 0.0, 0.0, 0.0]","[300, 300, 300, 300, 300]","[300, 100, 300, 300, 300]","[0.0, 0.00022207634568851252, 0.0, 0.0016768881925130945, 0.0]","[0.0009033178563123769, 0.0002550702750767301, 0.0, 0.0005085562729278915, 0.00040204041528410983]",,0.01873483484925109,0.01424840989283118,5.0,1.96
1b,25000,2745606,neural-fore,neural-main-oracle-bellman,-11.442477918352532,-11.453779824869702,-11.44896978656228,0.01839421551045158,-11.489832487270187,-11.417727162469218,1.0,0.0064918682097481195,-0.004810038307422104,0.22834935904181214,0.22834935904181214,0.03508234613839979,0.032953271226041705,0.009042674962467112,nan,nan,0.041133310249086626,10.866157880257264,12.812022077525162,23172.976556256,nan,nan,nan,nan,nan,nan,nan,nan,nan,260.0,0.00016350089420599448,42.71336602480151,20000.0,1.0,0.0,260.0,180.0,0.3152681434281669,0.3254639321876044,0.00041391328763535804,0.0004581306193726247,40.61899634199217,34.76827848367393,1.0,1.0,18330.62291996793,17047.6580828035,13.767936921902617,18.25637647856913,0.0,0.0,0.0,"[300, 100, 300, 300, 300]","[0.0, 0.0005358940288600697, 8.222495100828588e-05, 0.0, 0.0001993854911616168]","[300, 300, 100, 300, 300]","[300, 100, 100, 300, 100]","[3.476818865633798e-05, 8.860783420310755e-05, 0.0005707178613532065, 0.0013754725539641378, 0.0]","[0.00023390420299495052, 0.0, 0.0009931820911850632, 0.0, 0.0010635668026831096]",,0.01839421551045158,0.02500814238512919,5.0,1.96
1b,25000,2755606,neural-fore,neural-main-oracle-bellman,-11.458098976909584,-11.473384551590858,-11.44896978656228,0.019094575760545077,-11.510809920081526,-11.43595918310019,1.0,-0.009129190347303862,-0.024414765028577534,0.3255900541597456,0.3255900541597456,0.050866984372859234,0.04947317878650266,0.013330507375974389,nan,nan,0.03871995576998606,10.940126293002136,12.616313288457716,23125.326302983252,nan,nan,nan,nan,nan,nan,nan,nan,nan,260.0,0.0003424512853192472,38.542113599996085,20000.0,1.0,0.0,220.0,220.0,0.3004425588069719,0.3070175779689532,0.000694121076571692,0.0009966093449289197,35.13315096686129,34.080380841647276,1.0,1.0,18169.24826615425,16733.672971271208,14.241337735511522,19.700890633344695,0.0,0.0,0.0,"[300, 300, 300, 100, 300]","[0.0002856903282632224, 0.0, 0.0, 0.000959407905880241, 0.00046715819245277254]","[100, 100, 300, 300, 300]","[100, 300, 300, 100, 300]","[3.000589514785048e-05, 0.0016817893532582449, 0.0010241170620612179, 0.0007346930723911469, 0.0]","[0.0036624823947177185, 0.0, 0.0003914404810283824, 0.0009291238488984973, 0.0]",,0.019094575760545077,0.014508101030120844,5.0,1.96
1b,25000,2765606,neural-fore,neural-main-oracle-bellman,-11.45328787351591,-11.465674290072188,-11.44896978656228,0.01902055293792699,-11.502954573830525,-11.428394006313852,1.0,-0.004318086953629674,-0.016704503509908264,0.1879266675055093,0.1879266675055093,0.03206840428902583,0.031204049496955537,0.007603724929398938,nan,nan,0.0423607088756289,10.843972017621935,12.576464458199439,23194.693323080846,nan,nan,nan,nan,nan,nan,nan,nan,nan,220.0,0.00028968859633060514,36.702971600345336,20000.0,1.0,0.0,260.0,220.0,0.32055994274374144,0.3306750109989972,0.00034311037040406163,0.0003954061138023261,38.95801203297451,35.956948674703014,1.0,1.0,18160.58930299615,17261.936980099134,14.965930539361505,17.347194119248297,0.0,0.0,0.0,"[300, 300, 100, 300, 100]","[0.0005545445926496658, 0.0, 0.00047362343176125414, 0.0, 0.0004202749572421057]","[300, 300, 300, 300, 100]","[300, 300, 100, 300, 100]","[0.0, 0.0, 0.0005773901320332727, 0.0011381617199870354, 0.0]","[0.0004818199875564953, 0.0, 0.0010838119926326795, 0.0004113985888224562, 0.0]",,0.01902055293792699,0.028295700934569318,5.0,1.96
1b,25000,2775606,neural-fore,neural-main-oracle-bellman,-11.449012059547623,-11.460462490324687,-11.44896978656228,0.01867484962290918,-11.49706519558559,-11.423859785063785,1.0,-4.2272985343316805e-05,-0.011492703762407075,0.17583325835721558,0.17583325835721558,0.037213702842260735,0.037189717806876785,0.006797420359228627,nan,nan,0.0416386155345673,10.898018296559759,13.139171302817532,23066.539280160643,nan,nan,nan,nan,nan,nan,nan,nan,nan,260.0,0.0011771311634834777,39.59101053355262,20000.0,1.0,0.0,300.0,260.0,0.2922253148734505,0.2968245131051136,0.00021519403582801556,0.00035407682007840345,40.60788370862137,36.68745972490869,0.9999999999999998,1.0,17785.653999143327,16548.54577714926,16.75467173323427,20.42171740506749,0.0,0.0,0.0,"[100, 300, 300, 300, 300]","[0.0036807882494637656, 0.001215310259542732, 0.0, 0.0006451303398795219, 0.0003444269685313691]","[300, 300, 300, 300, 300]","[100, 300, 300, 300, 300]","[0.00032987929793646927, 0.0, 0.0007460908812036086, 0.0, 0.0]","[0.0017105510796084523, 0.0, 5.983302078356489e-05, 0.0, 0.0]",,0.01867484962290918,0.020677489265414066,5.0,1.96
1b,25000,2785606,neural-fore,neural-main-oracle-bellman,-11.460467069746695,-11.47286797707924,-11.44896978656228,0.018770842962510144,-11.50965882928576,-11.43607712487272,1.0,-0.011497283184414897,-0.023898190516959517,0.5350690622859448,0.5350690622859448,0.05222146874278163,0.05113893052658788,0.014709349140544788,nan,nan,0.11016983836378594,10.763013258426604,12.659244817889084,23207.97278411943,nan,nan,nan,nan,nan,nan,nan,nan,nan,100.0,0.0009176693413493154,28.70629225024022,20000.0,1.0,0.0,260.0,260.0,0.3028038228860313,0.3187476978057723,0.0011004670413430544,0.0007657228363049924,38.8252033498371,38.829331816430205,1.0,1.0,18389.91946470228,17155.544507573777,13.695961998513823,18.40964177503472,0.0,0.0,0.0,"[100, 100, 100, 100, 100]","[0.0009043567816500405, 0.0016716868965752992, 0.0008354208745930871, 0.000672809571690765, 0.0005040725822373853]","[300, 300, 300, 100, 300]","[300, 300, 300, 100, 300]","[0.000747994305422383, 0.0037477393010902655, 9.621250644380533e-05, 0.0001928793730542724, 0.0007175097207045457]","[0.0005183223947628633, 0.0013912047983134883, 0.0002647972774311268, 0.0008056496757501345, 0.0008486400352673487]",,0.018770842962510144,0.015186589606945987,5.0,1.96
1b,25000,2795606,neural-fore,neural-main-oracle-bellman,-11.448317167126833,-11.459875624652522,-11.44896978656228,0.01841132107574043,-11.495961813960973,-11.423789435344071,1.0,0.0006526194354474768,-0.010905838090241815,0.2042863600973231,0.2042863600973231,0.035917878066067915,0.035438466506479326,0.00945430966288894,nan,nan,0.0431574470217561,10.92751025279421,12.89588650389619,23121.627430472654,nan,nan,nan,nan,nan,nan,nan,nan,nan,260.0,0.00014944774915860763,38.954386158823034,20000.0,1.0,0.0,300.0,300.0,0.3063003980630299,0.3142002641803857,0.0001943636018027689,0.0006469252404635888,41.031964866421184,40.769743966660464,1.0,1.0,18325.258892382622,16970.439724633517,13.587752138723824,18.75032883294903,0.0,0.0,0.0,"[100, 300, 300, 300, 300]","[0.0005409790416404476, 0.00020625970415259054, 0.0, 0.0, 0.0]","[300, 300, 300, 300, 300]","[300, 300, 300, 300, 300]","[0.0, 0.0005408719505259467, 0.0, 0.00043094605848789777, 0.0]","[0.0010684624075901665, 0.001062695346351129, 0.0, 0.0011034684483766486, 0.0]",,0.01841132107574043,0.017306039372368735,5.0,1.96
1b,25000,2805606,neural-fore,neural-main-oracle-bellman,-11.432150902078716,-11.446911157994366,-11.44896978656228,0.017605172130452408,-11.481417295370052,-11.41240502061868,1.0,0.01681888448356439,0.002058628567914056,0.22331032656937336,0.22331032656937336,0.04190306106296949,0.041881993512134945,0.007794018899107413,nan,nan,0.03960240008130927,10.975958687984722,13.046102815402348,23101.523734166927,nan,nan,nan,nan,nan,nan,nan,nan,nan,260.0,0.0002442757913542478,43.65446860003285,20000.0,1.0,0.0,260.0,300.0,0.28302029306966825,0.2887971776050685,0.0005895369652166828,0.0005601721729609507,41.61876404178329,44.46949650836177,1.0,1.0,18355.706080679778,16614.475225923037,13.492865983633468,19.380214664124047,0.0,0.0,0.0,"[300, 300, 300, 100, 300]","[0.0, 0.0005326088125004791, 1.6414389596137546e-05, 0.0006270708441558477, 4.528491051877469e-05]","[300, 300, 300, 100, 300]","[300, 300, 300, 300, 300]","[0.0, 0.00016528363389884215, 0.001809409500936565, 0.0009729916912480068, 0.0]","[0.00028787156481599203, 0.0, 0.0005025474245770071, 0.0020104418754117543, 0.0]",,0.017605172130452408,0.019149692936122162,5.0,1.96
1b,25000,2815606,neural-fore,neural-main-oracle-bellman,-11.455428977016565,-11.470031691381482,-11.44896978656228,0.019084864115847224,-11.507438025048543,-11.432625357714421,1.0,-0.00645919045428478,-0.021061904819202226,0.3182523573300558,0.3182523573300558,0.035885950819993385,0.03540709211978478,0.010123659032921142,nan,nan,0.040795310407138824,10.887722485127107,13.07405609241571,23097.781142067673,nan,nan,nan,nan,nan,nan,nan,nan,nan,260.0,0.0007634291885307898,42.76182690043934,20000.0,1.0,0.0,220.0,220.0,0.30805813161937834,0.3115921695271572,0.0006259748928121318,0.0003276582172590785,38.72548285815865,37.946304642013274,1.0,1.0,18010.236190580796,16963.648111487564,15.57339382532896,18.95336264163863,0.0,0.0,0.0,"[100, 300, 300, 300, 300]","[0.0029848129491725425, 0.0002294101105537659, 0.0, 0.0005351085620470266, 6.781432088061388e-05]","[300, 100, 300, 100, 300]","[300, 100, 100, 300, 300]","[0.0, 0.0012279614007084639, 4.4441869197709295e-05, 0.0015970437321660446, 0.0002604274619884413]","[0.0, 0.0003921729884313807, 0.0008907926753514857, 0.0003553254225125261, 0.0]",,0.019084864115847224,0.021847856339571804,5.0,1.96
1b,25000,2825606,neural-fore,neural-main-oracle-bellman,-11.424592853042267,-11.444312880047361,-11.44896978656228,0.019281285709087652,-11.482104200037172,-11.40652156005755,1.0,0.024376933520013466,0.0046569065149189015,0.3741699366133185,0.3741699366133185,0.05237912718911929,0.05203634712944116,0.008674720739399235,nan,nan,0.04276486836042263,10.772473492487478,12.53509782827463,23278.342637511996,nan,nan,nan,nan,nan,nan,nan,nan,nan,260.0,0.0005180220223555208,41.4371607498033,20000.0,1.0,0.0,260.0,260.0,0.3334026047012644,0.3423967463616316,0.0006573470497585942,0.00034690506070129534,40.16453224143479,39.79651167460251,1.0,1.0,18268.627437770687,17231.38810800077,13.534739734937967,18.178470653640233,0.0,0.0,0.0,"[300, 300, 300, 100, 300]","[9.964399157486186e-05, 0.0011892367703693237, 6.190991403414966e-05, 0.0005092457078591477, 0.0007300737279401209]","[300, 300, 300, 300, 100]","[300, 300, 300, 300, 100]","[0.0, 0.0, 0.0018791162890477789, 0.0, 0.0014076189597451922]","[0.0004254966222137536, 0.0, 0.0005357339030329916, 0.0, 0.0007732947782597314]",,0.019281285709087652,0.019835385349927476,5.0,1.96
1b,25000,2835606,neural-fore,neural-main-oracle-bellman,-11.411698921325861,-11.426093360096786,-11.44896978656228,0.019297958366374438,-11.46391735849488,-11.388269361698692,1.0,0.03727086523641887,0.02287642646549415,0.2233850546397896,0.2233850546397896,0.037240060204313204,0.03676461976443811,0.011569881347250115,nan,nan,0.047519793013276586,10.760861724320085,12.671297001203534,23252.91862458949,nan,nan,nan,nan,nan,nan,nan,nan,nan,260.0,0.0002054577437595516,38.23459223352838,20000.0,1.0,0.0,260.0,260.0,0.3540746885506582,0.3614653210669362,0.0015360055995754021,0.0007926827452146652,35.73548484935891,36.24990532484371,1.0,1.0,18167.963299942923,17138.294826601494,15.53791892077156,18.35793937403622,0.0,0.0,0.0,"[300, 100, 300, 300, 300]","[9.867661611658314e-06, 0.00014825455841325027, 0.0007045361682824568, 0.0, 0.00016463033049039262]","[300, 300, 300, 300, 100]","[300, 300, 300, 300, 100]","[0.0, 0.003855252742002234, 0.0005171975467997783, 0.0009985904405940649, 0.0023089872684809334]","[0.0001476779472228921, 0.0031348456186809843, 0.0005126445851559613, 0.0, 0.00016824557501348856]",,0.019297958366374438,0.026288432350789183,5.0,1.96
1b,25000,2845606,neural-fore,neural-main-oracle-bellman,-11.429460539619644,-11.440987946793898,-11.44896978656228,0.019007454149898385,-11.478242556927698,-11.403733336660098,1.0,0.019509246942636338,0.00798183976838196,0.20666088544144268,0.20666088544144268,0.04125431695821794,0.040705588736482466,0.007717144956233475,nan,nan,0.03688446705936377,10.856835706818332,12.77967808285947,23204.37269518325,nan,nan,nan,nan,nan,nan,nan,nan,nan,260.0,3.8776352459818936e-05,42.59408056696411,20000.0,1.0,0.0,300.0,260.0,0.33276526005937457,0.3404544225842357,0.0,0.0003340863704969695,44.16797303301282,40.75703691721428,1.0,1.0,18284.301936791617,17312.821941474114,13.313348470373953,17.378520954386733,0.0,0.0,0.0,"[300, 300, 100, 300, 300]","[0.0, 0.0, 0.0, 0.00019388176229909467, 0.0]","[300, 300, 300, 300, 300]","[300, 300, 300, 100, 300]","[0.0, 0.0, 0.0, 0.0, 0.0]","[0.0, 0.0, 0.0002063223036963042, 0.0009894258106092895, 0.00047468373817925394]",,0.019007454149898385,0.019840927924266706,5.0,1.96
1b,25000,2855606,neural-fore,neural-main-oracle-bellman,-11.46786382153159,-11.48185528319378,-11.44896978656228,0.01909674361307446,-11.519284900675407,-11.444425665712155,1.0,-0.018894034969310525,-0.032885496631500644,0.2601554496982334,0.2601554496982334,0.044564769664912504,0.044870943676549854,0.0056068405491456145,nan,nan,0.04475222068397039,10.70906462908708,12.533579429395699,23283.30015202826,nan,nan,nan,nan,nan,nan,nan,nan,nan,300.0,0.00028303734200833765,42.13309578334447,20000.0,1.0,0.0,300.0,260.0,0.3358440642227746,0.3440690489915722,0.0003681723045062424,0.00018018814530051648,40.43705563335679,36.54899728379678,1.0,1.0,18468.934690824015,17397.10196483272,12.843927603189963,16.871876321349706,0.0,0.0,0.0,"[300, 300, 300, 300, 300]","[0.0, 6.684040531292225e-05, 0.0004130768579633742, 0.0009352694467653917, 0.0]","[300, 300, 300, 300, 300]","[300, 100, 300, 300, 300]","[0.0, 0.0009075678186679889, 0.0, 0.0, 0.0009332937038632231]","[0.0, 0.0004123642000414831, 0.0, 0.0004885765264610993, 0.0]",,0.01909674361307446,0.01448700187321291,5.0,1.96
1b,25000,2865606,neural-fore,neural-main-oracle-bellman,-11.434854045693863,-11.44656127396732,-11.44896978656228,0.018443551054611335,-11.482710634034358,-11.410411913900283,1.0,0.014115740868417603,0.0024085125949593333,0.30154656296954857,0.30154656296954857,0.03955683970289975,0.0396412905229805,0.010601091049376543,nan,nan,0.04629942477438659,10.832997190888362,13.044639153201379,23204.384371914995,nan,nan,nan,nan,nan,nan,nan,nan,nan,220.0,0.0011227674778601243,35.10575778321363,20000.0,1.0,0.0,300.0,260.0,0.3051037208401515,0.31805000496346897,0.0006906887757630868,0.0007977370568339841,39.76678155835252,36.526610150188205,1.0,1.0,18153.455047248797,16899.038905201098,14.217677137842065,19.034579899582077,0.0,0.0,0.0,"[300, 300, 100, 100, 300]","[0.0022238588668808787, 0.00035675727601614687, 6.155951567392303e-05, 0.002971661730729673, 0.0]","[300, 300, 300, 300, 300]","[300, 300, 100, 300, 300]","[0.0, 0.00021605965671680425, 0.0012650948400381979, 0.0017855937082631745, 0.00018669567379725677]","[0.0, 0.0011600176637877036, 0.0022255398885442992, 0.00015068350500219466, 0.0004524442268357233]",,0.018443551054611335,0.013376005386949637,5.0,1.96
1b,25000,2875606,neural-fore,neural-main-oracle-bellman,-11.44532016600279,-11.458251343531485,-11.44896978656228,0.019444345050399586,-11.496362259830269,-11.4201404272327,1.0,0.003649620559489364,-0.00928155696920463,0.28656412346050353,0.28656412346050353,0.03869105382128808,0.037920839165744694,0.008211623900325489,nan,nan,0.054935794113705305,10.748730357986778,12.73423297663156,23219.82369973894,nan,nan,nan,nan,nan,nan,nan,nan,nan,180.0,0.0009623692341239158,32.69855272499844,20000.0,1.0,0.0,260.0,220.0,0.3399544035363501,0.34898711342089295,0.0003189496048019712,0.001151924307890017,37.86976463305764,34.224675949011,1.0,1.0,18339.832824967958,17360.381110372942,13.808709851324627,17.434405005197043,0.0,0.0,0.0,"[100, 100, 300, 100, 300]","[0.00039746065042294666, 0.003190292462561006, 0.0012240930576356268, 0.0, 0.0]","[300, 300, 300, 100, 300]","[100, 300, 300, 100, 300]","[0.0007634862823823865, 0.00027017721726877656, 0.0003407814083502139, 6.4361741729092e-05, 0.00015594137427938693]","[0.0010039664493130083, 0.0, 0.0, 0.004755655090137077, 0.0]",,0.019444345050399586,0.018453458097310915,5.0,1.96
1b,25000,2885606,neural-fore,neural-main-oracle-bellman,-11.451155801080949,-11.463525847467235,-11.44896978656228,0.018509693501156922,-11.499804846729502,-11.427246848204968,1.0,-0.002186014518668955,-0.014556060904954649,0.35480899871858534,0.35480899871858534,0.04482410287426375,0.04232375830789005,0.00714930202617907,nan,nan,0.05062071714646879,10.839014189371913,12.863574209597333,23103.45905096467,nan,nan,nan,nan,nan,nan,nan,nan,nan,220.0,0.0010863742273570095,40.82285115025006,20000.0,0.9999999999999998,0.0,140.0,180.0,0.27278326945589937,0.28252761179068264,0.0006514672146084494,0.00024936034011211,32.870106216217394,35.39051294997334,1.0,1.0,18348.177314505458,17019.843891510543,13.752857065195482,18.72223947414046,0.0,0.0,0.0,"[100, 100, 300, 300, 300]","[0.001385719142775903, 0.0018866245437282132, 0.0, 0.0008770290511566224, 0.0012824983991243089]","[100, 100, 100, 100, 300]","[100, 300, 300, 100, 100]","[0.00014164879490846698, 0.0009319522463433281, 0.00034937019706858616, 0.00048794586558514473, 0.0013464189691367208]","[0.0, 0.0004987921299568936, 0.0002650863434721295, 0.00048292322713152676, 0.0]",,0.018509693501156922,0.021889904893702086,5.0,1.96
1b,25000,2895606,neural-fore,neural-main-oracle-bellman,-11.47201342532436,-11.482500335162547,-11.44896978656228,0.01848431486409674,-11.518729592296177,-11.446271078028916,1.0,-0.023043638762079155,-0.033530548600266386,0.4089777613164623,0.4089777613164623,0.04916232082091284,0.04774329937307899,0.008010186194715474,nan,nan,0.04164700235890235,10.956994996246241,12.611516856374386,23148.044058854815,nan,nan,nan,nan,nan,nan,nan,nan,nan,260.0,0.0003519378047719685,42.191361416713335,20000.0,1.0,0.0,220.0,180.0,0.2896379977923805,0.30159055791701705,0.0007147677314131194,0.001535033098540178,37.921972791361625,35.89150390024297,1.0,1.0,18206.486205309513,16760.626122092013,13.886675153942821,19.416145328492668,0.0,0.0,0.0,"[300, 300, 300, 100, 300]","[0.0, 0.0, 0.0003025509863671797, 0.0014571380374926628, 0.0]","[300, 100, 100, 300, 300]","[100, 100, 100, 300, 300]","[2.601873917004333e-05, 0.0026166202294850296, 0.0009311996884105237, 0.0, 0.0]","[0.0008705839843050873, 0.006187482519221958, 0.0004771690437337055, 0.00013992994544014014, 0.0]",,0.01848431486409674,0.008633209147463678,5.0,1.96
1b,25000,2905606,neural-fore,neural-main-oracle-bellman,-11.439326588859375,-11.45519301377998,-11.44896978656228,0.01984844811430074,-11.49409597208401,-11.41629005547595,1.0,0.009643197702905226,-0.00622322721769919,0.2522803585798014,0.2522803585798014,0.04843201745541276,0.047779185582797964,0.0069807734802171005,nan,nan,0.04532664846537431,10.726321398248704,13.033766765560355,23210.596739997,nan,nan,nan,nan,nan,nan,nan,nan,nan,260.0,0.0005566327243030705,41.60234023337252,20000.0,1.0,0.0,220.0,260.0,0.34388915438651335,0.3487317831323411,0.0006671078328725,7.794424873961405e-05,37.96643135906197,40.524166116747075,1.0,1.0,18316.229649448338,17268.913318958035,13.495705954443803,17.206831486289314,0.0,0.0,0.0,"[300, 300, 300, 300, 100]","[0.0006286853086055877, 0.0, 0.0, 0.0012722321747421442, 0.0008822461381676204]","[300, 300, 100, 300, 100]","[300, 300, 300, 100, 300]","[0.0004423712940215591, 0.00020969079443865397, 0.000550510329243808, 0.0014083120369209655, 0.0007246547097375139]","[0.0, 0.0003897212436980703, 0.0, 0.0, 0.0]",,0.01984844811430074,0.01622442064942739,5.0,1.96
1b,25000,2915606,neural-fore,neural-main-oracle-bellman,-11.469564800558096,-11.481492841502526,-11.44896978656228,0.018241370963530405,-11.517245928591045,-11.445739754414006,1.0,-0.020595013995816203,-0.032523054940245544,0.35058627308314483,0.35058627308314483,0.044331350367277936,0.04386280319782391,0.007091650277458383,nan,nan,0.04986227624349117,10.838678039551084,12.763384814129425,23249.912616335674,nan,nan,nan,nan,nan,nan,nan,nan,nan,180.0,0.00036733459159300167,32.07455828334205,20000.0,1.0,0.0,300.0,220.0,0.28768446492557087,0.3025829967203714,0.0005539240745504559,0.000691454699005753,39.64836071662139,33.91024792522658,1.0000000000000002,1.0,18327.58269012798,17023.580711780854,13.499362159239089,18.60517306920216,0.0,0.0,0.0,"[100, 300, 100, 300, 100]","[0.0004018706777541594, 0.0, 0.0003116038895828905, 0.0, 0.0011231983906279585]","[300, 300, 300, 300, 300]","[300, 300, 300, 100, 100]","[0.0017859995866951696, 0.0003266851055199895, 0.0, 0.0006569356805371207, 0.0]","[0.0004886055104031829, 0.00021087107714256906, 0.0, 0.001821601240344653, 0.0009361956671383599]",,0.018241370963530405,0.026582686594476733,5.0,1.96
1b,25000,2925606,neural-fore,neural-main-oracle-bellman,-11.439674198554922,-11.446944687614568,-11.44896978656228,0.018209763439364125,-11.482635823955722,-11.411253551273415,1.0,0.009295588007358191,0.0020250989477119674,0.2088278630626482,0.2088278630626482,0.03373936484916261,0.03290178451873048,0.010219515521416093,nan,nan,0.04201319953744591,10.823287641068816,12.937772281658699,23161.09113168481,nan,nan,nan,nan,nan,nan,nan,nan,nan,220.0,0.00043597229357442634,39.55895376659464,20000.0,1.0,0.0,260.0,180.0,0.3033558488838391,0.31633884706639126,0.0005917945920399161,0.0006936421682196589,41.48560800061095,35.22801477496978,1.0,1.0,18197.802632513474,17078.618263703003,14.655499960045393,18.163915369472864,0.0,0.0,0.0,"[300, 100, 300, 100, 300]","[0.0, 0.0006271304929438994, 0.000766632612562859, 0.0003681249057273641, 0.0004179734566380092]","[300, 300, 100, 300, 300]","[300, 100, 300, 100, 100]","[0.0, 0.0, 0.0022932385040423955, 0.0003024514697345355, 0.00036328298642264965]","[0.0, 0.00148927695866325, 0.0006474914600260884, 6.371447319157519e-05, 0.001267727949217381]",,0.018209763439364125,0.012259113392773299,5.0,1.96
1b,25000,2935606,neural-fore,neural-main-oracle-bellman,-11.45704724432841,-11.468016109833911,-11.44896978656228,0.01866308418013137,-11.504595754826969,-11.431436464840854,1.0,-0.008077457766129115,-0.019046323271631138,0.3714795025576676,0.3714795025576676,0.040607030404527275,0.040501915815981886,0.01011954950132006,nan,nan,0.04177209376300855,10.954111616187603,12.998611196597476,23100.993360672608,nan,nan,nan,nan,nan,nan,nan,nan,nan,300.0,0.000410946312324593,41.33027494165581,20000.0,1.0,0.0,180.0,260.0,0.2980533270799656,0.30329644800753736,0.0009454877664212852,0.0016352458699351196,30.78760115040932,36.95532527524047,1.0,1.0,18450.552657635988,16834.171370612043,12.963229599104377,19.640668789997747,0.0,0.0,0.0,"[300, 300, 300, 300, 300]","[0.0, 0.0011622844170139333, 0.0001209253362615689, 0.0007715218083474624, 0.0]","[300, 300, 100, 100, 100]","[300, 100, 300, 300, 300]","[0.0, 0.0, 0.0015429321205088589, 0.0023512796105411493, 0.0008332271010564175]","[0.0, 0.0021956457203617472, 0.000625529855812463, 0.0, 0.005355053773501388]",,0.01866308418013137,0.021158892594152212,5.0,1.96
1b,25000,2945606,neural-fore,neural-main-oracle-bellman,-11.424101328808616,-11.434069892251133,-11.44896978656228,0.020553080444588815,-11.474353929922527,-11.393785854579738,1.0,0.024868457753663975,0.014899894311147577,0.2292550803796321,0.2292550803796321,0.04192262348412325,0.040796930589535894,0.005800411027777891,nan,nan,0.043840990251874,10.724694271702685,12.573653735366499,23270.34991884287,nan,nan,nan,nan,nan,nan,nan,nan,nan,260.0,7.364764520033197e-05,38.662202091980724,20000.0,1.0,0.0,300.0,300.0,0.39761825459938527,0.40663082274403173,0.0009302838975257368,0.0005742896329435453,40.40151690063067,39.87308830842376,1.0,0.9999999999999998,18101.176011385996,17554.41047518654,15.419773924667876,16.11445686503069,0.0,0.0,0.0,"[300, 300, 300, 300, 100]","[0.00021315886537421057, 0.0, 0.0, 0.0, 0.0001550793606274493]","[300, 300, 300, 300, 300]","[300, 300, 300, 300, 300]","[0.0, 0.0021625248671734132, 0.0010062539464651963, 0.0008990533564368628, 0.0005835873175532122]","[0.0010695512547613695, 0.0, 0.0, 0.0004137644368004759, 0.001388132473155881]",,0.020553080444588815,0.02401271007370717,5.0,1.96
1b,25000,2955606,neural-fore,neural-main-oracle-bellman,-11.427793166633613,-11.438897169270957,-11.44896978656228,0.01865304617209891,-11.47545713976827,-11.402337198773644,1.0,0.02117661992866715,0.010072617291323027,0.18074656316283666,0.18074656316283666,0.04010695228079607,0.04058799513976677,0.008489586482356346,nan,nan,0.039440431022007026,10.870266655973172,12.529863624989051,23240.33461051655,nan,nan,nan,nan,nan,nan,nan,nan,nan,300.0,0.0,41.175344492029396,20000.0,1.0,0.0,260.0,260.0,0.31224692104773616,0.3162744031335638,0.0008751427909192714,0.00033352511695727334,36.97988509999122,36.37083635854069,1.0,1.0,18259.088621075014,16903.778318123605,14.385237682476614,18.974600274786305,0.0,0.0,0.0,"[300, 300, 300, 300, 300]","[0.0, 0.0, 0.0, 0.0, 0.0]","[300, 100, 300, 300, 300]","[300, 300, 300, 300, 100]","[0.0, 0.0014131046404601364, 0.0024864576677190715, 0.0002325150255925465, 0.00024363662082460156]","[0.0, 0.0, 0.0006299687297768586, 0.00031237210132560995, 0.000725284753683898]",,0.01865304617209891,0.022590613926767752,5.0,1.96
1b,25000,2965606,neural-fore,neural-main-oracle-bellman,-11.435829505933249,-11.446269581618248,-11.44896978656228,0.01838321075454442,-11.482300674697155,-11.41023848853934,1.0,0.013140280629031054,0.002700204944032336,0.27573182856226885,0.27573182856226885,0.04684152762232273,0.0449884970108585,0.009294179800708438,nan,nan,0.044935384400178184,10.804876148632939,12.777860774784452,23177.351007016805,nan,nan,nan,nan,nan,nan,nan,nan,nan,180.0,0.0007539396324813069,36.516827500401995,20000.0,1.0,0.0,260.0,220.0,0.29946290061711955,0.31613763498261604,0.0005787010771136416,0.0007390309971416416,41.384052308276296,38.343343859212474,1.0,1.0,18120.793901660214,16856.640346045922,14.329812558762546,19.256247128983016,0.0,0.0,0.0,"[100, 100, 300, 300, 100]","[0.0005605622561775296, 0.001345004302799971, 0.000837217580983178, 0.0006208041011971502, 0.00040610992124870556]","[100, 300, 300, 300, 300]","[300, 300, 100, 100, 300]","[0.0011382690205659573, 0.0007107424822106263, 0.0010144392336458399, 3.0054649145784327e-05, 0.0]","[0.0019471525808217739, 0.0, 0.00024464778802888766, 0.0008746908062356296, 0.000628663810621917]",,0.01838321075454442,0.010245296966828424,5.0,1.96
1b,25000,2975606,neural-fore,neural-main-oracle-bellman,-11.435108962861785,-11.451683353589395,-11.44896978656228,0.018457128755543575,-11.48785932595026,-11.41550738122853,1.0,0.013860823700495573,-0.0027135670271150047,0.18054108438619262,0.18054108438619262,0.03772470645262056,0.03758718496425278,0.004068993539523751,nan,nan,0.04055729164667692,10.91902709073591,12.466683990025134,23180.297282171283,nan,nan,nan,nan,nan,nan,nan,nan,nan,300.0,0.00022412153642619747,45.495059558004144,20000.0,1.0,0.0,260.0,260.0,0.3185300948203036,0.3302054177434902,0.00016717442729072474,0.0006458623832588203,40.820665908814405,41.02545220782049,1.0,1.0,18434.591742482684,17035.040413185452,13.439044380846832,17.581908266640024,0.0,0.0,0.0,"[300, 300, 300, 300, 300]","[0.00040443583355316467, 0.0, 0.0, 0.0005338818894531909, 0.0001822899591246316]","[100, 300, 300, 300, 300]","[300, 300, 300, 100, 300]","[0.0008358721364536238, 0.0, 0.0, 0.0, 0.0]","[0.0005698522841770159, 0.0003503174071926376, 0.0012590933086891905, 0.0007893629429245857, 0.00026068597331067135]",,0.018457128755543575,0.025122066773006213,5.0,1.96
1b,25000,2985606,neural-fore,neural-main-oracle-bellman,-11.423299305925426,-11.428315244762397,-11.44896978656228,0.01827505942786382,-11.46413436124101,-11.392496128283783,1.0,0.02567048063685462,0.020654541799883575,0.3285361418160773,0.3285361418160773,0.041355627354828076,0.04131326271745649,0.00839703134578061,nan,nan,0.04689370343668365,10.80501176674792,12.437270997332881,23264.632003097093,nan,nan,nan,nan,nan,nan,nan,nan,nan,260.0,0.0001492146742083251,41.74609662517905,20000.0,1.0,0.0,260.0,140.0,0.2998290660245566,0.30981526876878224,0.0005441543289772955,0.0009208193402642213,41.05173515835777,32.755967966583555,1.0,1.0,18442.608032281714,16962.153237051723,13.597033950600125,18.956942914627934,0.0,0.0,0.0,"[100, 300, 300, 300, 300]","[0.0006093631849326635, 0.0, 0.0, 0.0, 0.00013671018610896197]","[300, 300, 100, 300, 300]","[100, 100, 100, 100, 300]","[0.0019220450675762938, 0.0, 0.0007987265773101836, 0.0, 0.0]","[0.0011122022010742003, 0.0013891089756845052, 0.0021027855245624007, 0.0, 0.0]",,0.01827505942786382,0.024661095763906363,5.0,1.96
1b,25000,2995606,neural-fore,neural-main-oracle-bellman,-11.389726565223098,-11.394631162115298,-11.44896978656228,0.01902913342569053,-11.43192826362965,-11.357334060600945,0.0,0.05924322133918203,0.054338624446982564,0.20772596107676272,0.20772596107676272,0.05071614920973357,0.04700106364415489,0.006367937526457869,nan,nan,0.04789972022087235,10.669574848571658,12.773449912653838,23378.363060486943,nan,nan,nan,nan,nan,nan,nan,nan,nan,300.0,0.0004931027747530823,41.58383450035471,20000.0,1.0,0.0,180.0,220.0,0.3691210119694309,0.37551356249009676,0.0007667405001614573,0.0010412496353965936,31.26151198318694,33.30159950796515,1.0,1.0,18649.46739099137,17609.4824879634,13.132682959216018,16.27640220005349,0.0,0.0,0.0,"[300, 300, 300, 300, 300]","[0.00031218036248271947, 0.00026030631165005095, 0.0010880793921570044, 0.0008049478074756361, 0.0]","[300, 100, 100, 100, 300]","[300, 100, 300, 100, 300]","[0.0005731491521823613, 0.0010138036003700193, 0.001281109051719653, 0.0005948834784028855, 0.0003707572181323676]","[0.0004604268648467953, 0.0037487590045285095, 0.0009970623076076624, 0.0, 0.0]",,0.01902913342569053,0.014364581470271929,5.0,1.96
1b,25000,3005606,neural-fore,neural-main-oracle-bellman,-11.437006645147724,-11.453393850535969,-11.44896978656228,0.019151433177144284,-11.490930659563173,-11.415857041508765,1.0,0.011963141414556233,-0.004424063973688774,0.27724750880052024,0.27724750880052024,0.03768876661274079,0.03680104614276053,0.008140337814504057,nan,nan,0.04551440555341362,10.864454143987647,12.866922229075426,23166.45231069462,nan,nan,nan,nan,nan,nan,nan,nan,nan,260.0,0.0004338029338349576,43.236383041972296,20000.0,1.0,0.0,300.0,300.0,0.3344969001752127,0.3445201104831372,0.00021817228503778885,0.00019528092463227126,45.07785455817357,45.047438525571486,1.0,1.0,18259.433015205388,17296.39632062117,13.795741031800668,17.116797022521343,0.0,0.0,0.0,"[300, 300, 100, 300, 300]","[0.0, 0.0, 0.0013542949894745026, 0.0008147196797002855, 0.0]","[300, 300, 300, 300, 300]","[300, 300, 300, 300, 300]","[0.0, 0.0, 0.0006774897098847731, 0.000413371715304171, 0.0]","[0.0, 0.0, 0.000480239361486194, 0.0004961652616751624, 0.0]",,0.019151433177144284,0.019490451466766524,5.0,1.96
1b,25000,3015606,neural-fore,neural-main-oracle-bellman,-11.437810409825103,-11.456299179003876,-11.44896978656228,0.018968689934467885,-11.493477811275433,-11.41912054673232,1.0,0.011159376737177595,-0.007329392441596028,0.2488550456304656,0.2488550456304656,0.03677996634344407,0.0349715762178814,0.007403273480785029,nan,nan,0.03664832603807144,10.792285019937848,12.779479564403529,23175.452819791615,nan,nan,nan,nan,nan,nan,nan,nan,nan,260.0,0.00037912907056290835,39.105669974791816,20000.0,1.0,0.0,260.0,300.0,0.3151249000524903,0.31954418508478655,0.0006652022980672033,0.0005713622345875303,38.65096913399175,42.07548490813933,1.0,1.0,18223.32708920055,16754.32950031934,13.719680231876316,18.83843757857322,0.0,0.0,0.0,"[300, 300, 300, 300, 100]","[0.0, 0.00021685443500742905, 0.0, 0.0006126091204026643, 0.0010661817974044485]","[300, 100, 300, 300, 300]","[300, 300, 300, 300, 300]","[0.000135864371728138, 0.0017417814845818074, 0.0, 0.0014483656340260713, 0.0]","[0.0016984485125144276, 0.0011469579819310938, 0.0, 1.1404678492130553e-05, 0.0]",,0.018968689934467885,0.015898031262294658,5.0,1.96
1b,25000,3025606,neural-fore,neural-main-oracle-bellman,-11.391262515254601,-11.406777778359046,-11.44896978656228,0.019289643393517894,-11.44458547941034,-11.368970077307752,0.0,0.057707271307679164,0.042192008203233655,0.16865776907637048,0.16865776907637048,0.041939518183658916,0.04115135203465411,0.007221085626726101,nan,nan,0.041896574725165656,10.759057758731583,12.621372079952739,23308.01293141867,nan,nan,nan,nan,nan,nan,nan,nan,nan,300.0,0.00019068735070198938,43.73032526641619,20000.0,1.0,0.0,300.0,220.0,0.3630161928303909,0.3746343680656289,9.40676022984099e-05,0.0007484715235461699,41.921011842275036,36.64676032543648,1.0,1.0,18149.2273456473,17282.089323568223,14.415052033250737,17.369622815456445,0.0,0.0,0.0,"[300, 300, 300, 300, 300]","[0.0, 0.0004217098115205686, 0.0005317269419893783, 0.0, 0.0]","[300, 300, 300, 300, 300]","[100, 100, 300, 300, 300]","[0.0, 0.0, 0.0, 0.0, 0.0004703380114920495]","[0.0010613667962223387, 0.0007750015611366669, 0.0019059892603718435, 0.0, 0.0]",,0.019289643393517894,0.014067426467023095,5.0,1.96
1b,25000,3035606,neural-fore,neural-main-oracle-bellman,-11.418662443406388,-11.424827349004902,-11.44896978656228,0.018949752824455556,-11.461968864540834,-11.38768583346897,1.0,0.030307343155891786,0.024142437557378216,0.20391903555469523,0.20391903555469523,0.03767380609846524,0.03648577995461779,0.007827023015249946,nan,nan,0.0378279967741255,10.800671136760592,12.535847017611394,23241.169919114567,nan,nan,nan,nan,nan,nan,nan,nan,nan,300.0,0.00034267207593982244,43.5544335665647,20000.0,1.0,0.0,300.0,300.0,0.3316050158366078,0.33928176309533414,0.000820777507302892,0.001089005879131367,42.95989595840219,41.62922531659715,1.0,1.0,18359.853110749635,17194.142937074368,13.205095687333088,17.27261163296649,0.0,0.0,0.0,"[300, 300, 300, 300, 300]","[0.0013463561405250327, 0.0, 0.00021615473185361938, 0.0, 0.00015084950732046]","[300, 300, 300, 300, 300]","[300, 300, 300, 300, 300]","[0.0032570657826965703, 0.0, 0.0008468217538178896, 0.0, 0.0]","[0.0003160142067536675, 0.0, 0.0, 0.0016025661417234018, 0.003526449047179766]",,0.018949752824455556,0.014250668884032402,5.0,1.96
1b,25000,3045606,neural-fore,neural-main-oracle-bellman,-11.44525141999473,-11.456748204260371,-11.44896978656228,0.018317026544777893,-11.492649576288136,-11.420846832232607,1.0,0.003718366567550646,-0.007778417698091289,0.23827626840969812,0.23827626840969812,0.03462934092818296,0.034076355346103246,0.006930761360795518,nan,nan,0.042124356943669124,10.904049539102115,12.27775049065082,23250.55885547013,nan,nan,nan,nan,nan,nan,nan,nan,nan,220.0,0.0005017028539841164,38.03960223328322,20000.0,1.0,0.0,300.0,300.0,0.2969760374915185,0.3079462927564385,0.00020432744936756003,0.00037321393088409285,41.39400233293418,41.05137753360905,1.0,1.0,18248.73658407647,16896.844782878565,14.11669290694066,18.774182359396647,0.0,0.0,0.0,"[100, 300, 300, 100, 300]","[0.0007426640317405674, 4.883594464591683e-05, 0.0, 0.0017170142935340978, 0.0]","[300, 300, 300, 300, 300]","[300, 300, 300, 300, 300]","[0.0008575573485402311, 0.0, 0.0, 0.00016407989829756906, 0.0]","[0.0, 0.0, 0.00032336350652873986, 0.0, 0.0015427061478917245]",,0.018317026544777893,0.01573979596807657,5.0,1.96
1b,25000,3055606,neural-fore,neural-main-oracle-bellman,-11.448803154641123,-11.460919041512224,-11.44896978656228,0.018576676225548733,-11.497329326914299,-11.424508756110148,1.0,0.00016663192115728975,-0.011949254949943366,0.20504820712677244,0.20504820712677244,0.038439938177837855,0.03812696705830879,0.007147794438381502,nan,nan,0.036360269085773986,10.983570656009885,12.706405596859673,23099.742946467057,nan,nan,nan,nan,nan,nan,nan,nan,nan,300.0,7.979618611973454e-05,41.43666527483147,20000.0,1.0,0.0,260.0,300.0,0.324642294782209,0.34037977610004344,0.00021232888864861787,0.00017893595832533106,37.13325652559288,39.21752586660441,1.0,1.0,17980.722950585336,16786.629100394326,15.162988826748332,18.446560546559876,0.0,0.0,0.0,"[300, 300, 300, 300, 300]","[0.0, 0.0, 0.0003800303572652461, 0.0, 1.8950573333426572e-05]","[300, 100, 300, 300, 300]","[300, 300, 300, 300, 300]","[0.0, 0.0010616444432430894, 0.0, 0.0, 0.0]","[0.0004193013179900369, 0.0, 0.0, 0.0004753784736366184, 0.0]",,0.018576676225548733,0.02095547603382191,5.0,1.96
1b,25000,3065606,neural-fore,neural-main-oracle-bellman,-11.425017593596763,-11.43865311395605,-11.44896978656228,0.01897851442921715,-11.475851002237317,-11.401455225674784,1.0,0.023952192965516872,0.010316672606229815,0.2704870650912238,0.2704870650912238,0.0488428874013378,0.04855792978723551,0.008646410959571806,nan,nan,0.06465564261676686,10.825631330827367,13.320773927371977,23163.71941177209,nan,nan,nan,nan,nan,nan,nan,nan,nan,140.0,0.0007632404794351385,33.18627392447088,20000.0,1.0,0.0,180.0,180.0,0.33397210226294527,0.35235467285658284,0.0018192550395697087,0.0018412490536783225,34.914930183207616,36.20437167459168,1.0,1.0,18201.493992352163,17185.46354001867,13.626110865171318,17.63407929706877,0.0,0.0,0.0,"[100, 100, 100, 100, 300]","[0.0, 0.0011552024680003279, 0.0019673221383803736, 0.000693677790794991, 0.0]","[300, 100, 100, 100, 300]","[300, 100, 100, 100, 300]","[0.0016612889293136778, 0.0017511015323336643, 0.001865785705336583, 0.003818099030864618, 0.0]","[0.0004566660617889237, 0.0011788010548745068, 0.0016306210843002472, 0.005775988218893756, 0.00016416884853417892]",,0.01897851442921715,0.01665834864498882,5.0,1.96
1b,25000,3075606,neural-fore,neural-main-oracle-bellman,-11.435945712357967,-11.44752862770874,-11.44896978656228,0.017908752084668498,-11.48262978179469,-11.41242747362279,1.0,0.013024074204313507,0.0014411588535399034,0.17438331091888337,0.17438331091888337,0.03669756421190505,0.035455896764278495,0.007794438446273664,nan,nan,0.04089465768888269,10.87221061313596,12.681923096585956,23097.396787487134,nan,nan,nan,nan,nan,nan,nan,nan,nan,260.0,0.0006272943889547968,41.9587289086543,20000.0,1.0,0.0,260.0,260.0,0.2725075370164447,0.278987839994283,0.000876444477624691,0.001874537817636379,40.556906924396756,40.6422934748698,1.0,1.0,18043.752146422437,16629.03511434219,14.80905091926289,20.07446986420645,0.0,0.0,0.0,"[300, 100, 300, 300, 300]","[0.0, 0.0013562740068743747, 0.000595352759220008, 0.00043278894125031963, 0.0007520562374292814]","[300, 300, 300, 100, 300]","[300, 300, 300, 100, 300]","[0.0019071676719570087, 0.0005099727150694893, 0.0006584044409656596, 0.0013066775601312973, 0.0]","[0.008697482276110566, 0.0002703409269285431, 0.0, 0.00040486588514278613, 0.0]",,0.017908752084668498,0.0263739557533858,5.0,1.96
1b,25000,3085606,neural-fore,neural-main-oracle-bellman,-11.425061641705742,-11.432883485765997,-11.44896978656228,0.0190783435087857,-11.470277039043216,-11.395489932488777,1.0,0.023908144856537916,0.01608630079628348,0.1827556984109037,0.1827556984109037,0.03217197655409818,0.029598587912698638,0.007563812573117202,nan,nan,0.04437510165151665,10.799208271689386,12.65001211620495,23237.61970588543,nan,nan,nan,nan,nan,nan,nan,nan,nan,220.0,0.0009038412879279478,39.48009814992547,20000.0,1.0,0.0,260.0,260.0,0.3509160830865532,0.35981542703794683,0.0013950269280375899,0.001036071805495739,41.27449675893877,41.25293101717252,1.0,1.0,18350.19487528035,17157.905481389327,13.885678179974946,17.91776621479994,0.0,0.0,0.0,"[100, 100, 300, 300, 300]","[0.0009608105732039557, 0.0015099345613337877, 0.0013058960074193626, 0.0007425652976826325, 0.0]","[300, 300, 300, 100, 300]","[300, 300, 300, 100, 300]","[0.0, 0.0009097651346765088, 0.0003886635639325435, 0.004450320251007089, 0.0012263856905718078]","[0.0010454682950302278, 0.0008483035761773507, 0.0, 0.0029146746830830215, 0.0003719124731880949]",,0.0190783435087857,0.019858748094743882,5.0,1.96
1b,25000,3095606,neural-fore,neural-main-oracle-bellman,-11.418797148119735,-11.430189691963205,-11.44896978656228,0.019474824466593318,-11.468360347917729,-11.392019036008682,1.0,0.030172638442545363,0.018780094599074815,0.11736645962905548,0.11736645962905548,0.02556218123475292,0.025668225628604463,0.0089011896416524,nan,nan,0.03756123980846027,10.7706466604414,12.777278809403679,23223.46591869187,nan,nan,nan,nan,nan,nan,nan,nan,nan,260.0,0.0007877113805567215,42.85301120819058,20000.0,0.9999999999999998,0.0,260.0,180.0,0.34797054019931495,0.35663696345975093,0.0006931337541604815,0.000995828938359708,41.21028365800157,35.41941280020401,1.0,1.0,18221.941748555975,17286.472791299802,13.96303738175406,17.1728565635994,0.0,0.0,0.0,"[300, 100, 300, 300, 300]","[0.0016459755970583377, 0.0020887925899569317, 0.0, 0.0, 0.0002037887157683385]","[100, 300, 300, 300, 300]","[100, 100, 300, 100, 300]","[0.0017811643552065087, 0.0008823265416184247, 0.0, 0.0, 0.0008021778739774742]","[0.0019039383764078773, 0.0015832826580270028, 0.0006213117004919663, 0.0008706119568716935, 0.0]",,0.019474824466593318,0.0130635509677871,5.0,1.96
1b,25000,3105606,neural-fore,neural-main-oracle-bellman,-11.453840628654463,-11.46477031100189,-11.44896978656228,0.0178907519294395,-11.499836184783591,-11.42970443722019,1.0,-0.004870842092183025,-0.01580052443961044,0.35034369300701285,0.35034369300701285,0.04957453203140992,0.04902277219641217,0.011123109586055297,nan,nan,0.04559545920359247,10.99519983666636,13.216277031519056,22918.837206166547,nan,nan,nan,nan,nan,nan,nan,nan,nan,220.0,0.000587192939083239,40.33602126701735,20000.0,1.0,0.0,220.0,180.0,0.257258183978575,0.26893631032263293,0.0008636005184031626,0.0008217424614693521,38.23918782495893,35.228243117197415,1.0,1.0,17690.847778100753,16270.982412896625,16.38735676636337,20.927958343550067,0.0,0.0,0.0,"[100, 300, 300, 300, 100]","[0.001023485443078776, 0.0006075673418971848, 0.0, 0.0005385186200570674, 0.000766393290383167]","[100, 300, 300, 100, 300]","[100, 300, 300, 100, 100]","[0.0015879366040351907, 0.0, 0.0, 0.0027300659879806225, 0.0]","[0.0007129010896748462, 0.0, 0.0, 0.0008705490125112267, 0.002525262205160688]",,0.0178907519294395,0.016767698742484703,5.0,1.96
1b,25000,3115606,neural-fore,neural-main-oracle-bellman,-11.435280797920216,-11.448239602425819,-11.44896978656228,0.018409781333841184,-11.484322773840148,-11.41215643101149,1.0,0.01368898864206436,0.0007301841364615314,0.403340735283621,0.403340735283621,0.04156146316049085,0.04149501990923848,0.013122731564706908,nan,nan,0.04725013658373469,10.888965570273767,12.549183496133493,23211.36116159175,nan,nan,nan,nan,nan,nan,nan,nan,nan,300.0,0.0003671295776982121,46.95178641637322,20000.0,1.0,0.0,300.0,260.0,0.3123409393540185,0.32024035434292186,0.00038387867289218553,0.001001294011403225,44.97047365885228,41.272568749962375,1.0,1.0,18377.78537812334,16882.270538705685,13.779955494566234,18.771227800650635,0.0,0.0,0.0,"[300, 300, 300, 300, 300]","[0.0003785023672282763, 0.00011814853060594526, 0.0, 0.0, 0.001338996990656839]","[300, 300, 300, 300, 300]","[300, 300, 300, 300, 100]","[0.0, 0.0, 0.000814855468690837, 0.00018879868487697258, 0.0009157392108931181]","[0.0020954926172750813, 0.0004612943045151778, 0.000874852332369839, 9.207496358373552e-05, 0.0014827558392722904]",,0.018409781333841184,0.01728731647892416,5.0,1.96
1b,25000,3125606,neural-fore,neural-main-oracle-bellman,-11.423225929024019,-11.43593685200977,-11.44896978656228,0.01944092460100547,-11.47404106422774,-11.3978326397918,1.0,0.02574385753826114,0.013032934552510866,0.32601361337554474,0.32601361337554474,0.04366124573531634,0.0431174743495451,0.008526995929803338,nan,nan,0.04063255850687673,10.810951924058653,12.821196165085652,23258.51708212215,nan,nan,nan,nan,nan,nan,nan,nan,nan,260.0,0.0003588604511628703,39.69561133342795,20000.0,1.0,0.0,300.0,300.0,0.36063599608953667,0.37194824022082296,0.00014192517163279217,0.00048817573405201913,41.83769115880132,40.80667046688031,1.0,1.0,18260.61906443118,17240.296787966083,14.153187799262081,17.213023398710053,0.0,0.0,0.0,"[300, 300, 300, 100, 300]","[0.000525083356576344, 0.0005652705101140541, 0.0003096113949966315, 0.0002235034212908666, 0.0001708335728364554]","[300, 300, 300, 300, 300]","[300, 300, 300, 300, 300]","[0.0007096258581639609, 0.0, 0.0, 0.0, 0.0]","[0.0010039900722127629, 0.0, 0.0006232089151903632, 0.0, 0.0008136796828569695]",,0.01944092460100547,0.020501859780538187,5.0,1.96
1b,25000,3135606,neural-fore,neural-main-oracle-bellman,-11.438241583527725,-11.457723370819028,-11.44896978656228,0.019203492531967646,-11.495362216181684,-11.420084525456373,1.0,0.010728203034554795,-0.008753584256748326,0.18351916592304784,0.18351916592304784,0.031890215881374806,0.03127043151855529,0.007063304112404243,nan,nan,0.04229348453688878,10.897698587849984,12.99505052763388,23082.16042951247,nan,nan,nan,nan,nan,nan,nan,nan,nan,260.0,0.0003502474647257972,42.23177265841514,20000.0,1.0,0.0,260.0,220.0,0.3283587935298226,0.3351534972970248,0.00045700749719981723,0.00041830275958970397,40.893224616604854,37.70566636635922,1.0,1.0,18221.284456208916,16763.483621218074,13.637652043307915,19.157161138188435,0.0,0.0,0.0,"[300, 100, 300, 300, 300]","[0.0, 0.000505825992641637, 0.0, 0.0, 0.0012454113309873492]","[300, 100, 300, 300, 300]","[300, 100, 300, 100, 300]","[0.0, 0.002285037485999086, 0.0, 0.0, 0.0]","[0.0, 0.0013750042727848366, 0.0, 0.0007165095251636834, 0.0]",,0.019203492531967646,0.02452886507457747,5.0,1.96
1b,25000,3145606,neural-fore,neural-main-oracle-bellman,-11.451660145684484,-11.462004678865293,-11.44896978656228,0.01811521598381461,-11.49751050219357,-11.426498855537016,1.0,-0.0026903591222033896,-0.013034892303013024,0.22697010691669747,0.22697010691669747,0.038876182394457115,0.03732590038339391,0.00677898983718145,nan,nan,0.04982273374421026,10.84957543830539,12.9360236281483,23232.76806959027,nan,nan,nan,nan,nan,nan,nan,nan,nan,220.0,0.0009171430360121423,34.93516699119937,20000.0,1.0,0.0,260.0,180.0,0.2972849913791259,0.3074917720210708,0.0005934336090117835,0.0009664103083239902,36.33566587502137,31.236782383080573,1.0,1.0,18453.38421109076,16903.383183357008,13.61269934846489,19.354506805810853,0.0,0.0,0.0,"[300, 300, 300, 100, 100]","[0.0, 0.0005733855849992338, 0.0016757017051320458, 0.0007625908508324432, 0.0015740370390969886]","[300, 300, 300, 100, 300]","[100, 300, 300, 100, 100]","[0.0012178989925354913, 0.0, 0.0, 0.0017492690525234258, 0.0]","[0.0019356149276683243, 0.0, 0.0024021210626129696, 0.0, 0.0004943155513386563]",,0.01811521598381461,0.012561365747109676,5.0,1.96
1b,25000,3155606,neural-fore,neural-main-oracle-bellman,-11.441850329765435,-11.451682250999466,-11.44896978656228,0.019960835944009186,-11.490805489449725,-11.412559012549208,1.0,0.007119456796845114,-0.0027124644371863127,0.19315383394775967,0.19315383394775967,0.036304434919439785,0.03520832516398851,0.006867429386978163,nan,nan,0.04596249711055483,10.80816896593129,12.8826660154693,23154.07448429739,nan,nan,nan,nan,nan,nan,nan,nan,nan,220.0,0.0008207086586026063,39.33316689943895,20000.0,1.0,0.0,260.0,220.0,0.3473188024758711,0.3569710733094374,0.0013837057365759502,0.0017960455423383273,40.98069878378883,37.6020231747767,1.0,1.0,18086.787673656836,17316.421508192976,14.175227070916964,17.11099933068088,0.0,0.0,0.0,"[100, 300, 100, 300, 300]","[0.001281345961095478, 0.0, 0.0022234590274954067, 0.0, 0.0005987383044221473]","[300, 100, 300, 300, 300]","[300, 100, 100, 300, 300]","[0.0010459988884902714, 0.001677663143942655, 0.0018881866794009882, 0.0, 0.002306679971045836]","[0.0009760180680235296, 0.0012173851996333928, 0.002212091973067741, 0.0, 0.0045747324709669735]",,0.019960835944009186,0.025123790117184453,5.0,1.96
1b,25000,3165606,neural-fore,neural-main-oracle-bellman,-11.447015585128138,-11.454690529592407,-11.44896978656228,0.018775585685943036,-11.491490677536856,-11.417890381647958,1.0,0.0019542014341418223,-0.005720743030126485,0.2467250024896191,0.2467250024896191,0.029079400418535063,0.028730830013931518,0.006493593767108789,nan,nan,0.04940397950978899,10.955646918985025,12.510952504548305,23136.545839980587,nan,nan,nan,nan,nan,nan,nan,nan,nan,260.0,0.00014020222876098167,42.64342534197495,20000.0,1.0,0.0,260.0,260.0,0.3056310358411859,0.31334031179249566,0.0007413313937591995,0.00042446305641534313,40.83100751703605,41.16376026684884,1.0,1.0,18211.42844944792,17074.70834721204,13.738137095227085,18.44830464383626,0.0,0.0,0.0,"[100, 300, 300, 300, 300]","[0.00024261615080298004, 0.0, 0.0, 0.0, 0.00045839499300192834]","[100, 300, 300, 300, 300]","[300, 300, 300, 100, 300]","[0.0011056808275639112, 0.002456999314700018, 0.0, 0.0, 0.00014397682653206838]","[0.0010143324840633482, 0.0, 0.0, 0.0011079827980133678, 0.0]",,0.018775585685943036,0.021163686250098727,5.0,1.96
1b,25000,3175606,neural-fore,neural-main-oracle-bellman,-11.44719175365158,-11.458663656190883,-11.44896978656228,0.0188119339870449,-11.495535046805491,-11.421792265576274,1.0,0.0017780329106997783,-0.009693869628602414,0.16871858730205952,0.16871858730205952,0.03535656435304622,0.03392986603198287,0.009047903054818451,nan,nan,0.03412331086447547,10.941974933681824,12.773497879603898,23109.62462151374,nan,nan,nan,nan,nan,nan,nan,nan,nan,300.0,1.6837415991668156e-06,45.21491784984246,20000.0,1.0,0.0,300.0,260.0,0.30759665652108004,0.310799159356365,0.0,8.725026669752635e-05,43.41406690820586,40.63459745817818,1.0,1.0,18095.95518131683,17178.43105421757,13.973918387637358,17.786316965880104,0.0,0.0,0.0,"[300, 300, 300, 300, 300]","[0.0, 0.0, 8.418707995834078e-06, 0.0, 0.0]","[300, 300, 300, 300, 300]","[300, 300, 100, 300, 300]","[0.0, 0.0, 0.0, 0.0, 0.0]","[0.0, 0.0003558699077890852, 8.038142569854652e-05, 0.0, 0.0]",,0.0188119339870449,0.014472410268212194,5.0,1.96
1b,25000,3185606,neural-fore,neural-main-oracle-bellman,-11.452727901139292,-11.465957207217086,-11.44896978656228,0.018636602503723617,-11.502484948124383,-11.429429466309788,1.0,-0.0037581145770122504,-0.01698742065480552,0.28233090096019847,0.28233090096019847,0.03577092601545413,0.035661560044274065,0.009048025293575896,nan,nan,0.042564415883288645,10.809386183518791,12.38035301359432,23304.341656644665,nan,nan,nan,nan,nan,nan,nan,nan,nan,300.0,0.0,46.15608775820583,20000.0,1.0,0.0,300.0,300.0,0.33081472430014797,0.34287754286280814,0.0003284290673608519,7.261835184348757e-05,44.90905845060479,44.35589248323813,1.0,1.0,18373.687439319245,17367.745829080777,13.627199618376846,17.316740870192596,0.0,0.0,0.0,"[300, 300, 300, 300, 300]","[0.0, 0.0, 0.0, 0.0, 0.0]","[300, 300, 300, 300, 300]","[300, 300, 300, 300, 300]","[0.0009025776174180614, 0.0, 0.0, 0.00021555621555971043, 0.0005240115038264875]","[0.0003630917592174379, 0.0, 0.0, 0.0, 0.0]",,0.018636602503723617,0.00988255014065266,5.0,1.96
1b,25000,3195606,neural-fore,neural-main-oracle-bellman,-11.421442904761133,-11.437428347665437,-11.44896978656228,0.018174560862479736,-11.473050486955897,-11.401806208374976,1.0,0.027526881801147596,0.011541438896843559,0.3389154558817725,0.3389154558817725,0.05178292175771708,0.05027227553372624,0.00786079317624081,nan,nan,0.039393048439207684,11.02298058630079,12.916556967843178,23030.629286791864,nan,nan,nan,nan,nan,nan,nan,nan,nan,300.0,5.320427891848296e-05,45.590945833199655,20000.0,1.0,0.0,260.0,260.0,0.29318770738123356,0.303692506261808,0.0014699496588280558,0.0007428268500785184,41.68509825025685,41.20892920840997,1.0,1.0,18234.911518089713,16588.265188346646,13.179961408193284,20.325090232520104,0.0,0.0,0.0,"[300, 300, 300, 300, 300]","[0.0, 0.000129948794960055, 0.0, 0.0, 0.00013607259963235985]","[300, 100, 300, 300, 300]","[300, 300, 300, 100, 300]","[0.0, 0.0027007000931474775, 0.0005638542997070743, 0.0027137822967087228, 0.0013714116045770051]","[0.0015256179613484706, 0.0010704284984110143, 0.0009515088279761939, 0.00011842949054957777, 4.8149472107334775e-05]",,0.018174560862479736,0.02678082917915999,5.0,1.96
1b,25000,3205606,neural-fore,neural-main-oracle-bellman,-11.452840846370458,-11.458164899303807,-11.44896978656228,0.018809658813656996,-11.495031830578574,-11.42129796802904,1.0,-0.0038710598081781455,-0.009195112741526401,0.3474651102098698,0.3474651102098698,0.04561688132299423,0.04448494738844041,0.006504395153444124,nan,nan,0.03565895275928372,10.782351009306245,12.766472294861364,23187.541276490836,nan,nan,nan,nan,nan,nan,nan,nan,nan,260.0,0.00036052669330993584,37.782968899863775,20000.0,1.0,0.0,300.0,260.0,0.32334932349125683,0.3300288778610289,0.00046630224136342234,0.00036026370605930764,39.210182408452965,35.9754375081975,1.0,1.0,18278.360556328284,17215.658039529135,13.626643020859944,17.774110362071262,0.0,0.0,0.0,"[300, 300, 100, 300, 300]","[0.0, 0.0008262802603612989, 0.000951456644110111, 2.4896562078269325e-05, 0.0]","[300, 300, 300, 300, 300]","[300, 300, 300, 300, 100]","[0.002104983224538148, 0.0002265279822789635, 0.0, 0.0, 0.0]","[0.0014137040838042589, 0.0, 0.0, 0.00021862711007587964, 0.0001689873364163995]",,0.018809658813656996,0.012382197144513692,5.0,1.96
1b,25000,3215606,neural-fore,neural-main-oracle-bellman,-11.415417015461802,-11.428932293451258,-11.44896978656228,0.018457855199324948,-11.465109689641935,-11.39275489726058,1.0,0.03355277110047794,0.020037493111022542,0.26639614111985366,0.26639614111985366,0.055605044098855784,0.055870169450215015,0.009058343931253078,nan,nan,0.0478622448053096,10.882104425471848,12.490974432594374,23287.165126895336,nan,nan,nan,nan,nan,nan,nan,nan,nan,260.0,2.9454579955787858e-05,39.70439261700958,20000.0,1.0,0.0,300.0,260.0,0.31452066441280235,0.32166106041313086,0.0004641732483337501,0.0009146927790730485,40.96955124980305,38.31754836579785,1.0,1.0,18486.1318872054,17177.46907884569,13.079377256865168,18.138089408839342,0.0,0.0,0.0,"[300, 300, 300, 100, 300]","[0.0, 0.0, 0.0, 0.00014727289977893929, 0.0]","[300, 300, 300, 300, 300]","[100, 300, 300, 300, 300]","[0.0, 0.0, 0.0018006239641261221, 0.0005202422775426285, 0.0]","[0.001657331028599728, 0.0012610121169187522, 0.0005344059354887892, 0.001120714814357973, 0.0]",,0.018457855199324948,0.017134487958129625,5.0,1.96
1b,25000,3225606,neural-fore,neural-main-oracle-bellman,-11.467091730680684,-11.473670808229583,-11.44896978656228,0.01957285551956034,-11.512033605047922,-11.435308011411244,1.0,-0.018121944118403732,-0.024701021667302925,0.2504851087279937,0.2504851087279937,0.04989874547539132,0.049835021896066,0.012525166877731935,nan,nan,0.038327121535906374,10.995668560193554,12.868415415796745,22959.623028182057,nan,nan,nan,nan,nan,nan,nan,nan,nan,260.0,0.0003791925070420865,42.64892496699467,20000.0,1.0,0.0,300.0,260.0,0.32586143061882084,0.3323617553120701,0.0006943107109629973,0.001272650713962754,43.99574494143017,40.85211954996921,1.0,1.0000000000000002,17970.376490640658,16913.143231369115,14.86882755418576,18.967823268590564,0.0,0.0,0.0,"[100, 300, 300, 300, 300]","[0.0012195213705406855, 0.0006764411646697471, 0.0, 0.0, 0.0]","[300, 300, 300, 300, 300]","[300, 300, 100, 300, 300]","[0.0, 0.0, 0.0003096264787834025, 0.001100874577066577, 0.002061052498965007]","[0.0002626904132052775, 0.0014691508752366477, 0.002522316292729937, 0.0008036304763540214, 0.0013054655122878862]",,0.01957285551956034,0.028596825698097298,5.0,1.96
1b,25000,3235606,neural-fore,neural-main-oracle-bellman,-11.421670214542731,-11.42782244396468,-11.44896978656228,0.018548491554973578,-11.464177487412428,-11.39146740051693,1.0,0.027299572019549245,0.021147342597600982,0.25773061038504264,0.25773061038504264,0.04540163248373353,0.045143558656272,0.007085279144457976,nan,nan,0.03863565449781822,10.935461497205864,12.674815191440848,23181.309824702163,nan,nan,nan,nan,nan,nan,nan,nan,nan,260.0,0.0008827054888177119,42.20508970839437,20000.0,1.0,0.0,300.0,260.0,0.3133934275347622,0.32341249562991803,0.00042535435630429647,0.00031396582683381293,44.331759591400626,40.24188896638807,1.0,1.0,18347.259741443744,17090.626360226313,13.257719023390086,18.376056245525078,0.0,0.0,0.0,"[300, 300, 300, 300, 100]","[0.0008678391607293564, 0.0, 0.0007132754591164558, 0.0007618103651023462, 0.002070602459140402]","[300, 300, 300, 300, 300]","[300, 300, 300, 300, 100]","[0.0, 0.0, 0.00029393939739857586, 0.0, 0.0018328323841229064]","[0.00040099047966159565, 0.00029060998272218574, 0.0, 0.0, 0.0008782286717852833]",,0.018548491554973578,0.0201567664880881,5.0,1.96
1b,25000,3245606,neural-fore,neural-main-oracle-bellman,-11.444779688115291,-11.454034764950988,-11.44896978656228,0.019741807182455783,-11.4927287070286,-11.415340822873375,1.0,0.004190098446988699,-0.005064978388707786,0.2546190343194353,0.2546190343194353,0.04576261527718834,0.04296719461221278,0.009211963565006682,nan,nan,0.03487064836940192,10.864500911603319,12.549256770149748,23111.08378969615,nan,nan,nan,nan,nan,nan,nan,nan,nan,300.0,0.0006792904632267939,45.54038328307215,20000.0,1.0,0.0,260.0,180.0,0.31983586070829195,0.32573747224252914,0.0005616423287596893,0.0008954894120022669,41.938822650141084,35.46775461714715,1.0,1.0,18184.82489768234,16886.892080464073,13.635159706484464,18.349766792202914,0.0,0.0,0.0,"[300, 300, 300, 300, 300]","[0.0, 0.0003958130285844436, 0.00018623155445980432, 0.0020972017639164803, 0.0007172059691732416]","[300, 100, 300, 300, 300]","[100, 100, 300, 300, 100]","[0.0, 0.002633926920964483, 0.0, 0.00017428472283396342, 0.0]","[0.0010553154431091386, 0.00010511445073913541, 0.00051885438866251, 0.0, 0.0027981627775005504]",,0.019741807182455783,0.019444072132430615,5.0,1.96
1b,25000,3255606,neural-fore,neural-main-oracle-bellman,-11.407875367442601,-11.424983439882068,-11.44896978656228,0.017612306077334983,-11.459503559793644,-11.390463319970491,1.0,0.041094419119678705,0.023986346680212378,0.2624171205813752,0.2624171205813752,0.05865380813807512,0.05857743285729346,0.006742522405851091,nan,nan,0.0421377736892198,10.827462465387109,12.845934260379998,23208.550205881995,nan,nan,nan,nan,nan,nan,nan,nan,nan,300.0,6.376518684353866e-05,46.286605183780196,20000.0,1.0,0.0,300.0,220.0,0.27320497264167204,0.28369071469509627,0.0002617548555662539,0.0004123127415421978,44.58750097481534,38.8952083673561,1.0,1.0,18278.21672053707,16715.109231001756,13.439005459276581,19.49396669512264,0.0,0.0,0.0,"[300, 300, 300, 300, 300]","[0.0, 0.0, 0.0003188259342176933, 0.0, 0.0]","[300, 300, 300, 300, 300]","[100, 300, 300, 300, 100]","[0.0, 0.00012558972249294338, 0.0002750605249523816, 0.0007266043187861057, 0.00018151971159983892]","[0.00019315186081530561, 4.889983239057462e-05, 0.0, 0.000678575875657694, 0.0011409361388474146]",,0.017612306077334983,0.026520185440231152,5.0,1.96
1b,25000,3265606,neural-fore,neural-main-oracle-bellman,-11.434802637118944,-11.450007958601542,-11.44896978656228,0.019151622517736215,-11.487545138736305,-11.41247077846678,1.0,0.014167149443336413,-0.001038172039262264,0.19675337563770065,0.19675337563770065,0.029503361528185106,0.028145290712027714,0.0055863107875896096,nan,nan,0.0422289833504825,10.700003996538541,12.864661156371,23260.324606758288,nan,nan,nan,nan,nan,nan,nan,nan,nan,260.0,0.0005555203729276989,42.61364504140802,20000.0,1.0,0.0,300.0,260.0,0.33207383697060866,0.3367219596270429,0.0003698646131676492,0.0002097558353034334,44.66822814201005,40.479257558239624,1.0,1.0,18267.995946382125,17103.1630543652,14.027295194674593,18.513546882020442,0.0,0.0,0.0,"[100, 300, 300, 300, 300]","[0.0016958264157136552, 0.0, 0.0010592077454638137, 0.0, 2.2567703461025924e-05]","[300, 300, 300, 300, 300]","[300, 300, 100, 300, 300]","[0.0, 0.0, 0.0009084234837871995, 0.0, 0.0009408995820510465]","[0.00031857240079197934, 0.0, 0.0007302067757251877, 0.0, 0.0]",,0.019151622517736215,0.01177194302942989,5.0,1.96
1b,25000,3275606,neural-fore,neural-main-oracle-bellman,-11.43313767596043,-11.439706001786023,-11.44896978656228,0.01967634674339167,-11.47827164140307,-11.401140362168976,1.0,0.015832110601850857,0.009263784776257111,0.24865317024803352,0.24865317024803352,0.035339888731262904,0.034193140677357924,0.007146702791344076,nan,nan,0.03384203727675529,10.891339619072118,12.696915968093837,23103.1260107682,nan,nan,nan,nan,nan,nan,nan,nan,nan,300.0,0.0004740013082670449,43.21212510853074,20000.0,1.0,0.0,260.0,220.0,0.33656363874866785,0.3414950960688302,0.00027923885026680744,0.00014931098569223009,39.02430339979473,36.59700905845966,1.0,0.9999999999999998,18203.804304773756,17155.326291980113,13.6834770645435,17.777115124108693,0.0,0.0,0.0,"[300, 300, 300, 300, 300]","[6.451723533022241e-05, 0.00015593281466618218, 0.0, 0.0007612710789216189, 0.001388285412417201]","[300, 300, 300, 300, 100]","[100, 300, 300, 300, 100]","[0.0, 9.147006081845661e-05, 0.0, 0.0, 0.0013047241905155807]","[0.00037264323878893706, 0.0, 0.00037391168967221343, 0.0, 0.0]",,0.01967634674339167,0.03164133013763457,5.0,1.96
1b,25000,3285606,neural-fore,neural-main-oracle-bellman,-11.454901859367757,-11.465312599327229,-11.44896978656228,0.019687663846280918,-11.50390042046594,-11.426724778188518,1.0,-0.005932072805476807,-0.016342812764948533,0.32089898811241147,0.32089898811241147,0.05005786799151315,0.045081308311097544,0.008811483729325153,nan,nan,0.04830298301203593,10.781445713332609,12.74972914162113,23186.79839279189,nan,nan,nan,nan,nan,nan,nan,nan,nan,220.0,0.00035971948002829884,38.64384119180031,20000.0,1.0,0.0,300.0,300.0,0.3545164483990409,0.3643253860456609,8.946035272589786e-05,0.0002655818581702743,43.56998381742742,43.169615891575816,1.0,1.0,18401.72700083286,17184.40500508578,13.93300312426499,17.684549853957012,0.0,0.0,0.0,"[300, 300, 100, 300, 100]","[0.001123280012076948, 0.0, 0.00013637315253917556, 0.0, 0.0005389442355253707]","[300, 300, 300, 300, 300]","[300, 300, 300, 300, 300]","[0.0, 0.0004473017636294893, 0.0, 0.0, 0.0]","[0.0, 0.0, 0.00048207125824417413, 0.0001479464654037153, 0.0006978915672034821]",,0.019687663846280918,0.01388302717278608,5.0,1.96
1b,25000,3295606,neural-fore,neural-main-oracle-bellman,-11.414699913127206,-11.429395705697496,-11.44896978656228,0.019018621785617983,-11.466672204397307,-11.392119206997686,1.0,0.034269873435073706,0.01957408086478374,0.36288773803399654,0.36288773803399654,0.05482489927079315,0.05442268312953723,0.00565231542394663,nan,nan,0.034488775866296596,10.810358797777834,12.759432325950913,23122.75663135318,nan,nan,nan,nan,nan,nan,nan,nan,nan,260.0,0.0004793567762476211,43.17198589162435,20000.0,1.0,0.0,300.0,220.0,0.34270649223619365,0.3552061999704059,0.0006109117444459023,0.0005545175655867346,43.97430418357253,38.16233520777896,1.0,1.0,17798.293341546578,17136.882115388096,15.551672816487903,17.59190745575279,0.0,0.0,0.0,"[300, 100, 300, 300, 300]","[0.0007484075088617238, 0.000999584176123764, 0.0006487921962526178, 0.0, 0.0]","[300, 300, 300, 300, 300]","[300, 100, 300, 100, 300]","[0.00042496514764622806, 0.0, 0.0002745454779115911, 0.0023550480966716926, 0.0]","[6.033076840718434e-05, 0.0009800409950470163, 0.0003578109008687851, 0.000824490801359332, 0.0005499143622513549]",,0.019018621785617983,0.01429762012889158,5.0,1.96
1b,25000,3305606,neural-fore,neural-main-oracle-bellman,-11.431788239766467,-11.443202375341972,-11.44896978656228,0.01903432787459667,-11.480509657976182,-11.405895092707762,1.0,0.017181546795812963,0.005767411220308105,0.2627351770842741,0.2627351770842741,0.051211087066152905,0.050493718854909386,0.006775775010834757,nan,nan,0.04326595217364764,10.809488329847625,12.820316507655605,23253.231870617212,nan,nan,nan,nan,nan,nan,nan,nan,nan,220.0,0.0006506206353018142,39.98064056665171,20000.0,1.0,0.0,260.0,220.0,0.3623532417700575,0.3732727300093359,0.0004181661885763301,0.0005755935742256111,41.039630158105865,38.286654049577194,1.0,1.0,18445.73367875499,17494.8254694261,13.147937645930432,16.50957850340068,0.0,0.0,0.0,"[300, 300, 100, 300, 100]","[0.0, 0.0005659981432045945, 0.001506340252410397, 8.136009941138371e-05, 0.0010994046814826956]","[300, 300, 300, 300, 100]","[300, 100, 300, 300, 100]","[0.00039360953824913955, 0.0, 0.0, 0.0, 0.0016972214046325112]","[0.0, 0.00024974906043685795, 0.0006097144854818331, 0.0009750017660113911, 0.0010435025591979735]",,0.01903432787459667,0.010560948127785416,5.0,1.96
1b,25000,3315606,neural-fore,neural-main-oracle-bellman,-11.459547774291297,-11.474542161952993,-11.44896978656228,0.01937037321766662,-11.51250809345962,-11.436576230446367,1.0,-0.010577987729016414,-0.025572375390712665,0.2815414544110862,0.2815414544110862,0.0513791745817627,0.050464417089159365,0.007928797212958973,nan,nan,0.04544153210904995,10.840037924376976,13.126718053619173,23145.08935530426,nan,nan,nan,nan,nan,nan,nan,nan,nan,260.0,0.00019667006147382465,38.495624616835265,20000.0,1.0,0.0,260.0,300.0,0.32737144436436033,0.33545274614292,0.0005703878125037058,0.0001466832189841253,36.91155401663855,39.50593589178752,1.0,1.0,18308.792546285924,16790.695865996317,13.57963928529956,20.452345577403083,0.0,0.0,0.0,"[300, 100, 300, 300, 300]","[0.0, 0.0004167463242451329, 0.00026050944090418753, 0.0, 0.0003060945422198026]","[100, 300, 300, 300, 300]","[300, 300, 300, 300, 300]","[0.0011890566209023107, 0.0, 0.0006425524431859674, 0.001020329998430251, 0.0]","[0.0007334160949206266, 0.0, 0.0, 0.0, 0.0]",,0.01937037321766662,0.01776463160575607,5.0,1.96
1b,25000,3325606,neural-fore,neural-main-oracle-bellman,-11.448219230611421,-11.45718330592953,-11.44896978656228,0.019980620664111347,-11.496345322431187,-11.418021289427871,1.0,0.0007505559508587112,-0.008213519367249233,0.28959216550796296,0.28959216550796296,0.0484813014549633,0.04848881622686326,0.00603606528924119,nan,nan,0.03924402793736241,10.717191950667367,12.626967717657502,23214.94609502677,nan,nan,nan,nan,nan,nan,nan,nan,nan,300.0,0.00014800529970764105,44.90565199162811,20000.0,1.0,0.0,260.0,300.0,0.3693572808114759,0.37185967902228134,0.00035962467296344155,0.0003151428493475466,41.0513767914148,43.19668098271359,1.0,1.0,18260.987903836,17369.745437252415,14.229839020538439,17.663696138443395,0.0,0.0,0.0,"[300, 300, 300, 300, 300]","[0.00013482050237919793, 0.0, 0.0, 0.0005473068850061398, 5.789911115286751e-05]","[100, 300, 300, 300, 300]","[300, 300, 300, 300, 300]","[0.0017981233648172077, 0.0, 0.0, 0.0, 0.0]","[0.0, 0.0, 0.00036693123221072295, 0.0, 0.00120878301452701]",,0.019980620664111347,0.022659974588438964,5.0,1.96
1b,25000,3335606,neural-fore,neural-main-oracle-bellman,-11.434945501540295,-11.440307817512025,-11.44896978656228,0.01930406939603905,-11.478143793528261,-11.402471841495789,1.0,0.014024285021985605,0.00866196905025518,0.3341109157725498,0.3341109157725498,0.04912736658180623,0.047934946285984034,0.006527302712687976,nan,nan,0.04448914381162573,10.75802750435348,12.64380168609027,23259.82879654291,nan,nan,nan,nan,nan,nan,nan,nan,nan,260.0,0.0001630890610291552,43.42459915797226,20000.0,1.0,0.0,300.0,180.0,0.34751724296118147,0.35704262506870976,0.0005919640722479748,0.00039883909972347406,45.09297691639513,35.78357895826921,1.0,1.0,18324.52094609042,17422.659810321617,13.77682796924465,16.955782038539947,0.0,0.0,0.0,"[100, 300, 300, 300, 300]","[0.0006193119674548622, 0.0, 0.0, 0.00019613333769091375, 0.0]","[300, 300, 300, 300, 300]","[300, 100, 100, 300, 100]","[0.0, 0.002311318951862706, 0.0006485014093771683, 0.0, 0.0]","[0.0, 0.0, 0.0009846390292864238, 8.644162890294289e-05, 0.0009231148404280036]",,0.01930406939603905,0.02258605447794889,5.0,1.96
1b,25000,3345606,neural-fore,neural-main-oracle-bellman,-11.446082245488826,-11.454034621312891,-11.44896978656228,0.019174169739864945,-11.491615994003027,-11.416453248622755,1.0,0.002887541073453903,-0.005064834750610814,0.424311760768739,0.424311760768739,0.043783096888651465,0.04364079323572404,0.008287345200572714,nan,nan,0.04189939321145544,10.870445851572008,12.765352573218337,23159.35572031167,nan,nan,nan,nan,nan,nan,nan,nan,nan,220.0,0.0004350320827519533,38.62827824163251,20000.0,1.0,0.0,300.0,220.0,0.3386998893202801,0.35645157313639897,0.00013354429889233605,0.0012009250368663113,43.67047846564092,37.83331600879319,1.0,1.0,18203.77341338086,17032.99360427765,14.059075750985727,18.073074768879728,0.0,0.0,0.0,"[300, 100, 300, 100, 300]","[0.0007827128788829311, 0.0007358960660357906, 0.0, 0.000656551468841045, 0.0]","[300, 300, 300, 300, 300]","[300, 300, 100, 300, 100]","[0.0006159137022538613, 0.0, 0.0, 0.0, 5.180779220781878e-05]","[0.000667053499300127, 0.0007280759400678683, 0.0023490438276420464, 0.0008560966842448297, 0.0014043552330766855]",,0.019174169739864945,0.011718237126285778,5.0,1.96
1b,25000,3355606,neural-fore,neural-main-oracle-bellman,-11.445094175243943,-11.453082336904334,-11.44896978656228,0.01874152972903023,-11.489815735173233,-11.416348938635435,1.0,0.0038756113183371355,-0.004112550342053822,0.24134424521656958,0.24134424521656958,0.03821474684179188,0.035017905230438746,0.00983137399334907,nan,nan,0.04669236679581399,10.816229280786676,12.644935806841307,23197.610233895568,nan,nan,nan,nan,nan,nan,nan,nan,nan,220.0,0.0006868996996995567,39.126931416383016,20000.0,1.0,0.0,260.0,220.0,0.3090424026717663,0.32090964945315775,0.00046057469332460405,0.0008478670930402718,41.09711256658193,38.044468291592786,1.0,1.0,18028.166004059673,17073.01377756273,15.668714413663764,18.095234118216904,0.0,0.0,0.0,"[300, 100, 300, 100, 300]","[1.4070642070347914e-05, 0.002564668469278405, 0.0, 0.0008557593871490298, 0.0]","[300, 300, 100, 300, 300]","[300, 100, 300, 300, 100]","[0.0, 0.0, 0.0015191659649607728, 0.0007837075016622474, 0.0]","[0.0, 0.0015154955388287125, 0.0014054938353815554, 0.00015496888146114012, 0.00116337720952995]",,0.01874152972903023,0.013675518232072458,5.0,1.96
1b,25000,3365606,neural-fore,neural-main-oracle-bellman,-11.452756835119375,-11.463549583466923,-11.44896978656228,0.019302764275755266,-11.501383001447403,-11.425716165486444,1.0,-0.0037870485570952184,-0.014579796904643061,0.4176562554652456,0.4176562554652456,0.047045044249241795,0.0463124154021625,0.006466366681612886,nan,nan,0.04803403523741672,10.75597083651324,12.967126296594246,23209.024474698675,nan,nan,nan,nan,nan,nan,nan,nan,nan,180.0,0.0005382595442173045,36.96974450061098,20000.0,1.0,0.0,300.0,300.0,0.3252991907886412,0.3368727193551706,0.00046585507699503024,0.0003230244279666777,45.147531200177035,44.89514362500049,1.0,1.0,18295.634792914374,17046.36466391245,13.917662559288113,17.890033283835493,0.0,0.0,0.0,"[300, 100, 100, 100, 300]","[0.0, 0.0005389531705411748, 0.0015357432643721635, 0.0006166012861731843, 0.0]","[300, 300, 300, 300, 300]","[300, 300, 300, 300, 300]","[0.0, 0.00089636848038143, 0.0, 0.0, 0.001432906904593721]","[0.0, 0.0006284404238705657, 0.00021907287472260902, 0.0, 0.0007676088412402137]",,0.019302764275755266,0.012684949864758073,5.0,1.96
1b,25000,3375606,neural-fore,neural-main-oracle-bellman,-11.459805199966505,-11.477345036524387,-11.44896978656228,0.019564864901363405,-11.51569217173106,-11.438997901317714,1.0,-0.01083541340422478,-0.028375249962106608,0.24778353030038378,0.24778353030038378,0.04006414542309671,0.0390541887137974,0.0073822774717909765,nan,nan,0.04799816622317147,10.812613738290143,13.169230349301145,23070.60834108218,nan,nan,nan,nan,nan,nan,nan,nan,nan,180.0,0.0005365885590006196,36.48861921657808,20000.0,1.0,0.0,260.0,260.0,0.3217559301297964,0.32908009042144143,0.0008684792724887362,0.0007385754477650242,41.20996278366074,41.224111583805644,1.0,1.0,18251.501459766692,17183.39236617709,14.008650596657143,17.833513693666738,0.0,0.0,0.0,"[100, 300, 300, 100, 100]","[0.0003983399022921189, 0.0008295313111022007, 0.0002936652997261938, 0.0005243184052155169, 0.0006370878766670674]","[300, 100, 300, 300, 300]","[300, 100, 300, 300, 300]","[0.0, 0.0014201524508947814, 0.0, 0.0019708133023556246, 0.0009514306091932758]","[0.0, 0.001801222985219824, 0.0, 0.0006172883493703948, 0.0012743659042349022]",,0.019564864901363405,0.022322230444583858,5.0,1.96
1b,25000,3385606,neural-fore,neural-main-oracle-bellman,-11.46686532841836,-11.479217212268042,-11.44896978656228,0.01833855157449555,-11.515160773354053,-11.44327365118203,1.0,-0.017895541856079333,-0.030247425705761444,0.20666730960773144,0.20666730960773144,0.033929498528829274,0.03399109255187459,0.012015924673015398,nan,nan,0.04256363014664262,10.91038112879457,12.928050186505814,23157.973787038238,nan,nan,nan,nan,nan,nan,nan,nan,nan,260.0,0.00048581952603649406,43.62172889122739,20000.0,1.0,0.0,180.0,140.0,0.3035560310804697,0.318252947175688,0.0010438102267930154,0.00168533696114868,36.02843514981214,33.059299549972636,1.0,0.9999999999999998,18229.91333232287,16904.14242432657,14.248198028772133,18.580938373740548,0.0,0.0,0.0,"[300, 300, 300, 100, 300]","[0.0006067629671244613, 0.0004919973776682603, 0.00027183643931266775, 0.0010585008460770808, 0.0]","[100, 300, 300, 100, 100]","[100, 100, 300, 100, 100]","[0.0012578141352511702, 0.0005309262251221165, 0.0, 0.001815307593719935, 0.0016150031798718555]","[0.0017395572391745615, 0.00282876329974483, 0.0, 0.0024037017638803377, 0.0014546625029436691]",,0.01833855157449555,0.013860692126534143,5.0,1.96
1b,25000,3395606,neural-fore,neural-main-oracle-bellman,-11.439805967973491,-11.45486782359253,-11.44896978656228,0.019090818160115545,-11.492285827186356,-11.417449819998703,1.0,0.009163818588788786,-0.00589803703024927,0.19054986537415883,0.19054986537415883,0.03185462893890041,0.031131286182261974,0.010202697831069389,nan,nan,0.03895375444139317,10.896804024736472,12.591659029807111,23165.278556653884,nan,nan,nan,nan,nan,nan,nan,nan,nan,300.0,0.000250839615880925,42.38394127518404,20000.0,1.0,0.0,300.0,260.0,0.3261750445232566,0.33067808573538027,0.00028537970686931394,0.0004228172333963165,40.31068984158337,36.97895190783311,1.0,1.0,18138.525067695085,17046.606374855128,14.225052341663414,18.473187424145628,0.0,0.0,0.0,"[300, 300, 300, 300, 300]","[0.0, 0.0008191324202342045, 0.0, 0.0, 0.0004350656591704207]","[300, 300, 300, 300, 300]","[300, 300, 300, 100, 300]","[0.0, 0.0, 0.001157737216336658, 0.0002691613180099119, 0.0]","[0.00013608520944054383, 8.646064661081438e-05, 0.0, 0.0013290438888390104, 0.000562496422091214]",,0.019090818160115545,0.024814514882647142,5.0,1.96
1b,25000,3405606,neural-fore,neural-main-oracle-bellman,-11.463636617518187,-11.473604020901993,-11.44896978656228,0.019164269809621333,-11.51116598972885,-11.436042052075136,1.0,-0.014666830955906818,-0.02463423433971279,0.263399204651192,0.263399204651192,0.04853915159976473,0.04791483996910689,0.005664758210017051,nan,nan,0.035001227803710434,10.903105259336336,12.632299564979025,23140.61745641942,nan,nan,nan,nan,nan,nan,nan,nan,nan,260.0,0.0002483818319985042,42.18350549198222,20000.0,1.0,0.0,300.0,300.0,0.3291881691849368,0.3408767149928063,0.0006518396675249272,0.0002241345029254493,43.462293299590236,43.12888060861733,1.0,1.0,18101.495754082694,17195.156971905468,14.462144801239566,17.072430534060345,0.0,0.0,0.0,"[300, 300, 100, 300, 300]","[0.0002271294603185813, 0.0, 0.0008753225248589425, 0.0001394571748149971, 0.0]","[300, 300, 300, 300, 300]","[300, 300, 300, 300, 300]","[0.0, 0.001331162634688909, 0.0, 0.0004044671390544976, 0.0015235685638812298]","[0.00022566310128827407, 0.0, 0.0002810786413088828, 0.0004519772189121938, 0.00016195355311789578]",,0.019164269809621333,0.010445360726185005,5.0,1.96
1b,25000,3415606,neural-fore,neural-main-oracle-bellman,-11.450904079459894,-11.460510125407842,-11.44896978656228,0.019344211206023722,-11.498424779371648,-11.422595471444035,1.0,-0.0019342928976140428,-0.011540338845561493,0.2790101581813751,0.2790101581813751,0.04145116779474239,0.04035390967274508,0.008208724141611725,nan,nan,0.04197941184117853,10.79793418190281,12.779415985180574,23220.47273256919,nan,nan,nan,nan,nan,nan,nan,nan,nan,300.0,0.00039743266114301655,44.198997682798655,20000.0,1.0,0.0,300.0,260.0,0.35482271784053615,0.3655788733870443,1.7390819366272884e-05,0.0005996762851970889,42.886531333369206,40.44458794118837,1.0,1.0,18446.94181585392,17101.907740111972,13.473126196444971,18.50578465466583,0.0,0.0,0.0,"[300, 300, 300, 300, 300]","[0.0, 0.0, 0.0010401378347424388, 0.0009470254709726437, 0.0]","[300, 300, 300, 300, 300]","[300, 300, 300, 100, 300]","[0.0, 0.0, 8.695409683136443e-05, 0.0, 0.0]","[0.0007505315022864252, 0.0012145886462890034, 0.0, 0.0007483945639921757, 0.0002848667134178399]",,0.019344211206023722,0.020843008900457493,5.0,1.96
1b,25000,3425606,neural-fore,neural-main-oracle-bellman,-11.415849282612761,-11.427019977636004,-11.44896978656228,0.018519036437918038,-11.463317289054324,-11.390722666217684,1.0,0.03312050394951882,0.021949808926276404,0.25732827350022885,0.25732827350022885,0.059513720466183626,0.058259322865948426,0.005182309000273975,nan,nan,0.04072984623245894,10.834922082846234,12.336067614273041,23275.201269030305,nan,nan,nan,nan,nan,nan,nan,nan,nan,300.0,0.0003187010137453765,45.351733567356135,20000.0,1.0,0.0,260.0,260.0,0.3098013460329368,0.3154097995319999,0.000261368916826385,0.000921289024294172,41.4635745334439,41.666873850370756,1.0,1.0,18393.39174798904,17083.156852115288,14.06314589132954,17.782996084230977,0.0,0.0,0.0,"[300, 300, 300, 300, 300]","[0.0, 0.0006626490992256689, 0.000647557081104159, 0.0002832988883970548, 0.0]","[300, 300, 100, 300, 300]","[300, 300, 100, 300, 300]","[0.00019002008713194738, 0.0, 0.0011168244969999774, 0.0, 0.0]","[0.0003211537835590266, 0.00010917852278327512, 0.002225825823391847, 0.0018255120774303053, 0.00012477491430640632]",,0.018519036437918038,0.014995346051230304,5.0,1.96
1b,25000,3435606,neural-fore,neural-main-oracle-bellman,-11.460366926535992,-11.469688847930486,-11.44896978656228,0.017969047114900168,-11.50490818027569,-11.434469515585283,1.0,-0.01139713997371139,-0.020719061368206226,0.2565897154507164,0.2565897154507164,0.040979967283646265,0.04084330135951576,0.009118019200924966,nan,nan,0.039493407408730995,10.962243084154448,13.000507488130928,23021.917938079067,nan,nan,nan,nan,nan,nan,nan,nan,nan,260.0,0.00042297168361383493,43.39421523383353,20000.0,1.0,0.0,300.0,260.0,0.2716921089349104,0.27992396470111264,6.527571533144789e-05,0.0007239738127575201,44.28923604979646,41.21461316600907,1.0,1.0,18187.153244417397,16635.729997708164,13.49437023603824,19.70615635048675,0.0,0.0,0.0,"[300, 300, 300, 100, 300]","[0.0, 0.0, 0.0, 0.001066006598058351, 0.0010488518200108233]","[300, 300, 300, 300, 300]","[300, 300, 300, 300, 100]","[0.0, 0.0, 0.0003263785766572394, 0.0, 0.0]","[0.0, 0.00014148380595223326, 0.0006631366486411491, 0.00017317155941413135, 0.002642077049780087]",,0.017969047114900168,0.021060894104026052,5.0,1.96
1b,25000,3445606,neural-fore,neural-main-oracle-bellman,-11.450147189080278,-11.462417020379835,-11.44896978656228,0.018481932222879565,-11.49864160753668,-11.42619243322299,1.0,-0.0011774025179978054,-0.01344723381755486,0.33958712375810496,0.33958712375810496,0.042836660421985986,0.04190248630860316,0.009308911370226195,nan,nan,0.040435416656749164,10.860610997670243,13.06353043793683,23093.84968326054,nan,nan,nan,nan,nan,nan,nan,nan,nan,220.0,0.00016310063325072115,40.15836791661568,20000.0,0.9999999999999998,0.0,180.0,260.0,0.3002611203150416,0.30946209972285604,0.0011047577572183929,0.0006935606176273509,36.0404476004187,40.45011560798157,1.0,1.0,18332.644401154033,17032.443180120772,13.457025018391022,18.495786413265208,0.0,0.0,0.0,"[300, 100, 300, 100, 300]","[0.0, 0.00022579692504070097, 0.0, 0.0005897062412129049, 0.0]","[100, 100, 300, 100, 300]","[100, 300, 300, 300, 300]","[0.002181746124276692, 0.0013013579243372024, 0.0, 0.0013483477721386453, 0.0006923369653394251]","[0.0006953123087588082, 0.0006482980368094537, 0.0004269600013980892, 0.001339642487149468, 0.00035759025402093544]",,0.018481932222879565,0.01760061191157987,5.0,1.96
1b,25000,3455606,neural-fore,neural-main-oracle-bellman,-11.436768953010949,-11.450275584255557,-11.44896978656228,0.0196170402700505,-11.488724983184856,-11.411826185326259,1.0,0.012200833551331058,-0.0013057976932770998,0.1608640423009566,0.1608640423009566,0.037387054294372404,0.036662744378544374,0.00522197726979464,nan,nan,0.04762395254193357,10.802881330470932,12.631182502317417,23196.088704829242,nan,nan,nan,nan,nan,nan,nan,nan,nan,220.0,0.0008933856519650061,40.09228217517957,20000.0,1.0,0.0,260.0,180.0,0.3368562822187024,0.34572927197495806,0.0009570248041000688,0.00034787396708513675,41.77421204121784,35.4086916582426,1.0,1.0,18101.57014644493,17078.94422152322,14.943416683790332,17.96122006724324,0.0,0.0,0.0,"[100, 300, 100, 300, 300]","[0.0016501637577045712, 0.0011401293680769315, 0.0015989860175950772, 0.0, 7.764911644845041e-05]","[300, 300, 300, 100, 300]","[100, 100, 100, 300, 300]","[0.0034740759004681333, 0.0007386503457216019, 0.0, 0.0005723977743106087, 0.0]","[0.00010153852575367796, 0.0, 0.0007054206603140357, 0.00093241064935797, 0.0]",,0.0196170402700505,0.020487934035499512,5.0,1.96
1b,25000,3465606,neural-fore,neural-main-oracle-bellman,-11.43434925190883,-11.441878591019956,-11.44896978656228,0.017639309577549767,-11.476451637791953,-11.407305544247958,1.0,0.014620534653449369,0.007091195542324513,0.24663727765885807,0.24663727765885807,0.04165605075445515,0.04027286273124212,0.007206672730041593,nan,nan,0.050047016386129656,10.953750562597623,13.04239747718596,23136.502364143307,nan,nan,nan,nan,nan,nan,nan,nan,nan,260.0,0.0003132864469726807,44.305659141531216,20000.0,0.9999999999999998,0.0,260.0,260.0,0.26152692138804,0.27157326772394635,0.0005622333228160008,0.00034582044014376957,41.76608838357497,41.52750357522164,1.0,1.0,18296.339420512166,16591.716122567283,13.026584507128561,20.288295331608936,0.0,0.0,0.0,"[300, 100, 300, 300, 300]","[0.00034245841526021697, 0.0001328077258062424, 0.0005374028789191329, 0.0, 0.0005537632148778112]","[100, 300, 300, 300, 300]","[300, 300, 100, 300, 300]","[0.001254000040052051, 0.0, 0.0007854675431268185, 0.0003139827052453853, 0.0004577163256557488]","[0.0003604250459858619, 1.4599794933253328e-05, 0.000456717239675149, 8.696716690673729e-05, 0.0008103929532178465]",,0.017639309577549767,0.015298041028951057,5.0,1.96
1b,25000,3475606,neural-fore,neural-main-oracle-bellman,-11.433821184665652,-11.444593992994989,-11.44896978656228,0.019514321351687552,-11.482842062844297,-11.40634592314568,1.0,0.015148601896628477,0.004375793567291453,0.29333462684299405,0.29333462684299405,0.04254569075787254,0.04198998444809168,0.011627487665074411,nan,nan,0.04086815436021419,10.858043898229784,12.836549989135635,23135.549702516186,nan,nan,nan,nan,nan,nan,nan,nan,nan,220.0,0.0006522236514823652,35.977233032998626,20000.0,1.0,0.0,260.0,220.0,0.34507758763300167,0.3557221373171439,0.000526737842555959,0.0016695725358885625,36.64842065018602,33.86201094998978,1.0,1.0,17972.824823651845,17025.097521138323,14.49665566125534,18.25215293875358,0.0,0.0,0.0,"[100, 100, 300, 300, 300]","[0.0017325309149041938, 0.0, 0.00020020733697599769, 0.0009452901127995358, 0.00038308989273209824]","[100, 300, 300, 300, 300]","[100, 300, 100, 300, 300]","[0.0016307257993204726, 0.0, 0.0, 0.0010029634134593225, 0.0]","[0.004679177331586201, 0.0, 0.0017061854965377766, 0.0019624998513188335, 0.0]",,0.019514321351687552,0.01630193281809028,5.0,1.96
1b,25000,3485606,neural-fore,neural-main-oracle-bellman,-11.448599074763345,-11.460530853830683,-11.44896978656228,0.01917397108388655,-11.4981118371551,-11.422949870506265,1.0,0.0003707117989346642,-0.01156106726840278,0.2287336962389431,0.2287336962389431,0.03758069398274962,0.037024452889800205,0.0067798905585023965,nan,nan,0.04094209233401185,10.895053094274516,12.641665738297386,23185.786421918772,nan,nan,nan,nan,nan,nan,nan,nan,nan,300.0,0.00017848225550100213,45.46547960846219,20000.0,1.0,0.0,300.0,180.0,0.3366771639721453,0.3439191901172459,0.00038362976246632735,0.0013570227880958454,43.752868666150604,35.095012450381184,1.0,1.0,18358.281131770396,17145.21680803854,13.36324886907634,17.43186384541537,0.0,0.0,0.0,"[300, 300, 300, 300, 300]","[0.0, 0.0, 0.0008382614295642499, 0.0, 5.414984794076077e-05]","[300, 300, 300, 300, 300]","[300, 100, 100, 300, 100]","[0.0, 0.0, 0.0, 0.0019047214976567024, 1.3427314674934414e-05]","[0.00036174176649842284, 0.0023003231746531404, 0.0017447946101857548, 0.0017850749069958471, 0.0005931794821460602]",,0.01917397108388655,0.023083521502552388,5.0,1.96
1b,25000,3495606,neural-fore,neural-main-oracle-bellman,-11.456253445740547,-11.47010234033872,-11.44896978656228,0.01883103315588449,-11.507011165324252,-11.433193515353187,1.0,-0.007283659178266788,-0.021132553776439522,0.22976158065924251,0.22976158065924251,0.03344544728336795,0.03239850275783457,0.00645268167706613,nan,nan,0.049901363814013285,10.795572784395619,12.773618504118197,23204.378631533953,nan,nan,nan,nan,nan,nan,nan,nan,nan,260.0,0.0005567135936747458,38.209726808406415,20000.0,1.0,0.0,260.0,260.0,0.316635592827493,0.3284843912613982,0.00015306621996640275,0.0008148642043669548,36.91202709202189,37.21405051688198,1.0,1.0,18301.223616006377,17031.92450594944,14.324682751001717,18.125087727393645,0.0,0.0,0.0,"[300, 100, 300, 300, 300]","[0.0008651964293238617, 9.278383722843364e-05, 0.0004188483435804987, 0.0014067393582409351, 0.0]","[300, 300, 300, 300, 100]","[300, 300, 100, 300, 300]","[0.0, 0.0, 0.0, 0.0, 0.0007653310998320137]","[0.0007504991999880645, 0.00020496142554214656, 0.0022291001560439555, 0.000807394368133936, 8.236587212667254e-05]",,0.01883103315588449,0.0049564845602120804,5.0,1.96
1b,25000,3505606,neural-fore,neural-main-oracle-bellman,-11.431915515608281,-11.440555204626138,-11.44896978656228,0.01788313047656495,-11.475606140360206,-11.40550426889207,1.0,0.017054270953998696,0.008414581936142085,0.22359611483131997,0.22359611483131997,0.04673386802322973,0.045872597433420856,0.009276514005206085,nan,nan,0.04488610780954897,10.897666434069212,12.646103078947911,23217.96325434518,nan,nan,nan,nan,nan,nan,nan,nan,nan,300.0,0.0001702059729580049,45.28537881625816,20000.0,1.0,0.0,260.0,260.0,0.3060097684351194,0.3142834799212749,0.00045224724150100883,0.0003265141656945979,40.77563320058398,40.69154605797958,1.0,1.0,18294.504468140432,17123.741106510755,14.088439879750663,17.666599300733672,0.0,0.0,0.0,"[300, 300, 300, 300, 300]","[0.0, 0.0, 0.0008510298647900244, 0.0, 0.0]","[300, 100, 300, 300, 300]","[300, 300, 300, 100, 300]","[0.0005763640080517632, 0.001070388005443305, 0.0, 0.0006144841940099763, 0.0]","[0.000582670334592083, 0.00014743051528067315, 0.0, 0.0, 0.0009024699786002331]",,0.01788313047656495,0.0288283272724592,5.0,1.96
1b,25000,3515606,neural-fore,neural-main-oracle-bellman,-11.431513643276446,-11.444871566918032,-11.44896978656228,0.01920817326079147,-11.482519586509182,-11.40722354732688,1.0,0.017456143285834003,0.004098219644248502,0.2742507670228382,0.2742507670228382,0.04735861352226324,0.04640817793582903,0.011183905708187163,nan,nan,0.045297866219506745,10.846034407910317,12.479692294464947,23224.420422411415,nan,nan,nan,nan,nan,nan,nan,nan,nan,220.0,0.0006213068698117016,36.81271971673705,20000.0,1.0,0.0,220.0,220.0,0.3285733676410434,0.34387166916145395,0.0012026434414688335,0.0008065544740849237,35.29086134175304,34.9814311421942,1.0,1.0,18111.56012654355,17052.61738149987,15.059143503036887,18.204030940096303,0.0,0.0,0.0,"[300, 100, 300, 300, 100]","[0.0004535554395101737, 0.0, 0.0007288461790746503, 0.0, 0.0019241327304736842]","[300, 100, 100, 300, 300]","[100, 300, 100, 300, 300]","[0.0009624178918553434, 0.001697211405089085, 0.002489594162658334, 0.000863993747741405, 0.0]","[0.002137002383786547, 0.0008534052922754265, 0.001042364694362645, 0.0, 0.0]",,0.01920817326079147,0.01801919071819199,5.0,1.96
1b,25000,3525606,neural-fore,neural-main-oracle-bellman,-11.395641601404702,-11.404994760168533,-11.44896978656228,0.019510040521850708,-11.443234439591361,-11.366755080745705,0.0,0.053328185157578645,0.043975026393747285,0.1901045495635136,0.1901045495635136,0.04450427780893805,0.044018788415605345,0.008254382508708275,nan,nan,0.05039967218562455,10.65220585454869,12.879169355693291,23335.27844935173,nan,nan,nan,nan,nan,nan,nan,nan,nan,220.0,0.0006708130270124432,39.81327804184984,20000.0,1.0,0.0,220.0,180.0,0.3578174545689917,0.3666947711376295,0.0006896413431546912,0.000901095397228884,38.28157770060934,35.52430626680143,1.0,1.0,18271.97845759112,17227.580781827804,14.873280381912002,17.38854492454149,0.0,0.0,0.0,"[100, 100, 300, 300, 300]","[0.0012559995868307702, 0.00014694141448967749, 0.000628687492698768, 2.9879167255315744e-05, 0.0012925574737876842]","[300, 100, 100, 300, 300]","[300, 100, 300, 100, 100]","[0.0, 0.0009412559807783383, 0.0020423238765695873, 0.0002892775977620601, 0.00017534926066347067]","[0.0, 0.0006203739773297475, 0.0005237086279313732, 0.0032522519703273487, 0.00010914241055595084]",,0.019510040521850708,0.007717827658595629,5.0,1.96
1b,25000,3535606,neural-fore,neural-main-oracle-bellman,-11.407705417167152,-11.419510445822594,-11.44896978656228,0.019281371661816135,-11.457301934279753,-11.381718957365434,1.0,0.04126436939512779,0.029459340739686368,0.20881240186691388,0.20881240186691388,0.03897019104170535,0.0377457855961351,0.008033287838635708,nan,nan,0.042080528457890745,10.793803548705851,12.658405436362546,23308.500296463048,nan,nan,nan,nan,nan,nan,nan,nan,nan,300.0,0.00013535418560183202,45.95096435812302,20000.0,1.0,0.0,220.0,220.0,0.35650819466211825,0.3628513973421946,0.0005607222299935776,0.001831174495294362,38.93242295840755,37.80295111641753,1.0,1.0,18416.537291477038,17248.812444665004,13.489854495522035,17.784699860021785,0.0,0.0,0.0,"[300, 300, 300, 300, 300]","[0.0, 0.0, 0.0, 0.0, 0.0006767709280091601]","[100, 300, 100, 300, 300]","[100, 300, 100, 300, 300]","[0.001726301267454523, 0.0, 0.00034440401232378, 0.0007329058701895852, 0.0]","[0.0013480121978282989, 0.005298135816395073, 0.0008875997686699251, 0.0001565077848492484, 0.001465616908729266]",,0.019281371661816135,0.017095412046706285,5.0,1.96
1b,25000,3545606,neural-fore,neural-main-oracle-bellman,-11.460642300854952,-11.475631248281827,-11.44896978656228,0.018040435836294784,-11.510990502520965,-11.44027199404269,1.0,-0.011672514292671465,-0.026661461719546864,0.26205180562317504,0.26205180562317504,0.04011639186365465,0.03820725941842461,0.007838173420396426,nan,nan,0.05523358138066113,10.922668408522885,13.074877459947023,23066.83015818377,nan,nan,nan,nan,nan,nan,nan,nan,nan,180.0,0.00039384870881474537,35.84880740877706,20000.0,1.0,0.0,260.0,260.0,0.28699933960363333,0.3012463002808951,0.0008159590605507543,0.00026350978056502406,40.74704213277437,41.1260900084395,1.0,1.0,18369.9938530757,16693.918339189997,13.250001655777364,19.584228527637556,0.0,0.0,0.0,"[100, 300, 100, 100, 300]","[0.00022346139276963568, 0.00011847785654971084, 0.0006457551005767115, 0.000981549194177669, 0.0]","[300, 300, 100, 300, 300]","[300, 300, 100, 300, 300]","[0.0009779959718839806, 0.0, 0.002300666212723867, 0.00043089990606250274, 0.00037023321208342133]","[0.0, 0.0, 0.0010365462731616124, 0.00028100262966350767, 0.0]",,0.018040435836294784,0.012304391247069014,5.0,1.96
1b,25000,3555606,neural-fore,neural-main-oracle-bellman,-11.491203084329078,-11.50851019019024,-11.44896978656228,0.017989633433346662,-11.543769871719599,-11.47325050866088,0.0,-0.042233297766797406,-0.05954040362795965,0.2016861320135382,0.2016861320135382,0.04221183389188512,0.041582830382964966,0.0080194800775401,nan,nan,0.037366014551236205,10.993549849163571,12.987109508780508,23029.67501729726,nan,nan,nan,nan,nan,nan,nan,nan,nan,300.0,0.0004527268719410322,46.51604290916585,20000.0,1.0,0.0,220.0,260.0,0.26411992797070405,0.2695427519622261,0.0003385512667338645,0.0020118223699693463,38.42095635840669,41.152353058033626,1.0,1.0,18303.01465595483,16459.038430419412,13.470137718822226,20.26166401651675,0.0,0.0,0.0,"[300, 300, 300, 300, 300]","[0.0004890345408665581, 0.0008100902630444793, 0.0, 0.0, 0.0009645095557941238]","[300, 100, 300, 100, 300]","[300, 300, 300, 300, 100]","[0.0, 0.0006418505381279189, 0.0, 0.0008303234362537874, 0.00022058235928761632]","[0.0032823299488377775, 0.00031443636530483344, 0.0, 0.005403518287753679, 0.0010588272479504421]",,0.017989633433346662,0.0071869069539374185,5.0,1.96
1b,25000,3565606,neural-fore,neural-main-oracle-bellman,-11.452735635685285,-11.465594201853019,-11.44896978656228,0.017710549079292814,-11.500306878048432,-11.430881525657606,1.0,-0.0037658491230043722,-0.01662441529073888,0.2388789380022966,0.2388789380022966,0.04154323956003371,0.039947375229552995,0.010192773969505723,nan,nan,0.03928033876760097,10.96444079055466,12.971132356615653,23121.530808862823,nan,nan,nan,nan,nan,nan,nan,nan,nan,260.0,9.960475152737995e-05,38.09554309961386,20000.0,1.0,0.0,220.0,260.0,0.29529952996106223,0.30948894383621356,0.000929851925813842,0.00033000206708662936,34.3346893829992,36.91953009176068,1.0,1.0,18225.13795141579,16625.77378570956,13.911938165572533,20.22074445498448,0.0,0.0,0.0,"[300, 300, 100, 300, 300]","[0.0, 0.0, 0.00020172500170193588, 0.0, 0.00029629875593496384]","[100, 300, 300, 300, 100]","[300, 300, 300, 300, 100]","[0.0014851176973593818, 0.000772407902291478, 0.00028356147642860793, 0.0, 0.0021081725529897423]","[0.0, 0.0, 0.0005240434492530007, 0.0, 0.0011259668861801461]",,0.017710549079292814,0.0170111573578877,5.0,1.96
1b,25000,3575606,neural-fore,neural-main-oracle-bellman,-11.408406262655431,-11.415411265335893,-11.44896978656228,0.018594229297122702,-11.451855954758253,-11.378966575913532,1.0,0.04056352390684914,0.03355852122638758,0.23043285509258302,0.23043285509258302,0.05050258281282984,0.049604711327805355,0.007025280648691638,nan,nan,0.04377355872583201,10.805002292713922,12.48194561976467,23272.61409387942,nan,nan,nan,nan,nan,nan,nan,nan,nan,260.0,0.0007794636552417289,42.75528120819945,20000.0,1.0,0.0,220.0,220.0,0.33597274856912923,0.348718124698108,0.0012721423354444237,0.0004959887891904602,37.81713333334774,37.612705691205335,1.0,1.0,18176.54893921109,16982.549017896217,13.877962362843666,18.42358628083951,0.0,0.0,0.0,"[300, 100, 300, 300, 300]","[0.000697343388843119, 0.000933487781447003, 0.000683375850908733, 0.0, 0.0015831112550097897]","[300, 100, 300, 100, 300]","[300, 100, 300, 100, 300]","[0.0015290150225304626, 0.002203450664655357, 0.000629686771896978, 0.001998559218139321, 0.0]","[0.0, 0.001988258922525337, 0.0, 0.0004916850234269639, 0.0]",,0.018594229297122702,0.018232114093597845,5.0,1.96
1b,25000,3585606,neural-fore,neural-main-oracle-bellman,-11.45291703632675,-11.459949062153354,-11.44896978656228,0.018428426747406582,-11.496068778578271,-11.423829345728437,1.0,-0.003947249764470584,-0.010979275591074256,0.2678327576826835,0.2678327576826835,0.04129218831651227,0.040094897349154265,0.00872029183874154,nan,nan,0.049939739308918936,10.86171102500661,12.639422280956738,23193.35489835395,nan,nan,nan,nan,nan,nan,nan,nan,nan,300.0,0.00014177508096460553,40.01104566641152,20000.0,1.0,0.0,300.0,260.0,0.2949912296019989,0.3020584245899095,0.00012769294240739566,0.00039762537427839373,39.351759108225814,35.83802183370572,1.0,1.0,18499.441229219716,16866.42864049678,13.177585266267432,19.20182556905234,0.0,0.0,0.0,"[300, 300, 300, 300, 300]","[0.0005638320620436346, 0.0, 0.0, 0.0, 0.00014504334277939314]","[300, 300, 300, 300, 300]","[300, 300, 100, 300, 300]","[0.0005589649815020939, 0.0, 0.0, 7.949973053488431e-05, 0.0]","[0.0, 0.0, 0.001257168936932455, 0.0007309579344595139, 0.0]",,0.018428426747406582,0.0162858031794485,5.0,1.96
1b,25000,3595606,neural-fore,neural-main-oracle-bellman,-11.4519961867838,-11.470210858648485,-11.44896978656228,0.018331094858896977,-11.506139804571923,-11.434281912725048,1.0,-0.0030264002215201202,-0.021241072086205293,0.2308350477682446,0.2308350477682446,0.04545426941586943,0.03988418296560431,0.010085844500739037,nan,nan,0.036233398015850904,10.940189896069427,12.606457887589787,23135.96336219305,nan,nan,nan,nan,nan,nan,nan,nan,nan,300.0,0.00017820233815536945,45.401720865815875,20000.0,1.0,0.0,300.0,300.0,0.29856008884128954,0.30670152459324457,0.0,0.00013744272514035322,44.67529019936919,44.8931238833582,1.0,1.0,18267.40113679903,17045.137606469085,13.551292344893223,18.140527404487035,0.0,0.0,0.0,"[300, 300, 300, 300, 300]","[0.00045979065773174284, 0.0, 0.0, 0.0004312210330451045, 0.0]","[300, 300, 300, 300, 300]","[300, 300, 300, 300, 300]","[0.0, 0.0, 0.0, 0.0, 0.0]","[0.0, 0.00010766728678445725, 0.00016996151554124548, 0.0, 0.00040958482337606335]",,0.018331094858896977,0.017677890984143137,5.0,1.96
1b,25000,3605606,neural-fore,neural-main-oracle-bellman,-11.426486321738604,-11.43744490729792,-11.44896978656228,0.01925540249442822,-11.475185496186999,-11.39970431840884,1.0,0.022483464823675803,0.011524879264360521,0.27626144784148243,0.27626144784148243,0.056663010670961446,0.05513950744883939,0.012767933243530927,nan,nan,0.05068894623535204,10.788360500002788,12.751090643872558,23203.830835544264,nan,nan,nan,nan,nan,nan,nan,nan,nan,180.0,0.0007795569919908648,37.12839534978848,20000.0,1.0,0.0,220.0,220.0,0.3380914081607598,0.3521563213309292,0.0012395262618129072,0.0006079538075868891,39.07646840836387,38.8098713911837,1.0,1.0,18316.754688304696,17470.73085635983,13.495307080236461,17.06627849051664,0.0,0.0,0.0,"[300, 100, 300, 100, 100]","[0.0010046908541117801, 0.0006845262817639995, 0.0, 0.001494228629806214, 0.0007143391942723304]","[100, 300, 100, 300, 300]","[300, 100, 100, 300, 300]","[0.002764910248277885, 0.0019467775342186834, 0.0010995953594056022, 0.0003863481671623647, 0.0]","[0.0002828408450867081, 0.0016207734723346012, 0.00034539482020409757, 0.0, 0.0007907599003090386]",,0.01925540249442822,0.018023227386610077,5.0,1.96
1b,25000,3615606,neural-fore,neural-main-oracle-bellman,-11.448360374100833,-11.459729802262537,-11.44896978656228,0.017484522225229983,-11.493999465823988,-11.425460138701085,1.0,0.0006094124614470786,-0.010760015700256531,0.2595479437146164,0.2595479437146164,0.046578317632087946,0.04689756186670051,0.008545442964383037,nan,nan,0.04284278746422587,10.963285091875298,12.699149371687056,23189.952035367118,nan,nan,nan,nan,nan,nan,nan,nan,nan,300.0,0.0005219970410334204,45.092255716398356,20000.0,1.0,0.0,300.0,220.0,0.27761736977057583,0.28762090821276964,0.0007647686545317368,0.0010197960828655253,44.048157583130525,38.06617052445654,1.0,1.0,18328.391639559235,17128.93073364804,13.31533075560866,18.102222478292735,0.0,0.0,0.0,"[300, 300, 300, 300, 300]","[0.0, 0.0, 0.00017676346193042498, 0.0024332217432366772, 0.0]","[300, 300, 300, 300, 300]","[100, 300, 100, 300, 300]","[0.0, 0.0020108504945136004, 0.0006121780331278801, 0.0012008147450172037, 0.0]","[0.0005272123775289403, 0.0006242699731173191, 0.003925420784749244, 2.2077278932123735e-05, 0.0]",,0.017484522225229983,0.009919237928852047,5.0,1.96
1b,25000,3625606,neural-fore,neural-main-oracle-bellman,-11.426557145145258,-11.438604002975387,-11.44896978656228,0.018065988203806272,-11.474013339854848,-11.403194666095926,1.0,0.022412641417021817,0.010365783586893329,0.40166260063969395,0.40166260063969395,0.046681987048569115,0.047110312619841804,0.013033369904397903,nan,nan,0.047875307040473575,10.873116974716666,12.867340179254773,23134.245257387774,nan,nan,nan,nan,nan,nan,nan,nan,nan,260.0,0.00045882800143794405,42.6602385827573,20000.0,0.9999999999999998,0.0,260.0,220.0,0.27712370346338455,0.2864135049182464,0.00024141859015352484,0.0003166320434519887,41.2228144996101,38.695348674990235,1.0,1.0,18165.877782553154,16606.28519262204,14.498352934359994,19.743417674771162,0.0,0.0,0.0,"[300, 300, 300, 100, 300]","[0.00013241196861328648, 0.0, 0.001073440074512501, 0.0005513231285931393, 0.0005369648354707938]","[300, 300, 300, 300, 100]","[300, 100, 300, 300, 100]","[0.0, 0.0, 0.0006657896775551263, 0.0, 0.0005413032732124979]","[0.0, 0.0, 0.0, 0.00017929011781439347, 0.00140387009944555]",,0.018065988203806272,0.017464380189139064,5.0,1.96
1b,25000,3635606,neural-fore,neural-main-oracle-bellman,-11.431065416066632,-11.442103439342937,-11.44896978656228,0.02021293699553265,-11.48172079585418,-11.402486082831693,1.0,0.01790437049564808,0.006866347219343538,0.24630204099183972,0.24630204099183972,0.04468293798963057,0.04503103644626106,0.005208241744839131,nan,nan,0.039144549361126546,10.852763299302934,12.806979781587543,23117.347956353457,nan,nan,nan,nan,nan,nan,nan,nan,nan,300.0,0.00013257410371036326,47.0006298585562,20000.0,1.0,0.0,260.0,180.0,0.34872998793773297,0.34866613672814234,0.00036979033533580084,0.0008050717637924851,41.865760667086576,36.075741917220874,1.0,1.0,18083.687100179362,17084.841917221234,14.4155270925,17.81151879183255,0.0,0.0,0.0,"[300, 300, 300, 300, 300]","[0.0, 0.0, 0.0, 0.0006628705185518164, 0.0]","[300, 300, 300, 300, 100]","[300, 300, 100, 100, 100]","[0.0008016603164617974, 0.0, 0.0, 0.0, 0.0010472913602172069]","[0.00019077696568930633, 0.000681235515136925, 0.0017377053083537724, 0.0014156410297824214, 0.0]",,0.02021293699553265,0.027106047551648388,5.0,1.96
1b,25000,3645606,neural-fore,neural-main-oracle-bellman,-11.46299117081566,-11.47939085608816,-11.44896978656228,0.018666926409498304,-11.515978031850777,-11.442803680325545,1.0,-0.014021384253380731,-0.03042106952588064,0.3321469479122065,0.3321469479122065,0.045148822492797065,0.044626500408829636,0.011165684930482216,nan,nan,0.0504094683054127,10.921424904207123,12.561851009629171,23171.345141351383,nan,nan,nan,nan,nan,nan,nan,nan,nan,220.0,0.0005829309372007957,35.82292349182535,20000.0,1.0,0.0,300.0,260.0,0.28282257898105617,0.29504627227756763,0.00010146768360194264,0.00039885188086030986,39.982012891583146,37.52501968343277,1.0,1.0,18147.66377062889,16805.131949439026,15.593371459797954,19.584968032021823,0.0,0.0,0.0,"[100, 300, 100, 300, 300]","[0.00046725501616584587, 0.0006903942301237571, 0.0011086648042754332, 0.0006483406354389418, 0.0]","[300, 300, 300, 300, 300]","[300, 300, 100, 300, 300]","[0.0, 0.0003321644285698985, 0.00017517398943981473, 0.0, 0.0]","[0.0, 0.00021741735947586503, 0.001776842044825684, 0.0, 0.0]",,0.018666926409498304,0.030094270206752555,5.0,1.96
1b,25000,3655606,neural-fore,neural-main-oracle-bellman,-11.424165182724455,-11.440410762057407,-11.44896978656228,0.01960035584091209,-11.478827459505595,-11.40199406460922,1.0,0.024804603837825567,0.008559024504872781,0.2436155401212131,0.2436155401212131,0.04697666167411115,0.04586786340081065,0.01000708744750714,nan,nan,0.041501491225681884,10.812697546686831,13.089965758498378,23100.42934224881,nan,nan,nan,nan,nan,nan,nan,nan,nan,260.0,0.00020429626941194734,37.54912263378501,20000.0,1.0,0.0,260.0,260.0,0.3515809711916705,0.35707492627037624,0.0004991239359832752,0.000645714889132819,36.39325661682524,36.063910775189285,1.0,1.0,18018.392353783333,16824.528335971816,15.81122534216179,19.411685677450084,0.0,0.0,0.0,"[300, 300, 300, 300, 100]","[0.0, 0.0, 0.0005200271646593044, 0.0, 0.0005014541824004324]","[300, 300, 300, 300, 100]","[300, 300, 300, 300, 100]","[0.0008470065893957325, 0.00046776077959852897, 0.0, 0.0, 0.001180852310922115]","[0.000886395681246094, 0.0014379074732943549, 0.0, 0.0, 0.0009042712911236464]",,0.01960035584091209,0.03379541123245859,5.0,1.96
1b,25000,3665606,neural-fore,neural-main-oracle-bellman,-11.443232974977887,-11.461155587633685,-11.44896978656228,0.018640705615669658,-11.497691370640398,-11.424619804626973,1.0,0.005736811584393209,-0.012185801071405322,0.3363366032910212,0.3363366032910212,0.0415636370319872,0.0404860592727803,0.0066905391164555645,nan,nan,0.04285754145184659,10.799605406906533,12.532549567271582,23241.174322131537,nan,nan,nan,nan,nan,nan,nan,nan,nan,260.0,0.0006364740579723676,42.9212100667879,20000.0,1.0,0.0,260.0,260.0,0.33824502046035076,0.34791268740834186,0.0005143081279826108,0.0007472336173633867,41.84830389919225,41.300198266585355,1.0,1.0,18455.461759480968,17395.344033418798,13.486897396249239,16.88984943002066,0.0,0.0,0.0,"[300, 100, 300, 300, 300]","[0.0001626808903991848, 0.0017034011826656656, 0.0011664960295591055, 0.0, 0.00014979218723788182]","[300, 100, 300, 300, 300]","[300, 100, 300, 300, 300]","[0.0, 0.0017770973894396527, 0.00027299244304569194, 0.0005214508074277093, 0.0]","[0.0, 0.0023370005794887128, 0.000319378730602908, 0.0005815757693221774, 0.0004982130074031354]",,0.018640705615669658,0.024778736914104996,5.0,1.96
1b,25000,3675606,neural-fore,neural-main-oracle-bellman,-11.456804570223412,-11.471766757349435,-11.44896978656228,0.018608611711759395,-11.508239636304484,-11.435293878394386,1.0,-0.00783478366113144,-0.022796970787155146,0.2737441223902594,0.2737441223902594,0.038470985926828044,0.038484795593782394,0.010957559556438333,nan,nan,0.041318758215890254,10.994425045030379,13.223792708992193,22978.145235971802,nan,nan,nan,nan,nan,nan,nan,nan,nan,300.0,0.0003894442280042467,46.45425720019266,20000.0,1.0,0.0,260.0,260.0,0.28835440398511747,0.2967900000674485,0.00031097727492469996,0.0008002669295081209,41.59823695814703,41.69834818318486,1.0,1.0,18040.673669829033,16568.62057674024,14.55079592030656,19.827494611485047,0.0,0.0,0.0,"[300, 300, 300, 300, 300]","[0.0, 0.0004073113085110287, 0.0015338915351892641, 6.0182963209407e-06, 0.0]","[300, 300, 300, 300, 100]","[300, 300, 100, 300, 300]","[0.00012001314517662462, 0.0, 0.0, 0.0, 0.0014348732294468753]","[0.0017602536672916484, 0.0, 0.0022410809802489557, 0.0, 0.0]",,0.018608611711759395,0.015508267190008179,5.0,1.96
1b,25000,3685606,neural-fore,neural-main-oracle-bellman,-11.425220322754306,-11.444040218099785,-11.44896978656228,0.01890626571929272,-11.481096498909599,-11.40698393728997,1.0,0.023749463807973825,0.004929568462495482,0.2699543507454969,0.2699543507454969,0.05078421642515163,0.05146767510234564,0.010496022557055763,nan,nan,0.04400319445643157,10.765375484340732,12.575840744616034,23324.67352537129,nan,nan,nan,nan,nan,nan,nan,nan,nan,260.0,0.00038764672489769234,41.77878601728007,20000.0,1.0,0.0,260.0,260.0,0.34079136397924065,0.34866239235795893,0.0005280842647772395,0.0005978870015682612,41.41480430881493,40.749492350406946,1.0,1.0,18509.146743570465,17390.32122657135,13.02174307775237,17.09162803204078,0.0,0.0,0.0,"[300, 100, 300, 300, 300]","[0.0002402192706616126, 0.001028342102056047, 0.0003830129015861816, 0.0, 0.0002866593501846205]","[300, 300, 300, 100, 300]","[300, 300, 300, 100, 300]","[0.0003240945841387926, 0.0, 0.0006494471906994691, 0.0008574152779133957, 0.00080946427113454]","[0.0008942380062323504, 0.0, 0.0004140073542907869, 2.897943335450159e-05, 0.0016522102139636672]",,0.01890626571929272,0.021144670171016906,5.0,1.96
1b,25000,3695606,neural-fore,neural-main-oracle-bellman,-11.44869632805905,-11.457248286654895,-11.44896978656228,0.019364492101522232,-11.495202691173878,-11.419293882135912,1.0,0.0002734585032300174,-0.008278500092615104,0.16262795007119663,0.16262795007119663,0.029779925234653958,0.028192488181255825,0.007473277360162733,nan,nan,0.04258964307923139,10.906999198466497,12.779361729737726,23100.730501689508,nan,nan,nan,nan,nan,nan,nan,nan,nan,220.0,0.00029138832682947604,39.10170250879601,20000.0,1.0,0.0,260.0,260.0,0.32346899858965966,0.33084542719663423,0.0008534620145848753,0.00043602641177537996,41.283537474204785,41.50774752476718,1.0,1.0,18198.06524395461,16972.633700024402,14.422566084122469,18.904421201518158,0.0,0.0,0.0,"[300, 100, 100, 300, 300]","[0.0, 0.00041015833852401957, 0.00041898789393778394, 0.000562357551556296, 6.54378501292808e-05]","[300, 300, 300, 100, 300]","[300, 300, 300, 100, 300]","[8.418931082084174e-05, 0.0003184966241834556, 0.00043083286242791096, 0.003433791275492168, 0.0]","[0.0009649552894852871, 0.0, 0.0, 0.0012151767693916128, 0.0]",,0.019364492101522232,0.02122176012859868,5.0,1.96
1b,25000,3705606,neural-fore,neural-main-oracle-bellman,-11.454129332202777,-11.466266161099018,-11.44896978656228,0.0185077192940622,-11.50254129091538,-11.429991031282656,1.0,-0.005159545640497143,-0.017296374536737602,0.2377253293943788,0.2377253293943788,0.03909679594749508,0.03834674329760732,0.007627059676555235,nan,nan,0.04018250553160886,10.776492795756816,12.977723990860657,23164.81857295371,nan,nan,nan,nan,nan,nan,nan,nan,nan,300.0,0.0005198956578609549,44.85054767543916,20000.0,1.0,0.0,220.0,180.0,0.2881095092732575,0.2982094881949377,0.0016200370817592593,0.0008074255605201566,38.07521585044451,35.40269359978847,1.0,1.0,18406.498392410103,16839.026433968487,13.470433564096528,19.178840544081798,0.0,0.0,0.0,"[300, 300, 300, 300, 300]","[0.0, 0.0002599105084012827, 0.0, 0.0011799203765265498, 0.0011596474043769416]","[300, 300, 300, 100, 100]","[100, 300, 100, 300, 100]","[0.0, 0.0014810141679955004, 0.0019745008314444716, 0.0020467412569865327, 0.002597929152369792]","[0.001841171352858793, 0.0, 0.0007986098401205064, 0.0007408730395254024, 0.0006564735700960814]",,0.0185077192940622,0.02576023550159479,5.0,1.96
1b,25000,3715606,neural-fore,neural-main-oracle-bellman,-11.442136054892053,-11.457162803408108,-11.44896978656228,0.018022728846855105,-11.492487351947945,-11.421838254868272,1.0,0.006833731670226939,-0.008193016845828183,0.28769403863811405,0.28769403863811405,0.03912393678964083,0.03876724013825554,0.007088791032155551,nan,nan,0.04134396711537124,10.83016301010638,12.449514602264406,23329.748953825903,nan,nan,nan,nan,nan,nan,nan,nan,nan,300.0,0.00023273930523359335,47.13918069945648,20000.0,1.0,0.0,220.0,220.0,0.3160187745606139,0.3241657787373429,0.0007685219268554344,0.0005124584738447135,37.908656591922046,37.60160661679693,1.0,1.0,18640.650121519535,17134.748593213997,12.440541082438207,18.154763506186242,0.0,0.0,0.0,"[300, 300, 300, 300, 300]","[0.0, 0.0004209595008129509, 0.0, 0.0, 0.0007427370253550159]","[300, 300, 100, 300, 100]","[300, 300, 100, 300, 100]","[0.000987224492937888, 0.0, 0.002137497257155032, 0.0, 0.0007178878841842516]","[0.0007790865116627419, 0.0006309798564560728, 0.0, 0.00034066907426817347, 0.0008115569268365794]",,0.018022728846855105,0.013762703038505963,5.0,1.96
1b,25000,3725606,neural-fore,neural-main-oracle-bellman,-11.427864286970788,-11.442105791481987,-11.44896978656228,0.018797050828348462,-11.478948011105551,-11.405263571858423,1.0,0.021105499591492105,0.006863995080292895,0.28436578292552517,0.28436578292552517,0.04373764039349545,0.0405456470805557,0.005261779558748387,nan,nan,0.044381262847788636,10.751927900527145,13.009440824121437,23217.02494873102,nan,nan,nan,nan,nan,nan,nan,nan,nan,260.0,7.775204139258173e-05,39.415123791829686,20000.0,1.0,0.0,300.0,100.0,0.32470252821930556,0.33033845738227635,0.0003964146852077712,0.0008462537632404862,40.38043223340064,24.9501594170928,1.0,0.9999999999999998,18299.904295058448,16946.951360485476,14.426559664012146,18.138993234625445,0.0,0.0,0.0,"[300, 300, 300, 100, 300]","[0.0, 0.0, 0.0, 0.00038876020696290866, 0.0]","[300, 300, 300, 300, 300]","[100, 100, 100, 100, 100]","[0.001982073426038856, 0.0, 0.0, 0.0, 0.0]","[0.0010208957380422328, 0.0019387650161523313, 0.0005530486053549678, 0.0003789531132825639, 0.0003396063433703356]",,0.018797050828348462,0.023328587547847685,5.0,1.96
1b,25000,3735606,neural-fore,neural-main-oracle-bellman,-11.472584576341399,-11.480953747214498,-11.44896978656228,0.017317358171425084,-11.51489576923049,-11.447011725198506,1.0,-0.023614789779118794,-0.03198396065221765,0.23127475925602434,0.23127475925602434,0.03960766568196983,0.036170851653526015,0.007627533937013087,nan,nan,0.040475722950713486,11.011988892011054,12.986504507312349,23057.588488133784,nan,nan,nan,nan,nan,nan,nan,nan,nan,300.0,0.00017903709487155414,42.44317579125054,20000.0,1.0,0.0,300.0,260.0,0.25157215841227576,0.25997123240028375,0.0007987552007341829,0.000350619484863656,41.65320038262289,38.55319985016249,1.0,1.0,18407.32936632092,16680.933492632645,12.83575760459315,20.173367765732046,0.0,0.0,0.0,"[300, 300, 300, 300, 300]","[0.0, 0.00043404666903517703, 0.0, 0.0002572276807023648, 0.00020391112462022878]","[300, 300, 300, 300, 300]","[300, 300, 300, 100, 300]","[0.00033730605358160416, 0.001968516050874027, 0.0, 0.0016879538992152832, 0.0]","[7.571251849650587e-05, 0.0, 0.00014803690862657696, 0.001529347997195197, 0.0]",,0.017317358171425084,0.016512194046175287,5.0,1.96
1b,25000,3745606,neural-fore,neural-main-oracle-bellman,-11.441164874980021,-11.454744520625926,-11.44896978656228,0.018515376711877,-11.491034658981205,-11.418454382270648,1.0,0.007804911582258711,-0.0057747340636460365,0.21720087313732148,0.21720087313732148,0.03764913913037449,0.03739492384077399,0.007744497728657364,nan,nan,0.04406426164480018,10.831290851369545,12.663888412808006,23176.56636645299,nan,nan,nan,nan,nan,nan,nan,nan,nan,220.0,0.0008149773279647051,39.103440692019646,20000.0,1.0,0.0,260.0,180.0,0.29735498535577093,0.3058424447191664,0.001156593823818487,0.0006315788649941637,40.54011683359276,35.22406173320487,1.0,1.0,18315.94698625731,17051.11363923953,13.227465708026838,18.363332092915623,0.0,0.0,0.0,"[300, 300, 100, 100, 300]","[3.129677513871089e-05, 0.0005480777955763802, 0.001609249022108918, 0.001886263046999516, 0.0]","[300, 300, 100, 300, 300]","[100, 300, 100, 100, 300]","[0.001201252128492216, 0.0009394039573243913, 0.0020076186343249013, 0.0015158040983947844, 0.00011889030055614037]","[0.0015716285265737913, 0.0, 0.0008968779112101342, 0.0006893878871868929, 0.0]",,0.018515376711877,0.016940028363647993,5.0,1.96
1b,25000,3755606,neural-fore,neural-main-oracle-bellman,-11.440749722720648,-11.452426481283338,-11.44896978656228,0.01752403497526595,-11.48677358983486,-11.418079372731816,1.0,0.008220063841632097,-0.003456694721057474,0.3182092570562125,0.3182092570562125,0.0513554122703848,0.05069223333867502,0.005167155880413143,nan,nan,0.04495011681319541,10.912959675590752,12.634289425134165,23211.247349235382,nan,nan,nan,nan,nan,nan,nan,nan,nan,260.0,0.00011294306712543973,43.41785060814582,20000.0,1.0,0.0,300.0,260.0,0.27256568390793,0.285191438602983,0.0007609176333547149,0.0008110391042545805,44.56168411674444,41.4110968997702,1.0,1.0,18462.093881796427,16733.090088956968,12.715890957109805,19.52314451887728,0.0,0.0,0.0,"[300, 300, 100, 300, 300]","[0.0, 0.00037090646125343253, 3.350997111584607e-05, 0.0, 0.00016029890325792008]","[300, 300, 300, 300, 300]","[300, 300, 100, 300, 300]","[0.0008983845570957265, 0.0006817032284436646, 0.0015987680617283668, 0.0004000104525505696, 0.00022572186695524657]","[0.0, 0.0, 0.0005670262627020403, 0.002845651316923673, 0.0006425179416471897]",,0.01752403497526595,0.009487147621564399,5.0,1.96
1b,25000,3765606,neural-fore,neural-main-oracle-bellman,-11.428685973930786,-11.43886160553465,-11.44896978656228,0.019020765116593622,-11.476142305163172,-11.401580905906126,1.0,0.020283812631493703,0.010108181027630891,0.3549443675258731,0.3549443675258731,0.0500197226738754,0.04983954732323848,0.008693841861656585,nan,nan,0.047918757584826395,10.777607887654387,12.628358598227209,23233.974747272798,nan,nan,nan,nan,nan,nan,nan,nan,nan,260.0,0.00040942518423748566,42.949361516954376,20000.0,1.0,0.0,220.0,260.0,0.3227093614620938,0.3319295609879655,0.00032168527270703495,0.00028480959046661334,38.42548490015324,40.71577377500944,1.0,1.0,18251.473510852662,16927.242031854177,13.74547244861003,18.638202799137094,0.0,0.0,0.0,"[300, 100, 300, 300, 300]","[0.0012688287678797926, 0.0003228497032539219, 0.00044197803511629056, 0.0, 1.346941493742343e-05]","[300, 300, 100, 100, 300]","[300, 300, 100, 300, 300]","[0.00018928863369097352, 0.0, 0.0007866524365698107, 0.00037103344599148224, 0.0002614518472829084]","[0.0005100783294475942, 0.0, 0.0009139696228854725, 0.0, 0.0]",,0.019020765116593622,0.016848922706128037,5.0,1.96
1b,25000,3775606,neural-fore,neural-main-oracle-bellman,-11.458719490956305,-11.466111013303827,-11.44896978656228,0.018716708359268863,-11.502795761687993,-11.42942626491966,1.0,-0.009749704394025116,-0.017141226741546944,0.2994524192957091,0.2994524192957091,0.04786753520542665,0.04520822951398901,0.006994831835726951,nan,nan,0.043587076562008484,10.805294111332667,12.877918538614654,23109.116434176165,nan,nan,nan,nan,nan,nan,nan,nan,nan,220.0,0.0006121114138796544,39.63114415814634,20000.0,1.0,0.0,260.0,180.0,0.29578021950203526,0.3017071199920879,0.0018749118059366433,0.0005520524677201301,41.107597024925056,35.42910084258765,1.0,1.0,18443.30954866747,17010.35362986064,12.956227680229961,18.69647712720245,0.0,0.0,0.0,"[300, 100, 300, 300, 100]","[0.00026078615682050634, 0.0005382838085973378, 0.0009739985825069424, 0.0, 0.0012874885214734857]","[300, 100, 300, 300, 300]","[100, 100, 300, 100, 300]","[0.0, 0.003268730456326106, 0.0, 0.004802123446729859, 0.0013037051266272528]","[0.00023152264939187443, 0.0007310125662135286, 0.0, 0.001769079848060688, 2.8647274934559418e-05]",,0.018716708359268863,0.018214299438351074,5.0,1.96
1b,25000,3785606,neural-fore,neural-main-oracle-bellman,-11.44918293875284,-11.460536925337784,-11.44896978656228,0.017556975672017455,-11.494948597654938,-11.426125253020631,1.0,-0.0002131521905592848,-0.011567138775504304,0.4042891273308629,0.4042891273308629,0.05633469276868748,0.05245355372603637,0.0067861568378216885,nan,nan,0.04315564927546762,10.844035628763567,12.93664000507983,23194.013384841215,nan,nan,nan,nan,nan,nan,nan,nan,nan,300.0,0.00046835133497388266,46.25167668401264,20000.0,1.0,0.0,300.0,300.0,0.27733043383512324,0.28716041853657165,0.00017334947586580444,0.0002861953689056629,44.015236108587125,44.049912391742694,1.0,1.0,18422.130518100963,16713.09069036503,13.568714397637171,19.459595801567964,0.0,0.0,0.0,"[300, 300, 300, 300, 300]","[0.0011030633080601152, 0.0, 0.0005256060885246463, 0.0002048635092941447, 0.0005082237689905069]","[300, 300, 300, 300, 300]","[300, 300, 300, 300, 300]","[0.0, 0.0006581223426276168, 1.5615156194661987e-06, 0.0, 0.0002070635210819392]","[0.0005329789930856779, 0.0005708613520862757, 0.00032713649935636096, 0.0, 0.0]",,0.017556975672017455,0.026948125635341928,5.0,1.96
1b,25000,3795606,neural-fore,neural-main-oracle-bellman,-11.431986715082763,-11.441359215984857,-11.44896978656228,0.019060737987794972,-11.478718262440935,-11.404000169528778,1.0,0.016983071479517164,0.0076105705774232035,0.3312683258248272,0.3312683258248272,0.042817892144801896,0.04036671458855143,0.011193508711105412,nan,nan,0.043702366117961695,10.84465915232005,12.621157075023785,23187.069659348756,nan,nan,nan,nan,nan,nan,nan,nan,nan,260.0,0.0005532167724466506,39.08101239919197,20000.0,1.0,0.0,300.0,220.0,0.3285024051687332,0.33736283784686905,0.0006716491271153859,0.0007432271178244995,40.53151209964417,34.43729448323138,1.0,1.0,18015.448318332223,17270.044738797977,15.458097307283348,17.194073651105725,0.0,0.0,0.0,"[300, 300, 100, 300, 300]","[0.0005904443795806463, 0.0, 0.0007693409950620008, 0.0005473959930410296, 0.0008589024945495764]","[300, 300, 300, 300, 300]","[300, 100, 300, 100, 300]","[0.0019847240975108303, 7.325357569736554e-05, 0.0, 0.0013002679623687337, 0.0]","[0.0017437747388873025, 0.0014458926422881392, 3.182975320478335e-05, 0.0, 0.0004946384547422722]",,0.019060737987794972,0.008542285975449761,5.0,1.96
1b,25000,3805606,neural-fore,neural-main-oracle-bellman,-11.443833466873514,-11.455475264704619,-11.44896978656228,0.018208988209906508,-11.491164881596037,-11.419785647813201,1.0,0.005136319688766378,-0.006505478142338816,0.2845617756641106,0.2845617756641106,0.046374696393642875,0.04693258292870437,0.007506903322189687,nan,nan,0.04943084084370116,10.816877246587127,12.685721125613426,23268.427366918626,nan,nan,nan,nan,nan,nan,nan,nan,nan,220.0,0.0007922502932234586,35.16087746683043,20000.0,1.0,0.0,260.0,180.0,0.2990355185850084,0.30787367136834987,7.512647796759446e-05,0.0006616899398899417,36.56858660839498,30.792134374356827,1.0,1.0,18544.54190030277,17065.707661463777,13.341828470627519,18.192544441531844,0.0,0.0,0.0,"[300, 100, 300, 300, 100]","[0.0, 0.0008486491179452166, 0.0025910682420890395, 0.0, 0.0005215341060830369]","[300, 300, 100, 300, 300]","[100, 100, 100, 300, 300]","[0.0, 0.0, 0.00037563238983797227, 0.0, 0.0]","[0.0003065427545597649, 0.0006088468387546115, 0.0006535222734187046, 0.001530558921750912, 0.00020897891096571607]",,0.018208988209906508,0.015352328608707822,5.0,1.96
1b,25000,3815606,neural-fore,neural-main-oracle-bellman,-11.445809488845237,-11.455641353629042,-11.44896978656228,0.017796785945750716,-11.490523054082713,-11.420759653175372,1.0,0.003160297717043292,-0.006671567066762307,0.14451380103402445,0.14451380103402445,0.02885015448171766,0.02898511337038403,0.004202800455485532,nan,nan,0.0462594737427552,10.787919386749781,12.560721825221897,23281.63693501884,nan,nan,nan,nan,nan,nan,nan,nan,nan,260.0,0.000185964590900445,40.900133916409686,20000.0,1.0,0.0,300.0,180.0,0.2926271714604386,0.3018709457831913,0.00024645523072596055,0.000978240372848813,43.2434594749473,34.853009300655685,1.0,1.0,18566.942811340825,17081.362927408176,13.164263170164432,18.524636321511736,0.0,0.0,0.0,"[300, 300, 300, 100, 300]","[0.00048448904671821534, 0.0, 0.0, 0.00044533390778400965, 0.0]","[300, 300, 300, 300, 300]","[100, 100, 100, 300, 300]","[0.001218360353185139, 1.3915800444663573e-05, 0.0, 0.0, 0.0]","[0.0011899443299183822, 0.00043793022426354963, 0.0005011927178733785, 0.000934246340381391, 0.001827888251807364]",,0.017796785945750716,0.026625214306641692,5.0,1.96
1b,25000,3825606,neural-fore,neural-main-oracle-bellman,-11.434057066356441,-11.439389884583923,-11.44896978656228,0.019641481238530066,-11.477887187811442,-11.400892581356404,1.0,0.014912720205838781,0.009579901978357341,0.3571342989537,0.3571342989537,0.03977200977625708,0.039725704065742336,0.012062485396067921,nan,nan,0.04874542731471843,10.724734128384963,12.79660621079966,23218.20763081876,nan,nan,nan,nan,nan,nan,nan,nan,nan,260.0,0.0004093371395171303,43.839052641997114,20000.0,1.0,0.0,220.0,180.0,0.33611427838865715,0.3431790263951221,0.0008974046142044129,0.0010763431853722846,38.673851275187914,34.887173225451264,1.0,0.9999999999999998,18118.44468119881,17040.39899076048,15.42809201382353,17.923456934618763,0.0,0.0,0.0,"[300, 100, 300, 300, 300]","[0.0, 0.00140989236841996, 0.0005437936466309378, 0.0, 9.29996825347537e-05]","[100, 300, 100, 300, 300]","[300, 100, 100, 100, 300]","[0.0017161604731306668, 0.0, 0.002054728970080025, 0.0007161336278113729, 0.0]","[0.0, 0.0019171405642480406, 0.0013919573748246506, 0.0020726179877887324, 0.0]",,0.019641481238530066,0.009877434451733908,5.0,1.96
1b,25000,3835606,neural-fore,neural-main-oracle-bellman,-11.430967442918078,-11.439068990154555,-11.44896978656228,0.018408972560970162,-11.475150576374055,-11.402987403935054,1.0,0.018002343644202057,0.009900796407725565,0.2474841673249709,0.2474841673249709,0.052543889207211605,0.05051747258398912,0.004386187760183961,nan,nan,0.0429736667796083,10.854980619990329,12.78872428197749,23251.607136500603,nan,nan,nan,nan,nan,nan,nan,nan,nan,260.0,0.00013822728202238463,42.791727407975124,20000.0,1.0,0.0,260.0,300.0,0.30293950451337315,0.311871458119891,0.0003810701166471372,2.958805134436925e-05,41.17394749119412,44.01689678365365,1.0,1.0,18225.30783052317,17073.82670267219,14.489773199877215,18.818931260846494,0.0,0.0,0.0,"[100, 300, 300, 300, 300]","[5.570440160780908e-05, 0.0, 0.0006354320085041141, 0.0, 0.0]","[100, 300, 300, 300, 300]","[300, 300, 300, 300, 300]","[0.0019053505832356862, 0.0, 0.0, 0.0, 0.0]","[0.0, 0.0, 0.00014794025672184625, 0.0, 0.0]",,0.018408972560970162,0.0227502884082789,5.0,1.96
1b,25000,3845606,neural-fore,neural-main-oracle-bellman,-11.443119474969313,-11.454556013558971,-11.44896978656228,0.01783897957769557,-11.489520413531254,-11.419591613586688,1.0,0.005850311592967117,-0.005586226996690868,0.2624755090760901,0.2624755090760901,0.04168052357397514,0.0394020529028848,0.005518320050129522,nan,nan,0.04281580393993347,10.974799473774823,12.604612782970127,23154.164059042065,nan,nan,nan,nan,nan,nan,nan,nan,nan,260.0,0.00027795236765704097,42.7425113745965,20000.0,1.0,0.0,220.0,300.0,0.2862334419096123,0.2941926404353269,0.0011183822930450438,0.00025492482935213245,38.32683609216474,43.916839241446,1.0,1.0,18473.53982168899,16834.98269561312,13.156915334524962,19.31604360990658,0.0,0.0,0.0,"[300, 300, 300, 100, 300]","[0.0, 0.0, 0.00027777474966206246, 0.0003770507819328561, 0.0007349363066902864]","[300, 300, 300, 100, 100]","[300, 300, 300, 300, 300]","[0.0, 0.002196613770877423, 0.0, 0.0017305826475926959, 0.0016647150467551002]","[0.0, 0.0002513582968116239, 0.0, 0.0002714521840982122, 0.0007518136658508261]",,0.01783897957769557,0.007786338033263544,5.0,1.96
1b,25000,3855606,neural-fore,neural-main-oracle-bellman,-11.480314238138371,-11.497103945184767,-11.44896978656228,0.018310385561877956,-11.532992300886047,-11.461215589483487,0.0,-0.031344451576091004,-0.04813415862248682,0.18539857690853148,0.18539857690853148,0.041357476834229356,0.04140117146425664,0.008766772420860346,nan,nan,0.046657003100653766,10.966253162135143,12.873930871305722,23087.24257721659,nan,nan,nan,nan,nan,nan,nan,nan,nan,260.0,0.00035844951695005215,42.622692324966195,20000.0,1.0,0.0,260.0,220.0,0.27576260961836174,0.2846797380619788,0.00024076696807081606,0.0012763025242110493,41.371395675232634,38.25426740825642,1.0,1.0,18297.270056207344,16888.41048432683,13.582762160465702,19.013101793899835,0.0,0.0,0.0,"[300, 100, 300, 300, 300]","[0.0, 0.0008644719074854544, 0.0, 0.0003695396412078207, 0.0005582360360569855]","[300, 300, 300, 100, 300]","[300, 100, 300, 100, 300]","[0.0, 0.0, 0.0, 0.0012038348403540804, 0.0]","[0.0023975114868123007, 0.0022971451600571563, 3.869713447918166e-05, 0.0007118869666825998, 0.0009362718730240079]",,0.018310385561877956,0.018153454863528425,5.0,1.96
1b,25000,3865606,neural-fore,neural-main-oracle-bellman,-11.424914595023186,-11.433926720969465,-11.44896978656228,0.018788343264032184,-11.470751873766968,-11.397101568171962,1.0,0.024055191539094523,0.015043065592815097,0.2789499136599922,0.2789499136599922,0.04703587823552343,0.04525672909116562,0.008973425355687308,nan,nan,0.043458160139865594,10.87509458626165,12.773665275112252,23223.752155097463,nan,nan,nan,nan,nan,nan,nan,nan,nan,260.0,0.0006609422881777251,38.977904325234704,20000.0,1.0,0.0,220.0,140.0,0.3245254974678498,0.33263859876939,0.0009500695422497277,0.001060126870626024,34.520647566439585,28.022976608620958,1.0,1.0,18465.027694695287,17124.85901357713,12.8977788592574,18.37750254385997,0.0,0.0,0.0,"[300, 300, 100, 300, 300]","[0.0, 0.0, 0.0032410315478521483, 6.367989303647737e-05, 0.0]","[300, 100, 100, 300, 300]","[100, 100, 300, 100, 100]","[0.0010037244794687307, 0.0007021677683319441, 0.0013682658119117386, 0.0016761896515362252, 0.0]","[0.0014925579700120865, 0.0009027186531132567, 0.002105895649464, 8.129307938062945e-05, 0.0007181690011601477]",,0.018788343264032184,0.016952641041175123,5.0,1.96
1b,25000,3875606,neural-fore,neural-main-oracle-bellman,-11.436830697208576,-11.449388462206167,-11.44896978656228,0.01892243911113285,-11.486476442863989,-11.412300481548346,1.0,0.012139089353704335,-0.0004186756438873118,0.28586372296912643,0.28586372296912643,0.04805721571429213,0.04685612080995353,0.011565341801712222,nan,nan,0.04354991518865565,10.900146718488294,12.81713702313073,23157.921587973706,nan,nan,nan,nan,nan,nan,nan,nan,nan,260.0,0.000534955793480409,43.0310973748099,20000.0,1.0,0.0,220.0,300.0,0.3163176733470673,0.3219833929710652,0.0012109638849823578,0.0006722680280257308,39.05375639223494,43.507994491583666,1.0,1.0,18178.958029839334,17170.47468773227,14.770293781942863,18.348719538868217,0.0,0.0,0.0,"[300, 300, 300, 300, 100]","[0.0007002547002086761, 0.0, 0.0008431007095977377, 0.0, 0.0011314235575956315]","[100, 300, 100, 300, 300]","[300, 300, 300, 300, 300]","[0.002929407122771568, 0.0005700390176586257, 0.0022112365997061833, 0.0, 0.00034413668477541285]","[0.0002774220074922981, 0.0003690933730312107, 0.0008790040317290509, 0.0011751959259804375, 0.0006606248018956565]",,0.01892243911113285,0.02751178761642046,5.0,1.96
1b,25000,3885606,neural-fore,neural-main-oracle-bellman,-11.449805518594388,-11.45793484236917,-11.44896978656228,0.0186858438203853,-11.494559096257126,-11.421310588481214,1.0,-0.0008357320321081829,-0.008965055806889666,0.272738315065411,0.272738315065411,0.04896552892060585,0.04866163908397832,0.017662599916397945,nan,nan,0.048785915495565754,10.826951338981836,12.857931873870834,23067.867739896326,nan,nan,nan,nan,nan,nan,nan,nan,nan,220.0,0.00021637165109669845,35.90428494992666,20000.0,1.0,0.0,260.0,300.0,0.2698912567580895,0.2754572793515362,0.001487885676327107,0.00018312337560729753,37.47213623314165,40.062157225213014,1.0,1.0,17859.32111033089,16442.58846265432,16.013097248367743,20.628884448203063,0.0,0.0,0.0,"[300, 100, 300, 100, 300]","[0.0, 0.00047673912928534464, 0.0, 0.0006051191261981475, 0.0]","[100, 300, 300, 300, 300]","[300, 300, 300, 300, 300]","[0.001902716144417828, 0.00031389371196125486, 0.00264857011018618, 0.0019868322456962594, 0.0005874161693740129]","[0.0, 0.0005433697426024837, 0.00037224713543400405, 0.0, 0.0]",,0.0186858438203853,0.019308478293505633,5.0,1.96
1b,25000,3895606,neural-fore,neural-main-oracle-bellman,-11.447566483006403,-11.462707960263293,-11.44896978656228,0.017755044164451995,-11.497507846825618,-11.427908073700968,1.0,0.0014033035558771445,-0.013738173701012713,0.253670042006691,0.253670042006691,0.03893759065510777,0.037779033027615344,0.007859939072954751,nan,nan,0.039917205806260236,10.941313741560611,12.893699037080472,23097.872195949803,nan,nan,nan,nan,nan,nan,nan,nan,nan,260.0,0.0003038618416450558,42.39916618319694,20000.0,1.0,0.0,220.0,260.0,0.2769112452490621,0.28817457287750176,0.0007130582246588365,0.0005126348108810669,38.040423257788646,40.68589514999185,1.0,1.0,18159.00745445883,16855.851758582292,14.736513312128384,19.139198787251733,0.0,0.0,0.0,"[100, 300, 300, 300, 300]","[0.0006427433157961497, 1.8914146275006754e-05, 0.0008576517461541224, 0.0, 0.0]","[300, 100, 300, 100, 300]","[300, 300, 300, 100, 300]","[0.0, 0.0008721153482897227, 0.0, 0.001975600534064801, 0.0007175752409396588]","[0.0, 0.000898308883752818, 0.0, 0.0012858415579092735, 0.00037902361274324284]",,0.017755044164451995,0.01813818249708477,5.0,1.96
1b,25000,3905606,neural-fore,neural-main-oracle-bellman,-11.457946441475602,-11.469033727809254,-11.44896978656228,0.019316009351620547,-11.506893106138431,-11.431174349480077,1.0,-0.008976654913322335,-0.020063941246974082,0.27730519179778146,0.27730519179778146,0.038236065007792405,0.037909429079845965,0.005551909033699794,nan,nan,0.046566921419253136,10.774149465532211,13.225828423192791,23096.665047773426,nan,nan,nan,nan,nan,nan,nan,nan,nan,180.0,0.00038879877132783514,36.76518363323994,20000.0,1.0,0.0,220.0,220.0,0.31946033575748156,0.3263055095293922,0.0007901236293190603,0.0004362608177176441,38.414667033031584,38.39887994239107,1.0,1.0,18323.817260221807,16989.22721511116,13.779636069793394,18.59824726413814,0.0,0.0,0.0,"[100, 300, 100, 100, 300]","[0.0, 0.0002386630256200171, 0.0008033491942138, 0.0009019816368053585, 0.0]","[100, 100, 300, 300, 300]","[100, 300, 100, 300, 300]","[0.0012185925496793631, 0.0011592764515255573, 0.0015204195324779544, 0.0, 5.232961291242721e-05]","[0.0016328717773524473, 0.0, 0.0005484323112357731, 0.0, 0.0]",,0.019316009351620547,0.0218243491466037,5.0,1.96
1b,25000,3915606,neural-fore,neural-main-oracle-bellman,-11.477502165381853,-11.485455608051645,-11.44896978656228,0.018147677205414728,-11.521025055374258,-11.449886160729031,0.0,-0.028532378819573267,-0.03648582148936441,0.2965041606649067,0.2965041606649067,0.04496095092008925,0.04452536477109591,0.008950023641490707,nan,nan,0.04542732177559171,10.967810319052392,12.674268356525628,23118.784827129595,nan,nan,nan,nan,nan,nan,nan,nan,nan,260.0,0.0005110911999274829,38.91209315021988,20000.0,0.9999999999999998,0.0,260.0,220.0,0.28469243371523045,0.2973041467191304,0.0006185364605984249,0.0008360482953866687,38.15195722535718,34.14669002464507,1.0,1.0,18327.952288502445,16906.331126559046,13.39873674847353,18.17104411830338,0.0,0.0,0.0,"[300, 300, 100, 300, 300]","[0.0, 0.0, 0.0006090240322679237, 0.0, 0.0019464319673694907]","[300, 300, 100, 300, 300]","[100, 300, 100, 300, 300]","[0.00018622940274244963, 0.0, 0.0029064529002496746, 0.0, 0.0]","[0.0006672326217939524, 0.0006942197688290829, 0.0012719978300958985, 0.0008424716900981006, 0.0007043195661163094]",,0.018147677205414728,0.024738547514252168,5.0,1.96
1b,25000,3925606,neural-fore,neural-main-oracle-bellman,-11.422116865187268,-11.430716118924133,-11.44896978656228,0.019169421814476697,-11.468288185680507,-11.39314405216776,1.0,0.026852921375011718,0.018253667638147064,0.4097203075333426,0.4097203075333426,0.05632415176389673,0.05540261545022744,0.008798425170532493,nan,nan,0.03420973851455608,10.800584106977915,12.676081230793226,23142.31797285101,nan,nan,nan,nan,nan,nan,nan,nan,nan,260.0,0.0006604169652523242,41.95027525795158,20000.0,1.0,0.0,260.0,220.0,0.31842019478577077,0.3248525753627372,0.0005502834296090239,0.0006055919124368068,42.002358699846084,38.96731474141124,1.0,1.0,18304.794529763465,16977.631344236877,13.594827481582893,18.826125241464176,0.0,0.0,0.0,"[300, 300, 300, 100, 300]","[0.00039274971702494085, 0.0002366899470178162, 3.875501082679077e-05, 0.0013278130466353323, 0.0013060771047567407]","[300, 300, 300, 300, 100]","[100, 300, 300, 300, 100]","[0.0, 0.0, 0.0, 0.0, 0.002751417148045119]","[0.001143693075659282, 0.00040021047031980976, 0.0002514542227488308, 0.0, 0.0012326017934561112]",,0.019169421814476697,0.017370848066807484,5.0,1.96
1b,25000,3935606,neural-fore,neural-main-oracle-bellman,-11.427789883339916,-11.447209526493689,-11.44896978656228,0.01923759108343803,-11.484915205017227,-11.40950384797015,1.0,0.021179903222364516,0.0017602600685915348,0.24484759048669852,0.24484759048669852,0.04176577428859702,0.03970784378166303,0.009358671510332069,nan,nan,0.042584009363839256,10.772015103610943,12.787351168147291,23214.706775400602,nan,nan,nan,nan,nan,nan,nan,nan,nan,260.0,0.0003254725751039345,44.09173041635658,20000.0,1.0,0.0,300.0,260.0,0.31573274040076044,0.3194179193531907,7.586598477150618e-05,0.00023739782517053176,45.19035945003852,41.20905000842176,1.0,1.0,18279.222318033884,17041.116493303718,13.60311800113747,18.217465015805058,0.0,0.0,0.0,"[100, 300, 300, 300, 300]","[0.0008374262762873469, 0.0, 0.0007899365992323258, 0.0, 0.0]","[300, 300, 300, 300, 300]","[300, 100, 300, 300, 300]","[0.0, 0.0, 0.0, 0.00034475519652806967, 3.4574727329461224e-05]","[0.0, 0.000880903594144404, 0.0003060855317082549, 0.0, 0.0]",,0.01923759108343803,0.019868215519481265,5.0,1.96
1b,25000,3945606,neural-fore,neural-main-oracle-bellman,-11.417694889925869,-11.428161096699307,-11.44896978656228,0.019097903419566426,-11.465592987401658,-11.390729205996957,1.0,0.03127489663641114,0.020808689862972685,0.3067798058920337,0.3067798058920337,0.04611456105667397,0.04428170938628395,0.0058236921995356685,nan,nan,0.04035083431014441,10.822736507882933,13.126197352408111,23166.69073036603,nan,nan,nan,nan,nan,nan,nan,nan,nan,300.0,0.00040397787251974886,46.69722064936068,20000.0,1.0,0.0,220.0,220.0,0.35036302697332106,0.35565053935175533,0.0013589689168012824,0.0008888808707607475,38.97384860799648,38.098809774406256,1.0,1.0,18253.157427355774,17133.3073528763,14.082988374207508,17.636098089371792,0.0,0.0,0.0,"[300, 300, 300, 300, 300]","[0.0009376402970829135, 0.0, 0.00032469595089407665, 0.000503593027868663, 0.00025396008675309116]","[100, 300, 100, 300, 300]","[100, 300, 300, 300, 100]","[0.002034240488765127, 0.0009601693766351608, 0.0027140737876878407, 0.001086360930918282, 0.0]","[0.001978550924418068, 0.0, 0.0005657841353789311, 0.0003811159528681033, 0.0015189533411386342]",,0.019097903419566426,0.017955169898888144,5.0,1.96
1b,25000,3955606,neural-fore,neural-main-oracle-bellman,-11.443092543873238,-11.452123015061547,-11.44896978656228,0.019224689816079707,-11.489803407101062,-11.414442623022031,1.0,0.005877242689042106,-0.0031532284992668025,0.38255095758826335,0.38255095758826335,0.042841482391943644,0.04134625082787847,0.011613908351927547,nan,nan,0.03868410748171102,10.919768165278992,12.7018281704737,23118.722535744728,nan,nan,nan,nan,nan,nan,nan,nan,nan,300.0,0.00022296303723100857,45.40375212514773,20000.0,1.0,0.0,300.0,260.0,0.31240267570739416,0.31837211114462427,0.0002915465544175152,0.0006498637122197587,44.64833788340911,41.25754182434175,1.0,1.0,17871.549314405773,16986.083504852315,15.602091537907622,18.764166722627415,0.0,0.0,0.0,"[300, 300, 300, 300, 300]","[0.000426544453668012, 0.0, 0.00016508362933490234, 0.0, 0.0005231871031521286]","[300, 300, 300, 300, 300]","[300, 300, 300, 100, 300]","[0.0, 0.0006994671466179339, 0.0, 0.0, 0.0007582656254696422]","[0.0006061442497309773, 0.0, 0.0013697746587234428, 0.0011535681174574045, 0.00011983153518696848]",,0.019224689816079707,0.012149115547350705,5.0,1.96
1b,25000,3965606,neural-fore,neural-main-oracle-bellman,-11.43417268431948,-11.449568376400096,-11.44896978656228,0.01830821831148341,-11.485452484290605,-11.413684268509588,1.0,0.01479710224280062,-0.0005985898378160215,0.15082854040456808,0.15082854040456808,0.03169968479495512,0.030188002093037146,0.0071119554769565035,nan,nan,0.04144898437539166,10.898098759588848,12.516113502094637,23210.029564741704,nan,nan,nan,nan,nan,nan,nan,nan,nan,260.0,0.0004297071307205833,39.78702929161955,20000.0,1.0,0.0,300.0,260.0,0.2934998274331093,0.30621419033212655,0.00017400422379248,0.00043355829335136296,42.98316894134041,39.65851194139104,1.0,1.0,18204.768236771568,16897.22631799675,13.780799452830744,19.14154145690255,0.0,0.0,0.0,"[300, 300, 300, 300, 100]","[0.0006124433234513016, 0.0, 0.0008679459618653321, 0.0002599854512549488, 0.000408160917031334]","[300, 300, 300, 300, 300]","[100, 300, 300, 300, 300]","[0.0005525001170539052, 0.0003175210019084948, 0.0, 0.0, 0.0]","[0.001959142363209307, 0.0002086491035475079, 0.0, 0.0, 0.0]",,0.01830821831148341,0.012154735546170197,5.0,1.96
1b,25000,3975606,neural-fore,neural-main-oracle-bellman,-11.44324221583012,-11.4503140746265,-11.44896978656228,0.018316647597810393,-11.486214703918208,-11.414413445334791,1.0,0.0057275707321604585,-0.0013442880642191568,0.21067543518908144,0.21067543518908144,0.03692985170595642,0.03674802661787121,0.007496206978735622,nan,nan,0.045035828782287624,10.886259391194924,12.725034000509995,23214.060054953814,nan,nan,nan,nan,nan,nan,nan,nan,nan,300.0,0.0001714618004387756,43.65537139128428,20000.0,1.0,0.0,260.0,220.0,0.3037181844807497,0.3100030210041279,0.000973606590408844,0.00047289678369410933,39.98742355823051,36.23443090817891,1.0,1.0,18405.94134089105,17085.574210167222,13.24274921426839,18.18232601836753,0.0,0.0,0.0,"[300, 300, 300, 300, 300]","[0.0, 0.0, 0.0007575118420172888, 0.0, 9.979716017658922e-05]","[100, 300, 300, 300, 300]","[100, 300, 100, 300, 300]","[0.0019378925004924484, 0.0, 0.0020515730970425395, 0.0, 0.0008785673545092319]","[0.0010145430857287088, 0.0007733088182521078, 0.0005766320144897305, 0.0, 0.0]",,0.018316647597810393,0.011723761369278643,5.0,1.96
1b,25000,3985606,neural-fore,neural-main-oracle-bellman,-11.440206579820346,-11.452973424188208,-11.44896978656228,0.019703598569578762,-11.491592477384582,-11.414354370991834,1.0,0.008763206741933871,-0.004003637625928036,0.21544262923819976,0.21544262923819976,0.046631639642407054,0.04539521760195468,0.008005150856090144,nan,nan,0.04197388816374965,10.891714182214004,13.081883020986353,23069.029668461015,nan,nan,nan,nan,nan,nan,nan,nan,nan,260.0,0.0003113728832412177,43.0268914840417,20000.0,1.0,0.0,220.0,260.0,0.3402170381776492,0.3523147616418634,0.000662133292253794,0.0005452686311055771,37.766218142071736,40.318132749176584,0.9999999999999998,1.0,17825.656703635654,17048.946761628915,16.49248033120623,18.027275007548244,0.0,0.0,0.0,"[300, 300, 300, 300, 100]","[0.0, 4.2600065756406924e-05, 0.00030193662878938226, 0.00032309480160859125, 0.0008892329200517081]","[300, 100, 300, 100, 300]","[100, 300, 300, 300, 300]","[2.90606072637816e-05, 0.0014626759793853656, 0.0, 0.0011197381301673486, 0.0006991917444524743]","[0.0004784233918236269, 0.0009505061914501261, 0.000642385334579942, 4.741627573836265e-05, 0.000607611961935828]",,0.019703598569578762,0.02110837692162546,5.0,1.96
1b,25000,3995606,neural-fore,neural-main-oracle-bellman,-11.434508770711716,-11.445637449523534,-11.44896978656228,0.01851716883047368,-11.481931100431263,-11.409343798615806,1.0,0.014461015850564252,0.003332337038745692,0.22992420525852825,0.22992420525852825,0.05043151415599919,0.04396895858058464,0.007689226963585784,nan,nan,0.04175012083586847,10.883859901364808,12.87574917197832,23159.300408053292,nan,nan,nan,nan,nan,nan,nan,nan,nan,300.0,0.00010548492144649407,45.67132869202178,20000.0,1.0,0.0,260.0,180.0,0.3076265380399969,0.31786455009109077,0.000751647346109858,0.0009591034680895682,41.102831200044605,34.60470797508024,1.0,1.0,18242.404528802515,16803.84184154335,14.763578534329815,18.98897055380822,0.0,0.0,0.0,"[300, 300, 300, 300, 300]","[0.0, 0.0, 0.0003938309481042639, 0.0001335936591282065, 0.0]","[100, 300, 300, 300, 300]","[100, 300, 300, 100, 100]","[0.0006731870049432782, 0.0, 0.00042881223502271775, 0.002656237490583294, 0.0]","[0.0, 0.0, 0.001977260990843371, 0.00191771496894516, 0.0009005413806593097]",,0.01851716883047368,0.016420669874811805,5.0,1.96
1b,25000,4005606,neural-fore,neural-main-oracle-bellman,-11.432342932673475,-11.439411049868395,-11.44896978656228,0.01813085611123169,-11.47494752784641,-11.40387457189038,1.0,0.01662685388880547,0.00955873669388474,0.23443282950291883,0.23443282950291883,0.04233734291303622,0.04021686579817664,0.009779486014931347,nan,nan,0.04373601553083285,10.988494675600005,13.29374267466206,22991.402788403186,nan,nan,nan,nan,nan,nan,nan,nan,nan,300.0,0.00024485425718868216,47.423737682960926,20000.0,1.0,0.0,260.0,260.0,0.2690162571142764,0.2707999069967828,0.001180935044118835,0.00068094373352445,43.231556383613494,43.700997158442625,1.0,1.0,18079.366118811293,16436.45274070632,13.902986554265564,20.37249379288864,0.0,0.0,0.0,"[300, 300, 300, 300, 300]","[0.0004193494502755487, 0.0, 0.0, 0.000804921835667862, 0.0]","[300, 100, 300, 300, 300]","[300, 300, 300, 100, 300]","[0.00018100536426337565, 0.003962444767370566, 0.000556105821760626, 0.0012051192671996076, 0.0]","[0.0, 0.0015056441316318757, 0.0011581164794910105, 0.0007409580564993641, 0.0]",,0.01813085611123169,0.011322518239718773,5.0,1.96
1b,25000,4015606,neural-fore,neural-main-oracle-bellman,-11.43585544552777,-11.449633160796042,-11.44896978656228,0.019081417691763112,-11.487032739471898,-11.412233582120185,1.0,0.013114341034510701,-0.0006633742337616155,0.19203782923934778,0.19203782923934778,0.028213109963445487,0.027421037463566715,0.008496417398813325,nan,nan,0.043617149379273086,10.859524455798217,12.795314469701559,23150.78054154151,nan,nan,nan,nan,nan,nan,nan,nan,nan,220.0,0.0006113617568445889,38.009819283429536,20000.0,1.0,0.0,300.0,220.0,0.31743455058609815,0.3261682099199977,0.0005647019150567867,0.00069200848625931,42.89265306682792,35.32094907520805,1.0,1.0,18163.734415682942,17131.512266015736,14.378091620243229,18.149495259918066,0.0,0.0,0.0,"[100, 100, 300, 300, 300]","[0.0015790313212747625, 0.0010054595624079258, 0.00010665046458280558, 6.941316046977094e-05, 0.0002962542754876797]","[300, 300, 300, 300, 300]","[300, 100, 100, 300, 300]","[0.00024383816927638064, 0.0013283204305085965, 0.000581306291999986, 0.0, 0.0006700446834989702]","[0.0, 0.0016140451384004325, 0.0009388018048261107, 0.0009071954880700072, 0.0]",,0.019081417691763112,0.02419167735228717,5.0,1.96
1b,25000,4025606,neural-fore,neural-main-oracle-bellman,-11.458970786700672,-11.468555524267986,-11.44896978656228,0.018119748465842054,-11.504070231261036,-11.433040817274936,1.0,-0.010001000138391447,-0.019585737705705597,0.24954312040882942,0.24954312040882942,0.03634308171656341,0.03497262543147602,0.0051155659422266,nan,nan,0.047356971497678035,10.814725441976039,12.788385811576479,23304.021201822405,nan,nan,nan,nan,nan,nan,nan,nan,nan,220.0,0.0005588003080589088,41.71590741639957,20000.0,1.0,0.0,300.0,260.0,0.3068168433610106,0.3198215605400834,0.0004166387493337026,0.0008156386045596088,46.39177469981369,42.49311182498932,1.0,1.0000000000000002,18418.685941433272,17229.754709655354,13.709680374637264,17.598845969678084,0.0,0.0,0.0,"[300, 100, 100, 300, 300]","[0.0, 0.0009270561906265732, 0.0008415825035850082, 8.671292902003625e-05, 0.0009386499170629266]","[300, 300, 300, 300, 300]","[300, 300, 300, 100, 300]","[7.034667565100394e-06, 0.001117642380582445, 0.0, 0.0, 0.000958516698520968]","[0.0, 0.0025690025660585853, 0.00023144429370892673, 0.00048759059867389354, 0.0007901555643566379]",,0.018119748465842054,0.017886595496461658,5.0,1.96
1b,25000,4035606,neural-fore,neural-main-oracle-bellman,-11.453345755979976,-11.45848618330896,-11.44896978656228,0.018974954891457323,-11.495677094896216,-11.421295271721704,1.0,-0.004375969417695913,-0.00951639674667959,0.23044112870819466,0.23044112870819466,0.02842278509861525,0.02803562423723272,0.00909619220566955,nan,nan,0.041041941037382186,10.903092910129233,12.849737825801999,23108.681853254744,nan,nan,nan,nan,nan,nan,nan,nan,nan,300.0,4.2084686474166695e-05,42.836925516836345,20000.0,1.0,0.0,260.0,260.0,0.29455259975096937,0.3011920528372543,0.0008220140304536477,0.0007447425510116758,39.00744011735078,37.59834119179286,1.0,1.0,18124.759571843762,16728.641983229463,15.677877191925678,19.21171540590864,0.0,0.0,0.0,"[300, 300, 300, 300, 300]","[0.0, 0.0, 0.00021042343237083347, 0.0, 0.0]","[300, 300, 100, 300, 300]","[300, 300, 100, 300, 300]","[0.0006908566130515734, 0.0011726611181986691, 0.0022465524210179963, 0.0, 0.0]","[0.0, 0.0008213175072659508, 0.0023115271318857942, 0.0005908681159066338, 0.0]",,0.018974954891457323,0.015084174183358919,5.0,1.96
1b,25000,4045606,neural-fore,neural-main-oracle-bellman,-11.459554986328026,-11.4741752545112,-11.44896978656228,0.018459237450500068,-11.51035535991418,-11.43799514910822,1.0,-0.010585199765746012,-0.0252054679489202,0.23930366839183467,0.23930366839183467,0.05144645722074427,0.05078633543662684,0.011259865715358664,nan,nan,0.04498757801922386,10.985857125759063,12.750382552293624,23171.258865474065,nan,nan,nan,nan,nan,nan,nan,nan,nan,260.0,0.0004440640184232787,44.44920845783781,20000.0,1.0,0.0,300.0,300.0,0.3161106914520893,0.32667012020008623,0.00010844037538941165,0.0006272195790334575,46.17443051636219,45.720514891808854,1.0,1.0,18380.559051829576,17370.496815389044,13.076755787452228,16.65958951286145,0.0,0.0,0.0,"[300, 300, 300, 100, 300]","[0.0008957821975785168, 0.0, 0.0, 0.0013245378945378767, 0.0]","[300, 300, 300, 300, 300]","[300, 300, 300, 300, 300]","[0.0001894964032540311, 0.0003229850769047073, 0.0, 2.972039678831988e-05, 0.0]","[0.0001583428949436463, 0.0007649463066116896, 0.0, 0.0022128086936119514, 0.0]",,0.018459237450500068,0.009978869677816868,5.0,1.96
1b,25000,4055606,neural-fore,neural-main-oracle-bellman,-11.461360134984858,-11.472884632244305,-11.44896978656228,0.017416515806279783,-11.507021003224613,-11.438748261263997,1.0,-0.012390348422577802,-0.023914845682025287,0.261877979127976,0.261877979127976,0.038699087719648396,0.03810964964448085,0.006713076251225392,nan,nan,0.043139958900596125,10.913257670767159,12.643635556687078,23208.435150526686,nan,nan,nan,nan,nan,nan,nan,nan,nan,220.0,0.0005771682264141978,39.85791705008596,20000.0,1.0,0.0,220.0,220.0,0.2606003034308355,0.2725585580478283,0.0005322169975250649,0.001373162982630109,38.472235299646854,38.65669295859989,1.0,1.0,18620.566521780165,17071.137660443626,12.65831575955138,18.36281782456029,0.0,0.0,0.0,"[100, 100, 300, 300, 300]","[0.0006412033058956325, 0.0008022020870338915, 0.0012522247884335026, 0.00019021095070796226, 0.0]","[300, 300, 100, 100, 300]","[100, 300, 100, 300, 300]","[0.0, 0.00012100760981034744, 0.0011583445919391934, 0.00043495579387250587, 0.000946776992003278]","[0.000825220911552403, 0.0004040047840239779, 0.0002862129164769246, 0.0, 0.00535037630109724]",,0.017416515806279783,0.025720514754627034,5.0,1.96
1b,25000,4065606,neural-fore,neural-main-oracle-bellman,-11.472092562482352,-11.482313441673044,-11.44896978656228,0.018266734453467718,-11.518116241201842,-11.446510642144247,1.0,-0.02312277592007206,-0.0333436551107642,0.19904219124630712,0.19904219124630712,0.039689041887519774,0.0403261102233959,0.006815366464306369,nan,nan,0.05214630969773468,10.893960106909283,12.593867206377395,23162.41753671247,nan,nan,nan,nan,nan,nan,nan,nan,nan,180.0,0.001147201436911932,33.19522451695521,20000.0,1.0,0.0,260.0,180.0,0.2853146534359173,0.3004483868389403,0.0009330245361354758,0.0007438096423430456,38.791933458577844,32.323356849583796,1.0,1.0,18159.215242643222,16637.104626378306,13.714216038256405,19.83201803336661,0.0,0.0,0.0,"[100, 300, 100, 100, 300]","[0.000731953640962152, 0.002227750488839816, 0.0010450485973298189, 0.0017312544574278744, 0.0]","[300, 300, 100, 300, 300]","[300, 300, 100, 100, 100]","[0.0, 0.0018525894996842746, 0.0004689173764493496, 0.002343615804543755, 0.0]","[0.0, 0.0009410986889655689, 0.00045022465059689845, 0.001708080088495882, 0.0006196447836568789]",,0.018266734453467718,0.0189720175073668,5.0,1.96
1b,25000,4075606,neural-fore,neural-main-oracle-bellman,-11.446455776116174,-11.455998495967416,-11.44896978656228,0.017821895379051333,-11.490929410910356,-11.421067581024476,1.0,0.0025140104461058854,-0.007028709405135558,0.24306510380427254,0.24306510380427254,0.03576601331739994,0.035550292065050684,0.009006801729685465,nan,nan,0.04477539157475717,10.918078048518979,13.027473537685596,23129.18490979435,nan,nan,nan,nan,nan,nan,nan,nan,nan,260.0,0.0002921602276601834,44.22712369114161,20000.0,1.0,0.0,300.0,300.0,0.291509828542822,0.3029750791082978,0.0008433126169331765,0.00028701776040376944,46.02615310018882,45.15895688266028,1.0,1.0,18376.23905752128,16982.9275845755,14.193328006456102,18.87344735182534,0.0,0.0,0.0,"[300, 100, 300, 300, 300]","[2.5559423720883688e-05, 0.0009062082389848055, 0.0005290334755952278, 0.0, 0.0]","[300, 300, 300, 300, 300]","[300, 300, 300, 300, 300]","[0.0015835018665592258, 0.0014344520055576313, 0.0011986092125490248, 0.0, 0.0]","[0.0012324772670576965, 0.0, 0.0, 0.00020261153496115055, 0.0]",,0.017821895379051333,0.010631082656464804,5.0,1.96
1b,25000,4085606,neural-fore,neural-main-oracle-bellman,-11.438805886528318,-11.445801712212896,-11.44896978656228,0.01828952212277917,-11.481649175573544,-11.409954248852248,1.0,0.010163900033962392,0.0031680743493840424,0.24795571488704565,0.24795571488704565,0.042056502653418794,0.04154329924100991,0.008632662426002588,nan,nan,0.045665147737190125,10.833375388430543,12.56628688058892,23291.797990535426,nan,nan,nan,nan,nan,nan,nan,nan,nan,300.0,0.0,41.84875154190231,20000.0,1.0,0.0,220.0,260.0,0.31900839041510676,0.32743314773914356,0.0005391767554989313,0.00058785947971516,34.70592982522212,37.63820329955779,1.0000000000000002,1.0,18500.72527619002,17061.41876695242,13.308519845563698,18.09511125727723,0.0,0.0,0.0,"[300, 300, 300, 300, 300]","[0.0, 0.0, 0.0, 0.0, 0.0]","[300, 100, 300, 100, 300]","[300, 100, 300, 300, 300]","[0.0, 0.0008030548639098755, 0.0, 0.0007644218577754806, 0.0011284070558093004]","[0.0, 0.001133103884055539, 0.0, 0.001806193514520261, 0.0]",,0.01828952212277917,0.01412648857763341,5.0,1.96
1b,25000,4095606,neural-fore,neural-main-oracle-bellman,-11.462059941709999,-11.466470697766106,-11.44896978656228,0.018270345769226322,-11.502280575473788,-11.430660820058423,1.0,-0.013090155147718718,-0.017500911203825353,0.307992587093379,0.307992587093379,0.045548944553312175,0.045731989265133895,0.008023677934055142,nan,nan,0.0429508692507314,10.891699231768548,12.673579555996625,23169.368717633646,nan,nan,nan,nan,nan,nan,nan,nan,nan,300.0,0.0004622744478361515,47.09543658390176,20000.0,1.0,0.0,260.0,220.0,0.29361519286817817,0.3009581735772824,0.0004821838885339877,0.0004957602105737291,42.816753533435985,39.05650395844132,1.0,1.0000000000000002,18417.20552531259,17075.69234665035,13.671722953339929,18.624162753679663,0.0,0.0,0.0,"[300, 300, 300, 300, 300]","[0.0006922117322614557, 0.000681713997376578, 0.0, 1.4550216954662299e-05, 0.0009228962925880617]","[300, 300, 300, 300, 100]","[300, 100, 100, 300, 300]","[0.0, 0.0, 0.0, 0.0, 0.0024109194426699385]","[0.0, 0.0011711092935013342, 0.0013076917593673114, 0.0, 0.0]",,0.018270345769226322,0.012794923516594578,5.0,1.96
1b,25000,4105606,neural-fore,neural-main-oracle-bellman,-11.431800846201973,-11.444346977710671,-11.44896978656228,0.01896795628058562,-11.481524172020618,-11.407169783400724,1.0,0.017168940360306806,0.00462280885160915,0.28339675228238526,0.28339675228238526,0.04799953561994637,0.04748237072729572,0.010977938871899937,nan,nan,0.04828943420096484,10.810272472742076,12.618474665596787,23257.332422469924,nan,nan,nan,nan,nan,nan,nan,nan,nan,260.0,0.0005425566983399936,43.95032844205853,20000.0,1.0,0.0,260.0,220.0,0.317782960540285,0.3221382627832256,0.0009368602253176543,0.001272596845994509,42.2352425420424,39.216553024179305,1.0,1.0,18102.5138192313,17166.083118066446,14.829654357982534,18.316870001753337,0.0,0.0,0.0,"[300, 300, 100, 300, 300]","[0.0005208057491156524, 0.0, 0.0010310680630684587, 0.001160909679515857, 0.0]","[300, 300, 300, 300, 100]","[300, 100, 300, 300, 100]","[0.0, 0.0, 0.0, 0.0031749749132079334, 0.001509326213380338]","[0.0, 0.004380167529937978, 0.0003331954143083061, 0.000902055290575829, 0.0007475659951504325]",,0.01896795628058562,0.010322154281081544,5.0,1.96
1b,25000,4115606,neural-fore,neural-main-oracle-bellman,-11.42948635587225,-11.439340586803304,-11.44896978656228,0.019786593396710826,-11.478122309860858,-11.40055886374575,1.0,0.019483430690030445,0.009629199758975915,0.2333112776181634,0.2333112776181634,0.04471713099324459,0.04442251345679994,0.007373893092468669,nan,nan,0.053482846534669025,10.731013624706314,12.740803601390446,23317.63972859276,nan,nan,nan,nan,nan,nan,nan,nan,nan,180.0,0.00027787265031225687,32.61814510817639,20000.0,1.0,0.0,260.0,180.0,0.3939424270248269,0.4103611783571447,0.0009832453174637731,0.0009675970254845242,37.62174265803769,32.19420500835404,1.0,1.0,18101.486329785206,17542.900316715593,15.387748080656607,16.507188161429035,0.0,0.0,0.0,"[100, 300, 100, 300, 100]","[0.00019526253546283312, 6.572647424255339e-05, 0.000706300437466962, 0.0, 0.00042207380438893585]","[300, 300, 100, 300, 300]","[300, 100, 100, 100, 300]","[0.001392844543114364, 0.002567539273663261, 0.00095584277054124, 0.0, 0.0]","[0.0012264188842420697, 0.001132446315933023, 0.0011334079763474932, 0.0013457119509000352, 0.0]",,0.019786593396710826,0.028477210506517907,5.0,1.96
1b,25000,4125606,neural-fore,neural-main-oracle-bellman,-11.4410183301506,-11.455289653881872,-11.44896978656228,0.01792824332100653,-11.490429010791045,-11.420150296972698,1.0,0.007951456411680269,-0.0063198673195916655,0.38815138291103457,0.38815138291103457,0.04677955810239098,0.04334543897841884,0.008540103193986643,nan,nan,0.0504383986516065,10.91379309343841,12.838375467674359,23233.019860390566,nan,nan,nan,nan,nan,nan,nan,nan,nan,300.0,0.00020980178104884162,47.09833057494834,20000.0,1.0,0.0,260.0,260.0,0.3042997428847191,0.3148201244756538,0.0008196171634415446,0.0007840348159060912,42.69909890019335,42.60397138344124,1.0,1.0,18555.54487629738,17332.353295024997,13.49932611060269,17.977046278583394,0.0,0.0,0.0,"[300, 300, 300, 300, 300]","[0.0, 9.03715306858225e-05, 0.0002785618740775564, 0.00024901128098296123, 0.0004310642194978679]","[300, 300, 300, 100, 300]","[300, 300, 100, 300, 300]","[0.0013680543852388162, 0.0004150693529503609, 0.0, 0.0008007695834922474, 0.001514192495526299]","[0.00047925610097675447, 0.0004402658427026283, 0.0022191850258662985, 0.0, 0.0007814671099847746]",,0.01792824332100653,0.003840762716133635,5.0,1.96
1b,25000,4135606,neural-fore,neural-main-oracle-bellman,-11.430925586532906,-11.442358076682526,-11.44896978656228,0.018943336263749055,-11.479487015759474,-11.405229137605577,1.0,0.018044200029374124,0.006611709879754457,0.29469220568290233,0.29469220568290233,0.04265941434612784,0.04226745509610627,0.011128512360527233,nan,nan,0.0433168718556808,10.846959996394775,12.593129038459788,23187.383352162084,nan,nan,nan,nan,nan,nan,nan,nan,nan,260.0,0.0008146784331789505,39.19989849200938,20000.0,1.0,0.0,260.0,220.0,0.30442981021115173,0.3124622582807864,0.0005052945645188224,0.0007345428632140726,37.71233664995525,34.05952610797249,1.0,1.0,17971.095042376175,17173.72163926159,16.14999833799947,18.232113878069406,0.0,0.0,0.0,"[300, 100, 300, 300, 300]","[0.00040866511431216, 0.0014085032334065176, 0.0004207941674254612, 0.000578376953248344, 0.0012570526975022693]","[100, 300, 300, 300, 300]","[100, 300, 300, 300, 100]","[0.000659388961191763, 0.0018670838614023486, 0.0, 0.0, 0.0]","[0.0010865803507957687, 0.0006037535753137667, 0.0, 0.0, 0.0019823803899608277]",,0.018943336263749055,0.02657885495066667,5.0,1.96
1b,25000,4145606,neural-fore,neural-main-oracle-bellman,-11.42940719676829,-11.435256403771945,-11.44896978656228,0.01874733275063129,-11.472001175963182,-11.398511631580707,1.0,0.01956258979399017,0.013713382790335515,0.5430639667300292,0.5430639667300292,0.0568467562328411,0.057908734542476234,0.014542459884876709,nan,nan,0.049105657346554456,10.810808657108367,12.753765296912364,23223.480440025814,nan,nan,nan,nan,nan,nan,nan,nan,nan,180.0,0.00081851397824578,36.2745831243461,20000.0,1.0,0.0,260.0,300.0,0.31721441979104004,0.32843175744343406,0.0010666731635370962,0.0007544228486417507,41.794173692236654,43.90939505009446,1.0,1.0,18189.02541559813,16808.998212157243,14.015760442762655,19.24046101285104,0.0,0.0,0.0,"[100, 100, 300, 100, 300]","[0.0014568259906147544, 0.00020947331942073672, 0.0007186183482478055, 0.0017076522329456038, 0.0]","[100, 300, 300, 300, 300]","[300, 300, 300, 300, 300]","[0.0005280187946690043, 0.0014848371208090988, 0.0, 0.001496820348187174, 0.001823689554020204]","[0.001979210788574157, 0.0012702376899044545, 0.0, 0.0005226657647301426, 0.0]",,0.01874733275063129,0.009026809987878765,5.0,1.96
1b,25000,4155606,neural-fore,neural-main-oracle-bellman,-11.451352008489913,-11.462083616055244,-11.44896978656228,0.018939316985852935,-11.499204677347516,-11.424962554762972,1.0,-0.0023822219276325995,-0.013113829492963802,0.18132793276660086,0.18132793276660086,0.03368545781248265,0.03261042695447675,0.008585240868730633,nan,nan,0.04146111101010628,10.9133038658597,12.51541288765775,23198.99464078463,nan,nan,nan,nan,nan,nan,nan,nan,nan,300.0,0.0005792210272923077,47.26267813297454,20000.0,1.0,0.0,220.0,220.0,0.3153331336739754,0.32266736266515045,0.0009757822417495266,0.0009257242838521071,40.58720347580966,39.721201366791504,1.0,1.0,18328.1527848916,17250.257352201334,13.361046431436714,17.291599182866253,0.0,0.0,0.0,"[300, 300, 300, 300, 300]","[0.0004089479994066814, 0.00037743291856748117, 0.0009508971631210876, 6.399693935533313e-06, 0.001152427361430755]","[300, 100, 100, 300, 300]","[300, 300, 100, 100, 300]","[0.0, 0.00025346674629251573, 0.0013854261756038142, 0.001651781527189507, 0.0015882367596617957]","[0.0, 0.0004673688490202614, 0.0020145195738995635, 0.0002765434714646732, 0.0018701895248760373]",,0.018939316985852935,0.017361614295579305,5.0,1.96
1b,25000,4165606,neural-fore,neural-main-oracle-bellman,-11.434249603243815,-11.445256706120608,-11.44896978656228,0.01938605414684139,-11.483253372248416,-11.4072600399928,1.0,0.014720183318464919,0.0037130804416722896,0.17350530228693745,0.17350530228693745,0.02913555197763586,0.028668177086896375,0.011285347079925078,nan,nan,0.04198195262372877,10.739041666579322,12.846680432137044,23219.69890879046,nan,nan,nan,nan,nan,nan,nan,nan,nan,260.0,0.0004395096153501532,39.32938634101301,20000.0,1.0,0.0,300.0,180.0,0.3090391649969382,0.31241239017141764,0.0003537830925026155,0.0009447975087402517,41.22380831723567,34.162368632783185,1.0,1.0,17874.76568051434,16896.36150942656,16.616045067333054,18.938971642405022,0.0,0.0,0.0,"[100, 300, 300, 300, 300]","[0.0007169261656407196, 0.0, 0.0007542325359999702, 0.0, 0.0007263893751100762]","[300, 300, 300, 300, 300]","[100, 300, 100, 300, 100]","[0.0, 0.0, 0.0013587234283646901, 0.0004101920341483874, 0.0]","[0.0002831998903794767, 0.0, 0.0016301423367104785, 0.0004460593386863916, 0.0023645859779249114]",,0.01938605414684139,0.006881946790445545,5.0,1.96
1b,25000,4175606,neural-fore,neural-main-oracle-bellman,-11.438893974224092,-11.44946429248918,-11.44896978656228,0.017916995616535442,-11.48458160389759,-11.41434698108077,1.0,0.010075812338188328,-0.0004945059269001462,0.21972135190647313,0.21972135190647313,0.03870126053376058,0.03803536491363755,0.01042853807525834,nan,nan,0.04793878080532329,10.96250251544242,13.14256466650594,23051.825510796247,nan,nan,nan,nan,nan,nan,nan,nan,nan,260.0,0.00029027725682208327,39.128264858084734,20000.0,1.0,0.0,220.0,140.0,0.2712388019365201,0.2801433207321791,0.0002071405322896071,0.0006709192103578659,36.44973403306212,28.823861266323366,1.0,1.0,18179.35320640378,16736.609846644173,14.039029628313546,19.403148067039673,0.0,0.0,0.0,"[300, 100, 300, 300, 300]","[0.00042699928306993545, 0.0003101753263607171, 0.0, 0.0007142116746797638, 0.0]","[300, 300, 100, 300, 100]","[100, 300, 100, 100, 100]","[0.00016356167903183434, 0.0, 0.0005848576528522222, 0.0, 0.0002872833295639791]","[0.0008658872266359614, 0.00015381025964755125, 0.0, 0.0009966490440386064, 0.0013382495214672102]",,0.017916995616535442,0.014597643684738489,5.0,1.96
1b,25000,4185606,neural-fore,neural-main-oracle-bellman,-11.444109734783131,-11.458811482901563,-11.44896978656228,0.018360178576573814,-11.494797432911648,-11.422825532891478,1.0,0.004860051779148833,-0.00984169633928289,0.2714520370245212,0.2714520370245212,0.035435185872131444,0.03530555289438723,0.011302374229387468,nan,nan,0.04285854919787757,10.862300699218236,12.620051323642203,23168.518272515597,nan,nan,nan,nan,nan,nan,nan,nan,nan,300.0,0.00029317959263147283,48.58362873259466,20000.0,1.0,0.0,300.0,260.0,0.31740233060710465,0.3269970831505208,0.0005331287780572317,0.00041542865435020376,45.57715019993484,41.550385608593935,1.0000000000000002,1.0,18275.01604443696,17118.151116098474,14.830360443148212,17.60580976608596,0.0,0.0,0.0,"[300, 300, 300, 300, 300]","[0.0006844392641101729, 0.0005186269463209152, 0.0, 0.0, 0.0002628317527262762]","[300, 300, 300, 300, 300]","[100, 300, 300, 300, 300]","[0.001136692636023316, 0.00025203499546706934, 5.295548577017839e-06, 0.00032747642075226294, 0.0009441442894664927]","[0.0009407920421499476, 0.0, 0.0, 0.0, 0.0011363512296010713]",,0.018360178576573814,0.008513958624953676,5.0,1.96
1b,25000,4195606,neural-fore,neural-main-oracle-bellman,-11.432225978526043,-11.444638118948221,-11.44896978656228,0.019021738105535875,-11.48192072563507,-11.407355512261372,1.0,0.016743808036236985,0.004331667614058787,0.2673510378465866,0.2673510378465866,0.03980822572238468,0.03822319207244285,0.0066285155282494465,nan,nan,0.04699659850104483,10.716641803364286,12.560438825116417,23305.16743712953,nan,nan,nan,nan,nan,nan,nan,nan,nan,300.0,0.00012342994486747152,47.67364116753451,20000.0,1.0,0.0,300.0,260.0,0.3440976482645922,0.35208378610095026,0.0001799065740521316,0.0007056461208396461,46.13250188319944,42.7912861331366,1.0,1.0,18273.019869779037,17373.61269466651,15.08913770316767,17.632643919499166,0.0,0.0,0.0,"[300, 300, 300, 300, 300]","[0.0002491784339733197, 0.0, 0.0, 0.0, 0.000367971290364038]","[300, 300, 300, 300, 300]","[300, 300, 100, 300, 300]","[0.00012150239507348717, 0.0, 0.0, 0.00019452155405900664, 0.0005835089211281641]","[0.0, 0.0, 0.001690144155565565, 0.0, 0.0018380864486326656]",,0.019021738105535875,0.01421207468758712,5.0,1.96
1b,25000,4205606,neural-fore,neural-main-oracle-bellman,-11.413232864078404,-11.41863960517967,-11.44896978656228,0.017750647578656176,-11.453430874433836,-11.383848335925505,1.0,0.035736922483875944,0.030330181382609567,0.3119740910372993,0.3119740910372993,0.05228597201019745,0.05165656630630733,0.01736804702305945,nan,nan,0.044726282139429266,10.98833783664249,12.562999829740033,23170.674544383353,nan,nan,nan,nan,nan,nan,nan,nan,nan,300.0,0.00015583551420893758,43.97282354186755,20000.0,1.0,0.0,220.0,260.0,0.27294430498238265,0.2855456952106471,0.001670508028751954,0.0005290339854860191,35.85882027482148,39.036999666970225,1.0,1.0,18062.002421643527,16773.44609029992,15.418707312079766,20.01685511661927,0.0,0.0,0.0,"[300, 300, 300, 300, 300]","[0.0, 0.0, 0.00023571238821606106, 0.00032810819868179695, 0.00021535698414682983]","[300, 100, 300, 300, 100]","[300, 300, 300, 100, 300]","[0.0, 0.0024160928224393062, 0.0, 0.0005773554875116355, 0.005359091833808829]","[0.0003519564353467289, 0.00013105173666119158, 0.0, 0.002094030546459791, 6.81312089623841e-05]",,0.017750647578656176,0.012700244647908279,5.0,1.96
1b,25000,4215606,neural-fore,neural-main-oracle-bellman,-11.458688417809249,-11.469230079161232,-11.44896978656228,0.018600338424827133,-11.505686742473893,-11.43277341584857,1.0,-0.009718631246968812,-0.02026029259895168,0.2506852442514284,0.2506852442514284,0.03574288614402381,0.035362853067401265,0.011758512682173462,nan,nan,0.04131239450805558,10.93835151848113,12.577951999969198,23152.189264745186,nan,nan,nan,nan,nan,nan,nan,nan,nan,260.0,0.0008428243960564945,44.573613808630036,20000.0,1.0,0.0,260.0,300.0,0.30789018747679686,0.31645210730065093,0.0007125007702490568,0.0004195016444084901,42.96565024135634,46.560786649794316,1.0000000000000002,1.0,18142.545094182417,16872.845158278873,14.934046871884116,18.72369766320714,0.0,0.0,0.0,"[300, 100, 300, 300, 300]","[0.0015359707554404396, 0.0020545061920437353, 0.0006206381540380957, 3.0068787602026984e-06, 0.0]","[300, 300, 100, 300, 300]","[300, 300, 300, 300, 300]","[0.0007928300177271425, 0.0, 0.0027696738335181415, 0.0, 0.0]","[0.0005725424901373725, 0.0, 0.0012917726148422549, 4.339456205112774e-05, 0.00018979855501169527]",,0.018600338424827133,0.007921922937466503,5.0,1.96
1b,25000,4225606,neural-fore,neural-main-oracle-bellman,-11.453820666271362,-11.468387822146036,-11.44896978656228,0.018980896763867088,-11.505590379803216,-11.431185264488857,1.0,-0.004850879709081823,-0.01941803558375632,0.3741163950234516,0.3741163950234516,0.048211529555732914,0.047444304754973535,0.010030829757841413,nan,nan,0.04311250618659043,10.862454871233037,12.998207195182179,23114.51845009584,nan,nan,nan,nan,nan,nan,nan,nan,nan,260.0,0.0003880574477397896,43.768060266552496,20000.0,1.0,0.0,260.0,180.0,0.31367512822731425,0.3193268639351974,0.00024799465919358874,0.001215696582775734,40.10800932480488,34.345329466206024,1.0,1.0,18299.408628804333,16876.637171680944,14.065901747904084,18.883768517756888,0.0,0.0,0.0,"[300, 300, 300, 100, 300]","[0.0, 0.0007187635720269009, 0.0, 0.0012215236666720472, 0.0]","[300, 100, 300, 300, 300]","[100, 300, 100, 300, 100]","[0.0, 0.0010189700280366747, 0.00022100326793126897, 0.0, 0.0]","[0.002501029209503252, 0.0018456368368176212, 0.0006706937283413474, 0.000390638976736301, 0.0006704841624801492]",,0.018980896763867088,0.014306145712411627,5.0,1.96
1b,25000,4235606,neural-fore,neural-main-oracle-bellman,-11.427625546369914,-11.438552354054101,-11.44896978656228,0.018068505500951685,-11.473966624835967,-11.403138083272236,1.0,0.02134424019236647,0.010417432508178948,0.2865568708224688,0.2865568708224688,0.045282756868077305,0.04570264239680474,0.007979886433409156,nan,nan,0.040520853065642855,10.914378937927683,12.852695524845064,23184.833777719068,nan,nan,nan,nan,nan,nan,nan,nan,nan,260.0,0.0003633514816004646,42.07151945028454,20000.0,1.0,0.0,260.0,220.0,0.305516653484959,0.3210975844647812,0.0007746413532015667,0.0005950846406501969,41.80207460001111,37.74687720055226,1.0,1.0,18142.55466412969,16907.630444359507,14.36906486969205,18.9881474834064,0.0,0.0,0.0,"[100, 300, 300, 300, 300]","[0.001234451455675245, 0.0005823059523270781, 0.0, 0.0, 0.0]","[300, 300, 300, 300, 100]","[300, 300, 100, 100, 300]","[0.0, 8.620981411594198e-05, 0.0, 0.0024964673891345983, 0.0012905295627572927]","[0.00010743379233950904, 0.00020789165746500082, 0.0, 0.001959057131259462, 0.0007010406221870127]",,0.018068505500951685,0.00869673562205649,5.0,1.96
1b,25000,4245606,neural-fore,neural-main-oracle-bellman,-11.443855553472307,-11.450803783566027,-11.44896978656228,0.017832730767388682,-11.485755935870108,-11.415851631261946,1.0,0.005114233089972942,-0.0018339970037466458,0.27738955124144116,0.27738955124144116,0.035441910574043285,0.034940043375373056,0.007792844682542758,nan,nan,0.05984229763937321,10.80689325190463,12.762924396228536,23228.344407327786,nan,nan,nan,nan,nan,nan,nan,nan,nan,180.0,0.00011976579103033694,35.96055331672542,20000.0,0.9999999999999998,0.0,260.0,300.0,0.2776019489685641,0.29122547172000257,0.00029107314315927944,0.00013548291213763328,41.124980258382855,43.93217529973481,1.0,1.0,18328.56697463543,17010.19865017823,13.572560856485381,19.403994419335643,0.0,0.0,0.0,"[100, 300, 300, 100, 100]","[2.8761886856999823e-05, 0.0, 5.987801267431873e-06, 0.000564079267027253, 0.0]","[100, 300, 300, 300, 300]","[300, 300, 300, 300, 300]","[0.0007244560683627634, 0.0007309096474336336, 0.0, 0.0, 0.0]","[0.0, 0.000395437581709444, 0.00020700846259283405, 7.496851638588833e-05, 0.0]",,0.017832730767388682,0.020368218048663473,5.0,1.96
1b,25000,4255606,neural-fore,neural-main-oracle-bellman,-11.451132854882427,-11.463834989673636,-11.44896978656228,0.018252941214471248,-11.499610754454,-11.428059224893271,1.0,-0.0021630683201472323,-0.01486520311135564,0.3554814152326154,0.3554814152326154,0.0448202118853508,0.04462840724159484,0.007202051408861017,nan,nan,0.03728263841393157,10.929054023260141,13.084052034117951,23062.03887312482,nan,nan,nan,nan,nan,nan,nan,nan,nan,260.0,3.825939580934564e-05,42.81733955782838,20000.0,1.0,0.0,260.0,260.0,0.29634684871216527,0.30437118589604617,0.0006505312850513145,0.0003590137590953162,40.30124051622115,40.00155007517897,1.0,1.0,18339.753620843294,16921.443748712813,13.062515434305345,18.5105569860696,0.0,0.0,0.0,"[300, 300, 300, 300, 100]","[0.0, 0.0, 0.0, 0.0, 0.00019129697904672822]","[300, 300, 300, 300, 100]","[300, 300, 300, 100, 300]","[0.00022164274521125802, 0.00023426704434772251, 9.63217066030359e-05, 0.0011554255802782945, 0.0015449993488162613]","[0.0, 0.0, 0.0, 0.0017412287062185667, 5.384008925801435e-05]",,0.018252941214471248,0.023838673788158172,5.0,1.96
1b,25000,4265606,neural-fore,neural-main-oracle-bellman,-11.437330438275222,-11.446557153786756,-11.44896978656228,0.01999818971198905,-11.485753605622255,-11.407360701951257,1.0,0.011639348287058482,0.0024126327755240595,0.2679698948045967,0.2679698948045967,0.03678820474842404,0.036285131388905954,0.008918281939752476,nan,nan,0.046294894806446336,10.772236468574551,12.961650740000785,23143.902206519404,nan,nan,nan,nan,nan,nan,nan,nan,nan,260.0,0.0002697509811103498,39.4860531746177,20000.0,1.0,0.0,260.0,220.0,0.3693320365122253,0.3808529498387873,0.00026769837618415346,0.0012517254490257322,38.036126033426264,34.45722924182191,1.0,1.0,17821.6787033341,17053.553791453676,16.242335536105625,17.91073206385812,0.0,0.0,0.0,"[300, 300, 100, 300, 300]","[0.0, 0.0003343761664141992, 0.0008823031955627281, 0.0, 0.0001320755435748218]","[300, 300, 300, 300, 100]","[300, 300, 100, 300, 100]","[0.0, 0.0, 0.0, 0.0, 0.0013384918809207674]","[0.0010983325683318577, 0.001417527705326204, 0.00023213165185781214, 0.0010273340444115595, 0.0024833012752012275]",,0.01999818971198905,0.020953783821420532,5.0,1.96
1b,25000,4275606,neural-fore,neural-main-oracle-bellman,-11.434423441114712,-11.447360776844896,-11.44896978656228,0.020222615949664662,-11.486997104106239,-11.407724449583553,1.0,0.014546345447568498,0.0016090097173844242,0.20844509423719898,0.20844509423719898,0.041614979735150506,0.041045112387536796,0.007807963941908869,nan,nan,0.03303001883701921,10.770723883735574,12.762958294772622,23129.49135231369,nan,nan,nan,nan,nan,nan,nan,nan,nan,260.0,0.0005017578323238858,42.605000133812425,20000.0,1.0,0.0,220.0,220.0,0.3618430935421919,0.3661406450245495,0.0005926192255202547,0.0006562643033675066,38.7918994007865,37.97519426697399,1.0,1.0,18229.08016619449,17294.987576927517,13.74406821484312,17.116455640145887,0.0,0.0,0.0,"[300, 100, 300, 300, 300]","[7.969300035866471e-05, 0.0009227721290998717, 0.0010150654819594495, 0.0, 0.0004912585502014434]","[300, 100, 300, 300, 100]","[300, 100, 300, 300, 100]","[0.0, 0.0012739680681381484, 0.00019260458135051967, 0.0, 0.001496523478112605]","[0.00048117400249585553, 0.0007135973568826356, 0.0016376145755391785, 0.0, 0.00044893558191986307]",,0.020222615949664662,0.014138120884436504,5.0,1.96
1b,25000,4285606,neural-fore,neural-main-oracle-bellman,-11.414507533086699,-11.42622006112419,-11.44896978656228,0.019755680697326545,-11.464941195290951,-11.38749892695743,1.0,0.034462253475581406,0.022749725438089285,0.32919623297687967,0.32919623297687967,0.043283344675717636,0.04201397461873363,0.00961348257136152,nan,nan,0.03864945171869894,10.72825772958937,12.509501194587726,23276.657589751794,nan,nan,nan,nan,nan,nan,nan,nan,nan,300.0,0.00034752889306921325,46.399892108375205,20000.0,1.0,0.0,300.0,260.0,0.3763052658608306,0.38230991274164605,0.0004945463463396814,0.0012891318283219698,44.85768164943438,41.192587049980645,1.0,1.0,18225.991393065568,17431.669640950797,14.894529681016175,17.072944124066996,0.0,0.0,0.0,"[300, 300, 300, 300, 300]","[0.0, 0.0, 0.0015167933725111912, 0.00022085109283487498, 0.0]","[300, 300, 300, 300, 300]","[300, 300, 300, 300, 100]","[0.00012337656872904237, 0.0, 0.0014746761819876258, 0.0, 0.0008746789809817395]","[0.0011742903710584053, 0.0016332086329028676, 0.0009700441075806004, 0.001195710517690512, 0.0014724055123774638]",,0.019755680697326545,0.01328903137896045,5.0,1.96
1b,25000,4295606,neural-fore,neural-main-oracle-bellman,-11.455035408578397,-11.467441161629624,-11.44896978656228,0.018476695078362717,-11.503655483983215,-11.431226839276034,1.0,-0.006065622016116379,-0.018471375067344198,0.21642703130266053,0.21642703130266053,0.03506792831196262,0.03347985700486815,0.007700801588827145,nan,nan,0.03998405063457752,10.881517769871234,12.933490793186857,23143.983287719497,nan,nan,nan,nan,nan,nan,nan,nan,nan,300.0,7.355146528869978e-05,41.18918734220788,20000.0,1.0,0.0,300.0,300.0,0.28513393912977714,0.28691948421801267,3.3705877580678e-05,0.0008881025699125203,39.82566438296344,38.847435016045345,1.0,1.0,18374.521524307103,16773.18374730868,13.549486718865912,19.093563091054325,0.0,0.0,0.0,"[300, 300, 300, 300, 300]","[0.0, 0.0, 0.0, 0.0003677573264434989, 0.0]","[300, 300, 300, 300, 300]","[300, 300, 300, 300, 300]","[0.0, 0.00016852938790339, 0.0, 0.0, 0.0]","[0.0, 0.0006427741355179714, 0.0012986226905635253, 0.00015850505067704855, 0.0023406109728040564]",,0.018476695078362717,0.029573742560957787,5.0,1.96
1b,25000,4305606,neural-fore,neural-main-oracle-bellman,-11.435198641286327,-11.451492643367317,-11.44896978656228,0.02012167449265329,-11.490931125372917,-11.412054161361716,1.0,0.013771145275953245,-0.0025228568050366107,0.3092050642823355,0.3092050642823355,0.04827179568517137,0.04808246343755998,0.007509070397913996,nan,nan,0.048899599133670764,10.750386879529962,12.875908417169757,23123.9776911168,nan,nan,nan,nan,nan,nan,nan,nan,nan,180.0,0.000603230284047347,38.248829466220926,20000.0,1.0,0.0,260.0,260.0,0.3441277071332712,0.3497937891852977,0.0007050000973574359,0.00021209992010621403,41.86385673321784,41.55709511674941,1.0,1.0,18215.834063202616,16985.319077013108,13.731194501596582,18.962374952037077,0.0,0.0,0.0,"[300, 300, 100, 100, 100]","[0.00023099744890774776, 0.0, 0.0006966309676014174, 0.00030253382587082107, 0.0017859891778567488]","[300, 300, 300, 300, 100]","[300, 100, 300, 300, 300]","[0.0, 0.00065202561178994, 0.0012847259686927497, 0.0, 0.0015882489063044898]","[0.0003369264390754733, 0.0003613259974113116, 0.0, 8.092301918778994e-05, 0.00028132414485649535]",,0.02012167449265329,0.029751838344315096,5.0,1.96
1b,25000,4315606,neural-fore,neural-main-oracle-bellman,-11.444588926886523,-11.449733841382736,-11.44896978656228,0.018988248929471423,-11.486950809284501,-11.412516873480971,1.0,0.00438085967575752,-0.0007640548204559394,0.4829528848247621,0.4829528848247621,0.05579764692537881,0.051575702637055784,0.01238883879037834,nan,nan,0.04613622009256924,10.81919548392549,12.637488475307553,23283.054000355136,nan,nan,nan,nan,nan,nan,nan,nan,nan,260.0,0.0004447487083821111,43.60372334159911,20000.0,1.0,0.0,220.0,260.0,0.3241346645819463,0.33322242056712065,0.0006355998214665638,0.0005564267100730643,39.381515182973814,40.89275764997583,1.0,1.0000000000000002,18170.28518649403,17112.996695241232,15.469941568488489,17.68131522078676,0.0,0.0,0.0,"[300, 300, 100, 300, 300]","[0.000979062541919741, 0.0005497242542210803, 0.0005174026972119597, 0.00017755404855777508, 0.0]","[300, 300, 100, 300, 100]","[300, 300, 100, 300, 300]","[0.0, 0.0003819897908895624, 0.0014557742984775998, 0.00012950039256013382, 0.0012107346254055225]","[0.000847570048125764, 0.0004105296856668201, 0.0011920200282027626, 0.0003320137883699746, 0.0]",,0.018988248929471423,0.024963909890445682,5.0,1.96
1b,25000,4325606,neural-fore,neural-main-oracle-bellman,-11.45994682754192,-11.470095153696116,-11.44896978656228,0.01952117770995,-11.508356662007618,-11.431833645384614,1.0,-0.010977040979639696,-0.021125367133835837,0.3391498263340656,0.3391498263340656,0.04365488965583038,0.04357358801000415,0.006211390927834304,nan,nan,0.039010030363218776,10.876640476811968,12.778173858911217,23099.540238901114,nan,nan,nan,nan,nan,nan,nan,nan,nan,260.0,0.0007864487068462482,42.87446346660145,20000.0,1.0,0.0,300.0,300.0,0.3162937999225012,0.3289086013530709,0.00048591561038172136,0.00013282912034941725,45.18124674188439,43.76797267550137,1.0,1.0,17947.226541112956,16938.749272392448,15.381033179851352,18.444342463852742,0.0,0.0,0.0,"[300, 100, 300, 300, 300]","[0.0, 0.00143407092810562, 0.0009471643399292127, 0.0, 0.0015510082661964087]","[300, 300, 300, 300, 300]","[300, 300, 300, 300, 300]","[0.0007383246261129822, 0.0, 0.0, 0.0, 0.0016912534257956244]","[0.0, 0.00026924990439691, 0.0, 0.0, 0.0003948956973501762]",,0.01952117770995,0.01717728069680047,5.0,1.96
1b,25000,4335606,neural-fore,neural-main-oracle-bellman,-11.419764747542175,-11.434092585138556,-11.44896978656228,0.019737746035626457,-11.472778567368383,-11.395406602908729,1.0,0.029205039020105517,0.014877201423724173,0.28063907750654987,0.28063907750654987,0.04743729027839671,0.04691472140485087,0.006491463432811063,nan,nan,0.04581375131113588,10.68443181267591,12.501387311757304,23312.967993114693,nan,nan,nan,nan,nan,nan,nan,nan,nan,300.0,0.00031968350767800296,43.98874277540017,20000.0,1.0,0.0,220.0,220.0,0.36007815219687217,0.36430232339717816,0.0003072585475607715,0.0004395784088444668,36.52080276678316,35.33912917501293,1.0,1.0,18323.760357411615,17386.328959547405,14.468370589577939,17.327408770331825,0.0,0.0,0.0,"[300, 300, 300, 300, 300]","[0.0003036154216135621, 3.160003077072605e-05, 0.0, 0.0012632020860057268, 0.0]","[300, 100, 300, 100, 300]","[300, 100, 300, 300, 100]","[0.0, 0.0006811342406834778, 0.0, 0.00050472444015703, 0.0003504340569633495]","[0.0, 0.0009744160202626747, 0.0, 0.0, 0.0012234760239596594]",,0.019737746035626457,0.021353018963479197,5.0,1.96
1b,25000,4345606,neural-fore,neural-main-oracle-bellman,-11.446878180481987,-11.4622533445697,-11.44896978656228,0.018224882395341625,-11.497974114064569,-11.42653257507483,1.0,0.002091606080293573,-0.013283558007419316,0.4427331441357783,0.4427331441357783,0.058392654411421566,0.05669733352290338,0.011714034593257575,nan,nan,0.041396791794481476,10.85764249777439,13.333146668741534,23181.925382820846,nan,nan,nan,nan,nan,nan,nan,nan,nan,300.0,0.0008164925067429311,40.86331921715755,20000.0,1.0,0.0,140.0,260.0,0.307582500681632,0.3140325638023343,0.001101965737578676,0.000496656323997824,27.652925541601142,36.129869950586,1.0,1.0,18689.105629964004,17390.3811088967,12.570281102371741,17.488652819352275,0.0,0.0,0.0,"[300, 300, 300, 300, 300]","[0.0015952228796109421, 0.00011373321792601784, 0.001041856005957516, 0.0011365079608253886, 0.00019514246939479038]","[100, 100, 100, 100, 300]","[100, 300, 300, 300, 300]","[0.0010809077806009514, 0.001033510406384697, 0.0016681390312034117, 0.0017272714697043202, 0.0]","[0.0020896033938943084, 0.0, 0.0, 0.00039367822609481134, 0.0]",,0.018224882395341625,0.02162106373925875,5.0,1.96
1b,25000,4355606,neural-fore,neural-main-oracle-bellman,-11.438216682837824,-11.447944424580152,-11.44896978656228,0.018910023386425074,-11.485008070417544,-11.41088077874276,1.0,0.010753103724455926,0.0010253619821281035,0.21755034263803769,0.21755034263803769,0.04083167504592959,0.03866330156412627,0.008849390021292898,nan,nan,0.04195977075079376,10.790498650229488,12.950016602688288,23158.961373898812,nan,nan,nan,nan,nan,nan,nan,nan,nan,220.0,0.0007547293335743953,40.03090385857504,20000.0,1.0,0.0,260.0,220.0,0.32369402452809526,0.3314699742330678,0.0005904528978375716,0.0005076861444716672,40.9653318914352,37.6089573584497,1.0,1.0,18319.655602812534,17395.72658946402,12.984245925844457,16.338269951746394,0.0,0.0,0.0,"[300, 300, 300, 100, 100]","[0.0008019206317989234, 0.0008768311640009001, 0.0012764470235434233, 0.00017276802963180283, 0.0006456798188969267]","[300, 300, 300, 100, 300]","[300, 100, 300, 300, 100]","[0.0, 0.00021057998297264072, 0.0, 0.002059634179100869, 0.0006820503271143489]","[0.00017169880389536854, 0.001004504916339887, 0.0, 0.0003017152792462185, 0.001060511722876862]",,0.018910023386425074,0.019539283063127882,5.0,1.96
1b,25000,4365606,neural-fore,neural-main-oracle-bellman,-11.428427228444276,-11.443091767860784,-11.44896978656228,0.018596147235638034,-11.479540216442635,-11.406643319278933,1.0,0.020542558118004095,0.005878018701496401,0.21074835857699575,0.21074835857699575,0.034511022322663586,0.033465871308613296,0.009783838934160146,nan,nan,0.060672100664458335,10.705226689360597,12.539099725418284,23308.58185204799,nan,nan,nan,nan,nan,nan,nan,nan,nan,180.0,0.0007731415879748519,37.13504140842706,20000.0,1.0,0.0,300.0,260.0,0.30791127119514405,0.32261966245791796,0.00010774043616291114,0.0008926918692652344,43.78993769984227,40.89097287501208,1.0,1.0,18044.531427993315,16954.810171389894,15.788969647544771,19.08651626360889,0.0,0.0,0.0,"[100, 300, 100, 300, 100]","[0.0015790650218861697, 0.0, 0.000875431760483104, 0.0, 0.0014112111575049862]","[300, 300, 300, 300, 300]","[300, 300, 300, 300, 100]","[0.0, 0.0, 0.0, 0.0005387021808145557, 0.0]","[0.00097383886581101, 3.707132741714859e-05, 0.0, 0.0003839342456391113, 0.0030686149074589026]",,0.018596147235638034,0.0064178055426066345,5.0,1.96
1b,25000,4375606,neural-fore,neural-main-oracle-bellman,-11.456791599958263,-11.466344736164352,-11.44896978656228,0.018927873194853156,-11.503443367626264,-11.42924610470244,1.0,-0.007821813395983312,-0.017374949602071865,0.26169192754462495,0.26169192754462495,0.04249164526942186,0.0417415735794592,0.006248138371398166,nan,nan,0.036769600237826425,10.923262892323685,12.410940768881005,23173.196832488888,nan,nan,nan,nan,nan,nan,nan,nan,nan,300.0,0.0001234155316577794,39.78134655803442,20000.0,1.0,0.0,260.0,260.0,0.30545514944886604,0.31190934143640775,0.0004802998482495619,0.0005872494265758806,36.09141712521669,35.81453065038659,1.0,1.0,18174.514979533553,16890.205471196576,15.207596183249175,18.754518869484855,0.0,0.0,0.0,"[300, 300, 300, 300, 300]","[0.0006050827766502711, 1.1994881638625931e-05, 0.0, 0.0, 0.0]","[100, 300, 300, 300, 300]","[300, 300, 300, 100, 300]","[0.0017715365373509404, 0.0, 0.0, 0.0006299627038968691, 0.0]","[0.0, 0.0014156130737378073, 0.0, 0.001520634059141596, 0.0]",,0.018927873194853156,0.009539774627310631,5.0,1.96
1b,25000,4385606,neural-fore,neural-main-oracle-bellman,-11.50104702243939,-11.512222336968044,-11.44896978656228,0.01766750403010046,-11.54685064486704,-11.477594029069047,0.0,-0.05207723587711044,-0.06325255040576394,0.18673394896940937,0.18673394896940937,0.04876978198756966,0.04718922870103772,0.007584636367169542,nan,nan,0.04654233778925488,10.925562807608895,12.938297785225924,23061.284694739516,nan,nan,nan,nan,nan,nan,nan,nan,nan,220.0,0.000928916071639883,39.89440140041988,20000.0,1.0,0.0,260.0,260.0,0.24761283113275062,0.2592497148849697,0.0010805185508328003,0.001242015269485374,41.530877491855065,41.08827606716659,1.0,1.0,18113.91266747143,16954.532260270673,15.599967180816353,19.039578012649734,0.0,0.0,0.0,"[300, 100, 300, 300, 100]","[0.0, 0.0017925637829541755, 0.0011340638735003986, 0.000458576333619673, 0.0012593763681251681]","[100, 300, 300, 300, 300]","[300, 300, 300, 100, 300]","[0.0013656423083206735, 0.0018108163349316788, 0.001396541389826267, 0.00021809012316268352, 0.0006115025979226984]","[0.0, 0.0, 0.0, 0.006184877982037366, 2.5198365389505062e-05]",,0.01766750403010046,0.018123250912588672,5.0,1.96
1b,25000,4395606,neural-fore,neural-main-oracle-bellman,-11.417583730338043,-11.430755624016074,-11.44896978656228,0.018660399574765788,-11.467330007182614,-11.394181240849534,1.0,0.03138605622423718,0.018214162546206225,0.42716526127459353,0.42716526127459353,0.06345691497542198,0.06352468525178788,0.008667447849718327,nan,nan,0.08815509433151719,10.743423074746897,12.762059384796096,23331.979976482653,nan,nan,nan,nan,nan,nan,nan,nan,nan,140.0,0.0007325852712545655,34.14372394166421,20000.0,1.0,0.0,260.0,220.0,0.3165172227991479,0.3315528455606259,0.0006525858173642675,0.0006797960691429704,41.711758324946274,38.41768075868022,1.0,1.0,18380.776594564515,17162.092874267535,13.111234796869402,18.32114409388646,0.0,0.0,0.0,"[300, 100, 100, 100, 100]","[0.0, 0.000506614801469072, 0.00040177182832818516, 0.0014268799244557628, 0.001327659802019807]","[300, 300, 100, 300, 300]","[300, 300, 100, 100, 300]","[0.0, 0.0, 0.001145305794200694, 0.0021176232926206438, 0.0]","[0.0, 0.0010545073576264186, 0.00026324074450562076, 0.0010395391379242086, 0.001041693105658604]",,0.018660399574765788,0.014871019291792064,5.0,1.96
1b,25000,4405606,neural-fore,neural-main-oracle-bellman,-11.49580785841932,-11.50004054507134,-11.44896978656228,0.017801264252717677,-11.534931023006665,-11.465150067136014,0.0,-0.046838071857040475,-0.05107075850905929,0.29419813752398477,0.29419813752398477,0.046340212101132726,0.045674183649842756,0.010841032565431133,nan,nan,0.03816956302889874,10.95338029482741,12.901426563828478,23040.795039260523,nan,nan,nan,nan,nan,nan,nan,nan,nan,260.0,0.0003733243613489162,40.865846633142795,20000.0,1.0,0.0,300.0,260.0,0.2599643997193005,0.27128487749615104,0.0005016319997380575,0.00034767836202237646,41.553276125807315,39.05823490845505,1.0,1.0,18343.42671088267,16844.499891005806,13.822342076682995,18.71315085143421,0.0,0.0,0.0,"[300, 300, 300, 100, 300]","[0.0, 0.0, 0.0004896813286029714, 0.0008376527756042758, 0.0005392877025373338]","[300, 300, 300, 300, 300]","[100, 300, 300, 300, 300]","[0.0019238442094546364, 4.0571387279802156e-05, 0.0, 0.0, 0.0005437444019558493]","[0.0017383918101118822, 0.0, 0.0, 0.0, 0.0]",,0.017801264252717677,0.015863512869225407,5.0,1.96
1b,25000,4415606,neural-fore,neural-main-oracle-bellman,-11.446621906445502,-11.463013301322778,-11.44896978656228,0.01788383741231314,-11.498065622650913,-11.427960979994644,1.0,0.0023478801167780006,-0.014043514760498255,0.33920099952355703,0.33920099952355703,0.048218468663594374,0.04713141264473107,0.008459903937729088,nan,nan,0.04195280902965631,10.966203480309918,12.410783461039498,23265.124863801975,nan,nan,nan,nan,nan,nan,nan,nan,nan,220.0,0.0006736947506738851,39.08950905040838,20000.0,1.0,0.0,260.0,300.0,0.3022088204438728,0.31677531947403204,0.00038002800022120465,0.0004922858425561692,40.84749171698932,44.13394640807528,1.0,1.0,18451.81220202303,17238.30678573631,13.132826689026633,18.090039200043094,0.0,0.0,0.0,"[100, 100, 300, 300, 300]","[0.0005383340090409855, 0.002641104778446579, 0.0, 0.0001890349658818611, 0.0]","[300, 300, 300, 100, 300]","[300, 300, 300, 300, 300]","[0.0, 3.40581756168969e-05, 0.0, 0.0016091151819747458, 0.0002569666435143806]","[0.0, 0.0013581977227335616, 0.0006959355767258001, 6.262885354967008e-06, 0.0004010330279665174]",,0.01788383741231314,0.014177218641158375,5.0,1.96
1b,25000,4425606,neural-fore,neural-main-oracle-bellman,-11.469418940194952,-11.477962038569657,-11.44896978656228,0.018489080039017385,-11.514200635446132,-11.441723441693183,1.0,-0.02044915363267208,-0.028992252007377317,0.2207675269724778,0.2207675269724778,0.044676002851136896,0.044861638088460755,0.006463624463810124,nan,nan,0.05362629182123437,10.829529723152913,12.84216879204364,23261.508823998873,nan,nan,nan,nan,nan,nan,nan,nan,nan,220.0,0.0007998786140226642,34.77702508275397,20000.0,1.0,0.0,300.0,180.0,0.2981266849107841,0.31045641080114345,0.0005368165733335168,0.0006896819696043611,38.76030088353436,30.55668020818848,1.0,1.0,18174.165332808974,16958.99004509494,14.041034661836528,18.992885468005575,0.0,0.0,0.0,"[100, 300, 300, 300, 100]","[0.0024174323024297975, 7.570775061010743e-05, 0.0005827393357887378, 0.0, 0.0009235136812846779]","[300, 300, 300, 300, 300]","[100, 100, 300, 300, 100]","[0.0017949504105129787, 0.0, 0.0005303655982654635, 0.0, 0.0003587668578891416]","[0.0008657965190445006, 1.2588756487710167e-05, 0.0010625286789744447, 0.0010464614129193782, 0.0004610344805957718]",,0.018489080039017385,0.017616024026965976,5.0,1.96
1b,25000,4435606,neural-fore,neural-main-oracle-bellman,-11.42725703382946,-11.44210304649051,-11.44896978656228,0.018722673689798287,-11.478799486922515,-11.405406606058506,1.0,0.021712752732820917,0.006866740071769684,0.29194518920115087,0.29194518920115087,0.045422733761161904,0.04480388408819698,0.008175737456429357,nan,nan,0.041767924409614035,10.844457752817982,12.965309843539409,23224.97051764191,nan,nan,nan,nan,nan,nan,nan,nan,nan,260.0,0.0004172895023516085,42.518425659229976,20000.0,1.0,0.0,260.0,220.0,0.31287427618612124,0.32084104120179247,0.00025580711105327756,0.0007113952788114947,41.69051635819487,38.193849358381705,1.0,1.0,18301.12040887833,16921.114025677216,13.281639468030125,18.954161638465962,0.0,0.0,0.0,"[300, 100, 300, 300, 300]","[0.0, 0.0007928483790498915, 0.00041737595282240794, 0.0007428159316389112, 0.00013340724824683196]","[300, 300, 300, 100, 300]","[300, 300, 100, 100, 300]","[0.0, 0.0, 0.0, 0.0012790355552663878, 0.0]","[0.0008812913988214195, 0.0005690823273757048, 0.0017112537843390523, 0.0003953488835212967, 0.0]",,0.018722673689798287,0.01429107872298643,5.0,1.96
1b,25000,4445606,neural-fore,neural-main-oracle-bellman,-11.453214373059932,-11.463555872947039,-11.44896978656228,0.01866283054218137,-11.500135020809713,-11.426976725084364,1.0,-0.004244586497652136,-0.014586086384758445,0.24513566663758443,0.24513566663758443,0.03304514145488963,0.032522957039513134,0.00951736340642601,nan,nan,0.0508250761286685,10.865565752309623,12.94380378879355,23104.514471579838,nan,nan,nan,nan,nan,nan,nan,nan,nan,180.0,0.0007232551348491153,31.357100424380043,20000.0,1.0,0.0,220.0,180.0,0.3038758973815649,0.3152301810409755,0.0005801495686893473,0.0006098257684609679,32.92499312506989,31.882216233247892,0.9999999999999998,1.0,18224.5116368557,16981.536498424637,13.535448594719913,18.932368536227198,0.0,0.0,0.0,"[100, 300, 100, 100, 300]","[0.0018092652327873359, 0.0, 0.000999896988989613, 0.0008071134524686276, 0.0]","[100, 300, 100, 300, 300]","[100, 100, 100, 300, 300]","[0.0027096354314876617, 0.0, 0.00019111241195907464, 0.0, 0.0]","[0.0016160503040220328, 0.0006076157115156016, 0.0, 0.0008254628267672047, 0.0]",,0.01866283054218137,0.014976534989611245,5.0,1.96
1b,25000,4455606,neural-fore,neural-main-oracle-bellman,-11.451254241625028,-11.464022566676615,-11.44896978656228,0.019629683684153746,-11.502496746697556,-11.425548386655674,1.0,-0.002284455062747881,-0.015052780114334752,0.25124265925150513,0.25124265925150513,0.055098302493669295,0.05119208381911924,0.009440434789190764,nan,nan,0.044450844543527365,10.750399396092483,12.85295968345292,23202.727455307857,nan,nan,nan,nan,nan,nan,nan,nan,nan,260.0,0.00035071268275376746,42.50798098295927,20000.0,1.0,0.0,300.0,260.0,0.3353107405942248,0.3447145647284188,0.00011543430951265077,0.00047304471624945606,44.038884825399144,40.851792066195046,1.0,1.0,18162.189646215273,17261.417727272754,15.117335550168795,17.679699877673364,0.0,0.0,0.0,"[100, 300, 300, 300, 300]","[0.0014220809139023488, 0.00022669112035685697, 0.0, 0.0, 0.00010479137950963132]","[300, 300, 300, 300, 300]","[300, 300, 100, 300, 300]","[5.448112039353978e-05, 0.0, 0.00028708406548630405, 0.00023560636168341013, 0.0]","[0.0, 0.0, 0.00035076384043828584, 0.0015655945462335564, 0.000448865194575438]",,0.019629683684153746,0.015041148475966885,5.0,1.96
1b,25000,4465606,neural-fore,neural-main-oracle-bellman,-11.456248643151268,-11.465791601567473,-11.44896978656228,0.01925122414394129,-11.503524000889598,-11.428059202245347,1.0,-0.007278856588987637,-0.01682181500519242,0.316558494449789,0.316558494449789,0.041594006315231156,0.03941826640221098,0.007672195573202155,nan,nan,0.04659704473066818,10.876370383077631,12.711549379589608,23161.081144877695,nan,nan,nan,nan,nan,nan,nan,nan,nan,180.0,0.0008798869014980676,36.716124416375536,20000.0,1.0,0.0,260.0,260.0,0.3295399757949009,0.34566129163670356,0.0003473219098394276,0.00028694488165199145,41.92968572471291,41.876571033219804,1.0,1.0,18321.888929838773,16957.868750435453,13.758546407864921,18.547701900619735,0.0,0.0,0.0,"[100, 100, 100, 300, 300]","[0.0005769427828188435, 0.0020771713697559993, 0.0007071184979160832, 0.0, 0.0010382018569994112]","[300, 300, 300, 100, 300]","[300, 100, 300, 300, 300]","[0.0, 0.00023323134236886498, 0.0009463116808716469, 0.0005570665259566261, 0.0]","[0.000721164722938043, 0.0006997020255529611, 0.0, 0.0, 1.385765976895291e-05]",,0.01925122414394129,0.011764322137519488,5.0,1.96
1b,25000,4475606,neural-fore,neural-main-oracle-bellman,-11.411581171825263,-11.414930851798125,-11.44896978656228,0.019943969755853504,-11.454021032519599,-11.375840671076652,1.0,0.03738861473701682,0.03403893476415476,0.23301231161431613,0.23301231161431613,0.035348731485233265,0.03515981877789133,0.006897348651290675,nan,nan,0.04000056753495173,10.82598460688202,12.679547616096842,23151.522076416943,nan,nan,nan,nan,nan,nan,nan,nan,nan,260.0,0.0003871469585937983,40.12473554953467,20000.0,1.0,0.0,300.0,260.0,0.3615166627257532,0.3700389204244985,0.0009435600845458896,0.0006522440813896827,41.73176955883391,37.636708383634684,1.0,1.0,18275.050297127873,17190.002285336566,13.282783812152019,17.72345424624041,0.0,0.0,0.0,"[300, 300, 300, 300, 100]","[0.0, 0.0005179112309412521, 0.0, 0.0006069018169726516, 0.0008109217450550876]","[300, 300, 300, 300, 300]","[300, 300, 300, 100, 300]","[0.0021002771820240393, 0.0, 0.002563466712148858, 0.0, 5.405652855655116e-05]","[0.0010373596996449484, 0.0, 0.0008543455094930807, 0.0, 0.001369515197810385]",,0.019943969755853504,0.014986547999745088,5.0,1.96
1b,25000,4485606,neural-fore,neural-main-oracle-bellman,-11.445449720052906,-11.452828327398453,-11.44896978656228,0.019112776418691847,-11.49028936917909,-11.415367285617817,1.0,0.003520066509373976,-0.0038585408361733187,0.23855049221742655,0.23855049221742655,0.044109820563013304,0.04283248033271019,0.008719024842695058,nan,nan,0.043471096524171964,10.84115168205811,13.013459378678876,23120.0870207987,nan,nan,nan,nan,nan,nan,nan,nan,nan,260.0,0.0001880302243899746,38.18680075022858,20000.0,1.0,0.0,260.0,220.0,0.3331569132840365,0.3458919210670279,0.0006815403399562778,0.0011033995243924333,36.782586124842055,33.85082494993694,1.0,1.0,18003.603860725463,16749.416639977844,15.23744879795961,19.26885792344832,0.0,0.0,0.0,"[100, 300, 300, 300, 300]","[0.0008671633467339993, 7.298777521587379e-05, 0.0, 0.0, 0.0]","[300, 300, 100, 300, 300]","[300, 300, 100, 100, 300]","[0.0, 3.856954904509429e-05, 0.0021952049540778186, 0.0009640101079886478, 0.00020991708866982864]","[0.0018236222108381469, 0.0011934635673609226, 0.001417446658881626, 0.0008440669206406506, 0.00023839826424082002]",,0.019112776418691847,0.009624482668341098,5.0,1.96
1b,25000,4495606,neural-fore,neural-main-oracle-bellman,-11.43427042267083,-11.449844900128921,-11.44896978656228,0.018880761851625016,-11.486851193358106,-11.412838606899737,1.0,0.014699363891450545,-0.0008751135666411614,0.25982412291732915,0.25982412291732915,0.04364069772326048,0.04123157490402536,0.006453220660699064,nan,nan,0.04375850368674297,10.826735069494873,12.545213141560131,23226.673963055946,nan,nan,nan,nan,nan,nan,nan,nan,nan,180.0,0.0008626394933692584,35.088389599858786,20000.0,1.0,0.0,300.0,220.0,0.33007613137892566,0.34569143687773696,0.0008928012493602706,0.00034599947646491244,43.699778433167374,37.43008977579884,1.0,1.0,18229.74032342785,17176.641926679702,14.024110964828234,17.685004248256746,0.0,0.0,0.0,"[100, 100, 100, 300, 300]","[0.0009966202001041044, 0.0022976308955432456, 0.0007171156967080574, 0.0, 0.00030183067449088486]","[300, 300, 300, 300, 300]","[300, 100, 100, 300, 300]","[0.0012921492039064597, 0.001912219562775723, 0.0012322071261653593, 0.0, 2.7430353953810977e-05]","[0.0, 0.00013806585064189954, 0.0007314943521959762, 0.0003155350966224788, 0.0005449020828642077]",,0.018880761851625016,0.022772189974706505,5.0,1.96
1b,25000,4505606,neural-fore,neural-main-oracle-bellman,-11.441825074315913,-11.456648140406225,-11.44896978656228,0.019646321297816995,-11.495154930149946,-11.418141350662504,1.0,0.007144712246367035,-0.007678353843944663,0.3064488369835209,0.3064488369835209,0.043229202885481585,0.04217561607654424,0.0060309866820877816,nan,nan,0.05057870757487653,10.707461103012111,12.523683100500618,23245.966649557766,nan,nan,nan,nan,nan,nan,nan,nan,nan,260.0,0.0005493240495691544,43.666825150349176,20000.0,1.0,0.0,260.0,260.0,0.33632686512011234,0.34178720169808274,0.00033006853081207245,8.677964063663794e-05,41.325622749957255,41.26320934179239,1.0,1.0,18486.565883722003,17106.991072738852,13.222926581023552,18.374390320878966,0.0,0.0,0.0,"[300, 300, 300, 300, 100]","[0.0008482491097130255, 0.0007847749746004363, 0.0, 0.00043468134157458916, 0.0006789148219577209]","[100, 300, 300, 300, 300]","[100, 300, 300, 300, 300]","[0.0016503426540603622, 0.0, 0.0, 0.0, 0.0]","[0.00043389820318318967, 0.0, 0.0, 0.0, 0.0]",,0.019646321297816995,0.03029998840016908,5.0,1.96
1b,25000,4515606,neural-fore,neural-main-oracle-bellman,-11.460409275831738,-11.475414932052145,-11.44896978656228,0.017698812173905072,-11.510104603912998,-11.440725260191291,1.0,-0.011439489269458036,-0.02644514548986443,0.6083932165728065,0.6083932165728065,0.0731626693322921,0.07371223000746072,0.011716141409797286,nan,nan,0.03811280386714262,10.967854759807695,12.679265887273212,23049.52242623204,nan,nan,nan,nan,nan,nan,nan,nan,nan,300.0,0.00029738986052332145,44.644313591369425,20000.0,1.0,0.0,260.0,260.0,0.2593338656608408,0.26698863015313845,0.00030962721608858375,0.0006591003088741514,41.36382848336361,40.64269684185274,1.0,1.0,18008.92474397416,16341.888624977719,15.123668950914169,20.89592892019936,0.0,0.0,0.0,"[300, 300, 300, 300, 300]","[0.0, 0.0, 0.0004825903896658845, 5.003471361394064e-05, 0.0009543241993367822]","[300, 100, 300, 300, 300]","[300, 100, 300, 300, 300]","[0.0, 0.0008663761045729212, 0.0, 0.0006817599758699975, 0.0]","[0.0, 0.0023293467912259224, 0.0, 0.0009661547531448348, 0.0]",,0.017698812173905072,0.011928615465116027,5.0,1.96
1b,25000,4525606,neural-fore,neural-main-oracle-bellman,-11.459958733484733,-11.469588481497466,-11.44896978656228,0.01955271586157265,-11.507911804586149,-11.431265158408783,1.0,-0.01098894692245267,-0.020618694935185644,0.17549322995377267,0.17549322995377267,0.032162738139257976,0.03229774007860244,0.006274355901177736,nan,nan,0.04851795645726045,10.701981215217025,12.656141788293704,23226.189560190775,nan,nan,nan,nan,nan,nan,nan,nan,nan,180.0,0.0004976488925683977,36.448513583187015,20000.0,1.0,0.0,260.0,220.0,0.33811347983046125,0.3442115925186274,0.00039258721362038317,0.0006641802536912568,41.88021010058001,37.66876988378353,1.0,1.0,18360.19487983507,17110.80981984809,13.859101088777544,18.232346355436157,0.0,0.0,0.0,"[300, 100, 300, 100, 100]","[2.850374208374359e-05, 0.0008706119831912157, 0.0, 0.0011838150854950463, 0.00040531365207198297]","[300, 300, 300, 100, 300]","[100, 300, 300, 300, 100]","[0.0, 0.0, 0.00014116772849508927, 0.0017677993572983925, 5.3968982308433795e-05]","[0.0008709824798689945, 0.0006179459564665779, 0.00034118530258814446, 0.0006497411678221049, 0.0008410463617104621]",,0.01955271586157265,0.01442350171226142,5.0,1.96
1b,25000,4535606,neural-fore,neural-main-oracle-bellman,-11.466779714237148,-11.47661425921503,-11.44896978656228,0.018673516305866722,-11.513214351174529,-11.44001416725553,1.0,-0.01780992767486822,-0.027644472652749386,0.2409743290426165,0.2409743290426165,0.03966571644306549,0.038330672041886796,0.007079672781806832,nan,nan,0.038326224710868204,10.966274366030262,12.433807090745868,23140.63298780459,nan,nan,nan,nan,nan,nan,nan,nan,nan,300.0,0.0002789584622115844,46.29289029145148,20000.0,1.0,0.0,260.0,300.0,0.31497099821836533,0.32710148543637907,0.0007336245987540669,0.0005909364098299373,41.37732250902336,44.33175325023476,1.0,1.0,18098.27553311617,17199.900835359113,14.442183644123213,17.403672855905494,0.0,0.0,0.0,"[300, 300, 300, 300, 300]","[0.0, 0.0, 0.0013947923110579218, 0.0, 0.0]","[300, 100, 300, 300, 300]","[300, 300, 300, 300, 300]","[0.0011873811199049243, 0.0019980300974480913, 0.00048271177641731887, 0.0, 0.0]","[0.0, 0.0012922057318162734, 0.0, 0.0005329308292786802, 0.0011295454880547325]",,0.018673516305866722,0.010388851692594708,5.0,1.96
1b,25000,4545606,neural-fore,neural-main-oracle-bellman,-11.461222972258085,-11.469045159619744,-11.44896978656228,0.018885809518034747,-11.506061346275093,-11.432028972964396,1.0,-0.012253185695804802,-0.02007537305746432,0.24281232587177226,0.24281232587177226,0.042971329246958324,0.04277228776474596,0.013015952316920097,nan,nan,0.04094122937527221,10.853800804187383,12.938508212917128,23131.049313842996,nan,nan,nan,nan,nan,nan,nan,nan,nan,300.0,0.00014022362615576198,45.2406321919756,20000.0,1.0,0.0,300.0,300.0,0.29977534828365043,0.30601637821752303,0.00030509920681347,0.0003440436642328339,44.03504912464414,43.748674407741056,1.0,1.0,18243.409272532124,16901.554518446523,14.041700804222671,19.054925540201612,0.0,0.0,0.0,"[300, 300, 300, 300, 300]","[0.0, 0.0006818892860614047, 0.0, 1.922884471740525e-05, 0.0]","[300, 300, 300, 300, 300]","[300, 300, 300, 300, 300]","[0.0, 0.0, 0.0015254960340673502, 0.0, 0.0]","[0.0, 0.0, 0.0016254225670180524, 9.479575414611722e-05, 0.0]",,0.018885809518034747,0.01667531060242662,5.0,1.96
1b,25000,4555606,neural-fore,neural-main-oracle-bellman,-11.47113329902188,-11.485491204827298,-11.44896978656228,0.018112419820148377,-11.52099154767479,-11.449990861979806,0.0,-0.022163512459599133,-0.03652141826501776,0.2625248592426898,0.2625248592426898,0.04267313417017595,0.039454880640905424,0.007547174087104826,nan,nan,0.040222052636489945,11.032405490257958,13.150130776393237,22989.907506487038,nan,nan,nan,nan,nan,nan,nan,nan,nan,220.0,0.0005304936455282855,36.076070633647035,20000.0,0.9999999999999998,0.0,220.0,220.0,0.28294363218526886,0.2976049879102802,0.001950044260942176,0.0011247808040150652,34.54596530799754,33.61545633284841,1.0,1.0,18251.29235117811,16865.691354660223,13.696515509745314,20.004550882360636,0.0,0.0,0.0,"[300, 100, 100, 300, 300]","[0.0, 0.0018499080300403332, 0.0, 0.0008025601976010944, 0.0]","[100, 300, 300, 300, 100]","[100, 300, 300, 100, 300]","[0.0027085574669065437, 0.0, 0.0041480693293214806, 0.001598474418978518, 0.001295120089504338]","[0.0016606875866115034, 0.001501668715929851, 0.0008703649424736876, 0.0012567440828645767, 0.0003344386921957062]",,0.018112419820148377,0.011192815071274778,5.0,1.96
1b,25000,4565606,neural-fore,neural-main-oracle-bellman,-11.490206857362054,-11.502219972325243,-11.44896978656228,0.01837904128583295,-11.538242893245476,-11.46619705140501,0.0,-0.04123707079977379,-0.05325018576296259,0.41369809842860894,0.41369809842860894,0.05079520414897787,0.051220107104124765,0.010093531399817805,nan,nan,0.042263565772977595,10.852409357750712,13.111433797944835,23060.515715274516,nan,nan,nan,nan,nan,nan,nan,nan,nan,220.0,0.000522572719797184,35.86058392419945,20000.0,1.0,0.0,220.0,260.0,0.26710172969939966,0.2738613538383915,0.0009723170123173261,0.0006781010744269739,34.221554799959996,36.35649424202275,1.0,1.0,18099.494777550215,16499.031130587136,14.301089884721412,20.921177719450682,0.0,0.0,0.0,"[300, 300, 300, 100, 100]","[0.0, 0.0, 0.0, 0.0009092085955397832, 0.0017036550034461365]","[300, 100, 300, 300, 100]","[300, 300, 300, 300, 100]","[0.0, 0.0017866138399464594, 0.0, 0.0019390474924485185, 0.001135923729191653]","[0.0, 0.002254323397463739, 0.0, 0.00011970886749762693, 0.0010164731071735033]",,0.01837904128583295,0.018942531306335608,5.0,1.96
1b,25000,4575606,neural-fore,neural-main-oracle-bellman,-11.472187860247567,-11.487984153234576,-11.44896978656228,0.018710117709671504,-11.524655983945532,-11.45131232252362,0.0,-0.023218073685287166,-0.039014366672295964,0.3291875504947011,0.3291875504947011,0.04463418991471732,0.04480054768463557,0.009338302244080016,nan,nan,0.04158315096766327,10.965869357240217,12.837211281238561,23057.26992016198,nan,nan,nan,nan,nan,nan,nan,nan,nan,300.0,0.00039771882788667705,44.92609314185101,20000.0,1.0,0.0,260.0,180.0,0.29910452883593003,0.3052207526021947,0.0002573828319832072,0.0007969503557314888,41.567947824602015,35.36706131678075,1.0,1.0,18259.62727186306,16899.908235256316,13.600689884726858,18.832679242810762,0.0,0.0,0.0,"[300, 300, 300, 300, 300]","[0.0013333930351414035, 0.0004536226298699523, 0.0, 0.0, 0.0002015784744220296]","[300, 300, 100, 300, 300]","[300, 100, 100, 100, 300]","[0.0, 0.0, 0.001286914159916036, 0.0, 0.0]","[0.0, 0.0015801547907019291, 0.0008003176959627145, 0.0005511628317942057, 0.0010531164601985952]",,0.018710117709671504,0.025890337044586424,5.0,1.96
1b,25000,4585606,neural-fore,neural-main-oracle-bellman,-11.442779878143282,-11.459577287584969,-11.44896978656228,0.018725380205938863,-11.496279032788609,-11.422875542381329,1.0,0.006189908418997803,-0.010607501022688481,0.2827957937721239,0.2827957937721239,0.04994436196285569,0.04682673708284045,0.010863836371181544,nan,nan,0.04830434445891684,10.784181200314361,12.60026665953043,23355.35507917348,nan,nan,nan,nan,nan,nan,nan,nan,nan,220.0,0.00012976254622766285,39.159174658893605,20000.0,1.0,0.0,260.0,260.0,0.33428140818675006,0.3489605442116336,0.00013363652436311051,0.00023079087303161096,41.50327522493899,40.267065066611394,1.0,1.0,18485.653443528667,17392.509276289948,13.59808571574168,17.52811131486099,0.0,0.0,0.0,"[300, 100, 300, 300, 100]","[0.0, 0.0001381237823564057, 0.0, 0.0, 0.0005106889487819086]","[300, 300, 300, 300, 100]","[300, 300, 300, 300, 100]","[0.0, 0.0, 0.0, 0.0, 0.0006681826218155525]","[0.0004570621522812189, 0.0, 0.0, 0.0, 0.0006968922128768359]",,0.018725380205938863,0.02280593990079712,5.0,1.96
1b,25000,4595606,neural-fore,neural-main-oracle-bellman,-11.459720699941087,-11.47049402946232,-11.44896978656228,0.01769127478110583,-11.505168928033287,-11.435819130891351,1.0,-0.01075091337880707,-0.02152424290003907,0.2240698028095008,0.2240698028095008,0.03549408934223315,0.03487603628093103,0.005543507700058464,nan,nan,0.04644886863123276,10.911829165417027,12.648457262514164,23177.07396707718,nan,nan,nan,nan,nan,nan,nan,nan,nan,220.0,0.0007995932918456499,39.55413349997252,20000.0,1.0,0.0,260.0,260.0,0.2759970281558636,0.2862926534123581,0.0008933857241826424,0.0006497315245529653,41.3678854331607,40.917902791011144,1.0000000000000002,1.0,18418.212070837362,16934.42795640234,13.203838414137897,18.8501570324597,0.0,0.0,0.0,"[100, 300, 300, 100, 300]","[0.0003136001924868254, 0.0022554573710212404, 0.0, 0.0014289088957201842, 0.0]","[300, 100, 300, 300, 300]","[300, 300, 300, 100, 300]","[0.0, 0.0020919373653599444, 0.0, 0.00014859774252712853, 0.0022263935130261386]","[0.0017394884578568839, 0.00036635328184622245, 3.139603360359733e-06, 0.0005622755391122607, 0.0005774007405890995]",,0.01769127478110583,0.0168214921429727,5.0,1.96
1b,25000,4605606,neural-fore,neural-main-oracle-bellman,-11.43578698775786,-11.449161544848454,-11.44896978656228,0.018864878867924168,-11.486136707429585,-11.412186382267324,1.0,0.013182798804420415,-0.00019175828617434831,0.19141038769113874,0.19141038769113874,0.029498934075415772,0.0291682906454059,0.008072595944761842,nan,nan,0.05031800765032226,10.786356812345002,12.644686671724088,23309.893971096146,nan,nan,nan,nan,nan,nan,nan,nan,nan,220.0,0.0006295917430082945,38.164832874969576,20000.0,1.0,0.0,220.0,180.0,0.3216350276316919,0.33203821177587456,0.001791416559803374,0.0006468668443749255,37.792174508073366,34.4511651749257,1.0,0.9999999999999998,18274.087910033653,17316.965253456445,14.100106271807414,17.336081881928553,0.0,0.0,0.0,"[300, 300, 100, 300, 100]","[0.0, 0.0, 0.001763712611879803, 0.0002817887065002731, 0.0011024573966613967]","[300, 100, 300, 300, 100]","[100, 300, 100, 300, 100]","[0.002308172915327555, 0.0014218973832402881, 0.0018696671451464296, 0.0, 0.003357345355302598]","[0.0, 0.00022746056169628922, 0.0016466647845115629, 0.0012892622409147474, 7.094663475202824e-05]",,0.018864878867924168,0.009048958594700425,5.0,1.96
1b,25000,4615606,neural-fore,neural-main-oracle-bellman,-11.418917258170847,-11.436968847181841,-11.44896978656228,0.019724876972162065,-11.47562960604728,-11.398308088316403,1.0,0.030052528391433242,0.01200093938043878,0.21860210840584493,0.21860210840584493,0.0484074693411769,0.046573003734432385,0.014193034607990384,nan,nan,0.03619392936317793,10.832184806497978,12.695332476392451,23168.16438873213,nan,nan,nan,nan,nan,nan,nan,nan,nan,300.0,0.0004507282741621375,44.71903884198982,20000.0,1.0,0.0,260.0,220.0,0.3445577422800223,0.3488819888246303,0.001127487368433388,0.0009574782705880445,41.70250982528087,38.84688627519645,1.0,1.0,18211.761509047596,17480.01587126195,14.139030406917158,17.103871378686364,0.0,0.0,0.0,"[300, 300, 300, 300, 300]","[0.0, 0.0009630291279269989, 0.0005114651270562765, 0.0007791471158274122, 0.0]","[300, 300, 300, 300, 100]","[300, 300, 100, 100, 300]","[0.0, 0.0, 0.0014312501623100849, 0.0, 0.004206186679856855]","[0.0005032824022217894, 0.0, 0.0006624761925737915, 0.0008668360741672659, 0.002754796683977375]",,0.019724876972162065,0.013801271938961038,5.0,1.96
1b,25000,4625606,neural-fore,neural-main-oracle-bellman,-11.430917474697663,-11.447307015232733,-11.44896978656228,0.019663606348287115,-11.485847683675376,-11.40876634679009,1.0,0.018052311864616755,0.0016627713295473967,0.1963102994924771,0.1963102994924771,0.03268037064466159,0.030400629681238744,0.00956781926804553,nan,nan,0.042191963556342166,10.821034705242125,12.893237790326634,23191.77679533066,nan,nan,nan,nan,nan,nan,nan,nan,nan,260.0,0.000452232024967389,44.394872849760574,20000.0,1.0,0.0,300.0,260.0,0.3311751587855661,0.3373291251285383,0.00026329637095097913,0.00021249616109432723,45.213282208982854,43.12192417520564,1.0,1.0,18107.503240304453,17066.028117893155,14.223697207052021,18.168174087123123,0.0,0.0,0.0,"[300, 300, 100, 300, 300]","[0.0005493307980751692, 0.0, 0.0005751976683387274, 0.0007813006264955588, 0.0003553310319274892]","[300, 300, 300, 300, 300]","[300, 300, 300, 100, 300]","[0.0, 0.0, 0.0003053332464239347, 0.0010111486083309608, 0.0]","[0.00019652042645238485, 0.0, 0.0, 0.0008659603790192514, 0.0]",,0.019663606348287115,0.01622882160760991,5.0,1.96
1b,25000,4635606,neural-fore,neural-main-oracle-bellman,-11.40265639799946,-11.414289297701739,-11.44896978656228,0.019289107092731995,-11.452095947603494,-11.376482647799984,1.0,0.046313388562820634,0.0346804888605412,0.23787719820987702,0.23787719820987702,0.04230568363967229,0.04144671283819405,0.006257420096029436,nan,nan,0.0475064817426743,10.994094404983132,12.4546045533322,23167.260270710132,nan,nan,nan,nan,nan,nan,nan,nan,nan,260.0,0.0005047325665537706,38.38389504151419,20000.0,1.0,0.0,300.0,220.0,0.34821312552072564,0.36010487370445393,0.0011655522461177527,0.000510087713519429,40.527025699825025,34.590826608147474,1.0,1.0,18202.254069232244,17198.04303906842,13.572461038870909,18.051748075146698,0.0,0.0,0.0,"[300, 300, 300, 100, 300]","[0.0013428819098882912, 0.00021979256211867524, 0.0003883356116316934, 0.0005726527491301935, 0.0]","[300, 300, 300, 300, 300]","[100, 300, 300, 100, 300]","[0.001954075657952703, 0.0, 0.0026053315640640375, 0.0012683540085720233, 0.0]","[0.0007391114684517541, 0.0003368483636649975, 5.609009090198826e-05, 0.0008491807146519122, 0.0005692079299264931]",,0.019289107092731995,0.023418817654027452,5.0,1.96
1b,25000,4645606,neural-fore,neural-main-oracle-bellman,-11.458501766864185,-11.47348690559821,-11.44896978656228,0.018869446029795147,-11.510471019816608,-11.43650279137981,1.0,-0.009531980301904497,-0.024517119035929014,0.23097892011404048,0.23097892011404048,0.03824600365102917,0.037344577639791265,0.008533542223093854,nan,nan,0.03881371360057156,10.911783220180235,12.482187232988286,23164.09340129294,nan,nan,nan,nan,nan,nan,nan,nan,nan,300.0,0.00023577362808102485,42.17919308335986,20000.0,1.0,0.0,300.0,300.0,0.3101196452378865,0.3162468947616729,0.00023702871578825196,0.0003554275294221406,40.65521349220071,40.37617978337221,1.0,1.0,18030.162780440336,16998.07760266246,15.319980609487828,18.729424647975456,0.0,0.0,0.0,"[300, 300, 300, 300, 300]","[0.0, 0.00048465621380870607, 0.0004393301316819849, 0.0, 0.0002548817949144333]","[300, 300, 300, 300, 300]","[300, 300, 300, 300, 300]","[0.0, 0.0, 0.0, 0.0, 0.0011851435789412598]","[0.0008564410924495577, 0.0001956911369199998, 0.00030355048676531987, 0.0, 0.00042145493097582554]",,0.018869446029795147,0.013126970487271999,5.0,1.96
1b,25000,4655606,neural-fore,neural-main-oracle-bellman,-11.422182083918031,-11.43167896502964,-11.44896978656228,0.018318788625615826,-11.467583790735848,-11.395774139323432,1.0,0.026787702644249123,0.017290821532640166,0.21274808918933868,0.21274808918933868,0.044344706612461635,0.04360970826507076,0.008687674171281148,nan,nan,0.04039431359988167,10.850428861945785,13.001356971797303,23208.718240212536,nan,nan,nan,nan,nan,nan,nan,nan,nan,260.0,0.0004690636638021377,44.23190889998805,20000.0,1.0,0.0,300.0,220.0,0.3060888009074149,0.3133367022477654,0.00035590511638304047,0.0005384078438441644,45.31950721673202,39.62348138319794,1.0,1.0,18175.421131389114,16886.583840946092,14.23688910258365,18.87702384240665,0.0,0.0,0.0,"[300, 300, 300, 100, 300]","[0.0005351388272901496, 0.00021952935010403587, 0.0, 0.0009945669537936368, 0.0005960831878228658]","[300, 300, 300, 300, 300]","[300, 100, 300, 100, 300]","[0.0003849564850061463, 0.0, 0.0004376776578514611, 0.0, 0.000956891439057595]","[0.0, 0.00041396766233251696, 0.0, 0.001397934585093403, 0.0008801369717949025]",,0.018318788625615826,0.024618823109680388,5.0,1.96
1b,25000,4665606,neural-fore,neural-main-oracle-bellman,-11.44992618492886,-11.466463549906443,-11.44896978656228,0.019843636293098824,-11.505357077040916,-11.42757002277197,1.0,-0.0009563983665792364,-0.01749376334416297,0.37719013532593343,0.37719013532593343,0.052517175027880815,0.051985867490039014,0.009548405842773425,nan,nan,0.0368212830886504,10.806803924158665,12.946226820347508,23120.717954348966,nan,nan,nan,nan,nan,nan,nan,nan,nan,260.0,0.0002972275664270432,44.69484533383511,20000.0,1.0,0.0,260.0,300.0,0.3292173619874549,0.33341763502914173,0.0007224088150796029,0.00026287963234243307,43.348211758118126,44.83536362554878,1.0,1.0,18103.09310006783,17088.97218968892,14.918106233759783,17.835030319208943,0.0,0.0,0.0,"[100, 300, 300, 300, 300]","[0.0010269518204455558, 0.0, 0.00028015697319966424, 0.0, 0.0001790290384899959]","[300, 300, 100, 300, 300]","[300, 300, 300, 300, 300]","[0.000850470661464639, 0.0, 4.229778824515186e-05, 0.0027192756256882236, 0.0]","[0.0006768423917714942, 0.0002760434340894854, 0.00016700805255451116, 0.00019450428329667466, 0.0]",,0.019843636293098824,0.02034746223533272,5.0,1.96
1b,25000,4675606,neural-fore,neural-main-oracle-bellman,-11.452941754030398,-11.467120412964064,-11.44896978656228,0.018146396599743462,-11.502687350299562,-11.431553475628567,1.0,-0.0039719674681180095,-0.01815062640178411,0.1776241880200224,0.1776241880200224,0.03302568377781577,0.03177146586210834,0.0055297169791773005,nan,nan,0.04099176453567838,10.893055888831222,12.740070437196769,23183.126831358783,nan,nan,nan,nan,nan,nan,nan,nan,nan,260.0,0.00012307023926455893,42.153368758806025,20000.0,1.0,0.0,220.0,140.0,0.30572486323112846,0.31743761438064644,0.0009598686226068243,0.0011155560423126325,39.36673685023561,32.108549350174144,1.0,1.0,18617.45367752903,17035.320350484475,12.63140279302033,18.823326170401135,0.0,0.0,0.0,"[300, 300, 300, 100, 300]","[0.0, 9.703456901297689e-05, 0.0, 0.0005183166273098178, 0.0]","[100, 300, 300, 300, 100]","[300, 100, 100, 100, 100]","[0.0022712716351763257, 0.0, 0.0, 0.0005293699669954819, 0.001998701510862314]","[0.0003859308215042618, 0.0022867285566591775, 0.0010601222342320259, 0.0006787922497909606, 0.001166206349376737]",,0.018146396599743462,0.023245007684319297,5.0,1.96
1b,25000,4685606,neural-fore,neural-main-oracle-bellman,-11.443240085150912,-11.459239369025644,-11.44896978656228,0.017994085577904217,-11.494507776758336,-11.423970961292952,1.0,0.005729701411368637,-0.010269582463363847,0.20270465396039575,0.20270465396039575,0.02977295784912453,0.028369310862448975,0.0069135531565910815,nan,nan,0.04279300395012037,10.978327863595743,12.660882202976417,23137.701840772792,nan,nan,nan,nan,nan,nan,nan,nan,nan,300.0,0.00026563498737394947,46.88834278362337,20000.0,1.0,0.0,260.0,180.0,0.2812889703340723,0.2920017372187772,0.0007432322584442904,0.000487189412821993,43.198850066680464,36.08799557464663,1.0,1.0,18038.682305512608,16682.98915738347,16.05002175077838,19.14798726614175,0.0,0.0,0.0,"[300, 300, 300, 300, 300]","[0.0, 0.0004744565030123742, 0.0004676722169501494, 0.0001013170339940139, 0.0002847291829132101]","[300, 100, 300, 300, 300]","[100, 100, 100, 300, 300]","[0.0, 0.0011782010010359823, 0.0010793200834008547, 0.0, 0.0014586402077846146]","[0.0005493943383544755, 0.0006638632832183241, 0.00040786249140461166, 0.0, 0.0008148269511325538]",,0.017994085577904217,0.0221215581166066,5.0,1.96
1b,25000,4695606,neural-fore,neural-main-oracle-bellman,-11.479179500163896,-11.493166790648356,-11.44896978656228,0.019265729321770897,-11.530927620119026,-11.455405961177686,0.0,-0.030209713601616173,-0.044197004086075964,0.2869643320938656,0.2869643320938656,0.049684039244062686,0.04864977340248698,0.008883495576611179,nan,nan,0.04385961982641186,10.956612243057057,12.911271700249518,23042.533888669626,nan,nan,nan,nan,nan,nan,nan,nan,nan,260.0,0.0005914284228255025,39.183132699760606,20000.0,1.0,0.0,220.0,260.0,0.29873068751588583,0.30609121677464346,0.0009723442914077206,0.0007098169476687712,35.6162629669765,38.246656716102734,1.0,1.0,18085.1914084558,16780.88883856427,13.786178320743602,19.23354739707587,0.0,0.0,0.0,"[100, 300, 300, 300, 300]","[0.0018600466711185116, 0.00019560889206417934, 0.00033598273577189173, 0.0005655038151729302, 0.0]","[300, 100, 300, 100, 300]","[300, 100, 300, 300, 300]","[0.002408171395879297, 0.0007660324140572376, 0.0, 0.0016875176471020687, 0.0]","[5.868030507839263e-05, 0.0011524350178479126, 0.0015188633185935422, 0.00038716397235012093, 0.00043194212447388714]",,0.019265729321770897,0.01739182377396552,5.0,1.96
1b,25000,4705606,neural-fore,neural-main-oracle-bellman,-11.42206605967882,-11.43157643356367,-11.44896978656228,0.019156701724101388,-11.469123568942909,-11.394029298184432,1.0,0.026903726883460877,0.017393352998610112,0.3433750092317498,0.3433750092317498,0.047702283877740406,0.045891120635118014,0.008107874445604315,nan,nan,0.03967209273058248,10.809247993605293,12.507423607462735,23245.01909258216,nan,nan,nan,nan,nan,nan,nan,nan,nan,300.0,0.0,43.165586391976106,20000.0,1.0,0.0,300.0,300.0,0.32182757147239927,0.3264132102371708,0.0003917354213706382,0.0006507450474310418,42.171999400178905,41.2379234502092,0.9999999999999998,1.0,18397.84989464263,16967.760385786256,13.331444395401338,18.519597633203006,0.0,0.0,0.0,"[300, 300, 300, 300, 300]","[0.0, 0.0, 0.0, 0.0, 0.0]","[300, 300, 300, 300, 300]","[300, 300, 300, 300, 300]","[0.0, 0.0018853517961214404, 7.332531073175067e-05, 0.0, 0.0]","[0.0, 0.00014648980045037658, 0.00139288884845123, 0.001714346588253603, 0.0]",,0.019156701724101388,0.016528900892530438,5.0,1.96
1b,25000,4715606,neural-fore,neural-main-oracle-bellman,-11.48008693103663,-11.492482080108651,-11.44896978656228,0.018182043102014118,-11.528118884588599,-11.456845275628703,0.0,-0.03111714447434899,-0.043512293546370984,0.2957587953311728,0.2957587953311728,0.05036965869489499,0.05078086583418321,0.007247440444024597,nan,nan,0.04020396820075922,10.991140970596648,12.64593814489831,23092.281349215293,nan,nan,nan,nan,nan,nan,nan,nan,nan,300.0,0.0002860242407183273,43.84235012496356,20000.0,1.0,0.0,300.0,260.0,0.2932281740943231,0.3049077199458179,0.0010794258560954245,0.0007211990734702975,42.107367408764546,39.03729837459978,1.0,1.0,18267.931205969708,17152.29257584597,13.392183015149907,16.914968934607884,0.0,0.0,0.0,"[300, 300, 300, 300, 300]","[0.0005631964060784879, 0.0, 0.0, 0.0008669247975131484, 0.0]","[300, 300, 300, 300, 300]","[300, 300, 100, 300, 300]","[0.0, 0.002206144384092667, 0.0, 0.002292228155983747, 0.0008987567404007083]","[0.0007877941284733005, 0.0008676511113825101, 0.0013597100497737375, 0.0, 0.0005908400777219396]",,0.018182043102014118,0.013231925467057816,5.0,1.96
1b,25000,4725606,neural-fore,neural-main-oracle-bellman,-11.457983907321617,-11.472966725626502,-11.44896978656228,0.018734555444404034,-11.509686454297535,-11.43624699695547,1.0,-0.009014120759337274,-0.02399693906422229,0.23877018854906415,0.23877018854906415,0.034374864343477154,0.03348317353932402,0.006328792938836323,nan,nan,0.04097640066013455,10.966533748684858,12.572929800798736,23144.97543610912,nan,nan,nan,nan,nan,nan,nan,nan,nan,260.0,0.00038752713862261196,43.07517432521563,20000.0,1.0,0.0,220.0,260.0,0.303346007048674,0.3108185617272736,0.0007312650875663666,0.0003731657798806744,38.41002090019174,41.29714435876813,1.0,1.0,18207.419383524462,17115.06449167952,14.222531218663732,17.290433122795044,0.0,0.0,0.0,"[300, 300, 100, 300, 300]","[0.0, 0.0, 0.0019376356931130598, 0.0, 0.0]","[100, 100, 300, 300, 300]","[300, 300, 300, 300, 100]","[0.0015898268808072261, 0.0014472131330470841, 0.0006192854239775225, 0.0, 0.0]","[0.00048146613795094933, 0.0002101257882891433, 0.0006517303479583157, 0.0, 0.0005225066252049638]",,0.018734555444404034,0.025049375950141537,5.0,1.96
1b,25000,4735606,neural-fore,neural-main-oracle-bellman,-11.41423851241508,-11.422462014305081,-11.44896978656228,0.01936504473815312,-11.460417501991861,-11.384506526618301,1.0,0.0347312741471999,0.026507772257199136,0.3709803666927526,0.3709803666927526,0.05265378701877219,0.04875547059358226,0.01225006492994095,nan,nan,0.045772720125088234,10.820040383108104,13.013547686408591,23175.896336116093,nan,nan,nan,nan,nan,nan,nan,nan,nan,220.0,0.0003793435924302686,40.041873466945255,20000.0,1.0,0.0,220.0,260.0,0.3340400786373261,0.3434935239625464,0.0005617966752214257,0.0014334971698496508,38.51480405889451,40.55146649184171,1.0,1.0,17904.12937390971,17057.613192713943,15.821161025251044,18.66963494315594,0.0,0.0,0.0,"[300, 100, 300, 300, 100]","[0.0, 0.0007736691855415379, 0.00028415032379342333, 0.0, 0.0008388984528163818]","[300, 300, 300, 100, 100]","[300, 300, 300, 100, 300]","[0.0002265304651948618, 0.0, 0.0007503871625426753, 0.0009238918939778045, 0.0009081738543917867]","[0.0006670818739650915, 0.0, 0.0015054143899291023, 0.0016191669531055836, 0.0033758226322484763]",,0.01936504473815312,0.023627533688660777,5.0,1.96
1b,25000,4745606,neural-fore,neural-main-oracle-bellman,-11.429016234607523,-11.439033204766396,-11.44896978656228,0.01852918771433881,-11.4753504126865,-11.402715996846291,1.0,0.019953551954756676,0.00993658179588408,0.23871079393430472,0.23871079393430472,0.04267948959156571,0.04302583582425541,0.010418841629892327,nan,nan,0.04336434831177467,10.812424639169269,12.746375844971094,23252.680290549808,nan,nan,nan,nan,nan,nan,nan,nan,nan,220.0,0.000692070990076534,40.10317458359059,20000.0,1.0,0.0,300.0,300.0,0.30580772944010526,0.3163299543569524,0.0005426722158838081,0.0008923019371460666,45.30609651617706,44.96931646594312,1.0,1.0,18168.515056299824,17011.508493725163,13.985101974281587,18.815111127421435,0.0,0.0,0.0,"[300, 100, 100, 300, 300]","[0.0, 0.001818093652987315, 0.0012876809782120528, 0.0, 0.00035458031918330236]","[300, 300, 300, 300, 300]","[300, 300, 300, 300, 300]","[0.0006929646779801765, 0.001163857299340002, 5.6253167974699686e-05, 0.0008002859341241627, 0.0]","[0.002117237967462158, 0.0019394719041837532, 0.0, 0.0003716265297260075, 3.317328435841378e-05]",,0.01852918771433881,0.016307206142322228,5.0,1.96
1b,25000,4755606,neural-fore,neural-main-oracle-bellman,-11.428813709275836,-11.432620116267111,-11.44896978656228,0.01900341728499808,-11.469866814145707,-11.395373418388516,1.0,0.020156077286443974,0.01634967029516865,0.2351045099122709,0.2351045099122709,0.030342643953919085,0.029109914576723787,0.009876553606084788,nan,nan,0.04747344040320591,10.767186838276007,12.92342811895613,23239.50029898968,nan,nan,nan,nan,nan,nan,nan,nan,nan,220.0,0.0007590993485655243,35.45358237395995,20000.0,1.0,0.0,220.0,260.0,0.3248758216416204,0.33203161608246856,0.0010458185140849855,0.0008746450382736643,33.76242909100838,37.031260083382946,1.0,1.0,18312.150122617204,17219.628742359066,14.431418166694218,17.50269671942899,0.0,0.0,0.0,"[300, 300, 100, 300, 100]","[0.0, 0.001111763730447468, 0.0013603688251942673, 0.0011083017273079373, 0.00021506245987794873]","[100, 100, 300, 300, 300]","[300, 300, 100, 300, 300]","[0.0006299292578247511, 0.0008902925474977546, 0.0010502397315127227, 0.0012018864450346802, 0.001456744588555018]","[5.4419005169874886e-05, 0.0005637089956876539, 0.0015949413257295311, 0.0009465671258493066, 0.0012135887389319545]",,0.01900341728499808,0.02180394886146308,5.0,1.96
1b,25000,4765606,neural-fore,neural-main-oracle-bellman,-11.453473340690952,-11.460416188489086,-11.44896978656228,0.01912955739747425,-11.497910120988136,-11.422922255990036,1.0,-0.004503554128671539,-0.011446401926805905,0.34009303644683675,0.34009303644683675,0.03973313809741099,0.039381157446319044,0.008518108920841134,nan,nan,0.055890528299909356,10.800969685133154,12.808333688053558,23186.322796063076,nan,nan,nan,nan,nan,nan,nan,nan,nan,180.0,0.000553192926023539,37.236217608232984,20000.0,1.0,0.0,300.0,220.0,0.3251601896783719,0.3386942114575807,0.00037153254521125423,0.0005752605771104985,43.92733862514142,38.56911569940858,1.0,1.0,18321.732371990416,17179.20040891888,14.408185902861698,17.88561550992035,0.0,0.0,0.0,"[100, 300, 300, 100, 100]","[0.0008021312986627999, 0.0, 0.001230630733713351, 0.00014520575390818293, 0.0005879968438333609]","[300, 300, 300, 300, 300]","[300, 300, 100, 300, 100]","[0.0007478524192985681, 0.0, 0.0002091717703850806, 0.0, 0.0009006385363726223]","[0.0007919436098543027, 0.0, 0.0009126813471305065, 0.00034827189514258445, 0.0008234060334250985]",,0.01912955739747425,0.021385503161156134,5.0,1.96
1b,25000,4775606,neural-fore,neural-main-oracle-bellman,-11.461110722834471,-11.475388690696176,-11.44896978656228,0.01803233989426975,-11.510732076888946,-11.440045304503407,1.0,-0.012140936272190928,-0.026418904133896248,0.3497914901923015,0.3497914901923015,0.03920963000405185,0.0391110954362708,0.006732991233066607,nan,nan,0.0454661388102288,10.915091748144924,12.575392138531646,23164.575599757754,nan,nan,nan,nan,nan,nan,nan,nan,nan,220.0,0.0007414480544669759,35.404761683032845,20000.0,1.0,0.0,300.0,180.0,0.31004345616795687,0.3249235349623955,0.0004834641710744678,0.0007196402390970057,40.467251283186485,30.992076374823228,1.0,1.0,18418.479498112905,16994.21859908026,12.886080795578371,18.271713430652547,0.0,0.0,0.0,"[300, 300, 300, 100, 100]","[0.0003302939930745827, 0.0011681536713513093, 0.0, 0.0012680743079704353, 0.000940718299938552]","[300, 300, 300, 300, 300]","[100, 300, 100, 100, 300]","[0.0, 0.0003563054630788471, 0.0013264001880647393, 0.0, 0.0007346152042287527]","[0.002173656506299592, 0.0006596524160893281, 0.000565746835568308, 0.00019914543752780044, 0.0]",,0.01803233989426975,0.015278058639655806,5.0,1.96
1b,25000,4785606,neural-fore,neural-main-oracle-bellman,-11.476976517968215,-11.493692403926156,-11.44896978656228,0.017890073601774015,-11.528756948185633,-11.458627859666679,0.0,-0.02800673140593446,-0.04472261736387573,0.22745726628996463,0.22745726628996463,0.04116134904658777,0.04086261099164432,0.008609948354483716,nan,nan,0.047652292549834774,10.936035975320099,13.274190242670313,23063.199850790385,nan,nan,nan,nan,nan,nan,nan,nan,nan,260.0,0.00028652822726345256,38.76530259179417,20000.0,1.0,0.0,300.0,260.0,0.2524750193783664,0.25754485898302926,0.00018320522425091128,0.0013006999900123997,39.6165961994091,36.46462331698276,1.0,1.0,17874.3020315495,16811.697384885596,15.856021936700552,18.63214485705384,0.0,0.0,0.0,"[300, 300, 300, 300, 100]","[7.954266982059767e-05, 0.0005608235530771634, 6.286589418570579e-06, 0.0001562339182206788, 0.0006297544057802522]","[300, 300, 300, 300, 300]","[300, 300, 300, 100, 300]","[0.0, 0.0, 0.0009160261212545563, 0.0, 0.0]","[0.004733776525368148, 4.262837966190371e-05, 0.0009163190045851309, 0.0008107760404468169, 0.0]",,0.017890073601774015,0.0198068123869701,5.0,1.96
1b,25000,4795606,neural-fore,neural-main-oracle-bellman,-11.470589664342844,-11.488386471788763,-11.44896978656228,0.019275296033734964,-11.526166052014883,-11.450606891562643,0.0,-0.021619877780564067,-0.039416685226482784,0.36189126397395555,0.36189126397395555,0.05348778461950805,0.05327250970962827,0.009378909945080104,nan,nan,0.04202223769120379,10.796269633329684,12.733687046247272,23110.29739886179,nan,nan,nan,nan,nan,nan,nan,nan,nan,260.0,0.0005278088659849985,42.71199845816009,20000.0,1.0,0.0,300.0,300.0,0.30706002962836115,0.31115935272686945,0.00025411552731222515,0.0006301719373904216,44.0094372252468,43.440903833461924,1.0,1.0,18282.60632655635,16807.78243966509,13.89894060095637,19.65736293527369,0.0,0.0,0.0,"[300, 100, 300, 300, 300]","[0.0006423391641298138, 0.0006014235074547745, 0.0005554902298489308, 0.0004910340852296456, 0.00034875734326182787]","[300, 300, 300, 300, 300]","[300, 300, 300, 300, 300]","[0.0012705776365611258, 0.0, 0.0, 0.0, 0.0]","[0.0007567103544935775, 0.0, 0.0023941493324585303, 0.0, 0.0]",,0.019275296033734964,0.027264870102112048,5.0,1.96
1b,25000,4805606,neural-fore,neural-main-oracle-bellman,-11.46423165651781,-11.474984599631442,-11.44896978656228,0.01962028590976293,-11.513440360014577,-11.436528839248307,1.0,-0.015261869955530472,-0.0260148130691622,0.28688149678753694,0.28688149678753694,0.05067910683000767,0.04861968872662428,0.010917051141852907,nan,nan,0.042802852298317054,10.82704826088214,12.872846450649384,23132.49470592887,nan,nan,nan,nan,nan,nan,nan,nan,nan,260.0,0.0009765559904884395,43.832663508760746,20000.0,1.0,0.0,260.0,220.0,0.33463171106938777,0.3401293903071691,0.0009770834734558471,0.0005658866417571102,41.52580580017529,38.38285619958769,1.0,1.0,18236.171712971438,17170.9121403682,14.698886070598064,17.75749869496413,0.0,0.0,0.0,"[300, 300, 300, 300, 100]","[0.0, 0.0018227687112084968, 0.001551309461228317, 0.0, 0.0015087017800053835]","[300, 300, 300, 300, 100]","[100, 100, 300, 300, 300]","[0.0, 0.0, 0.0010209737166708595, 0.0008418608318026742, 0.0030225828188057014]","[0.0006249640546180852, 0.0006413489842481055, 0.0, 0.0, 0.0015631201699193597]",,0.01962028590976293,0.016857806326510877,5.0,1.96
1b,25000,4815606,neural-fore,neural-main-oracle-bellman,-11.436325291004547,-11.449762050834789,-11.44896978656228,0.0178774730813872,-11.484801898074307,-11.41472220359527,1.0,0.012644495557733393,-0.0007922642725084472,0.3408900715118587,0.3408900715118587,0.045985384426997476,0.04463694272182757,0.008279662806627421,nan,nan,0.03854077373787815,11.0367485242593,12.790602433733044,23101.970466001996,nan,nan,nan,nan,nan,nan,nan,nan,nan,300.0,0.0001377674791105797,46.592741091852076,20000.0,1.0,0.0,220.0,300.0,0.2851810745534168,0.2902093298989113,0.0006280866691700972,0.001101293597572615,38.60052899122238,44.29907676663716,1.0,1.0,18308.20305875198,17001.760870542133,13.922793389883491,18.745954927397296,0.0,0.0,0.0,"[300, 300, 300, 300, 300]","[0.0, 0.0, 0.0005841300350030035, 0.00010470736054989498, 0.0]","[300, 100, 300, 100, 300]","[300, 300, 300, 300, 300]","[0.0006801357073344693, 0.0007943160801864956, 0.0, 0.0016659815583295208, 0.0]","[0.0008313322069267259, 0.0006849351172417123, 0.002853860478112856, 0.0011363401855817817, 0.0]",,0.0178774730813872,0.009127812660565096,5.0,1.96
1b,25000,4825606,neural-fore,neural-main-oracle-bellman,-11.434078370382483,-11.448428974175977,-11.44896978656228,0.01978058631693354,-11.487198923357166,-11.409659024994788,1.0,0.014891416179796835,0.0005408123863031022,0.34255689825871105,0.34255689825871105,0.03790118869027133,0.037479473967896505,0.01154967453626806,nan,nan,0.04446791063241437,10.746534276521114,12.744342078150591,23223.506992250743,nan,nan,nan,nan,nan,nan,nan,nan,nan,220.0,0.0005275799742862463,34.933646333031355,20000.0,1.0,0.0,300.0,220.0,0.34432225810096134,0.3520193912755072,0.0008024905381195373,0.0009426988371758795,39.27654212540947,33.50791568402201,1.0,1.0,18136.20119587258,17250.255019470304,14.672938772259148,17.53522699019557,0.0,0.0,0.0,"[100, 300, 300, 100, 300]","[0.001417657246001277, 0.0003002652393966885, 0.0, 0.0009199773860332663, 0.0]","[300, 300, 300, 300, 300]","[300, 100, 300, 100, 300]","[0.0008836740337532124, 0.0005912418492235957, 0.0011494237098539429, 0.0013881130977669346, 0.0]","[0.0008809527965342465, 0.0007106880251570292, 0.0013558816317872585, 0.001765971732400863, 0.0]",,0.01978058631693354,0.012225073681104301,5.0,1.96
1b,25000,4835606,neural-fore,neural-main-oracle-bellman,-11.4280049592766,-11.433106254697737,-11.44896978656228,0.018379046590012642,-11.469129186014161,-11.397083323381313,1.0,0.020964827285679277,0.015863531864543035,0.2125535260937383,0.2125535260937383,0.04168037117938224,0.041655602936046796,0.009062165231414473,nan,nan,0.032910002414639844,10.938880644819637,12.315133710658353,23136.59472717214,nan,nan,nan,nan,nan,nan,nan,nan,nan,300.0,1.457681200731629e-06,46.26924717444926,20000.0,1.0,0.0,300.0,260.0,0.28715973809610873,0.29083297613874265,0.00041929853779152596,0.00033276104508184526,44.71920986699406,41.22226598323323,1.0,1.0,17873.666417815293,16468.567046058546,14.964264866481525,20.623781574112915,0.0,0.0,0.0,"[300, 300, 300, 300, 300]","[0.0, 7.288406003658145e-06, 0.0, 0.0, 0.0]","[300, 300, 300, 300, 300]","[300, 300, 300, 300, 100]","[0.001686740750976061, 0.0, 0.0, 0.00040975193798156896, 0.0]","[0.0, 0.0, 2.534743706087445e-05, 0.00031015524308754765, 0.0013283025452608043]",,0.018379046590012642,0.020165972257351877,5.0,1.96
1b,25000,4845606,neural-fore,neural-main-oracle-bellman,-11.42925402179718,-11.441246330898146,-11.44896978656228,0.019066941779638347,-11.478617536786237,-11.403875125010055,1.0,0.01971576476510073,0.007723455664134349,0.1483949929125691,0.1483949929125691,0.03348379109983491,0.03231801495499575,0.007870561560130971,nan,nan,0.03926043907989632,10.828922747852742,12.681943629457026,23221.808970273945,nan,nan,nan,nan,nan,nan,nan,nan,nan,300.0,0.0001929414361224665,45.90730652485509,20000.0,1.0,0.0,220.0,300.0,0.32889924216701943,0.3358155732564711,0.0005573352284762914,0.00042923966529160446,38.918717308039774,43.84301099993754,1.0,1.0,18453.687324143633,17224.97889405718,13.267854836074648,17.478093714084746,0.0,0.0,0.0,"[300, 300, 300, 300, 300]","[0.0001198601577903204, 0.000604749519246269, 0.00024009750357574305, 0.0, 0.0]","[100, 300, 100, 300, 300]","[300, 300, 300, 300, 300]","[0.0009696234765851452, 0.0, 0.0017768724531094632, 4.018021268684906e-05, 0.0]","[0.0, 0.0002879818340600976, 0.0008355260432639729, 0.00019849716397543962, 0.0008241932851585122]",,0.019066941779638347,0.017939416648093058,5.0,1.96
1b,25000,4855606,neural-fore,neural-main-oracle-bellman,-11.482221658616984,-11.495091354646322,-11.44896978656228,0.018208684336858943,-11.530780375946565,-11.459402333346079,0.0,-0.033251872054703924,-0.04612156808404144,0.23696710538184296,0.23696710538184296,0.03912051510933899,0.038700310583373185,0.008733164948533495,nan,nan,0.040611086651420325,10.997343420341668,13.142143216181918,23051.270716079343,nan,nan,nan,nan,nan,nan,nan,nan,nan,260.0,0.00026759662571480553,38.582480999571274,20000.0,1.0,0.0,300.0,220.0,0.2749911604281832,0.28583700847354193,0.00021686913009731748,0.0008904460113071761,41.03697131664958,33.57811224199831,1.0,1.0,17996.53429875752,16438.30041271003,15.711741740412487,19.767809938759996,0.0,0.0,0.0,"[100, 300, 300, 300, 300]","[0.00011014403216606519, 0.0, 0.0, 0.0012278390964079627, 0.0]","[300, 300, 300, 300, 300]","[100, 300, 300, 100, 300]","[0.0, 0.0, 0.0, 0.00036232644105515036, 0.0007220192094314369]","[0.00102788666599142, 0.0, 6.154264544997662e-05, 0.0006004630268629857, 0.0027623377182314987]",,0.018208684336858943,0.019955840483018884,5.0,1.96
1b,25000,4865606,neural-fore,neural-main-oracle-bellman,-11.478396522688845,-11.491935567485452,-11.44896978656228,0.019663588257628224,-11.530476200470403,-11.453394934500501,0.0,-0.02942673612656499,-0.04296578092317205,0.4716140202465991,0.4716140202465991,0.055651592078661216,0.05521141621156315,0.008688749342372595,nan,nan,0.04713053801348034,10.808764888570828,12.708553204810888,23112.293188314645,nan,nan,nan,nan,nan,nan,nan,nan,nan,260.0,0.0005140748311407804,38.09506377486978,20000.0,1.0,0.0,180.0,220.0,0.3231400115664453,0.3288811615567978,0.00031172144672968796,0.0007826888966045097,31.11580940822605,33.82263973334339,1.0,1.0,18292.00483581523,17082.349148467376,13.521397095479722,18.142060020791106,0.0,0.0,0.0,"[100, 300, 300, 300, 300]","[0.0005054841679520837, 0.0006071096043990354, 0.0014577803833527834, 0.0, 0.0]","[300, 300, 100, 100, 100]","[300, 300, 300, 100, 100]","[0.0, 0.0, 0.0, 0.0005202434952072932, 0.0010383637384411466]","[0.0014043301901210253, 0.000577617028961154, 0.0013870566606904598, 0.0005002555824093374, 4.4185020840571576e-05]",,0.019663588257628224,0.008276779399535038,5.0,1.96
1b,25000,4875606,neural-fore,neural-main-oracle-bellman,-11.413420914694647,-11.426893753964915,-11.44896978656228,0.019567503392917206,-11.465246060615033,-11.388541447314797,1.0,0.03554887186763267,0.022076032597365014,0.31785019024148176,0.31785019024148176,0.0489407210417929,0.045887378446262464,0.008821599761619963,nan,nan,0.038042810173599236,10.827244522049472,12.561538316863636,23196.339304262034,nan,nan,nan,nan,nan,nan,nan,nan,nan,260.0,5.7651494413432755e-05,43.24071578360163,20000.0,1.0,0.0,220.0,220.0,0.35601913593435636,0.36178703829908954,0.001659267941202024,0.0012580059110346236,38.145476641948335,37.51550510812085,1.0,1.0,18240.227925987496,17327.56365269346,14.002163352450125,17.25670739509076,0.0,0.0,0.0,"[100, 300, 300, 300, 300]","[0.0, 0.0, 0.0002882574720671638, 0.0, 0.0]","[100, 300, 300, 300, 100]","[300, 300, 100, 300, 100]","[0.0025997264432414, 0.0, 0.0026202519578973353, 0.0, 0.0030763613048713848]","[0.0028618359838222824, 0.0, 0.0014171461809377249, 0.0002977491331804237, 0.0017132982572326861]",,0.019567503392917206,0.020886277453973735,5.0,1.96
1b,25000,4885606,neural-fore,neural-main-oracle-bellman,-11.449091680880988,-11.467046771591038,-11.44896978656228,0.018858258955244796,-11.504008959143318,-11.430084584038758,1.0,-0.0001218943187080157,-0.018076985028757875,0.17700625448417942,0.17700625448417942,0.033209514258368975,0.030396126365908865,0.008579782442943046,nan,nan,0.04687380323764978,10.823077153314504,12.715946053037147,23256.301546916784,nan,nan,nan,nan,nan,nan,nan,nan,nan,260.0,0.0002947930488771351,42.8326190412743,20000.0,1.0,0.0,260.0,260.0,0.3175742918811137,0.3251158613594557,0.0006904139841053779,0.0002645991428031593,41.20559674936813,41.34009111635387,1.0,1.0,18402.31232562893,17214.688137220226,13.37284727751153,18.091547597050845,0.0,0.0,0.0,"[300, 300, 300, 300, 100]","[0.0002723320999923873, 0.0, 0.0012016331443932883, 0.0, 0.0]","[300, 300, 300, 300, 100]","[300, 300, 300, 100, 300]","[0.00032586807249195064, 0.0, 0.00117117178348151, 0.00060658932366253, 0.0013484407408908988]","[1.8513071361257903e-06, 0.0, 0.0005161859955107787, 0.0008026870299495362, 2.2713814193558762e-06]",,0.018858258955244796,0.01215883398896997,5.0,1.96
1b,25000,4895606,neural-fore,neural-main-oracle-bellman,-11.428734149888058,-11.43414217664357,-11.44896978656228,0.01925623660941634,-11.471884400398027,-11.396399952889114,1.0,0.020235636674222235,0.014827609918709683,0.2861951531011734,0.2861951531011734,0.04071911978114669,0.040260937827536716,0.008845507163419197,nan,nan,0.042309441801316336,10.826595913684134,12.725738762241912,23191.90522948045,nan,nan,nan,nan,nan,nan,nan,nan,nan,260.0,0.0006060513613679165,38.07427885809447,20000.0,1.0,0.0,300.0,260.0,0.35957514226129444,0.3718400541709239,0.00021689304959330997,0.0004458413553959049,40.086124774813655,36.405545524996704,1.0,1.0,18210.206730500075,17266.32139698252,13.74675168270565,17.19301921523046,0.0,0.0,0.0,"[300, 300, 300, 100, 300]","[0.0, 0.0, 0.00038376183794006866, 0.0026464949688995137, 0.0]","[300, 300, 300, 300, 300]","[300, 300, 300, 300, 100]","[0.0, 0.0, 0.0, 0.0, 0.0010844652479665498]","[0.0, 0.0, 3.0493051849442418e-06, 0.001197931003444913, 0.0010282264683496673]",,0.01925623660941634,0.02046636378857279,5.0,1.96
1b,25000,4905606,neural-fore,neural-main-oracle-bellman,-11.438141585972467,-11.448061590630102,-11.44896978656228,0.017887605882763148,-11.483121298160318,-11.413001883099886,1.0,0.010828200589813264,0.0009081959321779465,0.31825801612499893,0.31825801612499893,0.059130873811370256,0.05247913656232752,0.00675893986524721,nan,nan,0.048457774969947104,10.851704818043608,12.721742726074766,23259.798574671673,nan,nan,nan,nan,nan,nan,nan,nan,nan,260.0,0.0005764548828457129,43.27891079983674,20000.0,1.0,0.0,300.0,220.0,0.2685302628874378,0.274169749576372,0.0008195605975612584,0.000631000121777636,44.593819866282864,38.59360619201325,0.9999999999999998,1.0,18285.352166074885,16847.945220759317,14.703450556175017,19.201957921692085,0.0,0.0,0.0,"[300, 300, 100, 300, 300]","[0.000455225831633275, 0.0006266199956863115, 0.000768456574024597, 0.0005887049309674986, 0.00044326708191688187]","[300, 300, 300, 300, 300]","[100, 300, 100, 300, 300]","[0.0009976657061220554, 4.5468058797569196e-05, 0.001260387452351256, 0.0005582668889908012, 0.0012360148815446107]","[0.0015924700622451063, 0.0, 0.0015387505317164154, 0.0, 2.37800149266579e-05]",,0.017887605882763148,0.013060845816164355,5.0,1.96
1b,25000,4915606,neural-fore,neural-main-oracle-bellman,-11.464269385518115,-11.476285048638392,-11.44896978656228,0.01866902037295957,-11.512876328569392,-11.439693768707391,1.0,-0.015299598955834881,-0.02731526207611168,0.4536990282773338,0.4536990282773338,0.046655016451249656,0.04666411086774911,0.009718328022360641,nan,nan,0.040541063185322905,10.84359893809829,12.863977498400963,23117.962107901956,nan,nan,nan,nan,nan,nan,nan,nan,nan,260.0,0.0003187317189633106,43.577961349580434,20000.0,1.0,0.0,300.0,300.0,0.30830657179650806,0.318879528239344,0.0004450109443886618,0.00046205521025136694,44.006201775325465,44.396150625147854,1.0,1.0,18254.426758881444,16965.48344477939,13.86605133259506,18.92095993720763,0.0,0.0,0.0,"[300, 300, 100, 300, 300]","[0.0, 0.00048357433827689533, 0.0011100842565396577, 0.0, 0.0]","[300, 300, 300, 300, 300]","[300, 300, 300, 300, 300]","[0.0012647864961496955, 0.0, 0.0, 0.0, 0.0009602682257936137]","[0.0, 9.988357289939138e-05, 0.0011734487174279518, 0.0, 0.0010369437609294915]",,0.01866902037295957,0.006579315681644575,5.0,1.96
1b,25000,4925606,neural-fore,neural-main-oracle-bellman,-11.473927737812069,-11.492468046074517,-11.44896978656228,0.018131774799671305,-11.528006324681874,-11.45692976746716,0.0,-0.024957951249788835,-0.04349825951223707,0.21029588622446266,0.21029588622446266,0.03696896335654877,0.036305150368886714,0.006193779536299635,nan,nan,0.037500987612290544,10.969350051989458,12.582873130810587,23108.628978168097,nan,nan,nan,nan,nan,nan,nan,nan,nan,300.0,0.00019240284044244295,46.8772271335125,20000.0,1.0,0.0,300.0,260.0,0.27734790785074165,0.28841873172599514,0.0005993927064732945,0.0007879528696358828,44.6571713674115,41.39268079979811,1.0,1.0000000000000002,18322.451407593075,16797.152347085987,13.559995989929718,19.567857285702733,0.0,0.0,0.0,"[300, 300, 300, 300, 300]","[0.0, 0.00016611159947192965, 0.0006416953297736555, 0.00013251864712640076, 2.1688625840228883e-05]","[300, 300, 300, 300, 300]","[300, 100, 300, 300, 300]","[0.0, 0.0019020823798929995, 0.0007622160776348081, 0.0, 0.00033266507483866483]","[0.0, 0.0011767786711340668, 0.0011674345805711144, 0.0, 0.001595551096474233]",,0.018131774799671305,0.023564738809422513,5.0,1.96
1b,25000,4935606,neural-fore,neural-main-oracle-bellman,-11.433706245350672,-11.452350276609097,-11.44896978656228,0.019480773591825592,-11.490532592849076,-11.414167960369118,1.0,0.015263541211608,-0.003380490046817286,0.30824413424663194,0.30824413424663194,0.0441218490263114,0.043865209310036686,0.011759045411280852,nan,nan,0.03741671400325014,10.840877601594036,12.981387699236807,23151.57273519952,nan,nan,nan,nan,nan,nan,nan,nan,nan,300.0,0.00046015924256940057,41.52535819122568,20000.0,1.0,0.0,300.0,260.0,0.35028165643484166,0.3586725885513643,0.0003460669001586491,0.000467477435297351,40.83979217542801,38.11579594975338,1.0,1.0,18208.154669825773,16857.577985532098,15.050473126454204,18.633274647941057,0.0,0.0,0.0,"[300, 300, 300, 300, 300]","[0.0005228755763507199, 0.0009632375751847065, 0.0, 0.0003636228826256543, 0.00045106017868592205]","[300, 300, 300, 300, 300]","[100, 300, 300, 300, 300]","[0.0007929047818859137, 0.0, 0.0009374297189073317, 0.0, 0.0]","[0.001405004504078679, 7.94586152222262e-05, 0.0008529240571858499, 0.0, 0.0]",,0.019480773591825592,0.016475873444063458,5.0,1.96
1b,25000,4945606,neural-fore,neural-main-oracle-bellman,-11.45173323828392,-11.466874225998524,-11.44896978656228,0.017247718573889396,-11.500679754403347,-11.4330686975937,1.0,-0.0027634517216394983,-0.017904439436243536,0.3178104676489243,0.3178104676489243,0.05606070330344126,0.056434615328230776,0.007684580485114784,nan,nan,0.05085754979575685,10.801869221799222,13.054462473557326,23199.301840111035,nan,nan,nan,nan,nan,nan,nan,nan,nan,220.0,0.0008816913009360652,34.74067838329356,20000.0,1.0,0.0,140.0,220.0,0.2575163459444352,0.26501704974335916,0.0013415629438985135,0.0004228028830171735,27.772093049809335,34.05195391702,1.0,1.0,18529.659693769383,17047.867615571788,13.051573165564445,18.940346438286888,0.0,0.0,0.0,"[100, 300, 300, 300, 100]","[0.0013094146288962433, 0.001783121118354314, 0.0002686576208261683, 2.803254351218021e-05, 0.0010192305930914203]","[100, 100, 100, 100, 300]","[300, 100, 300, 100, 300]","[0.001156595512815762, 0.0020336415803747358, 0.0016711512617793496, 0.00184642636452272, 0.0]","[0.00018326630665471406, 0.00083193632719115, 0.0, 0.0010988117812400036, 0.0]",,0.017247718573889396,0.009269131055704474,5.0,1.96
1b,25000,4955606,neural-fore,neural-main-oracle-bellman,-11.44440752710158,-11.453029196311803,-11.44896978656228,0.018100919974583896,-11.488506999461988,-11.417551393161618,1.0,0.004562259460699991,-0.004059409749523013,0.18818218798342334,0.18818218798342334,0.030356582506182405,0.028353698148807373,0.007263588681898526,nan,nan,0.04988931888125405,10.887513414555512,13.29071040993952,23142.990518487022,nan,nan,nan,nan,nan,nan,nan,nan,nan,220.0,0.0004464052122531325,39.51066639216151,20000.0,1.0,0.0,300.0,300.0,0.2918892203831919,0.3045639763615901,0.0006251371240670156,0.0005038933380646759,44.142942983214745,43.749394491384734,1.0,1.0,18202.332991949672,16929.567147056357,14.657390191368037,18.931714681762276,0.0,0.0,0.0,"[100, 300, 300, 100, 300]","[0.0008282406057903265, 0.0, 0.00018055632778008393, 0.001223229127695252, 0.0]","[300, 300, 300, 300, 300]","[300, 300, 300, 300, 300]","[0.001939358342829933, 0.00012259234095843847, 0.0, 0.0010637349365467063, 0.0]","[0.0009153468141594672, 0.0004911692273461758, 0.0, 0.0002573516672693493, 0.0008555989815483868]",,0.018100919974583896,0.01845864282866174,5.0,1.96
1b,25000,4965606,neural-fore,neural-main-oracle-bellman,-11.45697293058908,-11.46750939868702,-11.44896978656228,0.018476329842263908,-11.503723005177857,-11.431295792196181,1.0,-0.008003144026799802,-0.01853961212473898,0.24176328251096263,0.24176328251096263,0.03810170688551853,0.03541544365293947,0.009102385983383213,nan,nan,0.044265617411590484,10.859346188357694,12.657748940300404,23200.064023494673,nan,nan,nan,nan,nan,nan,nan,nan,nan,300.0,9.704153468821739e-05,45.89997416678816,20000.0,1.0,0.0,300.0,180.0,0.30982985371066113,0.3163859121606448,0.0004287154025205575,0.000685173780989398,44.388880533189514,35.75579732432961,1.0,1.0,18080.701333236422,17187.668854499345,15.295353759749878,18.672008153076966,0.0,0.0,0.0,"[300, 300, 300, 300, 300]","[0.0, 0.0, 0.00019894340248660005, 0.00028626427095448687, 0.0]","[300, 300, 300, 300, 300]","[300, 300, 100, 100, 100]","[0.0006915196306320724, 0.00016028059777210778, 0.0, 0.0007652713762613445, 0.000526505407937263]","[0.00048271356391634934, 0.00041831856872541874, 0.001590355803248739, 0.000821969800114238, 0.0001125111689422454]",,0.018476329842263908,0.020733792975367014,5.0,1.96
1b,25000,4975606,neural-fore,neural-main-oracle-bellman,-11.415376451910339,-11.423939732299429,-11.44896978656228,0.019367646152351328,-11.461900318758037,-11.385979145840821,1.0,0.033593334651941475,0.02503005426285121,0.24215655481839832,0.24215655481839832,0.039370646016916415,0.03940570602712609,0.009679189808787762,nan,nan,0.04806552629184407,10.776746710259372,12.843431471060548,23249.119197988213,nan,nan,nan,nan,nan,nan,nan,nan,nan,260.0,0.0003534418000155694,41.677145058172755,20000.0,1.0,0.0,220.0,220.0,0.34094247758485835,0.3478063059743556,0.0007784663634060131,0.00028375122999852885,37.505291349743494,36.901343175745566,1.0,1.0000000000000002,18109.66236919676,17051.45816949323,15.734591395653036,18.76944346367118,0.0,0.0,0.0,"[300, 100, 300, 300, 300]","[0.0, 0.0007363611478476012, 0.0010308478522302457, 0.0, 0.0]","[300, 300, 300, 100, 100]","[300, 100, 300, 100, 300]","[0.0, 0.00026894883677384854, 0.0, 0.002685218839129445, 0.0009381641411267723]","[0.0, 0.0003101426563248013, 0.0, 0.0007087659031891099, 0.0003998475904787333]",,0.019367646152351328,0.017602157323179348,5.0,1.96
1b,25000,4985606,neural-fore,neural-main-oracle-bellman,-11.476113472031734,-11.48890475556746,-11.44896978656228,0.017404343843210025,-11.523017269500153,-11.454792241634769,0.0,-0.027143685469454226,-0.039934969005180676,0.2931966726681183,0.2931966726681183,0.047916060969773,0.04846516335894519,0.0059639529709763165,nan,nan,0.045434401723164826,10.965355425292886,13.636061912237786,22991.463126751292,nan,nan,nan,nan,nan,nan,nan,nan,nan,220.0,0.00015190205865616338,40.15332433402072,20000.0,1.0,0.0,300.0,260.0,0.2216627089543751,0.22687119534849992,0.0006537038147490161,0.0007089119694810376,44.02114694986958,40.75799114995171,1.0,1.0,18360.725886059834,16526.593322821085,13.192231719636311,20.980884679261653,0.0,0.0,0.0,"[100, 100, 300, 300, 300]","[0.0005101359705747763, 0.0, 0.0, 0.0002493743227060406, 0.0]","[300, 300, 300, 300, 300]","[300, 300, 300, 300, 100]","[0.0, 0.0006653811581351224, 0.0, 0.0015060055958792868, 0.0010971323197306719]","[0.0, 0.00029008720549776736, 0.00032305423697319543, 0.0007484401080515961, 0.002182978296882629]",,0.017404343843210025,0.016199110969438605,5.0,1.96
1b,25000,4995606,neural-fore,neural-main-oracle-bellman,-11.4211616553374,-11.432011933149768,-11.44896978656228,0.01858212829546939,-11.468432904608889,-11.395590961690647,1.0,0.027808131224880128,0.01695785341251188,0.2882985140500921,0.2882985140500921,0.039086916148385185,0.03932430466207611,0.009747556351489025,nan,nan,0.03796663788728935,10.969258626374831,12.613671822551154,23145.90150932166,nan,nan,nan,nan,nan,nan,nan,nan,nan,300.0,0.0002164015578523777,40.704822308034636,20000.0,1.0,0.0,220.0,180.0,0.31326555231311914,0.3218008473626789,0.00067444118827799,0.0005966475150364027,33.489525041216986,30.425188890867865,1.0,1.0,18282.27387542911,16859.463029415485,13.21900655929247,19.020027773050366,0.0,0.0,0.0,"[300, 300, 300, 300, 300]","[0.0, 0.0001376704394341913, 3.5133404823871545e-05, 0.0, 0.0009092039450038258]","[100, 100, 300, 300, 300]","[300, 100, 100, 100, 300]","[0.0007196565446394683, 0.001639582573342625, 0.0, 0.0010129668234078566, 0.0]","[0.0, 0.0006491149134774374, 0.0012182898811428635, 0.0011158327805617122, 0.0]",,0.01858212829546939,0.009817540870541278,5.0,1.96
1b,25000,5005606,neural-fore,neural-main-oracle-bellman,-11.426784152720868,-11.439002439025487,-11.44896978656228,0.01939733201822095,-11.4770212097812,-11.400983668269774,1.0,0.0221856338414117,0.009967347536793625,0.17864366441801607,0.17864366441801607,0.030240453849078485,0.029413744995516144,0.007669034046799521,nan,nan,0.03621524503373029,10.917873372670986,12.667894047336963,23150.986953506526,nan,nan,nan,nan,nan,nan,nan,nan,nan,260.0,0.0005183301480591497,43.107509792223574,20000.0,1.0,0.0,260.0,300.0,0.36287792659849216,0.3713784833933231,0.000739635254831394,0.0006736250779378458,41.64461122453213,43.8864947329741,1.0,1.0,18406.36671465326,17203.544183788188,13.209873424768427,17.373391157813224,0.0,0.0,0.0,"[300, 300, 100, 300, 300]","[0.0002606567800496378, 0.0018519526619668345, 0.0004790412982792764, 0.0, 0.0]","[300, 300, 300, 100, 300]","[300, 300, 300, 300, 300]","[0.001275772272628249, 0.0, 0.0008336485206033941, 0.0015887554809253268, 0.0]","[0.0023619048973296244, 0.0, 0.000417868059920882, 0.0005883524324387223, 0.0]",,0.01939733201822095,0.01377770032622648,5.0,1.96
1b,25000,5015606,neural-fore,neural-main-oracle-bellman,-11.434953604793563,-11.445037393474275,-11.44896978656228,0.01910915378742789,-11.482491334897633,-11.407583452050917,1.0,0.014016181768717217,0.003932393088005526,0.2294984691286457,0.2294984691286457,0.033336937798401814,0.031228677855149455,0.007613685498742271,nan,nan,0.047545312668416106,10.786867744739743,13.017391839354588,23181.022874966267,nan,nan,nan,nan,nan,nan,nan,nan,nan,220.0,0.00043878188161431417,39.665323125058784,20000.0,1.0,0.0,180.0,260.0,0.3351392428512149,0.34402668944026454,0.001588409991084459,0.00038012711343137835,36.272900099796246,42.049742957926355,1.0,1.0,18323.655603512325,17151.38480783219,13.501888245656698,17.87500798727109,0.0,0.0,0.0,"[100, 300, 100, 300, 300]","[0.00026844642696038836, 0.0008960582961143021, 0.0010294046849968804, 0.0, 0.0]","[100, 300, 300, 100, 100]","[300, 100, 300, 300, 300]","[0.002836486415136228, 0.0, 0.0023399953707279966, 0.001652818577087064, 0.001112749592471006]","[7.674074846450202e-05, 0.0006823509964436359, 0.0003947058083153271, 0.0007331882935375355, 1.3649720395891016e-05]",,0.01910915378742789,0.01581584108183736,5.0,1.96
1b,25000,5025606,neural-fore,neural-main-oracle-bellman,-11.428656353236576,-11.436475853297054,-11.44896978656228,0.01821591260761427,-11.472179042007978,-11.40077266458613,1.0,0.02031343332570401,0.012493933265226076,0.20165930880422528,0.20165930880422528,0.03953466327210796,0.03920346399116242,0.007494674904273234,nan,nan,0.04307222081570971,10.903475792442938,12.870645849166014,23147.955368668798,nan,nan,nan,nan,nan,nan,nan,nan,nan,260.0,0.0001821494585592488,42.24037229940295,20000.0,1.0,0.0,300.0,220.0,0.2933347635070332,0.30008783164779185,0.0003511278765418612,0.0009739028547179468,44.20355104957707,38.1439120252151,1.0,1.0,18202.614045539412,16803.663649839866,13.747185846753705,19.93066070713569,0.0,0.0,0.0,"[300, 100, 300, 300, 300]","[0.0003942004672843368, 0.0004185937876193219, 0.0, 0.0, 9.795303789258533e-05]","[300, 300, 300, 300, 300]","[300, 100, 100, 300, 300]","[0.0, 0.0008645707730276944, 0.0008910686096816116, 0.0, 0.0]","[0.00046825713039196526, 0.0009897831335514981, 0.0019492361746433443, 0.0007450511664469808, 0.0007171866685559468]",,0.01821591260761427,0.012961212886162086,5.0,1.96
1b,25000,5035606,neural-fore,neural-main-oracle-bellman,-11.431828383545797,-11.444214566791773,-11.44896978656228,0.018627716940650844,-11.480724891995449,-11.407704241588098,1.0,0.017141403016482926,0.004755219770506969,0.18798684241186464,0.18798684241186464,0.037999908606531775,0.03631388867681233,0.011425413327944015,nan,nan,0.043981931818096835,10.872510764668245,12.552991577274833,23272.199960332575,nan,nan,nan,nan,nan,nan,nan,nan,nan,300.0,0.00038618789604521895,44.88301744188648,20000.0,1.0,0.0,300.0,220.0,0.32173067881717676,0.33131582873037674,0.000369502116385881,0.00023359816337588791,44.37643059238326,38.21007828307338,1.0,1.0,18274.50413048832,17186.673744582564,14.2116189073849,17.9498415840865,0.0,0.0,0.0,"[300, 300, 300, 300, 300]","[0.0, 0.001026352140194747, 0.00033806708985641365, 0.0005665202501749342, 0.0]","[300, 300, 300, 300, 300]","[300, 300, 300, 100, 100]","[0.0, 0.0, 0.00033165620334293575, 0.00046259289432736906, 0.0010532614842591003]","[0.0004471784486756495, 0.0, 0.0, 0.0003725336052519199, 0.0003482787629518701]",,0.018627716940650844,0.016771715355624987,5.0,1.96
1b,25000,5045606,neural-fore,neural-main-oracle-bellman,-11.454358893341567,-11.470169098818436,-11.44896978656228,0.018450533353404283,-11.50633214419111,-11.434006053445763,1.0,-0.005389106779286834,-0.021199312256156233,0.247431819137169,0.247431819137169,0.04861021881666967,0.04746797940998311,0.0067271702669920615,nan,nan,0.04347747012117389,10.922902596834376,12.8431341732812,23048.48443126195,nan,nan,nan,nan,nan,nan,nan,nan,nan,220.0,0.0005583077412424462,39.93295712484978,20000.0,1.0,0.0,260.0,140.0,0.3117462853764249,0.326043434370267,0.0018039701152814229,0.0009185268776343078,41.6994496582076,32.100271425233224,1.0,1.0,18154.760062827834,16822.091433838454,13.390196969168368,18.05370780815688,0.0,0.0,0.0,"[300, 300, 300, 100, 100]","[0.0011087442462415387, 0.00010325165534465378, 0.0, 0.0005409840039000102, 0.0010385588007260284]","[100, 300, 300, 300, 300]","[100, 100, 300, 100, 100]","[0.0061388361347597155, 0.0005319084444892181, 0.0015674627049085982, 0.0, 0.0007816432922495825]","[0.001823957492053227, 0.0007781630170803921, 0.0003349001621410037, 0.0013499605640781064, 0.0003056531528188099]",,0.018450533353404283,0.010384853358664717,5.0,1.96
1b,25000,5055606,neural-fore,neural-main-oracle-bellman,-11.467267134256614,-11.480757419148214,-11.44896978656228,0.019387472554207245,-11.51875686535446,-11.442757972941967,1.0,-0.01829734769433422,-0.03178763258593342,0.18089492622402736,0.18089492622402736,0.037507265283822006,0.03681909715407385,0.005769640079375874,nan,nan,0.04876353496398557,10.828706384317906,12.655950190449676,23200.323046808615,nan,nan,nan,nan,nan,nan,nan,nan,nan,260.0,0.00033814245027375593,42.198535650013945,20000.0,1.0,0.0,260.0,260.0,0.33891649573476773,0.34768890668849506,0.00046091926557853964,0.0005276357071806367,41.37216651639901,40.754924425063656,1.0,0.9999999999999998,18344.42603722574,17318.301469766182,13.47503150204831,17.061337434298444,0.0,0.0,0.0,"[300, 100, 300, 300, 300]","[0.0, 0.0008168426582040602, 0.000422685784511288, 0.0004431787952809762, 8.005013372455326e-06]","[300, 100, 300, 300, 300]","[300, 100, 300, 300, 300]","[0.0, 0.002303391516284849, 1.2048116078491075e-06, 0.0, 0.0]","[0.000300114862913145, 0.0007867808700736488, 0.0, 0.0008426311622156611, 0.0007086516407007289]",,0.019387472554207245,0.012389978833693655,5.0,1.96
1b,25000,5065606,neural-fore,neural-main-oracle-bellman,-11.462457651050798,-11.477762634900554,-11.44896978656228,0.019638538545342768,-11.516254170449425,-11.439271099351682,1.0,-0.013487864488517687,-0.028792848338273558,0.2120888106386542,0.2120888106386542,0.04558068404721359,0.04432727404505387,0.00870572254000623,nan,nan,0.046663312263754565,10.845274352320683,12.80535394682737,23151.247865760237,nan,nan,nan,nan,nan,nan,nan,nan,nan,260.0,0.0004198066602132927,42.54560632526409,20000.0,1.0,0.0,260.0,260.0,0.326884165621586,0.3351363426765148,0.0006659472323080698,0.00040509951228620046,40.74504118345212,41.130554850189945,1.0,1.0,18175.538084708194,17168.376661080387,13.661569496681802,17.69474595521816,0.0,0.0,0.0,"[300, 300, 100, 300, 300]","[0.0006302256326116182, 0.0007075663679419745, 0.000761241300512871, 0.0, 0.0]","[300, 300, 300, 300, 100]","[100, 300, 300, 300, 300]","[0.001029801367783245, 0.0013677643988600724, 0.0, 0.00027013267970601524, 0.0006620377151910165]","[0.0002445283100364408, 5.7764234199841864e-05, 0.0015004638465061298, 0.0, 0.00022274117068858971]",,0.019638538545342768,0.019371380903086242,5.0,1.96
1b,25000,5075606,neural-fore,neural-main-oracle-bellman,-11.44375509031245,-11.45518066586268,-11.44896978656228,0.017974274896049997,-11.490410244658937,-11.419951087066421,1.0,0.005214696249829842,-0.006210879300398986,0.26024715746836113,0.26024715746836113,0.03736174740098273,0.035903987131497554,0.011888517813018891,nan,nan,0.051805362370420625,10.878678036067518,12.79128171342442,23189.128938620943,nan,nan,nan,nan,nan,nan,nan,nan,nan,220.0,0.0005781631984166071,35.36080174180679,20000.0,1.0,0.0,300.0,300.0,0.26373155112276436,0.2730276146556972,0.00031915728220939516,0.0006831001425337561,40.63946419153363,39.393068274809046,1.0,1.0,18258.131137254426,16823.856737604357,14.946323581461428,19.976347586509522,0.0,0.0,0.0,"[100, 100, 300, 300, 300]","[0.00032853499453402253, 0.0010948084682777055, 0.0, 0.0011887263074768888, 0.0002787462217944184]","[300, 300, 300, 300, 300]","[300, 300, 300, 300, 300]","[0.0, 0.00020882502310139522, 0.0003777539999508375, 0.000982584390614348, 2.6622997380395084e-05]","[0.001658648838217933, 0.0004541111337793902, 0.0013027407406714575, 0.0, 0.0]",,0.017974274896049997,0.015445630862206497,5.0,1.96
1b,25000,5085606,neural-fore,neural-main-oracle-bellman,-11.452766388172249,-11.456623991802282,-11.44896978656228,0.018231544838866097,-11.49235781968646,-11.420890163918104,1.0,-0.0037966016099684197,-0.007654205240001488,0.24792791424135413,0.24792791424135413,0.029893823321145353,0.029660141238187988,0.008105513416426983,nan,nan,0.03814871760580847,10.955816174007229,12.755388782745593,23069.634710919894,nan,nan,nan,nan,nan,nan,nan,nan,nan,300.0,0.0003102347371960352,45.44781470024027,20000.0,1.0,0.0,260.0,300.0,0.2873213118037719,0.29598106212849234,0.0006897390932936115,0.0005483618468011037,41.63521609141026,44.4873251917772,1.0,1.0,18381.215164111964,16759.092286076542,13.600531664146231,18.735394420107397,0.0,0.0,0.0,"[300, 300, 300, 300, 300]","[1.8552760169109572e-05, 0.0007231081772316433, 0.0004950545326708669, 0.0, 0.0003144582159085564]","[300, 300, 100, 300, 300]","[300, 300, 300, 300, 300]","[0.0, 0.0005782678333928625, 0.0010903051240485405, 0.0, 0.0017801225090266545]","[0.0, 0.0010249753565582229, 0.0004093968058927545, 0.0, 0.0013074370715545408]",,0.018231544838866097,0.02021038952665963,5.0,1.96
1b,25000,5095606,neural-fore,neural-main-oracle-bellman,-11.451209585527074,-11.464678845485812,-11.44896978656228,0.019269506609019126,-11.50244707843949,-11.426910612532135,1.0,-0.002239798964794204,-0.015709058923532027,0.22606056291792612,0.22606056291792612,0.042941662324787494,0.04301919609484008,0.00842344184526159,nan,nan,0.04151262720056059,10.989838615926828,13.171395915000376,22986.176206638724,nan,nan,nan,nan,nan,nan,nan,nan,nan,260.0,0.0004170938544630432,42.53390061703976,20000.0,1.0,0.0,220.0,220.0,0.3110290063196155,0.3220995008596337,0.0008861114059617855,0.0006044140746086782,38.4814019838348,38.33754955881741,1.0,1.0,17700.572869765467,16440.59319478403,16.716233629928535,19.799516663697396,0.0,0.0,0.0,"[300, 300, 300, 300, 100]","[0.0, 0.0, 0.001611040263434582, 0.0, 0.00047442900888063376]","[300, 300, 100, 300, 100]","[300, 300, 100, 300, 100]","[0.0, 0.0, 0.0010767874167573834, 0.0009497304623242972, 0.002404039150727247]","[0.0, 5.372079678240192e-05, 0.0019778949591222578, 0.0, 0.0009904546171387316]",,0.019269506609019126,0.02003389553933964,5.0,1.96
1b,25000,5105606,neural-fore,neural-main-oracle-bellman,-11.455990945923961,-11.46717208681877,-11.44896978656228,0.0194027349187898,-11.505201447259598,-11.429142726377943,1.0,-0.0070211593616811285,-0.01820230025649039,0.1961524234718836,0.1961524234718836,0.03959298740238783,0.03775027809862149,0.011244706471852368,nan,nan,0.05100801839742479,10.797832720283974,12.8208520837038,23189.933315062903,nan,nan,nan,nan,nan,nan,nan,nan,nan,180.0,0.0005888856526722651,36.248998700035735,20000.0,1.0,0.0,260.0,260.0,0.3274303266512558,0.3368994195490288,0.0010632398608350067,0.001130692784148965,41.29672332496848,41.308840008359404,1.0,1.0,18195.169836802146,17248.120006188194,13.772863904607172,16.824956324077313,0.0,0.0,0.0,"[100, 300, 100, 300, 100]","[0.00043679612392574926, 0.0001231588641030852, 0.0010110073430733043, 0.0, 0.0013734659322591869]","[300, 300, 100, 300, 300]","[300, 300, 100, 300, 300]","[0.0012687619240757044, 0.00042073431157387567, 0.0030418661027476024, 0.0, 0.0005848369657778505]","[0.00026573936491653397, 0.0004897344712730636, 0.004897990084555228, 0.0, 0.0]",,0.0194027349187898,0.02301724517194728,5.0,1.96
1b,25000,5115606,neural-fore,neural-main-oracle-bellman,-11.442603218290463,-11.46160914011091,-11.44896978656228,0.019718593338238017,-11.500257583053857,-11.422960697167964,1.0,0.00636656827181703,-0.012639353548630439,0.31518610396210606,0.31518610396210606,0.05056221693017353,0.04873384621328571,0.007874402914967311,nan,nan,0.046349291916348165,10.830672563368458,12.889561628259354,23187.31973394459,nan,nan,nan,nan,nan,nan,nan,nan,nan,180.0,0.0005133900414344634,36.671344091766514,20000.0,1.0,0.0,260.0,260.0,0.35928423342073634,0.36958175426387807,0.0003664644465983061,0.0005498053174301912,41.38300995859318,41.337632874399425,1.0,1.0,18396.848728940193,17555.202598637316,13.359382567147719,16.456703140068168,0.0,0.0,0.0,"[100, 300, 100, 100, 300]","[0.0007208342798528458, 9.594560343453455e-05, 0.0010690136294307213, 0.0006811566944542149, 0.0]","[100, 300, 300, 300, 300]","[300, 300, 100, 300, 300]","[0.0006349272501111492, 0.0, 0.0, 0.0, 0.0011973949828803813]","[0.00038172084305358956, 0.0, 0.0011829892252027893, 0.0, 0.001184316518894577]",,0.019718593338238017,0.015537149429650766,5.0,1.96
1b,25000,5125606,neural-fore,neural-main-oracle-bellman,-11.432614978831849,-11.443560279328214,-11.44896978656228,0.019767152525423593,-11.482303898278044,-11.404816660378383,1.0,0.01635480773043163,0.005409507234066524,0.40958263497161085,0.40958263497161085,0.04712316001960161,0.04667003859412466,0.011368770325687802,nan,nan,0.05798507908445227,10.73599823836216,12.578239072460427,23274.744767811742,nan,nan,nan,nan,nan,nan,nan,nan,nan,180.0,0.0004351218354918117,35.98774191699922,20000.0,1.0,0.0,300.0,220.0,0.33775811903219993,0.3472797967316791,0.0006708802826347271,0.0011302047176309066,43.76935160025023,37.52384609959554,1.0,1.0,18087.447808212855,17018.28440683962,14.898658698723008,18.56152656212124,0.0,0.0,0.0,"[100, 300, 300, 100, 100]","[0.0006410480597386456, 0.00048195245815695336, 0.0, 0.0006682865964887929, 0.00038432206307466646]","[300, 300, 300, 300, 300]","[300, 300, 300, 100, 100]","[0.0011344088332848434, 0.0, 0.0005276893746401382, 0.0011444110270350059, 0.000547892178213648]","[0.0017984542114570347, 3.7691407471763215e-06, 0.0, 0.0011965332661812533, 0.002652266969769069]",,0.019767152525423593,0.02064414190713121,5.0,1.96
1b,25000,5135606,neural-fore,neural-main-oracle-bellman,-11.437653852435846,-11.447100118291745,-11.44896978656228,0.0184990050529934,-11.483358168195613,-11.410842068387877,1.0,0.011315934126434612,0.0018696682705350298,0.2573196958568299,0.2573196958568299,0.03952591343286348,0.03872368641038351,0.011554972214135279,nan,nan,0.04964878832572979,10.899108124301632,12.754749540109676,23197.799648097065,nan,nan,nan,nan,nan,nan,nan,nan,nan,220.0,0.00024676530088294554,39.555246500414796,20000.0,1.0,0.0,260.0,260.0,0.31941181114824796,0.3339804720155802,0.0008684145324622911,6.760338515951149e-05,41.53370200023055,41.439074691780846,1.0,1.0,18298.966795832617,17177.674380810873,13.373756344576808,17.531369551984017,0.0,0.0,0.0,"[300, 300, 100, 100, 300]","[0.0, 0.0, 0.0006080996632980638, 0.0006257268411166641, 0.0]","[300, 100, 300, 300, 300]","[300, 300, 300, 100, 300]","[0.00019462854460659023, 0.0008761310503938757, 0.002926781474372602, 0.0, 0.00034453159293838776]","[0.0, 4.1845608773790354e-05, 0.0, 0.00029617131702376707, 0.0]",,0.0184990050529934,0.02846804088920497,5.0,1.96
1b,25000,5145606,neural-fore,neural-main-oracle-bellman,-11.432026147206432,-11.44374595044637,-11.44896978656228,0.01820125960766604,-11.479420419277396,-11.408071481615345,1.0,0.01694363935584775,0.005223836115909819,0.2767744356717172,0.2767744356717172,0.04609528104986539,0.0458334364134701,0.0072386028456173,nan,nan,0.047053875341941165,10.836520694664593,12.379407783777049,23332.18260922947,nan,nan,nan,nan,nan,nan,nan,nan,nan,260.0,0.0005342695416114857,38.194145058677535,20000.0,1.0,0.0,300.0,220.0,0.33924485911821034,0.3512662274166819,0.00011826901355629525,0.00040040414512274817,39.737694099801594,34.82461050022393,1.0,1.0,18360.531858475995,17512.858798818164,14.327062352404429,16.746680161017956,0.0,0.0,0.0,"[300, 300, 100, 300, 300]","[0.001030030500182512, 0.0005001068075591248, 0.0011412104003157915, 0.0, 0.0]","[300, 300, 300, 300, 300]","[300, 100, 100, 300, 300]","[0.0, 0.0, 0.0005913450677814762, 0.0, 0.0]","[0.0003813287494145565, 0.0006464543815822897, 0.0008332426060728826, 0.0, 0.00014099498854401208]",,0.01820125960766604,0.012798004355603094,5.0,1.96
1b,25000,5155606,neural-fore,neural-main-oracle-bellman,-11.450647918710178,-11.459657812085908,-11.44896978656228,0.01989634380425998,-11.498654645942258,-11.420660978229558,1.0,-0.001678132147898026,-0.010688025523627687,0.18417689582148794,0.18417689582148794,0.0323116528077597,0.03158132007107044,0.007782318943631032,nan,nan,0.03773241063547712,10.786909711058115,13.09499797006218,23126.161226302298,nan,nan,nan,nan,nan,nan,nan,nan,nan,300.0,0.0003446058604969093,47.61463299198076,20000.0,1.0,0.0,180.0,260.0,0.3572265524201417,0.3625801379034235,0.0009432829995732466,0.0007526332765244049,36.57786748334765,41.97215648326092,1.0,1.0,18129.382660221425,17051.853638522916,14.7417318952269,18.141793127819916,0.0,0.0,0.0,"[300, 300, 300, 300, 300]","[0.0, 0.0007748202678445506, 0.0006691116343844405, 0.0, 0.00027909740025555544]","[100, 300, 100, 100, 300]","[300, 300, 300, 100, 300]","[0.0012259856679626994, 0.0, 0.0012034934712951621, 0.0022869358586083714, 0.0]","[0.0005640832319001527, 0.0007046662885837108, 0.0015703829695713175, 0.0009240338925668435, 0.0]",,0.01989634380425998,0.01582698700969406,5.0,1.96
1b,25000,5165606,neural-fore,neural-main-oracle-bellman,-11.42695435544998,-11.437381329548801,-11.44896978656228,0.018510163957463553,-11.47366125090543,-11.401101408192172,1.0,0.02201543111229931,0.011588457013479214,0.22353010751589752,0.22353010751589752,0.04847784310340318,0.044897686518832566,0.007842623945192017,nan,nan,0.045962995203244005,10.855348411813045,12.66453628468022,23200.885312953025,nan,nan,nan,nan,nan,nan,nan,nan,nan,260.0,0.0005340143889343028,44.184761841222645,20000.0,1.0,0.0,220.0,260.0,0.31466085701627905,0.32860234424948276,0.000598375490819709,0.0009708479156043647,40.59635215040762,43.88188030794263,1.0,1.0,18248.029964007423,16867.833058028737,14.199374160545986,18.940999234978573,0.0,0.0,0.0,"[300, 300, 300, 300, 100]","[0.0, 0.0009040775416290531, 0.00037622995411671766, 0.0, 0.001389764448925743]","[300, 300, 300, 100, 100]","[300, 300, 300, 300, 100]","[0.0, 0.0, 0.0, 0.0014178620843518944, 0.0015740153697466508]","[0.0024240829216388834, 0.001425436276159974, 0.0, 0.00010686791732079955, 0.0008978524629021675]",,0.018510163957463553,0.005030470460410022,5.0,1.96
1b,25000,5175606,neural-fore,neural-main-oracle-bellman,-11.470384373293465,-11.482271552614929,-11.44896978656228,0.01824702963867712,-11.518035730706735,-11.446507374523122,1.0,-0.02141458673118457,-0.033301766052648674,0.24606603264676727,0.24606603264676727,0.03866532241745459,0.038515287999091576,0.0051877420162548885,nan,nan,0.032355969600756804,10.963334010559342,12.696027602561571,23105.100505667524,nan,nan,nan,nan,nan,nan,nan,nan,nan,300.0,0.00011566135064865227,45.59681962477043,20000.0,1.0,0.0,260.0,220.0,0.28387488387862586,0.29073309552756116,0.00023039434175744976,0.0005420781952710077,41.49687915800605,38.48807757482864,1.0,1.0,18343.00525524626,16751.822611418822,13.511118184247405,19.51154734131569,0.0,0.0,0.0,"[300, 300, 300, 300, 300]","[0.0005783067532432614, 0.0, 0.0, 0.0, 0.0]","[100, 300, 300, 300, 300]","[300, 100, 300, 300, 100]","[0.0009715030904011737, 0.0, 4.540753190272454e-05, 0.00013506108648335066, 0.0]","[0.0006204467759072617, 0.001362145169003577, 0.0, 0.0, 0.0007277990314441999]",,0.01824702963867712,0.01088143338026085,5.0,1.96
1b,25000,5185606,neural-fore,neural-main-oracle-bellman,-11.442628730598045,-11.455354810319035,-11.44896978656228,0.018695290584774756,-11.491997579865194,-11.418712040772876,1.0,0.006341055964234954,-0.006385023756754649,0.34802863301682,0.34802863301682,0.04306613665683799,0.04275902726624317,0.010106832001984757,nan,nan,0.04187488755728643,10.8261721317796,12.716030268131586,23216.884367070168,nan,nan,nan,nan,nan,nan,nan,nan,nan,260.0,0.0002300745474581853,44.194817849854005,20000.0,1.0,0.0,260.0,260.0,0.31488051906712383,0.31980084049801194,0.0008494622634674806,0.00031196121589345397,44.44194135840517,44.46852577421814,1.0,1.0,18367.250409475833,17039.208508017422,13.849333295117418,18.227050094505177,0.0,0.0,0.0,"[300, 300, 300, 300, 100]","[0.0, 0.0, 7.306744653534858e-05, 0.0006148825519356126, 0.0004624227388199651]","[300, 300, 300, 300, 100]","[300, 300, 100, 300, 300]","[0.0, 0.0019173696934358514, 0.0013015848724501347, 3.399706527438168e-05, 0.000994359686177035]","[0.0, 0.00025023160837437666, 0.001115752988745712, 0.000193821482347181, 0.0]",,0.018695290584774756,0.017491374123956842,5.0,1.96
1b,25000,5195606,neural-fore,neural-main-oracle-bellman,-11.434105570665466,-11.440962437448295,-11.44896978656228,0.01863011500645687,-11.47747746286095,-11.40444741203564,1.0,0.014864215896814414,0.00800734911398493,0.23587200290190022,0.23587200290190022,0.037396489860982554,0.03609934192585117,0.005494124078965475,nan,nan,0.04730778470770749,10.828560034167932,12.797790132011603,23244.129604538888,nan,nan,nan,nan,nan,nan,nan,nan,nan,220.0,0.0001757872785318617,42.42880912560504,20000.0,1.0,0.0,300.0,220.0,0.3213695394058392,0.3300132366423259,0.00021052642539907957,0.0005854169044422783,50.73311244964134,43.93352833339013,1.0,1.0,18389.255148460572,17317.623826646526,13.379484779231172,17.058114078723392,0.0,0.0,0.0,"[100, 100, 300, 300, 300]","[0.0, 0.0, 0.0003314670539120854, 0.0, 0.0005474693387472231]","[300, 300, 300, 300, 300]","[100, 300, 100, 300, 300]","[0.0, 0.0, 0.0002490276260504575, 0.0008036045009449403, 0.0]","[0.0025052561802322818, 0.0, 0.0, 0.0004218283419791097, 0.0]",,0.01863011500645687,0.029120230625090494,5.0,1.96
1b,25000,5205606,neural-fore,neural-main-oracle-bellman,-11.471268633988265,-11.483618653253815,-11.44896978656228,0.018839965345742005,-11.520544985331469,-11.446692321176162,1.0,-0.022298847425984647,-0.03464886669153522,0.292917739127334,0.292917739127334,0.04836147739626478,0.047355499998393454,0.008582407514835477,nan,nan,0.039870919164108044,10.826625486567053,12.841959789852716,23180.203704276213,nan,nan,nan,nan,nan,nan,nan,nan,nan,260.0,0.00020245801911250198,48.52700890025589,20000.0,1.0,0.0,260.0,260.0,0.33760153108116053,0.3484387182061404,0.0006971197894316455,0.00014744573816629904,45.63580952498596,50.816656991955824,1.0,1.0,18536.954918176,17300.58355586393,12.79165676402782,17.53221966370771,0.0,0.0,0.0,"[100, 300, 300, 300, 300]","[0.0007648916802789618, 0.0, 0.0, 0.00024739841528354797, 0.0]","[300, 100, 300, 300, 300]","[100, 300, 300, 300, 300]","[0.001497610838648824, 0.0019879881085094037, 0.0, 0.0, 0.0]","[0.0007372286908314951, 0.0, 0.0, 0.0, 0.0]",,0.018839965345742005,0.014674950252388241,5.0,1.96
1b,25000,5215606,neural-fore,neural-main-oracle-bellman,-11.415380786171982,-11.427585988961344,-11.44896978656228,0.02025691296053881,-11.467289538364,-11.387882439558688,1.0,0.03358900039029855,0.02138379760093656,0.29659775560327006,0.29659775560327006,0.05149270141783242,0.050257937111978526,0.009136793172961488,nan,nan,0.04106828600904017,10.671911546382479,12.898965348329584,23214.0751172226,nan,nan,nan,nan,nan,nan,nan,nan,nan,220.0,0.0005693713790219716,54.392192792217244,20000.0,1.0,0.0,220.0,260.0,0.3728068032071136,0.38438590602897815,0.0006535286881149185,0.0011812863605739844,51.52358861700632,51.716214474593286,1.0,1.0,18125.00165303056,17349.146429383713,14.804103454792255,17.45077768752704,0.0,0.0,0.0,"[300, 300, 100, 300, 100]","[0.0, 0.001346634881215789, 0.000777936308575218, 0.0, 0.0007222857053188512]","[100, 300, 300, 300, 100]","[300, 300, 300, 100, 300]","[0.002001796784491474, 0.0, 0.0, 0.0, 0.001265846656083118]","[0.00427152477317231, 0.00048728051256677265, 0.0, 0.0006026043837185431, 0.0005450221334122966]",,0.02025691296053881,0.028455809736063625,5.0,1.96
1b,25000,5225606,neural-fore,neural-main-oracle-bellman,-11.397881029687873,-11.40631102955012,-11.44896978656228,0.0201597354317881,-11.445824110996424,-11.366797948103814,0.0,0.05108875687440673,0.04265875701216082,0.3746528760599273,0.3746528760599273,0.05523409784732079,0.05252615678750496,0.013554730234547962,nan,nan,0.038540246476549224,10.66820513901592,12.569051587516062,23312.552693028825,nan,nan,nan,nan,nan,nan,nan,nan,nan,260.0,0.00021739125099592263,51.00324146684725,20000.0,1.0,0.0,260.0,300.0,0.36425339007244,0.3709278021836691,0.001436980184650842,0.000601321763418047,49.388650708738716,57.410464583639985,1.0,1.0,18159.23062149061,17204.880756062303,15.10751616183541,17.775287763625833,0.0,0.0,0.0,"[300, 300, 300, 300, 100]","[0.0, 0.00023645469348789256, 0.0, 0.0, 0.0008505015614917206]","[300, 100, 300, 300, 300]","[300, 300, 300, 300, 300]","[0.0, 0.0024533537583199955, 0.001041648966944682, 0.0015466400544663266, 0.002143258143523205]","[0.0008721080108031743, 0.00026743878197427813, 0.0003034933004865891, 0.0005449583638657475, 0.0010186103599604454]",,0.0201597354317881,0.008407320900746439,5.0,1.96
1b,25000,5235606,neural-fore,neural-main-oracle-bellman,-11.439180699481124,-11.450829936279307,-11.44896978656228,0.018056019376153115,-11.486219734256567,-11.415440138302047,1.0,0.009789087081156111,-0.001860149717026971,0.36408133762056755,0.36408133762056755,0.06619630538636337,0.061980276782354696,0.008581391944676298,nan,nan,0.03608396450352157,10.935236661033446,12.955198053453923,23027.46133333012,nan,nan,nan,nan,nan,nan,nan,nan,nan,300.0,0.0005724315616336053,63.2157281499356,20000.0,1.0,0.0,260.0,260.0,0.27560628711739393,0.28115875935023243,0.00031469478227902446,0.00022748757624069526,54.96282569144387,59.5363254084019,1.0,1.0,18201.113331269,16440.395012108627,14.187015715893116,20.542275070935823,0.0,0.0,0.0,"[300, 300, 300, 300, 300]","[0.0006923504310183354, 0.0, 0.0, 0.0010437109828011764, 0.0011260963943485142]","[300, 300, 300, 300, 100]","[300, 300, 300, 300, 100]","[0.0, 0.0001429573870154895, 0.0, 0.0004297796082275214, 0.0010007369161521113]","[0.0, 0.00011462773906933199, 0.0, 4.522056956523783e-05, 0.0009775895725689064]",,0.018056019376153115,0.016495949836204612,5.0,1.96
1b,25000,5245606,neural-fore,neural-main-oracle-bellman,-11.419636900496497,-11.438374236620461,-11.44896978656228,0.019149481753569647,-11.475907220857458,-11.400841252383465,1.0,0.02933288606578266,0.01059554994181866,0.30434520864001463,0.30434520864001463,0.04945170808018478,0.045946439726456255,0.005807584895073026,nan,nan,0.0387194296636544,10.802168246530009,12.729236040542036,23173.965809143567,nan,nan,nan,nan,nan,nan,nan,nan,nan,260.0,0.0003117825336171463,54.919907241407785,20000.0,1.0,0.0,300.0,300.0,0.32874845066333247,0.3357912196796957,0.00011618122219913301,0.00044404761174773237,55.418354049394836,60.38680321702268,1.0,1.0,18363.095244677144,17009.209354795552,13.702830074892233,18.75386894588034,0.0,0.0,0.0,"[300, 100, 300, 300, 300]","[0.0002685561209639739, 0.0007565997161830388, 0.0002284060490894845, 0.0, 0.0003053507818492344]","[300, 300, 300, 300, 300]","[300, 300, 300, 300, 300]","[0.0, 0.0, 0.0005809061109956651, 0.0, 0.0]","[0.0, 0.0, 0.0012773233676672123, 0.0009429146910714496, 0.0]",,0.019149481753569647,0.013861987433994293,5.0,1.96
1b,25000,5255606,neural-fore,neural-main-oracle-bellman,-11.443373797559163,-11.453223940796667,-11.44896978656228,0.018214556996931086,-11.488924472510652,-11.417523409082682,1.0,0.005595989003117197,-0.004254154234386576,0.35398660815428507,0.35398660815428507,0.053016343695016475,0.048610939239018616,0.013985678455633253,nan,nan,0.04471811501029372,10.90859476765079,12.826350601442993,23140.368120081937,nan,nan,nan,nan,nan,nan,nan,nan,nan,220.0,0.0004902600534163885,55.79599469183013,20000.0,1.0,0.0,180.0,260.0,0.2904301097309647,0.3021457276285302,0.0013780011983994076,0.0005940576634886612,51.45509043342899,62.349672257970084,1.0,1.0,18187.884649450316,16885.23910429394,14.476403781826843,19.188834255583654,0.0,0.0,0.0,"[300, 300, 100, 300, 100]","[0.0004048085778816669, 0.0007630467373807928, 0.000200223994414078, 5.466265482022086e-06, 0.0010777546919233827]","[300, 100, 100, 100, 300]","[300, 300, 300, 100, 300]","[9.944119824596492e-05, 0.0011097434310131044, 0.0008694217694674937, 0.0048113995932704745, 0.0]","[0.0002363552068317228, 0.00129055779666698, 0.001170682905459267, 0.00027269240848533664, 0.0]",,0.018214556996931086,0.008595814409132674,5.0,1.96
1b,25000,5265606,neural-fore,neural-main-oracle-bellman,-11.446605721372777,-11.461442658341003,-11.44896978656228,0.018298497422634254,-11.497307713289366,-11.42557760339264,1.0,0.0023640651895036058,-0.012472871778722805,0.15408068775405476,0.15408068775405476,0.03364228624677646,0.032778778593748545,0.010978637577223284,nan,nan,0.04707565981899517,10.881973095446053,12.825248887786195,23171.058923480745,nan,nan,nan,nan,nan,nan,nan,nan,nan,260.0,0.0001300100741997838,58.02517695026472,20000.0,1.0,0.0,260.0,300.0,0.3120435104221273,0.32351831240378537,0.0005064976497579281,0.00030989872250908356,63.10831048323307,62.9407633081777,1.0,1.0,17745.520294647766,16726.453605448216,16.917892461006005,18.98919420120262,0.0,0.0,0.0,"[300, 300, 300, 300, 100]","[0.0, 0.0, 0.0, 2.1775308250139373e-05, 0.0006282750627487796]","[300, 300, 300, 100, 300]","[300, 300, 300, 300, 300]","[0.0012867191204196365, 0.0, 0.0, 0.0012457691283700042, 0.0]","[0.0008129396571417409, 7.698252095811873e-05, 0.0, 0.0005245163957208316, 0.00013505503872472655]",,0.018298497422634254,0.031238743453727683,5.0,1.96
1b,25000,5275606,neural-fore,neural-main-oracle-bellman,-11.43536672944947,-11.446976857942778,-11.44896978656228,0.019337531762281028,-11.484878420196848,-11.409075295688707,1.0,0.01360305711281029,0.001992928619502621,0.20264251280411777,0.20264251280411777,0.03577402567588216,0.035613289266689586,0.006386327698137349,nan,nan,0.051271214455036546,10.792741625354957,12.574119121882152,23278.52367319501,nan,nan,nan,nan,nan,nan,nan,nan,nan,220.0,0.0006122318786898737,50.85213050842285,20000.0,1.0,0.0,300.0,260.0,0.3450846937342164,0.3578050100056926,2.0787778604971597e-06,0.0007773085336279008,59.79261523385067,55.823012533667494,1.0,1.0,18280.68408828311,17063.590488193917,13.984300932616602,18.335670645592234,0.0,0.0,0.0,"[300, 300, 100, 300, 100]","[0.0005805029910818794, 0.0011039895120710914, 0.0004548160480437146, 0.0, 0.000921850842252683]","[300, 300, 300, 300, 300]","[300, 100, 300, 300, 300]","[0.0, 0.0, 0.0, 0.0, 1.0393889302485798e-05]","[0.0010523089552787468, 0.0020200163975083573, 0.0001448136447374865, 0.0, 0.0006694036706149134]",,0.019337531762281028,0.024951127838008954,5.0,1.96
1b,25000,5285606,neural-fore,neural-main-oracle-bellman,-11.475560105417063,-11.494202033654812,-11.44896978656228,0.01835339225824608,-11.530174682480974,-11.45822938482865,0.0,-0.026590318854783135,-0.04523224709253171,0.24031589126313033,0.24031589126313033,0.04442449214825041,0.04353778783124249,0.007626607410507371,nan,nan,0.04450832063351738,10.854378449054492,12.746425889273027,23135.441368194817,nan,nan,nan,nan,nan,nan,nan,nan,nan,300.0,4.4515970519052645e-05,60.87360179179814,20000.0,1.0,0.0,260.0,300.0,0.3051661944912096,0.31593262402007555,0.00053817135447361,0.00027186399619906113,52.71132396683097,54.173549349932,1.0,1.0,18599.813740914215,16972.08693048727,12.56686530214986,18.12499548961797,0.0,0.0,0.0,"[300, 300, 300, 300, 300]","[0.0, 0.0, 0.00022257985259526323, 0.0, 0.0]","[100, 300, 300, 300, 300]","[300, 300, 300, 300, 300]","[0.0016697560205832138, 0.0, 0.0007676373025789979, 0.0, 0.00025346344920583827]","[0.0, 0.0007678100541403855, 3.9690894639306736e-05, 0.0005518190322156134, 0.0]",,0.01835339225824608,0.026172734698023354,5.0,1.96
1b,25000,5295606,neural-fore,neural-main-oracle-bellman,-11.45628641006795,-11.469644949280191,-11.44896978656228,0.01876010300973709,-11.506414751179276,-11.432875147381106,1.0,-0.007316623505669639,-0.020675162717910922,0.28123184286712255,0.28123184286712255,0.04548217235253137,0.04553205032118311,0.008019825074180285,nan,nan,0.036496469644929995,10.911470865241675,13.041785006065702,23028.901690405335,nan,nan,nan,nan,nan,nan,nan,nan,nan,300.0,0.0005307420533149581,64.85799170800018,20000.0,1.0,0.0,260.0,180.0,0.3021718236676218,0.30967113799662616,0.0007333893029020022,0.0011693387602658184,58.17588793339674,49.05362630020827,1.0,1.0,18300.4369471251,16931.056241719583,13.09807474565431,18.899818141083568,0.0,0.0,0.0,"[300, 300, 300, 300, 300]","[0.0, 0.0009552724963504584, 0.0007296332487431365, 0.0009688045214811957, 0.0]","[300, 300, 300, 100, 300]","[100, 300, 100, 300, 100]","[0.0, 0.0002806895649767382, 0.0, 0.0021283570489403123, 0.0012578999005929603]","[0.0022754334143648704, 0.0, 0.0016488725468272038, 0.0004011816910933892, 0.0015212061490436288]",,0.01876010300973709,0.014764291205780511,5.0,1.96
1b,25000,5305606,neural-fore,neural-main-oracle-bellman,-11.455035337879718,-11.463403443065207,-11.44896978656228,0.018744009435277688,-11.500141701558352,-11.426665184572062,1.0,-0.0060655513174374676,-0.01443365650292705,0.20938724423324437,0.20938724423324437,0.03512363157126862,0.03470987469792518,0.007728601320150167,nan,nan,0.05087990782492084,10.85037228191987,12.766463718639525,23262.09793132186,nan,nan,nan,nan,nan,nan,nan,nan,nan,180.0,0.0007308408203806141,47.16722981659696,20000.0,1.0,0.0,260.0,180.0,0.33479578420333356,0.3496084031331974,0.0012224544309054912,0.0014148422427072347,52.06822074917145,42.912546241655946,1.0,1.0,18432.734789823204,17287.97519381152,13.282808733802977,17.75761677439241,0.0,0.0,0.0,"[300, 100, 100, 300, 100]","[0.0005126532339454733, 0.0003526248795296265, 0.0010105250662548672, 0.0005521407023415093, 0.0012262602198315942]","[300, 100, 300, 300, 300]","[300, 100, 300, 100, 100]","[0.000583604704213727, 0.002825638844182135, 0.0, 0.00045937597077481523, 0.002243652635356779]","[0.0005649623374698821, 0.002283982349665519, 0.000299350548614713, 0.0018894861695895504, 0.0020364298081965095]",,0.018744009435277688,0.03348593515271595,5.0,1.96
1b,25000,5315606,neural-fore,neural-main-oracle-bellman,-11.43159595447503,-11.439872644780486,-11.44896978656228,0.018219050643490466,-11.475581984041728,-11.404163305519244,1.0,0.017373832087249852,0.009097141781793994,0.19544996045148963,0.19544996045148963,0.038311801011253324,0.03722513903360168,0.006665780105001122,nan,nan,0.0488941468129816,10.868927922907513,12.708964521068719,23242.96952350635,nan,nan,nan,nan,nan,nan,nan,nan,nan,260.0,0.0008216846105410062,60.99653525773901,20000.0,1.0,0.0,300.0,180.0,0.29531252978699707,0.30654422253239233,0.0008495289526020763,0.0009708580254226471,61.6483950499678,49.42875575006474,1.0,1.0,18255.135972030483,17085.54894640763,14.232242582956772,18.178837543830713,0.0,0.0,0.0,"[300, 300, 300, 300, 100]","[0.0005785606761967505, 0.0010340026330031098, 0.0006515752810174535, 0.0004858563560571339, 0.001358428106430584]","[300, 300, 300, 300, 300]","[100, 100, 300, 300, 100]","[0.000837585892508154, 0.00309002416567514, 0.0003200347048270874, 0.0, 0.0]","[0.001257257281576067, 0.0003162953414859203, 0.0019206162271734452, 0.0, 0.0013601212768778027]",,0.018219050643490466,0.012130531627121844,5.0,1.96
1b,25000,5325606,neural-fore,neural-main-oracle-bellman,-11.445580243488997,-11.45612527712855,-11.44896978656228,0.01969440287631284,-11.494726306766122,-11.417524247490977,1.0,0.0033895430732826526,-0.007155490566269407,0.29926136073184384,0.29926136073184384,0.059464183895890275,0.06026780152142155,0.013689310133647298,nan,nan,0.04325947872185179,10.760382883993962,12.640198454418384,23162.809403334835,nan,nan,nan,nan,nan,nan,nan,nan,nan,220.0,0.0005772603133962775,56.01273622531444,20000.0,1.0,0.0,300.0,260.0,0.3310224381044026,0.33565670950583043,0.001423668672216763,0.0005066748914258854,60.641883416636844,59.03518268379848,1.0,1.0,18324.122549962733,16894.53325856424,13.732904442031051,18.575699946788696,0.0,0.0,0.0,"[300, 300, 300, 100, 100]","[0.0, 0.0008728814884331052, 0.0, 0.0011674348386024275, 0.000845985239945855]","[300, 300, 300, 300, 300]","[300, 300, 300, 100, 300]","[0.001218336864189042, 0.0018631375125887691, 0.0011257381854564432, 0.001973513335174098, 0.0009376174636754628]","[5.637427349397088e-06, 0.0, 0.001019692258109785, 0.00043600808542154033, 0.0010720366862487043]",,0.01969440287631284,0.01245201475106173,5.0,1.96
1b,25000,5335606,neural-fore,neural-main-oracle-bellman,-11.456143949171347,-11.473067466658442,-11.44896978656228,0.01877876465929559,-11.509873845390661,-11.436261087926223,1.0,-0.00717416260906667,-0.024097680096161866,0.18088307401831352,0.18088307401831352,0.033016770627543886,0.03173712721361047,0.005451115919129061,nan,nan,0.05159798925624462,10.778422477245641,13.00854029252888,23189.25989665808,nan,nan,nan,nan,nan,nan,nan,nan,nan,260.0,0.00021174407101520908,53.338142291735856,20000.0,1.0,0.0,220.0,220.0,0.30899130166662764,0.3168877170257844,0.00047168299726654486,0.00041875554885613197,50.60253290019464,50.879522941121834,1.0,1.0,18297.739701089868,17017.08616254901,14.41588661347615,18.034163030612426,0.0,0.0,0.0,"[300, 100, 300, 300, 300]","[0.0, 0.0009114166619822664, 0.0, 0.000147303693093779, 0.0]","[300, 100, 100, 300, 300]","[100, 100, 300, 300, 300]","[0.0, 0.001185948810549433, 0.0006623783761826939, 0.0005100877996005975, 0.0]","[0.0008400058061379103, 0.00027288852958915974, 0.0005461565356615704, 0.0, 0.0004347268728920195]",,0.01877876465929559,0.01648864461259392,5.0,1.96
1b,25000,5345606,neural-fore,neural-main-oracle-bellman,-11.440371927919688,-11.448990044422988,-11.44896978656228,0.018351349017244282,-11.484958688496787,-11.413021400349189,1.0,0.00859785864259166,-2.0257860708028375e-05,0.29418888777802643,0.29418888777802643,0.04244352214683582,0.03712508376808508,0.009847026987722156,nan,nan,0.040378578987903084,10.980722972980214,12.447280057539016,23112.994890120142,nan,nan,nan,nan,nan,nan,nan,nan,nan,300.0,0.000465616555087813,62.867080566566436,20000.0,1.0,0.0,220.0,220.0,0.3065656487546078,0.32058663628745454,0.0009545493157969663,0.0012295221578651188,52.57720758302603,50.823213750123976,1.0,1.0,18276.72790240022,17065.51495801563,14.349454500082567,18.10047989496208,0.0,0.0,0.0,"[300, 300, 300, 300, 300]","[0.0006576012774838886, 0.0, 0.0, 3.9462739675541394e-05, 0.0016310187582796352]","[300, 300, 300, 100, 100]","[300, 300, 100, 300, 100]","[0.00045135223599914153, 0.0007978965065971272, 0.0, 0.0016461713054580786, 0.0018773265309304846]","[0.0, 0.0, 0.0015380335334425797, 0.00011207346395255392, 0.00449750379193046]",,0.018351349017244282,0.007488392253748948,5.0,1.96
1b,25000,5355606,neural-fore,neural-main-oracle-bellman,-11.436619250537726,-11.452394841623816,-11.44896978656228,0.018693982407674344,-11.489035047142858,-11.415754636104774,1.0,0.01235053602455416,-0.0034250550615357866,0.228548142006683,0.228548142006683,0.03420035541959169,0.032128666383625416,0.010172399043077538,nan,nan,0.045064423474011586,10.825647877007452,12.82285304513494,23197.283484085125,nan,nan,nan,nan,nan,nan,nan,nan,nan,260.0,0.00015803861209684749,54.006574532995,20000.0,1.0,0.0,260.0,260.0,0.31617569373272814,0.3267893897024528,0.00045719534390119916,0.00048421148640187615,51.027498849737455,51.21959014134482,1.0,1.0,18328.88123706416,16842.481907734676,13.442756173298097,19.3570190486895,0.0,0.0,0.0,"[300, 300, 300, 300, 100]","[0.0, 0.0, 0.00016447733334786933, 8.544100993852704e-06, 0.0006171716261425153]","[300, 100, 300, 300, 300]","[100, 300, 300, 300, 300]","[0.0, 0.001065817749952993, 0.00041150769559348345, 0.00044614372384130685, 0.00036250755011821246]","[0.001814799335030267, 0.0, 0.0006062580969791139, 0.0, 0.0]",,0.018693982407674344,0.015460295724460123,5.0,1.96
1b,25000,5365606,neural-fore,neural-main-oracle-bellman,-11.459147991408566,-11.46992912446686,-11.44896978656228,0.018881351199859685,-11.506936572818585,-11.432921676115136,1.0,-0.01017820484628551,-0.020959337904580266,0.22647088412456595,0.22647088412456595,0.038348461171343995,0.03777599384903231,0.006053657315882333,nan,nan,0.03839718911643024,10.87233550474151,12.538301843209547,23184.062938621737,nan,nan,nan,nan,nan,nan,nan,nan,nan,260.0,0.00026551423920115113,54.64273783324752,20000.0,1.0,0.0,300.0,220.0,0.3123228603439065,0.3261028540137117,0.00037247004503603487,0.0003823494587162713,56.725411166646516,48.44232216686942,1.0,1.0,18202.480116554896,17080.57253884244,13.689430413491099,18.607680791638636,0.0,0.0,0.0,"[300, 300, 300, 100, 300]","[7.847418714521085e-05, 0.0, 0.0, 0.0010157987449962462, 0.00023329826386429874]","[300, 300, 300, 300, 300]","[300, 300, 100, 100, 300]","[0.0002946255032933751, 0.0, 0.0, 0.0012888063012794278, 0.0002789184206073713]","[0.0, 0.0, 0.00019339040383442674, 0.0009624324769398039, 0.0007559244128071258]",,0.018881351199859685,0.015664406003790106,5.0,1.96
1b,25000,5375606,neural-fore,neural-main-oracle-bellman,-11.464951022350363,-11.472974413902932,-11.44896978656228,0.01806438341820346,-11.50838060540261,-11.437568222403254,1.0,-0.015981235788082415,-0.024004627340652007,0.24695218539770006,0.24695218539770006,0.032308720119610765,0.03237177723140271,0.007236651703021564,nan,nan,0.04093105670427428,11.038096961958534,12.69356707905188,23070.65561105715,nan,nan,nan,nan,nan,nan,nan,nan,nan,260.0,0.0001792694245306664,54.59218204978388,20000.0,1.0,0.0,260.0,220.0,0.2769868837213737,0.2877852019655866,0.0007731175965940043,0.0008092611143600051,52.22437962505501,49.262036733236165,1.0,1.0,18076.838861505148,16772.187122733445,14.06994956610406,19.076963257047044,0.0,0.0,0.0,"[100, 300, 300, 300, 300]","[0.0003935626780030422, 0.0003688689470661582, 0.0, 0.00013391549758413147, 0.0]","[300, 300, 100, 300, 300]","[300, 300, 100, 300, 100]","[0.0012824167125668313, 0.0, 0.0016685299818267093, 0.0, 0.0009146412885764811]","[0.0010316628466049973, 0.0013425942175921352, 0.0005233997131046468, 0.0, 0.001148648794498247]",,0.01806438341820346,0.021711157659438738,5.0,1.96
1b,25000,5385606,neural-fore,neural-main-oracle-bellman,-11.429666035777993,-11.438979293145008,-11.44896978656228,0.01897791416976798,-11.476176004917754,-11.401782581372263,1.0,0.019303750784287033,0.00999049341727165,0.25177512814143194,0.25177512814143194,0.03772107776110443,0.037662592019451976,0.006281233291278816,nan,nan,0.05116906329782571,10.681135956309545,12.670009936723325,23297.34422282788,nan,nan,nan,nan,nan,nan,nan,nan,nan,220.0,0.0005349007979926566,47.96427692547441,20000.0,1.0,0.0,260.0,220.0,0.3260164798806585,0.3325218525802681,0.0004687253401840138,0.0005049567430436463,49.90330276673194,44.976227333047426,1.0,1.0,18324.001621962772,17017.820799943078,13.90301418044539,19.424595467229203,0.0,0.0,0.0,"[300, 300, 100, 300, 100]","[0.0006495107198114061, 0.00027965532356388203, 0.0013098322245212255, 9.190336905106279e-05, 0.0003436023530157063]","[100, 300, 300, 300, 300]","[300, 300, 100, 300, 100]","[0.0018493165730581814, 0.0, 0.0004943101278618876, 0.0, 0.0]","[0.0001833056696870702, 0.0, 0.00028572124459486114, 0.0004203836305799319, 0.0016353731703563688]",,0.01897791416976798,0.008892188637256658,5.0,1.96
1b,25000,5395606,neural-fore,neural-main-oracle-bellman,-11.430087953267657,-11.437445101394134,-11.44896978656228,0.018739907028499626,-11.474175319169994,-11.400714883618274,1.0,0.018881833294623007,0.011524685168145865,0.2957217202765455,0.2957217202765455,0.04560876207873388,0.044390949261805666,0.006316792109038119,nan,nan,0.034596556322684054,10.860713647968756,12.951932379871701,23190.595434289407,nan,nan,nan,nan,nan,nan,nan,nan,nan,300.0,0.00031118015770873153,49.06805045865476,20000.0,1.0,0.0,300.0,220.0,0.32910820382171113,0.33634973127693524,0.00014779836284881386,0.0008128889861558671,46.72568930794951,39.025380866788325,1.0,1.0,18305.633933495632,17090.56170743349,13.721603661180103,18.743954532112458,0.0,0.0,0.0,"[300, 300, 300, 300, 300]","[0.0006781694819624601, 0.00011257670023014739, 0.0, 0.0, 0.0007651546063510502]","[300, 300, 300, 300, 300]","[300, 300, 100, 100, 300]","[0.00014700694630215063, 0.0, 0.0, 0.0005919848679419186, 0.0]","[0.0, 0.00017161208442160748, 0.001861777044897997, 0.002031055801459732, 0.0]",,0.018739907028499626,0.010852395703291523,5.0,1.96
1b,25000,5405606,neural-fore,neural-main-oracle-bellman,-11.426082342385417,-11.445327673649404,-11.44896978656228,0.018749634432024615,-11.482076957136172,-11.408578390162635,1.0,0.02288744417686317,0.0036421129128765273,0.2454126971802379,0.2454126971802379,0.04869858427712034,0.048411901512413126,0.009584290537345915,nan,nan,0.05093443636860227,10.840602868475557,12.454913948087784,23246.835007931724,nan,nan,nan,nan,nan,nan,nan,nan,nan,220.0,0.0003714204759512471,45.57084866743535,20000.0,1.0000000000000004,0.0,260.0,220.0,0.3288182524142553,0.3396381487895837,0.0010285844977677545,0.0005855062082866723,45.23534584201407,42.411854566843246,1.0,1.0,18453.998705944927,17211.851723860178,13.294132117443592,17.837779452921396,0.0,0.0,0.0,"[300, 300, 100, 100, 300]","[0.0, 0.0, 0.00037489034211463313, 0.0011214110139703343, 0.0003608010236712679]","[300, 300, 100, 300, 300]","[300, 300, 100, 100, 300]","[0.0011981908912281187, 0.00020594865771381927, 0.0014889150349326704, 0.0015163421554661202, 0.0007335257494980439]","[0.0008583204191001922, 0.0001703726311128626, 0.001123737576558003, 0.0007431776004475773, 3.1922814214725804e-05]",,0.018749634432024615,0.021702139050033042,5.0,1.96
1b,25000,5415606,neural-fore,neural-main-oracle-bellman,-11.42060968930046,-11.429982177370775,-11.44896978656228,0.01853348718103122,-11.466307812245596,-11.393656542495954,1.0,0.028360097261820982,0.018987609191505328,0.3232399200018447,0.3232399200018447,0.046175488919290665,0.04557910440544762,0.012785149736354903,nan,nan,0.046953088653860955,10.868554604776575,13.446902721356134,23162.399164134236,nan,nan,nan,nan,nan,nan,nan,nan,nan,260.0,0.0002788158118346033,45.415490383468565,20000.0,1.0,0.0,220.0,180.0,0.30839072575471854,0.31713657666285994,0.000752074053709319,0.0007188118654785193,41.53343787482008,36.355324991839005,1.0,1.0,17862.87532629902,16706.902987243655,14.800507594042003,19.252717393596193,0.0,0.0,0.0,"[100, 300, 300, 300, 300]","[0.0010659620368970002, 0.00032811702227601643, 0.0, 0.0, 0.0]","[100, 300, 100, 300, 300]","[100, 300, 300, 100, 100]","[0.002511051052771188, 3.0602742038888644e-07, 0.0007176599587739356, 0.0, 0.0005313532295810832]","[0.0013042066229774433, 0.0006326633434226849, 0.0, 0.0005835494257485071, 0.0010736399352439614]",,0.01853348718103122,0.02339656321545967,5.0,1.96
1b,25000,5425606,neural-fore,neural-main-oracle-bellman,-11.45268252475744,-11.470168676759007,-11.44896978656228,0.020345206169941205,-11.510045280852092,-11.430292072665923,1.0,-0.00371273819516027,-0.02119889019672705,0.2898629209683791,0.2898629209683791,0.05222917497901029,0.052340549161761805,0.018081052887445704,nan,nan,0.03892560806549793,10.785744991166217,13.098403789616926,23066.235695463216,nan,nan,nan,nan,nan,nan,nan,nan,nan,260.0,0.00029907577233110303,42.097197233256885,20000.0,1.0,0.0,260.0,180.0,0.3552552814138231,0.36077270023531216,0.0009781642475657835,0.0006265676968275247,38.94674714962021,30.809757958259432,1.0,1.0,18145.81410148672,17076.915718106582,15.012866729781638,17.86226359308708,0.0,0.0,0.0,"[300, 100, 300, 300, 300]","[0.000864207152124639, 0.0006185123985031393, 0.0, 1.2659311027736915e-05, 0.0]","[300, 300, 300, 300, 100]","[100, 100, 300, 300, 100]","[0.0, 0.0019308077133669867, 0.0015597582870951765, 0.0004828216873990129, 0.0009174335499677411]","[0.0007493384264059503, 0.0017074445231628004, 0.0006015762620386973, 7.447927253017562e-05, 0.0]",,0.020345206169941205,0.018917789779528283,5.0,1.96
