example_id,n,seed,ratio_mode,nuisance_method,plugin_estimate,if_estimate,truth,estimated_se,ci_lower,ci_upper,covered,plugin_error,if_error,reward_rmse,reward_rmse_grid,reward_rmse_stationary,reward_rmse_rho_weighted,bellman_residual_rmse,q_nu_bellman_rmse,q_eval_bellman_rmse,ratio_q01,ratio_q50,ratio_q99,weight_ess,pi0_action0_q01,pi0_action0_q50,pi0_action0_q99,pi_ratio_q01,pi_ratio_q50,pi_ratio_q99,nu_ratio_q01,nu_ratio_q50,nu_ratio_q99,fore_selected_iterations,fore_apbv_score,fore_fit_seconds,fore_training_rows,fore_normalized_mass,fore_logit_cap_fraction,signed_positive_iterations,signed_negative_iterations,signed_positive_mass,signed_negative_mass,signed_positive_apbv_score,signed_negative_apbv_score,signed_positive_fit_seconds,signed_negative_fit_seconds,signed_positive_normalized_mass,signed_negative_normalized_mass,signed_positive_ess,signed_negative_ess,signed_positive_ratio_q99,signed_negative_ratio_q99,signed_positive_logit_cap_fraction,signed_negative_logit_cap_fraction,ratio_failure,fore_selected_iterations_by_fold,fore_apbv_scores_by_fold,signed_positive_iterations_by_fold,signed_negative_iterations_by_fold,signed_positive_apbv_scores_by_fold,signed_negative_apbv_scores_by_fold,failure_message,iid_estimated_se,fold_cluster_estimated_se,crossfit_fold_count,ci_critical_value
1a,2500,253005,neural-fore,neural-main-oracle-bellman,-12.688485414083669,-12.689760934178262,-12.586673112426368,0.13008261686307054,-12.94472286322988,-12.434799005126644,1.0,-0.10181230165730071,-0.10308782175189357,0.8989181025874255,0.8989181025874255,0.1174446544713333,0.10347927705442028,0.04401155818024247,nan,nan,0.29291174721320756,9.319794279183654,30.001761297411715,1625.1088785816612,nan,nan,nan,nan,nan,nan,nan,nan,nan,180.0,0.016172559350248396,6.174383616598789,2000.0,1.0,0.0,nan,nan,nan,nan,nan,nan,nan,nan,nan,nan,nan,nan,nan,nan,nan,nan,0.0,"[100, 300, 100, 100, 300]","[0.010248278058838805, 0.004327354182012747, 0.050766164549302696, 0.010824563225934775, 0.004696436735152941]","[null, null, null, null, null]","[null, null, null, null, null]","[null, null, null, null, null]","[null, null, null, null, null]",,0.13008261686307054,0.08579344857171917,5.0,1.96
1a,2500,263005,neural-fore,neural-main-oracle-bellman,-12.667282290833748,-12.590643200866888,-12.586673112426368,0.13279044526932918,-12.850912473594773,-12.330373928139002,1.0,-0.08060917840738036,-0.0039700884405196035,0.7421158474781742,0.7421158474781742,0.12889463280940472,0.11140810104389656,0.033023931117785496,nan,nan,0.28914189051464495,9.085402110594423,32.816811654880055,1554.2663104984417,nan,nan,nan,nan,nan,nan,nan,nan,nan,180.0,0.01326493852964145,6.388467200170271,2000.0,1.0,0.0,nan,nan,nan,nan,nan,nan,nan,nan,nan,nan,nan,nan,nan,nan,nan,nan,0.0,"[100, 300, 300, 100, 100]","[0.01947472394819465, 0.0, 0.006305916773100032, 0.030593754262254472, 0.009950297664658094]","[null, null, null, null, null]","[null, null, null, null, null]","[null, null, null, null, null]","[null, null, null, null, null]",,0.13279044526932918,0.1179010416009788,5.0,1.96
1a,2500,273005,neural-fore,neural-main-oracle-bellman,-12.645495338288672,-12.45138038936719,-12.586673112426368,0.12488918853103183,-12.696163198888012,-12.206597579846367,1.0,-0.05882222586230412,0.1352927230591785,0.8188676669500357,0.8188676669500357,0.11831463104427739,0.11075915908646261,0.046458224257285644,nan,nan,0.30158799744075837,9.541656255836845,29.457722680736236,1631.1575911744742,nan,nan,nan,nan,nan,nan,nan,nan,nan,180.0,0.012622612775703188,6.268704808608163,2000.0,1.0,0.0,nan,nan,nan,nan,nan,nan,nan,nan,nan,nan,nan,nan,nan,nan,nan,nan,0.0,"[300, 100, 100, 100, 300]","[0.010139586896445618, 0.008839873050842268, 0.03642424374845132, 0.007709360182776742, 0.0]","[null, null, null, null, null]","[null, null, null, null, null]","[null, null, null, null, null]","[null, null, null, null, null]",,0.12488918853103183,0.05502215632303756,5.0,1.96
1a,2500,283005,neural-fore,neural-main-oracle-bellman,-12.62853967979546,-12.705684225420917,-12.586673112426368,0.13607162578201631,-12.97238461195367,-12.438983838888165,1.0,-0.04186656736909278,-0.11901111299454925,1.0709761311950927,1.0709761311950927,0.1337336555118963,0.1183663797995429,0.04369397355919919,nan,nan,0.25193437928723084,8.91708287388125,34.51239308679219,1551.352311508209,nan,nan,nan,nan,nan,nan,nan,nan,nan,140.0,0.02196941403700624,6.127716275176499,2000.0,1.0,0.0,nan,nan,nan,nan,nan,nan,nan,nan,nan,nan,nan,nan,nan,nan,nan,nan,0.0,"[100, 300, 100, 100, 100]","[0.0, 0.0, 0.0039194457202897815, 0.025541371962339972, 0.08038625250240146]","[null, null, null, null, null]","[null, null, null, null, null]","[null, null, null, null, null]","[null, null, null, null, null]",,0.13607162578201631,0.15114096541700583,5.0,1.96
1a,2500,293005,neural-fore,neural-main-oracle-bellman,-12.564642216952867,-12.534939700150982,-12.586673112426368,0.12157363200110914,-12.773224018873156,-12.296655381428808,1.0,0.022030895473500678,0.05173341227538586,0.617876241600987,0.617876241600987,0.13824870062541125,0.13122922216816116,0.04014502666988757,nan,nan,0.40197060421482816,9.422795118374726,27.97252161043278,1697.4073391399606,nan,nan,nan,nan,nan,nan,nan,nan,nan,100.0,0.01580395555179213,5.372059691208415,2000.0,1.0,0.0,nan,nan,nan,nan,nan,nan,nan,nan,nan,nan,nan,nan,nan,nan,nan,nan,0.0,"[100, 100, 100, 100, 100]","[0.02022837356487556, 0.03252240085954586, 0.006736148579629505, 0.0017747922449017517, 0.017758062510007982]","[null, null, null, null, null]","[null, null, null, null, null]","[null, null, null, null, null]","[null, null, null, null, null]",,0.12157363200110914,0.11206717838039366,5.0,1.96
1a,2500,303005,neural-fore,neural-main-oracle-bellman,-12.846953286103728,-12.786762803315368,-12.586673112426368,0.1340002998476691,-13.0494033910168,-12.524122215613936,1.0,-0.26028017367736034,-0.20008969088899953,0.8696185787796107,0.8696185787796107,0.15414863035930182,0.1324554242608682,0.05098358032683217,nan,nan,0.2721448403669747,8.913713702505287,32.03148448529906,1544.092414190055,nan,nan,nan,nan,nan,nan,nan,nan,nan,140.0,0.016300494456843756,5.789854158402886,2000.0,1.0,0.0,nan,nan,nan,nan,nan,nan,nan,nan,nan,nan,nan,nan,nan,nan,nan,nan,0.0,"[100, 100, 100, 300, 100]","[0.02993888778558823, 0.008154083314668112, 0.021355852240972164, 0.01014654255519133, 0.011907106387798952]","[null, null, null, null, null]","[null, null, null, null, null]","[null, null, null, null, null]","[null, null, null, null, null]",,0.1340002998476691,0.08977072086387576,5.0,1.96
1a,2500,313005,neural-fore,neural-main-oracle-bellman,-12.458229035708143,-12.408409144620677,-12.586673112426368,0.11274108860679594,-12.629381678289997,-12.187436610951357,1.0,0.12844407671822466,0.17826396780569098,0.9769478924626744,0.9769478924626744,0.11242791167321567,0.10965126537275957,0.026781491622370184,nan,nan,0.23656816523695556,9.627114675328826,28.17520947179077,1684.4227871822902,nan,nan,nan,nan,nan,nan,nan,nan,nan,220.0,0.009916766183927677,6.755307724804152,2000.0,1.0,0.0,nan,nan,nan,nan,nan,nan,nan,nan,nan,nan,nan,nan,nan,nan,nan,nan,0.0,"[300, 300, 100, 300, 100]","[0.004110638614771862, 0.005033798950608684, 0.006051567288163986, 0.0021510490238489987, 0.03223677704224486]","[null, null, null, null, null]","[null, null, null, null, null]","[null, null, null, null, null]","[null, null, null, null, null]",,0.11274108860679594,0.1962554348583661,5.0,1.96
1a,2500,323005,neural-fore,neural-main-oracle-bellman,-12.81244107100653,-12.757271446654485,-12.586673112426368,0.134778362624121,-13.021437037397762,-12.493105855911208,1.0,-0.2257679585801622,-0.1705983342281172,0.6543562734202345,0.6543562734202345,0.12542921975528565,0.11851553965830794,0.04623015997313654,nan,nan,0.309008064189834,9.191897869658703,32.1457471758308,1603.3543637928333,nan,nan,nan,nan,nan,nan,nan,nan,nan,140.0,0.008405712858676664,5.870827141206246,2000.0,1.0,0.0,nan,nan,nan,nan,nan,nan,nan,nan,nan,nan,nan,nan,nan,nan,nan,nan,0.0,"[100, 100, 300, 100, 100]","[0.012345042606204809, 0.016951037827242315, 0.0, 0.0, 0.012732483859936196]","[null, null, null, null, null]","[null, null, null, null, null]","[null, null, null, null, null]","[null, null, null, null, null]",,0.134778362624121,0.07781420351140299,5.0,1.96
1a,2500,333005,neural-fore,neural-main-oracle-bellman,-12.815187704778038,-12.860530291135895,-12.586673112426368,0.13626264136505362,-13.1276050682114,-12.59345551406039,0.0,-0.2285145923516705,-0.27385717870952675,0.9701142915973868,0.9701142915973868,0.13870232045360834,0.13407102337100948,0.04651833099427476,nan,nan,0.34904459252748743,9.121979583362833,32.136858573578934,1588.9086620793146,nan,nan,nan,nan,nan,nan,nan,nan,nan,140.0,0.0075681816185806826,5.7643773420131765,2000.0,1.0000000000000002,0.0,nan,nan,nan,nan,nan,nan,nan,nan,nan,nan,nan,nan,nan,nan,nan,nan,0.0,"[300, 100, 100, 100, 100]","[0.0, 0.00749979334734942, 0.01096093909739895, 0.00782436796119685, 0.011555807686958195]","[null, null, null, null, null]","[null, null, null, null, null]","[null, null, null, null, null]","[null, null, null, null, null]",,0.13626264136505362,0.11940088587746372,5.0,1.96
1a,2500,343005,neural-fore,neural-main-oracle-bellman,-12.567709965789977,-12.518366276957536,-12.586673112426368,0.12260048941733544,-12.758663236215513,-12.27806931769956,1.0,0.018963146636391315,0.06830683546883165,0.591628415222804,0.591628415222804,0.10189999591139079,0.09748182138970723,0.04671587072181525,nan,nan,0.29414451550004345,9.585907157953919,29.402664696948772,1664.8704238080918,nan,nan,nan,nan,nan,nan,nan,nan,nan,180.0,0.02445397132951075,5.858995058201254,2000.0,1.0,0.0,nan,nan,nan,nan,nan,nan,nan,nan,nan,nan,nan,nan,nan,nan,nan,nan,0.0,"[300, 100, 100, 300, 100]","[0.0071145937020714745, 0.057345741697355006, 0.04627382064470954, 0.006457267902021311, 0.005078432701396412]","[null, null, null, null, null]","[null, null, null, null, null]","[null, null, null, null, null]","[null, null, null, null, null]",,0.12260048941733544,0.1376963840873816,5.0,1.96
1a,2500,353005,neural-fore,neural-main-oracle-bellman,-12.702918407161365,-12.66813002703496,-12.586673112426368,0.13177237152690144,-12.926403875227688,-12.409856178842233,1.0,-0.11624529473499656,-0.08145691460859261,0.8541997214082402,0.8541997214082402,0.1682083779031685,0.1476992966809358,0.033964778673878405,nan,nan,0.1995891546716612,9.47987391887181,32.93777244355838,1583.665242441936,nan,nan,nan,nan,nan,nan,nan,nan,nan,220.0,0.007298027545227634,6.7016832995577715,2000.0,1.0,0.0,nan,nan,nan,nan,nan,nan,nan,nan,nan,nan,nan,nan,nan,nan,nan,nan,0.0,"[100, 300, 100, 300, 300]","[0.018827310460756825, 0.011057073119659627, 0.0003724374200808144, 0.0042575349095978175, 0.0019757818160430927]","[null, null, null, null, null]","[null, null, null, null, null]","[null, null, null, null, null]","[null, null, null, null, null]",,0.13177237152690144,0.1133316551656362,5.0,1.96
1a,2500,363005,neural-fore,neural-main-oracle-bellman,-12.646143306207122,-12.571374297156616,-12.586673112426368,0.12537259445533663,-12.817104582289076,-12.325644012024156,1.0,-0.059470193780754244,0.015298815269751742,0.6775184576313398,0.6775184576313398,0.13671467559896278,0.12497631378891647,0.047355345217963904,nan,nan,0.3145354145291082,9.142504927416397,28.878815144745335,1643.4956855568305,nan,nan,nan,nan,nan,nan,nan,nan,nan,140.0,0.008898256747567982,5.399151724984404,2000.0,1.0,0.0,nan,nan,nan,nan,nan,nan,nan,nan,nan,nan,nan,nan,nan,nan,nan,nan,0.0,"[300, 100, 100, 100, 100]","[0.005872236098620831, 0.0, 0.010079455818369217, 0.004827018483259142, 0.023712573337590716]","[null, null, null, null, null]","[null, null, null, null, null]","[null, null, null, null, null]","[null, null, null, null, null]",,0.12537259445533663,0.1531847690700307,5.0,1.96
1a,2500,373005,neural-fore,neural-main-oracle-bellman,-12.514152220971987,-12.46923234423953,-12.586673112426368,0.12015351995857325,-12.704733243358334,-12.233731445120725,1.0,0.07252089145438134,0.1174407681868388,0.6767963772980157,0.6767963772980157,0.12428427674100155,0.11490213525482543,0.03201011481275468,nan,nan,0.3271717336638069,9.35852286577185,29.054027715727244,1683.1254435785593,nan,nan,nan,nan,nan,nan,nan,nan,nan,140.0,0.008703655505660041,5.4986745662172325,2000.0,1.0,0.0,nan,nan,nan,nan,nan,nan,nan,nan,nan,nan,nan,nan,nan,nan,nan,nan,0.0,"[100, 100, 100, 300, 100]","[0.005294768401553378, 0.0, 0.018761920175799175, 0.005311058483116373, 0.014150530467831277]","[null, null, null, null, null]","[null, null, null, null, null]","[null, null, null, null, null]","[null, null, null, null, null]",,0.12015351995857325,0.10153341045074837,5.0,1.96
1a,2500,383005,neural-fore,neural-main-oracle-bellman,-12.624526601782817,-12.647708814912018,-12.586673112426368,0.13078074612791424,-12.90403907732273,-12.391378552501306,1.0,-0.03785348935644883,-0.06103570248565049,0.6396608191361721,0.6396608191361721,0.10724336576504394,0.09285973688291291,0.05494134945478223,nan,nan,0.388729006923417,9.034634308856987,31.500073593707,1597.072981150861,nan,nan,nan,nan,nan,nan,nan,nan,nan,100.0,0.005113533078715876,5.253305074991658,2000.0,1.0,0.0,nan,nan,nan,nan,nan,nan,nan,nan,nan,nan,nan,nan,nan,nan,nan,nan,0.0,"[100, 100, 100, 100, 100]","[0.009059473779289923, 0.0, 0.009500120846957442, 0.007008070767332011, 0.0]","[null, null, null, null, null]","[null, null, null, null, null]","[null, null, null, null, null]","[null, null, null, null, null]",,0.13078074612791424,0.13050035216670253,5.0,1.96
1a,2500,393005,neural-fore,neural-main-oracle-bellman,-12.768915307957851,-12.695182267204851,-12.586673112426368,0.1308579972158421,-12.951663941747901,-12.438700592661801,1.0,-0.18224219553148302,-0.10850915477848311,1.288399094035651,1.288399094035651,0.15294151216155266,0.13468260059150605,0.06805547299379515,nan,nan,0.27504575549751087,9.407469649364451,30.997930810486533,1624.813881036806,nan,nan,nan,nan,nan,nan,nan,nan,nan,140.0,0.03704855343867823,5.611268175428267,2000.0,1.0,0.0,nan,nan,nan,nan,nan,nan,nan,nan,nan,nan,nan,nan,nan,nan,nan,nan,0.0,"[100, 300, 100, 100, 100]","[0.0815080961892195, 0.0034776588998536116, 0.014809741306426406, 0.014635748208378405, 0.07081152258951325]","[null, null, null, null, null]","[null, null, null, null, null]","[null, null, null, null, null]","[null, null, null, null, null]",,0.1308579972158421,0.09891462782020695,5.0,1.96
1a,2500,403005,neural-fore,neural-main-oracle-bellman,-12.604467589393478,-12.604169320357556,-12.586673112426368,0.12728454235300765,-12.85364702336945,-12.354691617345662,1.0,-0.017794476967109674,-0.017496207931188223,0.7847558725145986,0.7847558725145986,0.1385015884882245,0.13488496535559016,0.04970811704507512,nan,nan,0.3080699423148003,9.313530722458466,29.65340491409552,1629.3867213069684,nan,nan,nan,nan,nan,nan,nan,nan,nan,100.0,0.017522419467561626,5.054426641378086,2000.0,1.0,0.0,nan,nan,nan,nan,nan,nan,nan,nan,nan,nan,nan,nan,nan,nan,nan,nan,0.0,"[100, 100, 100, 100, 100]","[0.0045088772824261585, 0.05421495964615462, 0.01646825225869892, 0.0023238570656120643, 0.010096151084916348]","[null, null, null, null, null]","[null, null, null, null, null]","[null, null, null, null, null]","[null, null, null, null, null]",,0.12728454235300765,0.10903942114925683,5.0,1.96
1a,2500,413005,neural-fore,neural-main-oracle-bellman,-12.52966667821144,-12.407388245751564,-12.586673112426368,0.1209278763145502,-12.644406883328083,-12.170369608175045,1.0,0.05700643421492835,0.17928486667480392,1.1058216686306697,1.1058216686306697,0.1949784381151362,0.1441572660521178,0.03315207122299214,nan,nan,0.33939901890242336,9.617124428034089,30.689417010555992,1657.2102596396508,nan,nan,nan,nan,nan,nan,nan,nan,nan,140.0,0.00888506599871391,5.621935716783628,2000.0,1.0,0.0,nan,nan,nan,nan,nan,nan,nan,nan,nan,nan,nan,nan,nan,nan,nan,nan,0.0,"[100, 300, 100, 100, 100]","[0.00427958837756411, 0.0, 0.005211353054084756, 0.009413543121123262, 0.02552084544079742]","[null, null, null, null, null]","[null, null, null, null, null]","[null, null, null, null, null]","[null, null, null, null, null]",,0.1209278763145502,0.110691987763866,5.0,1.96
1a,2500,423005,neural-fore,neural-main-oracle-bellman,-12.8516774125094,-13.06870548571038,-12.586673112426368,0.15392820344117797,-13.370404764455088,-12.767006206965672,0.0,-0.26500430008303155,-0.48203237328401194,0.7141000689510552,0.7141000689510552,0.12022522597815748,0.11231495222806617,0.03345367844682714,nan,nan,0.27565438672213965,8.736614020943502,41.28692447253933,1433.2078421615367,nan,nan,nan,nan,nan,nan,nan,nan,nan,180.0,0.00809485688415926,6.043651208828669,2000.0,1.0,0.0,nan,nan,nan,nan,nan,nan,nan,nan,nan,nan,nan,nan,nan,nan,nan,nan,0.0,"[300, 300, 100, 100, 100]","[0.004585871089926741, 0.011414282338361748, 0.007558595911410247, 0.013130614313813845, 0.003784920767283723]","[null, null, null, null, null]","[null, null, null, null, null]","[null, null, null, null, null]","[null, null, null, null, null]",,0.15392820344117797,0.08994584443109335,5.0,1.96
1a,2500,433005,neural-fore,neural-main-oracle-bellman,-12.556319581860805,-12.613735733447472,-12.586673112426368,0.12513292728304287,-12.858996270922235,-12.368475195972708,1.0,0.030353530565562892,-0.027062621021103794,1.354183830645694,1.354183830645694,0.1811192600699842,0.15328398314838326,0.03929367033905106,nan,nan,0.44729847894810637,9.277564163440305,29.60542980328788,1658.7765031803272,nan,nan,nan,nan,nan,nan,nan,nan,nan,100.0,0.02309098613903034,5.057735374593176,2000.0,1.0,0.0,nan,nan,nan,nan,nan,nan,nan,nan,nan,nan,nan,nan,nan,nan,nan,nan,0.0,"[100, 100, 100, 100, 100]","[0.02628107264335388, 0.005051860145113463, 0.05556950196983316, 0.02536190925587912, 0.003190586680972076]","[null, null, null, null, null]","[null, null, null, null, null]","[null, null, null, null, null]","[null, null, null, null, null]",,0.12513292728304287,0.08162807147038023,5.0,1.96
1a,2500,443005,neural-fore,neural-main-oracle-bellman,-12.649404907347305,-12.596027949492525,-12.586673112426368,0.1262486920492633,-12.84347538590908,-12.34858051307597,1.0,-0.06273179492093739,-0.009354837066156918,0.8533572614861548,0.8533572614861548,0.13302342659853772,0.11563993525055864,0.038076631203619864,nan,nan,0.4321113804537706,9.352401744182472,28.784516118680582,1650.2636707737654,nan,nan,nan,nan,nan,nan,nan,nan,nan,100.0,0.01233202481300753,5.073859241802711,2000.0,1.0,0.0,nan,nan,nan,nan,nan,nan,nan,nan,nan,nan,nan,nan,nan,nan,nan,nan,0.0,"[100, 100, 100, 100, 100]","[0.027814098526744022, 0.006802132168860269, 0.01823262630367635, 0.006048796783060169, 0.0027624702826968407]","[null, null, null, null, null]","[null, null, null, null, null]","[null, null, null, null, null]","[null, null, null, null, null]",,0.1262486920492633,0.08529059892155151,5.0,1.96
1a,2500,453005,neural-fore,neural-main-oracle-bellman,-12.582908923624261,-12.564173683804123,-12.586673112426368,0.12520972114845164,-12.809584737255088,-12.318762630353158,1.0,0.003764188802106716,0.022499428622245077,0.8134392926733869,0.8134392926733869,0.11367759203069897,0.09482317087709831,0.03179251817030176,nan,nan,0.34759188206200925,9.505207867828968,31.618535306367875,1652.2469555047219,nan,nan,nan,nan,nan,nan,nan,nan,nan,100.0,0.004383807620376686,5.063309716782532,2000.0,1.0,0.0,nan,nan,nan,nan,nan,nan,nan,nan,nan,nan,nan,nan,nan,nan,nan,nan,0.0,"[100, 100, 100, 100, 100]","[0.004967406097229042, 0.0, 0.009442000249624327, 0.007509631755030059, 0.0]","[null, null, null, null, null]","[null, null, null, null, null]","[null, null, null, null, null]","[null, null, null, null, null]",,0.12520972114845164,0.14214226391905635,5.0,1.96
1a,2500,463005,neural-fore,neural-main-oracle-bellman,-12.371507306177836,-12.282168394124653,-12.586673112426368,0.11791314082041077,-12.513278150132658,-12.051058638116649,0.0,0.21516580624853177,0.30450471830171466,1.290224700016886,1.290224700016886,0.20302634287117685,0.16779482448535923,0.03905262392800246,nan,nan,0.3518345181989378,9.240566757229718,28.364562975216188,1661.8903499409305,nan,nan,nan,nan,nan,nan,nan,nan,nan,180.0,0.006388605177958082,6.186520991392899,2000.0,1.0,0.0,nan,nan,nan,nan,nan,nan,nan,nan,nan,nan,nan,nan,nan,nan,nan,nan,0.0,"[100, 300, 100, 300, 100]","[0.00548512471575147, 0.0, 0.02301328447330363, 0.0, 0.003444616700735307]","[null, null, null, null, null]","[null, null, null, null, null]","[null, null, null, null, null]","[null, null, null, null, null]",,0.11791314082041077,0.08308002292342014,5.0,1.96
1a,2500,473005,neural-fore,neural-main-oracle-bellman,-12.74428231502522,-12.686413128758073,-12.586673112426368,0.13227497293763515,-12.945672075715837,-12.427154181800308,1.0,-0.15760920259885225,-0.0997400163317046,0.9421764088754145,0.9421764088754145,0.13596887062922075,0.12196896936108625,0.03392727799860897,nan,nan,0.45656007046127844,9.196316135485766,32.932173701369976,1611.6791851793655,nan,nan,nan,nan,nan,nan,nan,nan,nan,100.0,0.01881473201107754,5.016154633415863,2000.0,1.0,0.0,nan,nan,nan,nan,nan,nan,nan,nan,nan,nan,nan,nan,nan,nan,nan,nan,0.0,"[100, 100, 100, 100, 100]","[0.03057631084608383, 0.006091144560204505, 0.022851831295351732, 0.019762469883964084, 0.014791903469783546]","[null, null, null, null, null]","[null, null, null, null, null]","[null, null, null, null, null]","[null, null, null, null, null]",,0.13227497293763515,0.0265310413940011,5.0,1.96
1a,2500,483005,neural-fore,neural-main-oracle-bellman,-12.596798863049548,-12.606711594961078,-12.586673112426368,0.12524600570858357,-12.852193766149902,-12.361229423772254,1.0,-0.010125750623179997,-0.02003848253471041,0.6123342892398373,0.6123342892398373,0.12008096508501698,0.09396138517927792,0.04185874295406383,nan,nan,0.3962406926335054,9.32431709742433,29.546809520882512,1662.645945999703,nan,nan,nan,nan,nan,nan,nan,nan,nan,100.0,0.02540881071886312,4.8590514251729475,2000.0,1.0,0.0,nan,nan,nan,nan,nan,nan,nan,nan,nan,nan,nan,nan,nan,nan,nan,nan,0.0,"[100, 100, 100, 100, 100]","[0.005699087201753807, 0.0346024578752444, 0.011539576788243966, 0.05022446208948344, 0.02497846963958998]","[null, null, null, null, null]","[null, null, null, null, null]","[null, null, null, null, null]","[null, null, null, null, null]",,0.12524600570858357,0.10779170566914188,5.0,1.96
1a,2500,493005,neural-fore,neural-main-oracle-bellman,-12.618363195470891,-12.549295260766256,-12.586673112426368,0.1252793732798149,-12.794842832394693,-12.303747689137818,1.0,-0.031690083044523476,0.03737785166011243,1.4656681387459092,1.4656681387459092,0.15710804938114892,0.14673301916201692,0.04521770981377264,nan,nan,0.35416284021079597,9.275913194895757,27.191355290932343,1679.725134150657,nan,nan,nan,nan,nan,nan,nan,nan,nan,140.0,0.016530893316329783,5.6988824748317715,2000.0,1.0,0.0,nan,nan,nan,nan,nan,nan,nan,nan,nan,nan,nan,nan,nan,nan,nan,nan,0.0,"[100, 100, 100, 100, 300]","[0.005318556194449677, 0.020751144145576977, 0.0422105329741493, 0.01437423326747296, 0.0]","[null, null, null, null, null]","[null, null, null, null, null]","[null, null, null, null, null]","[null, null, null, null, null]",,0.1252793732798149,0.16565478403401118,5.0,1.96
1a,2500,503005,neural-fore,neural-main-oracle-bellman,-12.564317599985516,-12.471569138964018,-12.586673112426368,0.11894731108057613,-12.704705868681947,-12.238432409246089,1.0,0.022355512440851655,0.11510397346235024,0.6690113115956227,0.6690113115956227,0.1391469843463296,0.12290777530195492,0.048690469114121566,nan,nan,0.3114578504502331,9.626719860548825,26.44429198904408,1677.7177394466269,nan,nan,nan,nan,nan,nan,nan,nan,nan,180.0,0.016606256271429663,5.776975166611374,2000.0,1.0,0.0,nan,nan,nan,nan,nan,nan,nan,nan,nan,nan,nan,nan,nan,nan,nan,nan,0.0,"[100, 300, 100, 300, 100]","[0.012677612096014175, 0.0, 0.03652011861983198, 0.0, 0.03383355064130216]","[null, null, null, null, null]","[null, null, null, null, null]","[null, null, null, null, null]","[null, null, null, null, null]",,0.11894731108057613,0.056007358175578476,5.0,1.96
1a,2500,513005,neural-fore,neural-main-oracle-bellman,-12.775513666866187,-12.690310487199545,-12.586673112426368,0.13369982269277902,-12.952362139677392,-12.428258834721698,1.0,-0.18884055443981929,-0.10363737477317692,0.8196203896144791,0.8196203896144791,0.12977943517752416,0.11551247172899733,0.041992856340972454,nan,nan,0.41435290276022446,9.27192625939248,31.027593651143977,1600.6593826191088,nan,nan,nan,nan,nan,nan,nan,nan,nan,100.0,0.003798666462757374,4.83774286682019,2000.0,1.0000000000000002,0.0,nan,nan,nan,nan,nan,nan,nan,nan,nan,nan,nan,nan,nan,nan,nan,nan,0.0,"[100, 100, 100, 100, 100]","[0.009697988992498411, 0.0020725417094000923, 0.0, 0.002601795208419388, 0.00462100640346898]","[null, null, null, null, null]","[null, null, null, null, null]","[null, null, null, null, null]","[null, null, null, null, null]",,0.13369982269277902,0.15987556387137297,5.0,1.96
1a,2500,523005,neural-fore,neural-main-oracle-bellman,-12.695890120274122,-12.571618851004919,-12.586673112426368,0.12689085012662416,-12.820324917253103,-12.322912784756735,1.0,-0.10921700784775368,0.015054261421449056,0.6414963285872358,0.6414963285872358,0.12634467799119264,0.11663400953476528,0.03698279437230233,nan,nan,0.283617447740998,9.317281935583754,31.27201978738112,1614.155546256087,nan,nan,nan,nan,nan,nan,nan,nan,nan,140.0,0.008551151631341129,5.756063716183417,2000.0,1.0,0.0,nan,nan,nan,nan,nan,nan,nan,nan,nan,nan,nan,nan,nan,nan,nan,nan,0.0,"[100, 300, 100, 100, 100]","[0.013096609784799347, 0.0007185052248260011, 0.008753044242008071, 0.009569841058713209, 0.010617757846359013]","[null, null, null, null, null]","[null, null, null, null, null]","[null, null, null, null, null]","[null, null, null, null, null]",,0.12689085012662416,0.1517668819128753,5.0,1.96
1a,2500,533005,neural-fore,neural-main-oracle-bellman,-12.54198976309934,-12.442517155980616,-12.586673112426368,0.11956377678323422,-12.676862158475755,-12.208172153485476,1.0,0.044683349327028665,0.1441559564457524,0.7578489879264259,0.7578489879264259,0.12053142938452159,0.09966395819714775,0.04602489306378546,nan,nan,0.270080032529484,9.628467000932297,30.240550602832638,1662.964434435698,nan,nan,nan,nan,nan,nan,nan,nan,nan,180.0,0.015816727969810835,5.8958921831916085,2000.0,1.0,0.0,nan,nan,nan,nan,nan,nan,nan,nan,nan,nan,nan,nan,nan,nan,nan,nan,0.0,"[100, 100, 300, 300, 100]","[0.015215660839758328, 0.057471300370470234, 0.0, 0.0, 0.006396678638825604]","[null, null, null, null, null]","[null, null, null, null, null]","[null, null, null, null, null]","[null, null, null, null, null]",,0.11956377678323422,0.15794752360744913,5.0,1.96
1a,2500,543005,neural-fore,neural-main-oracle-bellman,-12.35942472772226,-12.324718933649734,-12.586673112426368,0.11784587660162155,-12.555696851788912,-12.093741015510556,0.0,0.22724838470410802,0.26195417877663374,0.5873091847426705,0.5873091847426705,0.12664747651505942,0.11830550212542339,0.04480740129850354,nan,nan,0.4710484540836592,9.442002671533608,29.799057160383107,1682.5060076404873,nan,nan,nan,nan,nan,nan,nan,nan,nan,140.0,0.006088815996350137,5.437479400017764,2000.0,1.0000000000000002,0.0,nan,nan,nan,nan,nan,nan,nan,nan,nan,nan,nan,nan,nan,nan,nan,nan,0.0,"[300, 100, 100, 100, 100]","[0.006895146665228487, 0.007477406052119285, 0.012608468386218416, 0.0, 0.003463058878184494]","[null, null, null, null, null]","[null, null, null, null, null]","[null, null, null, null, null]","[null, null, null, null, null]",,0.11784587660162155,0.07753468875710608,5.0,1.96
1a,2500,553005,neural-fore,neural-main-oracle-bellman,-12.562905851667004,-12.551839288140215,-12.586673112426368,0.1255754298971469,-12.797967130738623,-12.305711445541807,1.0,0.02376726075936375,0.034833824286153,0.6997187112317697,0.6997187112317697,0.0865107937181323,0.07458750496686635,0.03075788109978741,nan,nan,0.4014833745976772,9.371976030476606,30.826700855004443,1623.227016122587,nan,nan,nan,nan,nan,nan,nan,nan,nan,100.0,0.0133759055807881,5.041086783027277,2000.0,1.0,0.0,nan,nan,nan,nan,nan,nan,nan,nan,nan,nan,nan,nan,nan,nan,nan,nan,0.0,"[100, 100, 100, 100, 100]","[0.0, 0.03228739408163505, 0.022481070135466262, 0.00429459665044574, 0.007816467036393457]","[null, null, null, null, null]","[null, null, null, null, null]","[null, null, null, null, null]","[null, null, null, null, null]",,0.1255754298971469,0.06982946043013091,5.0,1.96
1a,2500,563005,neural-fore,neural-main-oracle-bellman,-12.564962990855534,-12.504754990573732,-12.586673112426368,0.11881408808159906,-12.737630603213665,-12.271879377933798,1.0,0.021710121570833962,0.08191812185263636,1.078699593950747,1.078699593950747,0.17618663381764132,0.15759499763178805,0.03969252093162695,nan,nan,0.27929328030677847,9.684742959433766,28.008803605746326,1695.9088821653108,nan,nan,nan,nan,nan,nan,nan,nan,nan,140.0,0.0059828883973607324,5.596552491805051,2000.0,1.0,0.0,nan,nan,nan,nan,nan,nan,nan,nan,nan,nan,nan,nan,nan,nan,nan,nan,0.0,"[100, 300, 100, 100, 100]","[0.0, 0.002264150267217089, 0.009923648356401336, 0.009796520224471458, 0.00793012313871378]","[null, null, null, null, null]","[null, null, null, null, null]","[null, null, null, null, null]","[null, null, null, null, null]",,0.11881408808159906,0.11969584644755597,5.0,1.96
1a,2500,573005,neural-fore,neural-main-oracle-bellman,-12.753738177983832,-12.879626887965525,-12.586673112426368,0.13549180086328452,-13.145190817657562,-12.614062958273488,0.0,-0.16706506555746437,-0.29295377553915714,0.7993009722583531,0.7993009722583531,0.1288243762417029,0.1117340715054563,0.06587828168909626,nan,nan,0.27969342490598764,8.739365028452006,31.480203633444297,1547.3606011218942,nan,nan,nan,nan,nan,nan,nan,nan,nan,140.0,0.025099532819550414,5.789731441996992,2000.0,1.0,0.0,nan,nan,nan,nan,nan,nan,nan,nan,nan,nan,nan,nan,nan,nan,nan,nan,0.0,"[100, 100, 100, 100, 300]","[0.004121385074519059, 0.006354824149816233, 0.08885568785487175, 0.020230972966713744, 0.005934794051831278]","[null, null, null, null, null]","[null, null, null, null, null]","[null, null, null, null, null]","[null, null, null, null, null]",,0.13549180086328452,0.1416566291114016,5.0,1.96
1a,2500,583005,neural-fore,neural-main-oracle-bellman,-12.494593884251612,-12.508358482433731,-12.586673112426368,0.12637339526317476,-12.756050337149555,-12.260666627717908,1.0,0.09207922817475556,0.0783146299926365,0.7082316408140554,0.7082316408140554,0.1373446325337999,0.13360990928079447,0.04352264957682377,nan,nan,0.3092633848879238,9.074474652233075,33.03716617715356,1606.7805639424848,nan,nan,nan,nan,nan,nan,nan,nan,nan,140.0,0.013220450062325514,5.253643458371516,2000.0,1.0,0.0,nan,nan,nan,nan,nan,nan,nan,nan,nan,nan,nan,nan,nan,nan,nan,nan,0.0,"[100, 100, 300, 100, 100]","[0.008037562565368967, 0.038560224957638084, 0.0063531687526125775, 0.001935158498986746, 0.011216135537021202]","[null, null, null, null, null]","[null, null, null, null, null]","[null, null, null, null, null]","[null, null, null, null, null]",,0.12637339526317476,0.15616558968616503,5.0,1.96
1a,2500,593005,neural-fore,neural-main-oracle-bellman,-12.503962730838637,-12.439452493664124,-12.586673112426368,0.12106419456045504,-12.676738315002616,-12.202166672325632,1.0,0.08271038158773081,0.14722061876224402,1.1153085468611432,1.1153085468611432,0.17435083969609128,0.13730461897270604,0.04979008574531006,nan,nan,0.37682409913238046,9.410256967020388,29.481687862003213,1702.2681404703405,nan,nan,nan,nan,nan,nan,nan,nan,nan,140.0,0.015811134095074158,5.583268766582478,2000.0,1.0,0.0,nan,nan,nan,nan,nan,nan,nan,nan,nan,nan,nan,nan,nan,nan,nan,nan,0.0,"[300, 100, 100, 100, 100]","[0.0042481550884405144, 0.011677411971242379, 0.0046772415042110275, 0.005924610638653139, 0.05252825127282373]","[null, null, null, null, null]","[null, null, null, null, null]","[null, null, null, null, null]","[null, null, null, null, null]",,0.12106419456045504,0.14191511088898115,5.0,1.96
1a,2500,603005,neural-fore,neural-main-oracle-bellman,-12.432854275107273,-12.323916502602184,-12.586673112426368,0.11739431967054705,-12.554009369156457,-12.093823636047912,0.0,0.15381883731909518,0.2627566098241836,0.7606051543468157,0.7606051543468157,0.1298467315496804,0.10142394148568697,0.04645460285710612,nan,nan,0.4020387127128496,9.502295221684115,27.691127068516046,1726.829749088843,nan,nan,nan,nan,nan,nan,nan,nan,nan,140.0,0.017094125707398135,5.375961616798304,2000.0,1.0,0.0,nan,nan,nan,nan,nan,nan,nan,nan,nan,nan,nan,nan,nan,nan,nan,nan,0.0,"[100, 300, 100, 100, 100]","[0.02490011773849949, 0.0, 0.014711532188425252, 0.01168955715684608, 0.034169421453219856]","[null, null, null, null, null]","[null, null, null, null, null]","[null, null, null, null, null]","[null, null, null, null, null]",,0.11739431967054705,0.08425644599473332,5.0,1.96
1a,2500,613005,neural-fore,neural-main-oracle-bellman,-12.659860809058541,-12.578718099848883,-12.586673112426368,0.12980294741910398,-12.833131876790327,-12.32430432290744,1.0,-0.07318769663217317,0.007955012577484766,0.7813902878044732,0.7813902878044732,0.10306996562354058,0.08197821089524078,0.054261902243391655,nan,nan,0.348566102650985,9.007414029348976,33.42859891330195,1588.6660707590725,nan,nan,nan,nan,nan,nan,nan,nan,nan,180.0,0.008486210819208062,5.655722183780744,2000.0,1.0,0.0,nan,nan,nan,nan,nan,nan,nan,nan,nan,nan,nan,nan,nan,nan,nan,nan,0.0,"[300, 300, 100, 100, 100]","[0.007614867317652386, 0.0, 0.01193002440263295, 0.0176837977582664, 0.005202364617488573]","[null, null, null, null, null]","[null, null, null, null, null]","[null, null, null, null, null]","[null, null, null, null, null]",,0.12980294741910398,0.09579198521970793,5.0,1.96
1a,2500,623005,neural-fore,neural-main-oracle-bellman,-12.569445147194536,-12.403539154673284,-12.586673112426368,0.11767278949797172,-12.63417782208931,-12.172900487257259,1.0,0.017227965231832343,0.18313395775308372,0.8009633216325976,0.8009633216325976,0.1328086237294635,0.1161964973068518,0.054369264884490065,nan,nan,0.37338407947625596,9.589686047082132,28.4646926348021,1686.2460388052432,nan,nan,nan,nan,nan,nan,nan,nan,nan,140.0,0.016198705322617975,5.759542991628405,2000.0,1.0,0.0,nan,nan,nan,nan,nan,nan,nan,nan,nan,nan,nan,nan,nan,nan,nan,nan,0.0,"[100, 100, 300, 100, 100]","[0.0017932205643931532, 0.05917808473306826, 0.004549517647747954, 0.0, 0.015472703667880516]","[null, null, null, null, null]","[null, null, null, null, null]","[null, null, null, null, null]","[null, null, null, null, null]",,0.11767278949797172,0.1211888490956499,5.0,1.96
1a,2500,633005,neural-fore,neural-main-oracle-bellman,-12.769461720623847,-12.811302607965368,-12.586673112426368,0.13152602552446482,-13.06909361799332,-12.553511597937417,1.0,-0.18278860819747855,-0.22462949553900025,0.7599856889218999,0.7599856889218999,0.14094433618752128,0.11913002903812316,0.04338446876348115,nan,nan,0.47207923283343545,9.144917614254515,30.829886177808213,1617.1648346737936,nan,nan,nan,nan,nan,nan,nan,nan,nan,100.0,0.010862931567104096,5.328873833583202,2000.0,1.0,0.0,nan,nan,nan,nan,nan,nan,nan,nan,nan,nan,nan,nan,nan,nan,nan,nan,0.0,"[100, 100, 100, 100, 100]","[0.006817782038018009, 0.0077046850034168035, 0.005494634184865893, 0.013624476931636138, 0.02067307967758363]","[null, null, null, null, null]","[null, null, null, null, null]","[null, null, null, null, null]","[null, null, null, null, null]",,0.13152602552446482,0.07549130979984361,5.0,1.96
1a,2500,643005,neural-fore,neural-main-oracle-bellman,-12.763519601630845,-12.633380526003956,-12.586673112426368,0.13123926486232163,-12.890609485134107,-12.376151566873805,1.0,-0.1768464892044772,-0.046707413577587786,1.1064695274486607,1.1064695274486607,0.23815839310885703,0.1694396362127144,0.04040558332272017,nan,nan,0.2874918789771614,9.314988863324007,31.54882896058968,1605.138010267323,nan,nan,nan,nan,nan,nan,nan,nan,nan,140.0,0.010736414671906334,5.524929308600258,2000.0,1.0,0.0,nan,nan,nan,nan,nan,nan,nan,nan,nan,nan,nan,nan,nan,nan,nan,nan,0.0,"[300, 100, 100, 100, 100]","[0.0034108712422418978, 0.024291121413257365, 0.0, 0.021173886721436126, 0.004806193982596291]","[null, null, null, null, null]","[null, null, null, null, null]","[null, null, null, null, null]","[null, null, null, null, null]",,0.13123926486232163,0.16989929801204753,5.0,1.96
1a,2500,653005,neural-fore,neural-main-oracle-bellman,-12.513351224479411,-12.47011567736108,-12.586673112426368,0.12109505680040383,-12.707461988689872,-12.23276936603229,1.0,0.07332188794695682,0.11655743506528715,0.5057619311815589,0.5057619311815589,0.08484407995829155,0.08165918356405233,0.03271550597119509,nan,nan,0.2681822147050152,9.302382264484752,29.466187446167865,1641.8301412777348,nan,nan,nan,nan,nan,nan,nan,nan,nan,180.0,0.0166115621627525,6.0121819419669915,2000.0,1.0,0.0,nan,nan,nan,nan,nan,nan,nan,nan,nan,nan,nan,nan,nan,nan,nan,nan,0.0,"[100, 100, 300, 300, 100]","[0.00458201764000709, 0.03687301328735278, 0.010526437836664416, 0.010944018683875909, 0.020132323365862306]","[null, null, null, null, null]","[null, null, null, null, null]","[null, null, null, null, null]","[null, null, null, null, null]",,0.12109505680040383,0.17591449107939958,5.0,1.96
1a,2500,663005,neural-fore,neural-main-oracle-bellman,-12.656981035136665,-12.599681239186417,-12.586673112426368,0.12782293166638004,-12.850214185252522,-12.349148293120312,1.0,-0.07030792271029718,-0.01300812676004881,0.7048749915900429,0.7048749915900429,0.13082534064565246,0.12050706921376934,0.04068315357244709,nan,nan,0.2639334945082757,9.408890839799671,31.386219266097033,1629.9925301874475,nan,nan,nan,nan,nan,nan,nan,nan,nan,220.0,0.011913897504395518,6.568078283767681,2000.0,1.0,0.0,nan,nan,nan,nan,nan,nan,nan,nan,nan,nan,nan,nan,nan,nan,nan,nan,0.0,"[100, 300, 100, 300, 300]","[0.005259737121313775, 0.01643339359353947, 0.03114610809149782, 0.0, 0.006730248715626521]","[null, null, null, null, null]","[null, null, null, null, null]","[null, null, null, null, null]","[null, null, null, null, null]",,0.12782293166638004,0.053182150529257136,5.0,1.96
1a,2500,673005,neural-fore,neural-main-oracle-bellman,-12.763353480802209,-12.616851017572378,-12.586673112426368,0.12596822871290178,-12.863748745849666,-12.36995328929509,1.0,-0.1766803683758411,-0.03017790514600982,0.7882843773135478,0.7882843773135478,0.11994047977684222,0.11229918151057498,0.027954004907942226,nan,nan,0.24489587506071653,9.709531865363594,29.758732556854234,1653.4734476205765,nan,nan,nan,nan,nan,nan,nan,nan,nan,220.0,0.009051729953828965,6.590336558583658,2000.0,1.0,0.0,nan,nan,nan,nan,nan,nan,nan,nan,nan,nan,nan,nan,nan,nan,nan,nan,0.0,"[100, 300, 100, 300, 300]","[0.016207571477900917, 0.0, 0.00401153300780118, 0.00879082024601173, 0.016248725037430994]","[null, null, null, null, null]","[null, null, null, null, null]","[null, null, null, null, null]","[null, null, null, null, null]",,0.12596822871290178,0.1528758851257494,5.0,1.96
1a,2500,683005,neural-fore,neural-main-oracle-bellman,-12.62765039508288,-12.582865092201901,-12.586673112426368,0.13070508931618258,-12.83904706726162,-12.326683117142183,1.0,-0.04097728265651135,0.0038080202244668016,0.9824618357064082,0.9824618357064082,0.15658113281105965,0.12620483646323782,0.058328851848902005,nan,nan,0.32265849691731885,9.16854005369667,32.368607325080816,1604.5478652694985,nan,nan,nan,nan,nan,nan,nan,nan,nan,180.0,0.004361681342199693,5.943276742415037,2000.0,1.0,0.0,nan,nan,nan,nan,nan,nan,nan,nan,nan,nan,nan,nan,nan,nan,nan,nan,0.0,"[300, 100, 100, 100, 300]","[0.0020978499364966694, 0.009367647711817797, 0.0, 0.0042152915914132946, 0.006127617471270703]","[null, null, null, null, null]","[null, null, null, null, null]","[null, null, null, null, null]","[null, null, null, null, null]",,0.13070508931618258,0.09906124003659009,5.0,1.96
1a,2500,693005,neural-fore,neural-main-oracle-bellman,-12.822359012293447,-12.763545978634644,-12.586673112426368,0.1449244909723849,-13.047597980940518,-12.47949397632877,1.0,-0.23568589986707877,-0.17687286620827614,0.8372323092387157,0.8372323092387157,0.13363465836193725,0.10903277754044624,0.036541078999034,nan,nan,0.29598008537799114,8.998687064208458,34.7596047262858,1512.1140767768798,nan,nan,nan,nan,nan,nan,nan,nan,nan,260.0,0.0063034902548497794,7.083952333615161,2000.0,1.0,0.0,nan,nan,nan,nan,nan,nan,nan,nan,nan,nan,nan,nan,nan,nan,nan,nan,0.0,"[300, 300, 100, 300, 300]","[0.004386975203664319, 0.0, 0.008419085245281125, 0.011737898995557789, 0.006973491829745662]","[null, null, null, null, null]","[null, null, null, null, null]","[null, null, null, null, null]","[null, null, null, null, null]",,0.1449244909723849,0.16611401699980663,5.0,1.96
1a,2500,703005,neural-fore,neural-main-oracle-bellman,-12.543387840582756,-12.498613832103528,-12.586673112426368,0.12293178373206678,-12.739560128218379,-12.257667535988677,1.0,0.04328527184361164,0.08805928032283994,0.6190394570807286,0.6190394570807286,0.14017047297690394,0.14204838361410363,0.04855407250192456,nan,nan,0.3176404607025774,9.295749800871292,30.416899240920152,1615.8406399606529,nan,nan,nan,nan,nan,nan,nan,nan,nan,140.0,0.01780874757073999,5.492867341591046,2000.0,1.0,0.0,nan,nan,nan,nan,nan,nan,nan,nan,nan,nan,nan,nan,nan,nan,nan,nan,0.0,"[100, 100, 300, 100, 100]","[0.013163470965907647, 0.003199459614229026, 0.0037484214693834813, 0.0621016880639933, 0.006830697740186506]","[null, null, null, null, null]","[null, null, null, null, null]","[null, null, null, null, null]","[null, null, null, null, null]",,0.12293178373206678,0.11526908890648442,5.0,1.96
1a,2500,713005,neural-fore,neural-main-oracle-bellman,-12.601320397649259,-12.589057420051669,-12.586673112426368,0.12563372191255662,-12.83529951500028,-12.342815325103057,1.0,-0.014647285222890716,-0.002384307625300508,0.9475941627461489,0.9475941627461489,0.14641468304956468,0.13184795679336697,0.04181319410021997,nan,nan,0.24881429072911884,8.838149125337445,28.377798001404425,1609.2204449611188,nan,nan,nan,nan,nan,nan,nan,nan,nan,180.0,0.013168400029173457,5.896943324815948,2000.0,1.0,0.0,nan,nan,nan,nan,nan,nan,nan,nan,nan,nan,nan,nan,nan,nan,nan,nan,0.0,"[300, 300, 100, 100, 100]","[0.0037040977699266593, 0.0026612408167260137, 0.0, 0.014034416795148325, 0.04544224476406629]","[null, null, null, null, null]","[null, null, null, null, null]","[null, null, null, null, null]","[null, null, null, null, null]",,0.12563372191255662,0.10335026077003001,5.0,1.96
1a,2500,723005,neural-fore,neural-main-oracle-bellman,-12.597996258268882,-12.652034937828114,-12.586673112426368,0.1334236667184184,-12.913545324596214,-12.390524551060015,1.0,-0.011323145842514037,-0.06536182540174629,0.9333300920777032,0.9333300920777032,0.1404210573014159,0.12823225673985356,0.04083954299117297,nan,nan,0.2720734379126229,9.207127830214187,34.86694635296579,1559.5157263556587,nan,nan,nan,nan,nan,nan,nan,nan,nan,140.0,0.013224612038764688,5.780442508589476,2000.0,1.0,0.0,nan,nan,nan,nan,nan,nan,nan,nan,nan,nan,nan,nan,nan,nan,nan,nan,0.0,"[300, 100, 100, 100, 100]","[0.004048182515645598, 0.016847963038101245, 0.0244581500635517, 0.02076876457652489, 0.0]","[null, null, null, null, null]","[null, null, null, null, null]","[null, null, null, null, null]","[null, null, null, null, null]",,0.1334236667184184,0.13418586914020678,5.0,1.96
1a,2500,733005,neural-fore,neural-main-oracle-bellman,-12.58295364778173,-12.505493853230911,-12.586673112426368,0.12146436745942896,-12.743564013451392,-12.26742369301043,1.0,0.0037194646446376822,0.08117925919545677,0.8437114542012258,0.8437114542012258,0.12815596137111873,0.12240202363820618,0.05214386105895691,nan,nan,0.304541264149043,9.235367869980664,27.205677333024955,1668.4940025475178,nan,nan,nan,nan,nan,nan,nan,nan,nan,140.0,0.016958528196397666,5.371021908789407,2000.0,1.0,0.0,nan,nan,nan,nan,nan,nan,nan,nan,nan,nan,nan,nan,nan,nan,nan,nan,0.0,"[100, 300, 100, 100, 100]","[0.0026429621984455426, 0.0, 0.0035370014338487734, 0.016891430892101968, 0.06172124645759205]","[null, null, null, null, null]","[null, null, null, null, null]","[null, null, null, null, null]","[null, null, null, null, null]",,0.12146436745942896,0.1413735755816101,5.0,1.96
1a,2500,743005,neural-fore,neural-main-oracle-bellman,-12.543089392930383,-12.389533820663843,-12.586673112426368,0.11550312178074462,-12.615919939354102,-12.163147701973584,1.0,0.043583719495984496,0.1971392917625252,1.0498232656785174,1.0498232656785174,0.1853492520878927,0.16112282017954294,0.03574852379829579,nan,nan,0.307404677090276,9.731808362514581,27.39321424873069,1716.4065006025849,nan,nan,nan,nan,nan,nan,nan,nan,nan,140.0,0.0076615433201406265,5.523489533399697,2000.0,1.0,0.0,nan,nan,nan,nan,nan,nan,nan,nan,nan,nan,nan,nan,nan,nan,nan,nan,0.0,"[100, 300, 100, 100, 100]","[0.008650808173632037, 0.0, 0.017456301315501604, 0.005007918795741244, 0.007192688315828251]","[null, null, null, null, null]","[null, null, null, null, null]","[null, null, null, null, null]","[null, null, null, null, null]",,0.11550312178074462,0.06775370595314785,5.0,1.96
1a,2500,753005,neural-fore,neural-main-oracle-bellman,-12.663595442680295,-12.560880866270445,-12.586673112426368,0.12805884185813815,-12.811876196312395,-12.309885536228494,1.0,-0.07692233025392703,0.025792246155923237,0.8616150533870437,0.8616150533870437,0.13941368026870116,0.12191811882629366,0.04076920804300647,nan,nan,0.4183928608239028,9.132007888750959,29.963765308121275,1619.337085476927,nan,nan,nan,nan,nan,nan,nan,nan,nan,140.0,0.005725348674246561,5.83362829919206,2000.0,1.0,0.0,nan,nan,nan,nan,nan,nan,nan,nan,nan,nan,nan,nan,nan,nan,nan,nan,0.0,"[100, 100, 100, 300, 100]","[0.007972892413732746, 0.005036012705267184, 0.002688260157013874, 0.0, 0.012929578095219003]","[null, null, null, null, null]","[null, null, null, null, null]","[null, null, null, null, null]","[null, null, null, null, null]",,0.12805884185813815,0.05710550650262499,5.0,1.96
1a,2500,763005,neural-fore,neural-main-oracle-bellman,-12.686640731236757,-12.564285809923605,-12.586673112426368,0.1259158736251732,-12.811080922228944,-12.317490697618267,1.0,-0.09996761881038907,0.02238730250276255,0.8545717732256553,0.8545717732256553,0.2316312237354686,0.22230181761588516,0.04146485781319746,nan,nan,0.34813621645802373,9.523540529727084,28.92339078946114,1652.38495787781,nan,nan,nan,nan,nan,nan,nan,nan,nan,140.0,0.009534047544039742,5.639093640982173,2000.0,1.0,0.0,nan,nan,nan,nan,nan,nan,nan,nan,nan,nan,nan,nan,nan,nan,nan,nan,0.0,"[300, 100, 100, 100, 100]","[0.0, 0.012145882869839406, 0.005952680507488402, 0.005624712821909383, 0.023946961520961516]","[null, null, null, null, null]","[null, null, null, null, null]","[null, null, null, null, null]","[null, null, null, null, null]",,0.1259158736251732,0.10505315036403864,5.0,1.96
1a,2500,773005,neural-fore,neural-main-oracle-bellman,-12.64637627945325,-12.618651043033106,-12.586673112426368,0.12872260329864513,-12.87094734549845,-12.366354740567761,1.0,-0.05970316702688194,-0.031977930606737814,0.9721979080895101,0.9721979080895101,0.13655685261518383,0.12784182001725525,0.04053846028763163,nan,nan,0.4419428441650209,9.402385841228195,32.046170576447835,1616.434401233783,nan,nan,nan,nan,nan,nan,nan,nan,nan,100.0,0.024738943258193927,5.181545249628835,2000.0,1.0,0.0,nan,nan,nan,nan,nan,nan,nan,nan,nan,nan,nan,nan,nan,nan,nan,nan,0.0,"[100, 100, 100, 100, 100]","[0.009594817388558548, 0.00944787178658115, 0.049844526685345295, 0.023773538960732837, 0.03103396146975181]","[null, null, null, null, null]","[null, null, null, null, null]","[null, null, null, null, null]","[null, null, null, null, null]",,0.12872260329864513,0.0992072289855648,5.0,1.96
1a,2500,783005,neural-fore,neural-main-oracle-bellman,-12.732094741198637,-12.722417223803204,-12.586673112426368,0.13465855569583446,-12.986347992967039,-12.458486454639369,1.0,-0.14542162877226872,-0.13574411137683562,0.8954858991679145,0.8954858991679145,0.14951102787325196,0.1400649251061103,0.04276047011011333,nan,nan,0.38029705881183823,8.95731105525454,32.43495443560149,1598.0779135109094,nan,nan,nan,nan,nan,nan,nan,nan,nan,140.0,0.010983707809123036,5.566856083390303,2000.0,1.0,0.0,nan,nan,nan,nan,nan,nan,nan,nan,nan,nan,nan,nan,nan,nan,nan,nan,0.0,"[300, 100, 100, 100, 100]","[0.002302434649404949, 0.0035174387160219318, 0.00618874375329394, 0.033905928257662525, 0.009003993669231835]","[null, null, null, null, null]","[null, null, null, null, null]","[null, null, null, null, null]","[null, null, null, null, null]",,0.13465855569583446,0.15089319884846214,5.0,1.96
1a,2500,793005,neural-fore,neural-main-oracle-bellman,-12.599751262459458,-12.549331817457723,-12.586673112426368,0.1200152274873869,-12.784561663333001,-12.314101971582446,1.0,-0.013078150033090097,0.03734129496864469,1.0944839084082796,1.0944839084082796,0.15871478359825505,0.13362032608967733,0.04760962175057826,nan,nan,0.31254902047040994,9.729842112376222,28.310425487729404,1666.4716984907216,nan,nan,nan,nan,nan,nan,nan,nan,nan,140.0,0.027021599555406606,5.399582116014789,2000.0,1.0,0.0,nan,nan,nan,nan,nan,nan,nan,nan,nan,nan,nan,nan,nan,nan,nan,nan,0.0,"[300, 100, 100, 100, 100]","[0.0026731837037741873, 0.026884985762082612, 0.008844231688559051, 0.0740773330756708, 0.022628263546946373]","[null, null, null, null, null]","[null, null, null, null, null]","[null, null, null, null, null]","[null, null, null, null, null]",,0.1200152274873869,0.05903610740904589,5.0,1.96
1a,2500,803005,neural-fore,neural-main-oracle-bellman,-12.666476864238124,-12.643558718455841,-12.586673112426368,0.13061451996563953,-12.899563177588494,-12.387554259323188,1.0,-0.07980375181175603,-0.056885606029473124,1.1587477208989203,1.1587477208989203,0.2288695906510238,0.1756732843301988,0.03616915076792617,nan,nan,0.3719833000797546,9.05620681978736,32.41248527339865,1590.721178761555,nan,nan,nan,nan,nan,nan,nan,nan,nan,100.0,0.006186629113885203,5.266249374602921,2000.0,1.0,0.0,nan,nan,nan,nan,nan,nan,nan,nan,nan,nan,nan,nan,nan,nan,nan,nan,0.0,"[100, 100, 100, 100, 100]","[0.030933145569426015, 0.0, 0.0, 0.0, 0.0]","[null, null, null, null, null]","[null, null, null, null, null]","[null, null, null, null, null]","[null, null, null, null, null]",,0.13061451996563953,0.05061932789600975,5.0,1.96
1a,2500,813005,neural-fore,neural-main-oracle-bellman,-12.384307571778441,-12.4115919782421,-12.586673112426368,0.11743959533360133,-12.641773585095958,-12.181410371388242,1.0,0.20236554064792678,0.17508113418426774,0.9402281782822142,0.9402281782822142,0.16393141753391893,0.1271468541111225,0.04543541816578473,nan,nan,0.3679335399464495,9.266165025597546,29.72635735940614,1677.0588703282976,nan,nan,nan,nan,nan,nan,nan,nan,nan,140.0,0.014040290034222358,5.51614878361579,2000.0,1.0,0.0,nan,nan,nan,nan,nan,nan,nan,nan,nan,nan,nan,nan,nan,nan,nan,nan,0.0,"[100, 100, 100, 300, 100]","[0.012749841420612132, 0.0, 0.05026008435112477, 0.0032580203342589672, 0.003933504065115916]","[null, null, null, null, null]","[null, null, null, null, null]","[null, null, null, null, null]","[null, null, null, null, null]",,0.11743959533360133,0.046453445544535614,5.0,1.96
1a,2500,823005,neural-fore,neural-main-oracle-bellman,-12.730612857715583,-12.559183048411358,-12.586673112426368,0.1265026877444896,-12.807128316390557,-12.311237780432158,1.0,-0.14393974528921483,0.027490064015010418,0.9149360391997965,0.9149360391997965,0.15587032058349842,0.1505615850210394,0.0479245844280908,nan,nan,0.22118714495570857,9.46337685807041,32.12827836180892,1599.5799573578367,nan,nan,nan,nan,nan,nan,nan,nan,nan,180.0,0.009836348841373414,5.965009016636759,2000.0,1.0,0.0,nan,nan,nan,nan,nan,nan,nan,nan,nan,nan,nan,nan,nan,nan,nan,nan,0.0,"[300, 100, 100, 300, 100]","[0.005139873653849708, 0.0036637571189853564, 0.005599702007027935, 0.002871081859214217, 0.031907329567789855]","[null, null, null, null, null]","[null, null, null, null, null]","[null, null, null, null, null]","[null, null, null, null, null]",,0.1265026877444896,0.16706538711750088,5.0,1.96
1a,2500,833005,neural-fore,neural-main-oracle-bellman,-12.623730325784477,-12.687216613064383,-12.586673112426368,0.14053033383639746,-12.962656067383723,-12.411777158745043,1.0,-0.037057213358108854,-0.10054350063801465,0.8586966704001998,0.8586966704001998,0.14254346340459695,0.12238049883970128,0.03905257093508355,nan,nan,0.30294563264631774,8.92086088920202,39.16094471950866,1479.2665835070252,nan,nan,nan,nan,nan,nan,nan,nan,nan,180.0,0.008102505677415325,6.26815509123262,2000.0,1.0,0.0,nan,nan,nan,nan,nan,nan,nan,nan,nan,nan,nan,nan,nan,nan,nan,nan,0.0,"[300, 100, 300, 100, 100]","[0.006145962683772931, 0.021031935462967954, 0.0, 0.006826777296417036, 0.006507852943918695]","[null, null, null, null, null]","[null, null, null, null, null]","[null, null, null, null, null]","[null, null, null, null, null]",,0.14053033383639746,0.07986230405423014,5.0,1.96
1a,2500,843005,neural-fore,neural-main-oracle-bellman,-12.61642790546753,-12.528317095794598,-12.586673112426368,0.12769698963834558,-12.778603195485756,-12.27803099610344,1.0,-0.02975479304116213,0.05835601663176959,0.9681779432329911,0.9681779432329911,0.12648574667506424,0.1234578550528628,0.032097952924243514,nan,nan,0.31565609036792036,9.491740762230423,33.40080111445091,1624.135747457957,nan,nan,nan,nan,nan,nan,nan,nan,nan,180.0,0.010397388405179436,6.101103100017644,2000.0,1.0,0.0,nan,nan,nan,nan,nan,nan,nan,nan,nan,nan,nan,nan,nan,nan,nan,nan,0.0,"[100, 100, 100, 300, 300]","[0.006128226963668047, 0.011319251844314263, 0.024326691250661604, 0.010212771967253268, 0.0]","[null, null, null, null, null]","[null, null, null, null, null]","[null, null, null, null, null]","[null, null, null, null, null]",,0.12769698963834558,0.07566873456664075,5.0,1.96
1a,2500,853005,neural-fore,neural-main-oracle-bellman,-12.44718467496225,-12.41017618746945,-12.586673112426368,0.11739390857017247,-12.640268248266988,-12.180084126671911,1.0,0.13948843746411832,0.17649692495691838,0.9665325231105133,0.9665325231105133,0.1473818190780789,0.11984436190353982,0.04013098414271094,nan,nan,0.31156871058815705,9.614523778371264,27.3487654945569,1698.214519203886,nan,nan,nan,nan,nan,nan,nan,nan,nan,100.0,0.010229223330279341,5.6937520245788615,2000.0,1.0,0.0,nan,nan,nan,nan,nan,nan,nan,nan,nan,nan,nan,nan,nan,nan,nan,nan,0.0,"[100, 100, 100, 100, 100]","[0.013555488714088711, 0.0, 0.03418217575990186, 0.003408452177406141, 0.0]","[null, null, null, null, null]","[null, null, null, null, null]","[null, null, null, null, null]","[null, null, null, null, null]",,0.11739390857017247,0.0628672817672071,5.0,1.96
1a,2500,863005,neural-fore,neural-main-oracle-bellman,-12.617363375834579,-12.618874044704278,-12.586673112426368,0.12874293785986793,-12.87121020290962,-12.366537886498936,1.0,-0.030690263408210683,-0.032200932277909544,1.0730922702924515,1.0730922702924515,0.17552775667141501,0.1461457156695249,0.027536700440292116,nan,nan,0.27163700948327507,9.147303708122848,32.32325059510093,1594.2979639220148,nan,nan,nan,nan,nan,nan,nan,nan,nan,180.0,0.00420531212346341,7.540619017160497,2000.0,1.0,0.0,nan,nan,nan,nan,nan,nan,nan,nan,nan,nan,nan,nan,nan,nan,nan,nan,0.0,"[300, 100, 100, 300, 100]","[0.007240396014258119, 0.00114725226663694, 0.009368148024445853, 0.0, 0.0032707643119761396]","[null, null, null, null, null]","[null, null, null, null, null]","[null, null, null, null, null]","[null, null, null, null, null]",,0.12874293785986793,0.13139472390737664,5.0,1.96
1a,2500,873005,neural-fore,neural-main-oracle-bellman,-12.525998712627768,-12.551984279251684,-12.586673112426368,0.12641042545709588,-12.799748713147592,-12.304219845355776,1.0,0.06067439979860012,0.034688833174683964,0.915712182638571,0.915712182638571,0.14385388898514762,0.13680718308802892,0.03973875847083924,nan,nan,0.3011867288369043,9.390212380018381,29.759926821053487,1630.5985455192485,nan,nan,nan,nan,nan,nan,nan,nan,nan,220.0,0.005806691335217147,7.968540433410089,2000.0,1.0,0.0,nan,nan,nan,nan,nan,nan,nan,nan,nan,nan,nan,nan,nan,nan,nan,nan,0.0,"[100, 300, 300, 100, 300]","[0.0063658674095855225, 0.0, 0.0, 0.02177319838683469, 0.0008943908796655183]","[null, null, null, null, null]","[null, null, null, null, null]","[null, null, null, null, null]","[null, null, null, null, null]",,0.12641042545709588,0.07609253805493481,5.0,1.96
1a,2500,883005,neural-fore,neural-main-oracle-bellman,-12.71057685788083,-12.748889378981263,-12.586673112426368,0.12840432552361292,-13.000561857007543,-12.497216900954982,1.0,-0.12390374545446114,-0.16221626655489452,0.7608814722965533,0.7608814722965533,0.10167567874096202,0.08844108913756418,0.034919871736152415,nan,nan,0.35703416343042216,9.033585361750127,30.915879978940573,1597.827952022751,nan,nan,nan,nan,nan,nan,nan,nan,nan,100.0,0.00818280147070774,6.597862083010841,2000.0,1.0,0.0,nan,nan,nan,nan,nan,nan,nan,nan,nan,nan,nan,nan,nan,nan,nan,nan,0.0,"[100, 100, 100, 100, 100]","[0.0, 0.0, 0.011233835654447782, 0.02782639954155123, 0.0018537721575396912]","[null, null, null, null, null]","[null, null, null, null, null]","[null, null, null, null, null]","[null, null, null, null, null]",,0.12840432552361292,0.07037064210586949,5.0,1.96
1a,2500,893005,neural-fore,neural-main-oracle-bellman,-12.664414345438708,-12.530494101731206,-12.586673112426368,0.1291095366287431,-12.783548793523542,-12.27743940993887,1.0,-0.0777412330123397,0.05617901069516229,0.873719894465842,0.873719894465842,0.13858005646128008,0.11868965962908666,0.06668609006489076,nan,nan,0.2893082408182832,9.289187793774985,31.32530981514696,1619.7739628020395,nan,nan,nan,nan,nan,nan,nan,nan,nan,180.0,0.002708011648114553,7.475214516615961,2000.0,1.0,0.0,nan,nan,nan,nan,nan,nan,nan,nan,nan,nan,nan,nan,nan,nan,nan,nan,0.0,"[300, 100, 300, 100, 100]","[0.0, 0.004232693035069464, 0.0010424760179013341, 0.008264889187601968, 0.0]","[null, null, null, null, null]","[null, null, null, null, null]","[null, null, null, null, null]","[null, null, null, null, null]",,0.1291095366287431,0.19700220494927742,5.0,1.96
1a,2500,903005,neural-fore,neural-main-oracle-bellman,-12.594677391559792,-12.44455689685297,-12.586673112426368,0.1203277750448888,-12.680399335940951,-12.208714457764987,1.0,-0.008004279133423609,0.14211621557339882,0.6768481445120523,0.6768481445120523,0.11692977376394784,0.09628822308259696,0.030979606478709117,nan,nan,0.388622328741599,9.569844711457964,30.10153451956894,1652.6868883390223,nan,nan,nan,nan,nan,nan,nan,nan,nan,140.0,0.012420721234478465,7.145198025181889,2000.0,1.0,0.0,nan,nan,nan,nan,nan,nan,nan,nan,nan,nan,nan,nan,nan,nan,nan,nan,0.0,"[300, 100, 100, 100, 100]","[0.0029644704931496946, 0.0010896647054385524, 0.007917266641079806, 0.005478681691091739, 0.04465352264163253]","[null, null, null, null, null]","[null, null, null, null, null]","[null, null, null, null, null]","[null, null, null, null, null]",,0.1203277750448888,0.14365614696407253,5.0,1.96
1a,2500,913005,neural-fore,neural-main-oracle-bellman,-12.628712024589925,-12.542211254930358,-12.586673112426368,0.12279848384664815,-12.782896283269787,-12.301526226590928,1.0,-0.04203891216355693,0.04446185749601028,0.5596027956393614,0.5596027956393614,0.09946078365099582,0.08333781867997414,0.026463388217638106,nan,nan,0.31055064880619004,9.336642661488966,29.25984573942036,1661.5331991884602,nan,nan,nan,nan,nan,nan,nan,nan,nan,140.0,0.005514814802197289,7.087432974600233,2000.0,1.0,0.0,nan,nan,nan,nan,nan,nan,nan,nan,nan,nan,nan,nan,nan,nan,nan,nan,0.0,"[300, 100, 100, 100, 100]","[0.0, 0.003035282159230415, 0.002451813791694543, 0.022086978060061487, 0.0]","[null, null, null, null, null]","[null, null, null, null, null]","[null, null, null, null, null]","[null, null, null, null, null]",,0.12279848384664815,0.10495183438736326,5.0,1.96
1a,2500,923005,neural-fore,neural-main-oracle-bellman,-12.678644454804493,-12.492950966241025,-12.586673112426368,0.12171328985640197,-12.731509014359574,-12.254392918122477,1.0,-0.09197134237812499,0.09372214618534258,0.8706638618242776,0.8706638618242776,0.15990216563938559,0.15687713605963768,0.042137341067909645,nan,nan,0.3012107499425362,9.278280822043607,28.790459630037102,1642.6224480061574,nan,nan,nan,nan,nan,nan,nan,nan,nan,220.0,0.012504560958326472,7.690045716438908,2000.0,1.0,0.0,nan,nan,nan,nan,nan,nan,nan,nan,nan,nan,nan,nan,nan,nan,nan,nan,0.0,"[100, 100, 300, 300, 300]","[0.007729496019113753, 0.04498397586990511, 0.0059799113558816905, 0.0038294215467318056, 0.0]","[null, null, null, null, null]","[null, null, null, null, null]","[null, null, null, null, null]","[null, null, null, null, null]",,0.12171328985640197,0.2051396726251835,5.0,1.96
1a,2500,933005,neural-fore,neural-main-oracle-bellman,-12.463253510061758,-12.30297165212542,-12.586673112426368,0.11661590579302913,-12.531538827479757,-12.074404476771083,0.0,0.12341960236460991,0.2837014603009482,0.9644375824217832,0.9644375824217832,0.1398440036310267,0.12642697129527297,0.031731061539769234,nan,nan,0.32678732181489817,9.602233974494311,28.793450048398537,1696.9377387931625,nan,nan,nan,nan,nan,nan,nan,nan,nan,140.0,0.01070450147476926,6.770472050423268,2000.0,1.0,0.0,nan,nan,nan,nan,nan,nan,nan,nan,nan,nan,nan,nan,nan,nan,nan,nan,0.0,"[100, 100, 300, 100, 100]","[0.006953372305059427, 0.012749223330902686, 0.0015664335401059395, 0.011049455947675087, 0.021204022250103163]","[null, null, null, null, null]","[null, null, null, null, null]","[null, null, null, null, null]","[null, null, null, null, null]",,0.11661590579302913,0.1582870064160467,5.0,1.96
1a,2500,943005,neural-fore,neural-main-oracle-bellman,-12.625932425182855,-12.638296981567777,-12.586673112426368,0.1256621524537686,-12.884594800377164,-12.39199916275839,1.0,-0.039259312756486864,-0.05162386914140882,1.2307800502180373,1.2307800502180373,0.22030635389136868,0.1706457515221685,0.04495414570924634,nan,nan,0.3662259792028605,9.229087362332363,29.310525238228635,1640.911515739099,nan,nan,nan,nan,nan,nan,nan,nan,nan,140.0,0.005963032435590915,7.858883833186701,2000.0,1.0,0.0,nan,nan,nan,nan,nan,nan,nan,nan,nan,nan,nan,nan,nan,nan,nan,nan,0.0,"[100, 100, 300, 100, 100]","[0.011313507349828413, 0.0007798919871068782, 0.0036087410501385226, 0.008468719095084933, 0.005644302695795827]","[null, null, null, null, null]","[null, null, null, null, null]","[null, null, null, null, null]","[null, null, null, null, null]",,0.1256621524537686,0.11716009116789297,5.0,1.96
1a,2500,953005,neural-fore,neural-main-oracle-bellman,-12.661027829150932,-12.577563624423743,-12.586673112426368,0.12503506199438688,-12.82263234593274,-12.332494902914744,1.0,-0.07435471672456373,0.009109488002625454,0.5324694155090258,0.5324694155090258,0.07665662448127128,0.06647270912347623,0.041753328851439966,nan,nan,0.4728952193164839,9.36626324058269,29.227608764459664,1659.0358619799042,nan,nan,nan,nan,nan,nan,nan,nan,nan,140.0,0.010442410266540334,7.110086933197453,2000.0,1.0,0.0,nan,nan,nan,nan,nan,nan,nan,nan,nan,nan,nan,nan,nan,nan,nan,nan,0.0,"[100, 100, 100, 300, 100]","[0.005765524914050097, 0.013014483767009014, 0.018054059990992292, 0.0087125716523403, 0.006665411008309965]","[null, null, null, null, null]","[null, null, null, null, null]","[null, null, null, null, null]","[null, null, null, null, null]",,0.12503506199438688,0.10019545648800954,5.0,1.96
1a,2500,963005,neural-fore,neural-main-oracle-bellman,-12.606685516759446,-12.58820602875122,-12.586673112426368,0.12316812911201126,-12.829615561810762,-12.346796495691677,1.0,-0.020012404333078493,-0.0015329163248516409,1.0639199023002166,1.0639199023002166,0.13606224204522527,0.134825550587166,0.050695555327663226,nan,nan,0.3221532304376266,9.44268462654914,30.49468700904601,1664.5846199615557,nan,nan,nan,nan,nan,nan,nan,nan,nan,140.0,0.016887629257287085,6.776247950631659,2000.0,1.0,0.0,nan,nan,nan,nan,nan,nan,nan,nan,nan,nan,nan,nan,nan,nan,nan,nan,0.0,"[100, 300, 100, 100, 100]","[0.03321625078904939, 0.0010677477136271684, 0.014297951609046391, 0.026237310201757826, 0.00961888597295465]","[null, null, null, null, null]","[null, null, null, null, null]","[null, null, null, null, null]","[null, null, null, null, null]",,0.12316812911201126,0.13153356728246615,5.0,1.96
1a,2500,973005,neural-fore,neural-main-oracle-bellman,-12.812057140543507,-12.753998628123261,-12.586673112426368,0.13247171165343086,-13.013643182963985,-12.494354073282537,1.0,-0.22538402811713887,-0.16732551569689313,0.7421186344231164,0.7421186344231164,0.13523890003936218,0.1285165790377491,0.04083960187381013,nan,nan,0.38670598660766253,9.208072200107871,30.51851555161292,1613.8580511818077,nan,nan,nan,nan,nan,nan,nan,nan,nan,100.0,0.011740333780213634,6.075107833405491,2000.0,1.0,0.0,nan,nan,nan,nan,nan,nan,nan,nan,nan,nan,nan,nan,nan,nan,nan,nan,0.0,"[100, 100, 100, 100, 100]","[0.0075710606269397684, 0.0015730711453015168, 0.02850428313899, 0.005918728647495717, 0.01513452534234117]","[null, null, null, null, null]","[null, null, null, null, null]","[null, null, null, null, null]","[null, null, null, null, null]",,0.13247171165343086,0.10694601090068642,5.0,1.96
1a,2500,983005,neural-fore,neural-main-oracle-bellman,-12.541004139798629,-12.461104871265025,-12.586673112426368,0.11941278806856355,-12.695153935879409,-12.227055806650641,1.0,0.04566897262773928,0.1255682411613428,0.9720248593467817,0.9720248593467817,0.13287967530557426,0.11786297884729224,0.04301583133158564,nan,nan,0.2872016966361146,9.673785492633412,27.544760791651214,1698.701600745951,nan,nan,nan,nan,nan,nan,nan,nan,nan,180.0,0.00891229371736761,7.3992596913944,2000.0,1.0,0.0,nan,nan,nan,nan,nan,nan,nan,nan,nan,nan,nan,nan,nan,nan,nan,nan,0.0,"[100, 100, 300, 100, 300]","[0.004494545161716732, 0.014721790806942482, 0.010181096295906066, 0.006540265647486399, 0.008623770674786367]","[null, null, null, null, null]","[null, null, null, null, null]","[null, null, null, null, null]","[null, null, null, null, null]",,0.11941278806856355,0.04733600333095432,5.0,1.96
1a,2500,993005,neural-fore,neural-main-oracle-bellman,-12.76874559966343,-12.666107553071864,-12.586673112426368,0.1313547442049207,-12.923562851713509,-12.40865225443022,1.0,-0.18207248723706115,-0.0794344406454961,0.662612387453242,0.662612387453242,0.10178670847069202,0.09001153658282193,0.04044367809116208,nan,nan,0.37760057998225255,8.919914648031753,32.42984433886278,1578.4969156324883,nan,nan,nan,nan,nan,nan,nan,nan,nan,100.0,0.008044230197949817,6.692391891579609,2000.0,1.0,0.0,nan,nan,nan,nan,nan,nan,nan,nan,nan,nan,nan,nan,nan,nan,nan,nan,0.0,"[100, 100, 100, 100, 100]","[0.009771090855472982, 0.0, 0.02098041466631039, 0.009469645467965712, 0.0]","[null, null, null, null, null]","[null, null, null, null, null]","[null, null, null, null, null]","[null, null, null, null, null]",,0.1313547442049207,0.2041627272743088,5.0,1.96
1a,2500,1003005,neural-fore,neural-main-oracle-bellman,-12.50285121875683,-12.429180049562982,-12.586673112426368,0.12288055031424698,-12.670025928178905,-12.188334170947059,1.0,0.08382189366953874,0.15749306286338616,0.7321013156747116,0.7321013156747116,0.11760117907622006,0.10026172531880118,0.04319988125470607,nan,nan,0.4374307059273211,9.599956756184099,29.366420657184836,1665.4166435076163,nan,nan,nan,nan,nan,nan,nan,nan,nan,100.0,0.008919456900457201,5.96071326660458,2000.0,1.0,0.0,nan,nan,nan,nan,nan,nan,nan,nan,nan,nan,nan,nan,nan,nan,nan,nan,0.0,"[100, 100, 100, 100, 100]","[0.028626351965590238, 0.010683062060483342, 0.00016985802037542015, 0.0008083792372644076, 0.004309633218572595]","[null, null, null, null, null]","[null, null, null, null, null]","[null, null, null, null, null]","[null, null, null, null, null]",,0.12288055031424698,0.12039551442974457,5.0,1.96
1a,2500,1013005,neural-fore,neural-main-oracle-bellman,-12.64264516036515,-12.503211750772273,-12.586673112426368,0.13223628443048369,-12.76239486825602,-12.244028633288526,1.0,-0.05597204793878241,0.0834613616540949,0.882494566027199,0.882494566027199,0.12436294032116332,0.10647768208163884,0.0422816909799367,nan,nan,0.2755785178572255,9.1864957392912,34.24471899664476,1551.633275238232,nan,nan,nan,nan,nan,nan,nan,nan,nan,140.0,0.006453731017165676,7.0724113418255,2000.0,1.0,0.0,nan,nan,nan,nan,nan,nan,nan,nan,nan,nan,nan,nan,nan,nan,nan,nan,0.0,"[100, 100, 100, 100, 300]","[0.01133999601513425, 0.011735920079998248, 0.009192738990695885, 0.0, 0.0]","[null, null, null, null, null]","[null, null, null, null, null]","[null, null, null, null, null]","[null, null, null, null, null]",,0.13223628443048369,0.1046201718004324,5.0,1.96
1a,2500,1023005,neural-fore,neural-main-oracle-bellman,-12.547240464115681,-12.577104270702641,-12.586673112426368,0.1254767132532688,-12.823038628679049,-12.331169912726233,1.0,0.0394326483106866,0.009568841723726962,0.9430318908976577,0.9430318908976577,0.12850978489020426,0.11345306788338005,0.05670447970956373,nan,nan,0.3387333180969163,9.208879940997615,28.48703691112559,1661.036159107592,nan,nan,nan,nan,nan,nan,nan,nan,nan,180.0,0.006311366322183089,7.928731600008905,2000.0,1.0,0.0,nan,nan,nan,nan,nan,nan,nan,nan,nan,nan,nan,nan,nan,nan,nan,nan,0.0,"[300, 100, 100, 100, 300]","[0.0, 0.013351802245010404, 0.004237164350307393, 0.011061158358900494, 0.0029067066566971526]","[null, null, null, null, null]","[null, null, null, null, null]","[null, null, null, null, null]","[null, null, null, null, null]",,0.1254767132532688,0.08630939373791233,5.0,1.96
1a,2500,1033005,neural-fore,neural-main-oracle-bellman,-12.580396353638498,-12.554864244447314,-12.586673112426368,0.11881288761141456,-12.787737504165687,-12.321990984728941,1.0,0.006276758787869596,0.0318088679790538,1.1860980320062313,1.1860980320062313,0.14274886046462743,0.13113237405811695,0.04710376383336305,nan,nan,0.4469433470617721,9.36873040928252,27.625447556574656,1682.5261445509095,nan,nan,nan,nan,nan,nan,nan,nan,nan,100.0,0.016278698710320783,6.053402966528665,2000.0,1.0,0.0,nan,nan,nan,nan,nan,nan,nan,nan,nan,nan,nan,nan,nan,nan,nan,nan,0.0,"[100, 100, 100, 100, 100]","[0.012714693678520558, 0.0164554623401734, 0.02263968577744835, 0.004737644465528001, 0.02484600728993361]","[null, null, null, null, null]","[null, null, null, null, null]","[null, null, null, null, null]","[null, null, null, null, null]",,0.11881288761141456,0.11537919098851639,5.0,1.96
1a,2500,1043005,neural-fore,neural-main-oracle-bellman,-12.585297400221513,-12.509952246008213,-12.586673112426368,0.12316639053154356,-12.751358371450038,-12.268546120566388,1.0,0.0013757122048545511,0.0767208664181549,0.8627295700630387,0.8627295700630387,0.1189691333914874,0.10515514303665678,0.053142542441457205,nan,nan,0.3927757312767702,9.316685767498852,28.6221180648296,1654.3013385342067,nan,nan,nan,nan,nan,nan,nan,nan,nan,100.0,0.017152931201289932,6.762381258420646,2000.0,1.0,0.0,nan,nan,nan,nan,nan,nan,nan,nan,nan,nan,nan,nan,nan,nan,nan,nan,0.0,"[100, 100, 100, 100, 100]","[0.02100931755620948, 0.008088070009315131, 0.023289741379064404, 0.0, 0.03337752706186065]","[null, null, null, null, null]","[null, null, null, null, null]","[null, null, null, null, null]","[null, null, null, null, null]",,0.12316639053154356,0.11896380729934662,5.0,1.96
1a,2500,1053005,neural-fore,neural-main-oracle-bellman,-12.723116592968447,-12.680185611594046,-12.586673112426368,0.1300611992546908,-12.93510556213324,-12.425265661054853,1.0,-0.1364434805420789,-0.09351249916767834,0.6234797922556179,0.6234797922556179,0.12498931361002348,0.12301915307550745,0.03720707563075256,nan,nan,0.39865426382104635,9.148942957431494,30.001165366981407,1631.6547585702644,nan,nan,nan,nan,nan,nan,nan,nan,nan,140.0,0.02551578640615897,6.716819283179939,2000.0,1.0,0.0,nan,nan,nan,nan,nan,nan,nan,nan,nan,nan,nan,nan,nan,nan,nan,nan,0.0,"[100, 100, 300, 100, 100]","[0.014931641341617986, 0.03730567130710413, 0.0006707186415002258, 0.07282873796703797, 0.0018421627735345203]","[null, null, null, null, null]","[null, null, null, null, null]","[null, null, null, null, null]","[null, null, null, null, null]",,0.1300611992546908,0.1105296352377195,5.0,1.96
1a,2500,1063005,neural-fore,neural-main-oracle-bellman,-12.696239538729392,-12.703343740709403,-12.586673112426368,0.14029111276764294,-12.978314321733983,-12.428373159684824,1.0,-0.10956642630302404,-0.11667062828303543,0.7318310633308268,0.7318310633308268,0.15119224622134034,0.13831689305033712,0.08149383472621874,nan,nan,0.4029859007507457,8.788554000803538,35.77864186879346,1536.6889099649368,nan,nan,nan,nan,nan,nan,nan,nan,nan,100.0,0.015610252389496907,5.942856833804399,2000.0,1.0,0.0,nan,nan,nan,nan,nan,nan,nan,nan,nan,nan,nan,nan,nan,nan,nan,nan,0.0,"[100, 100, 100, 100, 100]","[0.03468459614970637, 0.01738015028707117, 0.01710221291764934, 0.003982241252558772, 0.004902061340498877]","[null, null, null, null, null]","[null, null, null, null, null]","[null, null, null, null, null]","[null, null, null, null, null]",,0.14029111276764294,0.1802834063576939,5.0,1.96
1a,2500,1073005,neural-fore,neural-main-oracle-bellman,-12.623679443140313,-12.573793629141717,-12.586673112426368,0.13467556648466805,-12.837757739451666,-12.309829518831767,1.0,-0.03700633071394499,0.012879483284651272,0.9299370482461728,0.9299370482461728,0.11983131514003639,0.10871323797057757,0.043141485065537354,nan,nan,0.48263576006809256,9.178456333877943,35.197509680516134,1545.0284138179672,nan,nan,nan,nan,nan,nan,nan,nan,nan,100.0,0.015797416154320943,7.191886524844449,2000.0,1.0,0.0,nan,nan,nan,nan,nan,nan,nan,nan,nan,nan,nan,nan,nan,nan,nan,nan,0.0,"[100, 100, 100, 100, 100]","[0.01879539006577275, 0.0264850998433926, 0.006335019678039821, 0.008686098215262904, 0.018685472969136648]","[null, null, null, null, null]","[null, null, null, null, null]","[null, null, null, null, null]","[null, null, null, null, null]",,0.13467556648466805,0.0910256468115814,5.0,1.96
1a,2500,1083005,neural-fore,neural-main-oracle-bellman,-12.665656012160504,-12.644693803735905,-12.586673112426368,0.12535131166556063,-12.890382374600403,-12.399005232871406,1.0,-0.07898289973413597,-0.05802069130953669,0.9981100007560446,0.9981100007560446,0.1666573177138905,0.1451290535881204,0.04730276512926714,nan,nan,0.2805815516682025,9.348938532186533,29.824203042798352,1639.6288068907336,nan,nan,nan,nan,nan,nan,nan,nan,nan,180.0,0.011630837035810058,8.170130033197347,2000.0,1.0,0.0,nan,nan,nan,nan,nan,nan,nan,nan,nan,nan,nan,nan,nan,nan,nan,nan,0.0,"[100, 300, 100, 300, 100]","[0.004360013442740849, 0.0, 0.03123087847183988, 0.013339785640077961, 0.00922350762439159]","[null, null, null, null, null]","[null, null, null, null, null]","[null, null, null, null, null]","[null, null, null, null, null]",,0.12535131166556063,0.23499017926855975,5.0,1.96
1a,2500,1093005,neural-fore,neural-main-oracle-bellman,-12.55580417517139,-12.39837624507888,-12.586673112426368,0.12382503628816151,-12.641073316203677,-12.155679173954084,1.0,0.030868937254977524,0.1882968673474874,1.1465479867583637,1.1465479867583637,0.20455563611601724,0.16313811013639318,0.06500305335780106,nan,nan,0.3680273783001216,9.440519696357818,29.48048390605113,1665.1621968098443,nan,nan,nan,nan,nan,nan,nan,nan,nan,180.0,0.01984777769200621,7.164198392000981,2000.0,1.0,0.0,nan,nan,nan,nan,nan,nan,nan,nan,nan,nan,nan,nan,nan,nan,nan,nan,0.0,"[100, 300, 100, 100, 300]","[0.014111015482829033, 0.0, 0.05267075579948982, 0.0324571171777122, 0.0]","[null, null, null, null, null]","[null, null, null, null, null]","[null, null, null, null, null]","[null, null, null, null, null]",,0.12382503628816151,0.160825352031594,5.0,1.96
1a,2500,1103005,neural-fore,neural-main-oracle-bellman,-12.62266373534919,-12.549348562538889,-12.586673112426368,0.12429230138009821,-12.792961473243881,-12.305735651833896,1.0,-0.035990622922822624,0.03732454988747946,0.934059308249015,0.934059308249015,0.1571951179025668,0.1386075257304685,0.05643275498997879,nan,nan,0.19499122398425697,9.209242175001757,27.69147923134814,1674.582946594456,nan,nan,nan,nan,nan,nan,nan,nan,nan,180.0,0.022359518498964073,7.153484133793972,2000.0,1.0,0.0,nan,nan,nan,nan,nan,nan,nan,nan,nan,nan,nan,nan,nan,nan,nan,nan,0.0,"[300, 100, 100, 300, 100]","[0.0013823248983525099, 0.03661330015142379, 0.05085434909378561, 0.01196649393922017, 0.010981124412038287]","[null, null, null, null, null]","[null, null, null, null, null]","[null, null, null, null, null]","[null, null, null, null, null]",,0.12429230138009821,0.08879961786851158,5.0,1.96
1a,2500,1113005,neural-fore,neural-main-oracle-bellman,-12.620195792657455,-12.5703803221674,-12.586673112426368,0.12718802137782506,-12.819668844067937,-12.321091800266863,1.0,-0.033522680231087065,0.01629279025896757,0.5559667977619341,0.5559667977619341,0.12021087772690384,0.110871927443253,0.05083854076183536,nan,nan,0.31975619502193176,9.396937420486108,30.594384724208208,1622.935803273966,nan,nan,nan,nan,nan,nan,nan,nan,nan,140.0,0.0033234799181308303,7.331447008228861,2000.0,1.0,0.0,nan,nan,nan,nan,nan,nan,nan,nan,nan,nan,nan,nan,nan,nan,nan,nan,0.0,"[300, 100, 100, 100, 100]","[0.006481781692322476, 7.478521595349579e-06, 0.003680831937669207, 0.0, 0.006447307439067119]","[null, null, null, null, null]","[null, null, null, null, null]","[null, null, null, null, null]","[null, null, null, null, null]",,0.12718802137782506,0.12253509305258692,5.0,1.96
1a,2500,1123005,neural-fore,neural-main-oracle-bellman,-12.687913638481367,-12.613068933858063,-12.586673112426368,0.12977758145956736,-12.867432993518815,-12.358704874197311,1.0,-0.10124052605499934,-0.026395821431695055,0.5985036118091076,0.5985036118091076,0.09826151418812262,0.0924351322189577,0.06569165826324717,nan,nan,0.23323592557368086,9.317076897649994,27.408640897095967,1630.7684882417116,nan,nan,nan,nan,nan,nan,nan,nan,nan,180.0,0.008636175172453308,8.03221575820353,2000.0,1.0,0.0,nan,nan,nan,nan,nan,nan,nan,nan,nan,nan,nan,nan,nan,nan,nan,nan,0.0,"[300, 100, 100, 300, 100]","[0.0019459212330728021, 0.014281422268191655, 0.02221316929336447, 0.0, 0.004740363067637615]","[null, null, null, null, null]","[null, null, null, null, null]","[null, null, null, null, null]","[null, null, null, null, null]",,0.12977758145956736,0.16656894360450727,5.0,1.96
1a,2500,1133005,neural-fore,neural-main-oracle-bellman,-12.666541407171518,-12.577310715898362,-12.586673112426368,0.12312205161607784,-12.818629937065873,-12.33599149473085,1.0,-0.07986829474515034,0.0093623965280063,0.7062763058696777,0.7062763058696777,0.12233404287650149,0.1148631410099056,0.049326247870721186,nan,nan,0.3068169912791314,9.305990502341297,27.0610684218463,1689.224014199877,nan,nan,nan,nan,nan,nan,nan,nan,nan,140.0,0.0030492383080808995,6.833287158387248,2000.0,1.0,0.0,nan,nan,nan,nan,nan,nan,nan,nan,nan,nan,nan,nan,nan,nan,nan,nan,0.0,"[100, 100, 100, 100, 300]","[0.0018983717121424117, 0.003331762888625639, 0.010016056939636447, 0.0, 0.0]","[null, null, null, null, null]","[null, null, null, null, null]","[null, null, null, null, null]","[null, null, null, null, null]",,0.12312205161607784,0.06041167950154402,5.0,1.96
1a,2500,1143005,neural-fore,neural-main-oracle-bellman,-12.801910450348233,-12.834450450487827,-12.586673112426368,0.1323758341433204,-13.093907085408734,-12.57499381556692,1.0,-0.21523733792186484,-0.24777733806145896,0.9257081573935084,0.9257081573935084,0.12246443455397045,0.10854803913609715,0.04486334997008567,nan,nan,0.45870370069409855,9.112973246901527,30.000247804994164,1620.911355759612,nan,nan,nan,nan,nan,nan,nan,nan,nan,100.0,0.016546649511890534,6.813846625387669,2000.0,1.0,0.0,nan,nan,nan,nan,nan,nan,nan,nan,nan,nan,nan,nan,nan,nan,nan,nan,0.0,"[100, 100, 100, 100, 100]","[0.006965394460539168, 0.03784556917097973, 0.0004887164454264374, 0.035052893624195974, 0.002380673858311346]","[null, null, null, null, null]","[null, null, null, null, null]","[null, null, null, null, null]","[null, null, null, null, null]",,0.1323758341433204,0.1328887474790653,5.0,1.96
1a,2500,1153005,neural-fore,neural-main-oracle-bellman,-12.978409238976912,-13.0004359798835,-12.586673112426368,0.14115064134955835,-13.277091236928634,-12.723780722838367,0.0,-0.39173612655054413,-0.4137628674571321,1.2060059706635113,1.2060059706635113,0.216684868962552,0.1851380335033803,0.06328816345946729,nan,nan,0.30484435899804646,8.723710353606762,33.54867036284812,1551.6275399942472,nan,nan,nan,nan,nan,nan,nan,nan,nan,100.0,0.004232259018781502,7.572579883225262,2000.0,1.0,0.0,nan,nan,nan,nan,nan,nan,nan,nan,nan,nan,nan,nan,nan,nan,nan,nan,0.0,"[100, 100, 100, 100, 100]","[0.0011341077999106838, 0.006816082450262614, 5.045793180697316e-05, 0.008059453844499154, 0.005101193067428083]","[null, null, null, null, null]","[null, null, null, null, null]","[null, null, null, null, null]","[null, null, null, null, null]",,0.14115064134955835,0.13262912880478142,5.0,1.96
1a,2500,1163005,neural-fore,neural-main-oracle-bellman,-12.467214516836865,-12.461596462957855,-12.586673112426368,0.12029911280548648,-12.69738272405661,-12.225810201859101,1.0,0.11945859558950289,0.1250766494685127,1.1626196329899947,1.1626196329899947,0.20830120072860478,0.19408091332315616,0.05908659355139263,nan,nan,0.39114322455347056,9.541996564453399,30.463657951157025,1691.1564897349215,nan,nan,nan,nan,nan,nan,nan,nan,nan,140.0,0.00879097624453762,7.578158908803016,2000.0,1.0000000000000002,0.0,nan,nan,nan,nan,nan,nan,nan,nan,nan,nan,nan,nan,nan,nan,nan,nan,0.0,"[300, 100, 100, 100, 100]","[0.0, 0.013860610848517144, 0.012586702361785275, 0.006574594419576328, 0.01093297359280935]","[null, null, null, null, null]","[null, null, null, null, null]","[null, null, null, null, null]","[null, null, null, null, null]",,0.12029911280548648,0.11772942529566807,5.0,1.96
1a,2500,1173005,neural-fore,neural-main-oracle-bellman,-12.75675754433987,-12.771647035235318,-12.586673112426368,0.13558668424048267,-13.037396936346665,-12.505897134123972,1.0,-0.17008443191350153,-0.18497392280895042,0.9159847874437415,0.9159847874437415,0.1469629494602331,0.13262254930530598,0.028518710375144207,nan,nan,0.24975471083236267,9.05485673185115,33.93414764060897,1554.2071056730483,nan,nan,nan,nan,nan,nan,nan,nan,nan,140.0,0.00625216196685037,8.10577396643348,2000.0,1.0,0.0,nan,nan,nan,nan,nan,nan,nan,nan,nan,nan,nan,nan,nan,nan,nan,nan,0.0,"[300, 100, 100, 100, 100]","[0.0, 0.007454543127705538, 0.007692580856438939, 0.008927427307936525, 0.0071862585421708465]","[null, null, null, null, null]","[null, null, null, null, null]","[null, null, null, null, null]","[null, null, null, null, null]",,0.13558668424048267,0.11662365731219021,5.0,1.96
1a,2500,1183005,neural-fore,neural-main-oracle-bellman,-12.623075702868174,-12.54244509909763,-12.586673112426368,0.12690362088202706,-12.791176196026404,-12.293714002168857,1.0,-0.03640259044180638,0.0442280133287376,0.76055296254188,0.76055296254188,0.11314263178231662,0.10377035970199126,0.05170462634062406,nan,nan,0.4314247331542435,9.108051209061554,31.82289984742063,1617.342681074227,nan,nan,nan,nan,nan,nan,nan,nan,nan,100.0,0.005932708158002878,6.668415924778674,2000.0,1.0,0.0,nan,nan,nan,nan,nan,nan,nan,nan,nan,nan,nan,nan,nan,nan,nan,nan,0.0,"[100, 100, 100, 100, 100]","[0.005501961749683506, 0.0, 0.009682991394534038, 0.01352782861464009, 0.0009507590311567617]","[null, null, null, null, null]","[null, null, null, null, null]","[null, null, null, null, null]","[null, null, null, null, null]",,0.12690362088202706,0.20238765645022294,5.0,1.96
1a,2500,1193005,neural-fore,neural-main-oracle-bellman,-12.618724226430642,-12.490111293553971,-12.586673112426368,0.12616371574192428,-12.737392176408143,-12.2428304106998,1.0,-0.03205111400427363,0.0965618188723969,0.9595725151424134,0.9595725151424134,0.1318637091141364,0.11339852756232571,0.051334686328413794,nan,nan,0.34851379025473017,9.184975036561184,31.171663723286176,1632.9580190534311,nan,nan,nan,nan,nan,nan,nan,nan,nan,100.0,0.01045322013386522,7.915823325410019,2000.0,1.0,0.0,nan,nan,nan,nan,nan,nan,nan,nan,nan,nan,nan,nan,nan,nan,nan,nan,0.0,"[100, 100, 100, 100, 100]","[0.004081525304286135, 0.02233891222800815, 0.010079451702354275, 0.0012406841978581044, 0.014525527236819439]","[null, null, null, null, null]","[null, null, null, null, null]","[null, null, null, null, null]","[null, null, null, null, null]",,0.12616371574192428,0.0851048326183305,5.0,1.96
1a,2500,1203005,neural-fore,neural-main-oracle-bellman,-12.460915056918182,-12.336485870849396,-12.586673112426368,0.11741750117921132,-12.56662417316065,-12.106347568538142,0.0,0.12575805550818586,0.25018724157697214,1.0212590862996342,1.0212590862996342,0.15517052981756746,0.12436003383174339,0.039010069262824486,nan,nan,0.28316626005655304,9.709382469993818,28.217878793048865,1703.3359043056598,nan,nan,nan,nan,nan,nan,nan,nan,nan,180.0,0.0069753866287133705,8.812324625172186,2000.0,1.0,0.0,nan,nan,nan,nan,nan,nan,nan,nan,nan,nan,nan,nan,nan,nan,nan,nan,0.0,"[100, 300, 100, 100, 300]","[0.003562831075346507, 0.009997890235983214, 0.00796867901008615, 0.002437330610317658, 0.010910202211833323]","[null, null, null, null, null]","[null, null, null, null, null]","[null, null, null, null, null]","[null, null, null, null, null]",,0.11741750117921132,0.13484866918716912,5.0,1.96
1a,2500,1213005,neural-fore,neural-main-oracle-bellman,-12.800382099055327,-12.81252425148827,-12.586673112426368,0.12961098815351466,-13.066561788269158,-12.558486714707382,1.0,-0.21370898662895854,-0.22585113906190202,1.1053853128746396,1.1053853128746396,0.25263073274809233,0.21963240358086483,0.029929349885262052,nan,nan,0.37553814515604217,9.403324410786421,28.513182483119685,1644.5713673687192,nan,nan,nan,nan,nan,nan,nan,nan,nan,100.0,0.01640494585341902,7.3157316335709766,2000.0,1.0,0.0,nan,nan,nan,nan,nan,nan,nan,nan,nan,nan,nan,nan,nan,nan,nan,nan,0.0,"[100, 100, 100, 100, 100]","[0.031949362785482556, 0.002949071369236212, 0.020633057464852438, 0.019763852788585348, 0.006729384858938548]","[null, null, null, null, null]","[null, null, null, null, null]","[null, null, null, null, null]","[null, null, null, null, null]",,0.12961098815351466,0.13679809715175964,5.0,1.96
1a,2500,1223005,neural-fore,neural-main-oracle-bellman,-12.568539833501218,-12.527836948921417,-12.586673112426368,0.1268967586318643,-12.77655459583987,-12.279119302002963,1.0,0.018133278925150265,0.058836163504951244,0.6986348930300632,0.6986348930300632,0.12807292632815437,0.1142740821164383,0.040206599057660976,nan,nan,0.3212012443458904,8.914065575139475,31.464362312979073,1609.433598690297,nan,nan,nan,nan,nan,nan,nan,nan,nan,180.0,0.024429680310717312,8.53410630042199,2000.0,1.0,0.0,nan,nan,nan,nan,nan,nan,nan,nan,nan,nan,nan,nan,nan,nan,nan,nan,0.0,"[100, 100, 100, 300, 300]","[0.062197667431271586, 0.004040801097266539, 0.05236865204755921, 0.0034555440295389213, 8.573694795030703e-05]","[null, null, null, null, null]","[null, null, null, null, null]","[null, null, null, null, null]","[null, null, null, null, null]",,0.1268967586318643,0.09664202438507398,5.0,1.96
1a,2500,1233005,neural-fore,neural-main-oracle-bellman,-12.571006507969342,-12.52382690770745,-12.586673112426368,0.1271285183952195,-12.77299880376208,-12.27465501165282,1.0,0.015666604457026168,0.06284620471891778,0.731985007257064,0.731985007257064,0.11843855349863867,0.0998935007215245,0.056944324766684234,nan,nan,0.35282654338530506,9.449942366315174,35.02360535714497,1598.1676930526726,nan,nan,nan,nan,nan,nan,nan,nan,nan,140.0,0.01268593278388131,7.892907407972961,2000.0,1.0,0.0,nan,nan,nan,nan,nan,nan,nan,nan,nan,nan,nan,nan,nan,nan,nan,nan,0.0,"[300, 100, 100, 100, 100]","[0.0, 0.007993595198920999, 0.0006404950613765076, 0.018569260901428877, 0.03622631275768016]","[null, null, null, null, null]","[null, null, null, null, null]","[null, null, null, null, null]","[null, null, null, null, null]",,0.1271285183952195,0.20521954671902284,5.0,1.96
1a,2500,1243005,neural-fore,neural-main-oracle-bellman,-12.825364815578597,-12.827742886272832,-12.586673112426368,0.13286138147306886,-13.088151193960046,-12.567334578585617,1.0,-0.2386917031522291,-0.24106977384646378,1.1175149632613184,1.1175149632613184,0.22293410149108772,0.19093719948682047,0.06257646387849643,nan,nan,0.42668299334675774,9.200361686525019,30.759608187383467,1609.0907192141785,nan,nan,nan,nan,nan,nan,nan,nan,nan,100.0,0.025484396126867887,6.839970558241475,2000.0,1.0,0.0,nan,nan,nan,nan,nan,nan,nan,nan,nan,nan,nan,nan,nan,nan,nan,nan,0.0,"[100, 100, 100, 100, 100]","[0.006187025838840281, 0.04356901601416949, 0.05132704654627716, 0.017286920774767452, 0.00905197146028506]","[null, null, null, null, null]","[null, null, null, null, null]","[null, null, null, null, null]","[null, null, null, null, null]",,0.13286138147306886,0.12974790310928094,5.0,1.96
1a,2500,1253005,neural-fore,neural-main-oracle-bellman,-12.525307361744536,-12.480197496764987,-12.586673112426368,0.12414862526040331,-12.723528802275377,-12.236866191254597,1.0,0.0613657506818317,0.10647561566138108,0.7283847329753173,0.7283847329753173,0.11220249661778547,0.08818972973058721,0.038424634072473096,nan,nan,0.2993876454457785,9.48819604288054,30.961107686152662,1615.3453427624747,nan,nan,nan,nan,nan,nan,nan,nan,nan,140.0,0.016357412755502274,8.039896258839871,2000.0,1.0,0.0,nan,nan,nan,nan,nan,nan,nan,nan,nan,nan,nan,nan,nan,nan,nan,nan,0.0,"[100, 100, 300, 100, 100]","[0.03785616781462378, 0.0, 0.0, 0.03300749078180304, 0.010923405181084546]","[null, null, null, null, null]","[null, null, null, null, null]","[null, null, null, null, null]","[null, null, null, null, null]",,0.12414862526040331,0.16223214032642877,5.0,1.96
1a,2500,1263005,neural-fore,neural-main-oracle-bellman,-12.627694654169185,-12.52008667556381,-12.586673112426368,0.12667054728514407,-12.768360948242693,-12.271812402884928,1.0,-0.04102154174281658,0.06658643686255772,0.655070334746626,0.655070334746626,0.12145709370715477,0.11072372329323028,0.026231242241181132,nan,nan,0.300566579731546,9.32434205140526,28.830986965579598,1637.4380898595807,nan,nan,nan,nan,nan,nan,nan,nan,nan,180.0,0.02448833176760739,8.615060241811443,2000.0,1.0,0.0,nan,nan,nan,nan,nan,nan,nan,nan,nan,nan,nan,nan,nan,nan,nan,nan,0.0,"[300, 100, 100, 100, 300]","[0.0, 0.015083969361782969, 0.006315967411449732, 0.10104172206480426, 0.0]","[null, null, null, null, null]","[null, null, null, null, null]","[null, null, null, null, null]","[null, null, null, null, null]",,0.12667054728514407,0.18020647258856773,5.0,1.96
1a,2500,1273005,neural-fore,neural-main-oracle-bellman,-12.76703651196078,-12.642024991210652,-12.586673112426368,0.13176449103146481,-12.900283393632323,-12.383766588788982,1.0,-0.1803633995344125,-0.05535187878428438,1.0633158988173825,1.0633158988173825,0.13365646328361078,0.11827904409757069,0.06106763488413236,nan,nan,0.24334376132308985,9.167783929003303,29.651517852905968,1605.8784125468937,nan,nan,nan,nan,nan,nan,nan,nan,nan,100.0,0.008486854483322462,7.88339810082689,2000.0,1.0,0.0,nan,nan,nan,nan,nan,nan,nan,nan,nan,nan,nan,nan,nan,nan,nan,nan,0.0,"[100, 100, 100, 100, 100]","[0.0025871957830327563, 0.012279880199680994, 0.01979225199213982, 0.007774944441758739, 0.0]","[null, null, null, null, null]","[null, null, null, null, null]","[null, null, null, null, null]","[null, null, null, null, null]",,0.13176449103146481,0.1963070181439613,5.0,1.96
1a,2500,1283005,neural-fore,neural-main-oracle-bellman,-12.869973974762736,-12.964759996809299,-12.586673112426368,0.13976820654950173,-13.238705681646323,-12.690814311972275,0.0,-0.2833008623363682,-0.37808688438293103,1.0209613002848372,1.0209613002848372,0.1343932721280961,0.11882034902705489,0.035922701764555746,nan,nan,0.2901793843917765,8.795623343769822,33.77652850635674,1538.9971547830617,nan,nan,nan,nan,nan,nan,nan,nan,nan,140.0,0.016292617945983683,7.711651582969353,2000.0,1.0,0.0,nan,nan,nan,nan,nan,nan,nan,nan,nan,nan,nan,nan,nan,nan,nan,nan,0.0,"[300, 100, 100, 100, 100]","[0.0026505943423458848, 0.0, 0.006972546972779318, 0.007982878066858675, 0.06385707034793454]","[null, null, null, null, null]","[null, null, null, null, null]","[null, null, null, null, null]","[null, null, null, null, null]",,0.13976820654950173,0.1269973300442713,5.0,1.96
1a,2500,1293005,neural-fore,neural-main-oracle-bellman,-12.435724838787454,-12.307195646745411,-12.586673112426368,0.1146700657664129,-12.53194897564758,-12.082442317843242,0.0,0.15094827363891383,0.2794774656809569,0.9241930562158526,0.9241930562158526,0.13297334886402676,0.11741025610940811,0.04337622505795947,nan,nan,0.36464295279269104,9.425223309798035,29.481901669750588,1692.7005427635038,nan,nan,nan,nan,nan,nan,nan,nan,nan,100.0,0.012831405414071925,6.915112124604638,2000.0,1.0,0.0,nan,nan,nan,nan,nan,nan,nan,nan,nan,nan,nan,nan,nan,nan,nan,nan,0.0,"[100, 100, 100, 100, 100]","[0.012241767150652411, 0.011791373976835435, 0.03071992355517081, 0.00019924542592918208, 0.00920471696177179]","[null, null, null, null, null]","[null, null, null, null, null]","[null, null, null, null, null]","[null, null, null, null, null]",,0.1146700657664129,0.14226289958229316,5.0,1.96
1a,2500,1303005,neural-fore,neural-main-oracle-bellman,-12.72686487950435,-12.562106385519064,-12.586673112426368,0.12635207387393024,-12.809756450311967,-12.31445632072616,1.0,-0.1401917670779813,0.024566726907304215,1.1354514655405472,1.1354514655405472,0.15170431388342617,0.14536782730499592,0.06840502001507594,nan,nan,0.25562380746131713,9.180833487119388,28.892631309478443,1644.7617769965566,nan,nan,nan,nan,nan,nan,nan,nan,nan,180.0,0.004771958835698904,8.312273383606225,2000.0,1.0000000000000002,0.0,nan,nan,nan,nan,nan,nan,nan,nan,nan,nan,nan,nan,nan,nan,nan,nan,0.0,"[100, 100, 300, 100, 300]","[0.00730204322702308, 0.009994889595669135, 0.0, 0.005890585159585425, 0.0006722761962168817]","[null, null, null, null, null]","[null, null, null, null, null]","[null, null, null, null, null]","[null, null, null, null, null]",,0.12635207387393024,0.20243984009901447,5.0,1.96
1a,2500,1313005,neural-fore,neural-main-oracle-bellman,-12.882936701723171,-12.818513878743708,-12.586673112426368,0.13389281701063144,-13.080943800084546,-12.55608395740287,1.0,-0.2962635892968031,-0.2318407663173403,1.1435416423348868,1.1435416423348868,0.16298590029442922,0.15168812525842082,0.042015887975771896,nan,nan,0.26964289903690297,9.029036733880703,31.41023228306309,1603.9671167426789,nan,nan,nan,nan,nan,nan,nan,nan,nan,140.0,0.018113772281064096,7.175559466972482,2000.0,1.0,0.0,nan,nan,nan,nan,nan,nan,nan,nan,nan,nan,nan,nan,nan,nan,nan,nan,0.0,"[100, 100, 100, 300, 100]","[0.004922198502942414, 0.018766938602498465, 0.003729573646782657, 0.0006173063831304633, 0.06253284426996647]","[null, null, null, null, null]","[null, null, null, null, null]","[null, null, null, null, null]","[null, null, null, null, null]",,0.13389281701063144,0.05719115985886605,5.0,1.96
1a,2500,1323005,neural-fore,neural-main-oracle-bellman,-12.7226729157784,-12.634882401091449,-12.586673112426368,0.1252083821911069,-12.880290830186018,-12.38947397199688,1.0,-0.135999803352032,-0.04820928866508112,0.8475368876916246,0.8475368876916246,0.11412048188951773,0.10429631726033368,0.04438592028088463,nan,nan,0.4536553756845742,9.206611882398988,29.475333139115413,1666.2239965959477,nan,nan,nan,nan,nan,nan,nan,nan,nan,100.0,0.011207556325217135,6.8978973748045975,2000.0,1.0,0.0,nan,nan,nan,nan,nan,nan,nan,nan,nan,nan,nan,nan,nan,nan,nan,nan,0.0,"[100, 100, 100, 100, 100]","[0.011637567518290823, 0.02716118003215455, 0.009538606088127205, 0.004037997785701804, 0.003662430201811301]","[null, null, null, null, null]","[null, null, null, null, null]","[null, null, null, null, null]","[null, null, null, null, null]",,0.1252083821911069,0.10354563803313477,5.0,1.96
1a,2500,1333005,neural-fore,neural-main-oracle-bellman,-12.587133585252339,-12.593740818618222,-12.586673112426368,0.12948982822017435,-12.847540881929763,-12.339940755306682,1.0,-0.0004604728259707258,-0.007067706191854484,0.6080733049150272,0.6080733049150272,0.10283168261725888,0.08510025678081683,0.03693001826450487,nan,nan,0.2817308399928261,9.060757513531524,30.879652245137812,1584.7503908379092,nan,nan,nan,nan,nan,nan,nan,nan,nan,140.0,0.010323007546691772,7.943725433188956,2000.0,0.9999999999999998,0.0,nan,nan,nan,nan,nan,nan,nan,nan,nan,nan,nan,nan,nan,nan,nan,nan,0.0,"[100, 100, 100, 300, 100]","[0.0, 0.042826189827356746, 0.005874224616524861, 0.0006708179393478649, 0.0022438053502293787]","[null, null, null, null, null]","[null, null, null, null, null]","[null, null, null, null, null]","[null, null, null, null, null]",,0.12948982822017435,0.17441476274604975,5.0,1.96
1a,2500,1343005,neural-fore,neural-main-oracle-bellman,-12.558910777783172,-12.452499072830566,-12.586673112426368,0.12365063202215403,-12.694854311593987,-12.210143834067145,1.0,0.027762334643195885,0.13417403959580199,1.1353886090747394,1.1353886090747394,0.1459244735092166,0.13271371287538647,0.04370653898375375,nan,nan,0.35939591416265965,9.144799425048678,28.26471131667655,1652.8736262508423,nan,nan,nan,nan,nan,nan,nan,nan,nan,140.0,0.008199438081502508,8.088255283236503,2000.0,1.0,0.0,nan,nan,nan,nan,nan,nan,nan,nan,nan,nan,nan,nan,nan,nan,nan,nan,0.0,"[300, 100, 100, 100, 100]","[0.0, 0.026668105179952776, 0.00528937085153354, 0.004737146753120384, 0.004302567622905849]","[null, null, null, null, null]","[null, null, null, null, null]","[null, null, null, null, null]","[null, null, null, null, null]",,0.12365063202215403,0.15496988622249466,5.0,1.96
1a,2500,1353005,neural-fore,neural-main-oracle-bellman,-12.572158537650056,-12.443660239219426,-12.586673112426368,0.12296333995501803,-12.68466838553126,-12.202652092907591,1.0,0.014514574776312017,0.143012873206942,1.0705766519380124,1.0705766519380124,0.17727015839645172,0.14682366029645968,0.03640391398358566,nan,nan,0.3338889580081958,9.427710538097001,29.426547729910993,1657.22654864212,nan,nan,nan,nan,nan,nan,nan,nan,nan,180.0,0.023956691403361468,8.579314241791144,2000.0,1.0,0.0,nan,nan,nan,nan,nan,nan,nan,nan,nan,nan,nan,nan,nan,nan,nan,nan,0.0,"[300, 300, 100, 100, 100]","[0.0, 0.006255802251420501, 0.08891723062251677, 0.023795732806468115, 0.0008146913364019501]","[null, null, null, null, null]","[null, null, null, null, null]","[null, null, null, null, null]","[null, null, null, null, null]",,0.12296333995501803,0.07927022685261569,5.0,1.96
1a,2500,1363005,neural-fore,neural-main-oracle-bellman,-12.606838890222647,-12.67838445191945,-12.586673112426368,0.12747697345583822,-12.928239319892894,-12.428529583946007,1.0,-0.02016577779627937,-0.09171133949308263,0.9226352406475635,0.9226352406475635,0.16859432442929043,0.15568500582506342,0.049386458387691186,nan,nan,0.2677051958474473,9.334030572530924,31.23440308186858,1626.1340376670341,nan,nan,nan,nan,nan,nan,nan,nan,nan,100.0,0.018317940058444053,7.075860875169747,2000.0,1.0,0.0,nan,nan,nan,nan,nan,nan,nan,nan,nan,nan,nan,nan,nan,nan,nan,nan,0.0,"[100, 100, 100, 100, 100]","[0.0055779977217024325, 0.004207211672448912, 0.012144731737867787, 0.00884531289657292, 0.06081444626362822]","[null, null, null, null, null]","[null, null, null, null, null]","[null, null, null, null, null]","[null, null, null, null, null]",,0.12747697345583822,0.10776477887843808,5.0,1.96
1a,2500,1373005,neural-fore,neural-main-oracle-bellman,-12.6242491393245,-12.543419100063964,-12.586673112426368,0.1262355711069012,-12.790840819433491,-12.295997380694438,1.0,-0.03757602689813133,0.04325401236240367,0.9044288736433256,0.9044288736433256,0.11824467955416477,0.10353454466064446,0.04679406134235538,nan,nan,0.28684986991152045,9.244285990077243,29.8153935008794,1620.1456512750015,nan,nan,nan,nan,nan,nan,nan,nan,nan,180.0,0.014439598717378275,8.003040157980285,2000.0,1.0,0.0,nan,nan,nan,nan,nan,nan,nan,nan,nan,nan,nan,nan,nan,nan,nan,nan,0.0,"[100, 300, 100, 100, 300]","[0.011773656092373859, 0.004356389207348497, 0.03326764255111698, 0.020530342166262802, 0.002269963569789225]","[null, null, null, null, null]","[null, null, null, null, null]","[null, null, null, null, null]","[null, null, null, null, null]",,0.1262355711069012,0.14480032454021174,5.0,1.96
1a,2500,1383005,neural-fore,neural-main-oracle-bellman,-12.680710452582717,-12.679530378064761,-12.586673112426368,0.13489737740436533,-12.943929237777317,-12.415131518352206,1.0,-0.09403734015634946,-0.09285726563839347,1.0872526240894302,1.0872526240894302,0.15934097573660866,0.13754738587484244,0.04968621579765727,nan,nan,0.24795325627025228,9.009670082221714,35.11415220812624,1565.159055745986,nan,nan,nan,nan,nan,nan,nan,nan,nan,100.0,0.02762716555586761,7.306165749009233,2000.0,1.0,0.0,nan,nan,nan,nan,nan,nan,nan,nan,nan,nan,nan,nan,nan,nan,nan,nan,0.0,"[100, 100, 100, 100, 100]","[0.04467512156341703, 0.004997890276489927, 0.037816009614401985, 0.04395332712636729, 0.006693479198661822]","[null, null, null, null, null]","[null, null, null, null, null]","[null, null, null, null, null]","[null, null, null, null, null]",,0.13489737740436533,0.16131774205841948,5.0,1.96
1a,2500,1393005,neural-fore,neural-main-oracle-bellman,-12.62323126751499,-12.527267117469286,-12.586673112426368,0.12133262753718613,-12.765079067442171,-12.289455167496401,1.0,-0.03655815508862226,0.05940599495708199,0.8168349733123101,0.8168349733123101,0.11397473963415658,0.09897639919898496,0.03378571495432249,nan,nan,0.308552754925913,9.362209003250262,26.221755402649666,1692.143306646033,nan,nan,nan,nan,nan,nan,nan,nan,nan,140.0,0.0061088175750686705,8.090857150394005,2000.0,1.0,0.0,nan,nan,nan,nan,nan,nan,nan,nan,nan,nan,nan,nan,nan,nan,nan,nan,0.0,"[100, 100, 100, 300, 100]","[0.008973609958369265, 0.005165462162794863, 0.011400154237470358, 0.0, 0.005004861516708868]","[null, null, null, null, null]","[null, null, null, null, null]","[null, null, null, null, null]","[null, null, null, null, null]",,0.12133262753718613,0.1262893925451842,5.0,1.96
1a,2500,1403005,neural-fore,neural-main-oracle-bellman,-12.503626078137437,-12.447188746738238,-12.586673112426368,0.11922728952486365,-12.680874234206971,-12.213503259269505,1.0,0.08304703428893134,0.13948436568812994,1.234422963798974,1.234422963798974,0.13931486749279082,0.12357145444258297,0.046038185076756354,nan,nan,0.26064987396963435,9.670195036635205,27.76543841539175,1692.160890797456,nan,nan,nan,nan,nan,nan,nan,nan,nan,180.0,0.009187736167085622,8.590354458207731,2000.0,1.0,0.0,nan,nan,nan,nan,nan,nan,nan,nan,nan,nan,nan,nan,nan,nan,nan,nan,0.0,"[100, 300, 100, 300, 100]","[0.0047339338823051014, 0.0, 0.03205915255578677, 0.0, 0.009145594397336235]","[null, null, null, null, null]","[null, null, null, null, null]","[null, null, null, null, null]","[null, null, null, null, null]",,0.11922728952486365,0.12020786604586137,5.0,1.96
1a,2500,1413005,neural-fore,neural-main-oracle-bellman,-12.797402279794929,-12.844580110802871,-12.586673112426368,0.13248405771700283,-13.104248863928197,-12.584911357677546,1.0,-0.2107291673685605,-0.25790699837650344,0.7974597395284636,0.7974597395284636,0.1169998636839249,0.10600069800746251,0.038628962884318475,nan,nan,0.38563402577795725,9.073288860940071,30.994486371142827,1618.2480861112886,nan,nan,nan,nan,nan,nan,nan,nan,nan,100.0,0.017476560978169232,7.418785191245843,2000.0,1.0,0.0,nan,nan,nan,nan,nan,nan,nan,nan,nan,nan,nan,nan,nan,nan,nan,nan,0.0,"[100, 100, 100, 100, 100]","[0.0006337720671243515, 0.0378984723654679, 0.0, 0.03705420994678463, 0.011796350511469274]","[null, null, null, null, null]","[null, null, null, null, null]","[null, null, null, null, null]","[null, null, null, null, null]",,0.13248405771700283,0.1911500720077678,5.0,1.96
1a,2500,1423005,neural-fore,neural-main-oracle-bellman,-12.481169064305066,-12.41701069222886,-12.586673112426368,0.12066202563806741,-12.653508262479473,-12.180513121978247,1.0,0.10550404812130232,0.16966242019750766,1.0082268245003791,1.0082268245003791,0.13264313441039088,0.11151673697609074,0.04371483956875649,nan,nan,0.32825646056484464,9.43585136374864,30.82167071190435,1650.3066002319738,nan,nan,nan,nan,nan,nan,nan,nan,nan,220.0,0.0065912021193679695,9.122343033808283,2000.0,1.0,0.0,nan,nan,nan,nan,nan,nan,nan,nan,nan,nan,nan,nan,nan,nan,nan,nan,0.0,"[300, 100, 300, 300, 100]","[0.012196515850292428, 0.004919458575058909, 0.005616616004038058, 0.0, 0.010223420167450457]","[null, null, null, null, null]","[null, null, null, null, null]","[null, null, null, null, null]","[null, null, null, null, null]",,0.12066202563806741,0.18348771905647304,5.0,1.96
1a,2500,1433005,neural-fore,neural-main-oracle-bellman,-12.770132982441314,-12.652839980101254,-12.586673112426368,0.1325147510361022,-12.912568892132015,-12.393111068070493,1.0,-0.18345987001494635,-0.06616686767488567,0.7115770856893385,0.7115770856893385,0.13836724681024606,0.11864446273684678,0.03934620985671364,nan,nan,0.362126951009883,9.335798494487236,31.588673425298783,1618.3825403879925,nan,nan,nan,nan,nan,nan,nan,nan,nan,140.0,0.022916665313331506,8.144265383225866,2000.0,1.0,0.0,nan,nan,nan,nan,nan,nan,nan,nan,nan,nan,nan,nan,nan,nan,nan,nan,0.0,"[100, 300, 100, 100, 100]","[0.005676904521345614, 0.006983936465184255, 0.01383528320302319, 0.06776994585063623, 0.020317256526468236]","[null, null, null, null, null]","[null, null, null, null, null]","[null, null, null, null, null]","[null, null, null, null, null]",,0.1325147510361022,0.11653236339824695,5.0,1.96
1a,2500,1443005,neural-fore,neural-main-oracle-bellman,-12.75137415880193,-12.836611793573603,-12.586673112426368,0.13166020089755168,-13.094665787332804,-12.578557799814401,1.0,-0.16470104637556204,-0.24993868114723483,1.0512679171452937,1.0512679171452937,0.15516091432513662,0.14379997704913897,0.04758567310793113,nan,nan,0.31891978753348044,9.033606954443988,33.66080003200377,1578.1429930426202,nan,nan,nan,nan,nan,nan,nan,nan,nan,100.0,0.01561626789950774,7.201234866993036,2000.0,1.0,0.0,nan,nan,nan,nan,nan,nan,nan,nan,nan,nan,nan,nan,nan,nan,nan,nan,0.0,"[100, 100, 100, 100, 100]","[0.00972520032486118, 0.0, 0.05152484965475324, 0.011930248045799542, 0.004901041472124752]","[null, null, null, null, null]","[null, null, null, null, null]","[null, null, null, null, null]","[null, null, null, null, null]",,0.13166020089755168,0.17407259842541326,5.0,1.96
1a,2500,1453005,neural-fore,neural-main-oracle-bellman,-12.713779206299117,-12.706032649452789,-12.586673112426368,0.13498905499455083,-12.970611197242109,-12.441454101663469,1.0,-0.12710609387274907,-0.11935953702642088,1.21735383487882,1.21735383487882,0.14388495463112264,0.14059057536291011,0.04594619200499132,nan,nan,0.47516859104338693,9.16152403592437,34.28210805459858,1563.7230455431795,nan,nan,nan,nan,nan,nan,nan,nan,nan,100.0,0.01332542412334875,7.328808041987941,2000.0,1.0,0.0,nan,nan,nan,nan,nan,nan,nan,nan,nan,nan,nan,nan,nan,nan,nan,nan,0.0,"[100, 100, 100, 100, 100]","[0.007716585487875367, 0.019767738165779425, 0.010667545182527752, 0.028475251780561206, 0.0]","[null, null, null, null, null]","[null, null, null, null, null]","[null, null, null, null, null]","[null, null, null, null, null]",,0.13498905499455083,0.08378061779165291,5.0,1.96
1a,2500,1463005,neural-fore,neural-main-oracle-bellman,-12.60604852892361,-12.554645010276099,-12.586673112426368,0.12679191568299855,-12.803157165014776,-12.306132855537422,1.0,-0.01937541649724217,0.03202810215026908,0.6982476641140545,0.6982476641140545,0.11451697324462866,0.10040159382388832,0.03915721413174691,nan,nan,0.3937909074005816,9.189574672629814,31.30203368258957,1643.8565941669403,nan,nan,nan,nan,nan,nan,nan,nan,nan,140.0,0.01008110105215921,7.6124776329961605,2000.0,1.0,0.0,nan,nan,nan,nan,nan,nan,nan,nan,nan,nan,nan,nan,nan,nan,nan,nan,0.0,"[100, 100, 300, 100, 100]","[0.00976922328008295, 0.0036327216619396014, 0.0, 0.032663936776630355, 0.004339623542143142]","[null, null, null, null, null]","[null, null, null, null, null]","[null, null, null, null, null]","[null, null, null, null, null]",,0.12679191568299855,0.10185123719344627,5.0,1.96
1a,2500,1473005,neural-fore,neural-main-oracle-bellman,-12.620803098217285,-12.639795721638107,-12.586673112426368,0.12596663907537523,-12.886690334225843,-12.39290110905037,1.0,-0.034129985790917416,-0.05312260921173895,0.7175455613842247,0.7175455613842247,0.11472430480845612,0.10462321118175766,0.03737098441890555,nan,nan,0.3033356285629787,9.278724517914242,29.375655152260027,1644.8709133908108,nan,nan,nan,nan,nan,nan,nan,nan,nan,100.0,0.02446240058783173,7.358147966628894,2000.0,1.0,0.0,nan,nan,nan,nan,nan,nan,nan,nan,nan,nan,nan,nan,nan,nan,nan,nan,0.0,"[100, 100, 100, 100, 100]","[0.06935236973428482, 0.024204315119716692, 0.007312745906340362, 0.005362997535379133, 0.016079574643437643]","[null, null, null, null, null]","[null, null, null, null, null]","[null, null, null, null, null]","[null, null, null, null, null]",,0.12596663907537523,0.171261955385703,5.0,1.96
1a,2500,1483005,neural-fore,neural-main-oracle-bellman,-12.52711068482896,-12.40567606675685,-12.586673112426368,0.11814880735984212,-12.63724772918214,-12.17410440433156,1.0,0.05956242759740782,0.18099704566951758,0.6483547626910345,0.6483547626910345,0.11861059809782545,0.10948100917661119,0.05042513903986972,nan,nan,0.4946801719085394,9.301549383295374,26.823660217895956,1703.4439315927784,nan,nan,nan,nan,nan,nan,nan,nan,nan,100.0,0.008019240036701713,7.074289916607086,2000.0,1.0,0.0,nan,nan,nan,nan,nan,nan,nan,nan,nan,nan,nan,nan,nan,nan,nan,nan,0.0,"[100, 100, 100, 100, 100]","[0.0, 0.0022590354157175693, 0.006438574260976168, 0.00429135545709132, 0.027107235049723514]","[null, null, null, null, null]","[null, null, null, null, null]","[null, null, null, null, null]","[null, null, null, null, null]",,0.11814880735984212,0.07952014659550255,5.0,1.96
1a,2500,1493005,neural-fore,neural-main-oracle-bellman,-12.687998953698614,-12.561276035474869,-12.586673112426368,0.12328054692426953,-12.802905907446437,-12.3196461635033,1.0,-0.10132584127224575,0.025397076951499287,0.8646052978348852,0.8646052978348852,0.12509522415780225,0.10500527255533532,0.028626748381565717,nan,nan,0.2907485244606623,9.709687092786455,29.122666763146714,1633.5133306065907,nan,nan,nan,nan,nan,nan,nan,nan,nan,140.0,0.006035239963969111,7.731309924996458,2000.0,1.0,0.0,nan,nan,nan,nan,nan,nan,nan,nan,nan,nan,nan,nan,nan,nan,nan,nan,0.0,"[100, 100, 100, 100, 300]","[0.015590727655930618, 0.008394478580727397, 0.006190993583187537, 0.0, 0.0]","[null, null, null, null, null]","[null, null, null, null, null]","[null, null, null, null, null]","[null, null, null, null, null]",,0.12328054692426953,0.07396564587892725,5.0,1.96
1a,2500,1503005,neural-fore,neural-main-oracle-bellman,-12.79515641484674,-12.772108776478001,-12.586673112426368,0.13878028339113277,-13.044118131924622,-12.500099421031381,1.0,-0.2084833024203725,-0.18543566405163325,0.7957654605933095,0.7957654605933095,0.17597499778659276,0.14906118517205857,0.055618655033851515,nan,nan,0.22265707430269913,8.76132661782005,34.36436147882687,1527.090760998543,nan,nan,nan,nan,nan,nan,nan,nan,nan,140.0,0.016163122659380656,7.905776158394292,2000.0,1.0,0.0,nan,nan,nan,nan,nan,nan,nan,nan,nan,nan,nan,nan,nan,nan,nan,nan,0.0,"[100, 300, 100, 100, 100]","[0.04049103242763332, 0.0, 0.011466870530837836, 0.0061572213384921155, 0.02270048899994]","[null, null, null, null, null]","[null, null, null, null, null]","[null, null, null, null, null]","[null, null, null, null, null]",,0.13878028339113277,0.18626031674836285,5.0,1.96
1a,2500,1513005,neural-fore,neural-main-oracle-bellman,-12.573895396676983,-12.474195550472642,-12.586673112426368,0.11873117493770362,-12.70690865335054,-12.241482447594743,1.0,0.01277771574938491,0.11247756195372638,0.8362624699487791,0.8362624699487791,0.12806534445181536,0.10008603855467427,0.04058317291180139,nan,nan,0.31209334940337163,9.466485264143977,28.58460956548665,1685.9929161251994,nan,nan,nan,nan,nan,nan,nan,nan,nan,100.0,0.029584533377142876,7.221105249994435,2000.0,1.0,0.0,nan,nan,nan,nan,nan,nan,nan,nan,nan,nan,nan,nan,nan,nan,nan,nan,0.0,"[100, 100, 100, 100, 100]","[0.07427608627568773, 0.026413725273577916, 0.007095999019830043, 0.029514702491620082, 0.010622153824998594]","[null, null, null, null, null]","[null, null, null, null, null]","[null, null, null, null, null]","[null, null, null, null, null]",,0.11873117493770362,0.13774217415321025,5.0,1.96
1a,2500,1523005,neural-fore,neural-main-oracle-bellman,-12.629499733014768,-12.675820327273916,-12.586673112426368,0.1329012451393844,-12.93630676774711,-12.415333886800722,1.0,-0.04282662058840003,-0.08914721484754828,0.6061316290883637,0.6061316290883637,0.12415921797269273,0.106487032344772,0.029327413595736433,nan,nan,0.3296755052515684,9.067829905635318,34.50530672436365,1573.8494215157573,nan,nan,nan,nan,nan,nan,nan,nan,nan,140.0,0.013349537575825984,8.475205433380324,2000.0,1.0,0.0,nan,nan,nan,nan,nan,nan,nan,nan,nan,nan,nan,nan,nan,nan,nan,nan,0.0,"[300, 100, 100, 100, 100]","[0.011064532472109253, 0.008712923202589842, 0.03778708430036117, 0.0044287653598128005, 0.004754382544256856]","[null, null, null, null, null]","[null, null, null, null, null]","[null, null, null, null, null]","[null, null, null, null, null]",,0.1329012451393844,0.04641109039276132,5.0,1.96
1a,2500,1533005,neural-fore,neural-main-oracle-bellman,-12.518963879883112,-12.423360750431058,-12.586673112426368,0.12419464000486263,-12.66678224484059,-12.179939256021527,1.0,0.06770923254325645,0.16331236199530963,0.7641456273013423,0.7641456273013423,0.1199064942257548,0.10390416321078111,0.05888159409838632,nan,nan,0.4736078336286535,9.240132161079478,30.434265338781763,1654.8478366209104,nan,nan,nan,nan,nan,nan,nan,nan,nan,100.0,0.018477034412916017,6.702871508407407,2000.0,1.0,0.0,nan,nan,nan,nan,nan,nan,nan,nan,nan,nan,nan,nan,nan,nan,nan,nan,0.0,"[100, 100, 100, 100, 100]","[0.002256040311366155, 0.044014732842892285, 0.00460234471643982, 0.00556247771416348, 0.03594957647971833]","[null, null, null, null, null]","[null, null, null, null, null]","[null, null, null, null, null]","[null, null, null, null, null]",,0.12419464000486263,0.08349954573774075,5.0,1.96
1a,2500,1543005,neural-fore,neural-main-oracle-bellman,-12.986137845376705,-12.87399191810833,-12.586673112426368,0.13768793661618298,-13.143860273876049,-12.604123562340613,0.0,-0.3994647329503369,-0.2873188056819629,0.9598505302213015,0.9598505302213015,0.16519353129401024,0.14171577827117998,0.06091462219862666,nan,nan,0.31728822581609634,9.03749173483585,31.95907696632165,1569.0913052563205,nan,nan,nan,nan,nan,nan,nan,nan,nan,100.0,0.02565403638364113,7.02483572504716,2000.0,1.0,0.0,nan,nan,nan,nan,nan,nan,nan,nan,nan,nan,nan,nan,nan,nan,nan,nan,0.0,"[100, 100, 100, 100, 100]","[0.02949810281859955, 0.046355153867972315, 0.006215404575041142, 0.009023873288303801, 0.037177647368288866]","[null, null, null, null, null]","[null, null, null, null, null]","[null, null, null, null, null]","[null, null, null, null, null]",,0.13768793661618298,0.11669173754969325,5.0,1.96
1a,2500,1553005,neural-fore,neural-main-oracle-bellman,-12.528018920567916,-12.416672284501809,-12.586673112426368,0.11680428518500373,-12.645608683464417,-12.187735885539201,1.0,0.058654191858451554,0.17000082792455906,0.5235268138871539,0.5235268138871539,0.1064345603191468,0.08851970676272364,0.036635510612143235,nan,nan,0.44222804013801675,9.71425692148542,26.729958004906138,1728.3437018271943,nan,nan,nan,nan,nan,nan,nan,nan,nan,100.0,0.014621218732580332,7.2955323330126705,2000.0,1.0,0.0,nan,nan,nan,nan,nan,nan,nan,nan,nan,nan,nan,nan,nan,nan,nan,nan,0.0,"[100, 100, 100, 100, 100]","[0.002645053621729406, 0.014949645643537275, 0.027149453827296808, 0.024154920826700597, 0.004207019743637568]","[null, null, null, null, null]","[null, null, null, null, null]","[null, null, null, null, null]","[null, null, null, null, null]",,0.11680428518500373,0.10671804102089077,5.0,1.96
1a,2500,1563005,neural-fore,neural-main-oracle-bellman,-12.6533284469565,-12.565628701252235,-12.586673112426368,0.1302250567339734,-12.820869812450823,-12.310387590053647,1.0,-0.06665533453013239,0.021044411174132804,0.6813799607553824,0.6813799607553824,0.09921003481955559,0.08885480375583121,0.04936272583668784,nan,nan,0.39318012412238706,9.323625412462942,32.14519874798461,1594.746431229705,nan,nan,nan,nan,nan,nan,nan,nan,nan,140.0,0.020332499054454795,7.619831983197946,2000.0,1.0,0.0,nan,nan,nan,nan,nan,nan,nan,nan,nan,nan,nan,nan,nan,nan,nan,nan,0.0,"[100, 300, 100, 100, 100]","[0.013561112933828348, 0.006680151274418298, 0.013219263475826465, 0.018190582809109783, 0.050011384779091075]","[null, null, null, null, null]","[null, null, null, null, null]","[null, null, null, null, null]","[null, null, null, null, null]",,0.1302250567339734,0.07914861032520684,5.0,1.96
1a,2500,1573005,neural-fore,neural-main-oracle-bellman,-12.635308841174462,-12.49234210030285,-12.586673112426368,0.1207023478255829,-12.728918702040993,-12.255765498564706,1.0,-0.048635728748093854,0.09433101212351858,0.7447429161257911,0.7447429161257911,0.1518978838107205,0.15075001256625434,0.041781797265156934,nan,nan,0.36389782126217884,9.652922434568291,29.55213184014098,1675.8788919683402,nan,nan,nan,nan,nan,nan,nan,nan,nan,180.0,0.010429590932832649,8.195623024972155,2000.0,1.0,0.0,nan,nan,nan,nan,nan,nan,nan,nan,nan,nan,nan,nan,nan,nan,nan,nan,0.0,"[300, 100, 300, 100, 100]","[0.0065085691400306655, 0.014527973743735332, 0.001905387395090297, 0.016610149677879136, 0.012595874707427812]","[null, null, null, null, null]","[null, null, null, null, null]","[null, null, null, null, null]","[null, null, null, null, null]",,0.1207023478255829,0.09486805563065658,5.0,1.96
1a,2500,1583005,neural-fore,neural-main-oracle-bellman,-12.688256406813819,-12.70627905214409,-12.586673112426368,0.12716925817695837,-12.955530798170928,-12.457027306117253,1.0,-0.10158329438745106,-0.11960593971772226,0.7836286098383602,0.7836286098383602,0.10718676453432145,0.08850956447429487,0.03278399263766129,nan,nan,0.36050782580102847,9.293552226992608,29.336412735401282,1646.5927181598117,nan,nan,nan,nan,nan,nan,nan,nan,nan,100.0,0.028300902769581648,6.984879492176697,2000.0,1.0,0.0,nan,nan,nan,nan,nan,nan,nan,nan,nan,nan,nan,nan,nan,nan,nan,nan,0.0,"[100, 100, 100, 100, 100]","[0.013322723779526511, 0.0161667167284529, 0.026677897494050043, 0.0674110943385148, 0.017926081507363967]","[null, null, null, null, null]","[null, null, null, null, null]","[null, null, null, null, null]","[null, null, null, null, null]",,0.12716925817695837,0.09320366380133407,5.0,1.96
1a,2500,1593005,neural-fore,neural-main-oracle-bellman,-12.701914642085542,-12.691539374746414,-12.586673112426368,0.13041670537033215,-12.947156117272264,-12.435922632220564,1.0,-0.11524152965917445,-0.10486626232004603,1.237502582503906,1.237502582503906,0.1579901237296864,0.12641147708253953,0.043790614323261076,nan,nan,0.3941412035853669,9.11692830663377,34.348221071226675,1603.5860367578234,nan,nan,nan,nan,nan,nan,nan,nan,nan,140.0,0.018968398370695045,8.131076066789683,2000.0,1.0,0.0,nan,nan,nan,nan,nan,nan,nan,nan,nan,nan,nan,nan,nan,nan,nan,nan,0.0,"[300, 100, 100, 100, 100]","[0.005388689516887696, 0.06488717081476178, 0.004888496266783485, 0.011057116942167555, 0.008620518312874694]","[null, null, null, null, null]","[null, null, null, null, null]","[null, null, null, null, null]","[null, null, null, null, null]",,0.13041670537033215,0.10749168795943906,5.0,1.96
1a,2500,1603005,neural-fore,neural-main-oracle-bellman,-12.6690709743286,-12.581748936356078,-12.586673112426368,0.13010867784302252,-12.836761944928401,-12.326735927783755,1.0,-0.08239786190223164,0.004924176070289832,1.0031500040478174,1.0031500040478174,0.1469112690461804,0.1312901543980204,0.03350678643988753,nan,nan,0.2884235697886527,9.171446895926678,34.26917064532003,1578.387971496256,nan,nan,nan,nan,nan,nan,nan,nan,nan,180.0,0.009681682891689332,8.494320958445314,2000.0,1.0,0.0,nan,nan,nan,nan,nan,nan,nan,nan,nan,nan,nan,nan,nan,nan,nan,nan,0.0,"[300, 100, 100, 100, 300]","[0.002014510244641794, 0.003713457029356392, 0.02748841943097785, 0.015192027753470623, 0.0]","[null, null, null, null, null]","[null, null, null, null, null]","[null, null, null, null, null]","[null, null, null, null, null]",,0.13010867784302252,0.14595936898314832,5.0,1.96
1a,2500,1613005,neural-fore,neural-main-oracle-bellman,-12.8082510673405,-12.735332556909043,-12.586673112426368,0.13134876732838108,-12.99277614087267,-12.477888972945417,1.0,-0.22157795491413168,-0.14865944448267499,0.9987117368796199,0.9987117368796199,0.1489755312335357,0.1391681813553507,0.04931548249370879,nan,nan,0.32607335576508156,9.070015992871166,30.909930252992634,1625.8815904364521,nan,nan,nan,nan,nan,nan,nan,nan,nan,100.0,0.019301102535977815,7.2311842745984904,2000.0,1.0,0.0,nan,nan,nan,nan,nan,nan,nan,nan,nan,nan,nan,nan,nan,nan,nan,nan,0.0,"[100, 100, 100, 100, 100]","[0.0, 0.014572890442352852, 0.033218842253031775, 0.014315317068420206, 0.034398462916084234]","[null, null, null, null, null]","[null, null, null, null, null]","[null, null, null, null, null]","[null, null, null, null, null]",,0.13134876732838108,0.10349573543414359,5.0,1.96
1a,2500,1623005,neural-fore,neural-main-oracle-bellman,-12.574361948867606,-12.596219806496094,-12.586673112426368,0.1310404166265837,-12.853059023084198,-12.339380589907991,1.0,0.012311163558761606,-0.009546694069726414,0.79867412673229,0.79867412673229,0.12270483315934881,0.10929762254905132,0.09489924132045259,nan,nan,0.39175379429169854,9.013767077263498,33.13967054144624,1585.2379942323478,nan,nan,nan,nan,nan,nan,nan,nan,nan,140.0,0.006376231497406505,7.245195866585709,2000.0,1.0,0.0,nan,nan,nan,nan,nan,nan,nan,nan,nan,nan,nan,nan,nan,nan,nan,nan,0.0,"[100, 100, 100, 100, 300]","[0.02125413244755707, 0.005058163790470163, 0.0005106319102844783, 0.0024542894628910984, 0.0026039398758297204]","[null, null, null, null, null]","[null, null, null, null, null]","[null, null, null, null, null]","[null, null, null, null, null]",,0.1310404166265837,0.146957655216043,5.0,1.96
1a,2500,1633005,neural-fore,neural-main-oracle-bellman,-12.848281942533637,-12.824776087439988,-12.586673112426368,0.14077685223053776,-13.100698717811841,-12.548853457068134,1.0,-0.261608830107269,-0.23810297501361966,0.8901593592746799,0.8901593592746799,0.14241420019047582,0.12049939560821701,0.029950569220793713,nan,nan,0.2395293463674848,8.973705865623108,34.782778227927274,1525.2975815455793,nan,nan,nan,nan,nan,nan,nan,nan,nan,180.0,0.0022378001456168613,7.622585824609269,2000.0,1.0,0.0,nan,nan,nan,nan,nan,nan,nan,nan,nan,nan,nan,nan,nan,nan,nan,nan,0.0,"[300, 100, 100, 300, 100]","[0.0018695444709445723, 0.0014775950365041432, 0.0021688092631536467, 0.0, 0.005673051957481943]","[null, null, null, null, null]","[null, null, null, null, null]","[null, null, null, null, null]","[null, null, null, null, null]",,0.14077685223053776,0.11474881146453406,5.0,1.96
1a,2500,1643005,neural-fore,neural-main-oracle-bellman,-12.488025905704802,-12.487226278217744,-12.586673112426368,0.12144912861874664,-12.725266570310486,-12.249185986125001,1.0,0.0986472067215658,0.09944683420862432,1.0605256468236999,1.0605256468236999,0.15168354474486231,0.1341602627366503,0.04015220593742458,nan,nan,0.4403345324042933,9.203455472181163,29.886997572992723,1655.415670324974,nan,nan,nan,nan,nan,nan,nan,nan,nan,140.0,0.011543758103564353,8.637122508022003,2000.0,1.0,0.0,nan,nan,nan,nan,nan,nan,nan,nan,nan,nan,nan,nan,nan,nan,nan,nan,0.0,"[300, 100, 100, 100, 100]","[0.0029972239364598895, 0.013306604537690968, 0.006699387835890711, 0.004896363946376204, 0.029819210261403994]","[null, null, null, null, null]","[null, null, null, null, null]","[null, null, null, null, null]","[null, null, null, null, null]",,0.12144912861874664,0.16726776884259392,5.0,1.96
1a,2500,1653005,neural-fore,neural-main-oracle-bellman,-12.719755715616492,-12.609870310838406,-12.586673112426368,0.12887121912599525,-12.862457900325357,-12.357282721351456,1.0,-0.13308260319012355,-0.02319719841203849,0.865557412075078,0.865557412075078,0.13701439180676517,0.11783267569200273,0.04742015731930497,nan,nan,0.3412242446570823,9.231563883990752,32.82331737253199,1587.8805903450814,nan,nan,nan,nan,nan,nan,nan,nan,nan,140.0,0.03171660891133495,7.082548474799841,2000.0,1.0,0.0,nan,nan,nan,nan,nan,nan,nan,nan,nan,nan,nan,nan,nan,nan,nan,nan,0.0,"[100, 100, 100, 300, 100]","[0.02269652206304725, 0.005739433687066819, 0.07686331357055948, 0.01039163440375304, 0.04289214083224817]","[null, null, null, null, null]","[null, null, null, null, null]","[null, null, null, null, null]","[null, null, null, null, null]",,0.12887121912599525,0.098539121104968,5.0,1.96
1a,2500,1663005,neural-fore,neural-main-oracle-bellman,-12.562129810251617,-12.463024456021847,-12.586673112426368,0.12538220379037904,-12.708773575450989,-12.217275336592705,1.0,0.024543302174750536,0.12364865640452116,0.7982483580304158,0.7982483580304158,0.17289469017579512,0.12735925594517394,0.06320993074981354,nan,nan,0.23090252853052112,9.320257618059909,29.763352799520696,1612.4266547372283,nan,nan,nan,nan,nan,nan,nan,nan,nan,140.0,0.019931684328879512,7.579338666796684,2000.0,1.0,0.0,nan,nan,nan,nan,nan,nan,nan,nan,nan,nan,nan,nan,nan,nan,nan,nan,0.0,"[100, 100, 100, 300, 100]","[0.06179449073762101, 0.02398894969358558, 0.009669875746066519, 0.003951825848757103, 0.00025327961836735295]","[null, null, null, null, null]","[null, null, null, null, null]","[null, null, null, null, null]","[null, null, null, null, null]",,0.12538220379037904,0.2543369125725951,5.0,1.96
1a,2500,1673005,neural-fore,neural-main-oracle-bellman,-12.749589082311745,-12.571519940916982,-12.586673112426368,0.12529584370053481,-12.81709979457003,-12.325940087263934,1.0,-0.16291596988537727,0.015153171509385999,0.6539783130348183,0.6539783130348183,0.11995142141866459,0.1101733014869499,0.06794220938674049,nan,nan,0.24324872824477684,9.372609725979135,29.335220312536382,1627.916927876071,nan,nan,nan,nan,nan,nan,nan,nan,nan,140.0,0.017294960046596274,8.217235783801879,2000.0,1.0,0.0,nan,nan,nan,nan,nan,nan,nan,nan,nan,nan,nan,nan,nan,nan,nan,nan,0.0,"[100, 300, 100, 100, 100]","[0.006415526058206538, 0.011277406620495317, 0.0010481244101534278, 0.03286585630950146, 0.03486788683462462]","[null, null, null, null, null]","[null, null, null, null, null]","[null, null, null, null, null]","[null, null, null, null, null]",,0.12529584370053481,0.12063659212854003,5.0,1.96
1a,2500,1683005,neural-fore,neural-main-oracle-bellman,-12.577512824170862,-12.580319263609844,-12.586673112426368,0.126332868413077,-12.827931685699475,-12.332706841520213,1.0,0.009160288255506188,0.006353848816523566,0.6171903567577177,0.6171903567577177,0.11349312470731825,0.0905848482161272,0.03093417278319857,nan,nan,0.3393630365653827,8.931457009991512,30.994399269323914,1612.8295728378573,nan,nan,nan,nan,nan,nan,nan,nan,nan,100.0,0.025364182438721204,7.989864808390848,2000.0,1.0,0.0,nan,nan,nan,nan,nan,nan,nan,nan,nan,nan,nan,nan,nan,nan,nan,nan,0.0,"[100, 100, 100, 100, 100]","[0.0, 0.021085992245290976, 0.034477026473289804, 0.001885050688748003, 0.06937284278627724]","[null, null, null, null, null]","[null, null, null, null, null]","[null, null, null, null, null]","[null, null, null, null, null]",,0.126332868413077,0.06769409991681012,5.0,1.96
1a,2500,1693005,neural-fore,neural-main-oracle-bellman,-12.71180154511148,-12.631744616607804,-12.586673112426368,0.13299926393614375,-12.892423173922646,-12.371066059292962,1.0,-0.12512843268511276,-0.04507150418143624,0.5833673090096567,0.5833673090096567,0.0951538160334425,0.08262680820779662,0.0422950095939139,nan,nan,0.38670515862551824,9.309438723702355,33.7449083993202,1592.6152132486852,nan,nan,nan,nan,nan,nan,nan,nan,nan,140.0,0.024341666607573885,8.316890099598094,2000.0,1.0,0.0,nan,nan,nan,nan,nan,nan,nan,nan,nan,nan,nan,nan,nan,nan,nan,nan,0.0,"[100, 100, 100, 300, 100]","[0.006632434613442051, 0.006953504520705951, 0.008494963285005465, 0.08912491715009191, 0.01050251346862403]","[null, null, null, null, null]","[null, null, null, null, null]","[null, null, null, null, null]","[null, null, null, null, null]",,0.13299926393614375,0.23328618190205422,5.0,1.96
1a,2500,1703005,neural-fore,neural-main-oracle-bellman,-12.542075186047951,-12.433535205845589,-12.586673112426368,0.123936289018925,-12.676450332322682,-12.190620079368495,1.0,0.044597926378417085,0.15313790658077941,0.6585298125738027,0.6585298125738027,0.127501966301513,0.11380428865652006,0.036661727894565725,nan,nan,0.3322883157086908,9.545427361760492,31.599741309159654,1650.3543150251398,nan,nan,nan,nan,nan,nan,nan,nan,nan,140.0,0.02545676964750726,7.523868749802932,2000.0,1.0,0.0,nan,nan,nan,nan,nan,nan,nan,nan,nan,nan,nan,nan,nan,nan,nan,nan,0.0,"[300, 100, 100, 100, 100]","[0.012910979449554567, 0.041421835352558806, 0.022387349738774934, 0.02347861985631744, 0.027085063840330575]","[null, null, null, null, null]","[null, null, null, null, null]","[null, null, null, null, null]","[null, null, null, null, null]",,0.123936289018925,0.10546537452039716,5.0,1.96
1a,2500,1713005,neural-fore,neural-main-oracle-bellman,-12.479990046372121,-12.383290974311885,-12.586673112426368,0.11660355381665992,-12.611833939792538,-12.154748008831232,1.0,0.10668306605424682,0.2033821381144829,0.8140977067148247,0.8140977067148247,0.1302826267175094,0.10991675457383421,0.03826081769050838,nan,nan,0.35839209945688655,9.643781554548985,28.922149957293108,1693.0616089134508,nan,nan,nan,nan,nan,nan,nan,nan,nan,140.0,0.0029290920944031397,8.098829882987776,2000.0,1.0,0.0,nan,nan,nan,nan,nan,nan,nan,nan,nan,nan,nan,nan,nan,nan,nan,nan,0.0,"[100, 300, 100, 100, 100]","[0.00784355991430676, 0.0, 0.0, 0.003260940991940499, 0.0035409595657684384]","[null, null, null, null, null]","[null, null, null, null, null]","[null, null, null, null, null]","[null, null, null, null, null]",,0.11660355381665992,0.19423481075338167,5.0,1.96
1a,2500,1723005,neural-fore,neural-main-oracle-bellman,-12.429140665192326,-12.339836393101953,-12.586673112426368,0.122189432295819,-12.579327680401757,-12.100345105802148,0.0,0.15753244723404158,0.2468367193244152,0.9934206085218559,0.9934206085218559,0.16898315271737055,0.15030017273003984,0.04184941282601368,nan,nan,0.2686910064988851,9.502391272811046,29.687053536729085,1648.1105934653588,nan,nan,nan,nan,nan,nan,nan,nan,nan,180.0,0.010657020080211677,8.298170417186338,2000.0,1.0,0.0,nan,nan,nan,nan,nan,nan,nan,nan,nan,nan,nan,nan,nan,nan,nan,nan,0.0,"[100, 100, 100, 300, 300]","[0.010790883863543235, 0.019859017141941375, 0.015331454727083593, 0.0051825600476277656, 0.0021211846208624187]","[null, null, null, null, null]","[null, null, null, null, null]","[null, null, null, null, null]","[null, null, null, null, null]",,0.122189432295819,0.13550706528192674,5.0,1.96
1a,2500,1733005,neural-fore,neural-main-oracle-bellman,-12.543147874342566,-12.441523606545402,-12.586673112426368,0.1207121464352438,-12.67811941355848,-12.204927799532324,1.0,0.043525238083802265,0.14514950588096553,1.0058717630113954,1.0058717630113954,0.15483395938043626,0.13250789553334238,0.05679556064588768,nan,nan,0.3760304534255434,9.279518896368703,26.95092615653992,1672.3733148945053,nan,nan,nan,nan,nan,nan,nan,nan,nan,180.0,0.006308644185556593,9.004307899961713,2000.0,1.0,0.0,nan,nan,nan,nan,nan,nan,nan,nan,nan,nan,nan,nan,nan,nan,nan,nan,0.0,"[100, 300, 100, 100, 300]","[0.01310861492621537, 0.008007196367717241, 0.0, 0.00553250034449184, 0.004894909289358514]","[null, null, null, null, null]","[null, null, null, null, null]","[null, null, null, null, null]","[null, null, null, null, null]",,0.1207121464352438,0.0743620146602331,5.0,1.96
1a,2500,1743005,neural-fore,neural-main-oracle-bellman,-12.66537604466073,-12.735717588199682,-12.586673112426368,0.12919917217191043,-12.988947965656626,-12.482487210742738,1.0,-0.07870293223436242,-0.14904447577331403,0.8583576811265031,0.8583576811265031,0.11126975118335383,0.0992282579860535,0.0638403676372647,nan,nan,0.33517406123664145,9.155495447348015,31.006484562413714,1591.2614857904366,nan,nan,nan,nan,nan,nan,nan,nan,nan,140.0,0.0013885480558064195,7.9718955583870414,2000.0,1.0,0.0,nan,nan,nan,nan,nan,nan,nan,nan,nan,nan,nan,nan,nan,nan,nan,nan,0.0,"[100, 100, 300, 100, 100]","[0.0, 0.0, 0.0, 0.006942740279032097, 0.0]","[null, null, null, null, null]","[null, null, null, null, null]","[null, null, null, null, null]","[null, null, null, null, null]",,0.12919917217191043,0.06661625473675703,5.0,1.96
1a,2500,1753005,neural-fore,neural-main-oracle-bellman,-12.58488966154523,-12.476211786305042,-12.586673112426368,0.12156148692429283,-12.714472300676656,-12.237951271933428,1.0,0.0017834508811382932,0.11046132612132631,0.8111705084927008,0.8111705084927008,0.12590393261924,0.11437045804217824,0.030552576760885297,nan,nan,0.30233618147609076,9.617064667935274,28.695562860527687,1668.5598580748758,nan,nan,nan,nan,nan,nan,nan,nan,nan,140.0,0.009982170788381522,8.084890825173352,2000.0,1.0000000000000002,0.0,nan,nan,nan,nan,nan,nan,nan,nan,nan,nan,nan,nan,nan,nan,nan,nan,0.0,"[300, 100, 100, 100, 100]","[0.014630678484798315, 0.007230967109335523, 0.015053742786899412, 0.007607076211338085, 0.005388389349536274]","[null, null, null, null, null]","[null, null, null, null, null]","[null, null, null, null, null]","[null, null, null, null, null]",,0.12156148692429283,0.07633061014968344,5.0,1.96
1a,2500,1763005,neural-fore,neural-main-oracle-bellman,-12.737328769950963,-12.769185830212534,-12.586673112426368,0.13486545328853514,-13.033522118658063,-12.504849541767005,1.0,-0.1506556575245952,-0.18251271778616562,1.0255872156201762,1.0255872156201762,0.14920187088877088,0.1292340216833625,0.05565019653588859,nan,nan,0.27796692120838057,8.917863919458838,32.64581607266009,1561.0655362188345,nan,nan,nan,nan,nan,nan,nan,nan,nan,180.0,0.00976951604242954,8.160656299965922,2000.0,1.0,0.0,nan,nan,nan,nan,nan,nan,nan,nan,nan,nan,nan,nan,nan,nan,nan,nan,0.0,"[100, 100, 300, 300, 100]","[0.0, 0.0012086824423102043, 0.03096082448175783, 0.010514915555282816, 0.0061631577327968465]","[null, null, null, null, null]","[null, null, null, null, null]","[null, null, null, null, null]","[null, null, null, null, null]",,0.13486545328853514,0.10866647768443889,5.0,1.96
1a,2500,1773005,neural-fore,neural-main-oracle-bellman,-12.827574381829974,-12.720429094025441,-12.586673112426368,0.12860973053525107,-12.972504165874533,-12.46835402217635,1.0,-0.24090126940360612,-0.13375598159907298,0.6417768149029113,0.6417768149029113,0.13304089299911595,0.1107819936032032,0.0446972890158151,nan,nan,0.4586715957194836,9.315772301103811,30.773118223785715,1640.2348501846627,nan,nan,nan,nan,nan,nan,nan,nan,nan,100.0,0.010538895970361636,7.675444058608264,2000.0,1.0,0.0,nan,nan,nan,nan,nan,nan,nan,nan,nan,nan,nan,nan,nan,nan,nan,nan,0.0,"[100, 100, 100, 100, 100]","[0.009819440912622542, 0.01017209477910905, 0.022497533134085097, 0.003321634898704317, 0.0068837761272871716]","[null, null, null, null, null]","[null, null, null, null, null]","[null, null, null, null, null]","[null, null, null, null, null]",,0.12860973053525107,0.0683945912656879,5.0,1.96
1a,2500,1783005,neural-fore,neural-main-oracle-bellman,-12.62809748291412,-12.58625848353559,-12.586673112426368,0.12975213158833038,-12.840572661448716,-12.331944305622462,1.0,-0.041424370487751716,0.000414628890778701,0.8377348553554617,0.8377348553554617,0.13640650695304474,0.11164551311287266,0.036632945312917796,nan,nan,0.2026121440577478,9.306388212845755,30.875870733709004,1591.622984047884,nan,nan,nan,nan,nan,nan,nan,nan,nan,220.0,0.00851378599019973,9.452278866793495,2000.0,1.0,0.0,nan,nan,nan,nan,nan,nan,nan,nan,nan,nan,nan,nan,nan,nan,nan,nan,0.0,"[300, 300, 300, 100, 100]","[0.0, 0.004631462085865395, 0.0006067998557367645, 0.03004699007997509, 0.007283677929421405]","[null, null, null, null, null]","[null, null, null, null, null]","[null, null, null, null, null]","[null, null, null, null, null]",,0.12975213158833038,0.09407257926162464,5.0,1.96
1a,2500,1793005,neural-fore,neural-main-oracle-bellman,-12.76080854832424,-12.708877104814645,-12.586673112426368,0.13376526471302325,-12.97105702365217,-12.44669718597712,1.0,-0.17413543589787217,-0.12220399238827717,0.7487740470795465,0.7487740470795465,0.11891990850971705,0.1072772979754121,0.03895102370210188,nan,nan,0.28912666836528134,9.266979873142091,32.451812668828346,1580.623881579984,nan,nan,nan,nan,nan,nan,nan,nan,nan,140.0,0.010025293987146943,8.235053824598435,2000.0,1.0,0.0,nan,nan,nan,nan,nan,nan,nan,nan,nan,nan,nan,nan,nan,nan,nan,nan,0.0,"[300, 100, 100, 100, 100]","[0.0, 0.003893539248501962, 0.024791711536450496, 0.01707712727778962, 0.00436409187299264]","[null, null, null, null, null]","[null, null, null, null, null]","[null, null, null, null, null]","[null, null, null, null, null]",,0.13376526471302325,0.14310256478637104,5.0,1.96
1a,2500,1803005,neural-fore,neural-main-oracle-bellman,-12.761286230163323,-12.631575947928207,-12.586673112426368,0.13212070199604883,-12.890532523840463,-12.37261937201595,1.0,-0.1746131177369552,-0.04490283550183882,0.835289907789698,0.835289907789698,0.13196839101080174,0.11594276824679492,0.03745029762111229,nan,nan,0.37274753684071604,9.04939668836655,32.799509834803445,1585.9529551581863,nan,nan,nan,nan,nan,nan,nan,nan,nan,140.0,0.003748508328454607,7.626116791064851,2000.0,1.0,0.0,nan,nan,nan,nan,nan,nan,nan,nan,nan,nan,nan,nan,nan,nan,nan,nan,0.0,"[100, 300, 100, 100, 100]","[0.010780851399270725, 0.0, 0.005704705710516646, 0.0012773922547002928, 0.0009795922777853688]","[null, null, null, null, null]","[null, null, null, null, null]","[null, null, null, null, null]","[null, null, null, null, null]",,0.13212070199604883,0.15021223705406903,5.0,1.96
1a,2500,1813005,neural-fore,neural-main-oracle-bellman,-12.587841426864193,-12.545676304265697,-12.586673112426368,0.13378993114532067,-12.807904569310526,-12.283448039220868,1.0,-0.0011683144378249466,0.04099680816067064,0.8751534431998593,0.8751534431998593,0.15222360781756314,0.1348033431240876,0.04830086733348096,nan,nan,0.314511294146592,9.39868101926697,33.447741925426804,1564.787206308962,nan,nan,nan,nan,nan,nan,nan,nan,nan,140.0,0.005163350442685919,7.790272550226655,2000.0,1.0,0.0,nan,nan,nan,nan,nan,nan,nan,nan,nan,nan,nan,nan,nan,nan,nan,nan,0.0,"[100, 100, 100, 100, 300]","[0.010109340726016642, 0.009712040042431883, 0.005256333435347276, 0.0007390380096337948, 0.0]","[null, null, null, null, null]","[null, null, null, null, null]","[null, null, null, null, null]","[null, null, null, null, null]",,0.13378993114532067,0.1482870485170139,5.0,1.96
1a,2500,1823005,neural-fore,neural-main-oracle-bellman,-12.560463419727595,-12.558162111607034,-12.586673112426368,0.12574472302752307,-12.80462176874098,-12.311702454473089,1.0,0.026209692698772713,0.028511000819333887,0.8680801475972497,0.8680801475972497,0.13985339187273524,0.11499466262082596,0.03730753436140998,nan,nan,0.3524183715408546,9.469381376477333,31.968495041401983,1644.0255981318064,nan,nan,nan,nan,nan,nan,nan,nan,nan,140.0,0.007079284399576195,7.851670708612073,2000.0,1.0,0.0,nan,nan,nan,nan,nan,nan,nan,nan,nan,nan,nan,nan,nan,nan,nan,nan,0.0,"[100, 100, 300, 100, 100]","[0.012156408210572272, 0.007615464182066437, 0.0, 0.00642963504088593, 0.009194914564356336]","[null, null, null, null, null]","[null, null, null, null, null]","[null, null, null, null, null]","[null, null, null, null, null]",,0.12574472302752307,0.12038533567642289,5.0,1.96
1a,2500,1833005,neural-fore,neural-main-oracle-bellman,-12.626220227441792,-12.625269464114304,-12.586673112426368,0.13036848126585557,-12.88079168739538,-12.369747240833227,1.0,-0.03954711501542363,-0.03859635168793574,0.9056186617325336,0.9056186617325336,0.13747776372534778,0.10766093084708939,0.03832590777917983,nan,nan,0.36215806099294856,9.054413104171045,32.22256728129906,1594.735158498693,nan,nan,nan,nan,nan,nan,nan,nan,nan,140.0,0.012569115756993992,8.10996388363419,2000.0,1.0,0.0,nan,nan,nan,nan,nan,nan,nan,nan,nan,nan,nan,nan,nan,nan,nan,nan,0.0,"[100, 100, 100, 100, 300]","[0.030880023450912716, 0.0018114524977733467, 0.004151721558986751, 0.026002381277297152, 0.0]","[null, null, null, null, null]","[null, null, null, null, null]","[null, null, null, null, null]","[null, null, null, null, null]",,0.13036848126585557,0.14840511507943613,5.0,1.96
1a,2500,1843005,neural-fore,neural-main-oracle-bellman,-12.521915491028317,-12.40244086378429,-12.586673112426368,0.11800874428017265,-12.633738002573429,-12.171143724995153,1.0,0.06475762139805141,0.18423224864207732,0.9572230480465371,0.9572230480465371,0.12057269348414257,0.1115025315344742,0.030548871703573174,nan,nan,0.3696744546640972,9.681703081955359,28.79319892501566,1692.2763524388436,nan,nan,nan,nan,nan,nan,nan,nan,nan,140.0,0.016984907914536766,7.657148891803809,2000.0,1.0,0.0,nan,nan,nan,nan,nan,nan,nan,nan,nan,nan,nan,nan,nan,nan,nan,nan,0.0,"[100, 100, 100, 300, 100]","[0.03178447095146642, 0.02316450860190568, 0.00022773910930189102, 0.01199934803912133, 0.017748472870888522]","[null, null, null, null, null]","[null, null, null, null, null]","[null, null, null, null, null]","[null, null, null, null, null]",,0.11800874428017265,0.09592334376847589,5.0,1.96
1a,2500,1853005,neural-fore,neural-main-oracle-bellman,-12.61116591062365,-12.74326244998361,-12.586673112426368,0.14517351651497734,-13.027802542352966,-12.458722357614253,1.0,-0.024492798197282895,-0.15658933755724114,1.1134466549070343,1.1134466549070343,0.15540663378026412,0.13104922518590492,0.05490607356303681,nan,nan,0.19178288578536715,8.795833240294574,39.067267337929096,1485.8553883389984,nan,nan,nan,nan,nan,nan,nan,nan,nan,220.0,0.00938439719626832,9.840494116814806,2000.0,1.0,0.0,nan,nan,nan,nan,nan,nan,nan,nan,nan,nan,nan,nan,nan,nan,nan,nan,0.0,"[300, 300, 300, 100, 100]","[0.001791987607409347, 0.0006118333683680054, 0.0, 0.044518165005564256, 0.0]","[null, null, null, null, null]","[null, null, null, null, null]","[null, null, null, null, null]","[null, null, null, null, null]",,0.14517351651497734,0.12732318168042966,5.0,1.96
1a,2500,1863005,neural-fore,neural-main-oracle-bellman,-12.907381284348398,-12.777087144918841,-12.586673112426368,0.13825207084800478,-13.04806120378093,-12.506113086056752,1.0,-0.32070817192203016,-0.19041403249247324,0.7151650158014354,0.7151650158014354,0.13174328252125894,0.1251931702033751,0.037851757637397614,nan,nan,0.3943591438884239,9.077215379982759,32.775769856666045,1563.5396032039876,nan,nan,nan,nan,nan,nan,nan,nan,nan,100.0,0.002782164755742027,7.387879299779888,2000.0,1.0,0.0,nan,nan,nan,nan,nan,nan,nan,nan,nan,nan,nan,nan,nan,nan,nan,nan,0.0,"[100, 100, 100, 100, 100]","[0.005817647303876167, 0.004335039950829617, 0.0009585730640178526, 0.0, 0.0027995634599864965]","[null, null, null, null, null]","[null, null, null, null, null]","[null, null, null, null, null]","[null, null, null, null, null]",,0.13825207084800478,0.16571368047109972,5.0,1.96
1a,2500,1873005,neural-fore,neural-main-oracle-bellman,-12.397463666346084,-12.407147693626777,-12.586673112426368,0.11836489858092689,-12.639142894845394,-12.175152492408161,1.0,0.18920944608028378,0.1795254187995905,0.6629974483341835,0.6629974483341835,0.10726470829663581,0.09433729913156311,0.029309588788573676,nan,nan,0.3859280967741242,9.469628135775054,28.667422429167264,1669.6422729587612,nan,nan,nan,nan,nan,nan,nan,nan,nan,100.0,0.016192622454673393,7.1633463079924695,2000.0,1.0,0.0,nan,nan,nan,nan,nan,nan,nan,nan,nan,nan,nan,nan,nan,nan,nan,nan,0.0,"[100, 100, 100, 100, 100]","[0.015194966500162783, 0.012879625071670269, 0.041595802253214006, 0.0, 0.011292718448319902]","[null, null, null, null, null]","[null, null, null, null, null]","[null, null, null, null, null]","[null, null, null, null, null]",,0.11836489858092689,0.06217357696341308,5.0,1.96
1a,2500,1883005,neural-fore,neural-main-oracle-bellman,-12.691207806747784,-12.619420253806407,-12.586673112426368,0.13033472241951866,-12.874876309748663,-12.363964197864151,1.0,-0.1045346943214156,-0.03274714138003887,0.8421769182476575,0.8421769182476575,0.12426230200447372,0.1121289304496633,0.06138927931761842,nan,nan,0.3647504000008589,9.154832866054974,28.96541385295719,1641.5224561867954,nan,nan,nan,nan,nan,nan,nan,nan,nan,140.0,0.012077347108840553,7.949771024985239,2000.0,1.0,0.0,nan,nan,nan,nan,nan,nan,nan,nan,nan,nan,nan,nan,nan,nan,nan,nan,0.0,"[100, 100, 100, 300, 100]","[0.006929109246713406, 0.011077542514012583, 0.006809822195541599, 0.0, 0.03557026158793518]","[null, null, null, null, null]","[null, null, null, null, null]","[null, null, null, null, null]","[null, null, null, null, null]",,0.13033472241951866,0.17622027508474183,5.0,1.96
1a,2500,1893005,neural-fore,neural-main-oracle-bellman,-12.667272902873872,-12.524443441163015,-12.586673112426368,0.12259385662097283,-12.764727400140123,-12.284159482185908,1.0,-0.0805997904475042,0.06222967126335277,0.8946003003312274,0.8946003003312274,0.13595388858180424,0.12661793471960164,0.04653017335319167,nan,nan,0.30862912812491244,8.871063905636586,28.062435281943383,1659.527690843954,nan,nan,nan,nan,nan,nan,nan,nan,nan,180.0,0.005290895588552715,8.617272791569121,2000.0,1.0,0.0,nan,nan,nan,nan,nan,nan,nan,nan,nan,nan,nan,nan,nan,nan,nan,nan,0.0,"[300, 100, 100, 300, 100]","[0.0, 0.0, 0.01208153440568458, 0.0023484145809090076, 0.012024528956169985]","[null, null, null, null, null]","[null, null, null, null, null]","[null, null, null, null, null]","[null, null, null, null, null]",,0.12259385662097283,0.11112982953663182,5.0,1.96
1a,2500,1903005,neural-fore,neural-main-oracle-bellman,-12.516855333391893,-12.51925422674812,-12.586673112426368,0.11756344700992359,-12.74967858288757,-12.288829870608671,1.0,0.06981777903447473,0.06741888567824716,0.8231632977751564,0.8231632977751564,0.15634332597597847,0.1390485020466752,0.043309442068347796,nan,nan,0.3535728676652001,9.712897825301019,27.570793221864598,1697.5871961848688,nan,nan,nan,nan,nan,nan,nan,nan,nan,100.0,0.010074904007580146,7.387626933201682,2000.0,1.0,0.0,nan,nan,nan,nan,nan,nan,nan,nan,nan,nan,nan,nan,nan,nan,nan,nan,0.0,"[100, 100, 100, 100, 100]","[0.0, 0.0013000183679738595, 0.015289628313879627, 0.007180289614233177, 0.02660458374181407]","[null, null, null, null, null]","[null, null, null, null, null]","[null, null, null, null, null]","[null, null, null, null, null]",,0.11756344700992359,0.14019961142927634,5.0,1.96
1a,2500,1913005,neural-fore,neural-main-oracle-bellman,-12.624153550961152,-12.571400361713954,-12.586673112426368,0.13281810301802374,-12.83172384362928,-12.311076879798627,1.0,-0.037480438534784,0.015272750712414407,0.7298304223532073,0.7298304223532073,0.112799899319981,0.10756502368185197,0.04168511323074787,nan,nan,0.30397610772272327,9.022686362927736,34.31349178414506,1587.8208868380339,nan,nan,nan,nan,nan,nan,nan,nan,nan,140.0,0.010654438247146123,8.160731632786337,2000.0,1.0,0.0,nan,nan,nan,nan,nan,nan,nan,nan,nan,nan,nan,nan,nan,nan,nan,nan,0.0,"[100, 100, 100, 100, 300]","[0.013623584327607645, 0.005015091311271208, 0.02709653582926676, 0.003985662292943335, 0.003551317474641664]","[null, null, null, null, null]","[null, null, null, null, null]","[null, null, null, null, null]","[null, null, null, null, null]",,0.13281810301802374,0.20959136226633004,5.0,1.96
1a,2500,1923005,neural-fore,neural-main-oracle-bellman,-12.52027579573834,-12.48430253634052,-12.586673112426368,0.12255635427096472,-12.724512990711611,-12.244092081969429,1.0,0.06639731668802717,0.10237057608584799,0.9669812375636615,0.9669812375636615,0.1316326079586796,0.11933017317030432,0.03349625095869739,nan,nan,0.2810554374567209,9.47478836897129,30.211194299445573,1632.6899103431258,nan,nan,nan,nan,nan,nan,nan,nan,nan,140.0,0.014380688530157832,8.198037149221637,2000.0,0.9999999999999998,0.0,nan,nan,nan,nan,nan,nan,nan,nan,nan,nan,nan,nan,nan,nan,nan,nan,0.0,"[100, 100, 100, 100, 300]","[0.007723989585706199, 0.003071375880116768, 0.010752019889337659, 0.04305303426922757, 0.00730302302640095]","[null, null, null, null, null]","[null, null, null, null, null]","[null, null, null, null, null]","[null, null, null, null, null]",,0.12255635427096472,0.09203619118220824,5.0,1.96
1a,2500,1933005,neural-fore,neural-main-oracle-bellman,-12.67631492213232,-12.540444109108394,-12.586673112426368,0.12387430757847477,-12.783237751962204,-12.297650466254584,1.0,-0.08964180970595237,0.04622900331797375,0.6758275562685957,0.6758275562685957,0.09759699910858806,0.08781559250366912,0.03955013115115303,nan,nan,0.37176705641204383,9.2754069025283,29.39855693812654,1648.521229493671,nan,nan,nan,nan,nan,nan,nan,nan,nan,140.0,0.012714079908107573,7.985486224782653,2000.0,1.0,0.0,nan,nan,nan,nan,nan,nan,nan,nan,nan,nan,nan,nan,nan,nan,nan,nan,0.0,"[100, 100, 100, 300, 100]","[0.0123539102439323, 0.010701637765965442, 0.013702492801403591, 0.00961688152276343, 0.017195477206473096]","[null, null, null, null, null]","[null, null, null, null, null]","[null, null, null, null, null]","[null, null, null, null, null]",,0.12387430757847477,0.10682201617285163,5.0,1.96
1a,2500,1943005,neural-fore,neural-main-oracle-bellman,-12.608660519031378,-12.49946042965928,-12.586673112426368,0.1232766685182163,-12.741082699954983,-12.257838159363576,1.0,-0.021987406605010307,0.08721268276708827,1.1263291605188024,1.1263291605188024,0.19672883441036462,0.1742223412655113,0.041212536873080435,nan,nan,0.4789914015247157,9.685729516540354,30.331895036079725,1679.5419724822916,nan,nan,nan,nan,nan,nan,nan,nan,nan,100.0,0.013190817597228751,7.290601599775255,2000.0,1.0,0.0,nan,nan,nan,nan,nan,nan,nan,nan,nan,nan,nan,nan,nan,nan,nan,nan,0.0,"[100, 100, 100, 100, 100]","[0.004371128684164467, 0.02863838099954249, 0.010562375885092623, 0.0, 0.022382202417344177]","[null, null, null, null, null]","[null, null, null, null, null]","[null, null, null, null, null]","[null, null, null, null, null]",,0.1232766685182163,0.118051010608329,5.0,1.96
1a,2500,1953005,neural-fore,neural-main-oracle-bellman,-12.523984155019823,-12.386230798182941,-12.586673112426368,0.11753068355769121,-12.616590937956015,-12.155870658409867,1.0,0.06268895740654479,0.20044231424342662,0.5410073193438781,0.5410073193438781,0.11571780959399199,0.10628411487752554,0.055261936821866295,nan,nan,0.305104601979221,9.267392911686755,27.65701288120379,1659.078143958988,nan,nan,nan,nan,nan,nan,nan,nan,nan,140.0,0.015396700993767465,7.8449258008273315,2000.0,1.0,0.0,nan,nan,nan,nan,nan,nan,nan,nan,nan,nan,nan,nan,nan,nan,nan,nan,0.0,"[100, 100, 300, 100, 100]","[0.01329561645886746, 0.02637669368162966, 0.0024056755550985933, 0.00839711124770844, 0.026508408025533167]","[null, null, null, null, null]","[null, null, null, null, null]","[null, null, null, null, null]","[null, null, null, null, null]",,0.11753068355769121,0.14565424497373658,5.0,1.96
1a,2500,1963005,neural-fore,neural-main-oracle-bellman,-12.610695831204444,-12.5200004417294,-12.586673112426368,0.12281910621934983,-12.760725889919325,-12.279274993539474,1.0,-0.024022718778075713,0.0666726706969687,1.222382021295008,1.222382021295008,0.15534548908182944,0.1491573292399811,0.031657963094831994,nan,nan,0.33137789389769806,9.66773012653722,31.24031874223378,1629.4822435876742,nan,nan,nan,nan,nan,nan,nan,nan,nan,140.0,0.021963955836620825,7.942035091598518,2000.0,1.0,0.0,nan,nan,nan,nan,nan,nan,nan,nan,nan,nan,nan,nan,nan,nan,nan,nan,0.0,"[100, 300, 100, 100, 100]","[0.02901356927340001, 0.01031827343967314, 0.01086895322203351, 0.047239254625780436, 0.012379728622217038]","[null, null, null, null, null]","[null, null, null, null, null]","[null, null, null, null, null]","[null, null, null, null, null]",,0.12281910621934983,0.0679221619100946,5.0,1.96
1a,2500,1973005,neural-fore,neural-main-oracle-bellman,-12.619062043238197,-12.708324026398136,-12.586673112426368,0.1367028398413125,-12.97626159248711,-12.440386460309163,1.0,-0.03238893081182859,-0.1216509139717683,1.0468527832116439,1.0468527832116439,0.16757500433472977,0.16240719285916855,0.03846477339381519,nan,nan,0.2135060260333504,8.805304392035977,31.496675297335045,1553.7345004702436,nan,nan,nan,nan,nan,nan,nan,nan,nan,220.0,0.017242628303780323,9.560779975436162,2000.0,1.0,0.0,nan,nan,nan,nan,nan,nan,nan,nan,nan,nan,nan,nan,nan,nan,nan,nan,0.0,"[300, 100, 300, 100, 300]","[0.0127316679314257, 0.026663831379324293, 0.00329668507752645, 0.004435486686730197, 0.03908547044389497]","[null, null, null, null, null]","[null, null, null, null, null]","[null, null, null, null, null]","[null, null, null, null, null]",,0.1367028398413125,0.18059740500620486,5.0,1.96
1a,2500,1983005,neural-fore,neural-main-oracle-bellman,-12.573422322794078,-12.436316308372293,-12.586673112426368,0.11907862862973156,-12.669710420486567,-12.202922196258019,1.0,0.013250789632289539,0.15035680405407525,0.5942214986012989,0.5942214986012989,0.09651508602911026,0.07945592216690942,0.028887342706531694,nan,nan,0.18303191602976795,9.797035958318578,26.891233405428952,1683.776668770585,nan,nan,nan,nan,nan,nan,nan,nan,nan,220.0,0.007975246949552001,9.149071133008693,2000.0,1.0,0.0,nan,nan,nan,nan,nan,nan,nan,nan,nan,nan,nan,nan,nan,nan,nan,nan,0.0,"[100, 300, 100, 300, 300]","[0.010440003881959564, 0.0010370346585787415, 0.006142046410219647, 0.018681130761601973, 0.0035760190354000776]","[null, null, null, null, null]","[null, null, null, null, null]","[null, null, null, null, null]","[null, null, null, null, null]",,0.11907862862973156,0.11929590027576113,5.0,1.96
1a,2500,1993005,neural-fore,neural-main-oracle-bellman,-12.70464684718537,-12.544908665005272,-12.586673112426368,0.12681530343581027,-12.79346665973946,-12.296350670271083,1.0,-0.1179737347590013,0.04176444742109631,1.1080902734070501,1.1080902734070501,0.12476208173409113,0.11780472426613749,0.03728592108958774,nan,nan,0.24280298622995344,9.455186601560957,27.998515995308576,1635.2043425946683,nan,nan,nan,nan,nan,nan,nan,nan,nan,220.0,0.004680562616249979,9.389080641430336,2000.0,1.0,0.0,nan,nan,nan,nan,nan,nan,nan,nan,nan,nan,nan,nan,nan,nan,nan,nan,0.0,"[300, 100, 300, 100, 300]","[0.0037627142166146376, 0.0008902273754503122, 0.0, 0.010327214032672814, 0.008422657456512132]","[null, null, null, null, null]","[null, null, null, null, null]","[null, null, null, null, null]","[null, null, null, null, null]",,0.12681530343581027,0.10960144002836704,5.0,1.96
1a,2500,2003005,neural-fore,neural-main-oracle-bellman,-12.58998111898564,-12.55006382208792,-12.586673112426368,0.12081003244226927,-12.786851485674767,-12.313276158501072,1.0,-0.003308006559272769,0.03660929033844873,0.6238504337598305,0.6238504337598305,0.1067880661809704,0.10192583373830236,0.04597215008207541,nan,nan,0.36135930546262685,9.170102470977099,26.102263078349335,1686.5366003498496,nan,nan,nan,nan,nan,nan,nan,nan,nan,140.0,0.010632103460984784,8.339309625001624,2000.0,1.0,0.0,nan,nan,nan,nan,nan,nan,nan,nan,nan,nan,nan,nan,nan,nan,nan,nan,0.0,"[100, 100, 100, 100, 300]","[0.0, 0.013654572169102366, 0.004444153032258831, 0.01948707747021837, 0.015574714633344347]","[null, null, null, null, null]","[null, null, null, null, null]","[null, null, null, null, null]","[null, null, null, null, null]",,0.12081003244226927,0.13890011835862215,5.0,1.96
1a,2500,2013005,neural-fore,neural-main-oracle-bellman,-12.747771519478825,-12.578900206104604,-12.586673112426368,0.12480785261769911,-12.823523597235294,-12.334276814973915,1.0,-0.1610984070524566,0.007772906321763529,0.5604591346015969,0.5604591346015969,0.11150442773202425,0.10800348578001621,0.04030833697081077,nan,nan,0.25366977183549566,9.261251465211892,30.865735656111685,1594.9591560288375,nan,nan,nan,nan,nan,nan,nan,nan,nan,220.0,0.01572951801347217,9.859497049625498,2000.0,1.0,0.0,nan,nan,nan,nan,nan,nan,nan,nan,nan,nan,nan,nan,nan,nan,nan,nan,0.0,"[100, 100, 300, 300, 300]","[0.012604592064881017, 0.06444837481451282, 0.0, 0.0, 0.0015946231879670108]","[null, null, null, null, null]","[null, null, null, null, null]","[null, null, null, null, null]","[null, null, null, null, null]",,0.12480785261769911,0.09055554994438621,5.0,1.96
1a,2500,2023005,neural-fore,neural-main-oracle-bellman,-12.541636568746606,-12.487155710349887,-12.586673112426368,0.12058008342640106,-12.723492673865634,-12.25081874683414,1.0,0.045036543679762175,0.09951740207648108,0.8827796513073354,0.8827796513073354,0.13696558204755876,0.1207566193606818,0.040630993552519985,nan,nan,0.48743192320638357,9.640602583726782,29.49578056367516,1675.733996479347,nan,nan,nan,nan,nan,nan,nan,nan,nan,100.0,0.010243451783527131,7.244090657797642,2000.0,1.0,0.0,nan,nan,nan,nan,nan,nan,nan,nan,nan,nan,nan,nan,nan,nan,nan,nan,0.0,"[100, 100, 100, 100, 100]","[0.014086954204364751, 0.017539054596326063, 0.009275789569723655, 0.0, 0.010315460547221185]","[null, null, null, null, null]","[null, null, null, null, null]","[null, null, null, null, null]","[null, null, null, null, null]",,0.12058008342640106,0.07962098272248914,5.0,1.96
1a,2500,2033005,neural-fore,neural-main-oracle-bellman,-12.409796950749847,-12.425447377829546,-12.586673112426368,0.1209508579831586,-12.662511059476536,-12.188383696182555,1.0,0.1768761616765211,0.16122573459682243,1.1730634172806471,1.1730634172806471,0.1799632816244833,0.15090447622974235,0.03268558146877418,nan,nan,0.32122715984409056,9.412422024413953,31.45108102148677,1653.9090874068797,nan,nan,nan,nan,nan,nan,nan,nan,nan,220.0,0.021552778914311024,9.262343999755103,2000.0,1.0,0.0,nan,nan,nan,nan,nan,nan,nan,nan,nan,nan,nan,nan,nan,nan,nan,nan,0.0,"[100, 300, 300, 300, 100]","[0.047700419377056734, 0.003859095309128882, 0.009230912363042333, 0.0, 0.04697346752232717]","[null, null, null, null, null]","[null, null, null, null, null]","[null, null, null, null, null]","[null, null, null, null, null]",,0.1209508579831586,0.16524925854151867,5.0,1.96
1a,2500,2043005,neural-fore,neural-main-oracle-bellman,-12.633844039714004,-12.501079357754168,-12.586673112426368,0.12282416543356009,-12.741814722003946,-12.26034399350439,1.0,-0.04717092728763639,0.08559375467219965,1.0035672968462532,1.0035672968462532,0.1764731349048303,0.16713791027865604,0.053975661096067565,nan,nan,0.4754940864562424,8.941979263829232,28.313696395427446,1665.929027491884,nan,nan,nan,nan,nan,nan,nan,nan,nan,140.0,0.006938669784588937,7.9076417167671025,2000.0,1.0,0.0,nan,nan,nan,nan,nan,nan,nan,nan,nan,nan,nan,nan,nan,nan,nan,nan,0.0,"[100, 100, 100, 300, 100]","[0.01898863830962792, 0.006590417904250531, 0.004639562412736653, 0.0, 0.004474730296329581]","[null, null, null, null, null]","[null, null, null, null, null]","[null, null, null, null, null]","[null, null, null, null, null]",,0.12282416543356009,0.13662728145543637,5.0,1.96
1a,2500,2053005,neural-fore,neural-main-oracle-bellman,-12.542772121810613,-12.392249146001289,-12.586673112426368,0.11540511124218847,-12.618443164035979,-12.1660551279666,1.0,0.043900990615755475,0.1944239664250791,0.6244294331411928,0.6244294331411928,0.11020393563166653,0.09003423887070794,0.030851758417213337,nan,nan,0.23360044411740216,10.121248742856075,27.171397517944445,1698.0311227872132,nan,nan,nan,nan,nan,nan,nan,nan,nan,180.0,0.00802657105059931,9.362584150605835,2000.0,1.0,0.0,nan,nan,nan,nan,nan,nan,nan,nan,nan,nan,nan,nan,nan,nan,nan,nan,0.0,"[100, 100, 300, 100, 300]","[0.008236528072480905, 0.0014624998944354247, 0.01813459285905578, 0.010747736498112889, 0.0015514979289115605]","[null, null, null, null, null]","[null, null, null, null, null]","[null, null, null, null, null]","[null, null, null, null, null]",,0.11540511124218847,0.14480706002933647,5.0,1.96
1a,2500,2063005,neural-fore,neural-main-oracle-bellman,-12.645450709767141,-12.47073086081981,-12.586673112426368,0.11765789274139844,-12.70134033059295,-12.240121391046669,1.0,-0.05877759734077337,0.11594225160655824,1.0009506670607216,1.0009506670607216,0.1247696855089202,0.10722484785256929,0.036237717189841534,nan,nan,0.3002112603323054,9.935516790836278,28.980624843888904,1708.5375090879525,nan,nan,nan,nan,nan,nan,nan,nan,nan,140.0,0.02437168634912379,9.141532141203061,2000.0,1.0,0.0,nan,nan,nan,nan,nan,nan,nan,nan,nan,nan,nan,nan,nan,nan,nan,nan,0.0,"[100, 100, 300, 100, 100]","[0.06997102764767024, 0.009427523436752827, 0.0035087591316173075, 0.01956725511614354, 0.019383866413435032]","[null, null, null, null, null]","[null, null, null, null, null]","[null, null, null, null, null]","[null, null, null, null, null]",,0.11765789274139844,0.08142487126389854,5.0,1.96
1a,2500,2073005,neural-fore,neural-main-oracle-bellman,-12.554724853130104,-12.342581780539403,-12.586673112426368,0.1270554966458055,-12.591610553965182,-12.093553007113623,1.0,0.031948259296264325,0.24409133188696508,0.9738186669701016,0.9738186669701016,0.1268574856274552,0.1071996709244605,0.05834360567909675,nan,nan,0.2905367141247346,9.257842175991254,33.19883415427197,1585.408001166376,nan,nan,nan,nan,nan,nan,nan,nan,nan,140.0,0.026930472303306845,9.244697100203485,2000.0,1.0,0.0,nan,nan,nan,nan,nan,nan,nan,nan,nan,nan,nan,nan,nan,nan,nan,nan,0.0,"[100, 100, 300, 100, 100]","[0.036592180153873104, 0.002960005397393869, 0.0025299820937503634, 0.031021426919065734, 0.061548766952451164]","[null, null, null, null, null]","[null, null, null, null, null]","[null, null, null, null, null]","[null, null, null, null, null]",,0.1270554966458055,0.14006988800632977,5.0,1.96
1a,2500,2083005,neural-fore,neural-main-oracle-bellman,-12.734197378908686,-12.765987614315877,-12.586673112426368,0.13564158423329972,-13.031845119413145,-12.50013010921861,1.0,-0.14752426648231776,-0.17931450188950926,0.8319135484670624,0.8319135484670624,0.12649411649400338,0.1162947696870981,0.060453947149765125,nan,nan,0.21952956352998662,9.379367896361419,33.92200962246154,1555.2835296709331,nan,nan,nan,nan,nan,nan,nan,nan,nan,220.0,0.0020934762443143295,10.035073374817149,2000.0,1.0,0.0,nan,nan,nan,nan,nan,nan,nan,nan,nan,nan,nan,nan,nan,nan,nan,nan,0.0,"[100, 100, 300, 300, 300]","[0.0016718184800150388, 0.0, 0.005064130174651879, 0.0, 0.0037314325669047287]","[null, null, null, null, null]","[null, null, null, null, null]","[null, null, null, null, null]","[null, null, null, null, null]",,0.13564158423329972,0.12108682674101419,5.0,1.96
1a,2500,2093005,neural-fore,neural-main-oracle-bellman,-12.65105738597026,-12.555416851853247,-12.586673112426368,0.12292635886917179,-12.796352515236823,-12.31448118846967,1.0,-0.06438427354389198,0.03125626057312125,1.108419531203561,1.108419531203561,0.15115596122450053,0.14054831641889182,0.05891781876888255,nan,nan,0.46922072723397973,9.37721274037254,28.373280542625984,1674.3808588930763,nan,nan,nan,nan,nan,nan,nan,nan,nan,100.0,0.024582375233309826,7.640702741581481,2000.0,1.0,0.0,nan,nan,nan,nan,nan,nan,nan,nan,nan,nan,nan,nan,nan,nan,nan,nan,0.0,"[100, 100, 100, 100, 100]","[0.03353084641557446, 0.0399860069673026, 0.003764360240965522, 0.015975635061593434, 0.029655027481113122]","[null, null, null, null, null]","[null, null, null, null, null]","[null, null, null, null, null]","[null, null, null, null, null]",,0.12292635886917179,0.03851905575709222,5.0,1.96
1a,2500,2103005,neural-fore,neural-main-oracle-bellman,-12.426162274604286,-12.4068924136863,-12.586673112426368,0.11572584706034267,-12.633715073924572,-12.180069753448029,1.0,0.1605108378220823,0.17978069874006763,0.7959566732151562,0.7959566732151562,0.16856833763464582,0.14357124162555884,0.0421591002410289,nan,nan,0.3997122419381061,9.525758914958722,29.04368442892301,1719.1811378797704,nan,nan,nan,nan,nan,nan,nan,nan,nan,100.0,0.03807065878735866,7.287792867200915,2000.0,1.0,0.0,nan,nan,nan,nan,nan,nan,nan,nan,nan,nan,nan,nan,nan,nan,nan,nan,0.0,"[100, 100, 100, 100, 100]","[0.00966496224004635, 0.05488042736695278, 0.03908659134749597, 0.03455016261670771, 0.05217115036559047]","[null, null, null, null, null]","[null, null, null, null, null]","[null, null, null, null, null]","[null, null, null, null, null]",,0.11572584706034267,0.04834808842199917,5.0,1.96
1a,2500,2113005,neural-fore,neural-main-oracle-bellman,-12.541465695354358,-12.575603746480827,-12.586673112426368,0.13272824576333042,-12.835751108176954,-12.3154563847847,1.0,0.04520741707201026,0.01106936594554142,1.176530006958491,1.176530006958491,0.15077794024651303,0.13186081877626502,0.05385291386008851,nan,nan,0.308391920621636,9.079571565916162,34.882025662837364,1558.3399986426612,nan,nan,nan,nan,nan,nan,nan,nan,nan,180.0,0.019239366741459492,8.782966549985577,2000.0,1.0,0.0,nan,nan,nan,nan,nan,nan,nan,nan,nan,nan,nan,nan,nan,nan,nan,nan,0.0,"[100, 300, 100, 300, 100]","[0.010880629264544247, 0.0, 0.07183909361735383, 0.0, 0.013477110825399383]","[null, null, null, null, null]","[null, null, null, null, null]","[null, null, null, null, null]","[null, null, null, null, null]",,0.13272824576333042,0.05025333579952138,5.0,1.96
1a,2500,2123005,neural-fore,neural-main-oracle-bellman,-12.731158428006108,-12.694967975473395,-12.586673112426368,0.12932934046618602,-12.94845348278712,-12.44148246815967,1.0,-0.14448531557973965,-0.10829486304702662,0.7227792661843109,0.7227792661843109,0.10977458531968523,0.08966648960538678,0.03277690311252588,nan,nan,0.24384101752006543,9.609589897329741,30.143277786160784,1634.8905067560074,nan,nan,nan,nan,nan,nan,nan,nan,nan,180.0,0.010076621151917006,8.105920283216983,2000.0,1.0,0.0,nan,nan,nan,nan,nan,nan,nan,nan,nan,nan,nan,nan,nan,nan,nan,nan,0.0,"[300, 100, 100, 300, 100]","[0.0, 0.026517811464149336, 0.014476878086438244, 0.009388416208997453, 0.0]","[null, null, null, null, null]","[null, null, null, null, null]","[null, null, null, null, null]","[null, null, null, null, null]",,0.12932934046618602,0.12214639182177169,5.0,1.96
1a,2500,2133005,neural-fore,neural-main-oracle-bellman,-12.49639689780185,-12.423350144239949,-12.586673112426368,0.11908036888073532,-12.65674766724619,-12.189952621233708,1.0,0.0902762146245184,0.163322968186419,0.9733376001359881,0.9733376001359881,0.12100558729268171,0.11270072216903244,0.06308491032862193,nan,nan,0.34935215657554897,9.582153577041595,29.163511812165734,1700.579105106254,nan,nan,nan,nan,nan,nan,nan,nan,nan,100.0,0.024096523678409722,7.442666217195802,2000.0,1.0,0.0,nan,nan,nan,nan,nan,nan,nan,nan,nan,nan,nan,nan,nan,nan,nan,nan,0.0,"[100, 100, 100, 100, 100]","[0.04692676104437112, 0.03395010670729691, 0.02102775285704701, 0.01139020188858834, 0.007187795894745233]","[null, null, null, null, null]","[null, null, null, null, null]","[null, null, null, null, null]","[null, null, null, null, null]",,0.11908036888073532,0.19075589918493302,5.0,1.96
1a,2500,2143005,neural-fore,neural-main-oracle-bellman,-12.830145658870237,-12.740081870855516,-12.586673112426368,0.13544836285914497,-13.00556066205944,-12.474603079651592,1.0,-0.2434725464438685,-0.1534087584291477,0.9795051680453823,0.9795051680453823,0.1410499193360914,0.11700661498241602,0.07307889170102462,nan,nan,0.34622498050060435,9.075089556991708,31.898765796529325,1584.5161094427776,nan,nan,nan,nan,nan,nan,nan,nan,nan,140.0,0.011075757604547442,8.024698566191365,2000.0,1.0,0.0,nan,nan,nan,nan,nan,nan,nan,nan,nan,nan,nan,nan,nan,nan,nan,nan,0.0,"[100, 100, 300, 100, 100]","[0.02226006182964838, 0.012916209906920797, 0.0, 0.014366271558521592, 0.00583624472764644]","[null, null, null, null, null]","[null, null, null, null, null]","[null, null, null, null, null]","[null, null, null, null, null]",,0.13544836285914497,0.07486518933066823,5.0,1.96
1a,2500,2153005,neural-fore,neural-main-oracle-bellman,-12.694249574883736,-12.627509106273516,-12.586673112426368,0.12577275330620746,-12.874023702753682,-12.38099450979335,1.0,-0.1075764624573683,-0.04083599384714809,0.765353899783966,0.765353899783966,0.12384970910024687,0.10281748573928587,0.03635515560149684,nan,nan,0.38961460323051467,9.75113281086701,30.351504928078,1648.5242591109595,nan,nan,nan,nan,nan,nan,nan,nan,nan,180.0,0.006781759749545424,8.246335491572973,2000.0,1.0,0.0,nan,nan,nan,nan,nan,nan,nan,nan,nan,nan,nan,nan,nan,nan,nan,nan,0.0,"[100, 100, 300, 100, 300]","[0.016815642433547176, 0.002285719661924531, 0.007904183655189516, 0.006054055511755946, 0.0008491974853099516]","[null, null, null, null, null]","[null, null, null, null, null]","[null, null, null, null, null]","[null, null, null, null, null]",,0.12577275330620746,0.13207974006317494,5.0,1.96
1a,2500,2163005,neural-fore,neural-main-oracle-bellman,-12.560684186102584,-12.535925713461443,-12.586673112426368,0.11836357443732978,-12.76791831935861,-12.303933107564276,1.0,0.0259889263237838,0.05074739896492453,0.9313309829494191,0.9313309829494191,0.14578891127939475,0.12619873518662214,0.03910569700004655,nan,nan,0.37904648014434633,9.517215727768603,29.05775532141802,1688.5384067463983,nan,nan,nan,nan,nan,nan,nan,nan,nan,100.0,0.005439917484159709,6.917305175610818,2000.0,1.0,0.0,nan,nan,nan,nan,nan,nan,nan,nan,nan,nan,nan,nan,nan,nan,nan,nan,0.0,"[100, 100, 100, 100, 100]","[0.013639676507966676, 0.0050347448340120554, 0.003368787281473486, 0.0, 0.005156378797346327]","[null, null, null, null, null]","[null, null, null, null, null]","[null, null, null, null, null]","[null, null, null, null, null]",,0.11836357443732978,0.09428152333680846,5.0,1.96
1a,2500,2173005,neural-fore,neural-main-oracle-bellman,-12.92770352745404,-12.799623193427243,-12.586673112426368,0.14431087482931645,-13.082472508092703,-12.516773878761782,1.0,-0.3410304150276726,-0.21295008100087465,1.455429634046037,1.455429634046037,0.2745105432201678,0.266682217577041,0.056371325287451354,nan,nan,0.3685403656949449,8.944160055681483,38.069737327522866,1487.9881077514733,nan,nan,nan,nan,nan,nan,nan,nan,nan,140.0,0.010755944528154864,7.41799472499406,2000.0,1.0,0.0,nan,nan,nan,nan,nan,nan,nan,nan,nan,nan,nan,nan,nan,nan,nan,nan,0.0,"[100, 100, 300, 100, 100]","[0.01386830443451396, 0.01780713575089368, 0.0, 0.016834497730850488, 0.005269784724516192]","[null, null, null, null, null]","[null, null, null, null, null]","[null, null, null, null, null]","[null, null, null, null, null]",,0.14431087482931645,0.18243470577748586,5.0,1.96
1a,2500,2183005,neural-fore,neural-main-oracle-bellman,-12.616402540388718,-12.42526749915877,-12.586673112426368,0.1187928587810441,-12.658101502369616,-12.192433495947922,1.0,-0.029729427962349675,0.16140561326759872,1.0699714117552312,1.0699714117552312,0.1679836321379066,0.13723834748729236,0.04926307418208973,nan,nan,0.32033762070130517,9.391698997872238,29.184116100670934,1653.5022856181372,nan,nan,nan,nan,nan,nan,nan,nan,nan,140.0,0.005186080505047069,6.837259117013309,2000.0,1.0,0.0,nan,nan,nan,nan,nan,nan,nan,nan,nan,nan,nan,nan,nan,nan,nan,nan,0.0,"[300, 100, 100, 100, 100]","[0.00627401519352898, 0.0054969084204491555, 0.003927983871449417, 0.010172752813924282, 5.874222588351445e-05]","[null, null, null, null, null]","[null, null, null, null, null]","[null, null, null, null, null]","[null, null, null, null, null]",,0.1187928587810441,0.13366891667176173,5.0,1.96
1a,2500,2193005,neural-fore,neural-main-oracle-bellman,-12.648894053214024,-12.560742681409183,-12.586673112426368,0.13300241428561763,-12.821427413408994,-12.300057949409371,1.0,-0.06222094078765572,0.025930431017185285,0.820135667786398,0.820135667786398,0.11988384471609484,0.11596909993708485,0.053599539287703155,nan,nan,0.3496208381570195,9.331927830459037,32.89788784410115,1623.6332600604403,nan,nan,nan,nan,nan,nan,nan,nan,nan,140.0,0.019481297200836457,6.797811008023563,2000.0,1.0,0.0,nan,nan,nan,nan,nan,nan,nan,nan,nan,nan,nan,nan,nan,nan,nan,nan,0.0,"[100, 100, 100, 300, 100]","[0.016610233672032217, 0.04887194174613724, 0.020122831030516347, 0.0011046744448643586, 0.010696805110632127]","[null, null, null, null, null]","[null, null, null, null, null]","[null, null, null, null, null]","[null, null, null, null, null]",,0.13300241428561763,0.061547802905892665,5.0,1.96
1a,2500,2203005,neural-fore,neural-main-oracle-bellman,-12.657023864184168,-12.640511698629965,-12.586673112426368,0.12908161733427936,-12.893511668605152,-12.387511728654777,1.0,-0.07035075175780037,-0.053838586203596606,0.7902640428729973,0.7902640428729973,0.13676818921880546,0.12524949298268398,0.033579069168426366,nan,nan,0.26166257388149133,9.240226639081826,29.517493346173794,1623.6555629218637,nan,nan,nan,nan,nan,nan,nan,nan,nan,140.0,0.009286406766665176,7.076763675012626,2000.0,1.0,0.0,nan,nan,nan,nan,nan,nan,nan,nan,nan,nan,nan,nan,nan,nan,nan,nan,0.0,"[100, 300, 100, 100, 100]","[0.003984128876471214, 0.007631789696347924, 0.004604447269046771, 0.003356208209855159, 0.026855459781604814]","[null, null, null, null, null]","[null, null, null, null, null]","[null, null, null, null, null]","[null, null, null, null, null]",,0.12908161733427936,0.1973561972506995,5.0,1.96
1a,2500,2213005,neural-fore,neural-main-oracle-bellman,-12.500520082520335,-12.501217069046044,-12.586673112426368,0.12457198235596395,-12.745378154463733,-12.257055983628355,1.0,0.08615302990603269,0.08545604338032398,0.5387067698757709,0.5387067698757709,0.07812152046784984,0.07235000394783385,0.03207439857472689,nan,nan,0.3600773526088194,9.423893883464306,29.524349279555537,1637.5775839898627,nan,nan,nan,nan,nan,nan,nan,nan,nan,140.0,0.00892035824480519,6.783338825195097,2000.0,1.0,0.0,nan,nan,nan,nan,nan,nan,nan,nan,nan,nan,nan,nan,nan,nan,nan,nan,0.0,"[100, 100, 100, 100, 300]","[0.006517074343242275, 0.0, 0.03718399879797263, 0.0009007180828110486, 0.0]","[null, null, null, null, null]","[null, null, null, null, null]","[null, null, null, null, null]","[null, null, null, null, null]",,0.12457198235596395,0.07863166906802113,5.0,1.96
1a,2500,2223005,neural-fore,neural-main-oracle-bellman,-12.644143203968367,-12.622649701003848,-12.586673112426368,0.12424702167384648,-12.866173863484587,-12.379125538523109,1.0,-0.057470091541999224,-0.03597658857747987,0.6838975035292785,0.6838975035292785,0.15409133371061307,0.14528226165064773,0.03850588684546139,nan,nan,0.2790959432696914,9.135725322466001,30.122480478758785,1623.571176357014,nan,nan,nan,nan,nan,nan,nan,nan,nan,140.0,0.006784339152647166,6.5844112822203895,2000.0,1.0,0.0,nan,nan,nan,nan,nan,nan,nan,nan,nan,nan,nan,nan,nan,nan,nan,nan,0.0,"[100, 100, 300, 100, 100]","[0.008348442412195515, 0.0010884259680145583, 0.0, 0.0081344982166345, 0.01635032916639126]","[null, null, null, null, null]","[null, null, null, null, null]","[null, null, null, null, null]","[null, null, null, null, null]",,0.12424702167384648,0.09320048045726187,5.0,1.96
1a,2500,2233005,neural-fore,neural-main-oracle-bellman,-12.795521843708169,-12.741828116878704,-12.586673112426368,0.13286907077274873,-13.002251495593292,-12.481404738164116,1.0,-0.20884873128180104,-0.155155004452336,1.1763809378476868,1.1763809378476868,0.15545499668369156,0.13206268412836447,0.04537045374448159,nan,nan,0.29416936175762654,9.35336857127447,32.056284152564515,1581.9188486448916,nan,nan,nan,nan,nan,nan,nan,nan,nan,140.0,0.007079580007268241,6.46365040037781,2000.0,1.0,0.0,nan,nan,nan,nan,nan,nan,nan,nan,nan,nan,nan,nan,nan,nan,nan,nan,0.0,"[100, 100, 100, 300, 100]","[0.009143353030765052, 0.0, 0.007753739296283899, 0.0, 0.018500807709292248]","[null, null, null, null, null]","[null, null, null, null, null]","[null, null, null, null, null]","[null, null, null, null, null]",,0.13286907077274873,0.05240386124529118,5.0,1.96
1a,2500,2243005,neural-fore,neural-main-oracle-bellman,-12.4802433547232,-12.429003283886667,-12.586673112426368,0.11952436249573901,-12.663271034378315,-12.194735533395018,1.0,0.10642975770316809,0.15766982853970113,0.8274034653982589,0.8274034653982589,0.13431653548288786,0.12028099309193892,0.04364855286857023,nan,nan,0.490315155784408,9.201794515719211,26.458393694307652,1706.2011054054722,nan,nan,nan,nan,nan,nan,nan,nan,nan,140.0,0.011934583833305472,6.2485971169779075,2000.0,1.0,0.0,nan,nan,nan,nan,nan,nan,nan,nan,nan,nan,nan,nan,nan,nan,nan,nan,0.0,"[100, 300, 100, 100, 100]","[0.016152836939412073, 0.014815938117183573, 0.0036301293711697245, 0.025074014738761988, 0.0]","[null, null, null, null, null]","[null, null, null, null, null]","[null, null, null, null, null]","[null, null, null, null, null]",,0.11952436249573901,0.022917537782152362,5.0,1.96
1a,2500,2253005,neural-fore,neural-main-oracle-bellman,-12.764867576977492,-12.686208689422854,-12.586673112426368,0.13229594765553154,-12.945508746827695,-12.426908632018012,1.0,-0.1781944645511242,-0.09953557699648563,0.82803847026728,0.82803847026728,0.12438294981695577,0.11965687417145403,0.042921999755237666,nan,nan,0.35672062250416503,9.213328248030646,31.442600895309756,1611.012698349571,nan,nan,nan,nan,nan,nan,nan,nan,nan,100.0,0.024167319962379242,6.118913491629064,2000.0,1.0,0.0,nan,nan,nan,nan,nan,nan,nan,nan,nan,nan,nan,nan,nan,nan,nan,nan,0.0,"[100, 100, 100, 100, 100]","[0.010232291038088207, 0.004712705281311794, 0.054781397967277816, 0.0, 0.05111020552521839]","[null, null, null, null, null]","[null, null, null, null, null]","[null, null, null, null, null]","[null, null, null, null, null]",,0.13229594765553154,0.1442241589307703,5.0,1.96
1a,2500,2263005,neural-fore,neural-main-oracle-bellman,-12.480857177622015,-12.259143200371808,-12.586673112426368,0.11252237409649622,-12.47968705360094,-12.038599347142675,0.0,0.10581593480435281,0.32752991205456006,0.8739138942252346,0.8739138942252346,0.14004143091188193,0.1239141119917541,0.07814973247656244,nan,nan,0.32846389079539345,10.155467480822995,27.880870198467466,1752.570350208975,nan,nan,nan,nan,nan,nan,nan,nan,nan,180.0,0.02043704566423108,7.2054975083912725,2000.0,1.0,0.0,nan,nan,nan,nan,nan,nan,nan,nan,nan,nan,nan,nan,nan,nan,nan,nan,0.0,"[100, 300, 100, 300, 100]","[0.08049577953956553, 0.0, 0.013590723157679742, 0.0, 0.008098725623910116]","[null, null, null, null, null]","[null, null, null, null, null]","[null, null, null, null, null]","[null, null, null, null, null]",,0.11252237409649622,0.136611867648551,5.0,1.96
1a,2500,2273005,neural-fore,neural-main-oracle-bellman,-12.725580841990112,-12.615172989751253,-12.586673112426368,0.1269452100592206,-12.863985601467325,-12.36636037803518,1.0,-0.1389077295637442,-0.028499877324884793,1.2005967398018011,1.2005967398018011,0.2102999452814256,0.166013121513842,0.06329000639986422,nan,nan,0.19475165470287062,9.069241884260979,28.311229144731662,1638.9198314954726,nan,nan,nan,nan,nan,nan,nan,nan,nan,140.0,0.007028454986358531,7.107319166604429,2000.0,1.0,0.0,nan,nan,nan,nan,nan,nan,nan,nan,nan,nan,nan,nan,nan,nan,nan,nan,0.0,"[100, 100, 100, 300, 100]","[0.007095715545656257, 0.009460984142552548, 0.013093389451784086, 0.0, 0.00549218579179977]","[null, null, null, null, null]","[null, null, null, null, null]","[null, null, null, null, null]","[null, null, null, null, null]",,0.1269452100592206,0.11372292672910987,5.0,1.96
1a,2500,2283005,neural-fore,neural-main-oracle-bellman,-12.605369357140491,-12.518007447405541,-12.586673112426368,0.12296289180676306,-12.759014715346797,-12.277000179464284,1.0,-0.01869624471412301,0.06866566502082705,1.1617249580320403,1.1617249580320403,0.16679028483922576,0.14773382571446753,0.031674607561470315,nan,nan,0.2924212911481787,9.62895165924961,30.51348327656349,1654.5031546529106,nan,nan,nan,nan,nan,nan,nan,nan,nan,180.0,0.004976808323996845,7.5055348665569905,2000.0,1.0,0.0,nan,nan,nan,nan,nan,nan,nan,nan,nan,nan,nan,nan,nan,nan,nan,nan,0.0,"[300, 100, 300, 100, 100]","[0.00728084109820246, 0.004780750658574248, 0.0, 0.010422713941582847, 0.0023997359216246707]","[null, null, null, null, null]","[null, null, null, null, null]","[null, null, null, null, null]","[null, null, null, null, null]",,0.12296289180676306,0.10331071795030085,5.0,1.96
1a,2500,2293005,neural-fore,neural-main-oracle-bellman,-12.737593467726512,-12.794560532756808,-12.586673112426368,0.13244412324556395,-13.054151014318114,-12.534970051195502,1.0,-0.15092035530014414,-0.20788742033044016,0.787217039365402,0.787217039365402,0.14958585775069738,0.1303434413280395,0.048864506202574924,nan,nan,0.29485899471024696,9.081594661258507,29.266423805041583,1617.5099107706437,nan,nan,nan,nan,nan,nan,nan,nan,nan,180.0,0.00845476013621554,7.590817108610645,2000.0,1.0000000000000002,0.0,nan,nan,nan,nan,nan,nan,nan,nan,nan,nan,nan,nan,nan,nan,nan,nan,0.0,"[300, 100, 100, 100, 300]","[0.0, 0.008244755850360707, 0.010929947485404972, 0.017429404844688835, 0.005669692500623182]","[null, null, null, null, null]","[null, null, null, null, null]","[null, null, null, null, null]","[null, null, null, null, null]",,0.13244412324556395,0.17966536156700255,5.0,1.96
1a,2500,2303005,neural-fore,neural-main-oracle-bellman,-12.58316635846716,-12.45623276392876,-12.586673112426368,0.11955088716834045,-12.690552502778708,-12.221913025078813,1.0,0.0035067539592077424,0.13044034849760777,0.7357224407961145,0.7357224407961145,0.1133678562007743,0.10454497260085885,0.03714107937639587,nan,nan,0.3183944340619072,9.679779693926136,28.020196452828632,1679.4723787225323,nan,nan,nan,nan,nan,nan,nan,nan,nan,100.0,0.010625351071699953,5.996170616161544,2000.0,1.0,0.0,nan,nan,nan,nan,nan,nan,nan,nan,nan,nan,nan,nan,nan,nan,nan,nan,0.0,"[100, 100, 100, 100, 100]","[0.00892343851496544, 0.018308864037272488, 0.0023925125038280516, 0.015836445371814698, 0.007665494930619088]","[null, null, null, null, null]","[null, null, null, null, null]","[null, null, null, null, null]","[null, null, null, null, null]",,0.11955088716834045,0.05878406197100264,5.0,1.96
1a,2500,2313005,neural-fore,neural-main-oracle-bellman,-12.676673402310488,-12.591957987353593,-12.586673112426368,0.1265107893822596,-12.839919134542821,-12.343996840164365,1.0,-0.09000028988412012,-0.0052848749272254025,1.0440057307804362,1.0440057307804362,0.14129271600625448,0.1157673860229966,0.036655640828346624,nan,nan,0.23563850518316784,9.477873077696874,30.310162888173032,1622.831585263501,nan,nan,nan,nan,nan,nan,nan,nan,nan,140.0,0.010286997872817623,7.4429644424119035,2000.0,1.0,0.0,nan,nan,nan,nan,nan,nan,nan,nan,nan,nan,nan,nan,nan,nan,nan,nan,0.0,"[100, 300, 100, 100, 100]","[0.02605561260121474, 0.0, 0.010780473499108356, 0.0055653880680424875, 0.009033515195722536]","[null, null, null, null, null]","[null, null, null, null, null]","[null, null, null, null, null]","[null, null, null, null, null]",,0.1265107893822596,0.10322730243137276,5.0,1.96
1a,2500,2323005,neural-fore,neural-main-oracle-bellman,-12.573153195487798,-12.532422267631146,-12.586673112426368,0.1252888151178944,-12.77798834526222,-12.286856190000073,1.0,0.01351991693857002,0.05425084479522191,0.9268999254127396,0.9268999254127396,0.12959368097058027,0.1151777689206124,0.04127384560104496,nan,nan,0.36279964608661897,9.30937829880498,32.25723893604513,1637.0795190092012,nan,nan,nan,nan,nan,nan,nan,nan,nan,180.0,0.01219954113498127,7.759655500215013,2000.0,1.0,0.0,nan,nan,nan,nan,nan,nan,nan,nan,nan,nan,nan,nan,nan,nan,nan,nan,0.0,"[100, 100, 300, 300, 100]","[0.026582955807910476, 0.005253009860227119, 0.0, 0.005619057851565244, 0.023542682155203512]","[null, null, null, null, null]","[null, null, null, null, null]","[null, null, null, null, null]","[null, null, null, null, null]",,0.1252888151178944,0.11434644695285681,5.0,1.96
1a,2500,2333005,neural-fore,neural-main-oracle-bellman,-12.833720982425374,-12.732853213728669,-12.586673112426368,0.13187485217295963,-12.99132792398767,-12.474378503469667,1.0,-0.2470478699990064,-0.14618010130230097,0.8006837900288689,0.8006837900288689,0.11229003497430459,0.09990683731165655,0.052153146242729174,nan,nan,0.32913209504676616,9.232614213376117,31.254301467822852,1608.980773922427,nan,nan,nan,nan,nan,nan,nan,nan,nan,180.0,0.015170085740907419,7.22002027540002,2000.0,1.0000000000000002,0.0,nan,nan,nan,nan,nan,nan,nan,nan,nan,nan,nan,nan,nan,nan,nan,nan,0.0,"[100, 100, 300, 100, 300]","[0.032938951429549654, 0.015263615584430467, 0.004594851095462341, 0.020915484483002775, 0.0021375261120918556]","[null, null, null, null, null]","[null, null, null, null, null]","[null, null, null, null, null]","[null, null, null, null, null]",,0.13187485217295963,0.1262475942759175,5.0,1.96
1a,2500,2343005,neural-fore,neural-main-oracle-bellman,-12.77082605743189,-12.839642630866553,-12.586673112426368,0.13174823143302383,-13.09786916447528,-12.581416097257826,1.0,-0.18415294500552193,-0.2529695184401852,1.07424940105222,1.07424940105222,0.13603444761271227,0.13169242887251936,0.043421701618858034,nan,nan,0.23570313390258546,9.25427988667656,32.94830052193807,1548.1865977390505,nan,nan,nan,nan,nan,nan,nan,nan,nan,220.0,0.0028810055649237244,8.169312658207492,2000.0,1.0,0.0,nan,nan,nan,nan,nan,nan,nan,nan,nan,nan,nan,nan,nan,nan,nan,nan,0.0,"[100, 300, 300, 100, 300]","[0.006685365735386233, 0.0028612122508127327, 0.0016198892804631737, 0.0014378433501998906, 0.001800717207756592]","[null, null, null, null, null]","[null, null, null, null, null]","[null, null, null, null, null]","[null, null, null, null, null]",,0.13174823143302383,0.04275740178593979,5.0,1.96
1a,2500,2353005,neural-fore,neural-main-oracle-bellman,-12.504652365693023,-12.509403540412038,-12.586673112426368,0.1287684086939348,-12.76178962145215,-12.257017459371925,1.0,0.08202074673334536,0.07726957201433038,0.8471812752819542,0.8471812752819542,0.13230178010541374,0.11143084336625124,0.028326389231519786,nan,nan,0.2950218716331272,9.32930361303729,31.982121462788918,1612.229024305367,nan,nan,nan,nan,nan,nan,nan,nan,nan,180.0,0.020391508313566675,7.238335741811897,2000.0,1.0,0.0,nan,nan,nan,nan,nan,nan,nan,nan,nan,nan,nan,nan,nan,nan,nan,nan,0.0,"[100, 100, 300, 300, 100]","[0.04498819552546053, 0.03578933748929372, 0.003221746774389663, 0.007238685934938628, 0.010719575843750832]","[null, null, null, null, null]","[null, null, null, null, null]","[null, null, null, null, null]","[null, null, null, null, null]",,0.1287684086939348,0.08022583153386383,5.0,1.96
1a,2500,2363005,neural-fore,neural-main-oracle-bellman,-12.5733305458721,-12.488589339592114,-12.586673112426368,0.12107044863493116,-12.725887418916578,-12.25129126026765,1.0,0.013342566554268132,0.09808377283425429,0.8590800105758138,0.8590800105758138,0.10253519054594311,0.09224815995356608,0.057625527688295236,nan,nan,0.4631719369106954,9.442122114306038,26.94710044662881,1717.8946012163265,nan,nan,nan,nan,nan,nan,nan,nan,nan,100.0,0.02134390004780265,6.414180016634054,2000.0,1.0,0.0,nan,nan,nan,nan,nan,nan,nan,nan,nan,nan,nan,nan,nan,nan,nan,nan,0.0,"[100, 100, 100, 100, 100]","[0.03663472553611059, 0.008474168979517758, 0.010452599943979558, 0.05115800577940533, 0.0]","[null, null, null, null, null]","[null, null, null, null, null]","[null, null, null, null, null]","[null, null, null, null, null]",,0.12107044863493116,0.0730762742345352,5.0,1.96
1a,2500,2373005,neural-fore,neural-main-oracle-bellman,-12.390322962949263,-12.3520791866107,-12.586673112426368,0.11844332840618352,-12.58422811028682,-12.11993026293458,0.0,0.19635014947710516,0.23459392581566796,0.6991653497060083,0.6991653497060083,0.13180131119559457,0.12318703833766267,0.05933213360548236,nan,nan,0.44375787618419255,9.441969974001402,28.194855853905537,1700.5337882224453,nan,nan,nan,nan,nan,nan,nan,nan,nan,140.0,0.02517161616028112,6.498430208396167,2000.0,1.0,0.0,nan,nan,nan,nan,nan,nan,nan,nan,nan,nan,nan,nan,nan,nan,nan,nan,0.0,"[100, 100, 100, 100, 300]","[0.029296997388420235, 0.025287713789094148, 0.039490364878874716, 0.03178300474501651, 0.0]","[null, null, null, null, null]","[null, null, null, null, null]","[null, null, null, null, null]","[null, null, null, null, null]",,0.11844332840618352,0.08482856719108836,5.0,1.96
1a,2500,2383005,neural-fore,neural-main-oracle-bellman,-12.614735581996149,-12.537254341497766,-12.586673112426368,0.12671226310953743,-12.785610377192459,-12.288898305803073,1.0,-0.028062469569780646,0.04941877092860203,0.8000886315221752,0.8000886315221752,0.1512395815900406,0.13378493099106048,0.035868564995589415,nan,nan,0.1976533101454074,9.319936264293421,34.991058418144675,1583.6316811265667,nan,nan,nan,nan,nan,nan,nan,nan,nan,180.0,0.013249800197306563,7.869901384413242,2000.0,1.0,0.0,nan,nan,nan,nan,nan,nan,nan,nan,nan,nan,nan,nan,nan,nan,nan,nan,0.0,"[100, 300, 100, 300, 100]","[0.009528495877407745, 0.006073149229411705, 0.01659830517840917, 0.018870100946335858, 0.015178949754968337]","[null, null, null, null, null]","[null, null, null, null, null]","[null, null, null, null, null]","[null, null, null, null, null]",,0.12671226310953743,0.0838078400488712,5.0,1.96
1a,2500,2393005,neural-fore,neural-main-oracle-bellman,-12.786904887536414,-12.812259231447229,-12.586673112426368,0.12941465047313125,-13.065911946374566,-12.558606516519891,1.0,-0.20023177511004597,-0.22558611902086056,0.678682265716724,0.678682265716724,0.13626665308041228,0.12248600454976506,0.04257626140022438,nan,nan,0.2337684625465462,9.192257674277311,27.616719088041805,1614.291450453935,nan,nan,nan,nan,nan,nan,nan,nan,nan,180.0,0.013270448756750453,7.747786991787143,2000.0,1.0,0.0,nan,nan,nan,nan,nan,nan,nan,nan,nan,nan,nan,nan,nan,nan,nan,nan,0.0,"[300, 300, 100, 100, 100]","[0.0, 0.0005468942518279561, 0.006862150392663872, 0.05415221719719328, 0.004790981942067158]","[null, null, null, null, null]","[null, null, null, null, null]","[null, null, null, null, null]","[null, null, null, null, null]",,0.12941465047313125,0.15451642555807274,5.0,1.96
1a,2500,2403005,neural-fore,neural-main-oracle-bellman,-12.613221498307071,-12.563367645103286,-12.586673112426368,0.12322957080433893,-12.804897603879791,-12.32183768632678,1.0,-0.026548385880703407,0.02330546732308214,0.6817299877812827,0.6817299877812827,0.10741034368270766,0.10091153461994018,0.04996788010993111,nan,nan,0.3736352036133558,9.463550353669339,30.00254538368849,1646.7942539597982,nan,nan,nan,nan,nan,nan,nan,nan,nan,140.0,0.014093577561195147,7.077297466620803,2000.0,1.0,0.0,nan,nan,nan,nan,nan,nan,nan,nan,nan,nan,nan,nan,nan,nan,nan,nan,0.0,"[100, 300, 100, 100, 100]","[0.04013627725435173, 0.0003025983430789151, 0.003068651352222512, 0.026316611381208645, 0.0006437494751139294]","[null, null, null, null, null]","[null, null, null, null, null]","[null, null, null, null, null]","[null, null, null, null, null]",,0.12322957080433893,0.18488559154526757,5.0,1.96
1a,2500,2413005,neural-fore,neural-main-oracle-bellman,-12.602262910818945,-12.601915037207265,-12.586673112426368,0.1355567672841541,-12.867606301084207,-12.336223773330323,1.0,-0.015589798392577237,-0.01524192478089681,1.1812498087547614,1.1812498087547614,0.1812532624615491,0.13770614389363936,0.05796238086364907,nan,nan,0.39535574329370515,9.049764151074996,36.55542748510519,1553.270666166557,nan,nan,nan,nan,nan,nan,nan,nan,nan,100.0,0.01258443199515406,6.139680158835835,2000.0,1.0,0.0,nan,nan,nan,nan,nan,nan,nan,nan,nan,nan,nan,nan,nan,nan,nan,nan,0.0,"[100, 100, 100, 100, 100]","[0.017937149893924694, 0.0, 0.007741640758134494, 0.027624325788796072, 0.009619043534915042]","[null, null, null, null, null]","[null, null, null, null, null]","[null, null, null, null, null]","[null, null, null, null, null]",,0.1355567672841541,0.18253794033361126,5.0,1.96
1a,2500,2423005,neural-fore,neural-main-oracle-bellman,-12.613143036050266,-12.683385587934907,-12.586673112426368,0.13376456167150125,-12.94556412881105,-12.421207047058765,1.0,-0.026469923623897884,-0.09671247550853934,0.6614995508424333,0.6614995508424333,0.09611409746259032,0.07891919828687177,0.03864324363912801,nan,nan,0.2825061556556084,9.25358953751358,34.826786751585075,1577.1313297143074,nan,nan,nan,nan,nan,nan,nan,nan,nan,180.0,0.005869669812523156,7.678412491362542,2000.0,1.0,0.0,nan,nan,nan,nan,nan,nan,nan,nan,nan,nan,nan,nan,nan,nan,nan,nan,0.0,"[100, 100, 100, 300, 300]","[0.006837235780714185, 0.0076845939326067765, 0.004286022210146873, 0.0036196822679307726, 0.00692081487121717]","[null, null, null, null, null]","[null, null, null, null, null]","[null, null, null, null, null]","[null, null, null, null, null]",,0.13376456167150125,0.11644391847426606,5.0,1.96
1a,2500,2433005,neural-fore,neural-main-oracle-bellman,-12.465207345688833,-12.409652112715282,-12.586673112426368,0.12079754071804416,-12.646415292522649,-12.172888932907915,1.0,0.12146576673753451,0.1770209997110861,0.7185550040679323,0.7185550040679323,0.11439503732267124,0.09035400302375232,0.04925301302691333,nan,nan,0.3405200090232558,9.198206498164176,32.35533533366477,1647.242149386645,nan,nan,nan,nan,nan,nan,nan,nan,nan,100.0,0.014334589031223938,6.017096366593615,2000.0,1.0,0.0,nan,nan,nan,nan,nan,nan,nan,nan,nan,nan,nan,nan,nan,nan,nan,nan,0.0,"[100, 100, 100, 100, 100]","[0.00035436512027872127, 0.014340965785739394, 0.0090217163357217, 0.03436638709044107, 0.013589510823938809]","[null, null, null, null, null]","[null, null, null, null, null]","[null, null, null, null, null]","[null, null, null, null, null]",,0.12079754071804416,0.10563124915343496,5.0,1.96
1a,2500,2443005,neural-fore,neural-main-oracle-bellman,-12.77362580969931,-12.589398865267626,-12.586673112426368,0.12459691551035348,-12.83360881966792,-12.345188910867332,1.0,-0.1869526972729414,-0.002725752841257645,0.7370805734673012,0.7370805734673012,0.11996213603552768,0.10017690431656867,0.04209223539249843,nan,nan,0.32873802700048127,9.274717145036366,29.98905259091865,1633.413704324161,nan,nan,nan,nan,nan,nan,nan,nan,nan,100.0,0.015027563111412942,5.984683240996674,2000.0,1.0,0.0,nan,nan,nan,nan,nan,nan,nan,nan,nan,nan,nan,nan,nan,nan,nan,nan,0.0,"[100, 100, 100, 100, 100]","[0.0, 0.01249518230578015, 0.011900255102071511, 0.015449418129013594, 0.03529296002019945]","[null, null, null, null, null]","[null, null, null, null, null]","[null, null, null, null, null]","[null, null, null, null, null]",,0.12459691551035348,0.031148936267656226,5.0,1.96
1a,2500,2453005,neural-fore,neural-main-oracle-bellman,-12.612544807308124,-12.539078323857561,-12.586673112426368,0.1234848515797208,-12.781108632953813,-12.297048014761309,1.0,-0.025871694881756113,0.047594788568806834,0.7103046479451531,0.7103046479451531,0.1183246720230396,0.10689711812752653,0.045355692964234126,nan,nan,0.37517149520396664,9.625285888321198,29.465694491096556,1687.6476053010365,nan,nan,nan,nan,nan,nan,nan,nan,nan,140.0,0.013586031350639915,6.719451016804669,2000.0,1.0,0.0,nan,nan,nan,nan,nan,nan,nan,nan,nan,nan,nan,nan,nan,nan,nan,nan,0.0,"[100, 300, 100, 100, 100]","[0.023314687571322296, 0.0050702138956351, 0.0037807938671526515, 0.005395478472482044, 0.030368982946607483]","[null, null, null, null, null]","[null, null, null, null, null]","[null, null, null, null, null]","[null, null, null, null, null]",,0.1234848515797208,0.13765161613516114,5.0,1.96
1a,2500,2463005,neural-fore,neural-main-oracle-bellman,-12.59996495729267,-12.544999034078828,-12.586673112426368,0.12271670216204165,-12.785523770316429,-12.304474297841226,1.0,-0.013291844866301972,0.041674078347540444,0.5385716836809816,0.5385716836809816,0.1103088061636835,0.10752845851815118,0.04773897736710661,nan,nan,0.39428815844928944,9.470897539336093,29.53864029874753,1685.4652739278085,nan,nan,nan,nan,nan,nan,nan,nan,nan,100.0,0.016422218881477674,6.491898700001184,2000.0,1.0,0.0,nan,nan,nan,nan,nan,nan,nan,nan,nan,nan,nan,nan,nan,nan,nan,nan,0.0,"[100, 100, 100, 100, 100]","[0.0, 0.025753257619642842, 0.03325086855462146, 0.007158161692451741, 0.015948806540672326]","[null, null, null, null, null]","[null, null, null, null, null]","[null, null, null, null, null]","[null, null, null, null, null]",,0.12271670216204165,0.10993794031449916,5.0,1.96
1a,2500,2473005,neural-fore,neural-main-oracle-bellman,-12.49488988030887,-12.435684050647732,-12.586673112426368,0.11895234141007745,-12.668830639811484,-12.20253746148398,1.0,0.09178323211749806,0.15098906177863647,1.0895977854141818,1.0895977854141818,0.1259902483237223,0.11934838725215513,0.0325417807346888,nan,nan,0.35503012867628847,9.300415590670667,31.178860291276447,1652.1008640606499,nan,nan,nan,nan,nan,nan,nan,nan,nan,100.0,0.0197608385858512,6.082519066426903,2000.0,1.0,0.0,nan,nan,nan,nan,nan,nan,nan,nan,nan,nan,nan,nan,nan,nan,nan,nan,0.0,"[100, 100, 100, 100, 100]","[0.010058414578730461, 0.04204798464483902, 0.015070308371197357, 0.0036062712868112166, 0.028021214047677948]","[null, null, null, null, null]","[null, null, null, null, null]","[null, null, null, null, null]","[null, null, null, null, null]",,0.11895234141007745,0.04769028168323485,5.0,1.96
1a,2500,2483005,neural-fore,neural-main-oracle-bellman,-12.700002976655222,-12.788944457187165,-12.586673112426368,0.13726586999423487,-13.057985562375865,-12.519903351998465,1.0,-0.11332986422885405,-0.20227134476079733,1.093993628617007,1.093993628617007,0.16579295947962933,0.12828805154269693,0.044800536066625304,nan,nan,0.30516593156898775,9.098451356848518,33.25989082335504,1554.9654416847723,nan,nan,nan,nan,nan,nan,nan,nan,nan,140.0,0.039290152818969616,6.946061675203964,2000.0,1.0,0.0,nan,nan,nan,nan,nan,nan,nan,nan,nan,nan,nan,nan,nan,nan,nan,nan,0.0,"[100, 100, 300, 100, 100]","[0.01692908856425828, 0.06337659990456619, 0.005274352752229507, 0.07599917900926718, 0.0348715438645269]","[null, null, null, null, null]","[null, null, null, null, null]","[null, null, null, null, null]","[null, null, null, null, null]",,0.13726586999423487,0.14564691479018743,5.0,1.96
1a,2500,2493005,neural-fore,neural-main-oracle-bellman,-12.733930035048598,-12.700909185722702,-12.586673112426368,0.1344331309881538,-12.964398122459484,-12.437420248985921,1.0,-0.14725692262222978,-0.11423607329633434,0.6819287414552786,0.6819287414552786,0.1203334700257902,0.1129987222032434,0.0500238049987031,nan,nan,0.41678106509584834,9.058588315549612,33.85600555914182,1570.424085146646,nan,nan,nan,nan,nan,nan,nan,nan,nan,100.0,0.009208306510592125,6.259452167025302,2000.0,1.0,0.0,nan,nan,nan,nan,nan,nan,nan,nan,nan,nan,nan,nan,nan,nan,nan,nan,0.0,"[100, 100, 100, 100, 100]","[0.0060618616675051, 0.022064995579000102, 0.0, 0.0003150464171077187, 0.017599628889347702]","[null, null, null, null, null]","[null, null, null, null, null]","[null, null, null, null, null]","[null, null, null, null, null]",,0.1344331309881538,0.10528078717637138,5.0,1.96
1a,2500,2503005,neural-fore,neural-main-oracle-bellman,-12.62761203290096,-12.580751470066703,-12.586673112426368,0.12257721441998637,-12.821002810329876,-12.34050012980353,1.0,-0.040938920474591356,0.005921642359664858,1.0836436821467132,1.0836436821467132,0.1616738966783359,0.14913323868873968,0.05237898017406095,nan,nan,0.38837607567829335,9.32266249075576,27.73007195373244,1675.2245251542956,nan,nan,nan,nan,nan,nan,nan,nan,nan,140.0,0.01691663268462979,7.136572466988582,2000.0,1.0,0.0,nan,nan,nan,nan,nan,nan,nan,nan,nan,nan,nan,nan,nan,nan,nan,nan,0.0,"[300, 100, 100, 100, 100]","[0.0035101766153003786, 0.03163283635213929, 0.0034772465653003354, 0.02434606806034602, 0.02161683583006294]","[null, null, null, null, null]","[null, null, null, null, null]","[null, null, null, null, null]","[null, null, null, null, null]",,0.12257721441998637,0.18787641859671086,5.0,1.96
1a,2500,2513005,neural-fore,neural-main-oracle-bellman,-12.741616832852113,-12.617546940363885,-12.586673112426368,0.12929964331324034,-12.870974241257837,-12.364119639469934,1.0,-0.1549437204257451,-0.030873827937517362,0.715529014291635,0.715529014291635,0.12162026121826361,0.11328806303433851,0.045456507411675943,nan,nan,0.38157716080128434,9.435387006971473,29.275787935520675,1634.108516930551,nan,nan,nan,nan,nan,nan,nan,nan,nan,100.0,0.008200008731317526,6.630279516789597,2000.0,1.0,0.0,nan,nan,nan,nan,nan,nan,nan,nan,nan,nan,nan,nan,nan,nan,nan,nan,0.0,"[100, 100, 100, 100, 100]","[0.005860025026008268, 0.0, 0.0, 0.009652340268747091, 0.02548767836183227]","[null, null, null, null, null]","[null, null, null, null, null]","[null, null, null, null, null]","[null, null, null, null, null]",,0.12929964331324034,0.1668378012085681,5.0,1.96
1a,2500,2523005,neural-fore,neural-main-oracle-bellman,-12.795558603315902,-12.729283525638039,-12.586673112426368,0.1333967242076327,-12.990741105084998,-12.467825946191079,1.0,-0.2088854908895339,-0.14261041321167056,0.8534912088436112,0.8534912088436112,0.12939896764140452,0.11959805882406452,0.043793279596022805,nan,nan,0.3039031653852981,9.041556573405824,31.532341210775588,1590.9921425493214,nan,nan,nan,nan,nan,nan,nan,nan,nan,180.0,0.0065273262381255765,7.18374245838495,2000.0,1.0,0.0,nan,nan,nan,nan,nan,nan,nan,nan,nan,nan,nan,nan,nan,nan,nan,nan,0.0,"[100, 100, 300, 300, 100]","[0.014681270268542917, 0.0047111166434706635, 0.0, 0.0, 0.013244244278614302]","[null, null, null, null, null]","[null, null, null, null, null]","[null, null, null, null, null]","[null, null, null, null, null]",,0.1333967242076327,0.15834407384287308,5.0,1.96
1a,2500,2533005,neural-fore,neural-main-oracle-bellman,-12.621316358553411,-12.45786741553394,-12.586673112426368,0.1255193435829889,-12.703885328956598,-12.211849502111281,1.0,-0.03464324612704317,0.12880569689242805,0.7472492640155715,0.7472492640155715,0.14149182045290232,0.13094245597686174,0.050521412363062644,nan,nan,0.3630023574725581,9.367356874502303,31.851947214388485,1632.7153203999344,nan,nan,nan,nan,nan,nan,nan,nan,nan,140.0,0.0027597783000870126,6.71063248302089,2000.0,1.0,0.0,nan,nan,nan,nan,nan,nan,nan,nan,nan,nan,nan,nan,nan,nan,nan,nan,0.0,"[100, 100, 100, 100, 300]","[0.0007139437251075644, 0.001573555656994235, 0.0019038082296012912, 0.006470505056918313, 0.0031370788318136594]","[null, null, null, null, null]","[null, null, null, null, null]","[null, null, null, null, null]","[null, null, null, null, null]",,0.1255193435829889,0.07406148021632615,5.0,1.96
1a,2500,2543005,neural-fore,neural-main-oracle-bellman,-12.747206499966842,-12.616914800650417,-12.586673112426368,0.13437898150953875,-12.880297604409112,-12.353531996891721,1.0,-0.16053338754047353,-0.030241688224048602,0.5720108804130536,0.5720108804130536,0.1280292072398903,0.11371896010325447,0.034724569615083495,nan,nan,0.27725667461566905,9.102264762616205,33.788274988012276,1556.100485069961,nan,nan,nan,nan,nan,nan,nan,nan,nan,220.0,0.0065056109549678385,8.323846124194096,2000.0,1.0,0.0,nan,nan,nan,nan,nan,nan,nan,nan,nan,nan,nan,nan,nan,nan,nan,nan,0.0,"[100, 300, 100, 300, 300]","[0.02230716044231513, 0.004162423440018504, 0.001365845606178599, 0.0046926252863269645, 0.0]","[null, null, null, null, null]","[null, null, null, null, null]","[null, null, null, null, null]","[null, null, null, null, null]",,0.13437898150953875,0.14069333983777096,5.0,1.96
1a,2500,2553005,neural-fore,neural-main-oracle-bellman,-12.726410606155147,-12.57421429784578,-12.586673112426368,0.12676271584898688,-12.822669220909795,-12.325759374781764,1.0,-0.13973749372877897,0.012458814580588395,0.9236216591687786,0.9236216591687786,0.22489397395429855,0.200002532403951,0.06653393445686974,nan,nan,0.38839482403764725,9.333912679170068,28.253080383495753,1651.29438631995,nan,nan,nan,nan,nan,nan,nan,nan,nan,100.0,0.018820907417914,5.912816866801586,2000.0,1.0,0.0,nan,nan,nan,nan,nan,nan,nan,nan,nan,nan,nan,nan,nan,nan,nan,nan,0.0,"[100, 100, 100, 100, 100]","[0.002131099172508389, 0.031303737982781014, 0.00843088149421851, 0.022515577073643718, 0.029723241366418372]","[null, null, null, null, null]","[null, null, null, null, null]","[null, null, null, null, null]","[null, null, null, null, null]",,0.12676271584898688,0.1993881834787028,5.0,1.96
1a,2500,2563005,neural-fore,neural-main-oracle-bellman,-12.604453965928865,-12.549482895197375,-12.586673112426368,0.1252913481039544,-12.795053937481125,-12.303911852913625,1.0,-0.01778085350249725,0.03719021722899285,0.8059479794153649,0.8059479794153649,0.13554847860437666,0.11019129386008417,0.04061970917836502,nan,nan,0.3277208471957434,9.33071313645069,28.928236966844974,1658.0002006456273,nan,nan,nan,nan,nan,nan,nan,nan,nan,140.0,0.01663989124943126,6.704772416804917,2000.0,1.0,0.0,nan,nan,nan,nan,nan,nan,nan,nan,nan,nan,nan,nan,nan,nan,nan,nan,0.0,"[100, 100, 300, 100, 100]","[0.0, 0.03264838456000651, 0.00894970626497895, 0.008737483905672397, 0.03286388151649845]","[null, null, null, null, null]","[null, null, null, null, null]","[null, null, null, null, null]","[null, null, null, null, null]",,0.1252913481039544,0.08634704399215645,5.0,1.96
1a,2500,2573005,neural-fore,neural-main-oracle-bellman,-12.527763853214285,-12.43588417481483,-12.586673112426368,0.12738481737092514,-12.685558416861845,-12.186209932767817,1.0,0.05890925921208279,0.15078893761153722,0.7810697650419157,0.7810697650419157,0.10905350517497377,0.08768803068735555,0.040132453562221414,nan,nan,0.2871976068341504,9.362558625146065,31.162639903973812,1615.7372656181699,nan,nan,nan,nan,nan,nan,nan,nan,nan,140.0,0.015835527994580236,6.363637999619823,2000.0,1.0,0.0,nan,nan,nan,nan,nan,nan,nan,nan,nan,nan,nan,nan,nan,nan,nan,nan,0.0,"[300, 100, 100, 100, 100]","[0.0060451071846690544, 0.0, 0.04333008836469418, 0.015184429964225874, 0.014618014459312073]","[null, null, null, null, null]","[null, null, null, null, null]","[null, null, null, null, null]","[null, null, null, null, null]",,0.12738481737092514,0.18714730927605297,5.0,1.96
1a,2500,2583005,neural-fore,neural-main-oracle-bellman,-12.726784499297452,-12.569390353605245,-12.586673112426368,0.12942999373278263,-12.8230731413215,-12.31570756588899,1.0,-0.1401113868710837,0.017282758821123068,0.9487471038074341,0.9487471038074341,0.1212935589542353,0.10940784415722364,0.03833812938133255,nan,nan,0.4780186891061202,9.551298809067823,32.76647486093862,1591.7868169799692,nan,nan,nan,nan,nan,nan,nan,nan,nan,100.0,0.005820042015464217,6.465027824393474,2000.0,1.0,0.0,nan,nan,nan,nan,nan,nan,nan,nan,nan,nan,nan,nan,nan,nan,nan,nan,0.0,"[100, 100, 100, 100, 100]","[0.011187729651427161, 0.0032202729543973733, 0.0, 0.013961115155541248, 0.0007310923159553027]","[null, null, null, null, null]","[null, null, null, null, null]","[null, null, null, null, null]","[null, null, null, null, null]",,0.12942999373278263,0.16109346392634696,5.0,1.96
1a,2500,2593005,neural-fore,neural-main-oracle-bellman,-12.69576194744591,-12.653928231601265,-12.586673112426368,0.12929627946748928,-12.907348939357544,-12.400507523844986,1.0,-0.10908883501954136,-0.0672551191748969,0.5286440609983142,0.5286440609983142,0.10193321150544818,0.09396815944010424,0.03706273811796053,nan,nan,0.2927222619731222,8.917668298449211,30.364392193146937,1613.5126584893846,nan,nan,nan,nan,nan,nan,nan,nan,nan,100.0,0.005826796367066913,6.671890033828094,2000.0,1.0,0.0,nan,nan,nan,nan,nan,nan,nan,nan,nan,nan,nan,nan,nan,nan,nan,nan,0.0,"[100, 100, 100, 100, 100]","[0.0018388726701093103, 0.011004833529559907, 0.0010232279337277102, 0.014479061668958059, 0.000787986032979579]","[null, null, null, null, null]","[null, null, null, null, null]","[null, null, null, null, null]","[null, null, null, null, null]",,0.12929627946748928,0.10508829792711076,5.0,1.96
1a,2500,2603005,neural-fore,neural-main-oracle-bellman,-12.557991854857917,-12.501518849330193,-12.586673112426368,0.12604330751234583,-12.748563732054391,-12.254473966605994,1.0,0.028681257568450746,0.08515426309617524,1.123717247754032,1.123717247754032,0.24919675928252155,0.19537321051497203,0.0425024839715506,nan,nan,0.31513902832063606,9.339121434747451,31.409824567538706,1646.156165104818,nan,nan,nan,nan,nan,nan,nan,nan,nan,140.0,0.01219654518398371,6.6826032917713745,2000.0,1.0,0.0,nan,nan,nan,nan,nan,nan,nan,nan,nan,nan,nan,nan,nan,nan,nan,nan,0.0,"[100, 100, 100, 300, 100]","[0.00568500329125803, 0.04311593652898668, 0.00297038774667146, 0.002215820702871585, 0.006995577650130784]","[null, null, null, null, null]","[null, null, null, null, null]","[null, null, null, null, null]","[null, null, null, null, null]",,0.12604330751234583,0.11485639882340738,5.0,1.96
1a,2500,2613005,neural-fore,neural-main-oracle-bellman,-12.710396312396075,-12.776591238141261,-12.586673112426368,0.13698687148782532,-13.045085506257399,-12.508096970025123,1.0,-0.1237231999697066,-0.1899181257148932,0.7141348599764491,0.7141348599764491,0.09487448049177434,0.07563298703507308,0.03708185378469659,nan,nan,0.27910913751618954,8.952508621761133,35.66137543631377,1533.5546319963826,nan,nan,nan,nan,nan,nan,nan,nan,nan,180.0,0.01620379779540234,7.338139890995808,2000.0,1.0,0.0,nan,nan,nan,nan,nan,nan,nan,nan,nan,nan,nan,nan,nan,nan,nan,nan,0.0,"[300, 100, 100, 100, 300]","[0.00569230269841479, 0.0, 0.04114239628917994, 0.034184289989416965, 0.0]","[null, null, null, null, null]","[null, null, null, null, null]","[null, null, null, null, null]","[null, null, null, null, null]",,0.13698687148782532,0.0567085074545,5.0,1.96
1a,2500,2623005,neural-fore,neural-main-oracle-bellman,-12.501881190292819,-12.43396785942511,-12.586673112426368,0.1215930256034524,-12.672290189607876,-12.195645529242343,1.0,0.08479192213354914,0.15270525300125826,0.7140226303889742,0.7140226303889742,0.11979763565289472,0.10219484482965835,0.04682347254694399,nan,nan,0.31933760199006367,9.375845095950982,32.45480925368426,1610.2930589121315,nan,nan,nan,nan,nan,nan,nan,nan,nan,180.0,0.0051678250220750675,7.186245291214436,2000.0,1.0,0.0,nan,nan,nan,nan,nan,nan,nan,nan,nan,nan,nan,nan,nan,nan,nan,nan,0.0,"[100, 100, 300, 100, 300]","[0.0022705411558928716, 0.013775979719696532, 0.0, 0.009792604234785932, 0.0]","[null, null, null, null, null]","[null, null, null, null, null]","[null, null, null, null, null]","[null, null, null, null, null]",,0.1215930256034524,0.09122162551034375,5.0,1.96
1a,2500,2633005,neural-fore,neural-main-oracle-bellman,-12.642876957528783,-12.565617034572211,-12.586673112426368,0.12350094092205334,-12.807678878779436,-12.323555190364987,1.0,-0.05620384510241472,0.02105607785415664,0.7685267467198273,0.7685267467198273,0.11226361515410951,0.08133930696590855,0.05103311278845304,nan,nan,0.3663755415653386,9.19473773394237,27.34436887969421,1658.4187309936538,nan,nan,nan,nan,nan,nan,nan,nan,nan,180.0,0.005059938456766036,7.608068157802336,2000.0,1.0,0.0,nan,nan,nan,nan,nan,nan,nan,nan,nan,nan,nan,nan,nan,nan,nan,nan,0.0,"[100, 100, 300, 100, 300]","[0.01256972912047169, 0.009551453370745689, 0.0, 0.0031785097926127995, 0.0]","[null, null, null, null, null]","[null, null, null, null, null]","[null, null, null, null, null]","[null, null, null, null, null]",,0.12350094092205334,0.08001598408814879,5.0,1.96
1a,2500,2643005,neural-fore,neural-main-oracle-bellman,-12.640869502980893,-12.58021111938913,-12.586673112426368,0.1279383337000086,-12.830970253441146,-12.329451985337114,1.0,-0.054196390554524854,0.006461993037238045,0.6513253071762511,0.6513253071762511,0.11792356139711058,0.09611326488520627,0.037802712912622945,nan,nan,0.2950459117561049,9.48831038950977,31.275250312935718,1630.7531674285026,nan,nan,nan,nan,nan,nan,nan,nan,nan,100.0,0.013219797889132297,6.031031758361496,2000.0,1.0,0.0,nan,nan,nan,nan,nan,nan,nan,nan,nan,nan,nan,nan,nan,nan,nan,nan,0.0,"[100, 100, 100, 100, 100]","[0.028214313449184368, 0.008881362717251774, 0.0, 0.010395872000586377, 0.01860744127863897]","[null, null, null, null, null]","[null, null, null, null, null]","[null, null, null, null, null]","[null, null, null, null, null]",,0.1279383337000086,0.09158990420046938,5.0,1.96
1a,2500,2653005,neural-fore,neural-main-oracle-bellman,-12.643397108067191,-12.705050512599351,-12.586673112426368,0.12819881082302595,-12.956320181812483,-12.45378084338622,1.0,-0.05672399564082298,-0.11837740017298337,0.6563682207156927,0.6563682207156927,0.11198709247091179,0.10175755241785293,0.050410656422796324,nan,nan,0.2608787555974676,9.230740645222932,29.565678847825737,1613.366474127524,nan,nan,nan,nan,nan,nan,nan,nan,nan,180.0,0.008914496825011648,7.747637225186918,2000.0,1.0,0.0,nan,nan,nan,nan,nan,nan,nan,nan,nan,nan,nan,nan,nan,nan,nan,nan,0.0,"[100, 300, 300, 100, 100]","[0.022992873939931782, 0.00487704790787175, 0.0, 0.004726882811939351, 0.011975679465315366]","[null, null, null, null, null]","[null, null, null, null, null]","[null, null, null, null, null]","[null, null, null, null, null]",,0.12819881082302595,0.10737353696293425,5.0,1.96
1a,2500,2663005,neural-fore,neural-main-oracle-bellman,-12.693472541630138,-12.578185072710438,-12.586673112426368,0.12195117477030994,-12.817209375260246,-12.33916077016063,1.0,-0.10679942920376995,0.00848803971592993,0.7661789455309961,0.7661789455309961,0.1383671964861087,0.11428205973622023,0.047020964621260646,nan,nan,0.38314516432436685,9.327584264527077,27.869524857066377,1677.300655305648,nan,nan,nan,nan,nan,nan,nan,nan,nan,100.0,0.009045240539594646,6.28711073345039,2000.0,1.0,0.0,nan,nan,nan,nan,nan,nan,nan,nan,nan,nan,nan,nan,nan,nan,nan,nan,0.0,"[100, 100, 100, 100, 100]","[0.00647509297753188, 0.015313843754990739, 0.01522109677565875, 0.006417116985723047, 0.0017990522040688141]","[null, null, null, null, null]","[null, null, null, null, null]","[null, null, null, null, null]","[null, null, null, null, null]",,0.12195117477030994,0.09652114288055112,5.0,1.96
1a,2500,2673005,neural-fore,neural-main-oracle-bellman,-12.46128279658145,-12.363886183952369,-12.586673112426368,0.12052214175828828,-12.600109581798614,-12.127662786106123,1.0,0.12539031584491767,0.22278692847399917,0.6375106671945586,0.6375106671945586,0.12482829790093664,0.11981438763249679,0.04542416302848448,nan,nan,0.3671274120147006,9.330279246761002,28.787174860400565,1675.7287063565723,nan,nan,nan,nan,nan,nan,nan,nan,nan,140.0,0.016221116584516086,7.033723042416386,2000.0,1.0,0.0,nan,nan,nan,nan,nan,nan,nan,nan,nan,nan,nan,nan,nan,nan,nan,nan,0.0,"[100, 100, 100, 100, 300]","[0.034035861927195356, 0.029408036732836717, 0.004035805018168964, 0.013250470520053901, 0.00037540872432547745]","[null, null, null, null, null]","[null, null, null, null, null]","[null, null, null, null, null]","[null, null, null, null, null]",,0.12052214175828828,0.11073145466720838,5.0,1.96
1a,2500,2683005,neural-fore,neural-main-oracle-bellman,-12.565596457709836,-12.528562658335916,-12.586673112426368,0.12736095282804535,-12.778190125878885,-12.278935190792948,1.0,0.021076654716532417,0.05811045409045157,0.9421931604946412,0.9421931604946412,0.1429960489682777,0.13547336664748877,0.053681657018197715,nan,nan,0.3055028404121437,9.298081146877081,31.54670300945128,1621.0050985054786,nan,nan,nan,nan,nan,nan,nan,nan,nan,180.0,0.008595857065331834,6.967664916999638,2000.0,1.0,0.0,nan,nan,nan,nan,nan,nan,nan,nan,nan,nan,nan,nan,nan,nan,nan,nan,0.0,"[300, 100, 100, 100, 300]","[0.00151547441877323, 0.02103731344945768, 0.0, 0.005301785558378782, 0.015124711900049477]","[null, null, null, null, null]","[null, null, null, null, null]","[null, null, null, null, null]","[null, null, null, null, null]",,0.12736095282804535,0.14938972902985362,5.0,1.96
1a,2500,2693005,neural-fore,neural-main-oracle-bellman,-12.595586528517929,-12.54496758382958,-12.586673112426368,0.12800525090460338,-12.795857875602602,-12.294077292056558,1.0,-0.008913416091560933,0.041705528596788,0.8208701163795922,0.8208701163795922,0.13600787793167207,0.11200154129398021,0.031604232187855845,nan,nan,0.24160496927741576,9.513020272697727,31.795707664340902,1623.631873494876,nan,nan,nan,nan,nan,nan,nan,nan,nan,140.0,0.01007215007445246,6.576972983183805,2000.0,1.0,0.0,nan,nan,nan,nan,nan,nan,nan,nan,nan,nan,nan,nan,nan,nan,nan,nan,0.0,"[100, 300, 100, 100, 100]","[0.018531395605580682, 0.004888644550779325, 0.004266494360677298, 0.0038206644875451385, 0.01885355136767985]","[null, null, null, null, null]","[null, null, null, null, null]","[null, null, null, null, null]","[null, null, null, null, null]",,0.12800525090460338,0.2271425781122378,5.0,1.96
1a,2500,2703005,neural-fore,neural-main-oracle-bellman,-12.682443801051098,-12.632062610638933,-12.586673112426368,0.13141952681016147,-12.889644883186849,-12.374480338091017,1.0,-0.09577068862473048,-0.04538949821256466,1.198003802857302,1.198003802857302,0.21544749151856393,0.14230874654214892,0.05551584794985718,nan,nan,0.38986569445101876,9.33418921795137,31.86911345282715,1611.282002629969,nan,nan,nan,nan,nan,nan,nan,nan,nan,180.0,0.009938373725689039,7.638512741215527,2000.0,1.0,0.0,nan,nan,nan,nan,nan,nan,nan,nan,nan,nan,nan,nan,nan,nan,nan,nan,0.0,"[300, 100, 300, 100, 100]","[0.0057434551621021925, 0.011690754609706118, 0.007661570884246081, 0.021417100472541546, 0.003178987499849253]","[null, null, null, null, null]","[null, null, null, null, null]","[null, null, null, null, null]","[null, null, null, null, null]",,0.13141952681016147,0.13078361516132692,5.0,1.96
1a,2500,2713005,neural-fore,neural-main-oracle-bellman,-12.703749055350627,-12.521983291514696,-12.586673112426368,0.12941472705314117,-12.775636156538852,-12.26833042649054,1.0,-0.11707594292425938,0.06468982091167241,0.8440946044387575,0.8440946044387575,0.1645874150543424,0.1543289671783495,0.05445002565967892,nan,nan,0.30376544895500424,9.176683535417116,31.62239216459241,1611.5521912946037,nan,nan,nan,nan,nan,nan,nan,nan,nan,140.0,0.00788927896290546,7.005763775401283,2000.0,1.0,0.0,nan,nan,nan,nan,nan,nan,nan,nan,nan,nan,nan,nan,nan,nan,nan,nan,0.0,"[100, 300, 100, 100, 100]","[0.006699110577332835, 0.004831164939510977, 0.02686997766602829, 0.0008773199910197462, 0.0001688216406354511]","[null, null, null, null, null]","[null, null, null, null, null]","[null, null, null, null, null]","[null, null, null, null, null]",,0.12941472705314117,0.110017909929205,5.0,1.96
1a,2500,2723005,neural-fore,neural-main-oracle-bellman,-12.324787239779377,-12.203096572376314,-12.586673112426368,0.11115570746637614,-12.42096175901041,-11.985231385742217,0.0,0.2618858726469906,0.38357654005005415,0.9867645231329183,0.9867645231329183,0.1546449849284188,0.13187137938207522,0.037436277432675504,nan,nan,0.3277429007477732,9.475155838952158,27.666137475484717,1723.103524284587,nan,nan,nan,nan,nan,nan,nan,nan,nan,100.0,0.0073596221229200245,6.906690533005166,2000.0,1.0000000000000002,0.0,nan,nan,nan,nan,nan,nan,nan,nan,nan,nan,nan,nan,nan,nan,nan,nan,0.0,"[100, 100, 100, 100, 100]","[0.0, 0.007890587253773314, 0.005297503908233872, 0.009867380060113966, 0.013742639392478969]","[null, null, null, null, null]","[null, null, null, null, null]","[null, null, null, null, null]","[null, null, null, null, null]",,0.11115570746637614,0.09222178524977166,5.0,1.96
1a,2500,2733005,neural-fore,neural-main-oracle-bellman,-12.60634730500621,-12.544209645917528,-12.586673112426368,0.1289587622798095,-12.796968819985954,-12.291450471849101,1.0,-0.019674192579842043,0.04246346650884014,1.0194690997861147,1.0194690997861147,0.17658825686227253,0.17832070245223006,0.042109306499208944,nan,nan,0.3654349699316802,9.09998962582437,30.32596343090165,1595.921229463529,nan,nan,nan,nan,nan,nan,nan,nan,nan,140.0,0.013830690086782232,6.792919683188666,2000.0,1.0,0.0,nan,nan,nan,nan,nan,nan,nan,nan,nan,nan,nan,nan,nan,nan,nan,nan,0.0,"[300, 100, 100, 100, 100]","[0.0, 0.009524187053609657, 0.005338978638077771, 0.0, 0.05429028474222373]","[null, null, null, null, null]","[null, null, null, null, null]","[null, null, null, null, null]","[null, null, null, null, null]",,0.1289587622798095,0.1681201658739823,5.0,1.96
1a,2500,2743005,neural-fore,neural-main-oracle-bellman,-12.84486990322315,-12.886856593530366,-12.586673112426368,0.14104382126723478,-13.163302483214146,-12.610410703846586,0.0,-0.2581967907967826,-0.30018348110399806,0.6757954131813957,0.6757954131813957,0.12497124574367957,0.12010755853162411,0.040520641068501374,nan,nan,0.38946968047582775,8.822993775533284,34.034349792778535,1548.7158366817655,nan,nan,nan,nan,nan,nan,nan,nan,nan,140.0,0.01165519436853447,6.881901241804007,2000.0,1.0,0.0,nan,nan,nan,nan,nan,nan,nan,nan,nan,nan,nan,nan,nan,nan,nan,nan,0.0,"[100, 300, 100, 100, 100]","[0.020130036096381063, 0.0015000591966440493, 0.0, 0.019995713039061898, 0.01665016351058533]","[null, null, null, null, null]","[null, null, null, null, null]","[null, null, null, null, null]","[null, null, null, null, null]",,0.14104382126723478,0.09045339378799154,5.0,1.96
1a,2500,2753005,neural-fore,neural-main-oracle-bellman,-12.695704485823589,-12.633791197356087,-12.586673112426368,0.1302173620557513,-12.88901722698536,-12.378565167726816,1.0,-0.10903137339722058,-0.04711808492971947,1.0349987098658948,1.0349987098658948,0.1229482071638012,0.10979564013096618,0.05539609975841941,nan,nan,0.3784007596846196,9.108387300359034,31.390617812607623,1584.9048294561037,nan,nan,nan,nan,nan,nan,nan,nan,nan,180.0,0.0057083219980973,7.497457933786791,2000.0,1.0,0.0,nan,nan,nan,nan,nan,nan,nan,nan,nan,nan,nan,nan,nan,nan,nan,nan,0.0,"[300, 300, 100, 100, 100]","[0.0028654349712394, 0.003601651058722211, 0.0097689684272232, 0.0022959540044162115, 0.010009601528885475]","[null, null, null, null, null]","[null, null, null, null, null]","[null, null, null, null, null]","[null, null, null, null, null]",,0.1302173620557513,0.1620397190754942,5.0,1.96
1a,2500,2763005,neural-fore,neural-main-oracle-bellman,-12.866184555762588,-12.795862183777778,-12.586673112426368,0.13385696811444628,-13.058221841282093,-12.533502526273464,1.0,-0.27951144333622047,-0.2091890713514104,0.7604192251107211,0.7604192251107211,0.1298537707803951,0.1174783966226487,0.05989047483049959,nan,nan,0.3388555121459103,8.980142826951951,31.194842429693356,1579.6309414110592,nan,nan,nan,nan,nan,nan,nan,nan,nan,140.0,0.01774136531406172,7.122905008785892,2000.0,1.0,0.0,nan,nan,nan,nan,nan,nan,nan,nan,nan,nan,nan,nan,nan,nan,nan,nan,0.0,"[100, 100, 100, 300, 100]","[0.0029549436417423782, 0.012088593291256096, 0.013072032170549901, 0.011743087859311729, 0.0488481696074485]","[null, null, null, null, null]","[null, null, null, null, null]","[null, null, null, null, null]","[null, null, null, null, null]",,0.13385696811444628,0.09056182251326073,5.0,1.96
1a,2500,2773005,neural-fore,neural-main-oracle-bellman,-12.916554488257981,-12.845237421679787,-12.586673112426368,0.13317147041949856,-13.106253503702003,-12.58422133965757,1.0,-0.32988137583161325,-0.2585643092534191,0.9939519555983688,0.9939519555983688,0.15064725335060114,0.1452037057990308,0.04149216066972494,nan,nan,0.31167969483208263,9.325112482884222,29.749739534579042,1625.5382163133152,nan,nan,nan,nan,nan,nan,nan,nan,nan,140.0,0.007207300182504322,6.939978950005025,2000.0,1.0,0.0,nan,nan,nan,nan,nan,nan,nan,nan,nan,nan,nan,nan,nan,nan,nan,nan,0.0,"[300, 100, 100, 100, 100]","[0.0004484905060787969, 0.0139826492893102, 0.001997548122100229, 0.009109655086059515, 0.010498157908972877]","[null, null, null, null, null]","[null, null, null, null, null]","[null, null, null, null, null]","[null, null, null, null, null]",,0.13317147041949856,0.1288335296509778,5.0,1.96
1a,2500,2783005,neural-fore,neural-main-oracle-bellman,-12.713533452296979,-12.609597069115656,-12.586673112426368,0.12273648243058305,-12.850160574679599,-12.369033563551714,1.0,-0.12686033987061052,-0.02292395668928826,1.178572245205995,1.178572245205995,0.1593241410930357,0.13125194307887833,0.055949953544830754,nan,nan,0.33603988577362814,9.43434599436469,26.989893731553746,1663.058260987663,nan,nan,nan,nan,nan,nan,nan,nan,nan,180.0,0.004690300765521599,7.521387099404819,2000.0,1.0,0.0,nan,nan,nan,nan,nan,nan,nan,nan,nan,nan,nan,nan,nan,nan,nan,nan,0.0,"[100, 100, 300, 300, 100]","[0.0012749957498818271, 0.006227041015676797, 0.0022811904987537885, 0.004656792152766047, 0.009011484410529532]","[null, null, null, null, null]","[null, null, null, null, null]","[null, null, null, null, null]","[null, null, null, null, null]",,0.12273648243058305,0.1600271299349829,5.0,1.96
1a,2500,2793005,neural-fore,neural-main-oracle-bellman,-12.674309995871893,-12.587861499007591,-12.586673112426368,0.12672986163100605,-12.836252027804363,-12.339470970210819,1.0,-0.08763688344552456,-0.001188386581223,0.5419452123318277,0.5419452123318277,0.12177120494249291,0.10939293651269236,0.030053065602836587,nan,nan,0.45213350563828486,9.609884951045135,32.146399114037926,1641.993703552861,nan,nan,nan,nan,nan,nan,nan,nan,nan,100.0,0.020665198946700745,6.146875732811168,2000.0,1.0,0.0,nan,nan,nan,nan,nan,nan,nan,nan,nan,nan,nan,nan,nan,nan,nan,nan,0.0,"[100, 100, 100, 100, 100]","[0.018627625433062463, 0.01121756233236902, 0.0, 0.06603405058619681, 0.007446756381875434]","[null, null, null, null, null]","[null, null, null, null, null]","[null, null, null, null, null]","[null, null, null, null, null]",,0.12672986163100605,0.09735245077883113,5.0,1.96
1a,2500,2803005,neural-fore,neural-main-oracle-bellman,-12.465146378002126,-12.42395579463004,-12.586673112426368,0.1212973267720552,-12.661698555103268,-12.186213034156811,1.0,0.12152673442424167,0.1627173177963286,0.8772219350409733,0.8772219350409733,0.13877591139333004,0.1264461236853317,0.03669699866781212,nan,nan,0.37401290166348444,9.416949544424401,29.936794882279504,1661.2542470594071,nan,nan,nan,nan,nan,nan,nan,nan,nan,140.0,0.009948173892162964,6.908736324985512,2000.0,1.0,0.0,nan,nan,nan,nan,nan,nan,nan,nan,nan,nan,nan,nan,nan,nan,nan,nan,0.0,"[100, 300, 100, 100, 100]","[0.003212538728347053, 0.0, 0.004730503492866999, 0.0195668419786983, 0.022230985260902468]","[null, null, null, null, null]","[null, null, null, null, null]","[null, null, null, null, null]","[null, null, null, null, null]",,0.1212973267720552,0.18688168898993665,5.0,1.96
1a,2500,2813005,neural-fore,neural-main-oracle-bellman,-12.580523203906225,-12.519141724122491,-12.586673112426368,0.12357797889512889,-12.761354562756944,-12.276928885488038,1.0,0.006149908520143299,0.06753138830387684,0.6151387716433513,0.6151387716433513,0.10827125821661943,0.09785898272661551,0.0386634177203465,nan,nan,0.3011741039298539,9.303331297672834,30.319717133593063,1640.5256307760642,nan,nan,nan,nan,nan,nan,nan,nan,nan,140.0,0.004685574171832023,6.9507488089846445,2000.0,1.0,0.0,nan,nan,nan,nan,nan,nan,nan,nan,nan,nan,nan,nan,nan,nan,nan,nan,0.0,"[300, 100, 100, 100, 100]","[0.002954590573196882, 0.010256465376885791, 0.004992785915795877, 0.0024276835606928653, 0.0027963454325887]","[null, null, null, null, null]","[null, null, null, null, null]","[null, null, null, null, null]","[null, null, null, null, null]",,0.12357797889512889,0.04771767997584052,5.0,1.96
1a,2500,2823005,neural-fore,neural-main-oracle-bellman,-12.658461987975748,-12.736401737964512,-12.586673112426368,0.1277075984851583,-12.986708630995421,-12.486094844933602,1.0,-0.0717888755493803,-0.1497286255381436,0.785813692539877,0.785813692539877,0.0934798403849449,0.08299978124373618,0.042821398816249356,nan,nan,0.3690115704452166,9.212951044618471,31.346812534449175,1617.6408660292125,nan,nan,nan,nan,nan,nan,nan,nan,nan,140.0,0.012222352767416863,6.949690350587479,2000.0,1.0,0.0,nan,nan,nan,nan,nan,nan,nan,nan,nan,nan,nan,nan,nan,nan,nan,nan,0.0,"[100, 100, 100, 300, 100]","[0.02457527638875658, 0.0023151235425276353, 0.00014069116902033218, 0.008834261004373718, 0.02524641173240606]","[null, null, null, null, null]","[null, null, null, null, null]","[null, null, null, null, null]","[null, null, null, null, null]",,0.1277075984851583,0.057760915292191246,5.0,1.96
1a,2500,2833005,neural-fore,neural-main-oracle-bellman,-12.467014257522445,-12.421210554403832,-12.586673112426368,0.11849180868852117,-12.653454499433334,-12.18896660937433,1.0,0.11965885490392303,0.1654625580225364,1.2504384357579486,1.2504384357579486,0.1899355947166696,0.1797991752854437,0.051341930026941096,nan,nan,0.33244494049160483,9.405215261163175,27.21060727679722,1704.909674291895,nan,nan,nan,nan,nan,nan,nan,nan,nan,180.0,0.019015493740855077,7.022459166811314,2000.0,1.0,0.0,nan,nan,nan,nan,nan,nan,nan,nan,nan,nan,nan,nan,nan,nan,nan,nan,0.0,"[300, 100, 300, 100, 100]","[0.0019490418972144242, 0.06268948658030561, 0.0027865883626127445, 0.015039117130922215, 0.012613234733220409]","[null, null, null, null, null]","[null, null, null, null, null]","[null, null, null, null, null]","[null, null, null, null, null]",,0.11849180868852117,0.14263759056560862,5.0,1.96
1a,2500,2843005,neural-fore,neural-main-oracle-bellman,-12.569631467418166,-12.472301435436297,-12.586673112426368,0.12105270134356343,-12.709564730069681,-12.235038140802912,1.0,0.017041645008202266,0.11437167699007134,0.7429536326209986,0.7429536326209986,0.1351575029422621,0.113969048886997,0.04178434146722749,nan,nan,0.3111291589360749,9.469713452655144,27.74026698864891,1679.0907435892902,nan,nan,nan,nan,nan,nan,nan,nan,nan,140.0,0.018878305169697424,6.821816817007493,2000.0,1.0,0.0,nan,nan,nan,nan,nan,nan,nan,nan,nan,nan,nan,nan,nan,nan,nan,nan,0.0,"[100, 300, 100, 100, 100]","[0.051444267834598066, 0.004588091305428141, 0.0034789696012637035, 0.033589658849458276, 0.0012905382577389217]","[null, null, null, null, null]","[null, null, null, null, null]","[null, null, null, null, null]","[null, null, null, null, null]",,0.12105270134356343,0.16153680274663806,5.0,1.96
1a,2500,2853005,neural-fore,neural-main-oracle-bellman,-12.442922868507887,-12.299248610495347,-12.586673112426368,0.11344602146863235,-12.521602812573867,-12.076894408416827,0.0,0.1437502439184808,0.28742450193102087,0.6312064273524383,0.6312064273524383,0.09806240238873794,0.08798575952619467,0.030203162981879354,nan,nan,0.32280874901063256,9.484749855934297,28.234504347666864,1703.2080476876417,nan,nan,nan,nan,nan,nan,nan,nan,nan,100.0,0.013158090117935279,6.349768433172722,2000.0,1.0,0.0,nan,nan,nan,nan,nan,nan,nan,nan,nan,nan,nan,nan,nan,nan,nan,nan,0.0,"[100, 100, 100, 100, 100]","[0.008112736610263464, 0.03396370852972048, 0.007703970939381374, 0.007310657596965275, 0.008699376913345797]","[null, null, null, null, null]","[null, null, null, null, null]","[null, null, null, null, null]","[null, null, null, null, null]",,0.11344602146863235,0.11794114086651376,5.0,1.96
1a,2500,2863005,neural-fore,neural-main-oracle-bellman,-12.65406891658066,-12.633055672994468,-12.586673112426368,0.13275595674889012,-12.893257348222292,-12.372853997766644,1.0,-0.0673958041542928,-0.04638256056809986,0.9154598950433538,0.9154598950433538,0.12143175317326635,0.09262384663307104,0.03583649870376903,nan,nan,0.32597303047868265,8.85228909627724,30.86915431004528,1595.088384234545,nan,nan,nan,nan,nan,nan,nan,nan,nan,100.0,0.011004055277965436,6.601048608403653,2000.0,1.0,0.0,nan,nan,nan,nan,nan,nan,nan,nan,nan,nan,nan,nan,nan,nan,nan,nan,0.0,"[100, 100, 100, 100, 100]","[0.02359163260412103, 0.020087636952062237, 0.005160402782582856, 0.004600122489588241, 0.0015804815614728158]","[null, null, null, null, null]","[null, null, null, null, null]","[null, null, null, null, null]","[null, null, null, null, null]",,0.13275595674889012,0.09240627358217776,5.0,1.96
1a,2500,2873005,neural-fore,neural-main-oracle-bellman,-12.410352280179389,-12.29652766873335,-12.586673112426368,0.11286808648149733,-12.517749118237086,-12.075306219229615,0.0,0.17632083224697936,0.2901454436930173,1.1272121652364013,1.1272121652364013,0.17771454453359928,0.15808993060627136,0.050055758759750324,nan,nan,0.3758259529984287,9.652659662466556,24.562730782705383,1738.706799310434,nan,nan,nan,nan,nan,nan,nan,nan,nan,140.0,0.014577805440697578,6.767311733821407,2000.0,1.0,0.0,nan,nan,nan,nan,nan,nan,nan,nan,nan,nan,nan,nan,nan,nan,nan,nan,0.0,"[100, 100, 300, 100, 100]","[0.0652472662487673, 0.0, 0.0028937775389460316, 0.004469558031760994, 0.0002784253840135729]","[null, null, null, null, null]","[null, null, null, null, null]","[null, null, null, null, null]","[null, null, null, null, null]",,0.11286808648149733,0.12222591756604899,5.0,1.96
1a,2500,2883005,neural-fore,neural-main-oracle-bellman,-12.508454967051971,-12.498828992730749,-12.586673112426368,0.12750251554332398,-12.748733923195664,-12.248924062265834,1.0,0.07821814537439664,0.08784411969561923,0.9212730123152397,0.9212730123152397,0.12795960158656816,0.09658476425651683,0.04859787158030276,nan,nan,0.4318574392468343,9.147268479791078,31.209882878630225,1639.4120597211222,nan,nan,nan,nan,nan,nan,nan,nan,nan,140.0,0.01122129801276298,7.251214241585695,2000.0,1.0,0.0,nan,nan,nan,nan,nan,nan,nan,nan,nan,nan,nan,nan,nan,nan,nan,nan,0.0,"[300, 100, 100, 100, 100]","[0.0019862754461082714, 0.026695643302353904, 0.009023614489332586, 0.006995848159489812, 0.011405108666530326]","[null, null, null, null, null]","[null, null, null, null, null]","[null, null, null, null, null]","[null, null, null, null, null]",,0.12750251554332398,0.14170987119703912,5.0,1.96
1a,2500,2893005,neural-fore,neural-main-oracle-bellman,-12.442681176331716,-12.417145863839192,-12.586673112426368,0.12082090427462455,-12.653954836217457,-12.180336891460927,1.0,0.14399193609465222,0.16952724858717616,1.0679867871326718,1.0679867871326718,0.1181848019551794,0.11209117530255701,0.06680085315671219,nan,nan,0.20153918666396747,9.249961916432241,28.927692895145977,1623.0788014433735,nan,nan,nan,nan,nan,nan,nan,nan,nan,220.0,0.011947338481918967,8.479940516792704,2000.0,1.0,0.0,nan,nan,nan,nan,nan,nan,nan,nan,nan,nan,nan,nan,nan,nan,nan,nan,0.0,"[100, 300, 300, 100, 300]","[0.013379258010996304, 0.0, 0.0026955157032718213, 0.04178189050055634, 0.0018800281947703636]","[null, null, null, null, null]","[null, null, null, null, null]","[null, null, null, null, null]","[null, null, null, null, null]",,0.12082090427462455,0.03745497893631107,5.0,1.96
1a,2500,2903005,neural-fore,neural-main-oracle-bellman,-12.650127836020758,-12.637038650715551,-12.586673112426368,0.13248073716780598,-12.89670089556445,-12.377376405866652,1.0,-0.06345472359438986,-0.05036553828918322,0.9420015803493454,0.9420015803493454,0.14491888563694244,0.12140518796151445,0.05686511881193988,nan,nan,0.36755927931465465,8.839192832451975,33.12829670332622,1567.0661984000415,nan,nan,nan,nan,nan,nan,nan,nan,nan,180.0,0.01206498742657077,7.468027825036552,2000.0,1.0,0.0,nan,nan,nan,nan,nan,nan,nan,nan,nan,nan,nan,nan,nan,nan,nan,nan,0.0,"[300, 100, 300, 100, 100]","[0.005536127654402724, 0.0058231975297429435, 0.0, 0.02048798642278437, 0.02847762552592381]","[null, null, null, null, null]","[null, null, null, null, null]","[null, null, null, null, null]","[null, null, null, null, null]",,0.13248073716780598,0.03998287595034932,5.0,1.96
1a,2500,2913005,neural-fore,neural-main-oracle-bellman,-12.825736113233724,-12.748039693457041,-12.586673112426368,0.13906451717461266,-13.020606147119283,-12.4754732397948,1.0,-0.23906300080735576,-0.16136658103067347,0.7600068803214286,0.7600068803214286,0.16743031648555423,0.17295669985455495,0.042958325086110104,nan,nan,0.23903067321559965,8.795790116824492,33.53329461187824,1539.5726071263105,nan,nan,nan,nan,nan,nan,nan,nan,nan,180.0,0.00659319410074913,7.276823766971939,2000.0,1.0,0.0,nan,nan,nan,nan,nan,nan,nan,nan,nan,nan,nan,nan,nan,nan,nan,nan,0.0,"[300, 100, 100, 100, 300]","[0.0, 0.0022785240998539906, 0.008619133679133362, 0.022068312724758295, 0.0]","[null, null, null, null, null]","[null, null, null, null, null]","[null, null, null, null, null]","[null, null, null, null, null]",,0.13906451717461266,0.10767072875374453,5.0,1.96
1a,2500,2923005,neural-fore,neural-main-oracle-bellman,-12.588930482646552,-12.535511897604968,-12.586673112426368,0.12830807746066608,-12.786995729427874,-12.284028065782062,1.0,-0.0022573702201835744,0.051161214821400236,0.907271659696162,0.907271659696162,0.11777505196928317,0.10693133747407443,0.0452436622904415,nan,nan,0.38345276732048855,9.141770138129514,32.90863164195038,1619.1375298665807,nan,nan,nan,nan,nan,nan,nan,nan,nan,100.0,0.01340111881967349,6.056138683785685,2000.0,1.0,0.0,nan,nan,nan,nan,nan,nan,nan,nan,nan,nan,nan,nan,nan,nan,nan,nan,0.0,"[100, 100, 100, 100, 100]","[0.014271853824055485, 0.00408227316065716, 0.004444942555528127, 0.005312482101743559, 0.03889404245638313]","[null, null, null, null, null]","[null, null, null, null, null]","[null, null, null, null, null]","[null, null, null, null, null]",,0.12830807746066608,0.13229795132747368,5.0,1.96
1a,2500,2933005,neural-fore,neural-main-oracle-bellman,-12.647145847977637,-12.499503462091095,-12.586673112426368,0.12496783787897757,-12.744440424333892,-12.254566499848298,1.0,-0.06047273555126864,0.08716965033527302,0.794664897602823,0.794664897602823,0.10227649795297741,0.09077751543972155,0.04981811012617987,nan,nan,0.40807098440429523,9.552183707035105,32.00589742848041,1640.8571191396402,nan,nan,nan,nan,nan,nan,nan,nan,nan,140.0,0.0037748036649913248,6.976206783007365,2000.0,1.0,0.0,nan,nan,nan,nan,nan,nan,nan,nan,nan,nan,nan,nan,nan,nan,nan,nan,0.0,"[100, 300, 100, 100, 100]","[0.001013934113711692, 0.0, 0.008479318962474475, 0.009380765248770458, 0.0]","[null, null, null, null, null]","[null, null, null, null, null]","[null, null, null, null, null]","[null, null, null, null, null]",,0.12496783787897757,0.15008059001774748,5.0,1.96
1a,2500,2943005,neural-fore,neural-main-oracle-bellman,-12.679798302870367,-12.725087872912875,-12.586673112426368,0.1380697789056023,-12.995704639567855,-12.454471106257895,1.0,-0.09312519044399892,-0.1384147604865067,0.7913011830935227,0.7913011830935227,0.12605757265446868,0.11862431996047085,0.04679946626786275,nan,nan,0.44284947860876483,8.752556798926427,32.88484640637816,1563.0098686567064,nan,nan,nan,nan,nan,nan,nan,nan,nan,100.0,0.01166013144114633,6.065645732835401,2000.0,1.0,0.0,nan,nan,nan,nan,nan,nan,nan,nan,nan,nan,nan,nan,nan,nan,nan,nan,0.0,"[100, 100, 100, 100, 100]","[0.003117982595504968, 0.01819423491186907, 0.02904192902728096, 0.0070857113880221706, 0.0008607992830544835]","[null, null, null, null, null]","[null, null, null, null, null]","[null, null, null, null, null]","[null, null, null, null, null]",,0.1380697789056023,0.16889764178614994,5.0,1.96
1a,2500,2953005,neural-fore,neural-main-oracle-bellman,-12.446275348672284,-12.390230900671696,-12.586673112426368,0.11850462789237566,-12.622499971340753,-12.15796183000264,1.0,0.14039776375408408,0.1964422117546718,0.7160227318923704,0.7160227318923704,0.09833130233870205,0.09609252701517759,0.04067188047182909,nan,nan,0.36208627190166687,9.554292007327277,29.42065603586014,1673.0784213655963,nan,nan,nan,nan,nan,nan,nan,nan,nan,100.0,0.01868756909461551,6.606326399999671,2000.0,1.0,0.0,nan,nan,nan,nan,nan,nan,nan,nan,nan,nan,nan,nan,nan,nan,nan,nan,0.0,"[100, 100, 100, 100, 100]","[0.01173483273694115, 0.05502297011773742, 0.007589972099142648, 0.017682460359653363, 0.001407610159602968]","[null, null, null, null, null]","[null, null, null, null, null]","[null, null, null, null, null]","[null, null, null, null, null]",,0.11850462789237566,0.049207604054248226,5.0,1.96
1a,2500,2963005,neural-fore,neural-main-oracle-bellman,-12.7466762872815,-12.710624658614623,-12.586673112426368,0.1357859029384371,-12.97676502837396,-12.444484288855287,1.0,-0.1600031748551327,-0.12395154618825543,1.0832748208109337,1.0832748208109337,0.1822439871647162,0.16946662752294656,0.05963418529099123,nan,nan,0.2749027797640524,8.902907238082797,32.560978712996075,1555.5490945025772,nan,nan,nan,nan,nan,nan,nan,nan,nan,140.0,0.025860232483359273,6.754398100147955,2000.0,1.0,0.0,nan,nan,nan,nan,nan,nan,nan,nan,nan,nan,nan,nan,nan,nan,nan,nan,0.0,"[100, 300, 100, 100, 100]","[0.042724622857890734, 0.012003273577236536, 0.038548043252373466, 0.010298983632582985, 0.025726239096712653]","[null, null, null, null, null]","[null, null, null, null, null]","[null, null, null, null, null]","[null, null, null, null, null]",,0.1357859029384371,0.14555570195563533,5.0,1.96
1a,2500,2973005,neural-fore,neural-main-oracle-bellman,-12.449779919440253,-12.428069888310125,-12.586673112426368,0.12112779816342402,-12.665480372710435,-12.190659403909814,1.0,0.1368931929861148,0.15860322411624317,0.9029112382404371,0.9029112382404371,0.14590626675537793,0.11148500581425666,0.033264508601761535,nan,nan,0.32741129129962643,9.89121087568019,29.34643269781418,1685.7351008535259,nan,nan,nan,nan,nan,nan,nan,nan,nan,140.0,0.012378636343356616,7.384199049603194,2000.0,0.9999999999999998,0.0,nan,nan,nan,nan,nan,nan,nan,nan,nan,nan,nan,nan,nan,nan,nan,nan,0.0,"[100, 100, 300, 100, 100]","[0.007371707175021966, 0.015377401455909701, 0.0, 0.019572230205479046, 0.019571842880372375]","[null, null, null, null, null]","[null, null, null, null, null]","[null, null, null, null, null]","[null, null, null, null, null]",,0.12112779816342402,0.15245837760956132,5.0,1.96
1a,2500,2983005,neural-fore,neural-main-oracle-bellman,-12.625190215750763,-12.47571089529515,-12.586673112426368,0.12728203472715602,-12.725183683360376,-12.226238107229923,1.0,-0.03851710332439495,0.11096221713121857,1.05458982519915,1.05458982519915,0.21220735335314225,0.17197718031105297,0.053981062217969014,nan,nan,0.302307262668494,9.294015363529063,30.178522065556443,1603.4082033538507,nan,nan,nan,nan,nan,nan,nan,nan,nan,180.0,0.014136306704551151,7.811519966018386,2000.0,1.0000000000000002,0.0,nan,nan,nan,nan,nan,nan,nan,nan,nan,nan,nan,nan,nan,nan,nan,nan,0.0,"[100, 300, 100, 300, 100]","[0.004194944590414393, 0.0204119534081736, 0.013729510894429663, 0.0, 0.032345124629738105]","[null, null, null, null, null]","[null, null, null, null, null]","[null, null, null, null, null]","[null, null, null, null, null]",,0.12728203472715602,0.14004409899634865,5.0,1.96
1a,2500,2993005,neural-fore,neural-main-oracle-bellman,-12.71571152169479,-12.688593680578517,-12.586673112426368,0.13743312538091287,-12.957962606325106,-12.419224754831928,1.0,-0.12903840926842136,-0.10192056815214912,0.8753041649475491,0.8753041649475491,0.15081770785688703,0.12545242306041446,0.03689682410876026,nan,nan,0.3712080395593744,8.955195834564789,35.57490875127813,1540.0688218522675,nan,nan,nan,nan,nan,nan,nan,nan,nan,100.0,0.032597629828164394,6.1073479920160025,2000.0,1.0,0.0,nan,nan,nan,nan,nan,nan,nan,nan,nan,nan,nan,nan,nan,nan,nan,nan,0.0,"[100, 100, 100, 100, 100]","[0.012805073862560943, 0.02072641575139661, 0.09740238048958534, 0.022266041416632507, 0.009788237620646529]","[null, null, null, null, null]","[null, null, null, null, null]","[null, null, null, null, null]","[null, null, null, null, null]",,0.13743312538091287,0.23103650664804706,5.0,1.96
1a,2500,3003005,neural-fore,neural-main-oracle-bellman,-12.70429399701067,-12.662750403052849,-12.586673112426368,0.13767382658209287,-12.93259110315375,-12.392909702951947,1.0,-0.11762088458430142,-0.07607729062648083,0.9761184803675172,0.9761184803675172,0.12972794093154938,0.12350455293528957,0.04666784423200872,nan,nan,0.22731294064497437,9.06549889563898,33.886144166913084,1535.50154990231,nan,nan,nan,nan,nan,nan,nan,nan,nan,220.0,0.0037439963545386713,7.452989925013389,2000.0,1.0,0.0,nan,nan,nan,nan,nan,nan,nan,nan,nan,nan,nan,nan,nan,nan,nan,nan,0.0,"[300, 300, 100, 100, 300]","[0.008452349761297944, 0.0, 0.00032594684582175565, 0.009941685165573656, 0.0]","[null, null, null, null, null]","[null, null, null, null, null]","[null, null, null, null, null]","[null, null, null, null, null]",,0.13767382658209287,0.09334168249155624,5.0,1.96
1a,2500,3013005,neural-fore,neural-main-oracle-bellman,-12.688325026814697,-12.590785626480745,-12.586673112426368,0.12474979509812019,-12.835295224873061,-12.346276028088429,1.0,-0.10165191438832899,-0.004112514054376959,0.94156659308688,0.94156659308688,0.13579100583742607,0.11525454853218153,0.04533462460478249,nan,nan,0.3661384003568102,9.269981838400621,28.938387317211653,1643.8982262190357,nan,nan,nan,nan,nan,nan,nan,nan,nan,180.0,0.00436926447986009,7.867783983389382,2000.0,1.0,0.0,nan,nan,nan,nan,nan,nan,nan,nan,nan,nan,nan,nan,nan,nan,nan,nan,0.0,"[300, 100, 100, 300, 100]","[0.0, 0.0, 0.02184632239930045, 0.0, 0.0]","[null, null, null, null, null]","[null, null, null, null, null]","[null, null, null, null, null]","[null, null, null, null, null]",,0.12474979509812019,0.06976506185414764,5.0,1.96
1a,2500,3023005,neural-fore,neural-main-oracle-bellman,-12.842644960244172,-12.68037626823028,-12.586673112426368,0.13668061923501137,-12.948270281930903,-12.412482254529657,1.0,-0.25597184781780413,-0.09370315580391164,1.1080963385077138,1.1080963385077138,0.11951535421713191,0.11453269069795957,0.04676928064565626,nan,nan,0.3280253987882848,9.056823537426325,34.68956505398797,1532.5324869537699,nan,nan,nan,nan,nan,nan,nan,nan,nan,220.0,0.006168033110665529,8.092729582812172,2000.0,1.0,0.0,nan,nan,nan,nan,nan,nan,nan,nan,nan,nan,nan,nan,nan,nan,nan,nan,0.0,"[100, 300, 300, 300, 100]","[0.012592736601256238, 0.0035842932229620886, 0.004163376438851302, 0.0, 0.010499759290258013]","[null, null, null, null, null]","[null, null, null, null, null]","[null, null, null, null, null]","[null, null, null, null, null]",,0.13668061923501137,0.1506073389393071,5.0,1.96
1a,2500,3033005,neural-fore,neural-main-oracle-bellman,-12.512928839523212,-12.497622940907107,-12.586673112426368,0.11766915028430142,-12.728254475464338,-12.266991406349876,1.0,0.07374427290315566,0.08905017151926131,0.6496544324813273,0.6496544324813273,0.11297766092169896,0.0833263273305515,0.03483876214333556,nan,nan,0.38283041943716845,9.482102758204237,27.461829992388683,1709.0744817439536,nan,nan,nan,nan,nan,nan,nan,nan,nan,100.0,0.017501436258132903,6.705405507585965,2000.0,1.0,0.0,nan,nan,nan,nan,nan,nan,nan,nan,nan,nan,nan,nan,nan,nan,nan,nan,0.0,"[100, 100, 100, 100, 100]","[0.0, 0.019290409533309138, 0.06593730255545746, 0.002279469201897908, 0.0]","[null, null, null, null, null]","[null, null, null, null, null]","[null, null, null, null, null]","[null, null, null, null, null]",,0.11766915028430142,0.07710817649963865,5.0,1.96
1a,2500,3043005,neural-fore,neural-main-oracle-bellman,-12.81847945948563,-12.74833003622047,-12.586673112426368,0.13284231900408344,-13.008700981468474,-12.487959090972465,1.0,-0.23180634705926195,-0.16165692379410146,1.1434888788840938,1.1434888788840938,0.17194445646200646,0.1577837716677612,0.04228331059202501,nan,nan,0.3566712662689354,8.952267346139934,31.40829918887783,1582.6931028540848,nan,nan,nan,nan,nan,nan,nan,nan,nan,140.0,0.006771944054220394,6.606755116803106,2000.0,1.0,0.0,nan,nan,nan,nan,nan,nan,nan,nan,nan,nan,nan,nan,nan,nan,nan,nan,0.0,"[100, 100, 100, 300, 100]","[0.0033513656953523176, 0.002770981201927684, 0.0216927450647411, 0.0, 0.006044628309080868]","[null, null, null, null, null]","[null, null, null, null, null]","[null, null, null, null, null]","[null, null, null, null, null]",,0.13284231900408344,0.08575131905313514,5.0,1.96
1a,2500,3053005,neural-fore,neural-main-oracle-bellman,-12.635397509881281,-12.615485567673483,-12.586673112426368,0.12891821845114979,-12.868165275837736,-12.36280585950923,1.0,-0.048724397454913415,-0.028812455247114954,0.5272909712384437,0.5272909712384437,0.12498054555281712,0.10999858058513294,0.035615813541834074,nan,nan,0.3918211289104539,9.162516337821028,32.684747731723135,1605.1239041903107,nan,nan,nan,nan,nan,nan,nan,nan,nan,100.0,0.01172712600583821,6.398208774800878,2000.0,1.0,0.0,nan,nan,nan,nan,nan,nan,nan,nan,nan,nan,nan,nan,nan,nan,nan,nan,0.0,"[100, 100, 100, 100, 100]","[0.04808899653881905, 0.010546633490372, 0.0, 0.0, 0.0]","[null, null, null, null, null]","[null, null, null, null, null]","[null, null, null, null, null]","[null, null, null, null, null]",,0.12891821845114979,0.24793926405668754,5.0,1.96
1a,2500,3063005,neural-fore,neural-main-oracle-bellman,-12.708142615660153,-12.617198699740982,-12.586673112426368,0.12330627462368891,-12.858878998003412,-12.375518401478551,1.0,-0.12146950323378469,-0.030525587314613745,0.9526843949524354,0.9526843949524354,0.16188238756850223,0.14067822992484955,0.04062809059914415,nan,nan,0.3715810806851938,9.640899936086862,28.17584226631041,1671.8833688544041,nan,nan,nan,nan,nan,nan,nan,nan,nan,140.0,0.016741888617745736,6.814382908982225,2000.0,1.0,0.0,nan,nan,nan,nan,nan,nan,nan,nan,nan,nan,nan,nan,nan,nan,nan,nan,0.0,"[300, 100, 100, 100, 100]","[0.0, 0.007617361994939631, 0.0019424168693990124, 0.05105000140478255, 0.02309966281960748]","[null, null, null, null, null]","[null, null, null, null, null]","[null, null, null, null, null]","[null, null, null, null, null]",,0.12330627462368891,0.10626666728592696,5.0,1.96
1a,2500,3073005,neural-fore,neural-main-oracle-bellman,-12.703311414858836,-12.586318878164521,-12.586673112426368,0.1318330614105827,-12.844711678529263,-12.327926077799779,1.0,-0.11663830243246842,0.00035423426184699736,0.5573790816101337,0.5573790816101337,0.10417730411429786,0.09922371536882457,0.06561087105613021,nan,nan,0.2952339139537771,9.180045901528654,32.736175603638735,1578.49343254246,nan,nan,nan,nan,nan,nan,nan,nan,nan,220.0,0.0034508280229246222,7.681600308406632,2000.0,1.0,0.0,nan,nan,nan,nan,nan,nan,nan,nan,nan,nan,nan,nan,nan,nan,nan,nan,0.0,"[100, 300, 300, 100, 300]","[0.0030378218545295027, 0.010061761513336043, 0.0, 0.004154556746757566, 0.0]","[null, null, null, null, null]","[null, null, null, null, null]","[null, null, null, null, null]","[null, null, null, null, null]",,0.1318330614105827,0.20398565041630745,5.0,1.96
1a,2500,3083005,neural-fore,neural-main-oracle-bellman,-12.776170314409155,-12.716195303637418,-12.586673112426368,0.13293130252824714,-12.976740656592783,-12.455649950682053,1.0,-0.1894972019827872,-0.12952219121105024,0.7412280783222314,0.7412280783222314,0.14126016507149772,0.12564347783870794,0.04104285477194985,nan,nan,0.3856167033019866,9.10737074395892,32.31854812071841,1591.459652654962,nan,nan,nan,nan,nan,nan,nan,nan,nan,100.0,0.02389127843016059,5.933842341799755,2000.0,1.0,0.0,nan,nan,nan,nan,nan,nan,nan,nan,nan,nan,nan,nan,nan,nan,nan,nan,0.0,"[100, 100, 100, 100, 100]","[0.007545262250906541, 0.05210960529626185, 0.023279665466940908, 0.023795304344747286, 0.012726554791946362]","[null, null, null, null, null]","[null, null, null, null, null]","[null, null, null, null, null]","[null, null, null, null, null]",,0.13293130252824714,0.07021894281081743,5.0,1.96
1a,2500,3093005,neural-fore,neural-main-oracle-bellman,-12.603120409355736,-12.594779419513001,-12.586673112426368,0.12632391074284852,-12.842374284568985,-12.347184554457018,1.0,-0.01644729692936764,-0.00810630708663318,1.0491567573226703,1.0491567573226703,0.16479921135601355,0.15106191211432818,0.04495428893280361,nan,nan,0.43876334176520787,9.257813953359825,32.77433059890487,1634.6795605131224,nan,nan,nan,nan,nan,nan,nan,nan,nan,100.0,0.012446648950814666,6.164770850399509,2000.0,1.0,0.0,nan,nan,nan,nan,nan,nan,nan,nan,nan,nan,nan,nan,nan,nan,nan,nan,0.0,"[100, 100, 100, 100, 100]","[0.051093380573849524, 0.006209411251707823, 0.0032625503910562598, 0.0016679025374597227, 0.0]","[null, null, null, null, null]","[null, null, null, null, null]","[null, null, null, null, null]","[null, null, null, null, null]",,0.12632391074284852,0.14142611151412318,5.0,1.96
1a,2500,3103005,neural-fore,neural-main-oracle-bellman,-12.72515458255783,-12.713690875013803,-12.586673112426368,0.12830163932052818,-12.965162088082039,-12.462219661945568,1.0,-0.1384814701314614,-0.12701776258743536,0.743890893313506,0.743890893313506,0.11700951815700925,0.10655914275625604,0.052031592019729414,nan,nan,0.3346607844150881,9.26204746016545,31.574219854421965,1622.7048169198317,nan,nan,nan,nan,nan,nan,nan,nan,nan,100.0,0.02082928166079716,6.356742499978282,2000.0,1.0,0.0,nan,nan,nan,nan,nan,nan,nan,nan,nan,nan,nan,nan,nan,nan,nan,nan,0.0,"[100, 100, 100, 100, 100]","[0.009979763377459016, 0.006303937271774936, 0.005498110312576416, 0.04288659424816621, 0.039478003094009236]","[null, null, null, null, null]","[null, null, null, null, null]","[null, null, null, null, null]","[null, null, null, null, null]",,0.12830163932052818,0.06968394767814329,5.0,1.96
1a,2500,3113005,neural-fore,neural-main-oracle-bellman,-12.582687358565591,-12.403307859442165,-12.586673112426368,0.12181374790001982,-12.642062805326205,-12.164552913558126,1.0,0.0039857538607765974,0.1833652529842027,1.0376263015222957,1.0376263015222957,0.14815031139600707,0.1255807004944411,0.03556801982639501,nan,nan,0.25213473679048526,9.80309067307067,29.749558151385553,1668.3694246258947,nan,nan,nan,nan,nan,nan,nan,nan,nan,180.0,0.003327278832838819,7.566930500173475,2000.0,1.0,0.0,nan,nan,nan,nan,nan,nan,nan,nan,nan,nan,nan,nan,nan,nan,nan,nan,0.0,"[100, 100, 300, 100, 300]","[0.0, 0.0, 0.006231399846515212, 0.0014200950680963833, 0.008984899249582498]","[null, null, null, null, null]","[null, null, null, null, null]","[null, null, null, null, null]","[null, null, null, null, null]",,0.12181374790001982,0.10741774090207036,5.0,1.96
1a,2500,3123005,neural-fore,neural-main-oracle-bellman,-12.65269716733559,-12.68626695524623,-12.586673112426368,0.12856078565127727,-12.938246095122734,-12.434287815369727,1.0,-0.06602405490922258,-0.09959384281986239,0.9197297521331663,0.9197297521331663,0.1423761061091245,0.1419785901407608,0.03695682338965334,nan,nan,0.2429477617341152,9.209717822726535,31.203598358225186,1606.2887010795064,nan,nan,nan,nan,nan,nan,nan,nan,nan,260.0,0.00416311369857808,8.364952333259861,2000.0,1.0,0.0,nan,nan,nan,nan,nan,nan,nan,nan,nan,nan,nan,nan,nan,nan,nan,nan,0.0,"[300, 100, 300, 300, 300]","[0.005100106110553149, 0.004866778181603946, 0.003271177249508907, 0.00014383061590310853, 0.00743367633532129]","[null, null, null, null, null]","[null, null, null, null, null]","[null, null, null, null, null]","[null, null, null, null, null]",,0.12856078565127727,0.07398769209100982,5.0,1.96
1a,2500,3133005,neural-fore,neural-main-oracle-bellman,-12.587546205293048,-12.696976231163447,-12.586673112426368,0.1314749222157793,-12.954667078706374,-12.43928538362052,1.0,-0.0008730928666800253,-0.11030311873707888,0.7739562027538384,0.7739562027538384,0.12074637006589577,0.10957132499870632,0.03653110108466203,nan,nan,0.2935579598241997,8.87352256487199,30.053328214468305,1590.181688503644,nan,nan,nan,nan,nan,nan,nan,nan,nan,220.0,0.006736694598278814,7.822227600577753,2000.0,1.0,0.0,nan,nan,nan,nan,nan,nan,nan,nan,nan,nan,nan,nan,nan,nan,nan,nan,0.0,"[300, 300, 100, 300, 100]","[0.0032160016449284813, 0.005543691863036911, 0.0002657420229885978, 0.0, 0.024658037460440083]","[null, null, null, null, null]","[null, null, null, null, null]","[null, null, null, null, null]","[null, null, null, null, null]",,0.1314749222157793,0.1670197212978221,5.0,1.96
1a,2500,3143005,neural-fore,neural-main-oracle-bellman,-12.535694223302338,-12.500331089172722,-12.586673112426368,0.12007037104782803,-12.735669016426465,-12.264993161918978,1.0,0.05097888912403015,0.08634202325364626,0.4902870687512898,0.4902870687512898,0.09335758927067175,0.0761361048908544,0.028823635574333047,nan,nan,0.3512551911838373,9.287379448094601,29.572363779434887,1672.8107521793347,nan,nan,nan,nan,nan,nan,nan,nan,nan,100.0,0.004669688166936586,6.446983199787792,2000.0,1.0,0.0,nan,nan,nan,nan,nan,nan,nan,nan,nan,nan,nan,nan,nan,nan,nan,nan,0.0,"[100, 100, 100, 100, 100]","[0.003424231590930294, 0.011649215856551588, 0.00827499338720105, 0.0, 0.0]","[null, null, null, null, null]","[null, null, null, null, null]","[null, null, null, null, null]","[null, null, null, null, null]",,0.12007037104782803,0.14513978960383375,5.0,1.96
1a,2500,3153005,neural-fore,neural-main-oracle-bellman,-12.754910105546081,-12.611776758271732,-12.586673112426368,0.1317259540403106,-12.869959628190742,-12.353593888352723,1.0,-0.16823699311971296,-0.025103645845364397,0.8084944523929142,0.8084944523929142,0.16480245142653155,0.14530600225941434,0.05347062931824025,nan,nan,0.3008100843363916,9.107080909475606,29.58163278028695,1611.5397074429177,nan,nan,nan,nan,nan,nan,nan,nan,nan,180.0,0.016073755239786477,6.906300391792319,2000.0,1.0,0.0,nan,nan,nan,nan,nan,nan,nan,nan,nan,nan,nan,nan,nan,nan,nan,nan,0.0,"[100, 100, 100, 300, 300]","[0.02291093192563314, 0.01039148334330444, 0.02658575321482071, 0.005360487861381581, 0.015120119853792514]","[null, null, null, null, null]","[null, null, null, null, null]","[null, null, null, null, null]","[null, null, null, null, null]",,0.1317259540403106,0.15656727349867225,5.0,1.96
1a,2500,3163005,neural-fore,neural-main-oracle-bellman,-12.56598828697409,-12.451966133294412,-12.586673112426368,0.12458993612159007,-12.696162408092729,-12.207769858496096,1.0,0.020684825452278233,0.1347069791319555,1.0005670220083804,1.0005670220083804,0.18203783881736033,0.12401787763760722,0.02796248324557964,nan,nan,0.3100810586154475,9.295285497187649,30.908722049559444,1614.6931191203134,nan,nan,nan,nan,nan,nan,nan,nan,nan,140.0,0.02287604046715553,6.61747789158253,2000.0,1.0,0.0,nan,nan,nan,nan,nan,nan,nan,nan,nan,nan,nan,nan,nan,nan,nan,nan,0.0,"[300, 100, 100, 100, 100]","[0.00522016977390693, 0.02576900664318803, 0.028080154918470768, 0.007607154255366555, 0.04770371674484535]","[null, null, null, null, null]","[null, null, null, null, null]","[null, null, null, null, null]","[null, null, null, null, null]",,0.12458993612159007,0.13031261211051196,5.0,1.96
1a,2500,3173005,neural-fore,neural-main-oracle-bellman,-12.700168257298914,-12.565637401353278,-12.586673112426368,0.12473421444519212,-12.810116461665855,-12.321158341040702,1.0,-0.1134951448725463,0.021035711073089658,0.7416156528557597,0.7416156528557597,0.14086037856079126,0.12045350294066266,0.029525860965108786,nan,nan,0.2899818062367524,9.51508426442781,30.06597974963094,1621.4961903446663,nan,nan,nan,nan,nan,nan,nan,nan,nan,180.0,0.011965965278147547,7.683807792013977,2000.0,1.0,0.0,nan,nan,nan,nan,nan,nan,nan,nan,nan,nan,nan,nan,nan,nan,nan,nan,0.0,"[100, 100, 100, 300, 300]","[0.008420501540426636, 0.004444982333454608, 0.046964342516856494, 0.0, 0.0]","[null, null, null, null, null]","[null, null, null, null, null]","[null, null, null, null, null]","[null, null, null, null, null]",,0.12473421444519212,0.1556287575548674,5.0,1.96
1a,2500,3183005,neural-fore,neural-main-oracle-bellman,-12.578752506033846,-12.479604855648224,-12.586673112426368,0.12219740112012645,-12.719111761843672,-12.240097949452776,1.0,0.007920606392522345,0.10706825677814358,0.6978700026240154,0.6978700026240154,0.12992258972301451,0.1091962910543954,0.04039802402130318,nan,nan,0.27002479381771094,9.375055292919182,29.53459943197725,1654.468380015006,nan,nan,nan,nan,nan,nan,nan,nan,nan,180.0,0.009185460809695503,7.509975650231354,2000.0,1.0,0.0,nan,nan,nan,nan,nan,nan,nan,nan,nan,nan,nan,nan,nan,nan,nan,nan,0.0,"[100, 100, 300, 300, 100]","[0.001560492148949248, 0.004725964424491378, 0.01655108927663065, 0.007981144417766114, 0.015108613780640125]","[null, null, null, null, null]","[null, null, null, null, null]","[null, null, null, null, null]","[null, null, null, null, null]",,0.12219740112012645,0.08915117408095846,5.0,1.96
1a,2500,3193005,neural-fore,neural-main-oracle-bellman,-12.755359751513494,-12.650896684884184,-12.586673112426368,0.13028795103441898,-12.906261068911645,-12.395532300856724,1.0,-0.16868663908712556,-0.0642235724578164,1.2100016721726257,1.2100016721726257,0.19292054453854313,0.19021261722635258,0.03728126302656905,nan,nan,0.3253509062142414,9.510573357051681,32.472434437077595,1605.9572106413686,nan,nan,nan,nan,nan,nan,nan,nan,nan,140.0,0.023403928545302814,6.802304525196087,2000.0,1.0,0.0,nan,nan,nan,nan,nan,nan,nan,nan,nan,nan,nan,nan,nan,nan,nan,nan,0.0,"[300, 100, 100, 100, 100]","[0.007373702708071178, 0.02971648703172266, 0.0006368893189728557, 0.0594333408098778, 0.019859222857869594]","[null, null, null, null, null]","[null, null, null, null, null]","[null, null, null, null, null]","[null, null, null, null, null]",,0.13028795103441898,0.048562770755529935,5.0,1.96
1a,2500,3203005,neural-fore,neural-main-oracle-bellman,-12.879145354891312,-12.79515127429682,-12.586673112426368,0.1376027242120637,-13.064852613752466,-12.525449934841175,1.0,-0.2924722424649442,-0.20847816187045254,1.0814670281663152,1.0814670281663152,0.13284121945881594,0.12588060007132623,0.045046290617116146,nan,nan,0.3469297683536603,8.982632696394802,34.13259158750023,1562.849395007031,nan,nan,nan,nan,nan,nan,nan,nan,nan,140.0,0.024849075340951224,6.5548693835851735,2000.0,1.0,0.0,nan,nan,nan,nan,nan,nan,nan,nan,nan,nan,nan,nan,nan,nan,nan,nan,0.0,"[100, 100, 100, 100, 300]","[0.0629874746812848, 0.032064462292966014, 0.027866358503879505, 0.001327081226625815, 0.0]","[null, null, null, null, null]","[null, null, null, null, null]","[null, null, null, null, null]","[null, null, null, null, null]",,0.1376027242120637,0.056851966581556154,5.0,1.96
1a,2500,3213005,neural-fore,neural-main-oracle-bellman,-12.568382106464806,-12.404267364172684,-12.586673112426368,0.11608552332302931,-12.63179498988582,-12.176739738459547,1.0,0.018291005961561524,0.18240574825368405,1.1322445226765787,1.1322445226765787,0.15012416469214257,0.1395407450902469,0.05264669690198603,nan,nan,0.3541846760211669,9.807234021809181,27.623522838566043,1697.2828543626238,nan,nan,nan,nan,nan,nan,nan,nan,nan,140.0,0.00584527819367991,7.174828533781692,2000.0,1.0000000000000002,0.0,nan,nan,nan,nan,nan,nan,nan,nan,nan,nan,nan,nan,nan,nan,nan,nan,0.0,"[100, 300, 100, 100, 100]","[0.0036933803398972163, 0.0, 0.016270207449769727, 0.00926280317873261, 0.0]","[null, null, null, null, null]","[null, null, null, null, null]","[null, null, null, null, null]","[null, null, null, null, null]",,0.11608552332302931,0.12135520417185781,5.0,1.96
1a,2500,3223005,neural-fore,neural-main-oracle-bellman,-12.775365892668084,-12.87191119427824,-12.586673112426368,0.14077761642588957,-13.147835322472984,-12.595987066083497,0.0,-0.1886927802417162,-0.2852380818518725,0.6130751158013655,0.6130751158013655,0.10663115669154115,0.09887478084367163,0.03301309695675412,nan,nan,0.31875196130682626,8.942968833194485,36.58696388946105,1529.270663327224,nan,nan,nan,nan,nan,nan,nan,nan,nan,180.0,0.005845635718055494,7.22096079220064,2000.0,1.0,0.0,nan,nan,nan,nan,nan,nan,nan,nan,nan,nan,nan,nan,nan,nan,nan,nan,0.0,"[300, 100, 100, 100, 300]","[0.0, 0.006574136431673105, 0.011604190867964081, 0.008599840590104409, 0.002450010700535876]","[null, null, null, null, null]","[null, null, null, null, null]","[null, null, null, null, null]","[null, null, null, null, null]",,0.14077761642588957,0.14146086226946125,5.0,1.96
1a,2500,3233005,neural-fore,neural-main-oracle-bellman,-12.549534177858051,-12.47050582090929,-12.586673112426368,0.12794929932787397,-12.721286447591924,-12.219725194226656,1.0,0.03713893456831663,0.11616729151707794,0.7783879114939504,0.7783879114939504,0.12699945581058747,0.12103460728104629,0.040897422426712945,nan,nan,0.2917529294157528,9.200218230756864,34.540098844757956,1577.9113097306495,nan,nan,nan,nan,nan,nan,nan,nan,nan,220.0,0.012436413004005206,7.438680649793241,2000.0,1.0,0.0,nan,nan,nan,nan,nan,nan,nan,nan,nan,nan,nan,nan,nan,nan,nan,nan,0.0,"[300, 100, 300, 100, 300]","[0.014151018284779033, 0.02062211923228655, 0.010730380019874015, 0.012913222975963914, 0.003765324507122518]","[null, null, null, null, null]","[null, null, null, null, null]","[null, null, null, null, null]","[null, null, null, null, null]",,0.12794929932787397,0.11578803477625445,5.0,1.96
1a,2500,3243005,neural-fore,neural-main-oracle-bellman,-12.619275296611255,-12.563312574914066,-12.586673112426368,0.1220815981894152,-12.80259250736532,-12.324032642462813,1.0,-0.032602184184886696,0.023360537512301605,1.0516125598099078,1.0516125598099078,0.1294009067405946,0.11436151618581766,0.04113227156501209,nan,nan,0.4404484342309066,9.556036050076393,29.336126231704434,1673.447470247505,nan,nan,nan,nan,nan,nan,nan,nan,nan,100.0,0.00949679895794168,5.744754067028407,2000.0,1.0,0.0,nan,nan,nan,nan,nan,nan,nan,nan,nan,nan,nan,nan,nan,nan,nan,nan,0.0,"[100, 100, 100, 100, 100]","[0.005286476487038949, 0.0, 0.014834903747488394, 0.010589144933039415, 0.016773469622141643]","[null, null, null, null, null]","[null, null, null, null, null]","[null, null, null, null, null]","[null, null, null, null, null]",,0.1220815981894152,0.032791979721901954,5.0,1.96
1a,5000,495505,neural-fore,neural-main-oracle-bellman,-12.750334824225483,-12.712127413802483,-12.586673112426368,0.08900780681820543,-12.886582715166165,-12.5376721124388,1.0,-0.16366171179911504,-0.12545430137611469,0.5262357938269824,0.5262357938269824,0.10004585248964641,0.0852375045980501,0.033010080442867996,nan,nan,0.3931687703365699,9.35381558529344,29.70369724226108,3299.2052740500153,nan,nan,nan,nan,nan,nan,nan,nan,nan,140.0,0.003189397774374435,7.907354733208194,4000.0,1.0,0.0,nan,nan,nan,nan,nan,nan,nan,nan,nan,nan,nan,nan,nan,nan,nan,nan,0.0,"[100, 100, 100, 100, 300]","[0.00416220002225856, 0.005312566795724161, 0.0015214007365074677, 0.004950821317381986, 0.0]","[null, null, null, null, null]","[null, null, null, null, null]","[null, null, null, null, null]","[null, null, null, null, null]",,0.08900780681820543,0.11267897398354233,5.0,1.96
1a,5000,505505,neural-fore,neural-main-oracle-bellman,-12.528662703831694,-12.547095260163365,-12.586673112426368,0.08529602920401314,-12.71427547740323,-12.3799150429235,1.0,0.05801040859467399,0.03957785226300281,0.46931601045852833,0.46931601045852833,0.09647927450620611,0.08371874391293695,0.04898316909035684,nan,nan,0.386462271644825,9.456561399149248,27.92809901364071,3376.8032140826244,nan,nan,nan,nan,nan,nan,nan,nan,nan,140.0,0.005584624025175373,7.451419108617119,4000.0,1.0,0.0,nan,nan,nan,nan,nan,nan,nan,nan,nan,nan,nan,nan,nan,nan,nan,nan,0.0,"[100, 100, 300, 100, 100]","[0.0032206857933670518, 0.007864381994082001, 0.00494423183836473, 0.008834030992225248, 0.003059789507837832]","[null, null, null, null, null]","[null, null, null, null, null]","[null, null, null, null, null]","[null, null, null, null, null]",,0.08529602920401314,0.048286496648504915,5.0,1.96
1a,5000,515505,neural-fore,neural-main-oracle-bellman,-12.53595041794838,-12.521784451084544,-12.586673112426368,0.08195638473083024,-12.682418965156971,-12.361149937012117,1.0,0.050722694477988384,0.0648886613418238,0.9500394226944634,0.9500394226944634,0.1408146519413272,0.13995166045386256,0.03642891574505328,nan,nan,0.2974553269636145,9.773893819517681,28.17568559403574,3348.8259153356416,nan,nan,nan,nan,nan,nan,nan,nan,nan,140.0,0.010367287245095943,8.274400741013233,4000.0,1.0,0.0,nan,nan,nan,nan,nan,nan,nan,nan,nan,nan,nan,nan,nan,nan,nan,nan,0.0,"[100, 100, 100, 300, 100]","[0.014139052724357545, 0.015304414714700782, 0.018282320071739095, 0.0, 0.004110648714682288]","[null, null, null, null, null]","[null, null, null, null, null]","[null, null, null, null, null]","[null, null, null, null, null]",,0.08195638473083024,0.04397311895479302,5.0,1.96
1a,5000,525505,neural-fore,neural-main-oracle-bellman,-12.582915959478907,-12.55256942000538,-12.586673112426368,0.0845174525438997,-12.718223626991424,-12.386915213019336,1.0,0.003757152947461151,0.034103692420988097,0.720731235783575,0.720731235783575,0.09472944264506993,0.08918673806210795,0.0392119191853762,nan,nan,0.3227639381701995,9.608400594633896,28.414763920214114,3349.8796160920688,nan,nan,nan,nan,nan,nan,nan,nan,nan,220.0,0.004174516674436855,9.07704702479532,4000.0,1.0,0.0,nan,nan,nan,nan,nan,nan,nan,nan,nan,nan,nan,nan,nan,nan,nan,nan,0.0,"[100, 300, 300, 300, 100]","[0.0075525056771737036, 0.0027210383368504935, 0.0, 0.0012470474535183436, 0.009351991904641734]","[null, null, null, null, null]","[null, null, null, null, null]","[null, null, null, null, null]","[null, null, null, null, null]",,0.0845174525438997,0.058185431478560784,5.0,1.96
1a,5000,535505,neural-fore,neural-main-oracle-bellman,-12.587024612075348,-12.542421016552018,-12.586673112426368,0.08545372654241823,-12.709910320575156,-12.374931712528879,1.0,-0.00035149964898018027,0.04425209587435042,0.48748926295647604,0.48748926295647604,0.07306797768399824,0.05612979884070426,0.03756382266994468,nan,nan,0.5099480713668383,9.444698089722555,28.448413277738577,3384.7892187204425,nan,nan,nan,nan,nan,nan,nan,nan,nan,100.0,0.01048270744500249,6.968708774808329,4000.0,1.0,0.0,nan,nan,nan,nan,nan,nan,nan,nan,nan,nan,nan,nan,nan,nan,nan,nan,0.0,"[100, 100, 100, 100, 100]","[0.0071486596485398485, 0.011758946399747103, 0.0058887536425669615, 0.021989086977718612, 0.005628090556439924]","[null, null, null, null, null]","[null, null, null, null, null]","[null, null, null, null, null]","[null, null, null, null, null]",,0.08545372654241823,0.11780491457608425,5.0,1.96
1a,5000,545505,neural-fore,neural-main-oracle-bellman,-12.667094548923393,-12.681957658890562,-12.586673112426368,0.08836286186062775,-12.855148868137393,-12.508766449643732,1.0,-0.0804214364970246,-0.09528454646419426,0.519248692253498,0.519248692253498,0.07857256795587497,0.0716840280814872,0.029764151982816477,nan,nan,0.30788454314689434,9.481599225016467,29.13527283979188,3286.9564224443156,nan,nan,nan,nan,nan,nan,nan,nan,nan,180.0,0.006010413790630572,8.683395333192312,4000.0,1.0,0.0,nan,nan,nan,nan,nan,nan,nan,nan,nan,nan,nan,nan,nan,nan,nan,nan,0.0,"[300, 100, 100, 100, 300]","[0.0010642061702211575, 0.0020248174354454184, 0.025573045338103385, 0.0013900000093829013, 0.0]","[null, null, null, null, null]","[null, null, null, null, null]","[null, null, null, null, null]","[null, null, null, null, null]",,0.08836286186062775,0.0996555227900596,5.0,1.96
1a,5000,555505,neural-fore,neural-main-oracle-bellman,-12.588763702549015,-12.544640629889631,-12.586673112426368,0.08416433297951992,-12.70960272252949,-12.379678537249772,1.0,-0.002090590122646674,0.04203248253673664,0.7183260449870857,0.7183260449870857,0.09213374482712475,0.08735716638221723,0.045100365082999166,nan,nan,0.2994965334959801,9.604951500938423,27.789220782380394,3414.207956626051,nan,nan,nan,nan,nan,nan,nan,nan,nan,180.0,0.005403798595412351,8.953617624822073,4000.0,1.0,0.0,nan,nan,nan,nan,nan,nan,nan,nan,nan,nan,nan,nan,nan,nan,nan,nan,0.0,"[100, 100, 300, 300, 100]","[0.006717113995837821, 0.01656492948107012, 0.0, 0.0, 0.0037369495001538106]","[null, null, null, null, null]","[null, null, null, null, null]","[null, null, null, null, null]","[null, null, null, null, null]",,0.08416433297951992,0.08314902470032337,5.0,1.96
1a,5000,565505,neural-fore,neural-main-oracle-bellman,-12.548403915183416,-12.534860021681194,-12.586673112426368,0.08599495453519881,-12.703410132570184,-12.366309910792204,1.0,0.0382691972429523,0.05181309074517415,0.5198592518675091,0.5198592518675091,0.09653492061079232,0.08068571088932666,0.044190016719678524,nan,nan,0.26591626747689806,9.548137783403448,30.155611874291793,3244.7206768620354,nan,nan,nan,nan,nan,nan,nan,nan,nan,220.0,0.004963914786075917,8.965316733368672,4000.0,1.0,0.0,nan,nan,nan,nan,nan,nan,nan,nan,nan,nan,nan,nan,nan,nan,nan,nan,0.0,"[100, 100, 300, 300, 300]","[0.000779088165995083, 0.004840251551738944, 0.003107934169897612, 0.0060518408177873476, 0.010040459224960599]","[null, null, null, null, null]","[null, null, null, null, null]","[null, null, null, null, null]","[null, null, null, null, null]",,0.08599495453519881,0.159438510373959,5.0,1.96
1a,5000,575505,neural-fore,neural-main-oracle-bellman,-12.549357589188409,-12.522708018149261,-12.586673112426368,0.08384843856000294,-12.687050957726868,-12.358365078571655,1.0,0.03731552323795917,0.06396509427710662,0.761786731328151,0.761786731328151,0.1057896564070997,0.10397382402087856,0.03894872832571997,nan,nan,0.32465964254960944,9.459794469210784,28.605241032702743,3326.9862533995906,nan,nan,nan,nan,nan,nan,nan,nan,nan,180.0,0.006200949871625637,8.113835658191238,4000.0,1.0,0.0,nan,nan,nan,nan,nan,nan,nan,nan,nan,nan,nan,nan,nan,nan,nan,nan,0.0,"[100, 300, 100, 100, 300]","[0.010636899669388961, 0.0, 0.006501700916530782, 0.0032599733027460073, 0.010606175469462431]","[null, null, null, null, null]","[null, null, null, null, null]","[null, null, null, null, null]","[null, null, null, null, null]",,0.08384843856000294,0.06778493209015496,5.0,1.96
1a,5000,585505,neural-fore,neural-main-oracle-bellman,-12.671797587142452,-12.655778630785449,-12.586673112426368,0.09119114095239508,-12.834513267052143,-12.477043994518754,1.0,-0.08512447471608375,-0.06910551835908052,0.9412072201461065,0.9412072201461065,0.17179324644425814,0.14294389207234579,0.02602999040122434,nan,nan,0.2881693073911616,9.301896565908692,32.4737389749974,3205.8504999615934,nan,nan,nan,nan,nan,nan,nan,nan,nan,180.0,0.006046393432543892,8.647213408595416,4000.0,1.0,0.0,nan,nan,nan,nan,nan,nan,nan,nan,nan,nan,nan,nan,nan,nan,nan,nan,0.0,"[300, 100, 100, 300, 100]","[0.0, 0.0, 0.016510202141430383, 0.0033219360486727322, 0.010399828972616343]","[null, null, null, null, null]","[null, null, null, null, null]","[null, null, null, null, null]","[null, null, null, null, null]",,0.09119114095239508,0.06254568938572676,5.0,1.96
1a,5000,595505,neural-fore,neural-main-oracle-bellman,-12.541065814215667,-12.469108932660411,-12.586673112426368,0.0851068294631198,-12.635918318408127,-12.302299546912696,1.0,0.045607298210700975,0.11756417976595657,0.8041533405001727,0.8041533405001727,0.10055626299280693,0.09554620304227482,0.03284455239015888,nan,nan,0.3061741174235606,9.51746589379162,30.323754611691662,3276.82823911579,nan,nan,nan,nan,nan,nan,nan,nan,nan,180.0,0.002878427677356705,8.532919774437323,4000.0,1.0,0.0,nan,nan,nan,nan,nan,nan,nan,nan,nan,nan,nan,nan,nan,nan,nan,nan,0.0,"[100, 300, 100, 300, 100]","[0.0, 0.0, 0.006889857608366138, 0.003444043784464541, 0.004058236993952844]","[null, null, null, null, null]","[null, null, null, null, null]","[null, null, null, null, null]","[null, null, null, null, null]",,0.0851068294631198,0.0580067396742635,5.0,1.96
1a,5000,605505,neural-fore,neural-main-oracle-bellman,-12.640198541044555,-12.58393332823638,-12.586673112426368,0.08597688186686939,-12.752448016695444,-12.415418639777316,1.0,-0.053525428618186766,0.0027397841899876596,0.45782626504467244,0.45782626504467244,0.09327594094832885,0.0734966290759303,0.03812083256783047,nan,nan,0.21572464561125712,9.88197266453329,28.58127797213253,3317.568934388306,nan,nan,nan,nan,nan,nan,nan,nan,nan,260.0,0.005467368393461442,9.277690375410021,4000.0,1.0,0.0,nan,nan,nan,nan,nan,nan,nan,nan,nan,nan,nan,nan,nan,nan,nan,nan,0.0,"[300, 100, 300, 300, 300]","[0.0078880026298534, 0.0019052931738426874, 0.0, 0.015850869020317702, 0.0016926771432934156]","[null, null, null, null, null]","[null, null, null, null, null]","[null, null, null, null, null]","[null, null, null, null, null]",,0.08597688186686939,0.17891983545489168,5.0,1.96
1a,5000,615505,neural-fore,neural-main-oracle-bellman,-12.54660235336508,-12.545424356486608,-12.586673112426368,0.08741911273722028,-12.71676581745156,-12.374082895521656,1.0,0.04007075906128854,0.04124875593976007,0.6336070451664824,0.6336070451664824,0.11177544150707559,0.10221783597065812,0.036409193503808425,nan,nan,0.3561641989013252,9.375031467917044,28.904341946061628,3318.7679685748103,nan,nan,nan,nan,nan,nan,nan,nan,nan,140.0,0.005384484338732361,7.615657633193768,4000.0,1.0,0.0,nan,nan,nan,nan,nan,nan,nan,nan,nan,nan,nan,nan,nan,nan,nan,nan,0.0,"[100, 300, 100, 100, 100]","[0.0034755191342751785, 0.00450906579395774, 0.001772721862752454, 0.016058670289579264, 0.0011064446130971688]","[null, null, null, null, null]","[null, null, null, null, null]","[null, null, null, null, null]","[null, null, null, null, null]",,0.08741911273722028,0.06183161690175423,5.0,1.96
1a,5000,625505,neural-fore,neural-main-oracle-bellman,-12.674767238488474,-12.692778619441395,-12.586673112426368,0.08950966980412434,-12.868217572257478,-12.517339666625311,1.0,-0.08809412606210643,-0.10610550701502675,0.7332677751332348,0.7332677751332348,0.1319105473086968,0.11901717533303888,0.0388704169938996,nan,nan,0.2173735843612528,9.42389597823826,30.694409470778915,3206.854586604336,nan,nan,nan,nan,nan,nan,nan,nan,nan,220.0,0.003376493394053555,9.119814866804518,4000.0,1.0,0.0,nan,nan,nan,nan,nan,nan,nan,nan,nan,nan,nan,nan,nan,nan,nan,nan,0.0,"[300, 300, 300, 100, 100]","[0.0, 0.006354625901370229, 0.0007540756768390396, 0.008501368112389654, 0.0012723972796688538]","[null, null, null, null, null]","[null, null, null, null, null]","[null, null, null, null, null]","[null, null, null, null, null]",,0.08950966980412434,0.07165641804797741,5.0,1.96
1a,5000,635505,neural-fore,neural-main-oracle-bellman,-12.58421567623662,-12.548946899425474,-12.586673112426368,0.08460519884409637,-12.714773089159902,-12.383120709691045,1.0,0.002457436189747142,0.037726213000894404,0.4207279835766534,0.4207279835766534,0.06378655325704728,0.05241560908844546,0.02320885429507975,nan,nan,0.3077290821282252,9.516991297824452,29.129875526353814,3325.2244683522736,nan,nan,nan,nan,nan,nan,nan,nan,nan,180.0,0.006231816027856478,8.423385708616115,4000.0,1.0,0.0,nan,nan,nan,nan,nan,nan,nan,nan,nan,nan,nan,nan,nan,nan,nan,nan,0.0,"[100, 100, 300, 300, 100]","[0.0027945443791841775, 0.018846583345760563, 0.0017262918243935949, 0.00016027421999437685, 0.007631386369949678]","[null, null, null, null, null]","[null, null, null, null, null]","[null, null, null, null, null]","[null, null, null, null, null]",,0.08460519884409637,0.09743619563603678,5.0,1.96
1a,5000,645505,neural-fore,neural-main-oracle-bellman,-12.57711872916726,-12.560173021196812,-12.586673112426368,0.08743359852019209,-12.73154287429639,-12.388803168097235,1.0,0.009554383259107624,0.026500091229555878,0.7127027354666774,0.7127027354666774,0.09001269016531445,0.07588110140653012,0.04561469396487442,nan,nan,0.32266864227053693,9.288129901430857,32.99240009331481,3256.9826036902455,nan,nan,nan,nan,nan,nan,nan,nan,nan,180.0,0.003909771751461262,8.193943966180086,4000.0,1.0,0.0,nan,nan,nan,nan,nan,nan,nan,nan,nan,nan,nan,nan,nan,nan,nan,nan,0.0,"[100, 300, 300, 100, 100]","[0.008864417374628198, 0.0, 0.0, 0.008887635230670448, 0.0017968061520076686]","[null, null, null, null, null]","[null, null, null, null, null]","[null, null, null, null, null]","[null, null, null, null, null]",,0.08743359852019209,0.03689839499092172,5.0,1.96
1a,5000,655505,neural-fore,neural-main-oracle-bellman,-12.570648960486714,-12.5403163878761,-12.586673112426368,0.08691384487162017,-12.710667523824476,-12.369965251927724,1.0,0.016024151939653564,0.04635672455026807,0.9443465591672385,0.9443465591672385,0.11517570799888852,0.09735500320455574,0.026268442352869906,nan,nan,0.254962282448588,9.580249206757397,32.006601574102476,3291.3304543109325,nan,nan,nan,nan,nan,nan,nan,nan,nan,180.0,0.004676312628713878,8.259667592600454,4000.0,1.0,0.0,nan,nan,nan,nan,nan,nan,nan,nan,nan,nan,nan,nan,nan,nan,nan,nan,0.0,"[100, 300, 100, 300, 100]","[0.010845045492999035, 0.0, 0.0010119609519973784, 0.0, 0.011524556698572977]","[null, null, null, null, null]","[null, null, null, null, null]","[null, null, null, null, null]","[null, null, null, null, null]",,0.08691384487162017,0.06836365920225886,5.0,1.96
1a,5000,665505,neural-fore,neural-main-oracle-bellman,-12.593926665928045,-12.601304496969497,-12.586673112426368,0.08451818068177645,-12.76696013110578,-12.435648862833215,1.0,-0.00725355350167689,-0.0146313845431294,0.646140414749348,0.646140414749348,0.11392359121634818,0.08412934119849469,0.03710296920686104,nan,nan,0.31891953835132286,9.576403452283792,28.772933349213073,3331.8877634116557,nan,nan,nan,nan,nan,nan,nan,nan,nan,220.0,0.003950331300113266,9.17187592536211,4000.0,1.0,0.0,nan,nan,nan,nan,nan,nan,nan,nan,nan,nan,nan,nan,nan,nan,nan,nan,0.0,"[100, 300, 300, 100, 300]","[0.007395156745971512, 0.0, 0.0, 0.012356499754594817, 0.0]","[null, null, null, null, null]","[null, null, null, null, null]","[null, null, null, null, null]","[null, null, null, null, null]",,0.08451818068177645,0.0689938582201937,5.0,1.96
1a,5000,675505,neural-fore,neural-main-oracle-bellman,-12.511105500106337,-12.474251315629148,-12.586673112426368,0.08315827867449319,-12.637241541831155,-12.311261089427141,1.0,0.07556761232003062,0.11242179679721964,0.4432026853814577,0.4432026853814577,0.0866712909034539,0.07988256248436909,0.03128877175334152,nan,nan,0.32683257379215247,9.469942192295179,28.92154408066116,3360.5874425649804,nan,nan,nan,nan,nan,nan,nan,nan,nan,140.0,0.006198462321815276,7.753403791773598,4000.0,1.0,0.0,nan,nan,nan,nan,nan,nan,nan,nan,nan,nan,nan,nan,nan,nan,nan,nan,0.0,"[100, 300, 100, 100, 100]","[0.004573625064333744, 0.0, 0.00402910664141823, 0.006383763018486659, 0.01600581688483775]","[null, null, null, null, null]","[null, null, null, null, null]","[null, null, null, null, null]","[null, null, null, null, null]",,0.08315827867449319,0.06196920424245111,5.0,1.96
1a,5000,685505,neural-fore,neural-main-oracle-bellman,-12.670675516619111,-12.659525184942224,-12.586673112426368,0.09014274374761727,-12.836204962687553,-12.482845407196894,1.0,-0.08400240419274319,-0.07285207251585568,0.531454498401416,0.531454498401416,0.10266027943176541,0.09389629202461493,0.04316072435094404,nan,nan,0.3448680760093094,9.302316119509051,31.36484611309542,3250.59406244074,nan,nan,nan,nan,nan,nan,nan,nan,nan,180.0,0.005511494978484371,8.19692295800196,4000.0,1.0,0.0,nan,nan,nan,nan,nan,nan,nan,nan,nan,nan,nan,nan,nan,nan,nan,nan,0.0,"[100, 300, 100, 300, 100]","[0.009104673576963339, 0.008830090539542963, 0.00014895002241911145, 0.0020381603261401355, 0.007435600427356305]","[null, null, null, null, null]","[null, null, null, null, null]","[null, null, null, null, null]","[null, null, null, null, null]",,0.09014274374761727,0.11863074473715028,5.0,1.96
1a,5000,695505,neural-fore,neural-main-oracle-bellman,-12.549373660363385,-12.55071225240805,-12.586673112426368,0.08577247326596968,-12.71882630000935,-12.38259820480675,1.0,0.03729945206298346,0.03596086001831722,0.4941807952575824,0.4941807952575824,0.10999265055807053,0.10151095877801067,0.03411663025562925,nan,nan,0.34088908771169213,9.452426372824878,29.80141727529011,3328.151763400784,nan,nan,nan,nan,nan,nan,nan,nan,nan,220.0,0.0036430243252545532,8.784617300413084,4000.0,1.0,0.0,nan,nan,nan,nan,nan,nan,nan,nan,nan,nan,nan,nan,nan,nan,nan,nan,0.0,"[300, 100, 300, 300, 100]","[0.0009168675274282824, 0.0030863454746536453, 0.00470020780419235, 0.0035645124844202467, 0.005947188335578241]","[null, null, null, null, null]","[null, null, null, null, null]","[null, null, null, null, null]","[null, null, null, null, null]",,0.08577247326596968,0.08477741819480984,5.0,1.96
1a,5000,705505,neural-fore,neural-main-oracle-bellman,-12.526190560675143,-12.530959501239057,-12.586673112426368,0.086421594892566,-12.700345827228485,-12.361573175249628,1.0,0.060482551751224634,0.05571361118731133,0.4476505139154872,0.4476505139154872,0.09326478995807101,0.0845437540361389,0.03670471271279478,nan,nan,0.35419985227352213,9.30087625439235,29.705816423488503,3271.5721050027973,nan,nan,nan,nan,nan,nan,nan,nan,nan,140.0,0.008982853904115079,8.311546791600994,4000.0,1.0,0.0,nan,nan,nan,nan,nan,nan,nan,nan,nan,nan,nan,nan,nan,nan,nan,nan,0.0,"[100, 100, 100, 300, 100]","[0.0021475650343342695, 0.006888672182977935, 0.004136258589318269, 0.0, 0.031741773713944925]","[null, null, null, null, null]","[null, null, null, null, null]","[null, null, null, null, null]","[null, null, null, null, null]",,0.086421594892566,0.04046384601477463,5.0,1.96
1a,5000,715505,neural-fore,neural-main-oracle-bellman,-12.57476482055598,-12.55449323014641,-12.586673112426368,0.08371296543495128,-12.718570642398914,-12.390415817893905,1.0,0.011908291870387444,0.032179882279958605,0.7344347694770461,0.7344347694770461,0.10744480464514727,0.08605686009815927,0.04270524088234185,nan,nan,0.28629048377366545,9.659540872619655,28.05689326039349,3324.266306320654,nan,nan,nan,nan,nan,nan,nan,nan,nan,180.0,0.010632255747241207,8.218734583212063,4000.0,1.0,0.0,nan,nan,nan,nan,nan,nan,nan,nan,nan,nan,nan,nan,nan,nan,nan,nan,0.0,"[100, 100, 300, 100, 300]","[0.00817935498250208, 0.037873816657783436, 0.0031658381451987556, 0.003942268950721762, 0.0]","[null, null, null, null, null]","[null, null, null, null, null]","[null, null, null, null, null]","[null, null, null, null, null]",,0.08371296543495128,0.10502438312640701,5.0,1.96
1a,5000,725505,neural-fore,neural-main-oracle-bellman,-12.672522600004557,-12.587640775785164,-12.586673112426368,0.08536289932110872,-12.754952058454538,-12.42032949311579,1.0,-0.085849487578189,-0.0009676633587965,0.6920545419224983,0.6920545419224983,0.09730933473312522,0.08017008483770627,0.04283283830279879,nan,nan,0.3737742197163677,9.562935035079821,28.262066100912378,3364.6985760583148,nan,nan,nan,nan,nan,nan,nan,nan,nan,140.0,0.005994507937541539,7.265585466392804,4000.0,1.0,0.0,nan,nan,nan,nan,nan,nan,nan,nan,nan,nan,nan,nan,nan,nan,nan,nan,0.0,"[100, 300, 100, 100, 100]","[0.0, 0.006822352596506692, 0.0, 0.003746332169986445, 0.019403854921214558]","[null, null, null, null, null]","[null, null, null, null, null]","[null, null, null, null, null]","[null, null, null, null, null]",,0.08536289932110872,0.07933893730115424,5.0,1.96
1a,5000,735505,neural-fore,neural-main-oracle-bellman,-12.46262572665721,-12.479396063280527,-12.586673112426368,0.08075947903364646,-12.637684642186475,-12.32110748437458,1.0,0.12404738576915797,0.10727704914584102,0.6648531034536871,0.6648531034536871,0.09428463487069927,0.07816792671516426,0.033026419155254394,nan,nan,0.36020538901282934,9.596845246527288,25.897788240183036,3450.859285579708,nan,nan,nan,nan,nan,nan,nan,nan,nan,180.0,0.003759715703252768,8.0825628667837,4000.0,1.0,0.0,nan,nan,nan,nan,nan,nan,nan,nan,nan,nan,nan,nan,nan,nan,nan,nan,0.0,"[100, 100, 100, 300, 300]","[0.0, 0.012386645319478843, 0.006411933196784996, 0.0, 0.0]","[null, null, null, null, null]","[null, null, null, null, null]","[null, null, null, null, null]","[null, null, null, null, null]",,0.08075947903364646,0.036736813703436705,5.0,1.96
1a,5000,745505,neural-fore,neural-main-oracle-bellman,-12.634526932742942,-12.706894128787537,-12.586673112426368,0.09045541214168112,-12.884186736585232,-12.529601520989843,1.0,-0.0478538203165737,-0.12022101636116922,0.7275443278930733,0.7275443278930733,0.10600137323128851,0.08940749407240656,0.03139662965352185,nan,nan,0.4476709265494627,9.24969473563846,31.089563572748286,3257.3519631847334,nan,nan,nan,nan,nan,nan,nan,nan,nan,100.0,0.0051300456248618755,7.386400442023296,4000.0,1.0,0.0,nan,nan,nan,nan,nan,nan,nan,nan,nan,nan,nan,nan,nan,nan,nan,nan,0.0,"[100, 100, 100, 100, 100]","[0.0020246006018496904, 0.014477965851024755, 0.003402241828805282, 0.0020086068781875344, 0.003736812964442116]","[null, null, null, null, null]","[null, null, null, null, null]","[null, null, null, null, null]","[null, null, null, null, null]",,0.09045541214168112,0.05144706749161291,5.0,1.96
1a,5000,755505,neural-fore,neural-main-oracle-bellman,-12.70365352670671,-12.692709785222565,-12.586673112426368,0.09017475695529606,-12.869452308854946,-12.515967261590184,1.0,-0.11698041428034145,-0.106036672796197,0.42448599648202023,0.42448599648202023,0.0990017418496212,0.08610799528655455,0.027637327202236033,nan,nan,0.2779068972106971,9.211725974367479,27.811234170424797,3278.159798018047,nan,nan,nan,nan,nan,nan,nan,nan,nan,220.0,0.00415965916629777,8.871277925360483,4000.0,1.0,0.0,nan,nan,nan,nan,nan,nan,nan,nan,nan,nan,nan,nan,nan,nan,nan,nan,0.0,"[100, 300, 300, 300, 100]","[0.005557834549998924, 0.0, 0.0, 0.005631505707304442, 0.009608955574185488]","[null, null, null, null, null]","[null, null, null, null, null]","[null, null, null, null, null]","[null, null, null, null, null]",,0.09017475695529606,0.03870416627033154,5.0,1.96
1a,5000,765505,neural-fore,neural-main-oracle-bellman,-12.486236342715927,-12.39773477484412,-12.586673112426368,0.08166673941472223,-12.557801584096975,-12.237667965591264,0.0,0.10043676971044135,0.18893833758224865,0.527211243033639,0.527211243033639,0.10981751852168968,0.09077817432410748,0.036271524413108706,nan,nan,0.27499623211311713,9.531610668153313,29.21511386607797,3306.928059981965,nan,nan,nan,nan,nan,nan,nan,nan,nan,180.0,0.0044290493077727856,8.276568457984832,4000.0,1.0,0.0,nan,nan,nan,nan,nan,nan,nan,nan,nan,nan,nan,nan,nan,nan,nan,nan,0.0,"[100, 300, 100, 300, 100]","[0.008548699986119063, 0.0013042459140094201, 0.003527168936106243, 0.0019639800733597407, 0.006801151629269457]","[null, null, null, null, null]","[null, null, null, null, null]","[null, null, null, null, null]","[null, null, null, null, null]",,0.08166673941472223,0.0497927762251784,5.0,1.96
1a,5000,775505,neural-fore,neural-main-oracle-bellman,-12.655074559939417,-12.632690421548975,-12.586673112426368,0.08991065380778876,-12.808915303012242,-12.45646554008571,1.0,-0.06840144751304855,-0.046017309122607486,0.5569613427655722,0.5569613427655722,0.12643742153032866,0.126371921688354,0.03205905524943824,nan,nan,0.4495690576211001,9.154386596450315,31.58066703241661,3252.099967300646,nan,nan,nan,nan,nan,nan,nan,nan,nan,100.0,0.006639433123783728,7.251910499786026,4000.0,1.0,0.0,nan,nan,nan,nan,nan,nan,nan,nan,nan,nan,nan,nan,nan,nan,nan,nan,0.0,"[100, 100, 100, 100, 100]","[0.002122075348708011, 0.013026827933736709, 0.013540334598958995, 0.0020405142197909196, 0.0024674135177240046]","[null, null, null, null, null]","[null, null, null, null, null]","[null, null, null, null, null]","[null, null, null, null, null]",,0.08991065380778876,0.07032885430375702,5.0,1.96
1a,5000,785505,neural-fore,neural-main-oracle-bellman,-12.666402837551173,-12.544015588822795,-12.586673112426368,0.08417438116134791,-12.708997375899036,-12.379033801746553,1.0,-0.07972972512480503,0.04265752360357311,0.5033238963079794,0.5033238963079794,0.10879325934956188,0.1021965455989998,0.041003540946281884,nan,nan,0.20672153336601543,9.643222902583135,27.69655915170063,3303.1497477492157,nan,nan,nan,nan,nan,nan,nan,nan,nan,260.0,0.0058390309108315615,10.266452650388237,4000.0,1.0,0.0,nan,nan,nan,nan,nan,nan,nan,nan,nan,nan,nan,nan,nan,nan,nan,nan,0.0,"[100, 300, 300, 300, 300]","[0.012385878800457988, 0.001889794634437446, 0.0, 0.01246685530670713, 0.0024526258125552405]","[null, null, null, null, null]","[null, null, null, null, null]","[null, null, null, null, null]","[null, null, null, null, null]",,0.08417438116134791,0.10296010737639893,5.0,1.96
1a,5000,795505,neural-fore,neural-main-oracle-bellman,-12.528504276083599,-12.494279612970923,-12.586673112426368,0.08294451673798493,-12.656850865777374,-12.331708360164471,1.0,0.05816883634276948,0.0923934994554454,0.47075756118723594,0.47075756118723594,0.09231866630388043,0.0799181862038251,0.03278071551794099,nan,nan,0.3988662614247191,9.764712378139802,27.006247763620927,3413.756095794583,nan,nan,nan,nan,nan,nan,nan,nan,nan,140.0,0.008120810112971664,7.700890608783811,4000.0,1.0,0.0,nan,nan,nan,nan,nan,nan,nan,nan,nan,nan,nan,nan,nan,nan,nan,nan,0.0,"[100, 100, 100, 100, 300]","[0.012643252703648964, 0.0018656583757972183, 0.011961975218454334, 0.01095680006272589, 0.003176364204231914]","[null, null, null, null, null]","[null, null, null, null, null]","[null, null, null, null, null]","[null, null, null, null, null]",,0.08294451673798493,0.09637518562117542,5.0,1.96
1a,5000,805505,neural-fore,neural-main-oracle-bellman,-12.550265188447135,-12.462530889454563,-12.586673112426368,0.08501358786142818,-12.629157521662961,-12.295904257246164,1.0,0.0364079239792332,0.12414222297180544,0.6484388025840044,0.6484388025840044,0.08051638180200163,0.07709553377557461,0.03722306653092817,nan,nan,0.22753596950690516,9.679287865632102,28.996941762146037,3286.37804294863,nan,nan,nan,nan,nan,nan,nan,nan,nan,260.0,0.005370779897714074,9.407532816985622,4000.0,1.0,0.0,nan,nan,nan,nan,nan,nan,nan,nan,nan,nan,nan,nan,nan,nan,nan,nan,0.0,"[100, 300, 300, 300, 300]","[0.005582351108336451, 0.006384977376883125, 0.00442223684873945, 0.001232765139667858, 0.009231569014943491]","[null, null, null, null, null]","[null, null, null, null, null]","[null, null, null, null, null]","[null, null, null, null, null]",,0.08501358786142818,0.08494827526428855,5.0,1.96
1a,5000,815505,neural-fore,neural-main-oracle-bellman,-12.58930835953637,-12.563351267789027,-12.586673112426368,0.08470916409512144,-12.729381229415466,-12.397321306162588,1.0,-0.002635247110001515,0.02332184463734066,0.5743036642650973,0.5743036642650973,0.08378282826304542,0.07326465700873677,0.034935143545850936,nan,nan,0.3620711596619873,9.477217113052642,27.680960757398836,3365.2988844663673,nan,nan,nan,nan,nan,nan,nan,nan,nan,140.0,0.005237967527265628,7.45846616581548,4000.0,1.0,0.0,nan,nan,nan,nan,nan,nan,nan,nan,nan,nan,nan,nan,nan,nan,nan,nan,0.0,"[300, 100, 100, 100, 100]","[0.0, 0.003146316817998178, 0.0019366760026087086, 0.005308195575120353, 0.0157986492406009]","[null, null, null, null, null]","[null, null, null, null, null]","[null, null, null, null, null]","[null, null, null, null, null]",,0.08470916409512144,0.03760540194387708,5.0,1.96
1a,5000,825505,neural-fore,neural-main-oracle-bellman,-12.541646158845491,-12.49085938206406,-12.586673112426368,0.08541836804361425,-12.658279383429544,-12.323439380698577,1.0,0.045026953580876494,0.09581373036230723,0.5361681464991881,0.5361681464991881,0.09581026437329222,0.08524283577179433,0.030235231975062095,nan,nan,0.2803582989323797,9.353501055637947,28.881233722242683,3307.590313116824,nan,nan,nan,nan,nan,nan,nan,nan,nan,220.0,0.009589074892654929,9.200289766618516,4000.0,1.0,0.0,nan,nan,nan,nan,nan,nan,nan,nan,nan,nan,nan,nan,nan,nan,nan,nan,0.0,"[300, 300, 100, 300, 100]","[0.001048705910991482, 0.005844002308119209, 0.02962949355579584, 0.0, 0.01142317268836811]","[null, null, null, null, null]","[null, null, null, null, null]","[null, null, null, null, null]","[null, null, null, null, null]",,0.08541836804361425,0.07217846355280663,5.0,1.96
1a,5000,835505,neural-fore,neural-main-oracle-bellman,-12.66180083049086,-12.606947448717797,-12.586673112426368,0.09058697781924797,-12.784497925243523,-12.429396972192071,1.0,-0.07512771806449159,-0.02027433629142905,0.6474040584781658,0.6474040584781658,0.09033812032653274,0.08076177712303875,0.04355726851430299,nan,nan,0.3148567744097294,9.034841681300183,30.52804427121632,3185.2766943668703,nan,nan,nan,nan,nan,nan,nan,nan,nan,180.0,0.002624836921897273,9.06504759961972,4000.0,1.0,0.0,nan,nan,nan,nan,nan,nan,nan,nan,nan,nan,nan,nan,nan,nan,nan,nan,0.0,"[100, 100, 300, 100, 300]","[0.000989666166958168, 0.001199173278403409, 0.003104493210762955, 0.007830851953361832, 0.0]","[null, null, null, null, null]","[null, null, null, null, null]","[null, null, null, null, null]","[null, null, null, null, null]",,0.09058697781924797,0.08306079366303089,5.0,1.96
1a,5000,845505,neural-fore,neural-main-oracle-bellman,-12.652081092289201,-12.59811710294784,-12.586673112426368,0.08945656358897978,-12.773451967582242,-12.42278223831344,1.0,-0.06540797986283309,-0.011443990521472713,0.5934990440910191,0.5934990440910191,0.10124532034822406,0.09227062961528698,0.03355432510565931,nan,nan,0.3281562677381675,9.349801973133026,32.81938762800929,3202.657310392428,nan,nan,nan,nan,nan,nan,nan,nan,nan,180.0,0.00449552511228614,7.911781016434543,4000.0,1.0,0.0,nan,nan,nan,nan,nan,nan,nan,nan,nan,nan,nan,nan,nan,nan,nan,nan,0.0,"[300, 100, 300, 100, 100]","[0.003434302837988765, 0.008394787635652044, 0.0, 0.005071772394812862, 0.005576762692977025]","[null, null, null, null, null]","[null, null, null, null, null]","[null, null, null, null, null]","[null, null, null, null, null]",,0.08945656358897978,0.07794189773798921,5.0,1.96
1a,5000,855505,neural-fore,neural-main-oracle-bellman,-12.669183867791718,-12.616699109347154,-12.586673112426368,0.08780417173543567,-12.788795285948607,-12.4446029327457,1.0,-0.08251075536534991,-0.030025996920786113,0.5825644771873562,0.5825644771873562,0.08240235608092736,0.07768809329255905,0.034347379517949535,nan,nan,0.3052300125021014,9.45234471662179,30.16816090988593,3307.869372929897,nan,nan,nan,nan,nan,nan,nan,nan,nan,140.0,0.006218660237905236,7.466942374780774,4000.0,1.0,0.0,nan,nan,nan,nan,nan,nan,nan,nan,nan,nan,nan,nan,nan,nan,nan,nan,0.0,"[100, 100, 300, 100, 100]","[0.0060944025003092615, 0.0024186006780943102, 0.0007508708677405086, 0.013310785058440211, 0.00851864208494189]","[null, null, null, null, null]","[null, null, null, null, null]","[null, null, null, null, null]","[null, null, null, null, null]",,0.08780417173543567,0.07453355179017074,5.0,1.96
1a,5000,865505,neural-fore,neural-main-oracle-bellman,-12.648194814885196,-12.578951157533574,-12.586673112426368,0.09017979623472681,-12.755703558153638,-12.40219875691351,1.0,-0.06152170245882793,0.007721954892794258,0.6813575630406121,0.6813575630406121,0.09028215836567702,0.08691204176797285,0.028201160701923293,nan,nan,0.24584868414995517,9.130432705228237,33.70293780999178,3164.6331865367897,nan,nan,nan,nan,nan,nan,nan,nan,nan,180.0,0.004398238116678152,8.431761741777882,4000.0,1.0,0.0,nan,nan,nan,nan,nan,nan,nan,nan,nan,nan,nan,nan,nan,nan,nan,nan,0.0,"[100, 100, 300, 300, 100]","[0.000692788054150687, 0.0023773343419324325, 0.0041930087370821365, 0.0006208670505548509, 0.014107192399670655]","[null, null, null, null, null]","[null, null, null, null, null]","[null, null, null, null, null]","[null, null, null, null, null]",,0.09017979623472681,0.08895842562496262,5.0,1.96
1a,5000,875505,neural-fore,neural-main-oracle-bellman,-12.760586278310319,-12.695130818174716,-12.586673112426368,0.08972318593306186,-12.870988262603518,-12.519273373745914,1.0,-0.17391316588395078,-0.10845770574834823,0.338795940740349,0.338795940740349,0.06903110120804862,0.06294954522318634,0.04473917349378611,nan,nan,0.3351394611788903,9.35508739563309,29.77100194303874,3286.3822964828446,nan,nan,nan,nan,nan,nan,nan,nan,nan,140.0,0.011596032096149886,7.417284858599305,4000.0,1.0,0.0,nan,nan,nan,nan,nan,nan,nan,nan,nan,nan,nan,nan,nan,nan,nan,nan,0.0,"[100, 300, 100, 100, 100]","[0.017195095502745963, 0.0, 0.013897262549204873, 0.022223551146503897, 0.004664251282294697]","[null, null, null, null, null]","[null, null, null, null, null]","[null, null, null, null, null]","[null, null, null, null, null]",,0.08972318593306186,0.0335307798582289,5.0,1.96
1a,5000,885505,neural-fore,neural-main-oracle-bellman,-12.533583869391691,-12.556430470070362,-12.586673112426368,0.08466480118720572,-12.722373480397286,-12.390487459743438,1.0,0.05308924303467677,0.030242642356006044,0.6396002359156299,0.6396002359156299,0.09667046317217007,0.0912969301860416,0.03391617665002316,nan,nan,0.34760389953057,9.22590338719954,29.124086110650186,3299.8529379177717,nan,nan,nan,nan,nan,nan,nan,nan,nan,140.0,0.006501045222556697,8.1488584500039,4000.0,1.0,0.0,nan,nan,nan,nan,nan,nan,nan,nan,nan,nan,nan,nan,nan,nan,nan,nan,0.0,"[100, 300, 100, 100, 100]","[0.009527139036415997, 0.00760274947617374, 0.005564984042891762, 0.003098645994832366, 0.006711707562469614]","[null, null, null, null, null]","[null, null, null, null, null]","[null, null, null, null, null]","[null, null, null, null, null]",,0.08466480118720572,0.061762268553990085,5.0,1.96
1a,5000,895505,neural-fore,neural-main-oracle-bellman,-12.562983929149835,-12.514601567470043,-12.586673112426368,0.0858110078360748,-12.68279114282875,-12.346411992111337,1.0,0.023689183276532688,0.07207154495632473,0.570228385682398,0.570228385682398,0.08939199340841365,0.07527071967657901,0.04480032778893749,nan,nan,0.3457801652894947,9.493090135965579,29.128791863301593,3299.029006875867,nan,nan,nan,nan,nan,nan,nan,nan,nan,180.0,0.004016356779285893,8.113050300406758,4000.0,1.0,0.0,nan,nan,nan,nan,nan,nan,nan,nan,nan,nan,nan,nan,nan,nan,nan,nan,0.0,"[100, 300, 100, 100, 300]","[0.009766624208524232, 0.0, 0.005860616526046497, 0.000529579295943507, 0.003924963865915223]","[null, null, null, null, null]","[null, null, null, null, null]","[null, null, null, null, null]","[null, null, null, null, null]",,0.0858110078360748,0.11465380816947938,5.0,1.96
1a,5000,905505,neural-fore,neural-main-oracle-bellman,-12.599419541045723,-12.530450066104969,-12.586673112426368,0.08684600279760757,-12.70066823158828,-12.360231900621658,1.0,-0.012746428619355044,0.056223046321399295,0.5477750611494876,0.5477750611494876,0.08782085254975575,0.07097412571196998,0.03884051314734272,nan,nan,0.27480806917256273,9.476640997721297,28.730724823122184,3308.119247891558,nan,nan,nan,nan,nan,nan,nan,nan,nan,180.0,0.0009715950674050816,8.009221724816598,4000.0,1.0,0.0,nan,nan,nan,nan,nan,nan,nan,nan,nan,nan,nan,nan,nan,nan,nan,nan,0.0,"[100, 100, 300, 300, 100]","[0.0022160635721275882, 0.0, 0.0, 0.0017191293247520504, 0.0009227824401457694]","[null, null, null, null, null]","[null, null, null, null, null]","[null, null, null, null, null]","[null, null, null, null, null]",,0.08684600279760757,0.06664860260136406,5.0,1.96
1a,5000,915505,neural-fore,neural-main-oracle-bellman,-12.525593065288332,-12.536514447362645,-12.586673112426368,0.08398184159731975,-12.701118856893391,-12.3719100378319,1.0,0.061080047138036164,0.05015866506372291,0.6270016874158955,0.6270016874158955,0.09520747480350514,0.08185764728649275,0.04276176587958937,nan,nan,0.37110438904253007,9.40809498720738,28.18911021285909,3370.257972338059,nan,nan,nan,nan,nan,nan,nan,nan,nan,140.0,0.003209094518260744,7.805997674795799,4000.0,1.0,0.0,nan,nan,nan,nan,nan,nan,nan,nan,nan,nan,nan,nan,nan,nan,nan,nan,0.0,"[100, 100, 300, 100, 100]","[0.00952727226812511, 0.0005946957547200569, 0.002310438464304232, 0.0012286908700868205, 0.002384375234067499]","[null, null, null, null, null]","[null, null, null, null, null]","[null, null, null, null, null]","[null, null, null, null, null]",,0.08398184159731975,0.04177211305729218,5.0,1.96
1a,5000,925505,neural-fore,neural-main-oracle-bellman,-12.67184367349816,-12.649296107650667,-12.586673112426368,0.08826625830815892,-12.822297973934658,-12.476294241366675,1.0,-0.08517056107179144,-0.0626229952242987,0.8535119767824447,0.8535119767824447,0.14716540967548078,0.11150331176199431,0.03145674626560664,nan,nan,0.3306697509082456,9.28015241113372,27.793262449389427,3294.3505397814333,nan,nan,nan,nan,nan,nan,nan,nan,nan,140.0,0.01288346011779371,7.713302766811102,4000.0,1.0,0.0,nan,nan,nan,nan,nan,nan,nan,nan,nan,nan,nan,nan,nan,nan,nan,nan,0.0,"[100, 100, 100, 300, 100]","[0.02320847092415302, 0.023459350966441188, 0.012529403736752532, 0.0011851168911863894, 0.004034958070435423]","[null, null, null, null, null]","[null, null, null, null, null]","[null, null, null, null, null]","[null, null, null, null, null]",,0.08826625830815892,0.05951476721867583,5.0,1.96
1a,5000,935505,neural-fore,neural-main-oracle-bellman,-12.53177846142973,-12.49708268962513,-12.586673112426368,0.08623052191190765,-12.666094512572469,-12.32807086667779,1.0,0.054894650996638816,0.08959042280123874,0.5779659684855805,0.5779659684855805,0.11029511948032344,0.10963242666070276,0.041026908128813766,nan,nan,0.35338147141355586,9.436990570469625,30.136834396328034,3280.254311735012,nan,nan,nan,nan,nan,nan,nan,nan,nan,180.0,0.005403405440145374,7.955904541851487,4000.0,1.0,0.0,nan,nan,nan,nan,nan,nan,nan,nan,nan,nan,nan,nan,nan,nan,nan,nan,0.0,"[300, 100, 300, 100, 100]","[0.0049427127499642644, 0.0020433278683517487, 0.003933419685921684, 0.014142021281446069, 0.001955545615043107]","[null, null, null, null, null]","[null, null, null, null, null]","[null, null, null, null, null]","[null, null, null, null, null]",,0.08623052191190765,0.0888653232079117,5.0,1.96
1a,5000,945505,neural-fore,neural-main-oracle-bellman,-12.597494814621056,-12.588532288951441,-12.586673112426368,0.0880239718410237,-12.761059273759848,-12.416005304143034,1.0,-0.010821702194688143,-0.0018591765250732806,0.5871756338138943,0.5871756338138943,0.10788356940463414,0.09084415097210516,0.0394071273363995,nan,nan,0.31995836776058567,9.242566480936887,30.56635498618381,3282.483949361035,nan,nan,nan,nan,nan,nan,nan,nan,nan,220.0,0.0038092780375852376,8.577927991584875,4000.0,1.0,0.0,nan,nan,nan,nan,nan,nan,nan,nan,nan,nan,nan,nan,nan,nan,nan,nan,0.0,"[300, 300, 100, 300, 100]","[0.00013425018809609443, 0.002750660314342298, 0.01058590474294301, 0.0, 0.005575574942544787]","[null, null, null, null, null]","[null, null, null, null, null]","[null, null, null, null, null]","[null, null, null, null, null]",,0.0880239718410237,0.0961655067958207,5.0,1.96
1a,5000,955505,neural-fore,neural-main-oracle-bellman,-12.745773915581053,-12.743998252780017,-12.586673112426368,0.09144444501946611,-12.92322936501817,-12.564767140541864,1.0,-0.15910080315468456,-0.15732514035364886,0.44043811063144467,0.44043811063144467,0.08102320258802352,0.07843064464367312,0.04169196664636922,nan,nan,0.2714103096014513,9.456553379644166,31.456942983419683,3187.4116607532765,nan,nan,nan,nan,nan,nan,nan,nan,nan,220.0,0.005709173192555796,8.874329524603672,4000.0,1.0,0.0,nan,nan,nan,nan,nan,nan,nan,nan,nan,nan,nan,nan,nan,nan,nan,nan,0.0,"[300, 300, 100, 100, 300]","[0.013440147313657502, 0.0008526827352041481, 0.002920666058726537, 0.005579004702630216, 0.005753365152560576]","[null, null, null, null, null]","[null, null, null, null, null]","[null, null, null, null, null]","[null, null, null, null, null]",,0.09144444501946611,0.05763575392367234,5.0,1.96
1a,5000,965505,neural-fore,neural-main-oracle-bellman,-12.569446136874102,-12.568053506336614,-12.586673112426368,0.08844072952592985,-12.741397336207436,-12.394709676465792,1.0,0.0172269755522656,0.01861960608975366,0.6599769122345953,0.6599769122345953,0.10662208281403732,0.09460093788226673,0.05719835913263203,nan,nan,0.34111222481786213,9.098203040178184,30.528664266664396,3239.821371307095,nan,nan,nan,nan,nan,nan,nan,nan,nan,140.0,0.010833996122723465,7.8843874834128655,4000.0,1.0,0.0,nan,nan,nan,nan,nan,nan,nan,nan,nan,nan,nan,nan,nan,nan,nan,nan,0.0,"[300, 100, 100, 100, 100]","[0.0, 0.01694492699912714, 0.011253765818738975, 0.0188240040389406, 0.007147283756810611]","[null, null, null, null, null]","[null, null, null, null, null]","[null, null, null, null, null]","[null, null, null, null, null]",,0.08844072952592985,0.07207332040094046,5.0,1.96
1a,5000,975505,neural-fore,neural-main-oracle-bellman,-12.531173007926698,-12.532684571466348,-12.586673112426368,0.08674181389320307,-12.702698526697025,-12.36267061623567,1.0,0.05550010449966969,0.05398854096002026,0.5500044679516825,0.5500044679516825,0.08835921497982553,0.07513898846573444,0.04644781076835892,nan,nan,0.3277422685118521,9.386394226929674,29.727335920660064,3297.0005193706716,nan,nan,nan,nan,nan,nan,nan,nan,nan,140.0,0.010277351077770414,7.524159433390014,4000.0,1.0,0.0,nan,nan,nan,nan,nan,nan,nan,nan,nan,nan,nan,nan,nan,nan,nan,nan,0.0,"[100, 300, 100, 100, 100]","[0.02023317360070781, 0.005079267618181986, 0.005283922770021655, 0.005117702711799231, 0.015672688688141388]","[null, null, null, null, null]","[null, null, null, null, null]","[null, null, null, null, null]","[null, null, null, null, null]",,0.08674181389320307,0.07633124613479252,5.0,1.96
1a,5000,985505,neural-fore,neural-main-oracle-bellman,-12.721591371327161,-12.754812100810739,-12.586673112426368,0.09272172040756332,-12.936546672809563,-12.573077528811915,1.0,-0.13491825890079312,-0.1681389883843707,0.8502466733108427,0.8502466733108427,0.10446043163526604,0.08814151060212268,0.034957510860251416,nan,nan,0.29661901527516193,8.920184946935997,31.475083113265764,3194.764742744873,nan,nan,nan,nan,nan,nan,nan,nan,nan,220.0,0.0034651479662800187,8.655385992210359,4000.0,1.0,0.0,nan,nan,nan,nan,nan,nan,nan,nan,nan,nan,nan,nan,nan,nan,nan,nan,0.0,"[300, 300, 100, 300, 100]","[0.0, 0.0, 0.004583342321722154, 0.006352674860101944, 0.006389722649575997]","[null, null, null, null, null]","[null, null, null, null, null]","[null, null, null, null, null]","[null, null, null, null, null]",,0.09272172040756332,0.11547482324930809,5.0,1.96
1a,5000,995505,neural-fore,neural-main-oracle-bellman,-12.671434524128225,-12.612325251603231,-12.586673112426368,0.08876296804433056,-12.786300668970119,-12.438349834236343,1.0,-0.08476141170185691,-0.02565213917686293,0.8590417252380262,0.8590417252380262,0.09289013965635007,0.08907474628059701,0.03203890896481331,nan,nan,0.2878579249835802,9.347006507837282,29.64452744716135,3273.042443438092,nan,nan,nan,nan,nan,nan,nan,nan,nan,220.0,0.009263037300064985,8.58360774142202,4000.0,1.0,0.0,nan,nan,nan,nan,nan,nan,nan,nan,nan,nan,nan,nan,nan,nan,nan,nan,0.0,"[300, 300, 100, 300, 100]","[0.0, 0.0, 0.030843278774205535, 0.003183290618792845, 0.012288617107326547]","[null, null, null, null, null]","[null, null, null, null, null]","[null, null, null, null, null]","[null, null, null, null, null]",,0.08876296804433056,0.12473979191378967,5.0,1.96
1a,5000,1005505,neural-fore,neural-main-oracle-bellman,-12.631502654161615,-12.638655901079092,-12.586673112426368,0.08949062746559973,-12.814057530911668,-12.463254271246516,1.0,-0.04482954173524689,-0.05198278865272421,0.639642963017165,0.639642963017165,0.09889544945731518,0.08523857319365219,0.028734063985376732,nan,nan,0.35495520010604337,9.280545471413664,31.664753336491668,3254.163926406793,nan,nan,nan,nan,nan,nan,nan,nan,nan,140.0,0.014447145434291587,7.264855500229169,4000.0,1.0,0.0,nan,nan,nan,nan,nan,nan,nan,nan,nan,nan,nan,nan,nan,nan,nan,nan,0.0,"[100, 100, 300, 100, 100]","[0.01026134957839768, 0.03176389709650881, 0.005036530887695343, 0.012732611581589861, 0.012441338027266234]","[null, null, null, null, null]","[null, null, null, null, null]","[null, null, null, null, null]","[null, null, null, null, null]",,0.08949062746559973,0.04513737410417132,5.0,1.96
1a,5000,1015505,neural-fore,neural-main-oracle-bellman,-12.628576723651276,-12.558788789488629,-12.586673112426368,0.08811867359161558,-12.731501389728196,-12.386076189249062,1.0,-0.04190361122490849,0.027884322937739014,0.4534534199191091,0.4534534199191091,0.07874926758242529,0.07177297717538787,0.04273614332385619,nan,nan,0.27185368760951023,9.36476204446133,31.325363235960065,3253.5456008532083,nan,nan,nan,nan,nan,nan,nan,nan,nan,180.0,0.008670713567522607,8.598812433425337,4000.0,1.0,0.0,nan,nan,nan,nan,nan,nan,nan,nan,nan,nan,nan,nan,nan,nan,nan,nan,0.0,"[300, 300, 100, 100, 100]","[0.004420653276063991, 0.0021252943233037204, 0.005092066459357868, 0.0215929028904083, 0.010122650888479153]","[null, null, null, null, null]","[null, null, null, null, null]","[null, null, null, null, null]","[null, null, null, null, null]",,0.08811867359161558,0.0977814688695372,5.0,1.96
1a,5000,1025505,neural-fore,neural-main-oracle-bellman,-12.587265214907774,-12.498302331796827,-12.586673112426368,0.08536425149704305,-12.665616264731032,-12.330988398862623,1.0,-0.0005921024814057319,0.08837078062954085,0.8002411729630385,0.8002411729630385,0.13096972761913447,0.10710858001620456,0.03913704548524651,nan,nan,0.24298722125158076,9.747736352833314,28.137067569862598,3321.655717941893,nan,nan,nan,nan,nan,nan,nan,nan,nan,220.0,0.006662769830553343,8.700145458232146,4000.0,1.0,0.0,nan,nan,nan,nan,nan,nan,nan,nan,nan,nan,nan,nan,nan,nan,nan,nan,0.0,"[300, 300, 100, 300, 100]","[0.0032998300227968136, 0.0050712350965060535, 0.009886140796983363, 0.003272838460667589, 0.011783804775812898]","[null, null, null, null, null]","[null, null, null, null, null]","[null, null, null, null, null]","[null, null, null, null, null]",,0.08536425149704305,0.10025494740192258,5.0,1.96
1a,5000,1035505,neural-fore,neural-main-oracle-bellman,-12.665839846432364,-12.67820458944694,-12.586673112426368,0.08820176111682827,-12.851080041235923,-12.505329137657958,1.0,-0.07916673400599628,-0.09153147702057218,0.8432805757410925,0.8432805757410925,0.13251796907085636,0.11658053621379236,0.04027734286425627,nan,nan,0.3600485184659329,9.460132700449062,28.033271141422695,3318.9877832100988,nan,nan,nan,nan,nan,nan,nan,nan,nan,140.0,0.00793630388805797,7.479536724428181,4000.0,1.0,0.0,nan,nan,nan,nan,nan,nan,nan,nan,nan,nan,nan,nan,nan,nan,nan,nan,0.0,"[300, 100, 100, 100, 100]","[0.0, 0.011293283882265043, 0.006850428053952961, 0.009920813983790376, 0.011616993520281465]","[null, null, null, null, null]","[null, null, null, null, null]","[null, null, null, null, null]","[null, null, null, null, null]",,0.08820176111682827,0.09957280602518655,5.0,1.96
1a,5000,1045505,neural-fore,neural-main-oracle-bellman,-12.625348284883405,-12.61973971334382,-12.586673112426368,0.08845129335963674,-12.793104248328708,-12.446375178358933,1.0,-0.038675172457036666,-0.033066600917452504,0.4319169557061592,0.4319169557061592,0.07976908699553317,0.06754629841256792,0.02726242929506989,nan,nan,0.3341947057993098,9.204896856598413,29.13750844924178,3267.661084351457,nan,nan,nan,nan,nan,nan,nan,nan,nan,180.0,0.007626956761796267,7.8782168248202655,4000.0,1.0,0.0,nan,nan,nan,nan,nan,nan,nan,nan,nan,nan,nan,nan,nan,nan,nan,nan,0.0,"[300, 100, 100, 100, 300]","[0.0, 0.005141335040551121, 0.025862380400138534, 0.005057293537557806, 0.0020737748307338775]","[null, null, null, null, null]","[null, null, null, null, null]","[null, null, null, null, null]","[null, null, null, null, null]",,0.08845129335963674,0.04059034253319221,5.0,1.96
1a,5000,1055505,neural-fore,neural-main-oracle-bellman,-12.61559432256773,-12.537290252755616,-12.586673112426368,0.08619009362547066,-12.706222836261539,-12.368357669249693,1.0,-0.028921210141362508,0.049382859670751955,0.4689653081290735,0.4689653081290735,0.08318174987791885,0.07119413582951888,0.04349642099461691,nan,nan,0.2606351811248199,9.505497683987254,29.259453909343947,3331.1477313544415,nan,nan,nan,nan,nan,nan,nan,nan,nan,180.0,0.005940006650668546,8.55368190817535,4000.0,1.0,0.0,nan,nan,nan,nan,nan,nan,nan,nan,nan,nan,nan,nan,nan,nan,nan,nan,0.0,"[100, 100, 100, 300, 300]","[0.0001294852490178941, 0.005824211884412353, 0.00653219660260263, 0.0072975382187871595, 0.00991660129852269]","[null, null, null, null, null]","[null, null, null, null, null]","[null, null, null, null, null]","[null, null, null, null, null]",,0.08619009362547066,0.03399652532018072,5.0,1.96
1a,5000,1065505,neural-fore,neural-main-oracle-bellman,-12.720409154148097,-12.68486675458489,-12.586673112426368,0.09009432045829342,-12.861451622683145,-12.508281886486635,1.0,-0.13373604172172904,-0.09819364215852211,0.393080646409808,0.393080646409808,0.09878043891266566,0.09201923492826047,0.038275038594582055,nan,nan,0.26234065299127557,9.160092806176479,29.594355328708467,3204.1922337925353,nan,nan,nan,nan,nan,nan,nan,nan,nan,220.0,0.00770381483637497,8.667721758410334,4000.0,1.0,0.0,nan,nan,nan,nan,nan,nan,nan,nan,nan,nan,nan,nan,nan,nan,nan,nan,0.0,"[300, 300, 300, 100, 100]","[0.005554762355672757, 0.001155980854848361, 0.0, 0.004797736634022895, 0.027010594337330832]","[null, null, null, null, null]","[null, null, null, null, null]","[null, null, null, null, null]","[null, null, null, null, null]",,0.09009432045829342,0.030068118048283746,5.0,1.96
1a,5000,1075505,neural-fore,neural-main-oracle-bellman,-12.682129329869788,-12.60444823333338,-12.586673112426368,0.08895831726679639,-12.778806535176301,-12.43008993149046,1.0,-0.09545621744342014,-0.01777512090701272,0.5870292344471008,0.5870292344471008,0.0950565829705102,0.07536057641129192,0.03360860873422534,nan,nan,0.2898376011643339,9.274999198660876,30.370333063722896,3210.5933346313177,nan,nan,nan,nan,nan,nan,nan,nan,nan,220.0,0.002425335132774638,8.762593508220743,4000.0,1.0,0.0,nan,nan,nan,nan,nan,nan,nan,nan,nan,nan,nan,nan,nan,nan,nan,nan,0.0,"[100, 300, 100, 300, 300]","[0.0016431790618813178, 0.0017909635026848055, 0.008692533099307067, 0.0, 0.0]","[null, null, null, null, null]","[null, null, null, null, null]","[null, null, null, null, null]","[null, null, null, null, null]",,0.08895831726679639,0.08696616007582886,5.0,1.96
1a,5000,1085505,neural-fore,neural-main-oracle-bellman,-12.838297248722851,-12.864528208614484,-12.586673112426368,0.09365100431465653,-13.04808417707121,-12.680972240157757,0.0,-0.25162413629648306,-0.2778550961881159,0.46316654636110666,0.46316654636110666,0.08480797960404962,0.07718537173282417,0.026350739446429433,nan,nan,0.31139000057194177,9.05350648211763,31.780798334925294,3154.92109509039,nan,nan,nan,nan,nan,nan,nan,nan,nan,140.0,0.011409813794960862,7.466551725228783,4000.0,1.0,0.0,nan,nan,nan,nan,nan,nan,nan,nan,nan,nan,nan,nan,nan,nan,nan,nan,0.0,"[100, 100, 300, 100, 100]","[0.005336387761957031, 0.02158982320395928, 0.006080648390019287, 0.007509163679030209, 0.01653304593983851]","[null, null, null, null, null]","[null, null, null, null, null]","[null, null, null, null, null]","[null, null, null, null, null]",,0.09365100431465653,0.059461003704435224,5.0,1.96
1a,5000,1095505,neural-fore,neural-main-oracle-bellman,-12.725919076972177,-12.701109364369762,-12.586673112426368,0.09299951142776584,-12.883388406768182,-12.518830321971341,1.0,-0.1392459645458093,-0.11443625194339369,0.6315128808610007,0.6315128808610007,0.08222889587067359,0.07282191815608668,0.045402032487472654,nan,nan,0.40952417992985646,8.954225291257238,33.41632519262775,3151.7950004498766,nan,nan,nan,nan,nan,nan,nan,nan,nan,100.0,0.003228698833358657,7.142109699419234,4000.0,1.0,0.0,nan,nan,nan,nan,nan,nan,nan,nan,nan,nan,nan,nan,nan,nan,nan,nan,0.0,"[100, 100, 100, 100, 100]","[0.0013613956330520852, 0.006827224109108654, 0.002650497078699383, 0.005304377345933163, 0.0]","[null, null, null, null, null]","[null, null, null, null, null]","[null, null, null, null, null]","[null, null, null, null, null]",,0.09299951142776584,0.13235889180982632,5.0,1.96
1a,5000,1105505,neural-fore,neural-main-oracle-bellman,-12.535067214853834,-12.45216207850909,-12.586673112426368,0.0856696309558581,-12.620074555182573,-12.284249601835608,1.0,0.051605897572533976,0.1345110339172777,0.5182587012323432,0.5182587012323432,0.10438513880936529,0.09306446845770247,0.035702913238849186,nan,nan,0.2485105769305589,9.518429512417347,30.176166110025353,3275.085703056765,nan,nan,nan,nan,nan,nan,nan,nan,nan,260.0,0.00785940714472386,9.580777382978704,4000.0,1.0,0.0,nan,nan,nan,nan,nan,nan,nan,nan,nan,nan,nan,nan,nan,nan,nan,nan,0.0,"[300, 300, 100, 300, 300]","[0.007840702202458113, 0.0017931609906299425, 0.028683238373620176, 0.0, 0.000979934156911073]","[null, null, null, null, null]","[null, null, null, null, null]","[null, null, null, null, null]","[null, null, null, null, null]",,0.0856696309558581,0.11753149640671576,5.0,1.96
1a,5000,1115505,neural-fore,neural-main-oracle-bellman,-12.59687820323997,-12.573196471327302,-12.586673112426368,0.09125623615714525,-12.752058694195307,-12.394334248459296,1.0,-0.01020509081360288,0.0134766410990661,0.7845482863400497,0.7845482863400497,0.08873679948284156,0.08445746825929457,0.031218820694296972,nan,nan,0.297486373648282,9.292757507691869,33.24300356742834,3152.580763326248,nan,nan,nan,nan,nan,nan,nan,nan,nan,180.0,0.00801029514681784,8.586356058809907,4000.0,1.0,0.0,nan,nan,nan,nan,nan,nan,nan,nan,nan,nan,nan,nan,nan,nan,nan,nan,0.0,"[300, 300, 100, 100, 100]","[0.007008829212734511, 0.004685900429153459, 0.0017416062333891176, 0.015352323922871672, 0.011262815935940437]","[null, null, null, null, null]","[null, null, null, null, null]","[null, null, null, null, null]","[null, null, null, null, null]",,0.09125623615714525,0.1100565523005445,5.0,1.96
1a,5000,1125505,neural-fore,neural-main-oracle-bellman,-12.66299102808283,-12.646091240139667,-12.586673112426368,0.0880919267847036,-12.818751416637685,-12.473431063641648,1.0,-0.07631791565646218,-0.059418127713298574,0.6012206669919823,0.6012206669919823,0.07944296857477029,0.07822759186207576,0.036340569284770266,nan,nan,0.36502644287896563,9.391540787638109,28.448002691864414,3319.4650899746484,nan,nan,nan,nan,nan,nan,nan,nan,nan,140.0,0.00655747725104201,7.740390249807388,4000.0,1.0000000000000002,0.0,nan,nan,nan,nan,nan,nan,nan,nan,nan,nan,nan,nan,nan,nan,nan,nan,0.0,"[100, 300, 100, 100, 100]","[0.005567201609818291, 0.0017471666279799247, 0.004459080519412679, 0.0033344323935669343, 0.01767950510443222]","[null, null, null, null, null]","[null, null, null, null, null]","[null, null, null, null, null]","[null, null, null, null, null]",,0.0880919267847036,0.10523730448059011,5.0,1.96
1a,5000,1135505,neural-fore,neural-main-oracle-bellman,-12.463715491262162,-12.481155207345829,-12.586673112426368,0.08399182112928047,-12.645779176759218,-12.31653123793244,1.0,0.12295762116420583,0.10551790508053926,0.6254373246388312,0.6254373246388312,0.08587393519452458,0.0795855843199575,0.03570576303727536,nan,nan,0.4433850729580742,9.519969065263773,29.821594400868058,3358.529987669552,nan,nan,nan,nan,nan,nan,nan,nan,nan,140.0,0.006026323601513883,8.066750024596695,4000.0,1.0,0.0,nan,nan,nan,nan,nan,nan,nan,nan,nan,nan,nan,nan,nan,nan,nan,nan,0.0,"[100, 100, 100, 100, 300]","[0.01163362215032074, 0.0037026171007384294, 0.0065232753029085405, 0.008272103453601708, 0.0]","[null, null, null, null, null]","[null, null, null, null, null]","[null, null, null, null, null]","[null, null, null, null, null]",,0.08399182112928047,0.08381600628203976,5.0,1.96
1a,5000,1145505,neural-fore,neural-main-oracle-bellman,-12.507854836636438,-12.492026265284563,-12.586673112426368,0.08465772986720345,-12.657955415824283,-12.326097114744844,1.0,0.07881827578992961,0.09464684714180471,0.5420960753771286,0.5420960753771286,0.08611085610386023,0.08218989846661322,0.030132662605255708,nan,nan,0.28496893086886904,9.530406999115428,29.713140044809194,3323.7770684817174,nan,nan,nan,nan,nan,nan,nan,nan,nan,220.0,0.005589609404847094,8.717615042009857,4000.0,1.0,0.0,nan,nan,nan,nan,nan,nan,nan,nan,nan,nan,nan,nan,nan,nan,nan,nan,0.0,"[100, 300, 300, 300, 100]","[0.00879253896182674, 0.0, 0.0036271708694311363, 0.002615384426852786, 0.01291295276612481]","[null, null, null, null, null]","[null, null, null, null, null]","[null, null, null, null, null]","[null, null, null, null, null]",,0.08465772986720345,0.09252588583072013,5.0,1.96
1a,5000,1155505,neural-fore,neural-main-oracle-bellman,-12.64501401269486,-12.601297685859652,-12.586673112426368,0.09257648707947168,-12.782747600535417,-12.419847771183887,1.0,-0.058340900268492035,-0.014624573433284382,0.6817099589452902,0.6817099589452902,0.11308953356078208,0.0973895768246175,0.03488259041042124,nan,nan,0.36727209468821015,9.160028990376082,31.109953521409256,3197.202321268362,nan,nan,nan,nan,nan,nan,nan,nan,nan,180.0,0.005620520315108986,8.824696966807824,4000.0,1.0,0.0,nan,nan,nan,nan,nan,nan,nan,nan,nan,nan,nan,nan,nan,nan,nan,nan,0.0,"[100, 300, 100, 100, 300]","[0.024839402733682053, 0.0, 0.0004419528819815487, 0.002821245959881331, 0.0]","[null, null, null, null, null]","[null, null, null, null, null]","[null, null, null, null, null]","[null, null, null, null, null]",,0.09257648707947168,0.12088096558094913,5.0,1.96
1a,5000,1165505,neural-fore,neural-main-oracle-bellman,-12.562276528414028,-12.508146909920901,-12.586673112426368,0.08304508597193752,-12.670915278425898,-12.345378541415904,1.0,0.024396584012340128,0.07852620250546671,0.5008165950170531,0.5008165950170531,0.1165572339074297,0.11078424718832784,0.03376589483656773,nan,nan,0.3593370185857804,9.704215173109965,28.788620112607262,3370.636637455899,nan,nan,nan,nan,nan,nan,nan,nan,nan,220.0,0.0028129477661748103,9.536751624790487,4000.0,1.0,0.0,nan,nan,nan,nan,nan,nan,nan,nan,nan,nan,nan,nan,nan,nan,nan,nan,0.0,"[100, 300, 300, 100, 300]","[0.00029548306845203964, 0.009791343255962114, 0.0006659905783884109, 0.0008586801121754761, 0.0024532418158960123]","[null, null, null, null, null]","[null, null, null, null, null]","[null, null, null, null, null]","[null, null, null, null, null]",,0.08304508597193752,0.09809414795237484,5.0,1.96
1a,5000,1175505,neural-fore,neural-main-oracle-bellman,-12.5419500280443,-12.531384325282147,-12.586673112426368,0.08673214036161238,-12.701379320390908,-12.361389330173386,1.0,0.044723084382068734,0.05528878714422092,0.645366506789071,0.645366506789071,0.10565617468966818,0.09963389646122087,0.05177291541591661,nan,nan,0.3859939906407621,9.185294582623364,28.258669170873645,3323.529740233858,nan,nan,nan,nan,nan,nan,nan,nan,nan,180.0,0.0038713370451508855,8.45516245762119,4000.0,1.0,0.0,nan,nan,nan,nan,nan,nan,nan,nan,nan,nan,nan,nan,nan,nan,nan,nan,0.0,"[100, 100, 300, 100, 300]","[0.00464462128197319, 0.0011715850256189557, 0.003552388161032128, 0.00835344202100314, 0.0016346487361270149]","[null, null, null, null, null]","[null, null, null, null, null]","[null, null, null, null, null]","[null, null, null, null, null]",,0.08673214036161238,0.07129102341269777,5.0,1.96
1a,5000,1185505,neural-fore,neural-main-oracle-bellman,-12.723960388928752,-12.634582862704384,-12.586673112426368,0.0898700665724833,-12.810728193186451,-12.458437532222318,1.0,-0.13728727650238426,-0.04790975027801636,0.9205422889710324,0.9205422889710324,0.12465601516659415,0.115860347629517,0.044810243708806756,nan,nan,0.38105121827785066,9.109498489325784,29.78101269231204,3317.424428895992,nan,nan,nan,nan,nan,nan,nan,nan,nan,180.0,0.008194758247824058,8.222820133029018,4000.0,1.0,0.0,nan,nan,nan,nan,nan,nan,nan,nan,nan,nan,nan,nan,nan,nan,nan,nan,0.0,"[100, 100, 100, 300, 300]","[0.004366169073993923, 0.009087964138779325, 0.0265102518837614, 0.0, 0.0010094061425856453]","[null, null, null, null, null]","[null, null, null, null, null]","[null, null, null, null, null]","[null, null, null, null, null]",,0.0898700665724833,0.10802090297533497,5.0,1.96
1a,5000,1195505,neural-fore,neural-main-oracle-bellman,-12.508124562695606,-12.51833479304795,-12.586673112426368,0.08494440062892017,-12.684825818280634,-12.351843767815266,1.0,0.07854854973076186,0.06833831937841772,0.43819317534487245,0.43819317534487245,0.07842231522429605,0.06290376199044614,0.030266886759890355,nan,nan,0.32977174981344826,9.443811156881946,30.64402762851067,3327.71637731555,nan,nan,nan,nan,nan,nan,nan,nan,nan,220.0,0.005374939815061578,9.384345499181654,4000.0,1.0,0.0,nan,nan,nan,nan,nan,nan,nan,nan,nan,nan,nan,nan,nan,nan,nan,nan,0.0,"[100, 100, 300, 300, 300]","[0.020857867404217363, 0.006016831671090525, 0.0, 0.0, 0.0]","[null, null, null, null, null]","[null, null, null, null, null]","[null, null, null, null, null]","[null, null, null, null, null]",,0.08494440062892017,0.05707780678142295,5.0,1.96
1a,5000,1205505,neural-fore,neural-main-oracle-bellman,-12.592603732989549,-12.520379234097938,-12.586673112426368,0.08734126988703197,-12.69156812307652,-12.349190345119355,1.0,-0.005930620563180611,0.06629387832843037,0.5400555835250671,0.5400555835250671,0.08657109747730382,0.07409274468420635,0.03361534138043708,nan,nan,0.22221126330296928,9.512738380654472,31.6641666147166,3210.5897498111644,nan,nan,nan,nan,nan,nan,nan,nan,nan,300.0,0.0024240165556171506,10.112887516629417,4000.0,1.0,0.0,nan,nan,nan,nan,nan,nan,nan,nan,nan,nan,nan,nan,nan,nan,nan,nan,0.0,"[300, 300, 300, 300, 300]","[0.0008820805716168868, 0.0, 0.0, 0.007690607628656579, 0.003547394577812287]","[null, null, null, null, null]","[null, null, null, null, null]","[null, null, null, null, null]","[null, null, null, null, null]",,0.08734126988703197,0.09290274673129434,5.0,1.96
1a,5000,1215505,neural-fore,neural-main-oracle-bellman,-12.630385550888803,-12.623430592675968,-12.586673112426368,0.0891760763025331,-12.798215702228934,-12.448645483123002,1.0,-0.04371243846243544,-0.036757480249599794,0.6054678881397866,0.6054678881397866,0.09702233027999829,0.08840788055493323,0.04269879598945899,nan,nan,0.28673830683599744,9.424074902414496,28.272999167201853,3309.200317554921,nan,nan,nan,nan,nan,nan,nan,nan,nan,140.0,0.006374510126001862,8.01987782502547,4000.0,1.0,0.0,nan,nan,nan,nan,nan,nan,nan,nan,nan,nan,nan,nan,nan,nan,nan,nan,0.0,"[100, 300, 100, 100, 100]","[0.005175125442952631, 0.004600892967442137, 0.004562053438941154, 0.0010650033126364277, 0.016469475468036957]","[null, null, null, null, null]","[null, null, null, null, null]","[null, null, null, null, null]","[null, null, null, null, null]",,0.0891760763025331,0.06971077114768466,5.0,1.96
1a,5000,1225505,neural-fore,neural-main-oracle-bellman,-12.611218253591652,-12.59120036271153,-12.586673112426368,0.08563488702818996,-12.759044741286782,-12.423355984136279,1.0,-0.024545141165283724,-0.004527250285162765,0.6576819560121867,0.6576819560121867,0.09552909739640424,0.08539633152358206,0.03653237006782311,nan,nan,0.24312454866934208,9.499014786456227,28.22854553671185,3346.886902534537,nan,nan,nan,nan,nan,nan,nan,nan,nan,220.0,0.004876455406410492,8.826741107983981,4000.0,1.0,0.0,nan,nan,nan,nan,nan,nan,nan,nan,nan,nan,nan,nan,nan,nan,nan,nan,0.0,"[300, 300, 300, 100, 100]","[0.0, 0.0016607378889302378, 0.0006186708791528092, 0.014259630513412625, 0.007843237750556785]","[null, null, null, null, null]","[null, null, null, null, null]","[null, null, null, null, null]","[null, null, null, null, null]",,0.08563488702818996,0.10620647315512112,5.0,1.96
1a,5000,1235505,neural-fore,neural-main-oracle-bellman,-12.450195682783121,-12.416184860386116,-12.586673112426368,0.0842844119697965,-12.581382307846917,-12.250987412925314,0.0,0.1364774296432465,0.17048825204025242,0.5370037331429119,0.5370037331429119,0.08443135707225521,0.07403905366905719,0.03009448168910522,nan,nan,0.40162827563662024,9.500965761948844,28.622190204842394,3369.354285259684,nan,nan,nan,nan,nan,nan,nan,nan,nan,140.0,0.008824281504392127,7.894886866386514,4000.0,1.0,0.0,nan,nan,nan,nan,nan,nan,nan,nan,nan,nan,nan,nan,nan,nan,nan,nan,0.0,"[100, 300, 100, 100, 100]","[0.00681889692138617, 0.0044399444783170495, 0.013022334985243215, 0.010864301697247943, 0.008975929439766253]","[null, null, null, null, null]","[null, null, null, null, null]","[null, null, null, null, null]","[null, null, null, null, null]",,0.0842844119697965,0.09044004483151213,5.0,1.96
1a,5000,1245505,neural-fore,neural-main-oracle-bellman,-12.681551355706219,-12.637050782254198,-12.586673112426368,0.08714800115354181,-12.80786086451514,-12.466240699993255,1.0,-0.09487824327985095,-0.05037766982782976,0.5204483141365805,0.5204483141365805,0.0860137807492088,0.07696171615799588,0.031075988402294145,nan,nan,0.3925375878840568,9.330369298954665,30.0514748366596,3278.0185374969415,nan,nan,nan,nan,nan,nan,nan,nan,nan,100.0,0.008459372149770685,7.131461066380143,4000.0,1.0,0.0,nan,nan,nan,nan,nan,nan,nan,nan,nan,nan,nan,nan,nan,nan,nan,nan,0.0,"[100, 100, 100, 100, 100]","[0.008718961852218243, 0.027837758055881363, 0.0, 0.002345753680825601, 0.0033943871599282182]","[null, null, null, null, null]","[null, null, null, null, null]","[null, null, null, null, null]","[null, null, null, null, null]",,0.08714800115354181,0.09656128726565165,5.0,1.96
1a,5000,1255505,neural-fore,neural-main-oracle-bellman,-12.651690743386784,-12.66206472492408,-12.586673112426368,0.09036067270700633,-12.839171643429813,-12.484957806418349,1.0,-0.06501763096041557,-0.07539161249771276,0.5347573684582515,0.5347573684582515,0.0856117307351796,0.07171040119348893,0.03643063995047588,nan,nan,0.36027459243722604,9.066274767953143,32.260093087865734,3218.6440539917635,nan,nan,nan,nan,nan,nan,nan,nan,nan,140.0,0.008443528712861265,7.516373958031181,4000.0,1.0,0.0,nan,nan,nan,nan,nan,nan,nan,nan,nan,nan,nan,nan,nan,nan,nan,nan,0.0,"[100, 100, 300, 100, 100]","[0.0025978934001072798, 0.022078135594061864, 0.0, 0.011146484711766255, 0.006395129858370922]","[null, null, null, null, null]","[null, null, null, null, null]","[null, null, null, null, null]","[null, null, null, null, null]",,0.09036067270700633,0.09551822390560834,5.0,1.96
1a,5000,1265505,neural-fore,neural-main-oracle-bellman,-12.595469642905691,-12.547186749879966,-12.586673112426368,0.08630772851004252,-12.716349897759649,-12.378023602000283,1.0,-0.00879653047932294,0.03948636254640192,0.4923627119019011,0.4923627119019011,0.11600860139426135,0.10608127340577478,0.032190055271232317,nan,nan,0.3759034821095311,9.368655810264762,31.364830266060224,3286.7432703629383,nan,nan,nan,nan,nan,nan,nan,nan,nan,140.0,0.007198568943842959,7.387540633394383,4000.0,1.0,0.0,nan,nan,nan,nan,nan,nan,nan,nan,nan,nan,nan,nan,nan,nan,nan,nan,0.0,"[100, 100, 100, 300, 100]","[0.0027247819255862885, 0.020021570363520626, 0.010106187768550488, 0.0, 0.0031403046615573987]","[null, null, null, null, null]","[null, null, null, null, null]","[null, null, null, null, null]","[null, null, null, null, null]",,0.08630772851004252,0.11241556594237642,5.0,1.96
1a,5000,1275505,neural-fore,neural-main-oracle-bellman,-12.476606294088823,-12.496402988654488,-12.586673112426368,0.08584596980111661,-12.664661089464676,-12.3281448878443,1.0,0.11006681833754506,0.09027012377188015,0.4924150188527328,0.4924150188527328,0.09699398011604281,0.090493168927211,0.038747877521340075,nan,nan,0.3845923085103882,9.16158318383522,29.184697700299292,3311.393810727425,nan,nan,nan,nan,nan,nan,nan,nan,nan,140.0,0.009238147693659996,7.991222366609145,4000.0,1.0,0.0,nan,nan,nan,nan,nan,nan,nan,nan,nan,nan,nan,nan,nan,nan,nan,nan,0.0,"[100, 100, 100, 300, 100]","[0.017208552060198848, 0.0, 0.017085847350763465, 0.0018232020297464283, 0.010073137027591236]","[null, null, null, null, null]","[null, null, null, null, null]","[null, null, null, null, null]","[null, null, null, null, null]",,0.08584596980111661,0.0688901884189751,5.0,1.96
1a,5000,1285505,neural-fore,neural-main-oracle-bellman,-12.828555239352479,-12.78721102665774,-12.586673112426368,0.09063483788226408,-12.964855308906978,-12.609566744408502,0.0,-0.24188212692611089,-0.20053791423137213,0.6653891921492425,0.6653891921492425,0.11389401498435188,0.08562656735713689,0.0444724924138972,nan,nan,0.37870617209125407,9.228057450731633,30.236873190358338,3264.374026374501,nan,nan,nan,nan,nan,nan,nan,nan,nan,180.0,0.011411135242451798,8.8303000416141,4000.0,1.0,0.0,nan,nan,nan,nan,nan,nan,nan,nan,nan,nan,nan,nan,nan,nan,nan,nan,0.0,"[300, 100, 300, 100, 100]","[0.0002672095904721623, 0.019441581671768435, 0.007853581035341528, 0.027439887947653847, 0.0020534159670230114]","[null, null, null, null, null]","[null, null, null, null, null]","[null, null, null, null, null]","[null, null, null, null, null]",,0.09063483788226408,0.06085505949630307,5.0,1.96
1a,5000,1295505,neural-fore,neural-main-oracle-bellman,-12.578325537189405,-12.598094469238655,-12.586673112426368,0.08898176512218461,-12.772498728878137,-12.423690209599172,1.0,0.008347575236962612,-0.011421356812286731,0.7554647288593481,0.7554647288593481,0.10879032462305349,0.09548481067163414,0.04734398955242707,nan,nan,0.2856994590795691,9.35676449898856,30.405630950490874,3264.371983649119,nan,nan,nan,nan,nan,nan,nan,nan,nan,180.0,0.002127593177495949,8.273130224982742,4000.0,1.0,0.0,nan,nan,nan,nan,nan,nan,nan,nan,nan,nan,nan,nan,nan,nan,nan,nan,0.0,"[100, 100, 300, 300, 100]","[0.0, 0.00428404549883712, 8.192985426209564e-05, 0.0, 0.006271990534380529]","[null, null, null, null, null]","[null, null, null, null, null]","[null, null, null, null, null]","[null, null, null, null, null]",,0.08898176512218461,0.1038042108375151,5.0,1.96
1a,5000,1305505,neural-fore,neural-main-oracle-bellman,-12.645818197940132,-12.575636152338909,-12.586673112426368,0.08528657639632264,-12.742797842075701,-12.408474462602117,1.0,-0.05914508551376407,0.011036960087459136,0.7092159607156627,0.7092159607156627,0.1105779920480724,0.10210381007633298,0.038076885638613514,nan,nan,0.34679252874354344,9.753406796092058,29.317349777912405,3338.4977380715586,nan,nan,nan,nan,nan,nan,nan,nan,nan,220.0,0.0062115219685677,8.272083266812842,4000.0,1.0,0.0,nan,nan,nan,nan,nan,nan,nan,nan,nan,nan,nan,nan,nan,nan,nan,nan,0.0,"[300, 100, 100, 300, 300]","[0.005573549819600057, 0.02374516822787407, 0.0017388917953643727, 0.0, 0.0]","[null, null, null, null, null]","[null, null, null, null, null]","[null, null, null, null, null]","[null, null, null, null, null]",,0.08528657639632264,0.08519900040406857,5.0,1.96
1a,5000,1315505,neural-fore,neural-main-oracle-bellman,-12.507928502331033,-12.509676103646866,-12.586673112426368,0.08195918187971896,-12.670316100131116,-12.349036107162616,1.0,0.07874461009533462,0.076997008779502,0.926487434364154,0.926487434364154,0.14572910561008293,0.14549245627403476,0.049500697327725475,nan,nan,0.3702696925314759,9.566867500873936,26.220512955514405,3421.5048296259397,nan,nan,nan,nan,nan,nan,nan,nan,nan,140.0,0.006014985623708499,8.074167849577497,4000.0,1.0,0.0,nan,nan,nan,nan,nan,nan,nan,nan,nan,nan,nan,nan,nan,nan,nan,nan,0.0,"[100, 100, 100, 300, 100]","[0.0019016448568224295, 0.014917992545485214, 0.005826633457355012, 0.002370378477807511, 0.0050582787810723295]","[null, null, null, null, null]","[null, null, null, null, null]","[null, null, null, null, null]","[null, null, null, null, null]",,0.08195918187971896,0.053051615115344224,5.0,1.96
1a,5000,1325505,neural-fore,neural-main-oracle-bellman,-12.462369802079275,-12.48139328373835,-12.586673112426368,0.08475962237425082,-12.647522143591882,-12.31526442388482,1.0,0.12430331034709319,0.10527982868801722,0.6298042432950683,0.6298042432950683,0.11214695635028582,0.09634604676954425,0.05397259961148738,nan,nan,0.32022696112666105,9.384245629943038,29.201417663293906,3322.03395795491,nan,nan,nan,nan,nan,nan,nan,nan,nan,180.0,0.0061615148068291745,8.898014400014654,4000.0,1.0,0.0,nan,nan,nan,nan,nan,nan,nan,nan,nan,nan,nan,nan,nan,nan,nan,nan,0.0,"[100, 300, 300, 100, 100]","[0.012971488233694591, 0.0024212857217321285, 0.0, 0.013967934160221827, 0.0014468659184973301]","[null, null, null, null, null]","[null, null, null, null, null]","[null, null, null, null, null]","[null, null, null, null, null]",,0.08475962237425082,0.08986812350651213,5.0,1.96
1a,5000,1335505,neural-fore,neural-main-oracle-bellman,-12.66681042342867,-12.55754712989795,-12.586673112426368,0.08763761127730543,-12.729316848001469,-12.38577741179443,1.0,-0.08013731100230181,0.02912598252841825,0.41985999645259875,0.41985999645259875,0.07771376250380208,0.06903084132370238,0.024987614231845024,nan,nan,0.3981324249639648,9.219944068880672,31.75715026157462,3264.0649725060002,nan,nan,nan,nan,nan,nan,nan,nan,nan,100.0,0.010147550621282156,6.792026600195095,4000.0,1.0,0.0,nan,nan,nan,nan,nan,nan,nan,nan,nan,nan,nan,nan,nan,nan,nan,nan,0.0,"[100, 100, 100, 100, 100]","[0.006026418959693413, 0.01444255767521512, 0.017555901536556777, 0.007415227951246048, 0.005297646983699413]","[null, null, null, null, null]","[null, null, null, null, null]","[null, null, null, null, null]","[null, null, null, null, null]",,0.08763761127730543,0.10172048335755729,5.0,1.96
1a,5000,1345505,neural-fore,neural-main-oracle-bellman,-12.707883034378362,-12.702152083357023,-12.586673112426368,0.08898976913345498,-12.876572030858593,-12.527732135855452,1.0,-0.1212099219519942,-0.11547897093065451,0.8087063283956418,0.8087063283956418,0.10332702345466534,0.09909128194436886,0.03756676488288735,nan,nan,0.22061721932227588,9.288882441909724,30.716482152352228,3201.6723704143847,nan,nan,nan,nan,nan,nan,nan,nan,nan,220.0,0.0018922231231562816,8.549180649977643,4000.0,1.0,0.0,nan,nan,nan,nan,nan,nan,nan,nan,nan,nan,nan,nan,nan,nan,nan,nan,0.0,"[300, 300, 100, 300, 100]","[0.0, 0.001903011500956695, 0.0034743266728238676, 0.003018719927139025, 0.001065057514861822]","[null, null, null, null, null]","[null, null, null, null, null]","[null, null, null, null, null]","[null, null, null, null, null]",,0.08898976913345498,0.0637853207172708,5.0,1.96
1a,5000,1355505,neural-fore,neural-main-oracle-bellman,-12.585368904076391,-12.630553951956486,-12.586673112426368,0.08853303326235896,-12.80407869715071,-12.457029206762263,1.0,0.0013042083499765766,-0.04388083953011801,0.6692126544769665,0.6692126544769665,0.08318228212827745,0.0774184228749224,0.04642549453102805,nan,nan,0.3201627553761834,9.128375006597794,30.91075243599709,3226.273780189659,nan,nan,nan,nan,nan,nan,nan,nan,nan,180.0,0.01174291721872831,8.693755066231825,4000.0,0.9999999999999998,0.0,nan,nan,nan,nan,nan,nan,nan,nan,nan,nan,nan,nan,nan,nan,nan,nan,0.0,"[100, 300, 300, 100, 100]","[0.0023594337119013714, 0.0, 0.0, 0.007090294786589945, 0.04926485759515024]","[null, null, null, null, null]","[null, null, null, null, null]","[null, null, null, null, null]","[null, null, null, null, null]",,0.08853303326235896,0.13008887488051082,5.0,1.96
1a,5000,1365505,neural-fore,neural-main-oracle-bellman,-12.532155914545449,-12.517209970839945,-12.586673112426368,0.0869583863343001,-12.687648408055173,-12.346771533624716,1.0,0.054517197880919355,0.0694631415864233,1.0047826908749922,1.0047826908749922,0.12608399347400842,0.12945708088363408,0.04498211328422374,nan,nan,0.3604779411731384,9.25632045688484,30.373171248255588,3276.489710751859,nan,nan,nan,nan,nan,nan,nan,nan,nan,100.0,0.005519842701532286,6.997553599975072,4000.0,1.0,0.0,nan,nan,nan,nan,nan,nan,nan,nan,nan,nan,nan,nan,nan,nan,nan,nan,0.0,"[100, 100, 100, 100, 100]","[0.004385587142980844, 0.0037331225504248374, 0.01086926580948581, 0.005174602796079356, 0.0034366352086905856]","[null, null, null, null, null]","[null, null, null, null, null]","[null, null, null, null, null]","[null, null, null, null, null]",,0.0869583863343001,0.08865060651306658,5.0,1.96
1a,5000,1375505,neural-fore,neural-main-oracle-bellman,-12.758572685417906,-12.742370989358182,-12.586673112426368,0.09223918932103688,-12.923159800427415,-12.56158217828895,1.0,-0.17189957299153846,-0.15569787693181425,0.5436195076582496,0.5436195076582496,0.07837195602660534,0.07160804108329555,0.02608830916140138,nan,nan,0.28763206221479315,9.356531574630392,32.74012432553746,3211.2433018356596,nan,nan,nan,nan,nan,nan,nan,nan,nan,180.0,0.007758132527536907,9.032068133412395,4000.0,1.0,0.0,nan,nan,nan,nan,nan,nan,nan,nan,nan,nan,nan,nan,nan,nan,nan,nan,0.0,"[100, 300, 100, 300, 100]","[0.00382904781056684, 0.004334345548792082, 0.012323081791313868, 0.0, 0.018304187487011743]","[null, null, null, null, null]","[null, null, null, null, null]","[null, null, null, null, null]","[null, null, null, null, null]",,0.09223918932103688,0.10004763150704726,5.0,1.96
1a,5000,1385505,neural-fore,neural-main-oracle-bellman,-12.69640844118501,-12.619462995338848,-12.586673112426368,0.08816935913292169,-12.792274939239375,-12.446651051438321,1.0,-0.10973532875864223,-0.032789882912480195,0.5577398384403753,0.5577398384403753,0.08643971466984016,0.06888680138915892,0.03178968321444058,nan,nan,0.29339075911535534,9.323622931476137,27.421450434507598,3283.4422613210277,nan,nan,nan,nan,nan,nan,nan,nan,nan,220.0,0.005632502577833184,8.541347950208001,4000.0,1.0,0.0,nan,nan,nan,nan,nan,nan,nan,nan,nan,nan,nan,nan,nan,nan,nan,nan,0.0,"[100, 100, 300, 300, 300]","[0.012766011466800798, 0.005314477293409214, 0.003546954696056044, 0.006535069432899865, 0.0]","[null, null, null, null, null]","[null, null, null, null, null]","[null, null, null, null, null]","[null, null, null, null, null]",,0.08816935913292169,0.07293636736345324,5.0,1.96
1a,5000,1395505,neural-fore,neural-main-oracle-bellman,-12.37570023131668,-12.371757492171705,-12.586673112426368,0.08209828599246816,-12.532670132716943,-12.210844851626467,0.0,0.21097288110968826,0.21491562025466315,0.6150504711437554,0.6150504711437554,0.09666041366627212,0.09672875693891499,0.04405585456658352,nan,nan,0.39221757012734704,9.389528239786333,28.36808888505132,3368.139231175562,nan,nan,nan,nan,nan,nan,nan,nan,nan,180.0,0.0061978158835106455,7.993066641804762,4000.0,1.0,0.0,nan,nan,nan,nan,nan,nan,nan,nan,nan,nan,nan,nan,nan,nan,nan,nan,0.0,"[300, 100, 100, 100, 300]","[0.0036079572177895535, 0.013992380659788733, 0.0026468517918549145, 0.00844483240843807, 0.002297057339681957]","[null, null, null, null, null]","[null, null, null, null, null]","[null, null, null, null, null]","[null, null, null, null, null]",,0.08209828599246816,0.11104260529647857,5.0,1.96
1a,5000,1405505,neural-fore,neural-main-oracle-bellman,-12.720072359049288,-12.72776447155037,-12.586673112426368,0.0921552106050483,-12.908388684336266,-12.547140258764475,1.0,-0.13339924662292013,-0.14109135912400284,0.7995714608122625,0.7995714608122625,0.1006449480868921,0.08824835294719481,0.029945566479131523,nan,nan,0.32199690030549366,9.169508051622692,31.665218121929733,3184.2514559470656,nan,nan,nan,nan,nan,nan,nan,nan,nan,180.0,0.005616209487967455,8.807740725378972,4000.0,1.0,0.0,nan,nan,nan,nan,nan,nan,nan,nan,nan,nan,nan,nan,nan,nan,nan,nan,0.0,"[100, 100, 100, 300, 300]","[0.013286455907419314, 0.0024842751194652725, 0.008059098658871057, 0.0005269286985561004, 0.0037242890555255295]","[null, null, null, null, null]","[null, null, null, null, null]","[null, null, null, null, null]","[null, null, null, null, null]",,0.0921552106050483,0.09293539014733355,5.0,1.96
1a,5000,1415505,neural-fore,neural-main-oracle-bellman,-12.648691683801928,-12.642568249615003,-12.586673112426368,0.08743243328894801,-12.81393581886134,-12.471200680368666,1.0,-0.06201857137556033,-0.05589513718863515,0.5433459789760546,0.5433459789760546,0.08938771898132394,0.08162677069970314,0.035578717954577545,nan,nan,0.23356113454907024,9.307233794150005,28.531485283091005,3232.6442491174694,nan,nan,nan,nan,nan,nan,nan,nan,nan,260.0,0.005074025908884569,10.044494133011904,4000.0,1.0,0.0,nan,nan,nan,nan,nan,nan,nan,nan,nan,nan,nan,nan,nan,nan,nan,nan,0.0,"[300, 300, 300, 300, 100]","[0.0066782257731018545, 0.001726135027907788, 0.006459636764619753, 0.0, 0.010506131978793453]","[null, null, null, null, null]","[null, null, null, null, null]","[null, null, null, null, null]","[null, null, null, null, null]",,0.08743243328894801,0.09134452493660218,5.0,1.96
1a,5000,1425505,neural-fore,neural-main-oracle-bellman,-12.494355844056578,-12.511580601959558,-12.586673112426368,0.08206024933103641,-12.672418690648389,-12.350742513270728,1.0,0.09231726836978993,0.07509251046680987,0.5879381025697242,0.5879381025697242,0.07934007227696882,0.07266264818498136,0.02829898244448928,nan,nan,0.31679836952087304,9.583152588948801,26.9646014931581,3392.0512206317244,nan,nan,nan,nan,nan,nan,nan,nan,nan,180.0,0.0029265802697030496,8.297693899378647,4000.0,1.0,0.0,nan,nan,nan,nan,nan,nan,nan,nan,nan,nan,nan,nan,nan,nan,nan,nan,0.0,"[300, 300, 100, 100, 100]","[0.0, 0.0, 0.004285017337312139, 0.0033387224119079554, 0.007009161599295155]","[null, null, null, null, null]","[null, null, null, null, null]","[null, null, null, null, null]","[null, null, null, null, null]",,0.08206024933103641,0.08395776200519545,5.0,1.96
1a,5000,1435505,neural-fore,neural-main-oracle-bellman,-12.534706550492562,-12.441109425817768,-12.586673112426368,0.08507466948459809,-12.607855778007579,-12.274363073627956,1.0,0.05196656193380633,0.1455636866086003,0.4955444990554512,0.4955444990554512,0.0662383224715275,0.0554999474631251,0.034904996792599695,nan,nan,0.3708233953432703,9.506840092192949,30.730459176253685,3286.673210451581,nan,nan,nan,nan,nan,nan,nan,nan,nan,140.0,0.007552212278615265,7.3741557913948785,4000.0,1.0,0.0,nan,nan,nan,nan,nan,nan,nan,nan,nan,nan,nan,nan,nan,nan,nan,nan,0.0,"[100, 100, 300, 100, 100]","[0.00562304418822131, 0.0, 0.0, 0.0018804617835996929, 0.030257555421255324]","[null, null, null, null, null]","[null, null, null, null, null]","[null, null, null, null, null]","[null, null, null, null, null]",,0.08507466948459809,0.06633491285079597,5.0,1.96
1a,5000,1445505,neural-fore,neural-main-oracle-bellman,-12.48835015909145,-12.438544713594759,-12.586673112426368,0.0833394324074655,-12.601890001113391,-12.275199426076126,1.0,0.09832295333491814,0.14812839883160933,0.563271933265179,0.563271933265179,0.07970317403533053,0.07635873120979955,0.033196398728314175,nan,nan,0.3494649513149747,9.68384874848823,29.40557347586455,3373.8233985048755,nan,nan,nan,nan,nan,nan,nan,nan,nan,180.0,0.004231762435366488,8.85090350836981,4000.0,1.0,0.0,nan,nan,nan,nan,nan,nan,nan,nan,nan,nan,nan,nan,nan,nan,nan,nan,0.0,"[300, 300, 100, 100, 100]","[0.0, 0.0017585236306482122, 0.006749170264083978, 0.009868643773034294, 0.002782474509065949]","[null, null, null, null, null]","[null, null, null, null, null]","[null, null, null, null, null]","[null, null, null, null, null]",,0.0833394324074655,0.15616434576185453,5.0,1.96
1a,5000,1455505,neural-fore,neural-main-oracle-bellman,-12.465274831491762,-12.421429693887779,-12.586673112426368,0.08223153750395384,-12.582603507395529,-12.26025588038003,0.0,0.12139828093460636,0.16524341853858893,0.5657289711568361,0.5657289711568361,0.07899336937534154,0.06936100072942304,0.052829186606076446,nan,nan,0.3085770084836894,9.503425747615726,27.319845712727528,3388.851591523948,nan,nan,nan,nan,nan,nan,nan,nan,nan,180.0,0.006870329321467782,8.370388524618466,4000.0,1.0,0.0,nan,nan,nan,nan,nan,nan,nan,nan,nan,nan,nan,nan,nan,nan,nan,nan,0.0,"[300, 300, 100, 100, 100]","[0.00520235079654675, 0.0, 0.006469933737550367, 0.009859683160426421, 0.01281967891281537]","[null, null, null, null, null]","[null, null, null, null, null]","[null, null, null, null, null]","[null, null, null, null, null]",,0.08223153750395384,0.07633499043766294,5.0,1.96
1a,5000,1465505,neural-fore,neural-main-oracle-bellman,-12.54914749604721,-12.537542957945977,-12.586673112426368,0.0837634043936049,-12.701719230557442,-12.373366685334512,1.0,0.03752561637915797,0.04913015448039104,0.6886721110950618,0.6886721110950618,0.08417160036467665,0.07970849434101722,0.03656604384597368,nan,nan,0.3117873418866465,9.470475369778118,28.07377300448362,3348.5621860868364,nan,nan,nan,nan,nan,nan,nan,nan,nan,140.0,0.005504897754473628,7.268991983169689,4000.0,1.0,0.0,nan,nan,nan,nan,nan,nan,nan,nan,nan,nan,nan,nan,nan,nan,nan,nan,0.0,"[100, 300, 100, 100, 100]","[0.01309909094293949, 0.002104454765352065, 0.0066701724422920305, 0.00036090266334902574, 0.00528986795843553]","[null, null, null, null, null]","[null, null, null, null, null]","[null, null, null, null, null]","[null, null, null, null, null]",,0.0837634043936049,0.08584807715475745,5.0,1.96
1a,5000,1475505,neural-fore,neural-main-oracle-bellman,-12.630466728591855,-12.645976315396556,-12.586673112426368,0.08919768456570405,-12.820803777145336,-12.471148853647776,1.0,-0.04379361616548749,-0.059303202970188096,0.5179368695694944,0.5179368695694944,0.1231828012189298,0.12663189097464286,0.03661742823332679,nan,nan,0.3476849935178457,9.222165305937668,32.30410128941862,3219.8435182149956,nan,nan,nan,nan,nan,nan,nan,nan,nan,140.0,0.006548211126018918,7.22497301743133,4000.0,1.0,0.0,nan,nan,nan,nan,nan,nan,nan,nan,nan,nan,nan,nan,nan,nan,nan,nan,0.0,"[100, 300, 100, 100, 100]","[0.00833034473387504, 0.0025359054212659203, 0.004948153244232084, 0.015227166982285973, 0.0016994852484355748]","[null, null, null, null, null]","[null, null, null, null, null]","[null, null, null, null, null]","[null, null, null, null, null]",,0.08919768456570405,0.05436946983940272,5.0,1.96
1a,5000,1485505,neural-fore,neural-main-oracle-bellman,-12.65647321849124,-12.608105783705854,-12.586673112426368,0.09043092738691211,-12.785350401384202,-12.430861166027507,1.0,-0.06980010606487141,-0.021432671279486115,0.828301381032064,0.828301381032064,0.10371136703473419,0.09742257990354818,0.037129094423020904,nan,nan,0.29167714286264956,9.175591805532042,32.010882511648475,3196.740629676634,nan,nan,nan,nan,nan,nan,nan,nan,nan,180.0,0.014413799700484101,8.72712542458903,4000.0,1.0,0.0,nan,nan,nan,nan,nan,nan,nan,nan,nan,nan,nan,nan,nan,nan,nan,nan,0.0,"[100, 100, 300, 100, 300]","[0.05474632781684828, 0.0020822832230160734, 0.0, 0.012367756564129825, 0.002872630898426316]","[null, null, null, null, null]","[null, null, null, null, null]","[null, null, null, null, null]","[null, null, null, null, null]",,0.09043092738691211,0.07944341177102038,5.0,1.96
1a,5000,1495505,neural-fore,neural-main-oracle-bellman,-12.660754035071626,-12.640092943883076,-12.586673112426368,0.08863194966268785,-12.813811565221943,-12.466374322544208,1.0,-0.07408092264525834,-0.05341983145670781,0.5751282253661384,0.5751282253661384,0.08776983629931381,0.07494243207390092,0.034004917409959964,nan,nan,0.4711215349786638,9.276911916603755,30.194679154929588,3295.5467882634384,nan,nan,nan,nan,nan,nan,nan,nan,nan,100.0,0.007358847210770003,7.228164841607213,4000.0,1.0,0.0,nan,nan,nan,nan,nan,nan,nan,nan,nan,nan,nan,nan,nan,nan,nan,nan,0.0,"[100, 100, 100, 100, 100]","[0.0017689098545560077, 0.008112051774845403, 0.007581445039046133, 0.00993800569710736, 0.009393823688295111]","[null, null, null, null, null]","[null, null, null, null, null]","[null, null, null, null, null]","[null, null, null, null, null]",,0.08863194966268785,0.08184210225263082,5.0,1.96
1a,5000,1505505,neural-fore,neural-main-oracle-bellman,-12.506270022751766,-12.404514155287236,-12.586673112426368,0.08569465002018112,-12.572475669326792,-12.23655264124768,0.0,0.08040308967460241,0.18215895713913177,0.5059954978952794,0.5059954978952794,0.09714791125223331,0.08907089778522503,0.040062953758357694,nan,nan,0.28535167866331834,9.174901171816284,29.417178238019023,3276.2567913836997,nan,nan,nan,nan,nan,nan,nan,nan,nan,180.0,0.003421167535606201,7.873320200189482,4000.0,1.0,0.0,nan,nan,nan,nan,nan,nan,nan,nan,nan,nan,nan,nan,nan,nan,nan,nan,0.0,"[100, 300, 100, 300, 100]","[0.0004352620863508097, 0.0, 0.014276472290547718, 0.0, 0.002394103301132477]","[null, null, null, null, null]","[null, null, null, null, null]","[null, null, null, null, null]","[null, null, null, null, null]",,0.08569465002018112,0.09538563520403524,5.0,1.96
1a,5000,1515505,neural-fore,neural-main-oracle-bellman,-12.635834971308627,-12.627511346960757,-12.586673112426368,0.08820110409175781,-12.800385510980602,-12.454637182940912,1.0,-0.049161858882259324,-0.04083823453438917,1.0952765039269299,1.0952765039269299,0.131445734666597,0.1175542920441989,0.040588739208395286,nan,nan,0.35266357228703094,9.307491185666397,30.643211550620467,3279.113596443583,nan,nan,nan,nan,nan,nan,nan,nan,nan,180.0,0.0027392857350208247,7.875221650209278,4000.0,1.0,0.0,nan,nan,nan,nan,nan,nan,nan,nan,nan,nan,nan,nan,nan,nan,nan,nan,0.0,"[100, 300, 100, 300, 100]","[0.005423816882091988, 0.000993467308785332, 0.0038484469864355263, 0.0, 0.003430697497791278]","[null, null, null, null, null]","[null, null, null, null, null]","[null, null, null, null, null]","[null, null, null, null, null]",,0.08820110409175781,0.11766877616669874,5.0,1.96
1a,5000,1525505,neural-fore,neural-main-oracle-bellman,-12.641589137920862,-12.624149276286351,-12.586673112426368,0.08711569736199418,-12.794896043115859,-12.453402509456843,1.0,-0.054916025494494036,-0.0374761638599832,0.6449322013531471,0.6449322013531471,0.08227621399623544,0.07511525208480765,0.029528483285544548,nan,nan,0.4116811808498824,9.45329537124963,27.213377057446834,3350.812715090228,nan,nan,nan,nan,nan,nan,nan,nan,nan,100.0,0.007476502443267845,7.141544958564919,4000.0,1.0,0.0,nan,nan,nan,nan,nan,nan,nan,nan,nan,nan,nan,nan,nan,nan,nan,nan,0.0,"[100, 100, 100, 100, 100]","[0.011658080801049239, 0.017635838056059373, 0.0010799854079678569, 0.005304742363151417, 0.0017038655881113358]","[null, null, null, null, null]","[null, null, null, null, null]","[null, null, null, null, null]","[null, null, null, null, null]",,0.08711569736199418,0.07250348116960131,5.0,1.96
1a,5000,1535505,neural-fore,neural-main-oracle-bellman,-12.50270894180809,-12.472086287619462,-12.586673112426368,0.08535472822601527,-12.639381554942451,-12.304791020296472,1.0,0.08396417061827854,0.1145868248069064,0.8307553232895977,0.8307553232895977,0.11350968409771992,0.10113386707650736,0.03363594136258952,nan,nan,0.37500156536342616,9.434762571471548,30.61139311853661,3297.7995968047007,nan,nan,nan,nan,nan,nan,nan,nan,nan,140.0,0.010260087212800736,7.689971483196132,4000.0,1.0000000000000002,0.0,nan,nan,nan,nan,nan,nan,nan,nan,nan,nan,nan,nan,nan,nan,nan,nan,0.0,"[300, 100, 100, 100, 100]","[0.010872318019692462, 0.006806017813208205, 0.02515156290903093, 0.008470537322072088, 0.0]","[null, null, null, null, null]","[null, null, null, null, null]","[null, null, null, null, null]","[null, null, null, null, null]",,0.08535472822601527,0.06522007606477316,5.0,1.96
1a,5000,1545505,neural-fore,neural-main-oracle-bellman,-12.675261201732459,-12.64036294434336,-12.586673112426368,0.08999586304639794,-12.8167548359143,-12.46397105277242,1.0,-0.08858808930609108,-0.0536898319169925,0.41773615571879424,0.41773615571879424,0.07485814040664578,0.072236141422045,0.04208549037150542,nan,nan,0.2240330911773345,9.220478148003695,30.061980378917433,3200.4485985282504,nan,nan,nan,nan,nan,nan,nan,nan,nan,260.0,0.007032228126866191,9.11763404100202,4000.0,1.0,0.0,nan,nan,nan,nan,nan,nan,nan,nan,nan,nan,nan,nan,nan,nan,nan,nan,0.0,"[300, 100, 300, 300, 300]","[0.0024029460884248386, 0.016374246219419946, 0.01036921793008971, 0.002085986330664858, 0.003928744065731605]","[null, null, null, null, null]","[null, null, null, null, null]","[null, null, null, null, null]","[null, null, null, null, null]",,0.08999586304639794,0.0699147889099991,5.0,1.96
1a,5000,1555505,neural-fore,neural-main-oracle-bellman,-12.780296273497388,-12.768704692501496,-12.586673112426368,0.09305937229793841,-12.951101062205455,-12.586308322797537,1.0,-0.19362316107102018,-0.18203158007512776,0.4250927187273527,0.4250927187273527,0.07847178860690966,0.07404429583211605,0.03146708670783836,nan,nan,0.24984272386707365,9.187901434659787,31.394732129688574,3134.550233504559,nan,nan,nan,nan,nan,nan,nan,nan,nan,220.0,0.0067675084131290225,8.639115683629644,4000.0,1.0,0.0,nan,nan,nan,nan,nan,nan,nan,nan,nan,nan,nan,nan,nan,nan,nan,nan,0.0,"[100, 300, 300, 100, 300]","[0.015181512408206112, 0.010165473416980052, 0.0007086792904442648, 0.007781876950014681, 0.0]","[null, null, null, null, null]","[null, null, null, null, null]","[null, null, null, null, null]","[null, null, null, null, null]",,0.09305937229793841,0.09472876277780269,5.0,1.96
1a,5000,1565505,neural-fore,neural-main-oracle-bellman,-12.679920681636304,-12.669272259017962,-12.586673112426368,0.08947117966555133,-12.844635771162443,-12.493908746873482,1.0,-0.09324756920993593,-0.08259914659159406,0.5822698561032084,0.5822698561032084,0.10212898350161159,0.08089181481702927,0.028017876667048216,nan,nan,0.33313692356685576,9.304173193096602,31.22402207490058,3254.0453533318487,nan,nan,nan,nan,nan,nan,nan,nan,nan,140.0,0.008970140001896084,7.776278775034006,4000.0,1.0,0.0,nan,nan,nan,nan,nan,nan,nan,nan,nan,nan,nan,nan,nan,nan,nan,nan,0.0,"[100, 100, 100, 300, 100]","[0.03243933158984798, 0.006438216894775582, 0.0014388244462765854, 0.0, 0.004534327078580272]","[null, null, null, null, null]","[null, null, null, null, null]","[null, null, null, null, null]","[null, null, null, null, null]",,0.08947117966555133,0.10340025606983429,5.0,1.96
1a,5000,1575505,neural-fore,neural-main-oracle-bellman,-12.612934412966576,-12.634869426784682,-12.586673112426368,0.08869230656316222,-12.80870634764848,-12.461032505920885,1.0,-0.0262613005402077,-0.048196314358314396,0.801333798478119,0.801333798478119,0.10749048226214375,0.09511641829081599,0.030066446780602798,nan,nan,0.3101597612367512,9.271418141149278,32.071295717624615,3240.683562824039,nan,nan,nan,nan,nan,nan,nan,nan,nan,140.0,0.007853226432683979,7.688857241580263,4000.0,1.0,0.0,nan,nan,nan,nan,nan,nan,nan,nan,nan,nan,nan,nan,nan,nan,nan,nan,0.0,"[100, 100, 100, 100, 300]","[0.0107861480638851, 0.008325130103108798, 0.015570486104383626, 0.004584367892042369, 0.0]","[null, null, null, null, null]","[null, null, null, null, null]","[null, null, null, null, null]","[null, null, null, null, null]",,0.08869230656316222,0.10478767891633663,5.0,1.96
1a,5000,1585505,neural-fore,neural-main-oracle-bellman,-12.70741202111447,-12.756946719440357,-12.586673112426368,0.09227813997903059,-12.937811873799257,-12.576081565081457,1.0,-0.12073890868810189,-0.1702736070139892,0.7995053549213824,0.7995053549213824,0.1190470063622916,0.11905413051157962,0.0404090313847226,nan,nan,0.3278065555172933,8.945856033853413,33.07427100681364,3201.3723081107455,nan,nan,nan,nan,nan,nan,nan,nan,nan,180.0,0.003629629773779567,7.952642791799735,4000.0,1.0,0.0,nan,nan,nan,nan,nan,nan,nan,nan,nan,nan,nan,nan,nan,nan,nan,nan,0.0,"[100, 100, 300, 100, 300]","[0.006246043130441456, 0.009185415548297408, 0.0, 0.002716690190158972, 0.0]","[null, null, null, null, null]","[null, null, null, null, null]","[null, null, null, null, null]","[null, null, null, null, null]",,0.09227813997903059,0.1216482183391236,5.0,1.96
1a,5000,1595505,neural-fore,neural-main-oracle-bellman,-12.602939669445824,-12.554620011536725,-12.586673112426368,0.0860608886392279,-12.723299353269612,-12.385940669803839,1.0,-0.01626655701945623,0.03205310088964275,0.39262409943215965,0.39262409943215965,0.06953399873303506,0.0593545636652827,0.031873911373197054,nan,nan,0.24241555335335507,9.390641711508968,29.090507350962824,3270.183521490514,nan,nan,nan,nan,nan,nan,nan,nan,nan,180.0,0.0057339598773466696,7.9400720168370755,4000.0,1.0,0.0,nan,nan,nan,nan,nan,nan,nan,nan,nan,nan,nan,nan,nan,nan,nan,nan,0.0,"[100, 100, 300, 100, 300]","[0.00881417787658164, 0.005667046320390652, 0.0, 0.010679093425818159, 0.003509481763942898]","[null, null, null, null, null]","[null, null, null, null, null]","[null, null, null, null, null]","[null, null, null, null, null]",,0.0860608886392279,0.0658617428001498,5.0,1.96
1a,5000,1605505,neural-fore,neural-main-oracle-bellman,-12.775560318350125,-12.768555288129951,-12.586673112426368,0.09230207568145368,-12.9494673564656,-12.587643219794302,0.0,-0.1888872059237574,-0.18188217570358312,0.5862043746078601,0.5862043746078601,0.11039345613336116,0.09584786325569665,0.030942676482380287,nan,nan,0.25899114492827374,9.073489483986162,29.6647151595709,3179.0239064952025,nan,nan,nan,nan,nan,nan,nan,nan,nan,220.0,0.002991133266538147,9.284322708181572,4000.0,1.0,0.0,nan,nan,nan,nan,nan,nan,nan,nan,nan,nan,nan,nan,nan,nan,nan,nan,0.0,"[100, 300, 100, 300, 300]","[0.002072959014383028, 0.0, 0.011491234167250043, 0.0011896346437315676, 0.0002018385073260949]","[null, null, null, null, null]","[null, null, null, null, null]","[null, null, null, null, null]","[null, null, null, null, null]",,0.09230207568145368,0.03055164937524231,5.0,1.96
1a,5000,1615505,neural-fore,neural-main-oracle-bellman,-12.637354086012207,-12.554895756691863,-12.586673112426368,0.08632095466709686,-12.724084827839373,-12.385706685544353,1.0,-0.05068097358583934,0.03177735573450491,0.4573639601491705,0.4573639601491705,0.10459241087390306,0.09364636300748139,0.0336702327687014,nan,nan,0.22014024632260648,9.783665041032414,29.011100278690492,3265.99783387692,nan,nan,nan,nan,nan,nan,nan,nan,nan,300.0,0.004230614437760636,10.227261017006821,4000.0,1.0,0.0,nan,nan,nan,nan,nan,nan,nan,nan,nan,nan,nan,nan,nan,nan,nan,nan,0.0,"[300, 300, 300, 300, 300]","[0.0137814976762518, 0.0, 0.0, 0.00645014418312446, 0.0009214303294269203]","[null, null, null, null, null]","[null, null, null, null, null]","[null, null, null, null, null]","[null, null, null, null, null]",,0.08632095466709686,0.06260796144494618,5.0,1.96
1a,5000,1625505,neural-fore,neural-main-oracle-bellman,-12.746495368556687,-12.715909871029002,-12.586673112426368,0.09066281836768054,-12.893608995029656,-12.538210747028348,1.0,-0.15982225613031886,-0.12923675860263373,0.5152493503348675,0.5152493503348675,0.0958405242208847,0.09348975080392027,0.042141222052011304,nan,nan,0.3947544897186716,9.311667055831393,29.98527252489294,3256.6100564503945,nan,nan,nan,nan,nan,nan,nan,nan,nan,180.0,0.002534983111975177,7.88651998321293,4000.0,1.0,0.0,nan,nan,nan,nan,nan,nan,nan,nan,nan,nan,nan,nan,nan,nan,nan,nan,0.0,"[100, 100, 300, 100, 300]","[0.005190910869052223, 0.0036628693443293086, 0.0005401123505205017, 0.0032810229959738513, 0.0]","[null, null, null, null, null]","[null, null, null, null, null]","[null, null, null, null, null]","[null, null, null, null, null]",,0.09066281836768054,0.10181358907107618,5.0,1.96
1a,5000,1635505,neural-fore,neural-main-oracle-bellman,-12.60617178952786,-12.58751725275514,-12.586673112426368,0.08854666716951282,-12.761068720407385,-12.413965785102894,1.0,-0.01949867710149178,-0.0008441403287715588,0.7413390963834613,0.7413390963834613,0.10033176503517045,0.08510746849126924,0.05200381667860406,nan,nan,0.19974337419524052,9.545745542385337,28.88671830910419,3208.7397278643098,nan,nan,nan,nan,nan,nan,nan,nan,nan,300.0,0.005046350081643769,9.98004865021212,4000.0,1.0,0.0,nan,nan,nan,nan,nan,nan,nan,nan,nan,nan,nan,nan,nan,nan,nan,nan,0.0,"[300, 300, 300, 300, 300]","[0.005613572041412756, 0.0024867265589807214, 0.006005507589973771, 0.0035374314664636222, 0.007588512751387975]","[null, null, null, null, null]","[null, null, null, null, null]","[null, null, null, null, null]","[null, null, null, null, null]",,0.08854666716951282,0.09155859305930099,5.0,1.96
1a,5000,1645505,neural-fore,neural-main-oracle-bellman,-12.572774196809943,-12.554669584917503,-12.586673112426368,0.08978041612297555,-12.730639200518535,-12.378699969316472,1.0,0.013898915616424645,0.03200352750886459,0.48641209528687845,0.48641209528687845,0.08599878740366322,0.08235343696516788,0.032582035186819305,nan,nan,0.2911601975839139,9.344678775857506,31.92647246122111,3222.586858308831,nan,nan,nan,nan,nan,nan,nan,nan,nan,140.0,0.00868975383835154,7.747173025587108,4000.0,1.0,0.0,nan,nan,nan,nan,nan,nan,nan,nan,nan,nan,nan,nan,nan,nan,nan,nan,0.0,"[100, 100, 100, 100, 300]","[0.002006565372552378, 0.0027132839367372493, 0.029316488194329957, 0.0026143379230802854, 0.006798093765057833]","[null, null, null, null, null]","[null, null, null, null, null]","[null, null, null, null, null]","[null, null, null, null, null]",,0.08978041612297555,0.024637066123700858,5.0,1.96
1a,5000,1655505,neural-fore,neural-main-oracle-bellman,-12.631437954033053,-12.6309830075829,-12.586673112426368,0.09095180751186052,-12.809248550306148,-12.452717464859653,1.0,-0.04476484160668548,-0.044309895156532164,0.835657800509636,0.835657800509636,0.1248671349146924,0.10098632223477629,0.04049282575319339,nan,nan,0.2393147286322964,9.013360378953628,30.94404947851074,3182.057371871063,nan,nan,nan,nan,nan,nan,nan,nan,nan,220.0,0.005857229711638162,8.946972266957165,4000.0,1.0,0.0,nan,nan,nan,nan,nan,nan,nan,nan,nan,nan,nan,nan,nan,nan,nan,nan,0.0,"[100, 300, 300, 100, 300]","[0.01175742015456193, 0.0, 0.003976511781633507, 0.013552216621995374, 0.0]","[null, null, null, null, null]","[null, null, null, null, null]","[null, null, null, null, null]","[null, null, null, null, null]",,0.09095180751186052,0.14550105593165166,5.0,1.96
1a,5000,1665505,neural-fore,neural-main-oracle-bellman,-12.64518675485848,-12.605401640251161,-12.586673112426368,0.0897092991659717,-12.781231866616466,-12.429571413885856,1.0,-0.058513642432112434,-0.018728527824793062,0.515643877606845,0.515643877606845,0.08192082100633538,0.06952793214026806,0.05341840526675754,nan,nan,0.30310592817022075,9.15665197364497,31.793054094996027,3219.286232298137,nan,nan,nan,nan,nan,nan,nan,nan,nan,180.0,0.005739668494383496,8.03747346616583,4000.0,1.0,0.0,nan,nan,nan,nan,nan,nan,nan,nan,nan,nan,nan,nan,nan,nan,nan,nan,0.0,"[100, 100, 300, 100, 300]","[0.01392767557594004, 0.0036702850203119957, 0.0, 0.005534603501169265, 0.005565778374496179]","[null, null, null, null, null]","[null, null, null, null, null]","[null, null, null, null, null]","[null, null, null, null, null]",,0.0897092991659717,0.07407744329186014,5.0,1.96
1a,5000,1675505,neural-fore,neural-main-oracle-bellman,-12.6239418436131,-12.623279603693605,-12.586673112426368,0.09229393828471405,-12.804175722731644,-12.442383484655567,1.0,-0.037268731186731685,-0.03660649126723747,0.5737203386295789,0.5737203386295789,0.08941578350253829,0.06368908774059798,0.05889938907971587,nan,nan,0.2444394285513216,9.060895823773766,33.63817123570811,3100.7712362291063,nan,nan,nan,nan,nan,nan,nan,nan,nan,220.0,0.003994389666545442,8.873048116790596,4000.0,1.0,0.0,nan,nan,nan,nan,nan,nan,nan,nan,nan,nan,nan,nan,nan,nan,nan,nan,0.0,"[300, 300, 100, 300, 100]","[0.0035860629506308476, 0.002915398274763877, 0.006365517918809027, 0.0016545460110989653, 0.005450423177424493]","[null, null, null, null, null]","[null, null, null, null, null]","[null, null, null, null, null]","[null, null, null, null, null]",,0.09229393828471405,0.029049261863164335,5.0,1.96
1a,5000,1685505,neural-fore,neural-main-oracle-bellman,-12.651575333005658,-12.587586314683637,-12.586673112426368,0.08793454628790151,-12.759938025407925,-12.41523460395935,1.0,-0.06490222057928996,-0.0009132022572693188,0.5961158702000804,0.5961158702000804,0.08508103370190619,0.07298178564640148,0.047822773434677196,nan,nan,0.25748410065342353,9.267387090905824,30.000638334359937,3265.757586098534,nan,nan,nan,nan,nan,nan,nan,nan,nan,180.0,0.011034780363403619,8.42808127515018,4000.0,1.0,0.0,nan,nan,nan,nan,nan,nan,nan,nan,nan,nan,nan,nan,nan,nan,nan,nan,0.0,"[300, 300, 100, 100, 100]","[0.003814714534720813, 0.004487458299090172, 0.0, 0.04384872175640381, 0.0030230072268033026]","[null, null, null, null, null]","[null, null, null, null, null]","[null, null, null, null, null]","[null, null, null, null, null]",,0.08793454628790151,0.08438345497836636,5.0,1.96
1a,5000,1695505,neural-fore,neural-main-oracle-bellman,-12.71093191127757,-12.694128576458397,-12.586673112426368,0.09097741895865953,-12.872444317617369,-12.515812835299425,1.0,-0.12425879885120139,-0.10745546403202866,0.4958543013029906,0.4958543013029906,0.08572284456168,0.07792379837228347,0.038788589043002926,nan,nan,0.28179212880350235,9.152513192275599,30.274441051357392,3196.6100748853814,nan,nan,nan,nan,nan,nan,nan,nan,nan,180.0,0.010148108977797514,8.685521516005974,4000.0,1.0,0.0,nan,nan,nan,nan,nan,nan,nan,nan,nan,nan,nan,nan,nan,nan,nan,nan,0.0,"[100, 100, 300, 300, 100]","[0.011408809845045846, 0.0033349753521862953, 0.004987846509921836, 0.0, 0.03100891318183359]","[null, null, null, null, null]","[null, null, null, null, null]","[null, null, null, null, null]","[null, null, null, null, null]",,0.09097741895865953,0.08048586353268841,5.0,1.96
1a,5000,1705505,neural-fore,neural-main-oracle-bellman,-12.587787202458879,-12.578513648181302,-12.586673112426368,0.08578733453948496,-12.746656823878691,-12.410370472483912,1.0,-0.0011140900325106173,0.008159464245066417,0.4847222074286318,0.4847222074286318,0.0873214715411938,0.07339392960441223,0.0361238172605982,nan,nan,0.4960592309157872,9.362797665187674,27.861517940881804,3395.6731593481577,nan,nan,nan,nan,nan,nan,nan,nan,nan,100.0,0.008936497501547439,7.007678775198292,4000.0,1.0,0.0,nan,nan,nan,nan,nan,nan,nan,nan,nan,nan,nan,nan,nan,nan,nan,nan,0.0,"[100, 100, 100, 100, 100]","[0.0064382664098054454, 0.009743878330600789, 0.007068585083968103, 0.0036418676033464375, 0.017789890080016416]","[null, null, null, null, null]","[null, null, null, null, null]","[null, null, null, null, null]","[null, null, null, null, null]",,0.08578733453948496,0.09881887575930651,5.0,1.96
1a,5000,1715505,neural-fore,neural-main-oracle-bellman,-12.707796654625987,-12.734251976460127,-12.586673112426368,0.09243463306665185,-12.915423857270765,-12.55308009564949,1.0,-0.1211235421996193,-0.14757886403375942,0.4944752542273931,0.4944752542273931,0.10159288286016901,0.08714364068051424,0.04106450190838658,nan,nan,0.3265335619774177,9.211647408586598,29.970433090667743,3233.2527267304567,nan,nan,nan,nan,nan,nan,nan,nan,nan,140.0,0.014718867893613966,7.7408212415874,4000.0,1.0,0.0,nan,nan,nan,nan,nan,nan,nan,nan,nan,nan,nan,nan,nan,nan,nan,nan,0.0,"[100, 100, 300, 100, 100]","[0.02179444703885068, 0.044137326613221325, 0.001547272923705046, 0.002871057172254168, 0.0032442357200386063]","[null, null, null, null, null]","[null, null, null, null, null]","[null, null, null, null, null]","[null, null, null, null, null]",,0.09243463306665185,0.1323192335907132,5.0,1.96
1a,5000,1725505,neural-fore,neural-main-oracle-bellman,-12.634485572805698,-12.586629053226455,-12.586673112426368,0.08754680363754837,-12.758220788356049,-12.41503731809686,1.0,-0.047812460379329735,4.4059199913348834e-05,0.5687781267177877,0.5687781267177877,0.07826053688537822,0.06798792320655064,0.035454494119674135,nan,nan,0.3024063030195606,9.296899385866926,30.212283270642743,3296.3113811942835,nan,nan,nan,nan,nan,nan,nan,nan,nan,220.0,0.0028188039355941915,8.993061641987879,4000.0,1.0000000000000002,0.0,nan,nan,nan,nan,nan,nan,nan,nan,nan,nan,nan,nan,nan,nan,nan,nan,0.0,"[100, 100, 300, 300, 300]","[0.005452456799095995, 0.0031296466281000275, 0.0032056007648905162, 0.0, 0.002306315485884417]","[null, null, null, null, null]","[null, null, null, null, null]","[null, null, null, null, null]","[null, null, null, null, null]",,0.08754680363754837,0.054372134729635084,5.0,1.96
1a,5000,1735505,neural-fore,neural-main-oracle-bellman,-12.603255406050703,-12.56317309508234,-12.586673112426368,0.08568353353339235,-12.731112820807788,-12.395233369356891,1.0,-0.016582293624335165,0.023500017344028734,0.5409307145285913,0.5409307145285913,0.08103169757684023,0.0719121719251621,0.0318157568140002,nan,nan,0.34051658923847955,9.52356726351462,27.32046764334306,3357.6838347603443,nan,nan,nan,nan,nan,nan,nan,nan,nan,140.0,0.018214278252596423,7.562157050601672,4000.0,1.0,0.0,nan,nan,nan,nan,nan,nan,nan,nan,nan,nan,nan,nan,nan,nan,nan,nan,0.0,"[100, 100, 300, 100, 100]","[0.029446418261318837, 0.012432023983447553, 0.0013411396168736757, 0.01816042352228442, 0.02969138587905762]","[null, null, null, null, null]","[null, null, null, null, null]","[null, null, null, null, null]","[null, null, null, null, null]",,0.08568353353339235,0.0762747701631864,5.0,1.96
1a,5000,1745505,neural-fore,neural-main-oracle-bellman,-12.797490012282614,-12.803043822311004,-12.586673112426368,0.09214504344226314,-12.98364810745784,-12.622439537164167,0.0,-0.21081689985624585,-0.21637070988463591,0.4187656717240083,0.4187656717240083,0.07972488630497479,0.07393656483142755,0.06131682436212228,nan,nan,0.37182605037592914,9.315060516513181,30.362441912725767,3233.8471769487096,nan,nan,nan,nan,nan,nan,nan,nan,nan,140.0,0.006388852938028459,7.797007283614948,4000.0,1.0,0.0,nan,nan,nan,nan,nan,nan,nan,nan,nan,nan,nan,nan,nan,nan,nan,nan,0.0,"[100, 100, 300, 100, 100]","[0.0, 0.01680980160579655, 0.0013333574610269235, 0.008476124592716532, 0.005324981030602292]","[null, null, null, null, null]","[null, null, null, null, null]","[null, null, null, null, null]","[null, null, null, null, null]",,0.09214504344226314,0.05779219179028086,5.0,1.96
1a,5000,1755505,neural-fore,neural-main-oracle-bellman,-12.747672247147959,-12.741714410744834,-12.586673112426368,0.08959246043984523,-12.91731563320693,-12.566113188282737,1.0,-0.16099913472159066,-0.1550412983184657,0.6337821180072203,0.6337821180072203,0.09495026865014726,0.0797824603326224,0.025966222146455012,nan,nan,0.3450435414576492,9.217088454194089,29.19834744595769,3260.9920389353815,nan,nan,nan,nan,nan,nan,nan,nan,nan,180.0,0.0043774087159706475,8.410918333416339,4000.0,1.0,0.0,nan,nan,nan,nan,nan,nan,nan,nan,nan,nan,nan,nan,nan,nan,nan,nan,0.0,"[300, 100, 100, 300, 100]","[0.0018757700030972023, 0.008518400452681318, 0.0, 0.0, 0.011492873124074716]","[null, null, null, null, null]","[null, null, null, null, null]","[null, null, null, null, null]","[null, null, null, null, null]",,0.08959246043984523,0.1067153668107361,5.0,1.96
1a,5000,1765505,neural-fore,neural-main-oracle-bellman,-12.699526123879684,-12.702063878247701,-12.586673112426368,0.09088941119180516,-12.88020712418364,-12.523920632311762,1.0,-0.11285301145331594,-0.11539076582133312,0.8196925054465419,0.8196925054465419,0.10477878377449712,0.1011015756953225,0.0552004932209142,nan,nan,0.28187363454911174,9.159227459241427,29.03284572315021,3242.1506860655,nan,nan,nan,nan,nan,nan,nan,nan,nan,180.0,0.009595605339311652,8.465379240782932,4000.0,1.0,0.0,nan,nan,nan,nan,nan,nan,nan,nan,nan,nan,nan,nan,nan,nan,nan,nan,0.0,"[300, 100, 300, 100, 100]","[0.0033629884063475857, 0.032468830464523195, 0.007093302237127369, 0.0006588291250212029, 0.004394076463538912]","[null, null, null, null, null]","[null, null, null, null, null]","[null, null, null, null, null]","[null, null, null, null, null]",,0.09088941119180516,0.06241446842771875,5.0,1.96
1a,5000,1775505,neural-fore,neural-main-oracle-bellman,-12.561063428310343,-12.548977997272223,-12.586673112426368,0.08576339022967433,-12.717074242122385,-12.380881752422061,1.0,0.025609684116025377,0.03769511515414514,0.7246764361960047,0.7246764361960047,0.12490669976576534,0.11383829373310117,0.03590215166049978,nan,nan,0.3179599999442009,9.55176691473133,30.830051450637576,3284.1088369309964,nan,nan,nan,nan,nan,nan,nan,nan,nan,180.0,0.010838046003730584,8.031824542407412,4000.0,1.0,0.0,nan,nan,nan,nan,nan,nan,nan,nan,nan,nan,nan,nan,nan,nan,nan,nan,0.0,"[100, 300, 100, 300, 100]","[0.021185623033566536, 0.0, 0.014361590996383549, 0.0021482273205338637, 0.016494788668168968]","[null, null, null, null, null]","[null, null, null, null, null]","[null, null, null, null, null]","[null, null, null, null, null]",,0.08576339022967433,0.12256358885522325,5.0,1.96
1a,5000,1785505,neural-fore,neural-main-oracle-bellman,-12.424855812175354,-12.467737458100919,-12.586673112426368,0.0824727580726628,-12.629384063923338,-12.3060908522785,1.0,0.16181730025101437,0.11893565432544939,0.7938800880413683,0.7938800880413683,0.10044686282732762,0.09051410553153397,0.0294008478397532,nan,nan,0.33305426455951137,9.493553991097233,28.697030330870444,3359.6463925517146,nan,nan,nan,nan,nan,nan,nan,nan,nan,140.0,0.008089325034844587,7.821302866400219,4000.0,1.0,0.0,nan,nan,nan,nan,nan,nan,nan,nan,nan,nan,nan,nan,nan,nan,nan,nan,0.0,"[100, 100, 100, 100, 300]","[0.019034156544265202, 0.003589942107083223, 0.0041424859379252795, 0.011568408488366004, 0.0021116320965832254]","[null, null, null, null, null]","[null, null, null, null, null]","[null, null, null, null, null]","[null, null, null, null, null]",,0.0824727580726628,0.06344358223959058,5.0,1.96
1a,5000,1795505,neural-fore,neural-main-oracle-bellman,-12.775125562584032,-12.796071793226941,-12.586673112426368,0.0945987325756619,-12.98148530907524,-12.610658277378644,0.0,-0.18845245015766388,-0.20939868080057344,0.5015131443929779,0.5015131443929779,0.10060867428018279,0.09553022987698091,0.03349766729278955,nan,nan,0.3179386402370787,9.10545240037835,33.72351115091757,3164.9554716586977,nan,nan,nan,nan,nan,nan,nan,nan,nan,140.0,0.005429073588711182,7.678030300606042,4000.0,1.0,0.0,nan,nan,nan,nan,nan,nan,nan,nan,nan,nan,nan,nan,nan,nan,nan,nan,0.0,"[100, 100, 100, 300, 100]","[0.01071719313202006, 0.009263426953896054, 0.005723993585981357, 0.0006252139555157504, 0.0008155403161426869]","[null, null, null, null, null]","[null, null, null, null, null]","[null, null, null, null, null]","[null, null, null, null, null]",,0.0945987325756619,0.13503219971880473,5.0,1.96
1a,5000,1805505,neural-fore,neural-main-oracle-bellman,-12.528569423081482,-12.538952533084585,-12.586673112426368,0.0863673701095488,-12.7082325784993,-12.369672487669868,1.0,0.05810368934488608,0.04772057934178342,0.4898320198651901,0.4898320198651901,0.08920637293706109,0.07891698076036958,0.0457302039055436,nan,nan,0.3189157227187949,9.38575916811627,28.53297877342168,3312.167488101948,nan,nan,nan,nan,nan,nan,nan,nan,nan,140.0,0.016756167133682203,7.975218374619726,4000.0,1.0,0.0,nan,nan,nan,nan,nan,nan,nan,nan,nan,nan,nan,nan,nan,nan,nan,nan,0.0,"[100, 100, 100, 300, 100]","[0.01320391425214685, 0.023237987175414487, 0.032599708053679795, 0.008290289690757912, 0.006448936496411968]","[null, null, null, null, null]","[null, null, null, null, null]","[null, null, null, null, null]","[null, null, null, null, null]",,0.0863673701095488,0.0352718105109211,5.0,1.96
1a,5000,1815505,neural-fore,neural-main-oracle-bellman,-12.637603470167525,-12.663225956951944,-12.586673112426368,0.08667625920825689,-12.833111425000128,-12.49334048890376,1.0,-0.05093035774115684,-0.07655284452557609,0.3499507459406469,0.3499507459406469,0.08895484371681196,0.08375683097504147,0.03961935062723778,nan,nan,0.2664327693315341,9.491922348006042,28.028192437860906,3324.147326144906,nan,nan,nan,nan,nan,nan,nan,nan,nan,140.0,0.005659911813723224,7.56547440859722,4000.0,1.0,0.0,nan,nan,nan,nan,nan,nan,nan,nan,nan,nan,nan,nan,nan,nan,nan,nan,0.0,"[100, 100, 100, 300, 100]","[0.006253008973732733, 0.002414927778726551, 0.0002082322441590325, 0.003001939944896256, 0.01642145012710155]","[null, null, null, null, null]","[null, null, null, null, null]","[null, null, null, null, null]","[null, null, null, null, null]",,0.08667625920825689,0.10553691295789118,5.0,1.96
1a,5000,1825505,neural-fore,neural-main-oracle-bellman,-12.571545849358563,-12.540417651565212,-12.586673112426368,0.08712951116324555,-12.711191493445174,-12.36964380968525,1.0,0.01512726306780543,0.04625546086115584,0.36368343100815115,0.36368343100815115,0.06941317178745483,0.0678518530483394,0.028890537236736003,nan,nan,0.26570711248764795,9.388646956873007,31.462269796881714,3254.855366441875,nan,nan,nan,nan,nan,nan,nan,nan,nan,260.0,0.006003115220162362,10.12488090840634,4000.0,1.0,0.0,nan,nan,nan,nan,nan,nan,nan,nan,nan,nan,nan,nan,nan,nan,nan,nan,0.0,"[300, 100, 300, 300, 300]","[0.0034015474933311654, 0.013015648282966776, 0.0, 0.013598380324513867, 0.0]","[null, null, null, null, null]","[null, null, null, null, null]","[null, null, null, null, null]","[null, null, null, null, null]",,0.08712951116324555,0.0699102663373686,5.0,1.96
1a,5000,1835505,neural-fore,neural-main-oracle-bellman,-12.513316289093735,-12.499369208392931,-12.586673112426368,0.08688501932731767,-12.669663846274474,-12.329074570511388,1.0,0.07335682333263271,0.08730390403343691,0.6053166056813994,0.6053166056813994,0.11375349545922295,0.10894378551607886,0.037538802531193086,nan,nan,0.22849800256943845,9.285353788448186,29.051065984777512,3235.0938384684287,nan,nan,nan,nan,nan,nan,nan,nan,nan,260.0,0.00396871774419217,9.204999299580232,4000.0,1.0,0.0,nan,nan,nan,nan,nan,nan,nan,nan,nan,nan,nan,nan,nan,nan,nan,nan,0.0,"[300, 100, 300, 300, 300]","[0.004851087019104115, 0.012298809422728985, 0.0, 0.0, 0.0026936922791277514]","[null, null, null, null, null]","[null, null, null, null, null]","[null, null, null, null, null]","[null, null, null, null, null]",,0.08688501932731767,0.06809285339768967,5.0,1.96
1a,5000,1845505,neural-fore,neural-main-oracle-bellman,-12.475815125597915,-12.452426750134856,-12.586673112426368,0.08316429480712813,-12.615428767956828,-12.289424732312884,1.0,0.11085798682845294,0.13424636229151155,0.5348830890696001,0.5348830890696001,0.0946401905701478,0.08333775260238012,0.041368806731569965,nan,nan,0.25345467183385223,9.493477887386328,30.00020640478841,3328.5374960578206,nan,nan,nan,nan,nan,nan,nan,nan,nan,220.0,0.0029797892149972666,8.898552142223343,4000.0,1.0,0.0,nan,nan,nan,nan,nan,nan,nan,nan,nan,nan,nan,nan,nan,nan,nan,nan,0.0,"[300, 100, 300, 100, 300]","[0.001996909567769654, 0.0009330345942882908, 0.0, 0.011711595599105142, 0.00025740631382324756]","[null, null, null, null, null]","[null, null, null, null, null]","[null, null, null, null, null]","[null, null, null, null, null]",,0.08316429480712813,0.08869348175480023,5.0,1.96
1a,5000,1855505,neural-fore,neural-main-oracle-bellman,-12.5180323783328,-12.546349639054434,-12.586673112426368,0.08588980639441189,-12.71469365958748,-12.378005618521387,1.0,0.06864073409356841,0.040323473371934426,0.7668677085901622,0.7668677085901622,0.09222557262935518,0.07937532870519642,0.03131344581826446,nan,nan,0.33006962291619635,9.459686480899947,30.37643074730685,3274.003450387831,nan,nan,nan,nan,nan,nan,nan,nan,nan,220.0,0.002633537330475717,8.595536175218877,4000.0,1.0,0.0,nan,nan,nan,nan,nan,nan,nan,nan,nan,nan,nan,nan,nan,nan,nan,nan,0.0,"[300, 100, 100, 300, 300]","[0.0027438893223808033, 0.000211866518980898, 0.0029952129739177365, 0.0008024019472421132, 0.006414315889857034]","[null, null, null, null, null]","[null, null, null, null, null]","[null, null, null, null, null]","[null, null, null, null, null]",,0.08588980639441189,0.07638999848704914,5.0,1.96
1a,5000,1865505,neural-fore,neural-main-oracle-bellman,-12.640767850931125,-12.653151793185858,-12.586673112426368,0.09013032949125546,-12.82980723898872,-12.476496347382996,1.0,-0.05409473850475699,-0.0664786807594897,0.6984914036676255,0.6984914036676255,0.09063613017116394,0.07660351993988242,0.05267491258763617,nan,nan,0.4070448024239967,9.192204378201506,31.951165073633145,3249.212330021416,nan,nan,nan,nan,nan,nan,nan,nan,nan,100.0,0.010948536569784378,7.677076258009765,4000.0,1.0,0.0,nan,nan,nan,nan,nan,nan,nan,nan,nan,nan,nan,nan,nan,nan,nan,nan,0.0,"[100, 100, 100, 100, 100]","[0.013877356893265903, 0.005342962477835365, 0.001843363803461049, 0.011927855607329894, 0.02175114406702968]","[null, null, null, null, null]","[null, null, null, null, null]","[null, null, null, null, null]","[null, null, null, null, null]",,0.09013032949125546,0.08256250191127222,5.0,1.96
1a,5000,1875505,neural-fore,neural-main-oracle-bellman,-12.520655954361963,-12.518094520155518,-12.586673112426368,0.08509532833329383,-12.684881363688774,-12.351307676622262,1.0,0.06601715806440467,0.06857859227084973,0.6986375690127714,0.6986375690127714,0.08701280013743476,0.07484945666491233,0.024127638586693916,nan,nan,0.3306665540493859,9.492540338095314,29.835771386093217,3314.8182003610573,nan,nan,nan,nan,nan,nan,nan,nan,nan,180.0,0.00660847952209499,7.797919658769388,4000.0,1.0,0.0,nan,nan,nan,nan,nan,nan,nan,nan,nan,nan,nan,nan,nan,nan,nan,nan,0.0,"[300, 100, 300, 100, 100]","[0.0, 0.006939673708749349, 0.0, 0.0032777008052888423, 0.022825023096436758]","[null, null, null, null, null]","[null, null, null, null, null]","[null, null, null, null, null]","[null, null, null, null, null]",,0.08509532833329383,0.12435561801168357,5.0,1.96
1a,5000,1885505,neural-fore,neural-main-oracle-bellman,-12.575626437454945,-12.62532694594993,-12.586673112426368,0.08616794763328155,-12.79421612331116,-12.456437768588698,1.0,0.011046674971423087,-0.03865383352356133,0.665483092536148,0.665483092536148,0.08351292514431359,0.07268470307657483,0.04502567596124249,nan,nan,0.3574580254468643,9.272676592743856,27.927148976809352,3335.805238877955,nan,nan,nan,nan,nan,nan,nan,nan,nan,140.0,0.00750561947758626,7.744945074990392,4000.0,1.0,0.0,nan,nan,nan,nan,nan,nan,nan,nan,nan,nan,nan,nan,nan,nan,nan,nan,0.0,"[100, 300, 100, 100, 100]","[0.0057014849268282935, 0.008579817577966503, 0.00709810466166722, 0.001763067955547034, 0.014385622265922254]","[null, null, null, null, null]","[null, null, null, null, null]","[null, null, null, null, null]","[null, null, null, null, null]",,0.08616794763328155,0.10277951743081624,5.0,1.96
1a,5000,1895505,neural-fore,neural-main-oracle-bellman,-12.531545822245436,-12.484240958343152,-12.586673112426368,0.08936587671311642,-12.65939807670086,-12.309083839985444,1.0,0.05512729018093232,0.10243215408321582,0.7757311796716506,0.7757311796716506,0.09414910848750459,0.0882464639964731,0.04108729106645313,nan,nan,0.3269413847963985,9.3345096537157,32.09545462150636,3206.625495687003,nan,nan,nan,nan,nan,nan,nan,nan,nan,220.0,0.009551522528428337,8.840608233574311,4000.0,1.0,0.0,nan,nan,nan,nan,nan,nan,nan,nan,nan,nan,nan,nan,nan,nan,nan,nan,0.0,"[300, 300, 100, 300, 100]","[0.0, 0.0027292185555164786, 0.004275751132559756, 0.000702591571568969, 0.04005005138249648]","[null, null, null, null, null]","[null, null, null, null, null]","[null, null, null, null, null]","[null, null, null, null, null]",,0.08936587671311642,0.1379632256642171,5.0,1.96
1a,5000,1905505,neural-fore,neural-main-oracle-bellman,-12.710329706010642,-12.67754344656943,-12.586673112426368,0.08828424010407734,-12.850580557173421,-12.50450633596544,1.0,-0.12365659358427372,-0.09087033414306234,0.4708454444306865,0.4708454444306865,0.07098262627186491,0.06447986941505783,0.03183407850551683,nan,nan,0.2519285130127396,9.188176162722316,28.615255654749475,3270.5961847064045,nan,nan,nan,nan,nan,nan,nan,nan,nan,220.0,0.004616322097242722,9.435689683409873,4000.0,1.0,0.0,nan,nan,nan,nan,nan,nan,nan,nan,nan,nan,nan,nan,nan,nan,nan,nan,0.0,"[300, 100, 300, 300, 100]","[0.0, 0.001616184455448316, 0.0010862391923728057, 0.01208125213113141, 0.008297934707261076]","[null, null, null, null, null]","[null, null, null, null, null]","[null, null, null, null, null]","[null, null, null, null, null]",,0.08828424010407734,0.08746984799370215,5.0,1.96
1a,5000,1915505,neural-fore,neural-main-oracle-bellman,-12.500764282120176,-12.492501234584383,-12.586673112426368,0.08304410565603049,-12.655267681670203,-12.329734787498563,1.0,0.08590883030619167,0.09417187784198511,0.5192064415155953,0.5192064415155953,0.09674981707338057,0.08880413389690747,0.0475238662212449,nan,nan,0.2948326765855023,9.506991804771221,29.20611191050083,3359.520915633198,nan,nan,nan,nan,nan,nan,nan,nan,nan,140.0,0.004726957872943591,7.523919092002325,4000.0,1.0,0.0,nan,nan,nan,nan,nan,nan,nan,nan,nan,nan,nan,nan,nan,nan,nan,nan,0.0,"[100, 100, 100, 300, 100]","[0.002264905116939761, 0.00455612880297364, 0.008887140136777731, 0.003085901641014303, 0.004840713667012518]","[null, null, null, null, null]","[null, null, null, null, null]","[null, null, null, null, null]","[null, null, null, null, null]",,0.08304410565603049,0.044399661659096944,5.0,1.96
1a,5000,1925505,neural-fore,neural-main-oracle-bellman,-12.541970224129411,-12.518354345309955,-12.586673112426368,0.08498372994865758,-12.684922456009325,-12.351786234610586,1.0,0.0447028882969569,0.06831876711641272,0.5810557909430234,0.5810557909430234,0.12409999711849751,0.10335235225696049,0.03516550800062687,nan,nan,0.35828353033351984,9.242325588689617,27.597643258673088,3357.2055795155675,nan,nan,nan,nan,nan,nan,nan,nan,nan,140.0,0.002459982049134237,7.896390741772484,4000.0,1.0,0.0,nan,nan,nan,nan,nan,nan,nan,nan,nan,nan,nan,nan,nan,nan,nan,nan,0.0,"[300, 100, 100, 100, 100]","[0.0012224829547356638, 0.0012931748096419878, 0.004968236711733829, 0.0, 0.004816015769559706]","[null, null, null, null, null]","[null, null, null, null, null]","[null, null, null, null, null]","[null, null, null, null, null]",,0.08498372994865758,0.10766586934168787,5.0,1.96
1a,5000,1935505,neural-fore,neural-main-oracle-bellman,-12.61632285896217,-12.595299228090088,-12.586673112426368,0.08736984199155229,-12.766544118393531,-12.424054337786645,1.0,-0.029649746535801214,-0.008626115663719958,0.5045047041485249,0.5045047041485249,0.08017054955067836,0.07385224179488929,0.05148958288338881,nan,nan,0.352277514779594,9.25972671554555,29.238749302684266,3294.3841879834163,nan,nan,nan,nan,nan,nan,nan,nan,nan,140.0,0.007113126950410808,7.371818608371541,4000.0,1.0,0.0,nan,nan,nan,nan,nan,nan,nan,nan,nan,nan,nan,nan,nan,nan,nan,nan,0.0,"[100, 300, 100, 100, 100]","[0.0020696683892871296, 0.003981713189333982, 0.007921853179305443, 0.021592399994127487, 0.0]","[null, null, null, null, null]","[null, null, null, null, null]","[null, null, null, null, null]","[null, null, null, null, null]",,0.08736984199155229,0.08766148868374632,5.0,1.96
1a,5000,1945505,neural-fore,neural-main-oracle-bellman,-12.623446963267607,-12.626702644600227,-12.586673112426368,0.08653263528680545,-12.796306609762366,-12.457098679438088,1.0,-0.03677385084123941,-0.040029532173859295,0.5411417593840799,0.5411417593840799,0.09243521481823698,0.07569578868645606,0.04323775644313157,nan,nan,0.3659793370443268,9.424645887539421,29.02129670300032,3281.565493191497,nan,nan,nan,nan,nan,nan,nan,nan,nan,140.0,0.005107135493741474,8.028671524813399,4000.0,1.0,0.0,nan,nan,nan,nan,nan,nan,nan,nan,nan,nan,nan,nan,nan,nan,nan,nan,0.0,"[300, 100, 100, 100, 100]","[0.0, 0.004034121289158247, 0.018552807041797986, 0.0, 0.0029487491377511357]","[null, null, null, null, null]","[null, null, null, null, null]","[null, null, null, null, null]","[null, null, null, null, null]",,0.08653263528680545,0.10718475149280884,5.0,1.96
1a,5000,1955505,neural-fore,neural-main-oracle-bellman,-12.56530173735192,-12.607145797963266,-12.586673112426368,0.08654258500182746,-12.776769264566848,-12.437522331359684,1.0,0.021371375074448196,-0.020472685536898183,0.8065133664298647,0.8065133664298647,0.10841351893106052,0.10990558429482108,0.0346364073380092,nan,nan,0.2841029873703768,9.430412710759875,29.663133519492664,3312.541804191913,nan,nan,nan,nan,nan,nan,nan,nan,nan,180.0,0.004322647090780472,8.265513091592585,4000.0,1.0,0.0,nan,nan,nan,nan,nan,nan,nan,nan,nan,nan,nan,nan,nan,nan,nan,nan,0.0,"[300, 300, 100, 100, 100]","[0.0031058025916869876, 0.0018941050273218038, 0.0037155691586226707, 0.012897758676270897, 0.0]","[null, null, null, null, null]","[null, null, null, null, null]","[null, null, null, null, null]","[null, null, null, null, null]",,0.08654258500182746,0.04654036986923032,5.0,1.96
1a,5000,1965505,neural-fore,neural-main-oracle-bellman,-12.608193570599367,-12.56269788983227,-12.586673112426368,0.08759037581027289,-12.734375026420405,-12.391020753244135,1.0,-0.021520458172998858,0.0239752225940979,0.5060781673658672,0.5060781673658672,0.06516765797877644,0.05908056026677884,0.0336611416238364,nan,nan,0.35188209684271926,9.268761467626767,29.35972030194303,3282.96086503628,nan,nan,nan,nan,nan,nan,nan,nan,nan,100.0,0.005371728730775299,7.310638417222071,4000.0,1.0,0.0,nan,nan,nan,nan,nan,nan,nan,nan,nan,nan,nan,nan,nan,nan,nan,nan,0.0,"[100, 100, 100, 100, 100]","[0.009209917672596808, 0.0075077138288560785, 0.0, 0.007222389794891448, 0.0029186223575321593]","[null, null, null, null, null]","[null, null, null, null, null]","[null, null, null, null, null]","[null, null, null, null, null]",,0.08759037581027289,0.11165279461915173,5.0,1.96
1a,5000,1975505,neural-fore,neural-main-oracle-bellman,-12.525564515626426,-12.53489008118709,-12.586673112426368,0.08412028240807509,-12.699765834706916,-12.370014327667263,1.0,0.06110859679994185,0.05178303123927819,0.7785895623193143,0.7785895623193143,0.10472022139997934,0.0967364665343434,0.05072081902151478,nan,nan,0.3861416715238436,9.294867356060777,27.374704493817905,3367.531760754319,nan,nan,nan,nan,nan,nan,nan,nan,nan,140.0,0.007930422367337863,7.433390374807641,4000.0,1.0,0.0,nan,nan,nan,nan,nan,nan,nan,nan,nan,nan,nan,nan,nan,nan,nan,nan,0.0,"[100, 100, 100, 300, 100]","[0.007629508676703881, 0.006316999281589598, 0.005284942492984588, 0.009662525669667221, 0.010758135715744023]","[null, null, null, null, null]","[null, null, null, null, null]","[null, null, null, null, null]","[null, null, null, null, null]",,0.08412028240807509,0.06599823583120226,5.0,1.96
1a,5000,1985505,neural-fore,neural-main-oracle-bellman,-12.722496233924952,-12.608709195189405,-12.586673112426368,0.0878031122295575,-12.780803295159338,-12.436615095219473,1.0,-0.1358231214985839,-0.022036082763037257,0.6571446120510015,0.6571446120510015,0.08795921016819662,0.07805823293996339,0.027755397722609286,nan,nan,0.24525586609214528,9.60982730395764,28.865473566722745,3264.6261498747813,nan,nan,nan,nan,nan,nan,nan,nan,nan,260.0,0.0026267433857251896,9.833690150023903,4000.0,1.0,0.0,nan,nan,nan,nan,nan,nan,nan,nan,nan,nan,nan,nan,nan,nan,nan,nan,0.0,"[300, 100, 300, 300, 300]","[0.0, 0.00296919014473193, 0.0028247186942348887, 0.0064932576053571365, 0.0008465504843019941]","[null, null, null, null, null]","[null, null, null, null, null]","[null, null, null, null, null]","[null, null, null, null, null]",,0.0878031122295575,0.12356267666426965,5.0,1.96
1a,5000,1995505,neural-fore,neural-main-oracle-bellman,-12.700319337183481,-12.701886673715158,-12.586673112426368,0.09016679716953191,-12.87861359616744,-12.525159751262876,1.0,-0.1136462247571135,-0.11521356128879034,0.7739495402154175,0.7739495402154175,0.11175988459865367,0.10366379186395633,0.05718582889449174,nan,nan,0.2557865927793923,9.303531787227293,30.35968788462012,3209.261021903759,nan,nan,nan,nan,nan,nan,nan,nan,nan,220.0,0.004874879405375263,8.846337191399652,4000.0,1.0,0.0,nan,nan,nan,nan,nan,nan,nan,nan,nan,nan,nan,nan,nan,nan,nan,nan,0.0,"[300, 100, 300, 300, 100]","[0.005917247368476191, 0.012398529751456562, 0.005531092398643212, 0.0, 0.0005275275083003503]","[null, null, null, null, null]","[null, null, null, null, null]","[null, null, null, null, null]","[null, null, null, null, null]",,0.09016679716953191,0.05984401014682259,5.0,1.96
1a,5000,2005505,neural-fore,neural-main-oracle-bellman,-12.664032224097133,-12.607629262391011,-12.586673112426368,0.08736593761375763,-12.778866500113976,-12.436392024668047,1.0,-0.07735911167076459,-0.020956149964643345,0.5537429774815366,0.5537429774815366,0.09322893092545625,0.08988609394858928,0.03459476105463545,nan,nan,0.3406226060492285,9.32804551806756,30.398480786758416,3300.950992790403,nan,nan,nan,nan,nan,nan,nan,nan,nan,140.0,0.004979868396153426,8.008118217391893,4000.0,1.0,0.0,nan,nan,nan,nan,nan,nan,nan,nan,nan,nan,nan,nan,nan,nan,nan,nan,0.0,"[100, 300, 100, 100, 100]","[0.014368083630950441, 0.0011669018117295585, 0.007802992540553168, 0.0, 0.0015613639975339659]","[null, null, null, null, null]","[null, null, null, null, null]","[null, null, null, null, null]","[null, null, null, null, null]",,0.08736593761375763,0.07997243148673489,5.0,1.96
1a,5000,2015505,neural-fore,neural-main-oracle-bellman,-12.545238695465432,-12.57397142099576,-12.586673112426368,0.08796992839542324,-12.746392480650789,-12.40155036134073,1.0,0.04143441696093575,0.01270169143060862,0.5438614665147951,0.5438614665147951,0.08813340777213943,0.07759393800662337,0.030821621657245935,nan,nan,0.38070299691842935,9.27850719580604,31.053760945991908,3251.413336132466,nan,nan,nan,nan,nan,nan,nan,nan,nan,140.0,0.007162056419848586,7.693471207970288,4000.0,1.0,0.0,nan,nan,nan,nan,nan,nan,nan,nan,nan,nan,nan,nan,nan,nan,nan,nan,0.0,"[100, 100, 100, 300, 100]","[0.0018439044326600722, 0.002788282920105246, 0.030807809345921172, 0.0, 0.00037028540055644347]","[null, null, null, null, null]","[null, null, null, null, null]","[null, null, null, null, null]","[null, null, null, null, null]",,0.08796992839542324,0.07851067796367717,5.0,1.96
1a,5000,2025505,neural-fore,neural-main-oracle-bellman,-12.418093411114423,-12.378899399239778,-12.586673112426368,0.08132768244707933,-12.538301656836053,-12.219497141643503,0.0,0.16857970131194477,0.20777371318659021,0.46313105859643205,0.46313105859643205,0.09012540585811268,0.08285230700681173,0.04791492283043691,nan,nan,0.31991791328351216,9.719268897175368,28.932724894206746,3396.531881553624,nan,nan,nan,nan,nan,nan,nan,nan,nan,220.0,0.003229530197874542,8.537940616812557,4000.0,1.0,0.0,nan,nan,nan,nan,nan,nan,nan,nan,nan,nan,nan,nan,nan,nan,nan,nan,0.0,"[300, 300, 100, 100, 300]","[0.0025273231546149165, 0.0018118598314984416, 0.00598331219462589, 0.0058251558086334625, 0.0]","[null, null, null, null, null]","[null, null, null, null, null]","[null, null, null, null, null]","[null, null, null, null, null]",,0.08132768244707933,0.02025642909174198,5.0,1.96
1a,5000,2035505,neural-fore,neural-main-oracle-bellman,-12.74894416318306,-12.662956914784887,-12.586673112426368,0.09247080723186851,-12.84419969695935,-12.481714132610424,1.0,-0.1622710507566918,-0.07628380235851928,0.5132896231143477,0.5132896231143477,0.08282158171174045,0.071980098080215,0.039130677049094904,nan,nan,0.2044589502072634,9.217023564202586,31.627188715747447,3144.3235390284726,nan,nan,nan,nan,nan,nan,nan,nan,nan,300.0,0.001420153282700458,10.49054869178217,4000.0,1.0,0.0,nan,nan,nan,nan,nan,nan,nan,nan,nan,nan,nan,nan,nan,nan,nan,nan,0.0,"[300, 300, 300, 300, 300]","[0.0, 0.0005193511986743583, 0.004223509239646539, 0.0, 0.0023579059751813927]","[null, null, null, null, null]","[null, null, null, null, null]","[null, null, null, null, null]","[null, null, null, null, null]",,0.09247080723186851,0.09855443525727167,5.0,1.96
1a,5000,2045505,neural-fore,neural-main-oracle-bellman,-12.575470598425468,-12.525453024170874,-12.586673112426368,0.08629920270782947,-12.69459946147822,-12.356306586863528,1.0,0.011202514000899555,0.061220088255494076,0.5480685513394462,0.5480685513394462,0.11574644999118999,0.10775990696431063,0.0332372908998498,nan,nan,0.24786642329403175,9.354625504555932,30.983893473193433,3248.9644554312003,nan,nan,nan,nan,nan,nan,nan,nan,nan,220.0,0.007116167046459202,9.035005891823676,4000.0,1.0,0.0,nan,nan,nan,nan,nan,nan,nan,nan,nan,nan,nan,nan,nan,nan,nan,nan,0.0,"[100, 100, 300, 300, 300]","[0.005161658187847237, 0.019652141494933162, 0.006279924237857703, 0.00425271074272315, 0.00023440056893475681]","[null, null, null, null, null]","[null, null, null, null, null]","[null, null, null, null, null]","[null, null, null, null, null]",,0.08629920270782947,0.09302022190069355,5.0,1.96
1a,5000,2055505,neural-fore,neural-main-oracle-bellman,-12.714104672069537,-12.643691780664208,-12.586673112426368,0.0881488151222043,-12.816463458303728,-12.470920103024687,1.0,-0.12743155964316877,-0.05701866823783952,0.5635161911406454,0.5635161911406454,0.09127325464654737,0.08252184619793831,0.028391244601693472,nan,nan,0.2948828486800492,9.281836088407523,27.995463682013312,3256.5734427791576,nan,nan,nan,nan,nan,nan,nan,nan,nan,220.0,0.0036956560185698595,8.451646450557746,4000.0,0.9999999999999998,0.0,nan,nan,nan,nan,nan,nan,nan,nan,nan,nan,nan,nan,nan,nan,nan,nan,0.0,"[300, 300, 100, 100, 300]","[0.0, 0.0, 0.01584273470827767, 0.0020951599439130997, 0.0005403854406585262]","[null, null, null, null, null]","[null, null, null, null, null]","[null, null, null, null, null]","[null, null, null, null, null]",,0.0881488151222043,0.05946382674778377,5.0,1.96
1a,5000,2065505,neural-fore,neural-main-oracle-bellman,-12.667649182398232,-12.643030339813112,-12.586673112426368,0.09303241543899894,-12.82537387407355,-12.460686805552674,1.0,-0.08097606997186446,-0.05635722738674431,0.5295825811950049,0.5295825811950049,0.10263745981245373,0.09672178895121349,0.033508540129813275,nan,nan,0.30140364497305183,9.177479450396394,35.68962257525405,3124.3800885826267,nan,nan,nan,nan,nan,nan,nan,nan,nan,220.0,0.0038097722940127433,8.499649933213368,4000.0,1.0,0.0,nan,nan,nan,nan,nan,nan,nan,nan,nan,nan,nan,nan,nan,nan,nan,nan,0.0,"[100, 300, 300, 100, 300]","[0.009652566700734154, 0.0038411129966771968, 0.0, 0.005555181772652368, 0.0]","[null, null, null, null, null]","[null, null, null, null, null]","[null, null, null, null, null]","[null, null, null, null, null]",,0.09303241543899894,0.09376716957508721,5.0,1.96
1a,5000,2075505,neural-fore,neural-main-oracle-bellman,-12.597198413057399,-12.591193203775864,-12.586673112426368,0.08869430280389047,-12.765034037271489,-12.41735237028024,1.0,-0.010525300631030632,-0.004520091349496269,0.4389069589973034,0.4389069589973034,0.0744722541260006,0.06556219065260278,0.027521437927573836,nan,nan,0.39387260291808796,9.238362647705813,30.572832622786645,3275.9317481624007,nan,nan,nan,nan,nan,nan,nan,nan,nan,140.0,0.011025772203628357,7.675548608566169,4000.0,1.0,0.0,nan,nan,nan,nan,nan,nan,nan,nan,nan,nan,nan,nan,nan,nan,nan,nan,0.0,"[300, 100, 100, 100, 100]","[0.003613646473632779, 0.013294241406734004, 0.002839918166758676, 0.03143915773807865, 0.00394189723293767]","[null, null, null, null, null]","[null, null, null, null, null]","[null, null, null, null, null]","[null, null, null, null, null]",,0.08869430280389047,0.08833830969164237,5.0,1.96
1a,5000,2085505,neural-fore,neural-main-oracle-bellman,-12.625345133928462,-12.690221675939426,-12.586673112426368,0.09148225712677462,-12.869526899907905,-12.510916451970948,1.0,-0.03867202150209437,-0.10354856351305841,0.5851999362807945,0.5851999362807945,0.08748898510886331,0.07642970610072,0.02953893778462351,nan,nan,0.30884962829857354,9.262117517426393,34.31033461566539,3164.3026837937655,nan,nan,nan,nan,nan,nan,nan,nan,nan,180.0,0.004701184688825054,8.128131033002864,4000.0,1.0,0.0,nan,nan,nan,nan,nan,nan,nan,nan,nan,nan,nan,nan,nan,nan,nan,nan,0.0,"[300, 100, 100, 100, 300]","[0.002955645578250026, 0.0075551558701516695, 0.0016545934806539465, 0.011340528515069628, 0.0]","[null, null, null, null, null]","[null, null, null, null, null]","[null, null, null, null, null]","[null, null, null, null, null]",,0.09148225712677462,0.07707086102255284,5.0,1.96
1a,5000,2095505,neural-fore,neural-main-oracle-bellman,-12.680462170903073,-12.734424016903294,-12.586673112426368,0.08960040582151217,-12.910040812313458,-12.55880722149313,1.0,-0.09378905847670538,-0.14775090447692563,0.7180089808490921,0.7180089808490921,0.09847328949543821,0.08558334271047784,0.035546338370014675,nan,nan,0.4329506204260106,9.066109018607408,29.469942448752843,3304.328500339888,nan,nan,nan,nan,nan,nan,nan,nan,nan,100.0,0.005406570077371098,7.265401182579808,4000.0,1.0,0.0,nan,nan,nan,nan,nan,nan,nan,nan,nan,nan,nan,nan,nan,nan,nan,nan,0.0,"[100, 100, 100, 100, 100]","[0.003971265548791371, 0.0, 0.008447247514595954, 0.008264065114091284, 0.006350272209376879]","[null, null, null, null, null]","[null, null, null, null, null]","[null, null, null, null, null]","[null, null, null, null, null]",,0.08960040582151217,0.09480257559476445,5.0,1.96
1a,5000,2105505,neural-fore,neural-main-oracle-bellman,-12.623014218140069,-12.525365183610019,-12.586673112426368,0.08612601309893117,-12.694172169283924,-12.356558197936113,1.0,-0.03634110571370108,0.06130792881634939,0.49790189627535303,0.49790189627535303,0.1041368250636138,0.0972004430250671,0.033900209331548706,nan,nan,0.3315614337048566,9.57999998093953,30.52921536953853,3329.680468488845,nan,nan,nan,nan,nan,nan,nan,nan,nan,220.0,0.006689250168569187,11.689942524651997,4000.0,1.0,0.0,nan,nan,nan,nan,nan,nan,nan,nan,nan,nan,nan,nan,nan,nan,nan,nan,0.0,"[100, 100, 300, 300, 300]","[0.004741096803851906, 0.004021019050350427, 0.006435694519996977, 0.00797165241496746, 0.010276788053679166]","[null, null, null, null, null]","[null, null, null, null, null]","[null, null, null, null, null]","[null, null, null, null, null]",,0.08612601309893117,0.10565336766663731,5.0,1.96
1a,5000,2115505,neural-fore,neural-main-oracle-bellman,-12.433288148727966,-12.431279017232448,-12.586673112426368,0.08187518953588621,-12.591754388722785,-12.270803645742111,1.0,0.15338496369840193,0.15539409519391967,0.537580043465814,0.537580043465814,0.09796275171145266,0.08539948090432944,0.04743383936066502,nan,nan,0.31956132087280564,9.438727895743911,26.960823359571517,3394.6172164892614,nan,nan,nan,nan,nan,nan,nan,nan,nan,180.0,0.005622670388406548,10.705722566600889,4000.0,1.0,0.0,nan,nan,nan,nan,nan,nan,nan,nan,nan,nan,nan,nan,nan,nan,nan,nan,0.0,"[300, 300, 100, 100, 100]","[0.00964848784594842, 0.0008767628616880925, 0.007741311335333263, 0.007567701747108822, 0.0022790881519541427]","[null, null, null, null, null]","[null, null, null, null, null]","[null, null, null, null, null]","[null, null, null, null, null]",,0.08187518953588621,0.049312224676750824,5.0,1.96
1a,5000,2125505,neural-fore,neural-main-oracle-bellman,-12.640102783275804,-12.65964032611768,-12.586673112426368,0.08913293552338757,-12.83434087974352,-12.48493977249184,1.0,-0.05342967084943595,-0.07296721369131198,0.5796436787723752,0.5796436787723752,0.09054149656227552,0.08422205010081876,0.02752157057776624,nan,nan,0.24831968079326197,9.479611334164101,31.13755955777085,3240.171038017731,nan,nan,nan,nan,nan,nan,nan,nan,nan,180.0,0.0007988885521268314,10.82451168341795,4000.0,1.0,0.0,nan,nan,nan,nan,nan,nan,nan,nan,nan,nan,nan,nan,nan,nan,nan,nan,0.0,"[100, 300, 100, 100, 300]","[0.0030504548923174953, 0.0, 0.0009439878683166621, 0.0, 0.0]","[null, null, null, null, null]","[null, null, null, null, null]","[null, null, null, null, null]","[null, null, null, null, null]",,0.08913293552338757,0.07966376031600896,5.0,1.96
1a,5000,2135505,neural-fore,neural-main-oracle-bellman,-12.533546264587342,-12.525815938754832,-12.586673112426368,0.08534751395379947,-12.69309706610428,-12.358534811405384,1.0,0.053126847839026325,0.0608571736715362,0.832759544116312,0.832759544116312,0.12953132152636967,0.12417817759699515,0.039662006828603276,nan,nan,0.24049142228524004,9.53477605995138,28.72962689030013,3327.1154253048676,nan,nan,nan,nan,nan,nan,nan,nan,nan,220.0,0.004856414511965903,11.66933159159962,4000.0,1.0,0.0,nan,nan,nan,nan,nan,nan,nan,nan,nan,nan,nan,nan,nan,nan,nan,nan,0.0,"[100, 300, 300, 100, 300]","[0.0043463902947975365, 0.0, 0.008522870880554164, 0.007483417199437698, 0.0039293941850401136]","[null, null, null, null, null]","[null, null, null, null, null]","[null, null, null, null, null]","[null, null, null, null, null]",,0.08534751395379947,0.04014895048120937,5.0,1.96
1a,5000,2145505,neural-fore,neural-main-oracle-bellman,-12.513173987929624,-12.453009626023917,-12.586673112426368,0.08343561076207491,-12.616543423117584,-12.28947582893025,1.0,0.07349912449674356,0.13366348640245107,0.7646966690811379,0.7646966690811379,0.11404248160808006,0.09255440089617503,0.036955909082723816,nan,nan,0.24213840371448953,9.700708602160741,27.92714687559439,3367.0201697376096,nan,nan,nan,nan,nan,nan,nan,nan,nan,260.0,0.004148235689321067,12.29616362497909,4000.0,1.0,0.0,nan,nan,nan,nan,nan,nan,nan,nan,nan,nan,nan,nan,nan,nan,nan,nan,0.0,"[300, 300, 100, 300, 300]","[0.002362833500919478, 0.004214120771953299, 0.01055392380924331, 0.003610300364489251, 0.0]","[null, null, null, null, null]","[null, null, null, null, null]","[null, null, null, null, null]","[null, null, null, null, null]",,0.08343561076207491,0.10906551470326213,5.0,1.96
1a,5000,2155505,neural-fore,neural-main-oracle-bellman,-12.48538711951721,-12.459539262690038,-12.586673112426368,0.0846916430999399,-12.62553488316592,-12.293543642214155,1.0,0.1012859929091583,0.1271338497363299,0.6778866870549793,0.6778866870549793,0.11798922037039235,0.08563105407637588,0.028506458445402106,nan,nan,0.4002538755244271,9.210064515818921,29.853810891009125,3344.060721354296,nan,nan,nan,nan,nan,nan,nan,nan,nan,100.0,0.009520843705639732,9.688621016591787,4000.0,1.0000000000000002,0.0,nan,nan,nan,nan,nan,nan,nan,nan,nan,nan,nan,nan,nan,nan,nan,nan,0.0,"[100, 100, 100, 100, 100]","[0.010086057141111599, 0.003052194135646757, 0.01649145142548858, 0.009288138521588727, 0.008686377304363004]","[null, null, null, null, null]","[null, null, null, null, null]","[null, null, null, null, null]","[null, null, null, null, null]",,0.0846916430999399,0.06344216966871143,5.0,1.96
1a,5000,2165505,neural-fore,neural-main-oracle-bellman,-12.66323551199763,-12.585139198071316,-12.586673112426368,0.08859379831537706,-12.758783042769455,-12.411495353373176,1.0,-0.07656239957126232,0.001533914355052346,0.6272161153591741,0.6272161153591741,0.1013848163950161,0.07297475181328164,0.024046351701891858,nan,nan,0.2780880189828425,9.215269549250085,30.1163567397813,3237.3139482311144,nan,nan,nan,nan,nan,nan,nan,nan,nan,180.0,0.008231768880015585,10.868143000162672,4000.0,0.9999999999999998,0.0,nan,nan,nan,nan,nan,nan,nan,nan,nan,nan,nan,nan,nan,nan,nan,nan,0.0,"[100, 300, 100, 100, 300]","[0.00610772774321333, 0.007574324573018901, 0.0060287046520867155, 0.02068215890091089, 0.0007659285308480847]","[null, null, null, null, null]","[null, null, null, null, null]","[null, null, null, null, null]","[null, null, null, null, null]",,0.08859379831537706,0.08027588852468893,5.0,1.96
1a,5000,2175505,neural-fore,neural-main-oracle-bellman,-12.481068456234429,-12.437046762649645,-12.586673112426368,0.08506442034740243,-12.603773026530554,-12.270320498768736,1.0,0.10560465619193948,0.14962634977672273,0.5018483106987843,0.5018483106987843,0.07787946937812565,0.07320671022560252,0.03371649444626821,nan,nan,0.3046464294562669,9.614785833483037,30.423879111837277,3315.231634509094,nan,nan,nan,nan,nan,nan,nan,nan,nan,220.0,0.0037573042597371805,11.612997141014784,4000.0,1.0,0.0,nan,nan,nan,nan,nan,nan,nan,nan,nan,nan,nan,nan,nan,nan,nan,nan,0.0,"[300, 100, 300, 300, 100]","[0.004837350730276618, 0.003564424843451634, 0.003964748480072015, 0.0019107844345962173, 0.004509212810289419]","[null, null, null, null, null]","[null, null, null, null, null]","[null, null, null, null, null]","[null, null, null, null, null]",,0.08506442034740243,0.09842535086933726,5.0,1.96
1a,5000,2185505,neural-fore,neural-main-oracle-bellman,-12.544180137785151,-12.537978284426677,-12.586673112426368,0.08411348924572774,-12.702840723348302,-12.373115845505051,1.0,0.04249297464121682,0.04869482799969127,0.7454731564505208,0.7454731564505208,0.13285468799048425,0.1176744698255792,0.036425167076918584,nan,nan,0.27133845240488297,9.537248807217159,29.15514158822366,3311.9898299583533,nan,nan,nan,nan,nan,nan,nan,nan,nan,180.0,0.00931302628650034,11.225243800191674,4000.0,1.0,0.0,nan,nan,nan,nan,nan,nan,nan,nan,nan,nan,nan,nan,nan,nan,nan,nan,0.0,"[300, 300, 100, 100, 100]","[0.0087912227205476, 0.0022553037287063424, 0.00650282109662031, 0.018028545118065, 0.010987238768562448]","[null, null, null, null, null]","[null, null, null, null, null]","[null, null, null, null, null]","[null, null, null, null, null]",,0.08411348924572774,0.060579703063603996,5.0,1.96
1a,5000,2195505,neural-fore,neural-main-oracle-bellman,-12.559736987991908,-12.611159253506473,-12.586673112426368,0.08839081712280698,-12.784405255067176,-12.437913251945771,1.0,0.02693612443446014,-0.024486141080105384,0.5104001895878916,0.5104001895878916,0.07207171095017798,0.06439549042135011,0.03965643148620456,nan,nan,0.37827960599727134,9.08063305689849,31.04359101569152,3227.3611868720695,nan,nan,nan,nan,nan,nan,nan,nan,nan,140.0,0.006500512596924047,9.656288350198883,4000.0,1.0,0.0,nan,nan,nan,nan,nan,nan,nan,nan,nan,nan,nan,nan,nan,nan,nan,nan,0.0,"[300, 100, 100, 100, 100]","[0.004892939072143811, 4.1807909424140637e-05, 0.02385273955183915, 0.0, 0.003715076451213133]","[null, null, null, null, null]","[null, null, null, null, null]","[null, null, null, null, null]","[null, null, null, null, null]",,0.08839081712280698,0.06488026797288245,5.0,1.96
1a,5000,2205505,neural-fore,neural-main-oracle-bellman,-12.60768393846907,-12.560948730932981,-12.586673112426368,0.0861605255778465,-12.729823361065561,-12.392074100800402,1.0,-0.021010826042701325,0.025724381493386517,0.6155626124086317,0.6155626124086317,0.07213635735678432,0.06223070183334457,0.04177486848763778,nan,nan,0.27077738161585657,9.528772694810886,28.470132465982882,3259.326764552149,nan,nan,nan,nan,nan,nan,nan,nan,nan,220.0,0.0017710454515843534,11.37345180781558,4000.0,1.0,0.0,nan,nan,nan,nan,nan,nan,nan,nan,nan,nan,nan,nan,nan,nan,nan,nan,0.0,"[300, 300, 100, 300, 100]","[0.002879702787509627, 0.0, 0.002024506541244013, 0.0, 0.003951017929168128]","[null, null, null, null, null]","[null, null, null, null, null]","[null, null, null, null, null]","[null, null, null, null, null]",,0.0861605255778465,0.10703655244090117,5.0,1.96
1a,5000,2215505,neural-fore,neural-main-oracle-bellman,-12.704823488009698,-12.669123194589263,-12.586673112426368,0.08967218930409605,-12.844880685625292,-12.493365703553234,1.0,-0.11815037558332975,-0.08245008216289484,0.4980979353094842,0.4980979353094842,0.07400375394278381,0.0657529227197003,0.03032847440310464,nan,nan,0.2739244740776717,9.388963189478318,31.166238953237016,3214.8238352615854,nan,nan,nan,nan,nan,nan,nan,nan,nan,180.0,0.007429467083602012,10.568527375371195,4000.0,0.9999999999999998,0.0,nan,nan,nan,nan,nan,nan,nan,nan,nan,nan,nan,nan,nan,nan,nan,nan,0.0,"[100, 300, 300, 100, 100]","[0.0124312185212189, 0.005195964513864919, 0.0, 0.0017885556881960538, 0.017731596694730185]","[null, null, null, null, null]","[null, null, null, null, null]","[null, null, null, null, null]","[null, null, null, null, null]",,0.08967218930409605,0.09684625163791372,5.0,1.96
1a,5000,2225505,neural-fore,neural-main-oracle-bellman,-12.705639697273588,-12.655422766137944,-12.586673112426368,0.08827576348621714,-12.82844326257093,-12.482402269704957,1.0,-0.11896658484721989,-0.06874965371157593,0.7086637462532023,0.7086637462532023,0.12284797025049003,0.09080136784334819,0.03274030164432689,nan,nan,0.3648776642284226,9.424566675958452,29.29399846721801,3305.778471129434,nan,nan,nan,nan,nan,nan,nan,nan,nan,140.0,0.0051252762724993736,9.864485349995084,4000.0,1.0,0.0,nan,nan,nan,nan,nan,nan,nan,nan,nan,nan,nan,nan,nan,nan,nan,nan,0.0,"[100, 100, 100, 100, 300]","[0.005227424911847505, 0.0037607236744647997, 0.007201076376491671, 0.009437156399692894, 0.0]","[null, null, null, null, null]","[null, null, null, null, null]","[null, null, null, null, null]","[null, null, null, null, null]",,0.08827576348621714,0.1289818222842977,5.0,1.96
1a,5000,2235505,neural-fore,neural-main-oracle-bellman,-12.6368869986825,-12.634770091771763,-12.586673112426368,0.08920384996141291,-12.809609637696132,-12.459930545847394,1.0,-0.05021388625613277,-0.04809697934539514,0.42858146860443946,0.42858146860443946,0.08071505016502402,0.0672876147250097,0.03999553887272345,nan,nan,0.3786038026207502,9.402802536834963,31.711338289350053,3243.378018117332,nan,nan,nan,nan,nan,nan,nan,nan,nan,140.0,0.005143612973467724,9.873085699789225,4000.0,1.0,0.0,nan,nan,nan,nan,nan,nan,nan,nan,nan,nan,nan,nan,nan,nan,nan,nan,0.0,"[300, 100, 100, 100, 100]","[0.002278061740677487, 0.005035993036340326, 0.005314053995149946, 0.0015880489372706763, 0.011501907157900185]","[null, null, null, null, null]","[null, null, null, null, null]","[null, null, null, null, null]","[null, null, null, null, null]",,0.08920384996141291,0.12367917715029099,5.0,1.96
1a,5000,2245505,neural-fore,neural-main-oracle-bellman,-12.540997288312518,-12.473493971668491,-12.586673112426368,0.08155237424128906,-12.633336625181418,-12.313651318155564,1.0,0.04567582411385018,0.11317914075787705,0.4935396962387699,0.4935396962387699,0.0891914616760758,0.07394789265875712,0.03678393147799641,nan,nan,0.2801658552122823,9.668661500397041,27.028113669790105,3393.70750414311,nan,nan,nan,nan,nan,nan,nan,nan,nan,220.0,0.0069879777469368225,11.52051537440857,4000.0,1.0,0.0,nan,nan,nan,nan,nan,nan,nan,nan,nan,nan,nan,nan,nan,nan,nan,nan,0.0,"[300, 300, 300, 100, 100]","[0.0038943049203161483, 0.0, 0.0, 0.022700792360122075, 0.008344791454245893]","[null, null, null, null, null]","[null, null, null, null, null]","[null, null, null, null, null]","[null, null, null, null, null]",,0.08155237424128906,0.08439841360265832,5.0,1.96
1a,5000,2255505,neural-fore,neural-main-oracle-bellman,-12.594546763501839,-12.591374735891335,-12.586673112426368,0.08709457056870025,-12.762080094205988,-12.420669377576683,1.0,-0.007873651075470889,-0.004701623464967497,0.44880251985792646,0.44880251985792646,0.09431193734763946,0.0831858857511388,0.02443774044673357,nan,nan,0.33286261784585763,9.48264355381382,32.14908284679331,3270.0033085897458,nan,nan,nan,nan,nan,nan,nan,nan,nan,180.0,0.0026822095644834314,10.551076300407294,4000.0,1.0,0.0,nan,nan,nan,nan,nan,nan,nan,nan,nan,nan,nan,nan,nan,nan,nan,nan,0.0,"[300, 100, 300, 100, 100]","[0.0025122018295470195, 0.0, 0.0, 0.003872666602475118, 0.007026179390395021]","[null, null, null, null, null]","[null, null, null, null, null]","[null, null, null, null, null]","[null, null, null, null, null]",,0.08709457056870025,0.14017912487484255,5.0,1.96
1a,5000,2265505,neural-fore,neural-main-oracle-bellman,-12.514001623497766,-12.549624818463055,-12.586673112426368,0.08502022922173633,-12.716264467737659,-12.382985169188451,1.0,0.0726714889286022,0.03704829396331277,0.9041428009697812,0.9041428009697812,0.11490410390110714,0.10103730684271375,0.0623126855932783,nan,nan,0.27265378117609834,9.455196845029636,28.701095980132887,3335.1273323001615,nan,nan,nan,nan,nan,nan,nan,nan,nan,220.0,0.001690901115867495,11.404860899760388,4000.0,1.0,0.0,nan,nan,nan,nan,nan,nan,nan,nan,nan,nan,nan,nan,nan,nan,nan,nan,0.0,"[300, 300, 300, 100, 100]","[0.0001609370463712217, 0.003416917570914387, 0.0007872369078725286, 0.0017148245434442228, 0.0023745895107351147]","[null, null, null, null, null]","[null, null, null, null, null]","[null, null, null, null, null]","[null, null, null, null, null]",,0.08502022922173633,0.12414914531787814,5.0,1.96
1a,5000,2275505,neural-fore,neural-main-oracle-bellman,-12.620903383196222,-12.545955717611808,-12.586673112426368,0.08489836869834244,-12.712356520260558,-12.379554914963057,1.0,-0.03423027076985363,0.04071739481456049,0.5345956553146803,0.5345956553146803,0.07512601438401827,0.06401355416453777,0.035131964808539744,nan,nan,0.29467670208902796,9.511291679193903,28.283872288610834,3312.7662963420253,nan,nan,nan,nan,nan,nan,nan,nan,nan,180.0,0.007239602803889547,11.163273249799385,4000.0,1.0,0.0,nan,nan,nan,nan,nan,nan,nan,nan,nan,nan,nan,nan,nan,nan,nan,nan,0.0,"[300, 100, 300, 100, 100]","[0.0, 0.004548220332622948, 0.007860254155870971, 0.011483121122668442, 0.012306418408285377]","[null, null, null, null, null]","[null, null, null, null, null]","[null, null, null, null, null]","[null, null, null, null, null]",,0.08489836869834244,0.11204799937431112,5.0,1.96
1a,5000,2285505,neural-fore,neural-main-oracle-bellman,-12.74346297150342,-12.673854319560219,-12.586673112426368,0.08843791046028995,-12.847192624062387,-12.50051601505805,1.0,-0.15678985907705112,-0.08718120713385069,0.5291208519513416,0.5291208519513416,0.09183796018387394,0.08682850907431088,0.03345812371760186,nan,nan,0.3172448964469534,9.367775071427054,29.011121490293775,3296.8532334823494,nan,nan,nan,nan,nan,nan,nan,nan,nan,140.0,0.0034864165309978997,9.971615458792076,4000.0,1.0,0.0,nan,nan,nan,nan,nan,nan,nan,nan,nan,nan,nan,nan,nan,nan,nan,nan,0.0,"[100, 100, 100, 300, 100]","[0.006643952513885407, 0.0034296996114234982, 0.0013363168628111484, 0.0012931123258871267, 0.004729001340982319]","[null, null, null, null, null]","[null, null, null, null, null]","[null, null, null, null, null]","[null, null, null, null, null]",,0.08843791046028995,0.07139295590851322,5.0,1.96
1a,5000,2295505,neural-fore,neural-main-oracle-bellman,-12.708933765561834,-12.635948387184769,-12.586673112426368,0.08731183449539574,-12.807079582795744,-12.464817191573793,1.0,-0.12226065313546641,-0.049275274758400656,0.6529404386279499,0.6529404386279499,0.11783888883624458,0.09986000714185739,0.029337847398899046,nan,nan,0.26943442492290065,9.46243095233095,28.73386707198848,3297.156507353396,nan,nan,nan,nan,nan,nan,nan,nan,nan,180.0,0.013759535111272647,10.621900932851712,4000.0,1.0,0.0,nan,nan,nan,nan,nan,nan,nan,nan,nan,nan,nan,nan,nan,nan,nan,nan,0.0,"[100, 100, 100, 300, 300]","[0.02067816571985265, 0.016827182985029953, 0.018716147194090465, 0.0011189281437427123, 0.011457251513647446]","[null, null, null, null, null]","[null, null, null, null, null]","[null, null, null, null, null]","[null, null, null, null, null]",,0.08731183449539574,0.08503773690416673,5.0,1.96
1a,5000,2305505,neural-fore,neural-main-oracle-bellman,-12.531672047616244,-12.5091898795563,-12.586673112426368,0.08421899669223545,-12.674259113073083,-12.344120646039519,1.0,0.055001064810124234,0.0774832328700672,0.959628530389874,0.959628530389874,0.10910805755518213,0.10948512994963315,0.03973419793399126,nan,nan,0.27250283103620193,9.463001531915404,28.027618060804034,3365.269326566093,nan,nan,nan,nan,nan,nan,nan,nan,nan,180.0,0.004521791840101206,10.682351042155641,4000.0,1.0,0.0,nan,nan,nan,nan,nan,nan,nan,nan,nan,nan,nan,nan,nan,nan,nan,nan,0.0,"[100, 100, 300, 300, 100]","[0.010289722441110935, 0.001647518146067857, 0.002366680154609362, 0.0010254110012853281, 0.007279627457432554]","[null, null, null, null, null]","[null, null, null, null, null]","[null, null, null, null, null]","[null, null, null, null, null]",,0.08421899669223545,0.08192366540391503,5.0,1.96
1a,5000,2315505,neural-fore,neural-main-oracle-bellman,-12.607988488316405,-12.578057871679308,-12.586673112426368,0.0901947562823428,-12.754839593992699,-12.401276149365916,1.0,-0.021315375890036847,0.008615240747060326,0.6037361758085203,0.6037361758085203,0.11224728275269844,0.09064599327098113,0.03822036702069225,nan,nan,0.3507306443996502,9.241984036575007,33.695260094986786,3220.5836299328867,nan,nan,nan,nan,nan,nan,nan,nan,nan,180.0,0.0029141552554102224,10.636278833635151,4000.0,1.0,0.0,nan,nan,nan,nan,nan,nan,nan,nan,nan,nan,nan,nan,nan,nan,nan,nan,0.0,"[100, 100, 300, 100, 300]","[0.0, 0.0027187149664005712, 0.006411184423243205, 0.003965466870077931, 0.001475410017329406]","[null, null, null, null, null]","[null, null, null, null, null]","[null, null, null, null, null]","[null, null, null, null, null]",,0.0901947562823428,0.08879220355242526,5.0,1.96
1a,5000,2325505,neural-fore,neural-main-oracle-bellman,-12.609088250048796,-12.666191661462813,-12.586673112426368,0.09289448707845217,-12.848264856136579,-12.484118466789047,1.0,-0.02241513762242775,-0.07951854903644495,0.47318117591338904,0.47318117591338904,0.07181629923541658,0.05884673197578044,0.03897931945010678,nan,nan,0.36053756490444994,9.022573429123788,33.190747367212836,3136.4775263136657,nan,nan,nan,nan,nan,nan,nan,nan,nan,140.0,0.005437909181367653,9.790839932777454,4000.0,1.0,0.0,nan,nan,nan,nan,nan,nan,nan,nan,nan,nan,nan,nan,nan,nan,nan,nan,0.0,"[300, 100, 100, 100, 100]","[0.0, 0.0, 0.008015535560067752, 0.016947862083437952, 0.002226148263332562]","[null, null, null, null, null]","[null, null, null, null, null]","[null, null, null, null, null]","[null, null, null, null, null]",,0.09289448707845217,0.12964417330778527,5.0,1.96
1a,5000,2335505,neural-fore,neural-main-oracle-bellman,-12.717221384077085,-12.717893346558444,-12.586673112426368,0.08988794686804849,-12.894073722419819,-12.54171297069707,1.0,-0.13054827165071714,-0.13122023413207629,0.6078798672281005,0.6078798672281005,0.09453388064392222,0.08605617285256792,0.03728387920456949,nan,nan,0.3165257342041376,9.242850784533907,29.37357874721302,3271.031654222333,nan,nan,nan,nan,nan,nan,nan,nan,nan,100.0,0.01588359433377364,9.13519142504083,4000.0,1.0,0.0,nan,nan,nan,nan,nan,nan,nan,nan,nan,nan,nan,nan,nan,nan,nan,nan,0.0,"[100, 100, 100, 100, 100]","[0.007417003137758373, 0.020182519440039254, 0.02328611255969437, 0.00431279047082719, 0.024219546060549022]","[null, null, null, null, null]","[null, null, null, null, null]","[null, null, null, null, null]","[null, null, null, null, null]",,0.08988794686804849,0.08773463420567042,5.0,1.96
1a,5000,2345505,neural-fore,neural-main-oracle-bellman,-12.550273461706164,-12.489450554734887,-12.586673112426368,0.0851835501465077,-12.656410313022041,-12.322490796447733,1.0,0.036399650720204235,0.09722255769148092,0.4266692981773527,0.4266692981773527,0.08708034321275082,0.07873218452537194,0.04412924367199237,nan,nan,0.20902643043750688,9.38666971953468,29.83214290994852,3259.4883155465873,nan,nan,nan,nan,nan,nan,nan,nan,nan,300.0,0.0031410196968378727,13.206496166379656,4000.0,1.0,0.0,nan,nan,nan,nan,nan,nan,nan,nan,nan,nan,nan,nan,nan,nan,nan,nan,0.0,"[300, 300, 300, 300, 300]","[0.003683986421861092, 0.0, 0.006745940784103768, 0.005275171278224501, 0.0]","[null, null, null, null, null]","[null, null, null, null, null]","[null, null, null, null, null]","[null, null, null, null, null]",,0.0851835501465077,0.09889368744265105,5.0,1.96
1a,5000,2355505,neural-fore,neural-main-oracle-bellman,-12.60527059537986,-12.574051888945021,-12.586673112426368,0.08956462909916439,-12.749598561979383,-12.39850521591066,1.0,-0.01859748295349206,0.012621223481346533,0.5582201096615522,0.5582201096615522,0.08289039062201523,0.06502681115309542,0.03532071682817921,nan,nan,0.328449577205498,9.33549511755244,31.024781860285795,3276.9511227458347,nan,nan,nan,nan,nan,nan,nan,nan,nan,140.0,0.0073715292908282035,9.698363591381348,4000.0,1.0,0.0,nan,nan,nan,nan,nan,nan,nan,nan,nan,nan,nan,nan,nan,nan,nan,nan,0.0,"[100, 300, 100, 100, 100]","[0.007192670060296121, 0.006054104872577565, 0.006053434608168683, 0.009740127281070496, 0.007817309632028152]","[null, null, null, null, null]","[null, null, null, null, null]","[null, null, null, null, null]","[null, null, null, null, null]",,0.08956462909916439,0.06094314680650212,5.0,1.96
1a,5000,2365505,neural-fore,neural-main-oracle-bellman,-12.498649145411452,-12.418685647736206,-12.586673112426368,0.08211292865688277,-12.579626987903696,-12.257744307568716,0.0,0.08802396701491588,0.16798746469016201,0.35131989628634697,0.35131989628634697,0.08196296961972165,0.07615477200046619,0.0312938395501649,nan,nan,0.2544184714252315,9.83991441844292,29.308221552365715,3344.3720291534255,nan,nan,nan,nan,nan,nan,nan,nan,nan,220.0,0.005073323846539029,11.865525758184958,4000.0,1.0,0.0,nan,nan,nan,nan,nan,nan,nan,nan,nan,nan,nan,nan,nan,nan,nan,nan,0.0,"[300, 300, 100, 100, 300]","[0.0017750874516535313, 0.0, 0.009421421136918176, 0.008307884449575248, 0.005862226194548195]","[null, null, null, null, null]","[null, null, null, null, null]","[null, null, null, null, null]","[null, null, null, null, null]",,0.08211292865688277,0.07952568479311764,5.0,1.96
1a,5000,2375505,neural-fore,neural-main-oracle-bellman,-12.595297851577069,-12.584475023471295,-12.586673112426368,0.08534277466187315,-12.751746861808567,-12.417203185134024,1.0,-0.008624739150700833,0.0021980889550725635,0.7760152806006995,0.7760152806006995,0.10672429484123694,0.09255235699388936,0.033896592272619826,nan,nan,0.3238322503888954,9.571371074791514,27.117321330340623,3375.834446281609,nan,nan,nan,nan,nan,nan,nan,nan,nan,140.0,0.008985607809111177,9.890429841598962,4000.0,1.0000000000000002,0.0,nan,nan,nan,nan,nan,nan,nan,nan,nan,nan,nan,nan,nan,nan,nan,nan,0.0,"[100, 100, 100, 300, 100]","[0.012114447158474354, 0.02317145292633545, 0.0, 0.006486945221923902, 0.003155193738822173]","[null, null, null, null, null]","[null, null, null, null, null]","[null, null, null, null, null]","[null, null, null, null, null]",,0.08534277466187315,0.08677057280095088,5.0,1.96
1a,5000,2385505,neural-fore,neural-main-oracle-bellman,-12.579322075748147,-12.547923283194516,-12.586673112426368,0.08472605915921626,-12.71398635914658,-12.381860207242452,1.0,0.007351036678221234,0.03874982923185222,0.7077752480986894,0.7077752480986894,0.10153605977046536,0.0824740789133345,0.040893173570449234,nan,nan,0.23153000776129715,9.306838368404811,26.442198409775607,3343.670222396478,nan,nan,nan,nan,nan,nan,nan,nan,nan,220.0,0.0040614179775334365,11.390971141401678,4000.0,1.0,0.0,nan,nan,nan,nan,nan,nan,nan,nan,nan,nan,nan,nan,nan,nan,nan,nan,0.0,"[100, 300, 300, 300, 100]","[0.0030390278511510187, 0.003809535108274717, 0.006231474483328496, 0.0028719114651468494, 0.004355140979766104]","[null, null, null, null, null]","[null, null, null, null, null]","[null, null, null, null, null]","[null, null, null, null, null]",,0.08472605915921626,0.09558786460499683,5.0,1.96
1a,5000,2395505,neural-fore,neural-main-oracle-bellman,-12.661894730396888,-12.58208355284389,-12.586673112426368,0.08633885338147487,-12.751307705471582,-12.412859400216199,1.0,-0.07522161797052007,0.0045895595824774205,0.5681804694813707,0.5681804694813707,0.10718745463404629,0.10078175474484896,0.04627295103812716,nan,nan,0.3312209802004,9.40385435060417,26.974619016377012,3335.9802611532054,nan,nan,nan,nan,nan,nan,nan,nan,nan,220.0,0.0034850374017042127,11.554936508799438,4000.0,1.0,0.0,nan,nan,nan,nan,nan,nan,nan,nan,nan,nan,nan,nan,nan,nan,nan,nan,0.0,"[300, 100, 300, 100, 300]","[0.0, 0.0134424207313798, 0.003982766277141263, 0.0, 0.0]","[null, null, null, null, null]","[null, null, null, null, null]","[null, null, null, null, null]","[null, null, null, null, null]",,0.08633885338147487,0.06079935673635284,5.0,1.96
1a,5000,2405505,neural-fore,neural-main-oracle-bellman,-12.578665979229493,-12.510818156038024,-12.586673112426368,0.08563773439302316,-12.67866811544835,-12.342968196627698,1.0,0.00800713319687496,0.07585495638834416,0.6221829383738658,0.6221829383738658,0.11039049648789823,0.09199366881051592,0.0385258285151633,nan,nan,0.3305361317427822,9.459150721845841,29.759206725172664,3310.6100341713163,nan,nan,nan,nan,nan,nan,nan,nan,nan,180.0,0.0049812266524307215,10.50086483322084,4000.0,1.0,0.0,nan,nan,nan,nan,nan,nan,nan,nan,nan,nan,nan,nan,nan,nan,nan,nan,0.0,"[100, 100, 300, 300, 100]","[0.004177806886431158, 0.004595312055297985, 0.003198937671682899, 0.0063070587699296, 0.006627017878811966]","[null, null, null, null, null]","[null, null, null, null, null]","[null, null, null, null, null]","[null, null, null, null, null]",,0.08563773439302316,0.08380188538794041,5.0,1.96
1a,5000,2415505,neural-fore,neural-main-oracle-bellman,-12.586815627333367,-12.60280550114614,-12.586673112426368,0.08411072552571555,-12.767662523176542,-12.437948479115738,1.0,-0.00014251490699912495,-0.01613238871977174,0.5136943599677415,0.5136943599677415,0.0715998386884955,0.0666599226092283,0.03264884805828608,nan,nan,0.29694226268100155,9.569633458620064,28.364625863130147,3344.85345819885,nan,nan,nan,nan,nan,nan,nan,nan,nan,180.0,0.00656561379507709,10.7429580247961,4000.0,1.0000000000000002,0.0,nan,nan,nan,nan,nan,nan,nan,nan,nan,nan,nan,nan,nan,nan,nan,nan,0.0,"[300, 100, 100, 100, 300]","[0.003405003650689852, 0.006998433323923669, 0.01025949363336243, 0.010500500603424721, 0.0016646377639847722]","[null, null, null, null, null]","[null, null, null, null, null]","[null, null, null, null, null]","[null, null, null, null, null]",,0.08411072552571555,0.059547790097002576,5.0,1.96
1a,5000,2425505,neural-fore,neural-main-oracle-bellman,-12.453938909708429,-12.39768686391011,-12.586673112426368,0.0845168217210862,-12.56333983448344,-12.23203389333678,0.0,0.13273420271793945,0.18898624851625812,0.8616983202835214,0.8616983202835214,0.10357826421597957,0.08897459951189492,0.04794927251081748,nan,nan,0.24547595926748764,9.562475899579795,31.720805913036582,3279.2421484431,nan,nan,nan,nan,nan,nan,nan,nan,nan,220.0,0.002876972365959649,11.508399716601707,4000.0,1.0,0.0,nan,nan,nan,nan,nan,nan,nan,nan,nan,nan,nan,nan,nan,nan,nan,nan,0.0,"[300, 100, 100, 300, 300]","[0.0012600879515886135, 0.0, 0.008407932087762176, 0.004716841790447455, 0.0]","[null, null, null, null, null]","[null, null, null, null, null]","[null, null, null, null, null]","[null, null, null, null, null]",,0.0845168217210862,0.09504067416216516,5.0,1.96
1a,5000,2435505,neural-fore,neural-main-oracle-bellman,-12.46430867159772,-12.396247733370178,-12.586673112426368,0.08361175586961314,-12.56012677487462,-12.232368691865735,0.0,0.1223644408286475,0.19042537905619028,0.7639259515609154,0.7639259515609154,0.08320874817336449,0.07965592146623478,0.04703496754576369,nan,nan,0.3429394005643852,9.569136710689017,30.01800818059468,3367.403425931189,nan,nan,nan,nan,nan,nan,nan,nan,nan,220.0,0.005786814778722911,11.740672308614013,4000.0,1.0,0.0,nan,nan,nan,nan,nan,nan,nan,nan,nan,nan,nan,nan,nan,nan,nan,nan,0.0,"[100, 100, 300, 300, 300]","[0.015452688516667696, 0.008998831245916428, 8.506660608522376e-05, 0.0, 0.004397487524945202]","[null, null, null, null, null]","[null, null, null, null, null]","[null, null, null, null, null]","[null, null, null, null, null]",,0.08361175586961314,0.0446707075298074,5.0,1.96
1a,5000,2445505,neural-fore,neural-main-oracle-bellman,-12.663953730359873,-12.728569406093365,-12.586673112426368,0.09223755606761544,-12.909355015985891,-12.54778379620084,1.0,-0.07728061793350527,-0.1418962936669974,0.9514107906393597,0.9514107906393597,0.13237304472396175,0.09504937407118477,0.03229056196676584,nan,nan,0.2830813702811168,9.220565392912217,33.03981676156809,3183.3090516615325,nan,nan,nan,nan,nan,nan,nan,nan,nan,180.0,0.0045238697099574616,10.814215033198707,4000.0,1.0,0.0,nan,nan,nan,nan,nan,nan,nan,nan,nan,nan,nan,nan,nan,nan,nan,nan,0.0,"[100, 100, 300, 300, 100]","[0.00282327972891833, 0.01136807683229034, 0.0048573967503987795, 0.0, 0.003570595238179857]","[null, null, null, null, null]","[null, null, null, null, null]","[null, null, null, null, null]","[null, null, null, null, null]",,0.09223755606761544,0.12453208401460965,5.0,1.96
1a,5000,2455505,neural-fore,neural-main-oracle-bellman,-12.511478822214901,-12.502366591861934,-12.586673112426368,0.08416967112893045,-12.667339147274637,-12.337394036449231,1.0,0.07519429021146706,0.084306520564434,0.5496829368966287,0.5496829368966287,0.09936374079773366,0.09624536673440257,0.042646116742199834,nan,nan,0.29779614584510705,9.375327068934618,27.2116881501447,3345.038477148037,nan,nan,nan,nan,nan,nan,nan,nan,nan,140.0,0.009654735708635644,10.04864500038093,4000.0,1.0,0.0,nan,nan,nan,nan,nan,nan,nan,nan,nan,nan,nan,nan,nan,nan,nan,nan,0.0,"[100, 100, 100, 300, 100]","[0.005933216673991467, 0.00592850460682388, 0.026116753827140914, 0.003357355221987339, 0.006937848213234619]","[null, null, null, null, null]","[null, null, null, null, null]","[null, null, null, null, null]","[null, null, null, null, null]",,0.08416967112893045,0.05717897897413593,5.0,1.96
1a,5000,2465505,neural-fore,neural-main-oracle-bellman,-12.463710586261454,-12.403988113810001,-12.586673112426368,0.08288475202086645,-12.5664422277709,-12.241533999849104,0.0,0.12296252616491365,0.18268499861636656,0.5084823130745537,0.5084823130745537,0.0945245880073237,0.08629408182747084,0.038963018720171105,nan,nan,0.3574543846384456,9.61458526796211,28.14222356594346,3347.5404718618515,nan,nan,nan,nan,nan,nan,nan,nan,nan,180.0,0.008522937912238588,10.858476900588721,4000.0,1.0,0.0,nan,nan,nan,nan,nan,nan,nan,nan,nan,nan,nan,nan,nan,nan,nan,nan,0.0,"[100, 300, 100, 100, 300]","[0.02393939226789739, 0.0, 0.0069837668900332266, 0.007508691835652781, 0.004182838567609534]","[null, null, null, null, null]","[null, null, null, null, null]","[null, null, null, null, null]","[null, null, null, null, null]",,0.08288475202086645,0.11789790431769337,5.0,1.96
1a,5000,2475505,neural-fore,neural-main-oracle-bellman,-12.606801707383793,-12.571302675309218,-12.586673112426368,0.08915119662134456,-12.746039020687054,-12.396566329931382,1.0,-0.02012859495742525,0.01537043711715036,0.6405769707588536,0.6405769707588536,0.11180301068142606,0.10421393638071379,0.0327224991137964,nan,nan,0.32274513583493364,9.348436030215602,32.701871999628324,3208.955232998939,nan,nan,nan,nan,nan,nan,nan,nan,nan,220.0,0.004678757958013183,11.516871249780525,4000.0,1.0,0.0,nan,nan,nan,nan,nan,nan,nan,nan,nan,nan,nan,nan,nan,nan,nan,nan,0.0,"[300, 100, 300, 100, 300]","[0.0, 0.004028235455013033, 0.0, 0.015439731822751905, 0.003925822512300973]","[null, null, null, null, null]","[null, null, null, null, null]","[null, null, null, null, null]","[null, null, null, null, null]",,0.08915119662134456,0.08612406109399753,5.0,1.96
1a,5000,2485505,neural-fore,neural-main-oracle-bellman,-12.50294810035667,-12.507750938518123,-12.586673112426368,0.083749403630463,-12.67189976963383,-12.343602107402416,1.0,0.08372501206969751,0.07892217390824463,0.4644552827515015,0.4644552827515015,0.08500648791312518,0.0775028997676639,0.04417664201973193,nan,nan,0.27394071801461606,9.326040584374638,27.74041351784545,3335.166390162189,nan,nan,nan,nan,nan,nan,nan,nan,nan,100.0,0.007767984369452735,9.740756707824767,4000.0,1.0,0.0,nan,nan,nan,nan,nan,nan,nan,nan,nan,nan,nan,nan,nan,nan,nan,nan,0.0,"[100, 100, 100, 100, 100]","[0.014221407276118557, 0.00708865784577882, 0.003095080069031443, 0.006083529981740899, 0.008351246674593957]","[null, null, null, null, null]","[null, null, null, null, null]","[null, null, null, null, null]","[null, null, null, null, null]",,0.083749403630463,0.084134354410767,5.0,1.96
1a,5000,2495505,neural-fore,neural-main-oracle-bellman,-12.479415197262137,-12.49064992006861,-12.586673112426368,0.08448695632576485,-12.656244354467109,-12.32505548567011,1.0,0.10725791516423122,0.0960231923577588,0.6736927169275978,0.6736927169275978,0.11723682210098074,0.09142538909792716,0.04538979768171984,nan,nan,0.21573364279726512,9.740585654158323,29.720629631703904,3298.768040427694,nan,nan,nan,nan,nan,nan,nan,nan,nan,220.0,0.003667061338387469,11.749635825201404,4000.0,1.0,0.0,nan,nan,nan,nan,nan,nan,nan,nan,nan,nan,nan,nan,nan,nan,nan,nan,0.0,"[300, 300, 300, 100, 100]","[0.003259440899151867, 0.006863339428566175, 0.0, 0.00591824785608515, 0.002294278508134154]","[null, null, null, null, null]","[null, null, null, null, null]","[null, null, null, null, null]","[null, null, null, null, null]",,0.08448695632576485,0.08154583106501326,5.0,1.96
1a,5000,2505505,neural-fore,neural-main-oracle-bellman,-12.599593185556419,-12.607261070157877,-12.586673112426368,0.08764719451643645,-12.779049571410093,-12.435472568905661,1.0,-0.012920073130050724,-0.02058795773150912,0.6947923359983934,0.6947923359983934,0.12193952092401557,0.11243803049813986,0.04078738209138133,nan,nan,0.21502156018726862,9.27857088776248,28.5569410361735,3247.8373786149673,nan,nan,nan,nan,nan,nan,nan,nan,nan,260.0,0.0024052525368399046,12.25038673299132,4000.0,1.0,0.0,nan,nan,nan,nan,nan,nan,nan,nan,nan,nan,nan,nan,nan,nan,nan,nan,0.0,"[300, 100, 300, 300, 300]","[0.0052370073265452675, 0.002632072840768004, 0.0, 0.002215141603807956, 0.001942040913078296]","[null, null, null, null, null]","[null, null, null, null, null]","[null, null, null, null, null]","[null, null, null, null, null]",,0.08764719451643645,0.08138800776158366,5.0,1.96
1a,5000,2515505,neural-fore,neural-main-oracle-bellman,-12.732864982599203,-12.736363019049248,-12.586673112426368,0.09051665126431727,-12.91377565552731,-12.558950382571187,1.0,-0.14619187017283508,-0.1496899066228803,0.6223222397092478,0.6223222397092478,0.09619576286909337,0.08121844902654403,0.050308258546921884,nan,nan,0.43428706243484266,9.07770747699115,31.432482191821926,3269.9734180965647,nan,nan,nan,nan,nan,nan,nan,nan,nan,100.0,0.0067803679900493245,9.063031150819734,4000.0,1.0000000000000002,0.0,nan,nan,nan,nan,nan,nan,nan,nan,nan,nan,nan,nan,nan,nan,nan,nan,0.0,"[100, 100, 100, 100, 100]","[0.00677901491653225, 0.0050030665032700485, 0.01117575765243415, 0.010944000878010172, 0.0]","[null, null, null, null, null]","[null, null, null, null, null]","[null, null, null, null, null]","[null, null, null, null, null]",,0.09051665126431727,0.12718730474476536,5.0,1.96
1a,5000,2525505,neural-fore,neural-main-oracle-bellman,-12.571668435773304,-12.527387117777701,-12.586673112426368,0.08537205660851649,-12.694716348730394,-12.36005788682501,1.0,0.015004676653063598,0.05928599464866657,0.6207395862420751,0.6207395862420751,0.10407663325543157,0.09257152647345046,0.03836030599224613,nan,nan,0.30396376587296825,9.411645405898163,28.029079006524345,3333.6226929817417,nan,nan,nan,nan,nan,nan,nan,nan,nan,260.0,0.003106422859078673,12.867759933019988,4000.0,1.0,0.0,nan,nan,nan,nan,nan,nan,nan,nan,nan,nan,nan,nan,nan,nan,nan,nan,0.0,"[300, 300, 300, 300, 100]","[0.0045927456474823165, 0.0, 0.008233910248172372, 0.0, 0.0027054583997386775]","[null, null, null, null, null]","[null, null, null, null, null]","[null, null, null, null, null]","[null, null, null, null, null]",,0.08537205660851649,0.07305331520433178,5.0,1.96
1a,5000,2535505,neural-fore,neural-main-oracle-bellman,-12.626292565314715,-12.571558622508366,-12.586673112426368,0.08716705992171885,-12.742406059954934,-12.400711185061798,1.0,-0.03961945288834734,0.015114489918001794,0.9414016465111363,0.9414016465111363,0.10397898709934257,0.09351810036224247,0.03816164759936071,nan,nan,0.28452739676015415,9.609070210144129,28.907606926280614,3307.405975252954,nan,nan,nan,nan,nan,nan,nan,nan,nan,180.0,0.005542800582111823,10.73858765839832,4000.0,1.0,0.0,nan,nan,nan,nan,nan,nan,nan,nan,nan,nan,nan,nan,nan,nan,nan,nan,0.0,"[100, 100, 300, 100, 300]","[0.011352210408680277, 0.005293016894484959, 0.0, 0.010373580148541764, 0.0006951954588521165]","[null, null, null, null, null]","[null, null, null, null, null]","[null, null, null, null, null]","[null, null, null, null, null]",,0.08716705992171885,0.07100048753161463,5.0,1.96
1a,5000,2545505,neural-fore,neural-main-oracle-bellman,-12.48678662296136,-12.480579011138612,-12.586673112426368,0.08773757455696005,-12.652544657270255,-12.30861336500697,1.0,0.09988648946500867,0.10609410128775565,0.543266103924157,0.543266103924157,0.12124726009301816,0.10560634864115317,0.03470287691692973,nan,nan,0.32633829972628453,9.167866461886405,30.744253428590493,3260.628814255521,nan,nan,nan,nan,nan,nan,nan,nan,nan,140.0,0.0035886628615497485,9.803413049818483,4000.0,1.0,0.0,nan,nan,nan,nan,nan,nan,nan,nan,nan,nan,nan,nan,nan,nan,nan,nan,0.0,"[100, 100, 100, 100, 300]","[0.003941839427884639, 0.006749110766601094, 0.0030559399680398186, 0.0041964241452231875, 0.0]","[null, null, null, null, null]","[null, null, null, null, null]","[null, null, null, null, null]","[null, null, null, null, null]",,0.08773757455696005,0.08876856934734191,5.0,1.96
1a,5000,2555505,neural-fore,neural-main-oracle-bellman,-12.539746124971561,-12.509609312045642,-12.586673112426368,0.08537726686541001,-12.676948755101845,-12.342269868989439,1.0,0.046926987454806834,0.07706380038072602,0.5396317210660376,0.5396317210660376,0.07829684810016982,0.07435052698958428,0.03610205448137966,nan,nan,0.2602122336629707,9.449961977189384,29.20153159810273,3267.31175183676,nan,nan,nan,nan,nan,nan,nan,nan,nan,220.0,0.007415744429106056,11.488878716598265,4000.0,1.0,0.0,nan,nan,nan,nan,nan,nan,nan,nan,nan,nan,nan,nan,nan,nan,nan,nan,0.0,"[300, 100, 100, 300, 300]","[0.0015975667238883923, 0.002448021772501062, 0.03159058981875015, 0.0014425438303906763, 0.0]","[null, null, null, null, null]","[null, null, null, null, null]","[null, null, null, null, null]","[null, null, null, null, null]",,0.08537726686541001,0.04672294138799573,5.0,1.96
1a,5000,2565505,neural-fore,neural-main-oracle-bellman,-12.630262400338523,-12.623772874529317,-12.586673112426368,0.0893043099329585,-12.798809321997917,-12.448736427060718,1.0,-0.04358928791215533,-0.037099762102949185,0.644617796612638,0.644617796612638,0.09470458810761014,0.07798881331712024,0.04360177932169676,nan,nan,0.3795713422612764,9.253943750633056,29.802563038290725,3276.7948451287225,nan,nan,nan,nan,nan,nan,nan,nan,nan,100.0,0.010158843676749893,9.121096141601447,4000.0,1.0,0.0,nan,nan,nan,nan,nan,nan,nan,nan,nan,nan,nan,nan,nan,nan,nan,nan,0.0,"[100, 100, 100, 100, 100]","[0.03353504657831425, 0.0028246258586051756, 0.00509542544489129, 0.004584441283433556, 0.00475467921850519]","[null, null, null, null, null]","[null, null, null, null, null]","[null, null, null, null, null]","[null, null, null, null, null]",,0.0893043099329585,0.13550611035302343,5.0,1.96
1a,5000,2575505,neural-fore,neural-main-oracle-bellman,-12.77324983447819,-12.747810833728096,-12.586673112426368,0.09164052156644655,-12.92742625599833,-12.568195411457861,1.0,-0.18657672205182152,-0.16113772130172777,0.9957334784948546,0.9957334784948546,0.13494233624286353,0.13589228703807477,0.044672724323284264,nan,nan,0.2711785313136735,9.34382090202327,29.56803799208423,3181.6731684197002,nan,nan,nan,nan,nan,nan,nan,nan,nan,220.0,0.011458376312784032,11.494714924995787,4000.0,1.0,0.0,nan,nan,nan,nan,nan,nan,nan,nan,nan,nan,nan,nan,nan,nan,nan,nan,0.0,"[300, 100, 300, 300, 100]","[0.009998001111656657, 0.0053578024380222244, 0.0, 0.003549305821261902, 0.038386772192979375]","[null, null, null, null, null]","[null, null, null, null, null]","[null, null, null, null, null]","[null, null, null, null, null]",,0.09164052156644655,0.10250340141361033,5.0,1.96
1a,5000,2585505,neural-fore,neural-main-oracle-bellman,-12.534814708468263,-12.510757082527777,-12.586673112426368,0.08907064619921154,-12.685335549078232,-12.336178615977321,1.0,0.05185840395810537,0.07591602989859147,0.6918842306692661,0.6918842306692661,0.09217579035799624,0.08166839996137575,0.028879354075618115,nan,nan,0.24540017346629134,9.267740153763915,31.90410942385992,3215.756301434392,nan,nan,nan,nan,nan,nan,nan,nan,nan,220.0,0.0049058163130714484,11.571358550223522,4000.0,1.0,0.0,nan,nan,nan,nan,nan,nan,nan,nan,nan,nan,nan,nan,nan,nan,nan,nan,0.0,"[300, 300, 100, 300, 100]","[0.0021538549357502383, 0.0, 0.00873673026834384, 0.010684533967902081, 0.0029539623933610834]","[null, null, null, null, null]","[null, null, null, null, null]","[null, null, null, null, null]","[null, null, null, null, null]",,0.08907064619921154,0.08155076853876463,5.0,1.96
1a,5000,2595505,neural-fore,neural-main-oracle-bellman,-12.606415878329653,-12.571150595139873,-12.586673112426368,0.08670029201072948,-12.741083167480902,-12.401218022798844,1.0,-0.01974276590328472,0.01552251728649523,0.4562962357381523,0.4562962357381523,0.09618624355818231,0.08487046700801462,0.03075018304191129,nan,nan,0.38791917598765613,9.338220202988941,28.878378213871816,3302.6089575425717,nan,nan,nan,nan,nan,nan,nan,nan,nan,180.0,0.003515459814276145,10.883131034392864,4000.0,1.0,0.0,nan,nan,nan,nan,nan,nan,nan,nan,nan,nan,nan,nan,nan,nan,nan,nan,0.0,"[100, 300, 300, 100, 100]","[0.004302429462998232, 0.001820761665758923, 0.002770866099318947, 0.0064242286803296795, 0.0022590131629749424]","[null, null, null, null, null]","[null, null, null, null, null]","[null, null, null, null, null]","[null, null, null, null, null]",,0.08670029201072948,0.1234251514069877,5.0,1.96
1a,5000,2605505,neural-fore,neural-main-oracle-bellman,-12.615601104933582,-12.589423983961828,-12.586673112426368,0.08781189856982097,-12.761535305158677,-12.417312662764978,1.0,-0.028927992507213673,-0.002750871535459609,0.7968331872632394,0.7968331872632394,0.10450706303275847,0.09948293503835985,0.03954619754229808,nan,nan,0.3405804858369825,9.212901907973528,31.113304421653268,3250.119765855065,nan,nan,nan,nan,nan,nan,nan,nan,nan,140.0,0.003931657336964529,10.150474558759015,4000.0,1.0,0.0,nan,nan,nan,nan,nan,nan,nan,nan,nan,nan,nan,nan,nan,nan,nan,nan,0.0,"[100, 100, 100, 100, 300]","[0.0076684303572185555, 0.0035378733215115326, 8.566889072874375e-06, 0.008443416117019683, 0.0]","[null, null, null, null, null]","[null, null, null, null, null]","[null, null, null, null, null]","[null, null, null, null, null]",,0.08781189856982097,0.05541452445224419,5.0,1.96
1a,5000,2615505,neural-fore,neural-main-oracle-bellman,-12.551016657233346,-12.521099909004349,-12.586673112426368,0.08593551049083463,-12.689533509566385,-12.352666308442313,1.0,0.035656455193022296,0.06557320342201933,0.654856376810133,0.654856376810133,0.08928145281799027,0.08819495733772495,0.03275573821292433,nan,nan,0.32555597582848295,9.36655779001866,30.29310675540376,3282.048770274432,nan,nan,nan,nan,nan,nan,nan,nan,nan,140.0,0.0060254253049851205,10.24297989163315,4000.0,1.0,0.0,nan,nan,nan,nan,nan,nan,nan,nan,nan,nan,nan,nan,nan,nan,nan,nan,0.0,"[100, 100, 100, 100, 300]","[0.006623200920031571, 0.007018149210206498, 0.006654794640807173, 0.004231968718118463, 0.005599013035761897]","[null, null, null, null, null]","[null, null, null, null, null]","[null, null, null, null, null]","[null, null, null, null, null]",,0.08593551049083463,0.0903067428508208,5.0,1.96
1a,5000,2625505,neural-fore,neural-main-oracle-bellman,-12.613557766237072,-12.51826924951244,-12.586673112426368,0.08565709763670722,-12.686157160880386,-12.350381338144492,1.0,-0.02688465381070415,0.06840386291392875,0.8135515375725861,0.8135515375725861,0.10895557110243995,0.09487188643611495,0.03418057826576663,nan,nan,0.42821552534520396,9.49105827308015,29.833854287255942,3348.675954706053,nan,nan,nan,nan,nan,nan,nan,nan,nan,140.0,0.0051809839177459445,10.054251400986686,4000.0,1.0,0.0,nan,nan,nan,nan,nan,nan,nan,nan,nan,nan,nan,nan,nan,nan,nan,nan,0.0,"[100, 100, 300, 100, 100]","[0.0061921097995713895, 0.002849377086576297, 0.0, 0.007940706265479864, 0.008922726437102175]","[null, null, null, null, null]","[null, null, null, null, null]","[null, null, null, null, null]","[null, null, null, null, null]",,0.08565709763670722,0.09621890060160848,5.0,1.96
1a,5000,2635505,neural-fore,neural-main-oracle-bellman,-12.379399686814923,-12.354924972920507,-12.586673112426368,0.08229421175185188,-12.516221627954137,-12.193628317886878,0.0,0.20727342561144546,0.2317481395058607,0.673009207043134,0.673009207043134,0.11796637150209102,0.10133256027059505,0.02989224987244675,nan,nan,0.30867796731010755,9.546761524355553,30.3145090159776,3349.9000279634674,nan,nan,nan,nan,nan,nan,nan,nan,nan,180.0,0.00298599658884788,10.88828786679078,4000.0,1.0,0.0,nan,nan,nan,nan,nan,nan,nan,nan,nan,nan,nan,nan,nan,nan,nan,nan,0.0,"[300, 300, 100, 100, 100]","[0.0014415979171084781, 0.0, 0.0, 0.008804430559162316, 0.0046839544679686046]","[null, null, null, null, null]","[null, null, null, null, null]","[null, null, null, null, null]","[null, null, null, null, null]",,0.08229421175185188,0.052533623626423234,5.0,1.96
1a,5000,2645505,neural-fore,neural-main-oracle-bellman,-12.588281268970833,-12.524588853576706,-12.586673112426368,0.08536769978779975,-12.691909545160794,-12.357268161992618,1.0,-0.0016081565444654444,0.06208425884966218,0.3485026086660627,0.3485026086660627,0.06784111978908061,0.061846819722549476,0.039550004463695485,nan,nan,0.26416943830847966,9.549751412135667,28.768610397120455,3347.755132303855,nan,nan,nan,nan,nan,nan,nan,nan,nan,220.0,0.004356806200847467,12.085716483404394,4000.0,1.0,0.0,nan,nan,nan,nan,nan,nan,nan,nan,nan,nan,nan,nan,nan,nan,nan,nan,0.0,"[100, 300, 300, 300, 100]","[0.007305503091935968, 0.0036876400653959164, 0.00024252408789255658, 0.005030848394695036, 0.005517515364317859]","[null, null, null, null, null]","[null, null, null, null, null]","[null, null, null, null, null]","[null, null, null, null, null]",,0.08536769978779975,0.15419339750207142,5.0,1.96
1a,5000,2655505,neural-fore,neural-main-oracle-bellman,-12.62081365001578,-12.613850153907228,-12.586673112426368,0.08822202114182731,-12.786765315345209,-12.440934992469247,1.0,-0.034140537589411935,-0.027177041480859643,0.48907910775691316,0.48907910775691316,0.1091449949007719,0.10319741451573525,0.03782571197844028,nan,nan,0.29516946209203776,9.345387472807237,29.648960030812464,3299.9026791171486,nan,nan,nan,nan,nan,nan,nan,nan,nan,180.0,0.008912526584029136,11.02337286717957,4000.0,1.0,0.0,nan,nan,nan,nan,nan,nan,nan,nan,nan,nan,nan,nan,nan,nan,nan,nan,0.0,"[100, 100, 300, 300, 100]","[0.02996813716818269, 0.002407887333627651, 0.0027627446863810446, 0.0, 0.009423863731954293]","[null, null, null, null, null]","[null, null, null, null, null]","[null, null, null, null, null]","[null, null, null, null, null]",,0.08822202114182731,0.060741753107287806,5.0,1.96
1a,5000,2665505,neural-fore,neural-main-oracle-bellman,-12.565269118584634,-12.440330791850123,-12.586673112426368,0.08320513453768862,-12.603412855543992,-12.277248728156254,1.0,0.021403993841733637,0.1463423205762453,0.6949825617499817,0.6949825617499817,0.11260099776159209,0.09006233756693564,0.035290529467798024,nan,nan,0.25625957545032285,9.652395884543235,27.307032871024475,3360.1366780769777,nan,nan,nan,nan,nan,nan,nan,nan,nan,220.0,0.003872542456346665,11.435149924387224,4000.0,1.0,0.0,nan,nan,nan,nan,nan,nan,nan,nan,nan,nan,nan,nan,nan,nan,nan,nan,0.0,"[300, 100, 100, 300, 300]","[0.0, 0.011162134802753285, 0.00013238594772875192, 0.007786283674132522, 0.00028190785711876536]","[null, null, null, null, null]","[null, null, null, null, null]","[null, null, null, null, null]","[null, null, null, null, null]",,0.08320513453768862,0.11105832696134742,5.0,1.96
1a,5000,2675505,neural-fore,neural-main-oracle-bellman,-12.551228473204382,-12.444524727376152,-12.586673112426368,0.08318684608228592,-12.607570945697432,-12.281478509054871,1.0,0.0354446392219856,0.14214838505021632,0.6306914198721258,0.6306914198721258,0.09478957121559946,0.08961011050547671,0.024814510796390563,nan,nan,0.29683591624167227,9.466297028477836,29.078416726259867,3319.272833454884,nan,nan,nan,nan,nan,nan,nan,nan,nan,180.0,0.006147498312323049,10.583374100201763,4000.0,1.0,0.0,nan,nan,nan,nan,nan,nan,nan,nan,nan,nan,nan,nan,nan,nan,nan,nan,0.0,"[100, 100, 300, 300, 100]","[0.0011099394785571127, 0.011163630104056528, 0.004629211860545267, 0.004554421940516917, 0.009280288177939421]","[null, null, null, null, null]","[null, null, null, null, null]","[null, null, null, null, null]","[null, null, null, null, null]",,0.08318684608228592,0.13356080545084145,5.0,1.96
1a,5000,2685505,neural-fore,neural-main-oracle-bellman,-12.673144240699525,-12.695136737275257,-12.586673112426368,0.08836117861655932,-12.868324647363714,-12.521948827186801,1.0,-0.08647112827315695,-0.1084636248488895,0.3829039185083981,0.3829039185083981,0.06986012359206292,0.06517943132992551,0.04187357707213112,nan,nan,0.3371232372153407,9.215855348970322,29.046133453786766,3288.7807418422894,nan,nan,nan,nan,nan,nan,nan,nan,nan,180.0,0.007050291879153682,10.574800283182412,4000.0,1.0,0.0,nan,nan,nan,nan,nan,nan,nan,nan,nan,nan,nan,nan,nan,nan,nan,nan,0.0,"[100, 300, 100, 300, 100]","[0.023149814240012046, 0.0, 0.011114537365320979, 0.0, 0.0009871077904353843]","[null, null, null, null, null]","[null, null, null, null, null]","[null, null, null, null, null]","[null, null, null, null, null]",,0.08836117861655932,0.09560710226142154,5.0,1.96
1a,5000,2695505,neural-fore,neural-main-oracle-bellman,-12.60127658657491,-12.570539726374042,-12.586673112426368,0.08788707119940704,-12.74279838592488,-12.398281066823204,1.0,-0.014603474148541906,0.01613338605232606,0.6436636376875169,0.6436636376875169,0.09761904031700591,0.09126599320299036,0.029175170105834085,nan,nan,0.3638007270879392,9.361391386257127,29.91682732771669,3280.6799394412687,nan,nan,nan,nan,nan,nan,nan,nan,nan,140.0,0.007556899406436971,9.835200032626744,4000.0,1.0000000000000002,0.0,nan,nan,nan,nan,nan,nan,nan,nan,nan,nan,nan,nan,nan,nan,nan,nan,0.0,"[300, 100, 100, 100, 100]","[0.003698352634478866, 0.008632113947401803, 0.008368714810427577, 0.015095104126515262, 0.0019902115133613426]","[null, null, null, null, null]","[null, null, null, null, null]","[null, null, null, null, null]","[null, null, null, null, null]",,0.08788707119940704,0.026884257781576514,5.0,1.96
1a,5000,2705505,neural-fore,neural-main-oracle-bellman,-12.729121635615314,-12.663475982993406,-12.586673112426368,0.08970479062552547,-12.839297372619436,-12.487654593367376,1.0,-0.1424485231889463,-0.07680287056703783,0.8248558158252333,0.8248558158252333,0.1181844320767282,0.10281431379953028,0.0334490079681599,nan,nan,0.24505510418252288,9.273247654396819,30.60362579117446,3213.773356385436,nan,nan,nan,nan,nan,nan,nan,nan,nan,220.0,0.0027995430417538233,11.22437429104466,4000.0,1.0,0.0,nan,nan,nan,nan,nan,nan,nan,nan,nan,nan,nan,nan,nan,nan,nan,nan,0.0,"[300, 100, 300, 100, 300]","[0.0, 0.006832997703758346, 0.0, 0.00464826929763531, 0.0025164482073754615]","[null, null, null, null, null]","[null, null, null, null, null]","[null, null, null, null, null]","[null, null, null, null, null]",,0.08970479062552547,0.07862152946836679,5.0,1.96
1a,5000,2715505,neural-fore,neural-main-oracle-bellman,-12.705679722119644,-12.633366835706209,-12.586673112426368,0.08936929179877051,-12.808530647631798,-12.45820302378062,1.0,-0.11900660969327603,-0.04669372327984078,0.5630486972615132,0.5630486972615132,0.10084761588653131,0.08196828484310283,0.037283416396392786,nan,nan,0.2690738422934603,9.280878417418473,32.000747397451505,3250.6430491852475,nan,nan,nan,nan,nan,nan,nan,nan,nan,180.0,0.0048335376447186645,10.609978366608265,4000.0,1.0,0.0,nan,nan,nan,nan,nan,nan,nan,nan,nan,nan,nan,nan,nan,nan,nan,nan,0.0,"[100, 100, 300, 300, 100]","[0.0110818064253384, 0.003937453228058782, 0.001854298488698896, 0.0033931268043714347, 0.0039010032771258107]","[null, null, null, null, null]","[null, null, null, null, null]","[null, null, null, null, null]","[null, null, null, null, null]",,0.08936929179877051,0.03245557200398612,5.0,1.96
1a,5000,2725505,neural-fore,neural-main-oracle-bellman,-12.597964230098057,-12.459461785214085,-12.586673112426368,0.08838026985277543,-12.632687114125526,-12.286236456302644,1.0,-0.011291117671689221,0.127211327212283,0.8335199017860256,0.8335199017860256,0.10341078629783558,0.09228045248529668,0.04321223742092406,nan,nan,0.3497035944832285,9.394855883470392,30.82039791253643,3220.6956268233434,nan,nan,nan,nan,nan,nan,nan,nan,nan,180.0,0.010674513351622356,11.023635333403945,4000.0,1.0,0.0,nan,nan,nan,nan,nan,nan,nan,nan,nan,nan,nan,nan,nan,nan,nan,nan,0.0,"[300, 100, 100, 100, 300]","[0.0034564762998052427, 0.0, 0.025748300449942866, 0.013848096496989577, 0.010319693511374094]","[null, null, null, null, null]","[null, null, null, null, null]","[null, null, null, null, null]","[null, null, null, null, null]",,0.08838026985277543,0.11996967029825496,5.0,1.96
1a,5000,2735505,neural-fore,neural-main-oracle-bellman,-12.549362008278994,-12.557568986061657,-12.586673112426368,0.08428027796447446,-12.722758330872027,-12.392379641251287,1.0,0.03731110414737415,0.029104126364710936,0.7659429922586285,0.7659429922586285,0.10249958862449807,0.09671642175998765,0.05054233679779099,nan,nan,0.3413622392430763,9.593957892700507,27.173046192637884,3375.142259555523,nan,nan,nan,nan,nan,nan,nan,nan,nan,140.0,0.0056427415355204584,9.947517008404247,4000.0,1.0,0.0,nan,nan,nan,nan,nan,nan,nan,nan,nan,nan,nan,nan,nan,nan,nan,nan,0.0,"[300, 100, 100, 100, 100]","[0.005659944541858368, 0.0030627111972235887, 0.0033398601574018915, 0.011296933831925602, 0.004854257949192842]","[null, null, null, null, null]","[null, null, null, null, null]","[null, null, null, null, null]","[null, null, null, null, null]",,0.08428027796447446,0.10564472821434247,5.0,1.96
1a,5000,2745505,neural-fore,neural-main-oracle-bellman,-12.683597413466783,-12.658918096341434,-12.586673112426368,0.09087308969096816,-12.837029352135731,-12.480806840547137,1.0,-0.09692430104041527,-0.07224498391506629,0.5701822246842041,0.5701822246842041,0.08628920852841135,0.06749480339307892,0.029232337400052356,nan,nan,0.2656338289285992,9.35457265581043,33.24005569136068,3174.241969356868,nan,nan,nan,nan,nan,nan,nan,nan,nan,180.0,0.0056173384252563695,10.586633167229593,4000.0,1.0,0.0,nan,nan,nan,nan,nan,nan,nan,nan,nan,nan,nan,nan,nan,nan,nan,nan,0.0,"[300, 100, 300, 100, 100]","[0.004024605891686157, 0.011777387681114528, 0.0021141575324467978, 0.005518972531237961, 0.004651568489796408]","[null, null, null, null, null]","[null, null, null, null, null]","[null, null, null, null, null]","[null, null, null, null, null]",,0.09087308969096816,0.12183114021662178,5.0,1.96
1a,5000,2755505,neural-fore,neural-main-oracle-bellman,-12.631506417465248,-12.65214914485081,-12.586673112426368,0.08631168528179162,-12.821320048003122,-12.482978241698499,1.0,-0.044833305038880056,-0.06547603242444211,0.6259662649411485,0.6259662649411485,0.08519375038411772,0.08390839343646464,0.03702040046270444,nan,nan,0.25762246060266925,9.460544417345055,27.86350233682649,3317.625436844943,nan,nan,nan,nan,nan,nan,nan,nan,nan,140.0,0.008771516217579286,9.86869609161513,4000.0,1.0,0.0,nan,nan,nan,nan,nan,nan,nan,nan,nan,nan,nan,nan,nan,nan,nan,nan,0.0,"[300, 100, 100, 100, 100]","[0.0035552915338926305, 0.005569761522148317, 0.0016428750611314703, 0.02025193983390548, 0.01283771313681854]","[null, null, null, null, null]","[null, null, null, null, null]","[null, null, null, null, null]","[null, null, null, null, null]",,0.08631168528179162,0.12878531621807138,5.0,1.96
1a,5000,2765505,neural-fore,neural-main-oracle-bellman,-12.664439808604557,-12.562690455842278,-12.586673112426368,0.08512853033915549,-12.729542375307023,-12.395838536377532,1.0,-0.07776669617818932,0.023982656584090378,0.7350825146463169,0.7350825146463169,0.11624270156095642,0.09209215922321959,0.03221343857235819,nan,nan,0.35110387428013035,9.5350138708327,30.32249085833443,3306.0355318363795,nan,nan,nan,nan,nan,nan,nan,nan,nan,140.0,0.004270659050429939,9.787833874800707,4000.0,1.0,0.0,nan,nan,nan,nan,nan,nan,nan,nan,nan,nan,nan,nan,nan,nan,nan,nan,0.0,"[100, 100, 300, 100, 100]","[0.010943425770767658, 0.0, 0.0004691078860077254, 0.0036037339195741373, 0.006337027675800177]","[null, null, null, null, null]","[null, null, null, null, null]","[null, null, null, null, null]","[null, null, null, null, null]",,0.08512853033915549,0.07264582332397668,5.0,1.96
1a,5000,2775505,neural-fore,neural-main-oracle-bellman,-12.574291454832453,-12.519961920474925,-12.586673112426368,0.08527150101970547,-12.687094062473548,-12.352829778476302,1.0,0.012381657593914852,0.06671119195144293,0.5879326900584003,0.5879326900584003,0.08239472192593393,0.06745396903947408,0.030366358288457625,nan,nan,0.36358265413780844,9.367733748903106,30.161563966297646,3326.5644476487687,nan,nan,nan,nan,nan,nan,nan,nan,nan,100.0,0.008355018328412001,9.092864232987631,4000.0,1.0,0.0,nan,nan,nan,nan,nan,nan,nan,nan,nan,nan,nan,nan,nan,nan,nan,nan,0.0,"[100, 100, 100, 100, 100]","[0.008173029682476265, 0.011115806890032241, 0.015227176053125407, 0.004534419065063937, 0.002724659951362159]","[null, null, null, null, null]","[null, null, null, null, null]","[null, null, null, null, null]","[null, null, null, null, null]",,0.08527150101970547,0.047965737982502046,5.0,1.96
1a,5000,2785505,neural-fore,neural-main-oracle-bellman,-12.504757452629535,-12.483831334464572,-12.586673112426368,0.07949257850335834,-12.639636788331154,-12.32802588059799,1.0,0.08191565979683268,0.10284177796179605,0.5085857715596258,0.5085857715596258,0.10236711280896868,0.08496595900903699,0.04108210911802405,nan,nan,0.3520038424341957,9.774527118207239,25.044152265426145,3514.3899425565437,nan,nan,nan,nan,nan,nan,nan,nan,nan,100.0,0.006319106268368779,9.015613616188057,4000.0,1.0,0.0,nan,nan,nan,nan,nan,nan,nan,nan,nan,nan,nan,nan,nan,nan,nan,nan,0.0,"[100, 100, 100, 100, 100]","[0.007832198233251023, 0.003710240719934258, 0.01067527602321396, 0.007797413613177578, 0.001580402752267081]","[null, null, null, null, null]","[null, null, null, null, null]","[null, null, null, null, null]","[null, null, null, null, null]",,0.07949257850335834,0.02786427131946558,5.0,1.96
1a,5000,2795505,neural-fore,neural-main-oracle-bellman,-12.641585069615525,-12.643356707072723,-12.586673112426368,0.08839800073628731,-12.816616788515846,-12.4700966256296,1.0,-0.05491195718915698,-0.05668359464635486,0.5504730822312093,0.5504730822312093,0.07408565051704688,0.06953284840189186,0.028988439921977402,nan,nan,0.2812576598124832,9.367961427655782,29.254751386757896,3263.7137227783,nan,nan,nan,nan,nan,nan,nan,nan,nan,220.0,0.0027597639349302185,11.381435816234443,4000.0,1.0,0.0,nan,nan,nan,nan,nan,nan,nan,nan,nan,nan,nan,nan,nan,nan,nan,nan,0.0,"[300, 100, 300, 100, 300]","[0.001775064957079783, 0.004295256193210404, 0.0027646598864925803, 0.002405729064533314, 0.0025581095733350117]","[null, null, null, null, null]","[null, null, null, null, null]","[null, null, null, null, null]","[null, null, null, null, null]",,0.08839800073628731,0.05854700813751778,5.0,1.96
1a,5000,2805505,neural-fore,neural-main-oracle-bellman,-12.50701084308509,-12.446909507904568,-12.586673112426368,0.08256444896017483,-12.60873582786651,-12.285083187942625,1.0,0.07966226934127718,0.13976360452180003,0.3872799262610912,0.3872799262610912,0.06583234969489955,0.05884459605444953,0.0284889577421508,nan,nan,0.38002449560483786,9.462182872384664,26.92562872714462,3413.0079124376102,nan,nan,nan,nan,nan,nan,nan,nan,nan,140.0,0.007816261854630815,10.02613603399368,4000.0,1.0,0.0,nan,nan,nan,nan,nan,nan,nan,nan,nan,nan,nan,nan,nan,nan,nan,nan,0.0,"[100, 100, 100, 100, 300]","[0.0023390618221531888, 0.0027028535571442854, 0.022658874504287323, 0.008848980765690014, 0.00253153862387927]","[null, null, null, null, null]","[null, null, null, null, null]","[null, null, null, null, null]","[null, null, null, null, null]",,0.08256444896017483,0.12158152754057684,5.0,1.96
1a,5000,2815505,neural-fore,neural-main-oracle-bellman,-12.549111886489392,-12.534669063846984,-12.586673112426368,0.0849423264599544,-12.701156023708494,-12.368182103985474,1.0,0.03756122593697597,0.05200404857938423,0.4844483173903811,0.4844483173903811,0.06430102767340619,0.06175867703844086,0.038004593455753966,nan,nan,0.21228498285589797,9.791425407948761,27.765874563851902,3315.114937745657,nan,nan,nan,nan,nan,nan,nan,nan,nan,300.0,0.0049032159725922965,13.646920941805002,4000.0,1.0,0.0,nan,nan,nan,nan,nan,nan,nan,nan,nan,nan,nan,nan,nan,nan,nan,nan,0.0,"[300, 300, 300, 300, 300]","[0.0029489893019836178, 0.005022658396652599, 0.0, 0.004275554933260071, 0.012268877231065194]","[null, null, null, null, null]","[null, null, null, null, null]","[null, null, null, null, null]","[null, null, null, null, null]",,0.0849423264599544,0.04216901682682036,5.0,1.96
1a,5000,2825505,neural-fore,neural-main-oracle-bellman,-12.560819031871633,-12.455602629846242,-12.586673112426368,0.08314582684151275,-12.618568450455607,-12.292636809236877,1.0,0.025854080554735148,0.13107048258012632,0.8373423495180768,0.8373423495180768,0.14242094217409135,0.09450224441051147,0.037490813493104375,nan,nan,0.28147977464080226,9.50845425844328,27.18250727977114,3355.835318857929,nan,nan,nan,nan,nan,nan,nan,nan,nan,180.0,0.0030615921319843455,10.885658000246622,4000.0,1.0,0.0,nan,nan,nan,nan,nan,nan,nan,nan,nan,nan,nan,nan,nan,nan,nan,nan,0.0,"[300, 100, 100, 300, 100]","[0.0, 0.005157303889374119, 0.0, 0.0, 0.01015065677054761]","[null, null, null, null, null]","[null, null, null, null, null]","[null, null, null, null, null]","[null, null, null, null, null]",,0.08314582684151275,0.11934656606695705,5.0,1.96
1a,5000,2835505,neural-fore,neural-main-oracle-bellman,-12.582030031740816,-12.55429345262003,-12.586673112426368,0.08325436400050762,-12.717472006061024,-12.391114899179035,1.0,0.004643080685552192,0.03237965980633817,1.0330565231279147,1.0330565231279147,0.13791957275218653,0.1349298079428372,0.057934271911255,nan,nan,0.31958784973613796,9.49664089614901,27.28272800459788,3390.337170686802,nan,nan,nan,nan,nan,nan,nan,nan,nan,180.0,0.006032850153029111,10.861896733159664,4000.0,1.0,0.0,nan,nan,nan,nan,nan,nan,nan,nan,nan,nan,nan,nan,nan,nan,nan,nan,0.0,"[300, 100, 300, 100, 100]","[0.003020393497830723, 0.004230402137521454, 0.0, 0.010693441327165785, 0.012220013802627591]","[null, null, null, null, null]","[null, null, null, null, null]","[null, null, null, null, null]","[null, null, null, null, null]",,0.08325436400050762,0.08975967725001259,5.0,1.96
1a,5000,2845505,neural-fore,neural-main-oracle-bellman,-12.475983868570177,-12.452880749511536,-12.586673112426368,0.08153925066768657,-12.612697680820201,-12.29306381820287,1.0,0.11068924385619106,0.1337923629148321,0.8319300738653878,0.8319300738653878,0.11608362152766083,0.10749206023960604,0.05453540579447938,nan,nan,0.41573700005421593,9.50966572663846,27.60828832275169,3398.414328363392,nan,nan,nan,nan,nan,nan,nan,nan,nan,140.0,0.006267387490995449,10.051021808804943,4000.0,1.0,0.0,nan,nan,nan,nan,nan,nan,nan,nan,nan,nan,nan,nan,nan,nan,nan,nan,0.0,"[100, 100, 100, 100, 300]","[0.00351903930136746, 0.007529499467130235, 0.006679157397951992, 0.009966711974931888, 0.0036425293135956683]","[null, null, null, null, null]","[null, null, null, null, null]","[null, null, null, null, null]","[null, null, null, null, null]",,0.08153925066768657,0.07939518334481072,5.0,1.96
1a,5000,2855505,neural-fore,neural-main-oracle-bellman,-12.802719224959917,-12.723135648414416,-12.586673112426368,0.08932180080935746,-12.898206378000758,-12.548064918828075,1.0,-0.2160461125335491,-0.13646253598804847,0.8071404784496728,0.8071404784496728,0.1064338247809518,0.09583220804548212,0.035081161457028325,nan,nan,0.26681576143541735,9.672562494186268,28.733439022391067,3267.04607955324,nan,nan,nan,nan,nan,nan,nan,nan,nan,140.0,0.0048311900361462075,9.971158050408121,4000.0,1.0,0.0,nan,nan,nan,nan,nan,nan,nan,nan,nan,nan,nan,nan,nan,nan,nan,nan,0.0,"[100, 100, 100, 100, 300]","[0.0003351656234236765, 8.625963356366875e-05, 0.010498585318659657, 0.0050091396252856316, 0.008226799979798402]","[null, null, null, null, null]","[null, null, null, null, null]","[null, null, null, null, null]","[null, null, null, null, null]",,0.08932180080935746,0.09372516084668849,5.0,1.96
1a,5000,2865505,neural-fore,neural-main-oracle-bellman,-12.502632014803606,-12.359891862537173,-12.586673112426368,0.07969384472590743,-12.516091798199952,-12.203691926874395,0.0,0.08404109762276235,0.22678124988919457,0.6269347501868124,0.6269347501868124,0.09829563633763107,0.0905149206079352,0.0572694853863315,nan,nan,0.3309764854326977,9.734444575016884,26.55063972432247,3412.6855607533753,nan,nan,nan,nan,nan,nan,nan,nan,nan,180.0,0.005016044851658666,11.024291841790546,4000.0,1.0,0.0,nan,nan,nan,nan,nan,nan,nan,nan,nan,nan,nan,nan,nan,nan,nan,nan,0.0,"[300, 100, 300, 100, 100]","[0.0, 0.010257152737480523, 0.0025499414959881026, 0.004302600057631926, 0.007970529967192776]","[null, null, null, null, null]","[null, null, null, null, null]","[null, null, null, null, null]","[null, null, null, null, null]",,0.07969384472590743,0.11956795766517214,5.0,1.96
1a,5000,2875505,neural-fore,neural-main-oracle-bellman,-12.581068441870508,-12.526042397302293,-12.586673112426368,0.08313644129565481,-12.688989822241776,-12.36309497236281,1.0,0.00560467055585967,0.06063071512407525,0.5764201005548164,0.5764201005548164,0.08829855398406869,0.07866714255959081,0.03404781752667988,nan,nan,0.39128004647440046,9.467658422892782,27.91430566988457,3400.594678696182,nan,nan,nan,nan,nan,nan,nan,nan,nan,140.0,0.007645872015907544,10.87901265056571,4000.0,1.0,0.0,nan,nan,nan,nan,nan,nan,nan,nan,nan,nan,nan,nan,nan,nan,nan,nan,0.0,"[100, 100, 100, 300, 100]","[0.004323227122099923, 0.013291411124555985, 0.014347615221189724, 0.0, 0.006267106611692086]","[null, null, null, null, null]","[null, null, null, null, null]","[null, null, null, null, null]","[null, null, null, null, null]",,0.08313644129565481,0.060222430610270564,5.0,1.96
1a,5000,2885505,neural-fore,neural-main-oracle-bellman,-12.582204123296828,-12.657318938230084,-12.586673112426368,0.0911033872687926,-12.835881577276917,-12.478756299183251,1.0,0.004468989129540191,-0.07064582580371592,0.6040320618392059,0.6040320618392059,0.08863795659751722,0.07793747906631876,0.03586687146598239,nan,nan,0.3056024468823477,9.205790469934094,29.178011596829734,3242.054411735248,nan,nan,nan,nan,nan,nan,nan,nan,nan,180.0,0.006590986418220245,11.876087907981127,4000.0,0.9999999999999998,0.0,nan,nan,nan,nan,nan,nan,nan,nan,nan,nan,nan,nan,nan,nan,nan,nan,0.0,"[300, 100, 100, 300, 100]","[0.0, 0.004535387754959225, 0.0091713215110009, 0.008970801354263886, 0.010277421470877216]","[null, null, null, null, null]","[null, null, null, null, null]","[null, null, null, null, null]","[null, null, null, null, null]",,0.0911033872687926,0.1294845342676961,5.0,1.96
1a,5000,2895505,neural-fore,neural-main-oracle-bellman,-12.535587379020994,-12.517713869390732,-12.586673112426368,0.08367231506027782,-12.681711606908877,-12.353716131872588,1.0,0.051085733405374256,0.06895924303563561,0.4464625230524167,0.4464625230524167,0.0765164043380541,0.06567678994528574,0.031361739404569385,nan,nan,0.34873809535929207,9.370455049529763,28.899321675035672,3363.9268332613974,nan,nan,nan,nan,nan,nan,nan,nan,nan,140.0,0.0037340362269439355,12.088406675017904,4000.0,1.0,0.0,nan,nan,nan,nan,nan,nan,nan,nan,nan,nan,nan,nan,nan,nan,nan,nan,0.0,"[100, 100, 300, 100, 100]","[0.0035116289086047, 0.012797275869461111, 0.0014514921614256937, 0.0007380630878719718, 0.0001717211073562]","[null, null, null, null, null]","[null, null, null, null, null]","[null, null, null, null, null]","[null, null, null, null, null]",,0.08367231506027782,0.0366735669676939,5.0,1.96
1a,5000,2905505,neural-fore,neural-main-oracle-bellman,-12.693243352402876,-12.646075893974455,-12.586673112426368,0.08834400453593381,-12.819230142864885,-12.472921645084025,1.0,-0.10657023997650761,-0.05940278154808709,0.42758520012469736,0.42758520012469736,0.1229670656641382,0.11060276321609903,0.05063127255468103,nan,nan,0.3925488325228495,9.345830371211738,28.686734971184965,3287.06543844413,nan,nan,nan,nan,nan,nan,nan,nan,nan,140.0,0.011290329139838611,11.790407583420166,4000.0,1.0,0.0,nan,nan,nan,nan,nan,nan,nan,nan,nan,nan,nan,nan,nan,nan,nan,nan,0.0,"[300, 100, 100, 100, 100]","[0.0, 0.010246758311297623, 0.008475274737215708, 0.014029972031997916, 0.0236996406186818]","[null, null, null, null, null]","[null, null, null, null, null]","[null, null, null, null, null]","[null, null, null, null, null]",,0.08834400453593381,0.10367698859356608,5.0,1.96
1a,5000,2915505,neural-fore,neural-main-oracle-bellman,-12.663348222181513,-12.615699425308337,-12.586673112426368,0.08895163325063894,-12.79004462647959,-12.441354224137084,1.0,-0.07667510975514524,-0.02902631288196922,0.5080580992219983,0.5080580992219983,0.07291765624956198,0.06072666285394841,0.0332501486728491,nan,nan,0.25394587353903675,9.379843890625022,29.290719935196282,3234.496647531605,nan,nan,nan,nan,nan,nan,nan,nan,nan,220.0,0.004344255400698556,13.260748566605617,4000.0,1.0,0.0,nan,nan,nan,nan,nan,nan,nan,nan,nan,nan,nan,nan,nan,nan,nan,nan,0.0,"[300, 300, 100, 100, 300]","[0.0, 0.0022529868827054476, 0.008567269498636797, 0.009676774918155207, 0.0012242457039953266]","[null, null, null, null, null]","[null, null, null, null, null]","[null, null, null, null, null]","[null, null, null, null, null]",,0.08895163325063894,0.07643546279143754,5.0,1.96
1a,5000,2925505,neural-fore,neural-main-oracle-bellman,-12.666697152506904,-12.71285927574975,-12.586673112426368,0.0891021205942803,-12.88749943211454,-12.53821911938496,1.0,-0.0800240400805361,-0.12618616332338206,0.650106933627163,0.650106933627163,0.0983104244622022,0.0834357155241029,0.030968103114627124,nan,nan,0.318116739500106,9.127955383100627,29.159807695342227,3243.8649244082817,nan,nan,nan,nan,nan,nan,nan,nan,nan,180.0,0.017867945601335034,12.486371049832087,4000.0,1.0,0.0,nan,nan,nan,nan,nan,nan,nan,nan,nan,nan,nan,nan,nan,nan,nan,nan,0.0,"[100, 100, 100, 300, 300]","[0.00936504855589053, 0.04082671698303743, 0.034370262886036354, 0.0, 0.004777699581710863]","[null, null, null, null, null]","[null, null, null, null, null]","[null, null, null, null, null]","[null, null, null, null, null]",,0.0891021205942803,0.09075369943994943,5.0,1.96
1a,5000,2935505,neural-fore,neural-main-oracle-bellman,-12.50415980759242,-12.506865790954645,-12.586673112426368,0.08460291336918556,-12.672687501158249,-12.341044080751042,1.0,0.08251330483394881,0.07980732147172276,0.7337758123557716,0.7337758123557716,0.12469752708109483,0.118598155397646,0.03041214900802933,nan,nan,0.3700344011770151,9.443217979635897,29.42844208364887,3345.5441850372545,nan,nan,nan,nan,nan,nan,nan,nan,nan,140.0,0.007854157063291126,11.483734132989776,4000.0,1.0,0.0,nan,nan,nan,nan,nan,nan,nan,nan,nan,nan,nan,nan,nan,nan,nan,nan,0.0,"[300, 100, 100, 100, 100]","[0.0, 0.02652394899990313, 0.0, 0.00580418739097834, 0.006942648925574152]","[null, null, null, null, null]","[null, null, null, null, null]","[null, null, null, null, null]","[null, null, null, null, null]",,0.08460291336918556,0.04585589841973595,5.0,1.96
1a,5000,2945505,neural-fore,neural-main-oracle-bellman,-12.58043481035418,-12.592082691187938,-12.586673112426368,0.09201592015384423,-12.772433894689474,-12.411731487686403,1.0,0.006238302072187452,-0.005409578761570444,0.5642179359755988,0.5642179359755988,0.10115596645132605,0.08392228403348975,0.03304927103931539,nan,nan,0.31989378138943003,9.273479637378706,33.570863070680055,3142.891807123595,nan,nan,nan,nan,nan,nan,nan,nan,nan,220.0,0.0042579655867389914,12.796620250015986,4000.0,1.0,0.0,nan,nan,nan,nan,nan,nan,nan,nan,nan,nan,nan,nan,nan,nan,nan,nan,0.0,"[300, 100, 300, 300, 100]","[0.000785820047950648, 0.0020863015254221503, 0.0, 0.0, 0.018417706360322156]","[null, null, null, null, null]","[null, null, null, null, null]","[null, null, null, null, null]","[null, null, null, null, null]",,0.09201592015384423,0.06022972473340899,5.0,1.96
1a,5000,2955505,neural-fore,neural-main-oracle-bellman,-12.63631270665748,-12.537729107987325,-12.586673112426368,0.08787613975991758,-12.709966341916763,-12.365491874057886,1.0,-0.04963959423111142,0.048944004439043454,0.5526098865568756,0.5526098865568756,0.09132022843813549,0.08558522475402264,0.03025017473697299,nan,nan,0.38549184079323867,9.383950378850795,29.613764357174073,3283.128372182166,nan,nan,nan,nan,nan,nan,nan,nan,nan,140.0,0.005849497710362061,10.825098674569745,4000.0,1.0,0.0,nan,nan,nan,nan,nan,nan,nan,nan,nan,nan,nan,nan,nan,nan,nan,nan,0.0,"[300, 100, 100, 100, 100]","[0.0, 0.011273928330137234, 0.010013047617094538, 0.0013733409824858668, 0.0065871716220926675]","[null, null, null, null, null]","[null, null, null, null, null]","[null, null, null, null, null]","[null, null, null, null, null]",,0.08787613975991758,0.14432354882742385,5.0,1.96
1a,5000,2965505,neural-fore,neural-main-oracle-bellman,-12.629790253005675,-12.610571678870347,-12.586673112426368,0.08661893602147322,-12.780344793472434,-12.44079856426826,1.0,-0.043117140579306934,-0.023898566443978808,0.46697113085019437,0.46697113085019437,0.10622141083411225,0.09702108355262642,0.043044139102975984,nan,nan,0.37552494527681485,9.267687980483366,28.685103714589765,3337.8237359813384,nan,nan,nan,nan,nan,nan,nan,nan,nan,140.0,0.009191277228004006,10.755736566591077,4000.0,1.0,0.0,nan,nan,nan,nan,nan,nan,nan,nan,nan,nan,nan,nan,nan,nan,nan,nan,0.0,"[300, 100, 100, 100, 100]","[0.003038051718935385, 0.014806220953695512, 0.004446218407719127, 0.01714858471467171, 0.006517310344998299]","[null, null, null, null, null]","[null, null, null, null, null]","[null, null, null, null, null]","[null, null, null, null, null]",,0.08661893602147322,0.09457151333556203,5.0,1.96
1a,5000,2975505,neural-fore,neural-main-oracle-bellman,-12.531094595816185,-12.472472694589975,-12.586673112426368,0.08196375727764386,-12.633121658854156,-12.311823730325793,1.0,0.05557851661018276,0.11420041783639334,0.42261025914321876,0.42261025914321876,0.13206955935999304,0.13347411901936806,0.03359009287244991,nan,nan,0.2987720955755087,9.705643908089378,27.197904160876824,3381.7447224286198,nan,nan,nan,nan,nan,nan,nan,nan,nan,220.0,0.005703204436749533,11.86209709161194,4000.0,1.0,0.0,nan,nan,nan,nan,nan,nan,nan,nan,nan,nan,nan,nan,nan,nan,nan,nan,0.0,"[300, 100, 300, 300, 100]","[0.004418029331244397, 0.009390671191682168, 0.0, 0.005810624500309113, 0.008896697160511986]","[null, null, null, null, null]","[null, null, null, null, null]","[null, null, null, null, null]","[null, null, null, null, null]",,0.08196375727764386,0.10320296548093846,5.0,1.96
1a,5000,2985505,neural-fore,neural-main-oracle-bellman,-12.477815838989592,-12.43324049146886,-12.586673112426368,0.07994865877277009,-12.589939862663488,-12.276541120274231,1.0,0.10885727343677587,0.1534326209575081,0.6198245592815331,0.6198245592815331,0.08062664977115415,0.07040854889471493,0.042759914018655455,nan,nan,0.2265441546668614,9.73233949330698,26.35527375229409,3382.689669937521,nan,nan,nan,nan,nan,nan,nan,nan,nan,260.0,0.005557871908442931,12.37534398365533,4000.0,1.0,0.0,nan,nan,nan,nan,nan,nan,nan,nan,nan,nan,nan,nan,nan,nan,nan,nan,0.0,"[300, 300, 100, 300, 300]","[0.002290507633313326, 0.0029352931742481205, 0.008483621144719938, 0.00656179350160246, 0.007518144088330808]","[null, null, null, null, null]","[null, null, null, null, null]","[null, null, null, null, null]","[null, null, null, null, null]",,0.07994865877277009,0.08764171430455052,5.0,1.96
1a,5000,2995505,neural-fore,neural-main-oracle-bellman,-12.5375822586372,-12.514805920655226,-12.586673112426368,0.0835826287388779,-12.678627872983427,-12.350983968327025,1.0,0.049090853789168776,0.0718671917711422,0.5734177656618601,0.5734177656618601,0.11650357613619441,0.11421310546369132,0.03602145605660346,nan,nan,0.30475604234871034,9.713624002546727,27.634968510566175,3327.9392783085273,nan,nan,nan,nan,nan,nan,nan,nan,nan,220.0,0.0041130785184609366,11.404387916985433,4000.0,1.0,0.0,nan,nan,nan,nan,nan,nan,nan,nan,nan,nan,nan,nan,nan,nan,nan,nan,0.0,"[300, 100, 300, 300, 100]","[0.0, 0.0058288071733661444, 0.0007046720173174127, 0.0022706547363939714, 0.011761258665227155]","[null, null, null, null, null]","[null, null, null, null, null]","[null, null, null, null, null]","[null, null, null, null, null]",,0.0835826287388779,0.08762161184572488,5.0,1.96
1a,5000,3005505,neural-fore,neural-main-oracle-bellman,-12.445676814912757,-12.460850477164055,-12.586673112426368,0.08253762990086895,-12.622624231769757,-12.299076722558352,1.0,0.14099629751361142,0.1258226352623133,0.6422865448581765,0.6422865448581765,0.11046289838319487,0.11047783607305961,0.03970658966075982,nan,nan,0.4114636518100233,9.445945655008593,27.124595712918463,3437.5865288718874,nan,nan,nan,nan,nan,nan,nan,nan,nan,180.0,0.004907948738962961,10.577344224613626,4000.0,1.0,0.0,nan,nan,nan,nan,nan,nan,nan,nan,nan,nan,nan,nan,nan,nan,nan,nan,0.0,"[300, 100, 100, 100, 300]","[0.0, 0.0037597176428652646, 0.007538600130384981, 0.008910890108834038, 0.004330535812730522]","[null, null, null, null, null]","[null, null, null, null, null]","[null, null, null, null, null]","[null, null, null, null, null]",,0.08253762990086895,0.10371867134589552,5.0,1.96
1a,5000,3015505,neural-fore,neural-main-oracle-bellman,-12.603823514554001,-12.588335773791277,-12.586673112426368,0.0870110021997906,-12.758877338102867,-12.417794209479688,1.0,-0.017150402127633413,-0.0016626613649091126,0.6745762514319434,0.6745762514319434,0.09373373333886657,0.08727847679723219,0.03892134489906208,nan,nan,0.30781604427340964,9.354582511456998,29.135234252514852,3294.1708181782788,nan,nan,nan,nan,nan,nan,nan,nan,nan,140.0,0.00728891945351708,9.928834465751425,4000.0,1.0,0.0,nan,nan,nan,nan,nan,nan,nan,nan,nan,nan,nan,nan,nan,nan,nan,nan,0.0,"[100, 100, 100, 300, 100]","[0.013759288517415128, 0.003188663480878948, 0.001895515691257952, 0.0031805764325810006, 0.014420553145452377]","[null, null, null, null, null]","[null, null, null, null, null]","[null, null, null, null, null]","[null, null, null, null, null]",,0.0870110021997906,0.07595221834442553,5.0,1.96
1a,5000,3025505,neural-fore,neural-main-oracle-bellman,-12.549396177581576,-12.486637624464553,-12.586673112426368,0.08532975071094191,-12.653883935858,-12.319391313071106,1.0,0.03727693484479211,0.10003548796181505,0.8278716981619153,0.8278716981619153,0.11356701175663542,0.09727862380846204,0.059658167550726636,nan,nan,0.35496363206686715,9.353127344624998,28.11617842259217,3319.3215725963983,nan,nan,nan,nan,nan,nan,nan,nan,nan,180.0,0.008503650814305477,10.52105533319991,4000.0,1.0,0.0,nan,nan,nan,nan,nan,nan,nan,nan,nan,nan,nan,nan,nan,nan,nan,nan,0.0,"[300, 100, 100, 300, 100]","[0.002854098571591968, 0.03394262075967902, 0.004239065449291921, 0.0, 0.0014824692909644727]","[null, null, null, null, null]","[null, null, null, null, null]","[null, null, null, null, null]","[null, null, null, null, null]",,0.08532975071094191,0.10401738533229166,5.0,1.96
1a,5000,3035505,neural-fore,neural-main-oracle-bellman,-12.6769469949536,-12.657379200045884,-12.586673112426368,0.09155238994653413,-12.836821884341092,-12.477936515750677,1.0,-0.09027388252723156,-0.07070608761951647,0.5163049814121015,0.5163049814121015,0.08936003666459602,0.07827359786404393,0.02860893786701902,nan,nan,0.30078904292908565,9.299024903699445,32.52417213752817,3165.996007782093,nan,nan,nan,nan,nan,nan,nan,nan,nan,220.0,0.002305211571625532,11.313722483394667,4000.0,1.0,0.0,nan,nan,nan,nan,nan,nan,nan,nan,nan,nan,nan,nan,nan,nan,nan,nan,0.0,"[300, 100, 300, 300, 100]","[0.0008874627045558001, 0.000536012635411125, 0.004554333497070124, 0.005548249021090609, 0.0]","[null, null, null, null, null]","[null, null, null, null, null]","[null, null, null, null, null]","[null, null, null, null, null]",,0.09155238994653413,0.053390942625552176,5.0,1.96
1a,5000,3045505,neural-fore,neural-main-oracle-bellman,-12.56733602380141,-12.54236094518799,-12.586673112426368,0.08741255820398827,-12.713689559267808,-12.371032331108173,1.0,0.0193370886249582,0.0443121672383775,1.0331686474296429,1.0331686474296429,0.18432591228417544,0.13318145700349374,0.053073125243801235,nan,nan,0.3339430307621614,9.398753975352218,28.69823911199183,3308.507093433364,nan,nan,nan,nan,nan,nan,nan,nan,nan,180.0,0.0030143471276055937,10.690831216576044,4000.0,1.0,0.0,nan,nan,nan,nan,nan,nan,nan,nan,nan,nan,nan,nan,nan,nan,nan,nan,0.0,"[300, 100, 100, 300, 100]","[0.0029008475369481997, 0.0011277069765253964, 0.0032107606654270524, 0.006935491443729745, 0.0008969290153975745]","[null, null, null, null, null]","[null, null, null, null, null]","[null, null, null, null, null]","[null, null, null, null, null]",,0.08741255820398827,0.06920336767654252,5.0,1.96
1a,5000,3055505,neural-fore,neural-main-oracle-bellman,-12.583961292262423,-12.564678874781722,-12.586673112426368,0.08964645124524714,-12.740385919222406,-12.388971830341037,1.0,0.002711820163945333,0.021994237644646475,0.7867135438411286,0.7867135438411286,0.10326117808004402,0.09131876602435032,0.046800957672725754,nan,nan,0.2571555289306276,9.104476806415612,33.33571730038784,3162.3394009457616,nan,nan,nan,nan,nan,nan,nan,nan,nan,180.0,0.004026280698067433,11.039270525239408,4000.0,1.0,0.0,nan,nan,nan,nan,nan,nan,nan,nan,nan,nan,nan,nan,nan,nan,nan,nan,0.0,"[300, 100, 100, 100, 300]","[0.0010567934025323528, 0.007148392429067978, 0.001632658412579994, 0.006952918939249517, 0.003340640306907325]","[null, null, null, null, null]","[null, null, null, null, null]","[null, null, null, null, null]","[null, null, null, null, null]",,0.08964645124524714,0.07921103953509874,5.0,1.96
1a,5000,3065505,neural-fore,neural-main-oracle-bellman,-12.442515812270818,-12.480237296134513,-12.586673112426368,0.08479024469106121,-12.646426175728994,-12.314048416540032,1.0,0.14415730015555006,0.10643581629185483,0.5619793078187689,0.5619793078187689,0.08996850677897854,0.08055300189803113,0.030015457702821432,nan,nan,0.3814628514717658,9.24278028301184,28.254890647968928,3328.5140133388054,nan,nan,nan,nan,nan,nan,nan,nan,nan,140.0,0.004552684121701747,9.912712300592101,4000.0,1.0,0.0,nan,nan,nan,nan,nan,nan,nan,nan,nan,nan,nan,nan,nan,nan,nan,nan,0.0,"[100, 300, 100, 100, 100]","[0.011221511195861964, 0.0011326434944252636, 0.005122770457724185, 0.0, 0.005286495460497321]","[null, null, null, null, null]","[null, null, null, null, null]","[null, null, null, null, null]","[null, null, null, null, null]",,0.08479024469106121,0.08149295268561511,5.0,1.96
1a,5000,3075505,neural-fore,neural-main-oracle-bellman,-12.513381900336485,-12.426241684084863,-12.586673112426368,0.08181440400850251,-12.586597915941528,-12.265885452228197,0.0,0.07329121208988276,0.16043142834150537,0.547595393768755,0.547595393768755,0.07945036750617768,0.0774033617156199,0.033493440499332644,nan,nan,0.20599984100027768,9.668104602192203,27.664551801712374,3332.198897649855,nan,nan,nan,nan,nan,nan,nan,nan,nan,260.0,0.0011960848002498894,12.150361192424317,4000.0,1.0,0.0,nan,nan,nan,nan,nan,nan,nan,nan,nan,nan,nan,nan,nan,nan,nan,nan,0.0,"[300, 300, 100, 300, 300]","[0.0, 0.0, 0.0056267780176866315, 0.0, 0.00035364598356281543]","[null, null, null, null, null]","[null, null, null, null, null]","[null, null, null, null, null]","[null, null, null, null, null]",,0.08181440400850251,0.08806221500912806,5.0,1.96
1a,5000,3085505,neural-fore,neural-main-oracle-bellman,-12.500444377724492,-12.477211525961758,-12.586673112426368,0.08277280428731726,-12.6394462223649,-12.314976829558617,1.0,0.08622873470187642,0.1094615864646098,0.4096914044989465,0.4096914044989465,0.0717484066663496,0.060130518791284226,0.0374348851218231,nan,nan,0.3012366511375406,9.600067321458884,26.581065357938954,3365.9288376820127,nan,nan,nan,nan,nan,nan,nan,nan,nan,220.0,0.004875655794918978,11.195831208617893,4000.0,1.0,0.0,nan,nan,nan,nan,nan,nan,nan,nan,nan,nan,nan,nan,nan,nan,nan,nan,0.0,"[300, 300, 100, 100, 300]","[0.004445355148820963, 0.00666348996021251, 0.0028783628098518754, 0.008418301406401658, 0.0019727696493078853]","[null, null, null, null, null]","[null, null, null, null, null]","[null, null, null, null, null]","[null, null, null, null, null]",,0.08277280428731726,0.03912073648090251,5.0,1.96
1a,5000,3095505,neural-fore,neural-main-oracle-bellman,-12.561400771148309,-12.563353496932873,-12.586673112426368,0.08780529607926113,-12.735451877248225,-12.39125511661752,1.0,0.02527234127805933,0.02331961549349515,0.5645295585691509,0.5645295585691509,0.07709879429559525,0.06925290805201272,0.039982378643272094,nan,nan,0.34958818165222355,9.282511291388984,30.281429962715848,3265.129149252346,nan,nan,nan,nan,nan,nan,nan,nan,nan,140.0,0.007596687786289205,9.866147458413616,4000.0,1.0,0.0,nan,nan,nan,nan,nan,nan,nan,nan,nan,nan,nan,nan,nan,nan,nan,nan,0.0,"[100, 100, 300, 100, 100]","[0.015379248434633418, 0.00716231851200186, 0.0, 0.00982808671530013, 0.005613785269510616]","[null, null, null, null, null]","[null, null, null, null, null]","[null, null, null, null, null]","[null, null, null, null, null]",,0.08780529607926113,0.0878492442775526,5.0,1.96
1a,5000,3105505,neural-fore,neural-main-oracle-bellman,-12.613164693713893,-12.517216717150834,-12.586673112426368,0.08558180876784172,-12.684957062335805,-12.349476371965864,1.0,-0.026491581287524824,0.06945639527553382,0.6842071280833136,0.6842071280833136,0.1374779302876261,0.12489309666142678,0.04982097779723127,nan,nan,0.3720152450268792,9.442313877829163,28.961350835228217,3316.8353490329937,nan,nan,nan,nan,nan,nan,nan,nan,nan,140.0,0.006066985617841631,9.658316233020741,4000.0,1.0,0.0,nan,nan,nan,nan,nan,nan,nan,nan,nan,nan,nan,nan,nan,nan,nan,nan,0.0,"[100, 100, 300, 100, 100]","[0.011442483311752964, 0.0016061446880245164, 0.011813136063550627, 0.002332877776419944, 0.0031402862494601036]","[null, null, null, null, null]","[null, null, null, null, null]","[null, null, null, null, null]","[null, null, null, null, null]",,0.08558180876784172,0.05115496806047413,5.0,1.96
1a,5000,3115505,neural-fore,neural-main-oracle-bellman,-12.589371242482224,-12.509956624764254,-12.586673112426368,0.0854439124419673,-12.67742669315051,-12.342486556377997,1.0,-0.002698130055856396,0.07671648766211447,0.7585818504263198,0.7585818504263198,0.10879115747431392,0.09764929301143747,0.04445960304586549,nan,nan,0.348248896085882,9.284258977984805,28.00213815004491,3315.3207071695124,nan,nan,nan,nan,nan,nan,nan,nan,nan,140.0,0.00608782444358223,9.86037721639732,4000.0,1.0,0.0,nan,nan,nan,nan,nan,nan,nan,nan,nan,nan,nan,nan,nan,nan,nan,nan,0.0,"[100, 300, 100, 100, 100]","[0.007220938877887205, 0.0010454803424242596, 0.0104368710405437, 0.004581073622425951, 0.007154758334630034]","[null, null, null, null, null]","[null, null, null, null, null]","[null, null, null, null, null]","[null, null, null, null, null]",,0.0854439124419673,0.09262910949737212,5.0,1.96
1a,5000,3125505,neural-fore,neural-main-oracle-bellman,-12.600923731031827,-12.515495816311413,-12.586673112426368,0.08533625141635101,-12.68275486908746,-12.348236763535365,1.0,-0.014250618605458953,0.07117729611495527,0.5365186764873437,0.5365186764873437,0.10833957981279778,0.09798467695891727,0.032722949781527996,nan,nan,0.27813653170711217,9.357341605547063,28.126718444554513,3277.2906410737555,nan,nan,nan,nan,nan,nan,nan,nan,nan,260.0,0.005908615784193492,12.318220049783122,4000.0,1.0,0.0,nan,nan,nan,nan,nan,nan,nan,nan,nan,nan,nan,nan,nan,nan,nan,nan,0.0,"[300, 300, 300, 100, 300]","[0.004431914345784377, 0.0009165460102618446, 0.0054473924610872115, 0.011052651410631425, 0.007694574693202604]","[null, null, null, null, null]","[null, null, null, null, null]","[null, null, null, null, null]","[null, null, null, null, null]",,0.08533625141635101,0.07188407156149428,5.0,1.96
1a,5000,3135505,neural-fore,neural-main-oracle-bellman,-12.447328937678153,-12.374936717020788,-12.586673112426368,0.08175429830306664,-12.535175141694799,-12.214698292346776,0.0,0.13934417474821537,0.21173639540558042,0.5097082414999943,0.5097082414999943,0.1332697217320769,0.12082875509981765,0.030468559920916766,nan,nan,0.25901076396758677,9.626057106769098,29.62713699606582,3384.151911373496,nan,nan,nan,nan,nan,nan,nan,nan,nan,220.0,0.005452191608284189,11.975282633001916,4000.0,1.0,0.0,nan,nan,nan,nan,nan,nan,nan,nan,nan,nan,nan,nan,nan,nan,nan,nan,0.0,"[300, 300, 100, 300, 100]","[0.0, 0.0, 0.014033017433731344, 0.0013113559586472503, 0.011916584649042352]","[null, null, null, null, null]","[null, null, null, null, null]","[null, null, null, null, null]","[null, null, null, null, null]",,0.08175429830306664,0.09273606738393844,5.0,1.96
1a,5000,3145505,neural-fore,neural-main-oracle-bellman,-12.742777742692951,-12.690872118581822,-12.586673112426368,0.09255794327015683,-12.87228568739133,-12.509458549772315,1.0,-0.15610463026658294,-0.1041990061554543,0.4764638493659524,0.4764638493659524,0.07375947408780478,0.06939701243476301,0.029694703819263077,nan,nan,0.2811342110049244,9.327999981485426,31.071296955261094,3202.6927177579155,nan,nan,nan,nan,nan,nan,nan,nan,nan,180.0,0.002861206388941547,10.744686075823846,4000.0,1.0,0.0,nan,nan,nan,nan,nan,nan,nan,nan,nan,nan,nan,nan,nan,nan,nan,nan,0.0,"[100, 100, 100, 300, 300]","[0.009802088311793024, 0.0020430346905951032, 0.00246090894231961, 0.0, 0.0]","[null, null, null, null, null]","[null, null, null, null, null]","[null, null, null, null, null]","[null, null, null, null, null]",,0.09255794327015683,0.10489243970136256,5.0,1.96
1a,5000,3155505,neural-fore,neural-main-oracle-bellman,-12.592705226990383,-12.48525123965204,-12.586673112426368,0.08480831579249742,-12.651475538605336,-12.319026940698745,1.0,-0.006032114564014535,0.10142187277432768,0.8352578126831111,0.8352578126831111,0.11099239259758312,0.1036903779421984,0.04314390689909946,nan,nan,0.29620741227350994,9.552800086740081,28.12745892814848,3328.2898518383963,nan,nan,nan,nan,nan,nan,nan,nan,nan,220.0,0.0065661486890139205,11.341878824762535,4000.0,1.0,0.0,nan,nan,nan,nan,nan,nan,nan,nan,nan,nan,nan,nan,nan,nan,nan,nan,0.0,"[100, 300, 300, 100, 300]","[0.016260589986926213, 0.001911481487845981, 0.0, 0.007430375382559282, 0.007228296587738121]","[null, null, null, null, null]","[null, null, null, null, null]","[null, null, null, null, null]","[null, null, null, null, null]",,0.08480831579249742,0.13807726856122307,5.0,1.96
1a,5000,3165505,neural-fore,neural-main-oracle-bellman,-12.679379506735643,-12.606190356272222,-12.586673112426368,0.08766876790792133,-12.778021141371749,-12.434359571172696,1.0,-0.09270639430927474,-0.019517243845854182,0.9005906701209015,0.9005906701209015,0.11239094882646136,0.10177766777138575,0.06150189595695711,nan,nan,0.30389001818946004,9.495150866237454,29.740241272726045,3268.273937515603,nan,nan,nan,nan,nan,nan,nan,nan,nan,180.0,0.008854604291615106,10.528696232987567,4000.0,1.0,0.0,nan,nan,nan,nan,nan,nan,nan,nan,nan,nan,nan,nan,nan,nan,nan,nan,0.0,"[300, 100, 300, 100, 100]","[0.004588272637275501, 0.023559375693943067, 0.004548634157550319, 0.007413373647999674, 0.004163365321306966]","[null, null, null, null, null]","[null, null, null, null, null]","[null, null, null, null, null]","[null, null, null, null, null]",,0.08766876790792133,0.061927318611757806,5.0,1.96
1a,5000,3175505,neural-fore,neural-main-oracle-bellman,-12.543410271090762,-12.630920421171666,-12.586673112426368,0.0880020437975006,-12.803404427014767,-12.458436415328565,1.0,0.043262841335605984,-0.04424730874529814,0.371155232516792,0.371155232516792,0.07447922687635719,0.06524215323479343,0.028994307394719802,nan,nan,0.2243876915982309,9.233764835559494,30.821715826338455,3247.516636440822,nan,nan,nan,nan,nan,nan,nan,nan,nan,220.0,0.00748459938008896,11.329630675003864,4000.0,1.0,0.0,nan,nan,nan,nan,nan,nan,nan,nan,nan,nan,nan,nan,nan,nan,nan,nan,0.0,"[300, 100, 100, 300, 300]","[0.005115956504414724, 0.018980186745222692, 0.009043084383313823, 0.004100685494973603, 0.00018308377251995773]","[null, null, null, null, null]","[null, null, null, null, null]","[null, null, null, null, null]","[null, null, null, null, null]",,0.0880020437975006,0.0578833951157095,5.0,1.96
1a,5000,3185505,neural-fore,neural-main-oracle-bellman,-12.668769002584359,-12.62315961041293,-12.586673112426368,0.0864014529483062,-12.79250645819161,-12.45381276263425,1.0,-0.08209589015799068,-0.03648649798656223,0.6376446759296914,0.6376446759296914,0.09357766522358492,0.07769869635660784,0.05158918816118554,nan,nan,0.23223799270811016,9.445791596036589,28.690978291090687,3309.001881033177,nan,nan,nan,nan,nan,nan,nan,nan,nan,180.0,0.0051721056902845645,10.75485620800173,4000.0,1.0,0.0,nan,nan,nan,nan,nan,nan,nan,nan,nan,nan,nan,nan,nan,nan,nan,nan,0.0,"[300, 100, 100, 100, 300]","[0.004338268019659659, 0.006030049928905505, 0.009304797399389938, 0.0008156517515944624, 0.005371761351873261]","[null, null, null, null, null]","[null, null, null, null, null]","[null, null, null, null, null]","[null, null, null, null, null]",,0.0864014529483062,0.088314905187639,5.0,1.96
1a,5000,3195505,neural-fore,neural-main-oracle-bellman,-12.48990269203718,-12.470851770073256,-12.586673112426368,0.08515178706412538,-12.637749272718942,-12.30395426742757,1.0,0.0967704203891877,0.11582134235311159,0.7473883691188539,0.7473883691188539,0.10415165544854384,0.08932529764533735,0.031615339567399287,nan,nan,0.3977342941480607,9.462550454216128,29.91316158114352,3360.6566245945946,nan,nan,nan,nan,nan,nan,nan,nan,nan,140.0,0.01842325199548797,9.791925658413675,4000.0,1.0,0.0,nan,nan,nan,nan,nan,nan,nan,nan,nan,nan,nan,nan,nan,nan,nan,nan,0.0,"[100, 100, 100, 100, 300]","[0.005282622501536869, 0.004247708503126077, 0.046543257340756185, 0.03255390791345183, 0.0034887637185689107]","[null, null, null, null, null]","[null, null, null, null, null]","[null, null, null, null, null]","[null, null, null, null, null]",,0.08515178706412538,0.07314663194981173,5.0,1.96
1a,5000,3205505,neural-fore,neural-main-oracle-bellman,-12.662880167280122,-12.65689847680768,-12.586673112426368,0.0867352141529308,-12.826899496547425,-12.486897457067935,1.0,-0.07620705485375368,-0.07022536438131155,0.4198620585489839,0.4198620585489839,0.072783420390941,0.06631599530542888,0.040451464035161054,nan,nan,0.2255695591192968,9.575051019669559,28.296278671844043,3292.529509175889,nan,nan,nan,nan,nan,nan,nan,nan,nan,260.0,0.0042205337885867,12.268279241444542,4000.0,1.0000000000000002,0.0,nan,nan,nan,nan,nan,nan,nan,nan,nan,nan,nan,nan,nan,nan,nan,nan,0.0,"[300, 300, 300, 300, 100]","[0.010021349481369474, 0.0, 0.005983481243687916, 0.0, 0.005097838217876106]","[null, null, null, null, null]","[null, null, null, null, null]","[null, null, null, null, null]","[null, null, null, null, null]",,0.0867352141529308,0.11341227727686957,5.0,1.96
1a,5000,3215505,neural-fore,neural-main-oracle-bellman,-12.547649137672746,-12.498323113162236,-12.586673112426368,0.08410172882968409,-12.663162501668417,-12.333483724656055,1.0,0.03902397475362207,0.0883499992641319,0.4473934649297503,0.4473934649297503,0.058607822116306996,0.055297810257316435,0.027550486633571774,nan,nan,0.39800023748680974,9.657405288254125,29.91843705575882,3368.397378858937,nan,nan,nan,nan,nan,nan,nan,nan,nan,140.0,0.008759658685347865,9.871169732988346,4000.0,1.0,0.0,nan,nan,nan,nan,nan,nan,nan,nan,nan,nan,nan,nan,nan,nan,nan,nan,0.0,"[100, 100, 300, 100, 100]","[0.024756569212825683, 0.00506448368781518, 0.0, 0.006379659263341328, 0.007597581262757133]","[null, null, null, null, null]","[null, null, null, null, null]","[null, null, null, null, null]","[null, null, null, null, null]",,0.08410172882968409,0.10716246444599387,5.0,1.96
1a,5000,3225505,neural-fore,neural-main-oracle-bellman,-12.67921921299662,-12.685310495644126,-12.586673112426368,0.0854832765290169,-12.852857717641,-12.517763273647253,1.0,-0.09254610057025126,-0.09863738321775806,0.5169159783633577,0.5169159783633577,0.09127040553465432,0.07346668891002106,0.032444009425879085,nan,nan,0.23537361344032398,9.66398224103689,26.247035764325403,3370.5253234180873,nan,nan,nan,nan,nan,nan,nan,nan,nan,220.0,0.004186492796721614,11.339849816798232,4000.0,1.0,0.0,nan,nan,nan,nan,nan,nan,nan,nan,nan,nan,nan,nan,nan,nan,nan,nan,0.0,"[100, 100, 300, 300, 300]","[0.009371229325082107, 0.004086636196594556, 0.0013955953112629463, 0.004557829805164497, 0.0015211733455039672]","[null, null, null, null, null]","[null, null, null, null, null]","[null, null, null, null, null]","[null, null, null, null, null]",,0.0854832765290169,0.08852438678168671,5.0,1.96
1a,5000,3235505,neural-fore,neural-main-oracle-bellman,-12.59451152790825,-12.53660105771777,-12.586673112426368,0.08329442207939539,-12.699858124993384,-12.373343990442155,1.0,-0.007838415481881356,0.05007205470859866,0.5040624509720274,0.5040624509720274,0.08232301527467349,0.07567909531461947,0.036871018709078426,nan,nan,0.30281900753755797,9.705257043136712,28.06191796555229,3372.2509012480737,nan,nan,nan,nan,nan,nan,nan,nan,nan,180.0,0.0017146263404862337,11.068231732817367,4000.0,1.0,0.0,nan,nan,nan,nan,nan,nan,nan,nan,nan,nan,nan,nan,nan,nan,nan,nan,0.0,"[100, 300, 100, 300, 100]","[0.004119037346606309, 8.402901181748273e-05, 0.0014196871369115043, 0.0, 0.002950378207095873]","[null, null, null, null, null]","[null, null, null, null, null]","[null, null, null, null, null]","[null, null, null, null, null]",,0.08329442207939539,0.08879875696433313,5.0,1.96
1a,5000,3245505,neural-fore,neural-main-oracle-bellman,-12.580790989191481,-12.561525506794576,-12.586673112426368,0.08659333544873556,-12.731248444274097,-12.391802569315054,1.0,0.005882123234886905,0.025147605631792302,0.5128798505876133,0.5128798505876133,0.09057575077250889,0.0870501579093668,0.028588039228944224,nan,nan,0.25868371026961257,9.346065994008288,29.341662287812543,3245.093348772933,nan,nan,nan,nan,nan,nan,nan,nan,nan,260.0,0.0056966172349658655,12.178633574629202,4000.0,1.0,0.0,nan,nan,nan,nan,nan,nan,nan,nan,nan,nan,nan,nan,nan,nan,nan,nan,0.0,"[300, 300, 300, 100, 300]","[0.006133165649496339, 0.011444073783443077, 0.0, 0.007989490276781537, 0.0029163564651083777]","[null, null, null, null, null]","[null, null, null, null, null]","[null, null, null, null, null]","[null, null, null, null, null]",,0.08659333544873556,0.07881271745276167,5.0,1.96
1a,5000,3255505,neural-fore,neural-main-oracle-bellman,-12.55046624578432,-12.576079831266485,-12.586673112426368,0.08712946319965222,-12.746853579137804,-12.405306083395166,1.0,0.03620686664204875,0.010593281159883006,0.6392686285999365,0.6392686285999365,0.10239386937278513,0.08887917487041326,0.032611596054054885,nan,nan,0.3561114921961015,9.396368687420047,29.213526410962757,3295.8298986574578,nan,nan,nan,nan,nan,nan,nan,nan,nan,180.0,0.012148209808952462,10.601692149997689,4000.0,1.0,0.0,nan,nan,nan,nan,nan,nan,nan,nan,nan,nan,nan,nan,nan,nan,nan,nan,0.0,"[300, 100, 300, 100, 100]","[0.004016886109290435, 0.0220438853013869, 0.004905580456797809, 0.010156636992514638, 0.019618060184772534]","[null, null, null, null, null]","[null, null, null, null, null]","[null, null, null, null, null]","[null, null, null, null, null]",,0.08712946319965222,0.1146592685399578,5.0,1.96
1a,5000,3265505,neural-fore,neural-main-oracle-bellman,-12.609550984614616,-12.565339800372113,-12.586673112426368,0.08532365802724916,-12.732574170105522,-12.398105430638704,1.0,-0.022877872188248105,0.021333312054254705,0.9793990494067323,0.9793990494067323,0.149103057038015,0.13609041571186745,0.04703044164325995,nan,nan,0.3283770350541541,9.620594904367433,29.85546851277712,3325.9766095084015,nan,nan,nan,nan,nan,nan,nan,nan,nan,180.0,0.0044059161945255885,10.6562790913973,4000.0,1.0,0.0,nan,nan,nan,nan,nan,nan,nan,nan,nan,nan,nan,nan,nan,nan,nan,nan,0.0,"[100, 100, 300, 300, 100]","[0.00402446482377209, 0.0029945559294085626, 0.006136654511350487, 0.0, 0.008873905708096805]","[null, null, null, null, null]","[null, null, null, null, null]","[null, null, null, null, null]","[null, null, null, null, null]",,0.08532365802724916,0.06806392342034512,5.0,1.96
1a,5000,3275505,neural-fore,neural-main-oracle-bellman,-12.700950314329555,-12.695835835007438,-12.586673112426368,0.08990072485924519,-12.872041255731558,-12.519630414283318,1.0,-0.11427720190318702,-0.10916272258107007,0.8785869105575216,0.8785869105575216,0.0974461970359276,0.09451213894702895,0.04462203949058652,nan,nan,0.3557075239517903,9.317236842770974,30.276436798132146,3254.030634125533,nan,nan,nan,nan,nan,nan,nan,nan,nan,180.0,0.0029015279094773668,10.645376917009708,4000.0,1.0,0.0,nan,nan,nan,nan,nan,nan,nan,nan,nan,nan,nan,nan,nan,nan,nan,nan,0.0,"[100, 100, 300, 100, 300]","[4.28063899085172e-05, 0.00832396534702486, 0.0, 0.0020341799824356785, 0.004106687828017776]","[null, null, null, null, null]","[null, null, null, null, null]","[null, null, null, null, null]","[null, null, null, null, null]",,0.08990072485924519,0.03732880953634145,5.0,1.96
1a,5000,3285505,neural-fore,neural-main-oracle-bellman,-12.590585843164485,-12.545280575685144,-12.586673112426368,0.08579281004799057,-12.713434483379206,-12.377126667991082,1.0,-0.003912730738116821,0.041392536741224006,0.30942304095809287,0.30942304095809287,0.06307200096562195,0.05416915485074494,0.04317416488722857,nan,nan,0.3862466326319672,9.397813494849073,28.888587603817513,3325.906045504732,nan,nan,nan,nan,nan,nan,nan,nan,nan,140.0,0.006589061662880863,9.895082325371913,4000.0,1.0,0.0,nan,nan,nan,nan,nan,nan,nan,nan,nan,nan,nan,nan,nan,nan,nan,nan,0.0,"[100, 100, 100, 300, 100]","[0.007920139292619083, 0.007221637681498408, 0.003545825936016417, 0.0, 0.01425770540427041]","[null, null, null, null, null]","[null, null, null, null, null]","[null, null, null, null, null]","[null, null, null, null, null]",,0.08579281004799057,0.054604914849985996,5.0,1.96
1a,5000,3295505,neural-fore,neural-main-oracle-bellman,-12.674684424402987,-12.702507502661758,-12.586673112426368,0.09086417649432361,-12.880601288590633,-12.524413716732884,1.0,-0.0880113119766186,-0.11583439023539022,0.6970666412376072,0.6970666412376072,0.14406432056696433,0.11732124008533436,0.028205230549130475,nan,nan,0.25761503758901366,9.440129951885666,30.604043831305134,3214.629545021569,nan,nan,nan,nan,nan,nan,nan,nan,nan,180.0,0.011365759207232642,10.788460991811007,4000.0,1.0,0.0,nan,nan,nan,nan,nan,nan,nan,nan,nan,nan,nan,nan,nan,nan,nan,nan,0.0,"[300, 100, 100, 300, 100]","[0.02481630688564779, 0.00042282232959586416, 0.026929511841999074, 0.004047346975437991, 0.0006128080034824987]","[null, null, null, null, null]","[null, null, null, null, null]","[null, null, null, null, null]","[null, null, null, null, null]",,0.09086417649432361,0.15630207429951093,5.0,1.96
1a,5000,3305505,neural-fore,neural-main-oracle-bellman,-12.563782855871366,-12.484657080272573,-12.586673112426368,0.08274207321410458,-12.646831543772217,-12.322482616772929,1.0,0.022890256555001542,0.10201603215379507,0.3941614943920136,0.3941614943920136,0.07576796736743688,0.07188639662913882,0.03447545960670651,nan,nan,0.41472458192437633,9.528376400685552,27.757778543271975,3412.230554839686,nan,nan,nan,nan,nan,nan,nan,nan,nan,100.0,0.005990583919840002,9.635600791801698,4000.0,1.0,0.0,nan,nan,nan,nan,nan,nan,nan,nan,nan,nan,nan,nan,nan,nan,nan,nan,0.0,"[100, 100, 100, 100, 100]","[0.007315758435492923, 0.005569191126609454, 0.0001352315057271748, 0.006809808668326024, 0.010122929863044434]","[null, null, null, null, null]","[null, null, null, null, null]","[null, null, null, null, null]","[null, null, null, null, null]",,0.08274207321410458,0.08963660650199112,5.0,1.96
1a,5000,3315505,neural-fore,neural-main-oracle-bellman,-12.596077282752894,-12.590512703838446,-12.586673112426368,0.08602320178855058,-12.759118179344005,-12.421907228332886,1.0,-0.009404170326526184,-0.003839591412077681,0.6587209636815969,0.6587209636815969,0.08105553565619197,0.07159500463023731,0.032261824322556976,nan,nan,0.3318442444787739,9.42540706497429,28.820443238406746,3317.3671740027353,nan,nan,nan,nan,nan,nan,nan,nan,nan,220.0,0.0022216899409066033,11.515832300204783,4000.0,1.0,0.0,nan,nan,nan,nan,nan,nan,nan,nan,nan,nan,nan,nan,nan,nan,nan,nan,0.0,"[100, 300, 100, 300, 300]","[0.0049789631300307955, 0.0003217184782751877, 0.005807768096227033, 0.0, 0.0]","[null, null, null, null, null]","[null, null, null, null, null]","[null, null, null, null, null]","[null, null, null, null, null]",,0.08602320178855058,0.166589312628683,5.0,1.96
1a,5000,3325505,neural-fore,neural-main-oracle-bellman,-12.685215438896464,-12.64102329013862,-12.586673112426368,0.08817898379512125,-12.813854098377057,-12.468192481900182,1.0,-0.09854232647009553,-0.05435017771225148,1.1323588393434867,1.1323588393434867,0.15526872933860747,0.12997478527596834,0.039101775531819497,nan,nan,0.296696857361817,9.501111925984258,30.327894977498122,3295.726049937727,nan,nan,nan,nan,nan,nan,nan,nan,nan,220.0,0.004386366567548898,11.414873249770608,4000.0,1.0,0.0,nan,nan,nan,nan,nan,nan,nan,nan,nan,nan,nan,nan,nan,nan,nan,nan,0.0,"[300, 300, 100, 300, 100]","[0.003061176552785021, 0.0021074146627737818, 0.00714111207813932, 0.0010584157172086866, 0.00856371382683768]","[null, null, null, null, null]","[null, null, null, null, null]","[null, null, null, null, null]","[null, null, null, null, null]",,0.08817898379512125,0.09193011756079587,5.0,1.96
1a,5000,3335505,neural-fore,neural-main-oracle-bellman,-12.5353775346343,-12.590991362264313,-12.586673112426368,0.08894784366380976,-12.76532913584538,-12.416653588683246,1.0,0.05129557779206806,-0.004318249837945487,0.7710912169105413,0.7710912169105413,0.11020829510274384,0.09846829303167069,0.042224961550607044,nan,nan,0.3425298003944823,9.217796965184572,30.559646063152616,3242.3260699612915,nan,nan,nan,nan,nan,nan,nan,nan,nan,140.0,0.00553738713756769,9.926905475032981,4000.0,1.0,0.0,nan,nan,nan,nan,nan,nan,nan,nan,nan,nan,nan,nan,nan,nan,nan,nan,0.0,"[300, 100, 100, 100, 100]","[0.002383746336549208, 0.0, 0.005676730067284685, 0.006533337715941739, 0.013093121568062818]","[null, null, null, null, null]","[null, null, null, null, null]","[null, null, null, null, null]","[null, null, null, null, null]",,0.08894784366380976,0.07743708283282744,5.0,1.96
1a,5000,3345505,neural-fore,neural-main-oracle-bellman,-12.591416652093766,-12.548323895110935,-12.586673112426368,0.08648132048145005,-12.717827283254577,-12.378820506967292,1.0,-0.004743539667398267,0.03834921731543339,0.4561006093123816,0.4561006093123816,0.08625098515106314,0.07005845547364575,0.055956653223219334,nan,nan,0.29787910145543045,9.408629274121141,29.432973620553252,3268.921290411113,nan,nan,nan,nan,nan,nan,nan,nan,nan,220.0,0.0034783338324935117,11.601660542422906,4000.0,1.0,0.0,nan,nan,nan,nan,nan,nan,nan,nan,nan,nan,nan,nan,nan,nan,nan,nan,0.0,"[100, 300, 100, 300, 300]","[0.005350607563366521, 0.004220475390106797, 0.003446517468624101, 0.004374068740370137, 0.0]","[null, null, null, null, null]","[null, null, null, null, null]","[null, null, null, null, null]","[null, null, null, null, null]",,0.08648132048145005,0.0719533589562715,5.0,1.96
1a,5000,3355505,neural-fore,neural-main-oracle-bellman,-12.638957255199822,-12.610950560770917,-12.586673112426368,0.08755753252453288,-12.782563324519002,-12.439337797022832,1.0,-0.05228414277345372,-0.024277448344548702,0.6618438860676242,0.6618438860676242,0.12333207673770619,0.0830684722334639,0.02458337554401975,nan,nan,0.2502108428807928,9.449229263609991,30.708409988352184,3263.0535821979834,nan,nan,nan,nan,nan,nan,nan,nan,nan,220.0,0.005352870145680257,11.555338825366926,4000.0,1.0,0.0,nan,nan,nan,nan,nan,nan,nan,nan,nan,nan,nan,nan,nan,nan,nan,nan,0.0,"[100, 100, 300, 300, 300]","[0.004676199928010374, 0.006893657607339923, 0.009264070783072155, 0.0, 0.005930422409978829]","[null, null, null, null, null]","[null, null, null, null, null]","[null, null, null, null, null]","[null, null, null, null, null]",,0.08755753252453288,0.12987056461238358,5.0,1.96
1a,5000,3365505,neural-fore,neural-main-oracle-bellman,-12.718002053905618,-12.70286300280182,-12.586673112426368,0.09283308318820617,-12.884815845850705,-12.520910159752935,1.0,-0.13132894147925,-0.11618989037545191,0.5813103773764385,0.5813103773764385,0.09708504958855706,0.08832386047580877,0.03198870349353376,nan,nan,0.3086051934107151,9.211257280770354,34.55369574252629,3175.8281159365893,nan,nan,nan,nan,nan,nan,nan,nan,nan,180.0,0.0037846062595927425,10.833578766777645,4000.0,1.0,0.0,nan,nan,nan,nan,nan,nan,nan,nan,nan,nan,nan,nan,nan,nan,nan,nan,0.0,"[100, 300, 100, 300, 100]","[0.0, 0.0068931310804535625, 0.0037036604950905776, 0.0, 0.008326239722419573]","[null, null, null, null, null]","[null, null, null, null, null]","[null, null, null, null, null]","[null, null, null, null, null]",,0.09283308318820617,0.08235179509393807,5.0,1.96
1a,5000,3375505,neural-fore,neural-main-oracle-bellman,-12.666916657780835,-12.653471060722213,-12.586673112426368,0.08808905563269614,-12.826125609762297,-12.480816511682129,1.0,-0.08024354535446676,-0.06679794829584473,0.5015262369489969,0.5015262369489969,0.08283348295147767,0.06673575000513617,0.0317161409675563,nan,nan,0.24787183172231111,9.3895270696448,29.929330425694022,3251.704296524783,nan,nan,nan,nan,nan,nan,nan,nan,nan,180.0,0.0034330159898101954,10.729358275001868,4000.0,1.0,0.0,nan,nan,nan,nan,nan,nan,nan,nan,nan,nan,nan,nan,nan,nan,nan,nan,0.0,"[100, 300, 100, 300, 100]","[0.0021063062110569988, 0.0, 0.0048534725512074245, 0.0, 0.010205301186786553]","[null, null, null, null, null]","[null, null, null, null, null]","[null, null, null, null, null]","[null, null, null, null, null]",,0.08808905563269614,0.09867382231748202,5.0,1.96
1a,5000,3385505,neural-fore,neural-main-oracle-bellman,-12.603833477989197,-12.55349910017621,-12.586673112426368,0.08673731454223015,-12.723504236678982,-12.38349396367344,1.0,-0.017160365562828517,0.03317401225015715,0.5074562455735477,0.5074562455735477,0.08351126133115691,0.06916688955978165,0.04017752746559562,nan,nan,0.4662080338845582,9.233119565812164,31.30405592918587,3277.764200745724,nan,nan,nan,nan,nan,nan,nan,nan,nan,100.0,0.006698104708089059,9.496428149589338,4000.0,1.0,0.0,nan,nan,nan,nan,nan,nan,nan,nan,nan,nan,nan,nan,nan,nan,nan,nan,0.0,"[100, 100, 100, 100, 100]","[0.014792296346855223, 0.00595130139173866, 0.0032521133985332407, 0.0052636924716147095, 0.004231119931703461]","[null, null, null, null, null]","[null, null, null, null, null]","[null, null, null, null, null]","[null, null, null, null, null]",,0.08673731454223015,0.07308695665481783,5.0,1.96
1a,5000,3395505,neural-fore,neural-main-oracle-bellman,-12.566144095661524,-12.520383208635238,-12.586673112426368,0.08483104945551578,-12.68665206556805,-12.354114351702426,1.0,0.020529016764843533,0.0662899037911302,0.41454301091316975,0.41454301091316975,0.08960696276839905,0.08155954732483556,0.030832827940388455,nan,nan,0.35750101518072597,9.298043169717266,29.803695582363407,3321.0991969850807,nan,nan,nan,nan,nan,nan,nan,nan,nan,180.0,0.005636522594701859,10.529671974584925,4000.0,1.0,0.0,nan,nan,nan,nan,nan,nan,nan,nan,nan,nan,nan,nan,nan,nan,nan,nan,0.0,"[100, 300, 300, 100, 100]","[0.00945305285615522, 0.005286354487310374, 0.0033810254962570513, 0.003936223048294217, 0.00612595708549243]","[null, null, null, null, null]","[null, null, null, null, null]","[null, null, null, null, null]","[null, null, null, null, null]",,0.08483104945551578,0.08542326545463935,5.0,1.96
1a,5000,3405505,neural-fore,neural-main-oracle-bellman,-12.643989376994899,-12.659917659141412,-12.586673112426368,0.08869695578762535,-12.833763692485157,-12.486071625797667,1.0,-0.057316264568530784,-0.07324454671504377,0.6197178883402563,0.6197178883402563,0.09613740128667636,0.09336220551267996,0.04867961354644945,nan,nan,0.335429267401709,9.248875294502712,28.439663297269522,3299.899389629256,nan,nan,nan,nan,nan,nan,nan,nan,nan,140.0,0.006736476502794779,9.726801132969559,4000.0,1.0,0.0,nan,nan,nan,nan,nan,nan,nan,nan,nan,nan,nan,nan,nan,nan,nan,nan,0.0,"[100, 100, 300, 100, 100]","[0.008637868354220963, 0.015761479400190834, 0.0026324522706429195, 0.0034813887993319866, 0.00316919368958719]","[null, null, null, null, null]","[null, null, null, null, null]","[null, null, null, null, null]","[null, null, null, null, null]",,0.08869695578762535,0.16875111257486222,5.0,1.96
1a,5000,3415505,neural-fore,neural-main-oracle-bellman,-12.597873689657689,-12.53540301834562,-12.586673112426368,0.08499080160972683,-12.701984989500685,-12.368821047190556,1.0,-0.011200577231321063,0.05127009408074734,0.671688935539386,0.671688935539386,0.08755443759974034,0.0832643899941832,0.04926695569339014,nan,nan,0.28499554440541836,9.633067732333846,29.90265332083017,3297.3283798031853,nan,nan,nan,nan,nan,nan,nan,nan,nan,260.0,0.0044234518965250765,12.100929398974404,4000.0,1.0,0.0,nan,nan,nan,nan,nan,nan,nan,nan,nan,nan,nan,nan,nan,nan,nan,nan,0.0,"[300, 300, 100, 300, 300]","[0.0, 0.0066208622862237755, 0.015047356560424474, 0.0, 0.00044904063597713396]","[null, null, null, null, null]","[null, null, null, null, null]","[null, null, null, null, null]","[null, null, null, null, null]",,0.08499080160972683,0.08125247407749848,5.0,1.96
1a,5000,3425505,neural-fore,neural-main-oracle-bellman,-12.678205910804408,-12.666705861332801,-12.586673112426368,0.09042779774805455,-12.843944344918988,-12.489467377746614,1.0,-0.09153279837804007,-0.08003274890643297,0.8889083589087518,0.8889083589087518,0.09219223990537466,0.08762046163339818,0.047216134807738445,nan,nan,0.31882444051246306,9.260938046654376,29.254609411346518,3252.200349126092,nan,nan,nan,nan,nan,nan,nan,nan,nan,180.0,0.00855284997410925,10.668985025188885,4000.0,1.0,0.0,nan,nan,nan,nan,nan,nan,nan,nan,nan,nan,nan,nan,nan,nan,nan,nan,0.0,"[100, 300, 100, 100, 300]","[0.005192657856271029, 0.0016654978242202365, 0.008230565273587617, 0.02654290213610833, 0.0011326267803590318]","[null, null, null, null, null]","[null, null, null, null, null]","[null, null, null, null, null]","[null, null, null, null, null]",,0.09042779774805455,0.0549367343178896,5.0,1.96
1a,5000,3435505,neural-fore,neural-main-oracle-bellman,-12.576182693868844,-12.518618016960884,-12.586673112426368,0.08591335854624643,-12.687008199711528,-12.35022783421024,1.0,0.01049041855752364,0.06805509546548372,0.8067926282922748,0.8067926282922748,0.12689968803885682,0.11576736003314733,0.03733348936432226,nan,nan,0.29014548727904227,9.429002573798769,28.112532276965652,3288.881576484827,nan,nan,nan,nan,nan,nan,nan,nan,nan,180.0,0.003923545515446215,10.723297675012144,4000.0,1.0,0.0,nan,nan,nan,nan,nan,nan,nan,nan,nan,nan,nan,nan,nan,nan,nan,nan,0.0,"[100, 100, 300, 300, 100]","[0.00840684732363918, 0.0, 0.0028062833509406556, 0.0036268210786576625, 0.004777775823993576]","[null, null, null, null, null]","[null, null, null, null, null]","[null, null, null, null, null]","[null, null, null, null, null]",,0.08591335854624643,0.08785592044348586,5.0,1.96
1a,5000,3445505,neural-fore,neural-main-oracle-bellman,-12.636461682351845,-12.584956277315424,-12.586673112426368,0.08705794382793274,-12.755589847218172,-12.414322707412676,1.0,-0.04978856992547698,0.0017168351109440039,0.508524537704114,0.508524537704114,0.0852480885650478,0.07746758706021319,0.03482696800351882,nan,nan,0.22012299256567122,9.721025119613167,29.6736355301557,3285.337074965493,nan,nan,nan,nan,nan,nan,nan,nan,nan,220.0,0.005814700737472957,11.000769250385929,4000.0,1.0,0.0,nan,nan,nan,nan,nan,nan,nan,nan,nan,nan,nan,nan,nan,nan,nan,nan,0.0,"[300, 100, 300, 300, 100]","[0.0034637390626571737, 0.0028223602372806386, 0.010679086815337514, 0.007042355498493646, 0.0050659620735958154]","[null, null, null, null, null]","[null, null, null, null, null]","[null, null, null, null, null]","[null, null, null, null, null]",,0.08705794382793274,0.06277228555954294,5.0,1.96
1a,5000,3455505,neural-fore,neural-main-oracle-bellman,-12.813062871601895,-12.7544107830677,-12.586673112426368,0.094703354465716,-12.940029357820503,-12.568792208314896,1.0,-0.22638975917552706,-0.1677376706413316,0.6976429027958752,0.6976429027958752,0.11737483650087858,0.1050557216819541,0.05574869411307592,nan,nan,0.4383508562821407,8.81008149485718,31.461929350386573,3148.2980698090378,nan,nan,nan,nan,nan,nan,nan,nan,nan,100.0,0.007230808506395984,8.817919149796944,4000.0,1.0,0.0,nan,nan,nan,nan,nan,nan,nan,nan,nan,nan,nan,nan,nan,nan,nan,nan,0.0,"[100, 100, 100, 100, 100]","[0.006575729680614279, 0.004408531680874684, 0.020380288499528634, 0.003333496348882788, 0.0014559963220795382]","[null, null, null, null, null]","[null, null, null, null, null]","[null, null, null, null, null]","[null, null, null, null, null]",,0.094703354465716,0.0692969653070114,5.0,1.96
1a,5000,3465505,neural-fore,neural-main-oracle-bellman,-12.711883837286242,-12.66891434066554,-12.586673112426368,0.0873800906764409,-12.840179318391364,-12.497649362939715,1.0,-0.1252107248598744,-0.08224122823917135,0.5189579640621227,0.5189579640621227,0.08966375786612155,0.0710874978390932,0.04113153477011215,nan,nan,0.30766850809853724,9.4695389218425,29.30499350782051,3276.38274801901,nan,nan,nan,nan,nan,nan,nan,nan,nan,180.0,0.006658676439633365,9.468907591770403,4000.0,1.0,0.0,nan,nan,nan,nan,nan,nan,nan,nan,nan,nan,nan,nan,nan,nan,nan,nan,0.0,"[300, 100, 100, 300, 100]","[0.004151729770397651, 0.01734536073826779, 0.006647840686798235, 0.0026509128412045713, 0.0024975381614985763]","[null, null, null, null, null]","[null, null, null, null, null]","[null, null, null, null, null]","[null, null, null, null, null]",,0.0873800906764409,0.057361879488124386,5.0,1.96
1a,5000,3475505,neural-fore,neural-main-oracle-bellman,-12.68864930103854,-12.667511379951245,-12.586673112426368,0.09397055172491972,-12.851693661332087,-12.483329098570403,1.0,-0.10197618861217173,-0.08083826752487688,0.7212372608363448,0.7212372608363448,0.1101865709442517,0.09339363358952928,0.03198166555639439,nan,nan,0.31778647494498075,9.246345769037815,34.63780627494852,3094.94560285013,nan,nan,nan,nan,nan,nan,nan,nan,nan,220.0,0.003347676233793845,9.300442174996714,4000.0,1.0,0.0,nan,nan,nan,nan,nan,nan,nan,nan,nan,nan,nan,nan,nan,nan,nan,nan,0.0,"[300, 300, 100, 100, 300]","[7.139506300588364e-05, 0.0, 0.009576269710580208, 0.007090716395383135, 0.0]","[null, null, null, null, null]","[null, null, null, null, null]","[null, null, null, null, null]","[null, null, null, null, null]",,0.09397055172491972,0.12440436303041638,5.0,1.96
1a,5000,3485505,neural-fore,neural-main-oracle-bellman,-12.655851068699276,-12.624097933082824,-12.586673112426368,0.09261031848071163,-12.805614157305019,-12.44258170886063,1.0,-0.06917795627290779,-0.03742482065645625,0.5485283120365068,0.5485283120365068,0.07295064618319513,0.06459348296451144,0.032536565177825195,nan,nan,0.2681913075577542,8.989966122909586,32.75372401088584,3156.478738917855,nan,nan,nan,nan,nan,nan,nan,nan,nan,180.0,0.005771969913178623,8.83640661641257,4000.0,1.0,0.0,nan,nan,nan,nan,nan,nan,nan,nan,nan,nan,nan,nan,nan,nan,nan,nan,0.0,"[100, 100, 100, 300, 300]","[0.007252082341925678, 0.0013816277385234022, 0.006628230589787745, 0.00899737334962037, 0.004600535546035919]","[null, null, null, null, null]","[null, null, null, null, null]","[null, null, null, null, null]","[null, null, null, null, null]",,0.09261031848071163,0.06262174080136756,5.0,1.96
1a,10000,980505,neural-fore,neural-main-oracle-bellman,-12.59967212021922,-12.553352703894019,-12.586673112426368,0.060209596736954606,-12.67136351349845,-12.435341894289587,1.0,-0.012999007792851458,0.03332040853234908,0.5958508020331579,0.5958508020331579,0.0743931633573772,0.07308641835532974,0.03453685486584988,nan,nan,0.27022131977371094,9.380127938937251,27.826987870950887,6646.693256006496,nan,nan,nan,nan,nan,nan,nan,nan,nan,220.0,0.002218054397559537,20.08501626618672,8000.0,1.0,0.0,nan,nan,nan,nan,nan,nan,nan,nan,nan,nan,nan,nan,nan,nan,nan,nan,0.0,"[300, 100, 300, 300, 100]","[0.0, 0.0019378823318310285, 0.0, 0.0017371629270732656, 0.007415226728893391]","[null, null, null, null, null]","[null, null, null, null, null]","[null, null, null, null, null]","[null, null, null, null, null]",,0.060209596736954606,0.034762981302393386,5.0,1.96
1a,10000,990505,neural-fore,neural-main-oracle-bellman,-12.474665328863164,-12.426570895577726,-12.586673112426368,0.056650390915461576,-12.53760566177203,-12.315536129383421,0.0,0.11200778356320384,0.16010221684864234,0.37005732633395294,0.37005732633395294,0.061215070287996096,0.05312030703899723,0.036674899992290934,nan,nan,0.3099487256437105,9.69633670438693,26.586121202125746,6883.287358416471,nan,nan,nan,nan,nan,nan,nan,nan,nan,260.0,0.0013647427133595086,21.47400395817822,8000.0,1.0,0.0,nan,nan,nan,nan,nan,nan,nan,nan,nan,nan,nan,nan,nan,nan,nan,nan,0.0,"[300, 100, 300, 300, 300]","[0.0004935332135295093, 0.004638674289459793, 0.0, 0.0016915060638082405, 0.0]","[null, null, null, null, null]","[null, null, null, null, null]","[null, null, null, null, null]","[null, null, null, null, null]",,0.056650390915461576,0.058793946193798304,5.0,1.96
1a,10000,1000505,neural-fore,neural-main-oracle-bellman,-12.671131891157914,-12.649184069834345,-12.586673112426368,0.062007247348084944,-12.770718274636591,-12.527649865032098,1.0,-0.0844587787315465,-0.06251095740797652,0.3836417863908241,0.3836417863908241,0.06130568866869446,0.05260367013970828,0.03895609661065103,nan,nan,0.2889863900540508,9.227856376605553,28.782373125067696,6600.560425727745,nan,nan,nan,nan,nan,nan,nan,nan,nan,220.0,0.004743118960314312,19.414638024789745,8000.0,1.0,0.0,nan,nan,nan,nan,nan,nan,nan,nan,nan,nan,nan,nan,nan,nan,nan,nan,0.0,"[300, 300, 100, 300, 100]","[0.0, 0.0043333987590407, 0.012212305251405793, 0.0, 0.007169890791125066]","[null, null, null, null, null]","[null, null, null, null, null]","[null, null, null, null, null]","[null, null, null, null, null]",,0.062007247348084944,0.04908954627736173,5.0,1.96
1a,10000,1010505,neural-fore,neural-main-oracle-bellman,-12.599516563975241,-12.518315316960244,-12.586673112426368,0.059289817902571776,-12.634523360049284,-12.402107273871204,1.0,-0.01284345154887312,0.06835779546612386,0.5015992376742872,0.5015992376742872,0.08408782535889003,0.07121262913068249,0.029648937588231932,nan,nan,0.19363963811355847,9.456836806854259,27.24410267026094,6658.852121883393,nan,nan,nan,nan,nan,nan,nan,nan,nan,300.0,0.0018340614744800214,22.27743094980251,8000.0,1.0,0.0,nan,nan,nan,nan,nan,nan,nan,nan,nan,nan,nan,nan,nan,nan,nan,nan,0.0,"[300, 300, 300, 300, 300]","[0.0, 7.063544312638158e-05, 0.006823675581441131, 0.0022759963478325936, 0.0]","[null, null, null, null, null]","[null, null, null, null, null]","[null, null, null, null, null]","[null, null, null, null, null]",,0.059289817902571776,0.06265741302061018,5.0,1.96
1a,10000,1020505,neural-fore,neural-main-oracle-bellman,-12.611928821138333,-12.61531199778933,-12.586673112426368,0.06143453534169546,-12.735723687059053,-12.494900308519608,1.0,-0.02525570871196514,-0.02863888536296244,0.4384729629915169,0.4384729629915169,0.06752119879848,0.05798837080615745,0.02897657890913581,nan,nan,0.2674026598592587,9.419662744261755,30.867346664754482,6497.000380037247,nan,nan,nan,nan,nan,nan,nan,nan,nan,180.0,0.00786352937811155,18.30424996681977,8000.0,1.0,0.0,nan,nan,nan,nan,nan,nan,nan,nan,nan,nan,nan,nan,nan,nan,nan,nan,0.0,"[100, 300, 300, 100, 100]","[0.0012313025622862584, 0.009859765783819288, 0.0, 0.007547270759120673, 0.020679307785331526]","[null, null, null, null, null]","[null, null, null, null, null]","[null, null, null, null, null]","[null, null, null, null, null]",,0.06143453534169546,0.06469546746820266,5.0,1.96
1a,10000,1030505,neural-fore,neural-main-oracle-bellman,-12.632022036837103,-12.671094558132665,-12.586673112426368,0.06233086591049679,-12.793263055317238,-12.548926060948093,1.0,-0.045348924410735236,-0.0844214457062975,0.5029600254865811,0.5029600254865811,0.07274947828764403,0.07083789509984763,0.03529228452179321,nan,nan,0.2589543447169089,9.334376467338668,29.7335253919533,6526.509276874539,nan,nan,nan,nan,nan,nan,nan,nan,nan,260.0,0.0022481892360466244,22.154966141830663,8000.0,1.0,0.0,nan,nan,nan,nan,nan,nan,nan,nan,nan,nan,nan,nan,nan,nan,nan,nan,0.0,"[300, 100, 300, 300, 300]","[0.005081620038074304, 0.0025974530127386257, 0.0, 0.0035618731294201917, 0.0]","[null, null, null, null, null]","[null, null, null, null, null]","[null, null, null, null, null]","[null, null, null, null, null]",,0.06233086591049679,0.055708802052733306,5.0,1.96
1a,10000,1040505,neural-fore,neural-main-oracle-bellman,-12.703321798446675,-12.649478211119314,-12.586673112426368,0.06132505842014415,-12.769675325622798,-12.529281096615831,1.0,-0.11664868602030687,-0.06280509869294626,0.4249816150574651,0.4249816150574651,0.0700430134980112,0.061761516820176686,0.032012353093646424,nan,nan,0.27945983300478516,9.577617968299995,29.546453982729325,6545.984212493687,nan,nan,nan,nan,nan,nan,nan,nan,nan,220.0,0.0034029481462182704,19.727170658204706,8000.0,1.0,0.0,nan,nan,nan,nan,nan,nan,nan,nan,nan,nan,nan,nan,nan,nan,nan,nan,0.0,"[300, 100, 100, 300, 300]","[0.0, 0.0050696120825939935, 0.008767824316101503, 0.0031773043323958536, 0.0]","[null, null, null, null, null]","[null, null, null, null, null]","[null, null, null, null, null]","[null, null, null, null, null]",,0.06132505842014415,0.0805419760097917,5.0,1.96
1a,10000,1050505,neural-fore,neural-main-oracle-bellman,-12.627178905741909,-12.591342658052186,-12.586673112426368,0.06164791944048017,-12.712172580155528,-12.470512735948844,1.0,-0.04050579331554083,-0.004669545625818117,0.3807100377197085,0.3807100377197085,0.056663777693410244,0.05107730189862808,0.02720648967750285,nan,nan,0.26752964702925686,9.538534956065298,28.826561336667584,6577.2636126888965,nan,nan,nan,nan,nan,nan,nan,nan,nan,260.0,0.0023107096093503542,21.625246266415342,8000.0,1.0,0.0,nan,nan,nan,nan,nan,nan,nan,nan,nan,nan,nan,nan,nan,nan,nan,nan,0.0,"[300, 300, 100, 300, 300]","[0.0, 0.002990544285046878, 0.0021447398082407917, 0.0064182639534641015, 0.0]","[null, null, null, null, null]","[null, null, null, null, null]","[null, null, null, null, null]","[null, null, null, null, null]",,0.06164791944048017,0.04984170846331922,5.0,1.96
1a,10000,1060505,neural-fore,neural-main-oracle-bellman,-12.533541890826234,-12.506950735455634,-12.586673112426368,0.05976665984474026,-12.624093388751325,-12.389808082159943,1.0,0.05313122160013428,0.07972237697073403,0.2650901723782268,0.2650901723782268,0.08321308651582363,0.08186502934966587,0.027493358099226314,nan,nan,0.30390932194505854,9.59101687943681,29.135270328991208,6638.280205580631,nan,nan,nan,nan,nan,nan,nan,nan,nan,220.0,0.002672884835039343,19.703379425196907,8000.0,1.0,0.0,nan,nan,nan,nan,nan,nan,nan,nan,nan,nan,nan,nan,nan,nan,nan,nan,0.0,"[300, 300, 100, 300, 100]","[0.002417659311328672, 0.00027386330037615933, 0.006864152784384937, 0.0012702909122717975, 0.0025384578668351514]","[null, null, null, null, null]","[null, null, null, null, null]","[null, null, null, null, null]","[null, null, null, null, null]",,0.05976665984474026,0.07487841834216291,5.0,1.96
1a,10000,1070505,neural-fore,neural-main-oracle-bellman,-12.601007734196642,-12.592529973112216,-12.586673112426368,0.0612635030177224,-12.71260643902695,-12.47245350719748,1.0,-0.014334621770274225,-0.005856860685847565,0.4085203168766346,0.4085203168766346,0.07420227162027464,0.06741558272784634,0.05019180250013449,nan,nan,0.25704148489327966,9.556942393253218,27.84265553028315,6551.819379641866,nan,nan,nan,nan,nan,nan,nan,nan,nan,220.0,0.0015084243042435702,19.386207749811,8000.0,1.0,0.0,nan,nan,nan,nan,nan,nan,nan,nan,nan,nan,nan,nan,nan,nan,nan,nan,0.0,"[100, 300, 300, 300, 100]","[0.0023000081372973546, 0.0, 0.0006326854158230609, 0.0, 0.004609427968097435]","[null, null, null, null, null]","[null, null, null, null, null]","[null, null, null, null, null]","[null, null, null, null, null]",,0.0612635030177224,0.05846733882651973,5.0,1.96
1a,10000,1080505,neural-fore,neural-main-oracle-bellman,-12.496236371987814,-12.52546058792261,-12.586673112426368,0.060860537396509685,-12.64474724121977,-12.406173934625452,1.0,0.09043674043855354,0.06121252450375714,0.5141377106141518,0.5141377106141518,0.07131810140387501,0.06193975782440149,0.02914654644873291,nan,nan,0.29105333991443155,9.323099656781011,29.966408715881634,6569.1296599294255,nan,nan,nan,nan,nan,nan,nan,nan,nan,180.0,0.003996790968099928,18.120655383425763,8000.0,1.0,0.0,nan,nan,nan,nan,nan,nan,nan,nan,nan,nan,nan,nan,nan,nan,nan,nan,0.0,"[100, 100, 100, 300, 300]","[0.0061964546905394595, 0.011387406061112519, 0.002400094088847662, 0.0, 0.0]","[null, null, null, null, null]","[null, null, null, null, null]","[null, null, null, null, null]","[null, null, null, null, null]",,0.060860537396509685,0.049875951217617495,5.0,1.96
1a,10000,1090505,neural-fore,neural-main-oracle-bellman,-12.573673983832135,-12.540005685901026,-12.586673112426368,0.06028462081889724,-12.658163542706065,-12.421847829095986,1.0,0.0129991285942328,0.04666742652534239,0.5552837872672509,0.5552837872672509,0.08265481627630036,0.07846461009803163,0.02999570940528705,nan,nan,0.22891382676513922,9.458540522767148,28.264573167283576,6588.686688129413,nan,nan,nan,nan,nan,nan,nan,nan,nan,260.0,0.00317794765220294,21.450114174815827,8000.0,0.9999999999999998,0.0,nan,nan,nan,nan,nan,nan,nan,nan,nan,nan,nan,nan,nan,nan,nan,nan,0.0,"[300, 300, 300, 300, 100]","[0.0, 0.008677538368233761, 0.0, 0.0, 0.007212199892780938]","[null, null, null, null, null]","[null, null, null, null, null]","[null, null, null, null, null]","[null, null, null, null, null]",,0.06028462081889724,0.07910995730225535,5.0,1.96
1a,10000,1100505,neural-fore,neural-main-oracle-bellman,-12.523431742922952,-12.52881135656285,-12.586673112426368,0.05769951969056545,-12.641902415156357,-12.415720297969342,1.0,0.06324136950341597,0.05786175586351838,0.48021606218768353,0.48021606218768353,0.07503051805097835,0.06548140322105145,0.03844548740882254,nan,nan,0.23578962530573208,9.730885483469145,26.52058487959618,6759.053093950877,nan,nan,nan,nan,nan,nan,nan,nan,nan,260.0,0.0019447147591090033,21.401299874391405,8000.0,1.0,0.0,nan,nan,nan,nan,nan,nan,nan,nan,nan,nan,nan,nan,nan,nan,nan,nan,0.0,"[300, 300, 100, 300, 300]","[0.0, 0.0, 0.0073627758027918575, 0.0006385711893551621, 0.0017222268033979967]","[null, null, null, null, null]","[null, null, null, null, null]","[null, null, null, null, null]","[null, null, null, null, null]",,0.05769951969056545,0.04838157675448179,5.0,1.96
1a,10000,1110505,neural-fore,neural-main-oracle-bellman,-12.65700247980257,-12.651297700111522,-12.586673112426368,0.06492385428935224,-12.778548454518653,-12.524046945704391,1.0,-0.07032936737620155,-0.06462458768515411,0.26934076917090005,0.26934076917090005,0.03879997669136813,0.03378417528097458,0.024708571588279056,nan,nan,0.24773877634754962,9.385158009300483,33.66971166502832,6328.4133672228745,nan,nan,nan,nan,nan,nan,nan,nan,nan,260.0,0.0024815276823992012,20.90978141699452,8000.0,1.0,0.0,nan,nan,nan,nan,nan,nan,nan,nan,nan,nan,nan,nan,nan,nan,nan,nan,0.0,"[100, 300, 300, 300, 300]","[0.006939018997866901, 0.0, 0.001067252144838589, 0.0030896025034310628, 0.0013117647658594544]","[null, null, null, null, null]","[null, null, null, null, null]","[null, null, null, null, null]","[null, null, null, null, null]",,0.06492385428935224,0.04526000048304432,5.0,1.96
1a,10000,1120505,neural-fore,neural-main-oracle-bellman,-12.626000921131086,-12.5910514334075,-12.586673112426368,0.06022688827718399,-12.709096134430782,-12.473006732384219,1.0,-0.039327808704717526,-0.004378320981132333,0.3498907944234113,0.3498907944234113,0.054017060527521046,0.049648226332072436,0.028084660847646936,nan,nan,0.3016514754823842,9.342281967429164,28.75867608503173,6666.625040089189,nan,nan,nan,nan,nan,nan,nan,nan,nan,220.0,0.0024200913953562435,20.189114958012944,8000.0,1.0,0.0,nan,nan,nan,nan,nan,nan,nan,nan,nan,nan,nan,nan,nan,nan,nan,nan,0.0,"[300, 300, 100, 100, 300]","[0.003309490289955975, 0.0, 0.002788883811520269, 0.005151765286618694, 0.0008503175886862792]","[null, null, null, null, null]","[null, null, null, null, null]","[null, null, null, null, null]","[null, null, null, null, null]",,0.06022688827718399,0.029979807392203593,5.0,1.96
1a,10000,1130505,neural-fore,neural-main-oracle-bellman,-12.612900392102121,-12.613903397468565,-12.586673112426368,0.06160010189662101,-12.734639597185943,-12.493167197751188,1.0,-0.026227279675753223,-0.027230285042197266,0.33458386468705037,0.33458386468705037,0.07467170555663435,0.06595510607200922,0.02504933007070956,nan,nan,0.2175472595766213,9.634432893734285,28.711743467700813,6613.729683225606,nan,nan,nan,nan,nan,nan,nan,nan,nan,260.0,0.002308028302246387,20.57479421640746,8000.0,1.0,0.0,nan,nan,nan,nan,nan,nan,nan,nan,nan,nan,nan,nan,nan,nan,nan,nan,0.0,"[300, 300, 300, 300, 100]","[0.0, 0.005667059661103167, 0.0004312304498546996, 0.0, 0.005441851400274069]","[null, null, null, null, null]","[null, null, null, null, null]","[null, null, null, null, null]","[null, null, null, null, null]",,0.06160010189662101,0.03572213274355364,5.0,1.96
1a,10000,1140505,neural-fore,neural-main-oracle-bellman,-12.64757646671176,-12.626205766158115,-12.586673112426368,0.062172993701310214,-12.748064833812684,-12.504346698503547,1.0,-0.06090335428539184,-0.0395326537317473,0.38128969209738306,0.38128969209738306,0.06814877683123009,0.05516505487092551,0.023274691432202267,nan,nan,0.3100763107666224,9.483918593287473,31.036426489632372,6531.981721114764,nan,nan,nan,nan,nan,nan,nan,nan,nan,180.0,0.0052061484573316654,18.037864041968714,8000.0,0.9999999999999998,0.0,nan,nan,nan,nan,nan,nan,nan,nan,nan,nan,nan,nan,nan,nan,nan,nan,0.0,"[300, 100, 100, 100, 300]","[0.0, 0.012138461103060178, 0.007029375634135474, 0.0039329991590651, 0.0029299063903975736]","[null, null, null, null, null]","[null, null, null, null, null]","[null, null, null, null, null]","[null, null, null, null, null]",,0.062172993701310214,0.06715706973416163,5.0,1.96
1a,10000,1150505,neural-fore,neural-main-oracle-bellman,-12.665875806869552,-12.649868027716247,-12.586673112426368,0.061421844265393016,-12.770254842476417,-12.529481212956076,1.0,-0.07920269444318428,-0.06319491528987875,0.35503119478377176,0.35503119478377176,0.06927021300504642,0.05621559124254653,0.024513227326210477,nan,nan,0.26933272108513157,9.497271382076015,28.070882963781166,6613.012928447903,nan,nan,nan,nan,nan,nan,nan,nan,nan,180.0,0.005198424610461317,18.312315541575664,8000.0,1.0,0.0,nan,nan,nan,nan,nan,nan,nan,nan,nan,nan,nan,nan,nan,nan,nan,nan,0.0,"[300, 300, 100, 100, 100]","[0.0022774269284154265, 0.004252582029655226, 0.011186994677309603, 0.005318656961774834, 0.002956462455151492]","[null, null, null, null, null]","[null, null, null, null, null]","[null, null, null, null, null]","[null, null, null, null, null]",,0.061421844265393016,0.04500469328874355,5.0,1.96
1a,10000,1160505,neural-fore,neural-main-oracle-bellman,-12.546287955051318,-12.511026784466644,-12.586673112426368,0.057482027707561986,-12.623691558773466,-12.398362010159822,1.0,0.04038515737505044,0.07564632795972415,0.34697298546463323,0.34697298546463323,0.04929833991411018,0.04604899861128574,0.031899168602378805,nan,nan,0.3007767295190737,9.717990711391458,25.365655944323372,6895.989661379986,nan,nan,nan,nan,nan,nan,nan,nan,nan,220.0,0.005020509446887388,19.381178916804494,8000.0,1.0,0.0,nan,nan,nan,nan,nan,nan,nan,nan,nan,nan,nan,nan,nan,nan,nan,nan,0.0,"[100, 300, 300, 100, 300]","[0.00440089684561059, 0.008428398006350816, 0.0, 0.009822228835174765, 0.002451023547300767]","[null, null, null, null, null]","[null, null, null, null, null]","[null, null, null, null, null]","[null, null, null, null, null]",,0.057482027707561986,0.05953136448692101,5.0,1.96
1a,10000,1170505,neural-fore,neural-main-oracle-bellman,-12.529042611470462,-12.505964757336653,-12.586673112426368,0.05846517628901453,-12.62055650286312,-12.391373011810185,1.0,0.05763050095590572,0.08070835508971541,0.6312018660385167,0.6312018660385167,0.08750260021237181,0.06826991211034031,0.03363288633248468,nan,nan,0.2849701854739377,9.614122941830104,27.732476808910345,6701.10856297587,nan,nan,nan,nan,nan,nan,nan,nan,nan,220.0,0.0018712987794646154,20.148378433007746,8000.0,1.0,0.0,nan,nan,nan,nan,nan,nan,nan,nan,nan,nan,nan,nan,nan,nan,nan,nan,0.0,"[100, 300, 300, 300, 100]","[0.0020721673720348215, 0.0, 0.0, 0.0, 0.007284326525288255]","[null, null, null, null, null]","[null, null, null, null, null]","[null, null, null, null, null]","[null, null, null, null, null]",,0.05846517628901453,0.04781290345950372,5.0,1.96
1a,10000,1180505,neural-fore,neural-main-oracle-bellman,-12.608158827728351,-12.530782597682512,-12.586673112426368,0.05962033632757609,-12.647638456884561,-12.413926738480463,1.0,-0.021485715301983177,0.0558905147438562,0.37750914147909354,0.37750914147909354,0.0785865367819518,0.07140951830451747,0.04189273316885747,nan,nan,0.33157695814534327,9.417087291610525,29.623013550757562,6634.641586531932,nan,nan,nan,nan,nan,nan,nan,nan,nan,260.0,0.0027453097354932393,21.45478344958974,8000.0,1.0,0.0,nan,nan,nan,nan,nan,nan,nan,nan,nan,nan,nan,nan,nan,nan,nan,nan,0.0,"[300, 300, 100, 300, 300]","[0.0, 0.0030876253325204366, 0.00595622688349662, 0.004682696461449139, 0.0]","[null, null, null, null, null]","[null, null, null, null, null]","[null, null, null, null, null]","[null, null, null, null, null]",,0.05962033632757609,0.04215678077495754,5.0,1.96
1a,10000,1190505,neural-fore,neural-main-oracle-bellman,-12.635452065368282,-12.625320871334345,-12.586673112426368,0.06308921299695627,-12.74897572880838,-12.50166601386031,1.0,-0.048778952941914255,-0.03864775890797745,0.46370761271136784,0.46370761271136784,0.07812626505165796,0.07692438597922924,0.02588631364001038,nan,nan,0.22453679442375907,9.400286052694378,31.941398250929627,6404.475421295379,nan,nan,nan,nan,nan,nan,nan,nan,nan,300.0,0.0018470054623597118,22.95680837504333,8000.0,1.0,0.0,nan,nan,nan,nan,nan,nan,nan,nan,nan,nan,nan,nan,nan,nan,nan,nan,0.0,"[300, 300, 300, 300, 300]","[0.00028597716689231684, 0.0, 0.004299311962115718, 0.004535566501851766, 0.00011417168093875779]","[null, null, null, null, null]","[null, null, null, null, null]","[null, null, null, null, null]","[null, null, null, null, null]",,0.06308921299695627,0.06191060451617994,5.0,1.96
1a,10000,1200505,neural-fore,neural-main-oracle-bellman,-12.50722597702568,-12.478432132216744,-12.586673112426368,0.05839739386934751,-12.592891024200664,-12.363973240232824,1.0,0.07944713540068804,0.10824098020962403,0.41755651153620343,0.41755651153620343,0.06589466898096326,0.05862544237174209,0.03647481916330777,nan,nan,0.3230206283232966,9.47920486213343,28.535394483396324,6703.539854667826,nan,nan,nan,nan,nan,nan,nan,nan,nan,260.0,0.005140020959135571,20.56832839238923,8000.0,1.0,0.0,nan,nan,nan,nan,nan,nan,nan,nan,nan,nan,nan,nan,nan,nan,nan,nan,0.0,"[300, 300, 100, 300, 300]","[0.0, 0.0, 0.01752857185107857, 0.0013834335680408235, 0.006788099376558464]","[null, null, null, null, null]","[null, null, null, null, null]","[null, null, null, null, null]","[null, null, null, null, null]",,0.05839739386934751,0.03039512141165041,5.0,1.96
1a,10000,1210505,neural-fore,neural-main-oracle-bellman,-12.671210886988161,-12.712216809289416,-12.586673112426368,0.062440360183038876,-12.834599915248171,-12.58983370333066,0.0,-0.08453777456179346,-0.12554369686304767,0.4572068965824904,0.4572068965824904,0.07516444945491847,0.06264450758776742,0.024880569354253233,nan,nan,0.20286138435216972,9.50404869571886,29.130786190553888,6530.162795964301,nan,nan,nan,nan,nan,nan,nan,nan,nan,300.0,0.00224959200339953,22.59467609956628,8000.0,1.0,0.0,nan,nan,nan,nan,nan,nan,nan,nan,nan,nan,nan,nan,nan,nan,nan,nan,0.0,"[300, 300, 300, 300, 300]","[0.002837419960644127, 0.003423574727950837, 0.0, 0.0, 0.004986965328402687]","[null, null, null, null, null]","[null, null, null, null, null]","[null, null, null, null, null]","[null, null, null, null, null]",,0.062440360183038876,0.0885953898690517,5.0,1.96
1a,10000,1220505,neural-fore,neural-main-oracle-bellman,-12.565091779917712,-12.605529366026712,-12.586673112426368,0.061009289464526696,-12.725107573377183,-12.48595115867624,1.0,0.02158133250865646,-0.01885625360034382,0.3883912561405199,0.3883912561405199,0.06510466377524007,0.05631358516615763,0.03235620688461414,nan,nan,0.31401607491113104,9.344521343413875,29.37623961390535,6587.700696765712,nan,nan,nan,nan,nan,nan,nan,nan,nan,220.0,0.0034119505903663348,20.22227228337433,8000.0,1.0,0.0,nan,nan,nan,nan,nan,nan,nan,nan,nan,nan,nan,nan,nan,nan,nan,nan,0.0,"[100, 300, 300, 300, 100]","[0.0036757952134100647, 0.0, 0.0, 0.00769275205041254, 0.005691205688009067]","[null, null, null, null, null]","[null, null, null, null, null]","[null, null, null, null, null]","[null, null, null, null, null]",,0.061009289464526696,0.07409480623695447,5.0,1.96
1a,10000,1230505,neural-fore,neural-main-oracle-bellman,-12.532701022920454,-12.492711254904231,-12.586673112426368,0.05958129133317623,-12.609490585917257,-12.375931923891205,1.0,0.0539720895059137,0.09396185752213704,0.6980718103304833,0.6980718103304833,0.07629025856509343,0.07193936099465054,0.03130480209668809,nan,nan,0.3473605849406396,9.584552501742845,29.80226401620514,6632.5503848111075,nan,nan,nan,nan,nan,nan,nan,nan,nan,180.0,0.005567467679332347,18.475632158166263,8000.0,1.0,0.0,nan,nan,nan,nan,nan,nan,nan,nan,nan,nan,nan,nan,nan,nan,nan,nan,0.0,"[100, 100, 300, 100, 300]","[0.012617333255235933, 0.006833646003778879, 0.0003386449506500727, 0.007486329861370234, 0.0005613843256266206]","[null, null, null, null, null]","[null, null, null, null, null]","[null, null, null, null, null]","[null, null, null, null, null]",,0.05958129133317623,0.041342304032495836,5.0,1.96
1a,10000,1240505,neural-fore,neural-main-oracle-bellman,-12.614224871579163,-12.590023515387397,-12.586673112426368,0.06131629659360125,-12.710203456710856,-12.469843574063939,1.0,-0.02755175915279473,-0.0033504029610291752,0.3191032682709755,0.3191032682709755,0.05188569272487766,0.047744463019257964,0.029501177177803897,nan,nan,0.34462280259885864,9.260665100159741,29.4333674253115,6609.561439696192,nan,nan,nan,nan,nan,nan,nan,nan,nan,140.0,0.006783010445322664,16.620990742195865,8000.0,1.0,0.0,nan,nan,nan,nan,nan,nan,nan,nan,nan,nan,nan,nan,nan,nan,nan,nan,0.0,"[100, 100, 100, 300, 100]","[0.0, 0.0032297957764449202, 0.008976956447624935, 0.0017606596481974871, 0.01994764035434598]","[null, null, null, null, null]","[null, null, null, null, null]","[null, null, null, null, null]","[null, null, null, null, null]",,0.06131629659360125,0.06344886147304368,5.0,1.96
1a,10000,1250505,neural-fore,neural-main-oracle-bellman,-12.540787670604603,-12.591439728921197,-12.586673112426368,0.06252188944270269,-12.713982632228895,-12.468896825613498,1.0,0.04588544182176513,-0.004766616494828568,0.5017418866725836,0.5017418866725836,0.08687976331526756,0.0737986223289753,0.02708994726464686,nan,nan,0.2832000502483894,9.093454396604667,31.28018849933742,6432.552157039646,nan,nan,nan,nan,nan,nan,nan,nan,nan,180.0,0.0023076285919797165,18.576667033613194,8000.0,1.0,0.0,nan,nan,nan,nan,nan,nan,nan,nan,nan,nan,nan,nan,nan,nan,nan,nan,0.0,"[100, 300, 100, 300, 100]","[0.005809841110260223, 0.0, 0.0015278710021604772, 0.0, 0.004200430847477881]","[null, null, null, null, null]","[null, null, null, null, null]","[null, null, null, null, null]","[null, null, null, null, null]",,0.06252188944270269,0.07002104339370603,5.0,1.96
1a,10000,1260505,neural-fore,neural-main-oracle-bellman,-12.550058290938512,-12.562180449257673,-12.586673112426368,0.06038999408678956,-12.68054483766778,-12.443816060847565,1.0,0.036614821487855664,0.024492663168695472,0.4111774181363105,0.4111774181363105,0.057431227082410975,0.04230983788667409,0.032195984799173794,nan,nan,0.32845772858055766,9.388015700516448,28.362355348125327,6654.333758682471,nan,nan,nan,nan,nan,nan,nan,nan,nan,180.0,0.004682766241568634,17.806267808773555,8000.0,1.0,0.0,nan,nan,nan,nan,nan,nan,nan,nan,nan,nan,nan,nan,nan,nan,nan,nan,0.0,"[300, 100, 100, 300, 100]","[0.0, 0.007487291999055608, 0.006985875612016322, 0.0, 0.008940663596771236]","[null, null, null, null, null]","[null, null, null, null, null]","[null, null, null, null, null]","[null, null, null, null, null]",,0.06038999408678956,0.05726412692107782,5.0,1.96
1a,10000,1270505,neural-fore,neural-main-oracle-bellman,-12.614267954067037,-12.607173926602055,-12.586673112426368,0.06073300592817349,-12.726210618221275,-12.488137234982835,1.0,-0.027594841640668832,-0.020500814175687054,0.3423035501481381,0.3423035501481381,0.05827454226630242,0.05009277093069135,0.028133341422764142,nan,nan,0.26964292933347694,9.547731193620809,29.967582524985364,6610.163313072906,nan,nan,nan,nan,nan,nan,nan,nan,nan,220.0,0.003785448995121106,19.904248866578563,8000.0,1.0,0.0,nan,nan,nan,nan,nan,nan,nan,nan,nan,nan,nan,nan,nan,nan,nan,nan,0.0,"[100, 300, 300, 300, 100]","[0.007760934862697144, 0.002894660812707737, 0.0, 0.0022637669828132804, 0.006007882317387366]","[null, null, null, null, null]","[null, null, null, null, null]","[null, null, null, null, null]","[null, null, null, null, null]",,0.06073300592817349,0.03663810767295417,5.0,1.96
1a,10000,1280505,neural-fore,neural-main-oracle-bellman,-12.616173915929055,-12.626153709556128,-12.586673112426368,0.06138472166436181,-12.746467764018277,-12.505839655093979,1.0,-0.029500803502687134,-0.03948059712976004,0.49213699889968743,0.49213699889968743,0.06669689069307594,0.06075111121575012,0.03049720822754434,nan,nan,0.24106640617928193,9.540976953749436,29.332827337496187,6502.2139619652335,nan,nan,nan,nan,nan,nan,nan,nan,nan,260.0,0.0025316658041145625,21.199073966802096,8000.0,1.0,0.0,nan,nan,nan,nan,nan,nan,nan,nan,nan,nan,nan,nan,nan,nan,nan,nan,0.0,"[300, 300, 300, 300, 100]","[0.00010558931652389429, 0.00014486609546874798, 0.0026993295794358824, 0.0005108549327884436, 0.009197689096355844]","[null, null, null, null, null]","[null, null, null, null, null]","[null, null, null, null, null]","[null, null, null, null, null]",,0.06138472166436181,0.0638723098861999,5.0,1.96
1a,10000,1290505,neural-fore,neural-main-oracle-bellman,-12.584807444067446,-12.570941358773858,-12.586673112426368,0.0606567507024618,-12.689828590150682,-12.452054127397034,1.0,0.0018656683589224343,0.015731753652509894,0.43297469792467813,0.43297469792467813,0.058234416461572014,0.05200947566707751,0.028062420921374443,nan,nan,0.27006114955232363,9.409902819246048,29.657149457186318,6546.180700237058,nan,nan,nan,nan,nan,nan,nan,nan,nan,260.0,0.003560056702458536,21.116728941432665,8000.0,1.0,0.0,nan,nan,nan,nan,nan,nan,nan,nan,nan,nan,nan,nan,nan,nan,nan,nan,0.0,"[300, 300, 300, 300, 100]","[0.0010690496019687896, 0.007934715940338016, 0.004486332231868815, 0.0, 0.004310185738117059]","[null, null, null, null, null]","[null, null, null, null, null]","[null, null, null, null, null]","[null, null, null, null, null]",,0.0606567507024618,0.06697999771695182,5.0,1.96
1a,10000,1300505,neural-fore,neural-main-oracle-bellman,-12.664286175540694,-12.616084688051767,-12.586673112426368,0.05956799177598608,-12.7328379519327,-12.499331424170835,1.0,-0.0776130631143257,-0.029411575625399422,0.33283651011404963,0.33283651011404963,0.049216625025872325,0.04742099342016572,0.029208658866242347,nan,nan,0.36945819285553066,9.468438714680527,27.801068946491743,6713.534382362792,nan,nan,nan,nan,nan,nan,nan,nan,nan,180.0,0.0030147220425239115,17.94888518344378,8000.0,1.0,0.0,nan,nan,nan,nan,nan,nan,nan,nan,nan,nan,nan,nan,nan,nan,nan,nan,0.0,"[100, 300, 100, 100, 300]","[0.0054937859932973595, 0.0, 0.0039875555099959156, 0.005182414303543957, 0.00040985440578232514]","[null, null, null, null, null]","[null, null, null, null, null]","[null, null, null, null, null]","[null, null, null, null, null]",,0.05956799177598608,0.031401124041565455,5.0,1.96
1a,10000,1310505,neural-fore,neural-main-oracle-bellman,-12.685025610461237,-12.707972959016955,-12.586673112426368,0.06367821665937869,-12.832782263669337,-12.583163654364572,1.0,-0.09835249803486867,-0.12129984659058657,0.35520526445903433,0.35520526445903433,0.0660750934679876,0.06252410363101399,0.035894900870299694,nan,nan,0.40722114181892116,9.274006511469043,30.7409220264358,6500.705537741968,nan,nan,nan,nan,nan,nan,nan,nan,nan,140.0,0.0067262566237053165,16.62765409104759,8000.0,1.0,0.0,nan,nan,nan,nan,nan,nan,nan,nan,nan,nan,nan,nan,nan,nan,nan,nan,0.0,"[300, 100, 100, 100, 100]","[0.0036938819229435553, 0.01715009101296472, 0.002663160273678891, 0.004019721403453334, 0.006104428505486088]","[null, null, null, null, null]","[null, null, null, null, null]","[null, null, null, null, null]","[null, null, null, null, null]",,0.06367821665937869,0.07009092478098562,5.0,1.96
1a,10000,1320505,neural-fore,neural-main-oracle-bellman,-12.654810846872502,-12.604538088869385,-12.586673112426368,0.061269401699983427,-12.724626116201351,-12.484450061537418,1.0,-0.06813773444613425,-0.017864976443016545,0.3786534878483031,0.3786534878483031,0.05979403065869221,0.04638068559613528,0.028110805306726074,nan,nan,0.25073370271750234,9.495710633407015,29.97415126382791,6569.088543204131,nan,nan,nan,nan,nan,nan,nan,nan,nan,260.0,0.0017653352890667196,21.225168308604044,8000.0,1.0,0.0,nan,nan,nan,nan,nan,nan,nan,nan,nan,nan,nan,nan,nan,nan,nan,nan,0.0,"[100, 300, 300, 300, 300]","[0.005181592743714187, 0.0, 8.440140074007914e-05, 0.0016820094861857149, 0.0018786728146936175]","[null, null, null, null, null]","[null, null, null, null, null]","[null, null, null, null, null]","[null, null, null, null, null]",,0.061269401699983427,0.07191348978018514,5.0,1.96
1a,10000,1330505,neural-fore,neural-main-oracle-bellman,-12.496799792338248,-12.469506220071036,-12.586673112426368,0.05918075907961193,-12.585500507867076,-12.353511932274996,0.0,0.08987332008812032,0.11716689235533195,0.678664767108072,0.678664767108072,0.09153586759121121,0.07498710938171474,0.02327966453534381,nan,nan,0.28421924599685017,9.422585754052474,29.097454947716823,6647.707910431723,nan,nan,nan,nan,nan,nan,nan,nan,nan,220.0,0.0015224619301350299,20.404304458235856,8000.0,1.0,0.0,nan,nan,nan,nan,nan,nan,nan,nan,nan,nan,nan,nan,nan,nan,nan,nan,0.0,"[100, 300, 300, 300, 100]","[0.0040814888822072615, 0.0, 0.000389920806049336, 0.0, 0.003140899962418552]","[null, null, null, null, null]","[null, null, null, null, null]","[null, null, null, null, null]","[null, null, null, null, null]",,0.05918075907961193,0.04961200166903497,5.0,1.96
1a,10000,1340505,neural-fore,neural-main-oracle-bellman,-12.595515946462296,-12.577224912090244,-12.586673112426368,0.058577883638464986,-12.692037564021636,-12.462412260158853,1.0,-0.008842834035927893,0.009448200336123591,0.394755318204854,0.394755318204854,0.06523523671393212,0.05218545636808329,0.028597407573661818,nan,nan,0.38252962246223793,9.596662481965335,28.733268095776573,6774.540382580038,nan,nan,nan,nan,nan,nan,nan,nan,nan,140.0,0.010767352071268138,16.504343541606794,8000.0,1.0,0.0,nan,nan,nan,nan,nan,nan,nan,nan,nan,nan,nan,nan,nan,nan,nan,nan,0.0,"[100, 100, 100, 300, 100]","[0.018679020197032083, 0.005813438154181467, 0.024334465020129495, 0.0, 0.005009836984997646]","[null, null, null, null, null]","[null, null, null, null, null]","[null, null, null, null, null]","[null, null, null, null, null]",,0.058577883638464986,0.10729238065952489,5.0,1.96
1a,10000,1350505,neural-fore,neural-main-oracle-bellman,-12.516149147649351,-12.491626865246761,-12.586673112426368,0.05922816305644657,-12.607714064837397,-12.375539665656126,1.0,0.07052396477701706,0.09504624717960652,0.42654852621254113,0.42654852621254113,0.08136134689165495,0.06946042091311573,0.04314101234574173,nan,nan,0.30029950316295606,9.628205995905631,27.83589791745886,6710.134337274031,nan,nan,nan,nan,nan,nan,nan,nan,nan,220.0,0.0028850303004358917,20.08272484136978,8000.0,1.0,0.0,nan,nan,nan,nan,nan,nan,nan,nan,nan,nan,nan,nan,nan,nan,nan,nan,0.0,"[100, 300, 300, 300, 100]","[0.010982899560789457, 0.0, 0.0, 0.0, 0.0034422519413900014]","[null, null, null, null, null]","[null, null, null, null, null]","[null, null, null, null, null]","[null, null, null, null, null]",,0.05922816305644657,0.08199107384459753,5.0,1.96
1a,10000,1360505,neural-fore,neural-main-oracle-bellman,-12.650205466093254,-12.660600715018454,-12.586673112426368,0.06168441096187464,-12.781502160503727,-12.53969926953318,1.0,-0.06353235366688637,-0.07392760259208586,0.5982961630127855,0.5982961630127855,0.08064815355609277,0.062400361099497835,0.03210349180938585,nan,nan,0.3289569519005613,9.484242344341443,30.357094318819602,6585.464918922468,nan,nan,nan,nan,nan,nan,nan,nan,nan,140.0,0.012484761772772862,17.29000270020915,8000.0,1.0,0.0,nan,nan,nan,nan,nan,nan,nan,nan,nan,nan,nan,nan,nan,nan,nan,nan,0.0,"[100, 300, 100, 100, 100]","[0.019491865232173083, 0.001884880447053908, 0.025634948498379863, 0.011817777151243778, 0.00359433753501368]","[null, null, null, null, null]","[null, null, null, null, null]","[null, null, null, null, null]","[null, null, null, null, null]",,0.06168441096187464,0.05050917102224506,5.0,1.96
1a,10000,1370505,neural-fore,neural-main-oracle-bellman,-12.503382034652176,-12.465134439888978,-12.586673112426368,0.05837807698419947,-12.579555470778008,-12.350713408999948,0.0,0.08329107777419154,0.12153867253739037,0.5279578629829617,0.5279578629829617,0.07327774673294238,0.0694327431263285,0.030099691238443686,nan,nan,0.2962637759005572,9.554828781471556,28.327165031775714,6692.709836231349,nan,nan,nan,nan,nan,nan,nan,nan,nan,180.0,0.004244029608147548,18.475343858578707,8000.0,1.0,0.0,nan,nan,nan,nan,nan,nan,nan,nan,nan,nan,nan,nan,nan,nan,nan,nan,0.0,"[300, 100, 300, 100, 100]","[0.003591908251781427, 0.009277338430162764, 0.0, 0.004858399851957722, 0.0034925015068358245]","[null, null, null, null, null]","[null, null, null, null, null]","[null, null, null, null, null]","[null, null, null, null, null]",,0.05837807698419947,0.03741226688921277,5.0,1.96
1a,10000,1380505,neural-fore,neural-main-oracle-bellman,-12.714303570431024,-12.692795115451492,-12.586673112426368,0.06263450097794449,-12.815558737368264,-12.57003149353472,1.0,-0.12763045800465633,-0.1061220030251242,0.49991965918875503,0.49991965918875503,0.06341743289903824,0.05934026499430932,0.032381821186364,nan,nan,0.2953505819538257,9.487931050673863,29.461021904749064,6526.549181888636,nan,nan,nan,nan,nan,nan,nan,nan,nan,220.0,0.006562234155627571,19.815049958170857,8000.0,1.0,0.0,nan,nan,nan,nan,nan,nan,nan,nan,nan,nan,nan,nan,nan,nan,nan,nan,0.0,"[100, 300, 100, 300, 300]","[0.016346942149718772, 0.0015774012491424096, 0.009308772529786291, 0.0, 0.0055780548494903815]","[null, null, null, null, null]","[null, null, null, null, null]","[null, null, null, null, null]","[null, null, null, null, null]",,0.06263450097794449,0.07812364289156806,5.0,1.96
1a,10000,1390505,neural-fore,neural-main-oracle-bellman,-12.555878178618899,-12.553046483838253,-12.586673112426368,0.05885747708374707,-12.668407138922397,-12.437685828754109,1.0,0.030794933807468894,0.033626628588114826,0.41217554523798194,0.41217554523798194,0.05833874522656259,0.05521695433721876,0.033365220235273524,nan,nan,0.2661735060290472,9.57220927315589,27.098011896146303,6693.647854496381,nan,nan,nan,nan,nan,nan,nan,nan,nan,260.0,0.002233271789758908,21.102927824831568,8000.0,1.0,0.0,nan,nan,nan,nan,nan,nan,nan,nan,nan,nan,nan,nan,nan,nan,nan,nan,0.0,"[300, 300, 100, 300, 300]","[0.0, 0.005828909587970678, 0.005214540256339018, 0.0, 0.0001229091044848429]","[null, null, null, null, null]","[null, null, null, null, null]","[null, null, null, null, null]","[null, null, null, null, null]",,0.05885747708374707,0.030863412219050756,5.0,1.96
1a,10000,1400505,neural-fore,neural-main-oracle-bellman,-12.536648742672911,-12.478460075818875,-12.586673112426368,0.059083332257329084,-12.59426340704324,-12.36265674459451,1.0,0.05002436975345681,0.10821303660749315,0.5568898059112468,0.5568898059112468,0.07678141169927366,0.07274991824496173,0.043446261455578054,nan,nan,0.30391565106942975,9.662905349258622,28.17456801224025,6704.177977492482,nan,nan,nan,nan,nan,nan,nan,nan,nan,220.0,0.0039050923610103984,20.250908508198336,8000.0,1.0,0.0,nan,nan,nan,nan,nan,nan,nan,nan,nan,nan,nan,nan,nan,nan,nan,nan,0.0,"[300, 100, 100, 300, 300]","[0.0, 0.00747405626664142, 0.0030957106079270756, 0.005300618332620173, 0.0036550765978633215]","[null, null, null, null, null]","[null, null, null, null, null]","[null, null, null, null, null]","[null, null, null, null, null]",,0.059083332257329084,0.04484661587347648,5.0,1.96
1a,10000,1410505,neural-fore,neural-main-oracle-bellman,-12.588665160340746,-12.617476947308056,-12.586673112426368,0.061561360695047036,-12.738137214270347,-12.496816680345765,1.0,-0.0019920479143777925,-0.03080383488168792,0.4737639798546301,0.4737639798546301,0.06053400817411257,0.05512411257632601,0.03984844323064074,nan,nan,0.28747522428812466,9.221271846960803,27.763503716470687,6575.212295619523,nan,nan,nan,nan,nan,nan,nan,nan,nan,220.0,0.0026758042614180417,20.231740241206715,8000.0,1.0,0.0,nan,nan,nan,nan,nan,nan,nan,nan,nan,nan,nan,nan,nan,nan,nan,nan,0.0,"[300, 300, 100, 100, 300]","[0.0, 0.0015461498488799062, 0.0, 0.008637608456457337, 0.003195263001752967]","[null, null, null, null, null]","[null, null, null, null, null]","[null, null, null, null, null]","[null, null, null, null, null]",,0.061561360695047036,0.057067853206860183,5.0,1.96
1a,10000,1420505,neural-fore,neural-main-oracle-bellman,-12.590119211066403,-12.598588071923432,-12.586673112426368,0.06090507397113327,-12.717962016906853,-12.479214126940011,1.0,-0.003446098640035089,-0.011914959497064004,0.27937911275738736,0.27937911275738736,0.05890365971424244,0.054449508715765114,0.038158391050052885,nan,nan,0.33881632229860353,9.43384783549823,30.074387127289913,6624.937363686063,nan,nan,nan,nan,nan,nan,nan,nan,nan,180.0,0.004618921308075463,19.505790966784115,8000.0,1.0,0.0,nan,nan,nan,nan,nan,nan,nan,nan,nan,nan,nan,nan,nan,nan,nan,nan,0.0,"[100, 100, 300, 300, 100]","[0.0039389066909702435, 0.009912871433862838, 0.0, 0.002491329528037485, 0.006751498887506751]","[null, null, null, null, null]","[null, null, null, null, null]","[null, null, null, null, null]","[null, null, null, null, null]",,0.06090507397113327,0.06079642342483767,5.0,1.96
1a,10000,1430505,neural-fore,neural-main-oracle-bellman,-12.554012847740196,-12.550993552522211,-12.586673112426368,0.05950189243472655,-12.667617261694275,-12.434369843350147,1.0,0.03266026468617156,0.03567955990415683,0.43695590432391407,0.43695590432391407,0.07282066136574751,0.05416767666328256,0.037127923757352375,nan,nan,0.3528823523841414,9.435271055199781,27.088154982036663,6737.339041588961,nan,nan,nan,nan,nan,nan,nan,nan,nan,140.0,0.004379454295395541,18.02282697458286,8000.0,1.0,0.0,nan,nan,nan,nan,nan,nan,nan,nan,nan,nan,nan,nan,nan,nan,nan,nan,0.0,"[100, 300, 100, 100, 100]","[0.003396488861948595, 0.003405800111464249, 0.0018611158577311088, 0.006721544486259965, 0.00651232215957379]","[null, null, null, null, null]","[null, null, null, null, null]","[null, null, null, null, null]","[null, null, null, null, null]",,0.05950189243472655,0.08755249274933007,5.0,1.96
1a,10000,1440505,neural-fore,neural-main-oracle-bellman,-12.587701932127503,-12.527812715512137,-12.586673112426368,0.05990770731201728,-12.64523182184369,-12.410393609180584,1.0,-0.0010288197011352196,0.058860396914230506,0.2844991448855771,0.2844991448855771,0.046044711600604214,0.04090117383805162,0.03622397997809427,nan,nan,0.31520231948520167,9.587425189601174,29.118057904141118,6648.297006791849,nan,nan,nan,nan,nan,nan,nan,nan,nan,220.0,0.00420419604991256,21.45517324184766,8000.0,1.0,0.0,nan,nan,nan,nan,nan,nan,nan,nan,nan,nan,nan,nan,nan,nan,nan,nan,0.0,"[300, 100, 300, 300, 100]","[0.004355318462682452, 0.0034387444174388926, 0.0, 0.0, 0.013226917369441454]","[null, null, null, null, null]","[null, null, null, null, null]","[null, null, null, null, null]","[null, null, null, null, null]",,0.05990770731201728,0.0865250441839784,5.0,1.96
1a,10000,1450505,neural-fore,neural-main-oracle-bellman,-12.533848154826794,-12.535526599648978,-12.586673112426368,0.06052850592657816,-12.65416247126507,-12.416890728032886,1.0,0.05282495759957406,0.051146512777389574,0.40243591888612007,0.40243591888612007,0.07181287065809577,0.06798990604172941,0.03447984569589696,nan,nan,0.21469563172209977,9.44786316485245,29.12861206278323,6512.248935568835,nan,nan,nan,nan,nan,nan,nan,nan,nan,300.0,0.00032158751135324753,24.09378424239112,8000.0,1.0,0.0,nan,nan,nan,nan,nan,nan,nan,nan,nan,nan,nan,nan,nan,nan,nan,nan,0.0,"[300, 300, 300, 300, 300]","[0.0016079375567662378, 0.0, 0.0, 0.0, 0.0]","[null, null, null, null, null]","[null, null, null, null, null]","[null, null, null, null, null]","[null, null, null, null, null]",,0.06052850592657816,0.04227961203873768,5.0,1.96
1a,10000,1460505,neural-fore,neural-main-oracle-bellman,-12.576584974283817,-12.596875473944104,-12.586673112426368,0.059705292917006145,-12.713897848061436,-12.479853099826773,1.0,0.010088138142551273,-0.010202361517736236,0.37488843692374074,0.37488843692374074,0.059287319182065715,0.04929841215240742,0.029603443393856316,nan,nan,0.3101453655971967,9.454845775590918,28.7909405211409,6663.204619315818,nan,nan,nan,nan,nan,nan,nan,nan,nan,180.0,0.0034680227335225494,19.673451408429536,8000.0,1.0,0.0,nan,nan,nan,nan,nan,nan,nan,nan,nan,nan,nan,nan,nan,nan,nan,nan,0.0,"[300, 300, 100, 100, 100]","[3.465762752335086e-05, 0.0, 0.002268784642169937, 0.004687056611294951, 0.01034961478662451]","[null, null, null, null, null]","[null, null, null, null, null]","[null, null, null, null, null]","[null, null, null, null, null]",,0.059705292917006145,0.04596556541790172,5.0,1.96
1a,10000,1470505,neural-fore,neural-main-oracle-bellman,-12.66464985803001,-12.606283074665841,-12.586673112426368,0.06255368213187211,-12.72888829164431,-12.483677857687372,1.0,-0.07797674560364243,-0.019609962239472978,0.4615031322768746,0.4615031322768746,0.06461120493128428,0.05620562705094166,0.031815044820995605,nan,nan,0.26075129896867705,9.401599103024292,31.89958894488185,6461.816387515375,nan,nan,nan,nan,nan,nan,nan,nan,nan,260.0,0.004270059349361624,23.391876000037882,8000.0,1.0,0.0,nan,nan,nan,nan,nan,nan,nan,nan,nan,nan,nan,nan,nan,nan,nan,nan,0.0,"[300, 300, 300, 300, 100]","[0.0, 0.0, 0.0, 0.0016838228399147408, 0.019666473906893384]","[null, null, null, null, null]","[null, null, null, null, null]","[null, null, null, null, null]","[null, null, null, null, null]",,0.06255368213187211,0.06891281825621372,5.0,1.96
1a,10000,1480505,neural-fore,neural-main-oracle-bellman,-12.548210162924777,-12.552548568243102,-12.586673112426368,0.06190616581870698,-12.673884653247768,-12.431212483238436,1.0,0.038462949501591126,0.034124544183265826,0.5928187818868906,0.5928187818868906,0.06357986095344444,0.05902647740514598,0.03770217461596332,nan,nan,0.22840129580813656,9.420730100522874,30.790910419426865,6431.748244372367,nan,nan,nan,nan,nan,nan,nan,nan,nan,260.0,0.0007817128196643604,24.414381334208883,8000.0,1.0,0.0,nan,nan,nan,nan,nan,nan,nan,nan,nan,nan,nan,nan,nan,nan,nan,nan,0.0,"[100, 300, 300, 300, 300]","[0.0020844813441641373, 0.0, 0.0, 0.0018240827541576641, 0.0]","[null, null, null, null, null]","[null, null, null, null, null]","[null, null, null, null, null]","[null, null, null, null, null]",,0.06190616581870698,0.03631694898751245,5.0,1.96
1a,10000,1490505,neural-fore,neural-main-oracle-bellman,-12.493198794536731,-12.449955499942991,-12.586673112426368,0.06011050481537347,-12.567772089381123,-12.33213891050486,0.0,0.0934743178896369,0.13671761248337688,0.5039632326084378,0.5039632326084378,0.07229691503047656,0.06903580142372542,0.03046293970697908,nan,nan,0.28114212642192926,9.372063820008204,30.122408010183225,6579.43686263003,nan,nan,nan,nan,nan,nan,nan,nan,nan,300.0,0.003233256844758237,26.04213460838655,8000.0,1.0,0.0,nan,nan,nan,nan,nan,nan,nan,nan,nan,nan,nan,nan,nan,nan,nan,nan,0.0,"[300, 300, 300, 300, 300]","[0.00850988668593495, 0.0031648669309464047, 0.002947591900678128, 0.0, 0.001543938706231703]","[null, null, null, null, null]","[null, null, null, null, null]","[null, null, null, null, null]","[null, null, null, null, null]",,0.06011050481537347,0.06826933703672865,5.0,1.96
1a,10000,1500505,neural-fore,neural-main-oracle-bellman,-12.624591366603457,-12.59139814209973,-12.586673112426368,0.05952251665696391,-12.708062274747379,-12.47473400945208,1.0,-0.037918254177089494,-0.004725029673361192,0.4331892000668052,0.4331892000668052,0.0670702390277956,0.0536267915651355,0.03316366293504626,nan,nan,0.3411433858959039,9.524450513402574,28.69125806299102,6726.626668395137,nan,nan,nan,nan,nan,nan,nan,nan,nan,180.0,0.004739221962539283,21.274614791374187,8000.0,1.0,0.0,nan,nan,nan,nan,nan,nan,nan,nan,nan,nan,nan,nan,nan,nan,nan,nan,0.0,"[300, 100, 100, 300, 100]","[0.0, 0.004726498088225764, 0.006297705765116285, 0.004163285637734656, 0.008508620321619708]","[null, null, null, null, null]","[null, null, null, null, null]","[null, null, null, null, null]","[null, null, null, null, null]",,0.05952251665696391,0.03380163107926979,5.0,1.96
1a,10000,1510505,neural-fore,neural-main-oracle-bellman,-12.516240261255428,-12.576679026588055,-12.586673112426368,0.06000300691695056,-12.694284920145279,-12.45907313303083,1.0,0.07043285117094022,0.009994085838313183,0.4835952725729921,0.4835952725729921,0.07471769360534701,0.06724887527539948,0.03324489533823125,nan,nan,0.2601548359265053,9.444783264673415,27.832007434740895,6711.2848648612635,nan,nan,nan,nan,nan,nan,nan,nan,nan,220.0,0.0014053421723001732,23.92463510077214,8000.0,1.0,0.0,nan,nan,nan,nan,nan,nan,nan,nan,nan,nan,nan,nan,nan,nan,nan,nan,0.0,"[100, 100, 300, 300, 300]","[0.002077593709706795, 0.0023353220799304684, 0.0, 0.00019094248165503445, 0.0024228525902085683]","[null, null, null, null, null]","[null, null, null, null, null]","[null, null, null, null, null]","[null, null, null, null, null]",,0.06000300691695056,0.058647214878086974,5.0,1.96
1a,10000,1520505,neural-fore,neural-main-oracle-bellman,-12.589582498039412,-12.602582246254197,-12.586673112426368,0.060358851452579465,-12.720885595101253,-12.484278897407142,1.0,-0.002909385613044435,-0.015909133827829436,0.317828809872924,0.317828809872924,0.055577922493989206,0.04620346909115129,0.030844705246319035,nan,nan,0.24089155656965938,9.411652268167913,27.251455664720524,6610.425074346919,nan,nan,nan,nan,nan,nan,nan,nan,nan,260.0,0.0014865623776236616,24.508802050410303,8000.0,1.0,0.0,nan,nan,nan,nan,nan,nan,nan,nan,nan,nan,nan,nan,nan,nan,nan,nan,0.0,"[100, 300, 300, 300, 300]","[0.005479911350193252, 0.0, 0.0, 0.0, 0.0019529005379250567]","[null, null, null, null, null]","[null, null, null, null, null]","[null, null, null, null, null]","[null, null, null, null, null]",,0.060358851452579465,0.038747708047533365,5.0,1.96
1a,10000,1530505,neural-fore,neural-main-oracle-bellman,-12.642578732570819,-12.639466387031293,-12.586673112426368,0.06252071994718163,-12.762006998127768,-12.516925775934817,1.0,-0.05590562014445055,-0.05279327460492489,0.31975399031912216,0.31975399031912216,0.06313000318494626,0.05344547576092179,0.03206863416601105,nan,nan,0.3193950522564807,9.260839273186864,31.311306472235902,6485.151359534211,nan,nan,nan,nan,nan,nan,nan,nan,nan,180.0,0.004499817381960147,20.864924874983263,8000.0,1.0,0.0,nan,nan,nan,nan,nan,nan,nan,nan,nan,nan,nan,nan,nan,nan,nan,nan,0.0,"[300, 100, 300, 100, 100]","[0.0025963974471266077, 0.003901191022229024, 0.0007996425554552656, 0.0033577382063984525, 0.011844117678591387]","[null, null, null, null, null]","[null, null, null, null, null]","[null, null, null, null, null]","[null, null, null, null, null]",,0.06252071994718163,0.06652202327511164,5.0,1.96
1a,10000,1540505,neural-fore,neural-main-oracle-bellman,-12.618496905683841,-12.62390875241392,-12.586673112426368,0.06269274187082795,-12.746786526480742,-12.501030978347098,1.0,-0.0318237932574732,-0.03723563998755175,0.2953946571175118,0.2953946571175118,0.06374418412141254,0.05222261182099698,0.027634399006120705,nan,nan,0.2786380241577501,9.200675397853786,30.768361545363675,6459.197002645695,nan,nan,nan,nan,nan,nan,nan,nan,nan,220.0,0.004382190431914973,21.252984774601646,8000.0,1.0,0.0,nan,nan,nan,nan,nan,nan,nan,nan,nan,nan,nan,nan,nan,nan,nan,nan,0.0,"[300, 300, 100, 300, 100]","[0.0, 0.0013886415675751112, 0.0033367661529064567, 0.012323511636783578, 0.004862032802309723]","[null, null, null, null, null]","[null, null, null, null, null]","[null, null, null, null, null]","[null, null, null, null, null]",,0.06269274187082795,0.05031240453125398,5.0,1.96
1a,10000,1550505,neural-fore,neural-main-oracle-bellman,-12.685335579078027,-12.590621607494066,-12.586673112426368,0.06199826576392461,-12.712138208391359,-12.469105006596774,1.0,-0.09866246665165868,-0.003948495067698232,0.3743673867130648,0.3743673867130648,0.06746126000856185,0.05650098089399136,0.034304560190877714,nan,nan,0.3649611940907313,9.307773521115674,29.692299139587817,6593.688342186199,nan,nan,nan,nan,nan,nan,nan,nan,nan,180.0,0.0030944640249266405,20.003852474817542,8000.0,1.0,0.0,nan,nan,nan,nan,nan,nan,nan,nan,nan,nan,nan,nan,nan,nan,nan,nan,0.0,"[100, 100, 300, 300, 100]","[0.009610804968085265, 0.002294829141541734, 0.0014838576991402848, 0.0, 0.0020828283158659164]","[null, null, null, null, null]","[null, null, null, null, null]","[null, null, null, null, null]","[null, null, null, null, null]",,0.06199826576392461,0.046171477467803014,5.0,1.96
1a,10000,1560505,neural-fore,neural-main-oracle-bellman,-12.606141153474343,-12.639171507308175,-12.586673112426368,0.06334229006601322,-12.76332239583756,-12.51502061877879,1.0,-0.019468041047975504,-0.05249839488180719,0.40974852818075946,0.40974852818075946,0.07155172530226558,0.06234618539043647,0.02724937040665878,nan,nan,0.30029725902611853,9.172702596732384,31.137360551814577,6423.985654807463,nan,nan,nan,nan,nan,nan,nan,nan,nan,220.0,0.0041013222317994435,22.70029188360786,8000.0,1.0,0.0,nan,nan,nan,nan,nan,nan,nan,nan,nan,nan,nan,nan,nan,nan,nan,nan,0.0,"[300, 100, 300, 300, 100]","[0.0029800752608208658, 0.010917380791757351, 0.0, 0.0, 0.006609155106418999]","[null, null, null, null, null]","[null, null, null, null, null]","[null, null, null, null, null]","[null, null, null, null, null]",,0.06334229006601322,0.05355082704907385,5.0,1.96
1a,10000,1570505,neural-fore,neural-main-oracle-bellman,-12.585808649360555,-12.54403129915407,-12.586673112426368,0.05829918251380706,-12.658297696881133,-12.429764901427008,1.0,0.0008644630658132257,0.04264181327229721,0.3653108808486615,0.3653108808486615,0.05541360852593785,0.047595215363497846,0.03804553984046589,nan,nan,0.20962423240818084,9.602527695067577,26.57481398323426,6740.078844026353,nan,nan,nan,nan,nan,nan,nan,nan,nan,260.0,0.00246919323837972,23.625575850205497,8000.0,1.0,0.0,nan,nan,nan,nan,nan,nan,nan,nan,nan,nan,nan,nan,nan,nan,nan,nan,0.0,"[100, 300, 300, 300, 300]","[0.007334465434454582, 0.00282700320621738, 0.0, 0.00218449755122664, 0.0]","[null, null, null, null, null]","[null, null, null, null, null]","[null, null, null, null, null]","[null, null, null, null, null]",,0.05829918251380706,0.04193615836598042,5.0,1.96
1a,10000,1580505,neural-fore,neural-main-oracle-bellman,-12.638611620802598,-12.619448904356611,-12.586673112426368,0.06174678776841451,-12.740472608382703,-12.49842520033052,1.0,-0.05193850837622982,-0.03277579193024316,0.28096794310439377,0.28096794310439377,0.05635252251338927,0.054481580945850094,0.03569615993763957,nan,nan,0.2810648674580685,9.348637907240153,28.923715940771846,6554.299937147493,nan,nan,nan,nan,nan,nan,nan,nan,nan,220.0,0.008579415130674745,21.89710065021645,8000.0,1.0,0.0,nan,nan,nan,nan,nan,nan,nan,nan,nan,nan,nan,nan,nan,nan,nan,nan,0.0,"[300, 100, 300, 300, 100]","[0.008428578463380448, 0.02133586320523764, 0.0020673103439310656, 0.002582767407891831, 0.008482556232932745]","[null, null, null, null, null]","[null, null, null, null, null]","[null, null, null, null, null]","[null, null, null, null, null]",,0.06174678776841451,0.06611221511535868,5.0,1.96
1a,10000,1590505,neural-fore,neural-main-oracle-bellman,-12.548783417079097,-12.577814070544536,-12.586673112426368,0.060728568807638876,-12.696842065407507,-12.458786075681564,1.0,0.03788969534727116,0.008859041881832397,0.5177752182406887,0.5177752182406887,0.07180380319492637,0.0696708096863517,0.04106422644153219,nan,nan,0.2762050742574508,9.3235196571172,29.692657958445043,6584.512576281497,nan,nan,nan,nan,nan,nan,nan,nan,nan,180.0,0.004485286700045473,21.927949233178516,8000.0,1.0,0.0,nan,nan,nan,nan,nan,nan,nan,nan,nan,nan,nan,nan,nan,nan,nan,nan,0.0,"[100, 300, 100, 300, 100]","[0.007398586131656283, 0.007578093314355902, 0.0015312414951319643, 0.003446215577271038, 0.0024722969818121708]","[null, null, null, null, null]","[null, null, null, null, null]","[null, null, null, null, null]","[null, null, null, null, null]",,0.060728568807638876,0.02784935410583031,5.0,1.96
1a,10000,1600505,neural-fore,neural-main-oracle-bellman,-12.590509553578107,-12.615815796920925,-12.586673112426368,0.060728376363756754,-12.734843414593888,-12.496788179247963,1.0,-0.0038364411517388675,-0.02914268449455726,0.4542602867884743,0.4542602867884743,0.06864237089089512,0.06603636233410796,0.02651995672880746,nan,nan,0.3114480216144303,9.408730673387428,29.735077198355015,6599.019199287848,nan,nan,nan,nan,nan,nan,nan,nan,nan,180.0,0.0030177491695773766,21.043415517010725,8000.0,1.0,0.0,nan,nan,nan,nan,nan,nan,nan,nan,nan,nan,nan,nan,nan,nan,nan,nan,0.0,"[300, 300, 100, 100, 100]","[0.005768877588379054, 0.0, 0.0029677281209303592, 0.0044331581205734796, 0.0019189820180039907]","[null, null, null, null, null]","[null, null, null, null, null]","[null, null, null, null, null]","[null, null, null, null, null]",,0.060728376363756754,0.09242597265103923,5.0,1.96
1a,10000,1610505,neural-fore,neural-main-oracle-bellman,-12.565308813827198,-12.546259824628974,-12.586673112426368,0.06109079623747737,-12.66599778525443,-12.426521864003519,1.0,0.02136429859917044,0.04041328779739395,0.5939652003038121,0.5939652003038121,0.06901225071285212,0.06759582816596124,0.030818189031536825,nan,nan,0.270938484804007,9.384241625305911,29.368741695259722,6555.535348200084,nan,nan,nan,nan,nan,nan,nan,nan,nan,300.0,0.0024152875137409408,25.743240907986184,8000.0,1.0,0.0,nan,nan,nan,nan,nan,nan,nan,nan,nan,nan,nan,nan,nan,nan,nan,nan,0.0,"[300, 300, 300, 300, 300]","[0.002581209253744277, 0.0025662735141923207, 0.0, 0.0, 0.006928954800768105]","[null, null, null, null, null]","[null, null, null, null, null]","[null, null, null, null, null]","[null, null, null, null, null]",,0.06109079623747737,0.04648032687660875,5.0,1.96
1a,10000,1620505,neural-fore,neural-main-oracle-bellman,-12.580656212972844,-12.599851606660806,-12.586673112426368,0.059919589279359836,-12.717294001648352,-12.48240921167326,1.0,0.006016899453523905,-0.013178494234438176,0.3576728394599126,0.3576728394599126,0.06622458851445497,0.05288027576720923,0.036942245264869,nan,nan,0.3213768760626553,9.713360641260666,30.04614562128277,6631.107756131631,nan,nan,nan,nan,nan,nan,nan,nan,nan,260.0,0.0023659327002470048,23.838641483592802,8000.0,1.0,0.0,nan,nan,nan,nan,nan,nan,nan,nan,nan,nan,nan,nan,nan,nan,nan,nan,0.0,"[300, 300, 100, 300, 300]","[0.0004977976717921393, 0.0, 0.004288951799876627, 0.00182136429472471, 0.005221549734841547]","[null, null, null, null, null]","[null, null, null, null, null]","[null, null, null, null, null]","[null, null, null, null, null]",,0.059919589279359836,0.042697839272519134,5.0,1.96
1a,10000,1630505,neural-fore,neural-main-oracle-bellman,-12.579977124802426,-12.532681318872312,-12.586673112426368,0.05940513719839759,-12.64911538778117,-12.416247249963453,1.0,0.006695987623942301,0.053991793554056144,0.3900927349531407,0.3900927349531407,0.05292136306568427,0.04545820521720074,0.03002485193236528,nan,nan,0.23586329004582393,9.486208464584776,29.16712927441291,6625.268566884305,nan,nan,nan,nan,nan,nan,nan,nan,nan,220.0,0.003726500832240541,22.39452829161892,8000.0,1.0000000000000002,0.0,nan,nan,nan,nan,nan,nan,nan,nan,nan,nan,nan,nan,nan,nan,nan,nan,0.0,"[100, 100, 300, 300, 300]","[0.005332588666577275, 0.008292635163160986, 0.0029216704367060367, 0.0, 0.0020856098947584084]","[null, null, null, null, null]","[null, null, null, null, null]","[null, null, null, null, null]","[null, null, null, null, null]",,0.05940513719839759,0.030136462783496566,5.0,1.96
1a,10000,1640505,neural-fore,neural-main-oracle-bellman,-12.632154346961231,-12.618441973165096,-12.586673112426368,0.06097743492663719,-12.737957745621305,-12.498926200708887,1.0,-0.04548123453486319,-0.03176886073872787,0.31116218966873427,0.31116218966873427,0.06274403273222459,0.05223796997730183,0.034075516534779755,nan,nan,0.2594832222081948,9.624304202998868,27.532384141594584,6659.231277768653,nan,nan,nan,nan,nan,nan,nan,nan,nan,220.0,0.001704621029242219,23.135885999619497,8000.0,1.0,0.0,nan,nan,nan,nan,nan,nan,nan,nan,nan,nan,nan,nan,nan,nan,nan,nan,0.0,"[300, 100, 100, 300, 300]","[0.00014707423398971082, 0.003827647000687112, 0.004548383911534273, 0.0, 0.0]","[null, null, null, null, null]","[null, null, null, null, null]","[null, null, null, null, null]","[null, null, null, null, null]",,0.06097743492663719,0.059702820094931074,5.0,1.96
1a,10000,1650505,neural-fore,neural-main-oracle-bellman,-12.643339689628498,-12.626108802936969,-12.586673112426368,0.06124086023678766,-12.746140889001072,-12.506076716872865,1.0,-0.05666657720212953,-0.03943569051060081,0.47202814506770585,0.47202814506770585,0.07220408385669515,0.06318212808046467,0.03535811309654953,nan,nan,0.30635727642371624,9.336681804597548,28.76533723622108,6595.832624266866,nan,nan,nan,nan,nan,nan,nan,nan,nan,180.0,0.005895523812147822,20.351575250178577,8000.0,1.0,0.0,nan,nan,nan,nan,nan,nan,nan,nan,nan,nan,nan,nan,nan,nan,nan,nan,0.0,"[300, 100, 100, 300, 100]","[0.0010415735088923953, 0.007979392090257382, 0.007960743237692629, 0.0056746057035104045, 0.006821304520386298]","[null, null, null, null, null]","[null, null, null, null, null]","[null, null, null, null, null]","[null, null, null, null, null]",,0.06124086023678766,0.0995544477699203,5.0,1.96
1a,10000,1660505,neural-fore,neural-main-oracle-bellman,-12.623154418227157,-12.623360019935122,-12.586673112426368,0.06135944232853926,-12.743624526899058,-12.503095512971186,1.0,-0.03648130580078934,-0.03668690750875392,0.5348639907301243,0.5348639907301243,0.07531959596308171,0.06617086607880839,0.03513238745330357,nan,nan,0.28572343359401786,9.38579097274565,30.257688296490343,6544.454758487727,nan,nan,nan,nan,nan,nan,nan,nan,nan,180.0,0.004867531475813173,21.22667887476273,8000.0,1.0000000000000002,0.0,nan,nan,nan,nan,nan,nan,nan,nan,nan,nan,nan,nan,nan,nan,nan,nan,0.0,"[300, 100, 300, 100, 100]","[0.005871541265426881, 0.004626188949627656, 0.0, 0.005908238531346889, 0.007931688632664443]","[null, null, null, null, null]","[null, null, null, null, null]","[null, null, null, null, null]","[null, null, null, null, null]",,0.06135944232853926,0.09039950115765225,5.0,1.96
1a,10000,1670505,neural-fore,neural-main-oracle-bellman,-12.595566802990998,-12.586143330753236,-12.586673112426368,0.06022996722117661,-12.704194066506743,-12.46809259499973,1.0,-0.008893690564629964,0.0005297816731317795,0.37406712013475485,0.37406712013475485,0.05662499111292667,0.05305027923822316,0.031854301389457745,nan,nan,0.233620985681334,9.58337244676095,28.25924976072563,6604.068872524154,nan,nan,nan,nan,nan,nan,nan,nan,nan,260.0,0.0004937728585045933,25.77367563296575,8000.0,1.0,0.0,nan,nan,nan,nan,nan,nan,nan,nan,nan,nan,nan,nan,nan,nan,nan,nan,0.0,"[100, 300, 300, 300, 300]","[0.0022031124292732447, 0.0, 0.0002657518632497221, 0.0, 0.0]","[null, null, null, null, null]","[null, null, null, null, null]","[null, null, null, null, null]","[null, null, null, null, null]",,0.06022996722117661,0.0696921132521032,5.0,1.96
1a,10000,1680505,neural-fore,neural-main-oracle-bellman,-12.546368627583748,-12.561027501142584,-12.586673112426368,0.06094529204162515,-12.68048027354417,-12.441574728741,1.0,0.04030448484262017,0.02564561128378351,0.4371752163266791,0.4371752163266791,0.08751987153746751,0.07723075199793099,0.03471734256400113,nan,nan,0.3020835039049647,9.288227576159873,30.50618333169605,6600.651701865604,nan,nan,nan,nan,nan,nan,nan,nan,nan,180.0,0.005859969501774551,22.25409104161663,8000.0,1.0,0.0,nan,nan,nan,nan,nan,nan,nan,nan,nan,nan,nan,nan,nan,nan,nan,nan,0.0,"[100, 300, 100, 100, 300]","[0.005782004063094025, 0.0, 0.015394630186098506, 0.008123213259680226, 0.0]","[null, null, null, null, null]","[null, null, null, null, null]","[null, null, null, null, null]","[null, null, null, null, null]",,0.06094529204162515,0.03483062387476254,5.0,1.96
1a,10000,1690505,neural-fore,neural-main-oracle-bellman,-12.545131663984662,-12.499168718027768,-12.586673112426368,0.05986183214276845,-12.616497909027593,-12.381839527027942,1.0,0.0415414484417056,0.08750439439860003,0.3044649828087938,0.3044649828087938,0.05562716286206706,0.05288309506542906,0.030151300919532758,nan,nan,0.22503084348646965,9.715821167219147,28.725299748849437,6599.383905780922,nan,nan,nan,nan,nan,nan,nan,nan,nan,260.0,0.005468007849097757,25.568087883025875,8000.0,1.0,0.0,nan,nan,nan,nan,nan,nan,nan,nan,nan,nan,nan,nan,nan,nan,nan,nan,0.0,"[300, 100, 300, 300, 300]","[0.008751571503437593, 0.008399819999159067, 0.005135860144670466, 0.0028495906181094884, 0.0022031969801121682]","[null, null, null, null, null]","[null, null, null, null, null]","[null, null, null, null, null]","[null, null, null, null, null]",,0.05986183214276845,0.06479501480839485,5.0,1.96
1a,10000,1700505,neural-fore,neural-main-oracle-bellman,-12.504133430991514,-12.463536260149299,-12.586673112426368,0.057650993934006814,-12.576532208259952,-12.350540312038646,0.0,0.08253968143485402,0.12313685227706905,0.5526933727458985,0.5526933727458985,0.07553469976801169,0.06896082432439196,0.026831755650521198,nan,nan,0.2933769929093337,9.494655094116641,28.508017912109835,6724.331240707636,nan,nan,nan,nan,nan,nan,nan,nan,nan,220.0,0.002215390005344099,22.835640591813718,8000.0,1.0,0.0,nan,nan,nan,nan,nan,nan,nan,nan,nan,nan,nan,nan,nan,nan,nan,nan,0.0,"[300, 300, 300, 100, 100]","[0.0, 0.002211938786017846, 0.0, 0.0037557384125856503, 0.005109272828117]","[null, null, null, null, null]","[null, null, null, null, null]","[null, null, null, null, null]","[null, null, null, null, null]",,0.057650993934006814,0.06431320374553502,5.0,1.96
1a,10000,1710505,neural-fore,neural-main-oracle-bellman,-12.541353387962022,-12.510645459274109,-12.586673112426368,0.059963607636538185,-12.628174130241723,-12.393116788306495,1.0,0.04531972446434551,0.07602765315225923,0.23854442094072786,0.23854442094072786,0.04717431387198491,0.04182935601583414,0.032984936337430014,nan,nan,0.24066413992814698,9.499043451573257,28.319750333673355,6596.412399074441,nan,nan,nan,nan,nan,nan,nan,nan,nan,260.0,0.00607834586137451,25.127685791417026,8000.0,1.0,0.0,nan,nan,nan,nan,nan,nan,nan,nan,nan,nan,nan,nan,nan,nan,nan,nan,0.0,"[300, 300, 300, 100, 300]","[0.0, 0.002870524880029982, 0.006761227705781777, 0.01658897505059171, 0.004171001670469078]","[null, null, null, null, null]","[null, null, null, null, null]","[null, null, null, null, null]","[null, null, null, null, null]",,0.059963607636538185,0.0780978718296164,5.0,1.96
1a,10000,1720505,neural-fore,neural-main-oracle-bellman,-12.573364501592245,-12.547354455195132,-12.586673112426368,0.06199611405387241,-12.66886683874072,-12.425842071649543,1.0,0.013308610834123158,0.03931865723123629,0.37708197029245144,0.37708197029245144,0.051090648064661924,0.044504778592449806,0.031765928449179553,nan,nan,0.2844341073939594,9.392810257212378,31.27998950865337,6474.7154248367415,nan,nan,nan,nan,nan,nan,nan,nan,nan,260.0,0.002230319974490494,24.571706791222095,8000.0,1.0,0.0,nan,nan,nan,nan,nan,nan,nan,nan,nan,nan,nan,nan,nan,nan,nan,nan,0.0,"[300, 300, 300, 300, 100]","[0.0, 0.0026316694390537687, 0.0, 0.0006415650554206364, 0.007878365377978064]","[null, null, null, null, null]","[null, null, null, null, null]","[null, null, null, null, null]","[null, null, null, null, null]",,0.06199611405387241,0.049933208674626674,5.0,1.96
1a,10000,1730505,neural-fore,neural-main-oracle-bellman,-12.56704623287736,-12.553466379684545,-12.586673112426368,0.060523053813782965,-12.67209156515956,-12.43484119420953,1.0,0.019626879549008436,0.03320673274182262,0.3128774997392944,0.3128774997392944,0.05090963909225109,0.042853169064561915,0.03658817911407496,nan,nan,0.26068122871333843,9.412290402663452,29.900841607113318,6551.723917390073,nan,nan,nan,nan,nan,nan,nan,nan,nan,260.0,0.006709506367182577,25.146783426008188,8000.0,1.0,0.0,nan,nan,nan,nan,nan,nan,nan,nan,nan,nan,nan,nan,nan,nan,nan,nan,0.0,"[300, 300, 100, 300, 300]","[0.0, 0.0035532113751099615, 0.029056006042552412, 0.0009383144182505156, 0.0]","[null, null, null, null, null]","[null, null, null, null, null]","[null, null, null, null, null]","[null, null, null, null, null]",,0.060523053813782965,0.04977794986689017,5.0,1.96
1a,10000,1740505,neural-fore,neural-main-oracle-bellman,-12.575847746471775,-12.558782305392604,-12.586673112426368,0.059057182161096795,-12.674534382428353,-12.443030228356855,1.0,0.01082536595459338,0.027890807033763565,0.5940078288391079,0.5940078288391079,0.06907010773323025,0.055473041170429484,0.03498725918843486,nan,nan,0.2720219771498865,9.661252563907627,27.22101919509019,6685.971501479024,nan,nan,nan,nan,nan,nan,nan,nan,nan,260.0,0.004103204179615631,26.345844175003002,8000.0,1.0,0.0,nan,nan,nan,nan,nan,nan,nan,nan,nan,nan,nan,nan,nan,nan,nan,nan,0.0,"[100, 300, 300, 300, 300]","[0.004879956469378671, 0.0, 0.0036184818756149597, 0.00953149194138072, 0.0024860906117038007]","[null, null, null, null, null]","[null, null, null, null, null]","[null, null, null, null, null]","[null, null, null, null, null]",,0.059057182161096795,0.10493301786476164,5.0,1.96
1a,10000,1750505,neural-fore,neural-main-oracle-bellman,-12.621873434351155,-12.624857408376963,-12.586673112426368,0.0625994855610773,-12.747552400076675,-12.502162416677251,1.0,-0.03520032192478695,-0.038184295950594915,0.3492717809205316,0.3492717809205316,0.0765995913007148,0.07077233611522644,0.03027613073955519,nan,nan,0.24229771960945898,9.327702668887657,29.078188498840316,6494.112254532068,nan,nan,nan,nan,nan,nan,nan,nan,nan,260.0,0.0024834070787221546,26.509526441199704,8000.0,1.0000000000000002,0.0,nan,nan,nan,nan,nan,nan,nan,nan,nan,nan,nan,nan,nan,nan,nan,nan,0.0,"[100, 300, 300, 300, 300]","[0.0071121778372783065, 0.00010627769464186229, 0.00384707103234889, 0.0, 0.001351508829341715]","[null, null, null, null, null]","[null, null, null, null, null]","[null, null, null, null, null]","[null, null, null, null, null]",,0.0625994855610773,0.0596189456544175,5.0,1.96
1a,10000,1760505,neural-fore,neural-main-oracle-bellman,-12.585826167958658,-12.559267975582364,-12.586673112426368,0.0611848402870839,-12.679190262545047,-12.43934568861968,1.0,0.0008469444677103866,0.027405136844004474,0.42533064674081106,0.42533064674081106,0.06720211938250756,0.06369925345882446,0.036416178797251994,nan,nan,0.2426822299577717,9.495248637654344,31.713648433285933,6502.48510185083,nan,nan,nan,nan,nan,nan,nan,nan,nan,260.0,0.002385056732671855,26.380646650411656,8000.0,1.0,0.0,nan,nan,nan,nan,nan,nan,nan,nan,nan,nan,nan,nan,nan,nan,nan,nan,0.0,"[300, 100, 300, 300, 300]","[0.0, 0.00871304022986427, 0.0032122434334950047, 0.0, 0.0]","[null, null, null, null, null]","[null, null, null, null, null]","[null, null, null, null, null]","[null, null, null, null, null]",,0.0611848402870839,0.08145560522070966,5.0,1.96
1a,10000,1770505,neural-fore,neural-main-oracle-bellman,-12.550181101777474,-12.568257970067942,-12.586673112426368,0.059420892809786,-12.684722919975123,-12.45179302016076,1.0,0.03649201064889418,0.01841514235842645,0.5523712996124945,0.5523712996124945,0.08363221956475522,0.06449612712064433,0.02378921640315672,nan,nan,0.18822599099510623,9.635434720644763,27.626631460551536,6692.952101949267,nan,nan,nan,nan,nan,nan,nan,nan,nan,300.0,0.003143827215889243,26.321004966204054,8000.0,1.0,0.0,nan,nan,nan,nan,nan,nan,nan,nan,nan,nan,nan,nan,nan,nan,nan,nan,0.0,"[300, 300, 300, 300, 300]","[0.0074617473436587225, 0.0, 0.008257388735787494, 0.0, 0.0]","[null, null, null, null, null]","[null, null, null, null, null]","[null, null, null, null, null]","[null, null, null, null, null]",,0.059420892809786,0.036238734823350355,5.0,1.96
1a,10000,1780505,neural-fore,neural-main-oracle-bellman,-12.58927631942304,-12.572168140897814,-12.586673112426368,0.0618199805851251,-12.693335302844659,-12.451000978950969,1.0,-0.0026032069966728244,0.014504971528554123,0.39581243778683456,0.39581243778683456,0.06907201835672334,0.061314607126124146,0.04011701735228136,nan,nan,0.34522278459311334,9.23176891853915,30.687503064211413,6491.4426052028175,nan,nan,nan,nan,nan,nan,nan,nan,nan,220.0,0.004458568229271891,23.4212625918095,8000.0,1.0,0.0,nan,nan,nan,nan,nan,nan,nan,nan,nan,nan,nan,nan,nan,nan,nan,nan,0.0,"[300, 100, 300, 100, 300]","[0.0, 0.014326583873530972, 0.0, 0.00796625727282848, 0.0]","[null, null, null, null, null]","[null, null, null, null, null]","[null, null, null, null, null]","[null, null, null, null, null]",,0.0618199805851251,0.05258842031983844,5.0,1.96
1a,10000,1790505,neural-fore,neural-main-oracle-bellman,-12.597354137566848,-12.548341610924787,-12.586673112426368,0.05997762772197511,-12.665897761259858,-12.430785460589716,1.0,-0.01068102514047986,0.038331501501581045,0.47766096315210327,0.47766096315210327,0.06082177341551722,0.052128499744380094,0.02380443926190626,nan,nan,0.21058919766922846,9.71791125472096,28.837362292323498,6620.40749621937,nan,nan,nan,nan,nan,nan,nan,nan,nan,260.0,0.0033965919972415597,24.633165183197708,8000.0,1.0,0.0,nan,nan,nan,nan,nan,nan,nan,nan,nan,nan,nan,nan,nan,nan,nan,nan,0.0,"[300, 300, 100, 300, 300]","[0.0020063776983447927, 0.0, 0.012904314408728457, 0.00207226787913455, 0.0]","[null, null, null, null, null]","[null, null, null, null, null]","[null, null, null, null, null]","[null, null, null, null, null]",,0.05997762772197511,0.04331712017072656,5.0,1.96
1a,10000,1800505,neural-fore,neural-main-oracle-bellman,-12.59229379356564,-12.557127834109023,-12.586673112426368,0.05841405066635428,-12.671619373415078,-12.442636294802968,1.0,-0.0056206811392716105,0.02954527831734488,0.5809072758924504,0.5809072758924504,0.07946031050260267,0.08092861033873854,0.03694990197100907,nan,nan,0.334629139567864,9.63587691667919,28.735865790431223,6788.808736865597,nan,nan,nan,nan,nan,nan,nan,nan,nan,180.0,0.005656593750938463,21.474801808362827,8000.0,1.0,0.0,nan,nan,nan,nan,nan,nan,nan,nan,nan,nan,nan,nan,nan,nan,nan,nan,0.0,"[300, 100, 100, 100, 300]","[0.0, 0.00611835013714369, 0.007117473883269061, 0.011155531984961222, 0.0038916127493183383]","[null, null, null, null, null]","[null, null, null, null, null]","[null, null, null, null, null]","[null, null, null, null, null]",,0.05841405066635428,0.056970973990801727,5.0,1.96
1a,10000,1810505,neural-fore,neural-main-oracle-bellman,-12.621906552470302,-12.61890096846128,-12.586673112426368,0.0609358365349021,-12.738335208069687,-12.499466728852871,1.0,-0.035233440043933584,-0.032227856034911184,0.3645410868087538,0.3645410868087538,0.0647231237303477,0.05785386073737962,0.033458830345232074,nan,nan,0.22635813577992653,9.336904765834753,28.832784296047798,6570.1065497405425,nan,nan,nan,nan,nan,nan,nan,nan,nan,260.0,0.0041012346749188895,24.72929690058809,8000.0,1.0,0.0,nan,nan,nan,nan,nan,nan,nan,nan,nan,nan,nan,nan,nan,nan,nan,nan,0.0,"[100, 300, 300, 300, 300]","[0.016132049094708115, 0.0029927711951550215, 0.0, 0.001381353084731312, 0.0]","[null, null, null, null, null]","[null, null, null, null, null]","[null, null, null, null, null]","[null, null, null, null, null]",,0.0609358365349021,0.08280899505447549,5.0,1.96
1a,10000,1820505,neural-fore,neural-main-oracle-bellman,-12.582369563668236,-12.50690699083701,-12.586673112426368,0.05872925390444465,-12.622016328489721,-12.391797653184298,1.0,0.004303548758132436,0.07976612158935836,0.42672746790847393,0.42672746790847393,0.07366413897564368,0.06213893781025596,0.04121929094159896,nan,nan,0.2859124855530974,9.514110066701257,28.137010205327257,6655.713156274914,nan,nan,nan,nan,nan,nan,nan,nan,nan,220.0,0.004459026938330593,23.73407917538425,8000.0,1.0,0.0,nan,nan,nan,nan,nan,nan,nan,nan,nan,nan,nan,nan,nan,nan,nan,nan,0.0,"[300, 100, 100, 300, 300]","[0.0, 0.013915350540466599, 0.004935615363616317, 0.0016209514576946227, 0.0018232173298754258]","[null, null, null, null, null]","[null, null, null, null, null]","[null, null, null, null, null]","[null, null, null, null, null]",,0.05872925390444465,0.04662142165748725,5.0,1.96
1a,10000,1830505,neural-fore,neural-main-oracle-bellman,-12.612997682752889,-12.62645026129564,-12.586673112426368,0.061188209388040676,-12.7463791516962,-12.50652137089508,1.0,-0.026324570326520913,-0.03977714886927153,0.42337695536955505,0.42337695536955505,0.06553380232529642,0.05771941943647927,0.028027915140039307,nan,nan,0.3318551398112012,9.487829553258901,30.132608631414126,6604.8346387636975,nan,nan,nan,nan,nan,nan,nan,nan,nan,180.0,0.00500201730868044,21.884364558232484,8000.0,1.0,0.0,nan,nan,nan,nan,nan,nan,nan,nan,nan,nan,nan,nan,nan,nan,nan,nan,0.0,"[300, 100, 300, 100, 100]","[0.001512975181465322, 0.004600487335902823, 0.002800489133516798, 0.010154835280673177, 0.005941299611844078]","[null, null, null, null, null]","[null, null, null, null, null]","[null, null, null, null, null]","[null, null, null, null, null]",,0.061188209388040676,0.05095044855372755,5.0,1.96
1a,10000,1840505,neural-fore,neural-main-oracle-bellman,-12.607526327442182,-12.64870573690608,-12.586673112426368,0.06164895116088897,-12.769537681181424,-12.527873792630738,1.0,-0.02085321501581383,-0.062032624479712695,0.38799113546676245,0.38799113546676245,0.06709177751475034,0.06111502224996886,0.02927923968797612,nan,nan,0.30538952281593473,9.327294201191233,30.344458724825255,6544.209054203047,nan,nan,nan,nan,nan,nan,nan,nan,nan,180.0,0.004397186237904241,21.960592407977675,8000.0,1.0,0.0,nan,nan,nan,nan,nan,nan,nan,nan,nan,nan,nan,nan,nan,nan,nan,nan,0.0,"[100, 300, 100, 300, 100]","[0.005021279996807276, 0.0008911745513062152, 0.004202315481351703, 0.0026813739619313227, 0.009189787198124692]","[null, null, null, null, null]","[null, null, null, null, null]","[null, null, null, null, null]","[null, null, null, null, null]",,0.06164895116088897,0.06000077158295205,5.0,1.96
1a,10000,1850505,neural-fore,neural-main-oracle-bellman,-12.618846801178606,-12.624442873098007,-12.586673112426368,0.05953796498659315,-12.74113728447173,-12.507748461724283,1.0,-0.032173688752237695,-0.03776976067163851,0.488153387463557,0.488153387463557,0.07106126915135338,0.05459142560484627,0.03175697256849492,nan,nan,0.2708335217133461,9.472152548259356,26.02847481532952,6771.792442962094,nan,nan,nan,nan,nan,nan,nan,nan,nan,180.0,0.002239456021281408,21.637980792217423,8000.0,1.0,0.0,nan,nan,nan,nan,nan,nan,nan,nan,nan,nan,nan,nan,nan,nan,nan,nan,0.0,"[100, 300, 300, 100, 100]","[0.0022767470730084504, 0.0002548593135228895, 0.0, 0.0032764612608512295, 0.005389212459024471]","[null, null, null, null, null]","[null, null, null, null, null]","[null, null, null, null, null]","[null, null, null, null, null]",,0.05953796498659315,0.03873076163280549,5.0,1.96
1a,10000,1860505,neural-fore,neural-main-oracle-bellman,-12.623276556936323,-12.570325698047105,-12.586673112426368,0.061253134457280096,-12.690381841583374,-12.450269554510836,1.0,-0.03660344450995545,0.016347414379263014,0.4398702146415062,0.4398702146415062,0.05448145908232457,0.0495215813026673,0.029935251022564904,nan,nan,0.22674682846999325,9.297735865903135,31.775979667468082,6437.08535631476,nan,nan,nan,nan,nan,nan,nan,nan,nan,260.0,0.0020033963725782727,23.937334132997783,8000.0,1.0,0.0,nan,nan,nan,nan,nan,nan,nan,nan,nan,nan,nan,nan,nan,nan,nan,nan,0.0,"[300, 300, 100, 300, 300]","[0.002462922934427083, 0.0, 0.007554058928464281, 0.0, 0.0]","[null, null, null, null, null]","[null, null, null, null, null]","[null, null, null, null, null]","[null, null, null, null, null]",,0.061253134457280096,0.024962895869696074,5.0,1.96
1a,10000,1870505,neural-fore,neural-main-oracle-bellman,-12.5840678642672,-12.601223715638753,-12.586673112426368,0.06115720519454739,-12.721091837820065,-12.48135559345744,1.0,0.002605248159168738,-0.014550603212384772,0.4680125980729642,0.4680125980729642,0.0676065200402018,0.055541414103088105,0.03253297054771395,nan,nan,0.24471280805606688,9.531216603069808,28.58243637714229,6614.025221278573,nan,nan,nan,nan,nan,nan,nan,nan,nan,300.0,0.0037498832953082083,25.262665249989368,8000.0,1.0,0.0,nan,nan,nan,nan,nan,nan,nan,nan,nan,nan,nan,nan,nan,nan,nan,nan,0.0,"[300, 300, 300, 300, 300]","[0.0, 0.008776066967087775, 0.005877330871283809, 0.004096018638169456, 0.0]","[null, null, null, null, null]","[null, null, null, null, null]","[null, null, null, null, null]","[null, null, null, null, null]",,0.06115720519454739,0.06167762613116114,5.0,1.96
1a,10000,1880505,neural-fore,neural-main-oracle-bellman,-12.58345176861207,-12.551527634594215,-12.586673112426368,0.060084214986857475,-12.669292695968457,-12.433762573219974,1.0,0.003221343814297839,0.035145477832152494,0.3240759520905123,0.3240759520905123,0.055647721660851746,0.04657674081355316,0.040163949157001805,nan,nan,0.22498444639297577,9.475982813273205,28.016564101640405,6613.561528580371,nan,nan,nan,nan,nan,nan,nan,nan,nan,300.0,0.0016745384866890304,25.40024627558887,8000.0,1.0,0.0,nan,nan,nan,nan,nan,nan,nan,nan,nan,nan,nan,nan,nan,nan,nan,nan,0.0,"[300, 300, 300, 300, 300]","[0.0, 0.0058633711865557795, 0.0, 0.002509321246889372, 0.0]","[null, null, null, null, null]","[null, null, null, null, null]","[null, null, null, null, null]","[null, null, null, null, null]",,0.060084214986857475,0.07802281888334911,5.0,1.96
1a,10000,1890505,neural-fore,neural-main-oracle-bellman,-12.64243021304505,-12.601817041125445,-12.586673112426368,0.06045846186501105,-12.720315626380867,-12.483318455870023,1.0,-0.05575710061868122,-0.01514392869907688,0.3920926391219027,0.3920926391219027,0.05666719846921826,0.0543342058841357,0.030993693219266035,nan,nan,0.2561502499756147,9.60948253050514,29.31749487601274,6614.0617532865135,nan,nan,nan,nan,nan,nan,nan,nan,nan,260.0,0.003219881828302397,23.282226466189606,8000.0,1.0,0.0,nan,nan,nan,nan,nan,nan,nan,nan,nan,nan,nan,nan,nan,nan,nan,nan,0.0,"[300, 100, 300, 300, 300]","[0.00277502905556252, 0.007191970097033336, 0.0023992344526078116, 0.0035981344438891882, 0.00013504109241912728]","[null, null, null, null, null]","[null, null, null, null, null]","[null, null, null, null, null]","[null, null, null, null, null]",,0.06045846186501105,0.047163807399868266,5.0,1.96
1a,10000,1900505,neural-fore,neural-main-oracle-bellman,-12.569062482657813,-12.54899680717238,-12.586673112426368,0.06196055591847526,-12.670439496772591,-12.427554117572168,1.0,0.017610629768554986,0.03767630525398857,0.4301158181416014,0.4301158181416014,0.07287803022355144,0.05984947534648061,0.031304739637830835,nan,nan,0.22377152885395743,9.359000569103097,31.085189295358585,6424.781085559971,nan,nan,nan,nan,nan,nan,nan,nan,nan,300.0,0.0017049238773938346,25.842708816577215,8000.0,1.0,0.0,nan,nan,nan,nan,nan,nan,nan,nan,nan,nan,nan,nan,nan,nan,nan,nan,0.0,"[300, 300, 300, 300, 300]","[0.0036035608958562386, 0.00040850908786679, 0.0, 0.004512549403246145, 0.0]","[null, null, null, null, null]","[null, null, null, null, null]","[null, null, null, null, null]","[null, null, null, null, null]",,0.06196055591847526,0.0258020083430479,5.0,1.96
1a,10000,1910505,neural-fore,neural-main-oracle-bellman,-12.614574321666439,-12.62699877236199,-12.586673112426368,0.059655835182226925,-12.743924209319154,-12.510073335404826,1.0,-0.027901209240070557,-0.04032565993562187,0.4441149772008094,0.4441149772008094,0.07178254529532684,0.06556698562356512,0.03436383651454007,nan,nan,0.2797305033504784,9.57492000400293,28.298728669392897,6668.159323495343,nan,nan,nan,nan,nan,nan,nan,nan,nan,180.0,0.004621633124521448,21.420986990991516,8000.0,1.0,0.0,nan,nan,nan,nan,nan,nan,nan,nan,nan,nan,nan,nan,nan,nan,nan,nan,0.0,"[100, 300, 300, 100, 100]","[0.005403779328918436, 0.0, 0.006832510335942565, 0.004910989165070194, 0.005960886792676044]","[null, null, null, null, null]","[null, null, null, null, null]","[null, null, null, null, null]","[null, null, null, null, null]",,0.059655835182226925,0.10200235003976509,5.0,1.96
1a,10000,1920505,neural-fore,neural-main-oracle-bellman,-12.612824165042024,-12.60352457032476,-12.586673112426368,0.06115761870286451,-12.723393502982374,-12.483655637667146,1.0,-0.02615105261565631,-0.01685145789839204,0.5193657927379851,0.5193657927379851,0.06565268367426483,0.06177364218505765,0.03732598700425865,nan,nan,0.21758426033771933,9.378706066327023,29.461659814218347,6569.185961168541,nan,nan,nan,nan,nan,nan,nan,nan,nan,300.0,0.0014192007164088995,26.882744516583625,8000.0,1.0,0.0,nan,nan,nan,nan,nan,nan,nan,nan,nan,nan,nan,nan,nan,nan,nan,nan,0.0,"[300, 300, 300, 300, 300]","[0.0030581860793179806, 0.0, 0.0028225442391195503, 0.0, 0.0012152732636069672]","[null, null, null, null, null]","[null, null, null, null, null]","[null, null, null, null, null]","[null, null, null, null, null]",,0.06115761870286451,0.04508040425135435,5.0,1.96
1a,10000,1930505,neural-fore,neural-main-oracle-bellman,-12.593545302410192,-12.586021231988642,-12.586673112426368,0.06213055772459977,-12.707797125128858,-12.464245338848427,1.0,-0.006872189983823773,0.0006518804377257936,0.4392284428245715,0.4392284428245715,0.062317510429070175,0.05129681517998275,0.04281477468015192,nan,nan,0.21483523946716399,9.383869018625273,30.31749048469055,6480.666318128757,nan,nan,nan,nan,nan,nan,nan,nan,nan,300.0,0.0011009810419068012,26.80537509196438,8000.0,1.0,0.0,nan,nan,nan,nan,nan,nan,nan,nan,nan,nan,nan,nan,nan,nan,nan,nan,0.0,"[300, 300, 300, 300, 300]","[0.005497261395686417, 7.64381384758906e-06, 0.0, 0.0, 0.0]","[null, null, null, null, null]","[null, null, null, null, null]","[null, null, null, null, null]","[null, null, null, null, null]",,0.06213055772459977,0.08225027503405409,5.0,1.96
1a,10000,1940505,neural-fore,neural-main-oracle-bellman,-12.573082443500455,-12.546864317581752,-12.586673112426368,0.06175933429984867,-12.667912612809456,-12.425816022354049,1.0,0.013590668925912652,0.03980879484461575,0.40518690269181346,0.40518690269181346,0.05642656768538949,0.05182098720440433,0.04108569113715552,nan,nan,0.26558863724295234,9.527958722189403,30.225894683111136,6532.4877759854935,nan,nan,nan,nan,nan,nan,nan,nan,nan,260.0,0.002902607910706217,25.06359060880495,8000.0,1.0,0.0,nan,nan,nan,nan,nan,nan,nan,nan,nan,nan,nan,nan,nan,nan,nan,nan,0.0,"[300, 300, 300, 300, 100]","[0.003490461451156112, 0.0, 0.0025582300028365876, 0.002008786868607153, 0.006455561230931231]","[null, null, null, null, null]","[null, null, null, null, null]","[null, null, null, null, null]","[null, null, null, null, null]",,0.06175933429984867,0.10520523466432458,5.0,1.96
1a,10000,1950505,neural-fore,neural-main-oracle-bellman,-12.571817633542448,-12.53673112139559,-12.586673112426368,0.060808407311892354,-12.6559155997269,-12.41754664306428,1.0,0.014855478883919915,0.0499419910307779,0.6759697672313538,0.6759697672313538,0.07499956440503862,0.06623260897337188,0.04475931737851848,nan,nan,0.3343818841487425,9.245677653925773,28.37029976238407,6623.1750277762985,nan,nan,nan,nan,nan,nan,nan,nan,nan,220.0,0.003830768021497744,24.179032774991356,8000.0,1.0,0.0,nan,nan,nan,nan,nan,nan,nan,nan,nan,nan,nan,nan,nan,nan,nan,nan,0.0,"[300, 100, 300, 100, 300]","[0.002464103321582701, 0.002819559972934302, 0.0, 0.010581887821630824, 0.0032882889913408942]","[null, null, null, null, null]","[null, null, null, null, null]","[null, null, null, null, null]","[null, null, null, null, null]",,0.060808407311892354,0.040844048873234194,5.0,1.96
1a,10000,1960505,neural-fore,neural-main-oracle-bellman,-12.609126957556429,-12.59489789907995,-12.586673112426368,0.061661800066849556,-12.715755027210975,-12.474040770948925,1.0,-0.022453845130060657,-0.008224786653581617,0.4654246484745017,0.4654246484745017,0.07786632430275538,0.06300869569976963,0.029944107088784075,nan,nan,0.22817698636316722,9.496311211338922,30.397351674225558,6529.894965003028,nan,nan,nan,nan,nan,nan,nan,nan,nan,260.0,0.0037981534853467934,26.125805467600003,8000.0,1.0,0.0,nan,nan,nan,nan,nan,nan,nan,nan,nan,nan,nan,nan,nan,nan,nan,nan,0.0,"[300, 300, 100, 300, 300]","[0.0, 0.0, 0.007400215977922597, 0.006932107512585672, 0.0046584439362256985]","[null, null, null, null, null]","[null, null, null, null, null]","[null, null, null, null, null]","[null, null, null, null, null]",,0.061661800066849556,0.04239484229524915,5.0,1.96
1a,10000,1970505,neural-fore,neural-main-oracle-bellman,-12.543806729364528,-12.55993484226046,-12.586673112426368,0.05993423103074651,-12.677405935080724,-12.442463749440197,1.0,0.042866383061840097,0.026738270165907352,0.32556578304500033,0.32556578304500033,0.06918677129453485,0.05990356821875531,0.03228557278444939,nan,nan,0.2813926332406297,9.564970460692468,27.565655836899104,6723.364415933188,nan,nan,nan,nan,nan,nan,nan,nan,nan,220.0,0.00566692909575655,24.72992295039585,8000.0,1.0,0.0,nan,nan,nan,nan,nan,nan,nan,nan,nan,nan,nan,nan,nan,nan,nan,nan,0.0,"[100, 300, 300, 300, 100]","[0.002954398906780994, 0.0035210515106708397, 0.00036107497403655396, 0.0004681534341184556, 0.021029966653175906]","[null, null, null, null, null]","[null, null, null, null, null]","[null, null, null, null, null]","[null, null, null, null, null]",,0.05993423103074651,0.05028809361577295,5.0,1.96
1a,10000,1980505,neural-fore,neural-main-oracle-bellman,-12.60586386399633,-12.597868704733907,-12.586673112426368,0.06054488252288002,-12.716536674478752,-12.479200734989062,1.0,-0.01919075156996186,-0.01119559230753886,0.4218047267426429,0.4218047267426429,0.0567824213483755,0.051762948819195895,0.03830483323282851,nan,nan,0.30018160517379494,9.489759342267314,29.28990133324295,6616.347501821417,nan,nan,nan,nan,nan,nan,nan,nan,nan,220.0,0.006189153832560143,24.966139691206628,8000.0,1.0,0.0,nan,nan,nan,nan,nan,nan,nan,nan,nan,nan,nan,nan,nan,nan,nan,nan,0.0,"[300, 100, 100, 300, 300]","[0.0016304723402811138, 0.008755712823088463, 0.01625153225190094, 0.0014924472223118055, 0.0028156045252183963]","[null, null, null, null, null]","[null, null, null, null, null]","[null, null, null, null, null]","[null, null, null, null, null]",,0.06054488252288002,0.07820999920318716,5.0,1.96
1a,10000,1990505,neural-fore,neural-main-oracle-bellman,-12.629617610170769,-12.568447685448888,-12.586673112426368,0.059135220236208035,-12.684352717111855,-12.45254265378592,1.0,-0.04294449774440068,0.018225426977480197,0.5344913528091907,0.5344913528091907,0.07325823751427066,0.05984847312065654,0.03425937150130408,nan,nan,0.30506252808768203,9.677275709617511,26.80092566829592,6760.504379240265,nan,nan,nan,nan,nan,nan,nan,nan,nan,220.0,0.004145019730562261,26.348956233810167,8000.0,1.0,0.0,nan,nan,nan,nan,nan,nan,nan,nan,nan,nan,nan,nan,nan,nan,nan,nan,0.0,"[100, 300, 300, 300, 100]","[0.008550975558842381, 0.0, 0.0, 0.0, 0.012174123093968923]","[null, null, null, null, null]","[null, null, null, null, null]","[null, null, null, null, null]","[null, null, null, null, null]",,0.059135220236208035,0.07064360500588916,5.0,1.96
1a,10000,2000505,neural-fore,neural-main-oracle-bellman,-12.635654126398213,-12.664734364241225,-12.586673112426368,0.06133572499510061,-12.784952385231621,-12.544516343250828,1.0,-0.0489810139718454,-0.0780612518148569,0.4269375340727136,0.4269375340727136,0.06370317587611465,0.06100111401822521,0.02768470083085371,nan,nan,0.2934794376010578,9.380251298233485,28.48218661484056,6628.334772970364,nan,nan,nan,nan,nan,nan,nan,nan,nan,220.0,0.0020273051676703985,25.45534450818086,8000.0,1.0,0.0,nan,nan,nan,nan,nan,nan,nan,nan,nan,nan,nan,nan,nan,nan,nan,nan,0.0,"[300, 300, 100, 100, 300]","[0.0011878257744101113, 0.0025645334602559505, 0.00032753312146457746, 0.006056633482221354, 0.0]","[null, null, null, null, null]","[null, null, null, null, null]","[null, null, null, null, null]","[null, null, null, null, null]",,0.06133572499510061,0.032084394268640154,5.0,1.96
1a,10000,2010505,neural-fore,neural-main-oracle-bellman,-12.71442199549991,-12.714727907983947,-12.586673112426368,0.06460509326286919,-12.841353890779171,-12.588101925188724,0.0,-0.12774888307354182,-0.12805479555757948,0.5539572598668203,0.5539572598668203,0.06840213914608242,0.0553402374069525,0.03785079257965353,nan,nan,0.31427093290192687,9.210299506529543,31.88541033240438,6375.4675739751065,nan,nan,nan,nan,nan,nan,nan,nan,nan,180.0,0.014180834643277452,22.89120998336002,8000.0,1.0,0.0,nan,nan,nan,nan,nan,nan,nan,nan,nan,nan,nan,nan,nan,nan,nan,nan,0.0,"[100, 100, 100, 300, 300]","[0.03988538928971845, 0.017752858978417784, 0.009889290119644133, 0.0, 0.003376634828606874]","[null, null, null, null, null]","[null, null, null, null, null]","[null, null, null, null, null]","[null, null, null, null, null]",,0.06460509326286919,0.06336323824936402,5.0,1.96
1a,10000,2020505,neural-fore,neural-main-oracle-bellman,-12.626258574656454,-12.620240967912201,-12.586673112426368,0.060962137615076656,-12.73972675763775,-12.500755178186651,1.0,-0.039585462230085966,-0.033567855485832965,0.8588531562806964,0.8588531562806964,0.09323705822548538,0.07974423388336047,0.025152374432912513,nan,nan,0.25938204307567647,9.399589678802627,28.56384398705977,6572.326894039759,nan,nan,nan,nan,nan,nan,nan,nan,nan,220.0,0.004784674747577856,24.418840491632,8000.0,1.0,0.0,nan,nan,nan,nan,nan,nan,nan,nan,nan,nan,nan,nan,nan,nan,nan,nan,0.0,"[100, 100, 300, 300, 300]","[0.006205207348899874, 0.017718166388989404, 0.0, 0.0, 0.0]","[null, null, null, null, null]","[null, null, null, null, null]","[null, null, null, null, null]","[null, null, null, null, null]",,0.060962137615076656,0.02865679582479296,5.0,1.96
1a,10000,2030505,neural-fore,neural-main-oracle-bellman,-12.648889970688685,-12.598819750038054,-12.586673112426368,0.06061436893496319,-12.717623913150582,-12.480015586925525,1.0,-0.06221685826231749,-0.012146637611685662,0.4999913925467799,0.4999913925467799,0.07165007219075029,0.06995984922131934,0.03148477641149593,nan,nan,0.3391183500604583,9.438445424159056,28.893660108935183,6650.871979974466,nan,nan,nan,nan,nan,nan,nan,nan,nan,180.0,0.0047273369384542374,21.959226716612466,8000.0,1.0,0.0,nan,nan,nan,nan,nan,nan,nan,nan,nan,nan,nan,nan,nan,nan,nan,nan,0.0,"[300, 100, 100, 300, 100]","[0.0, 0.005233625469421788, 0.006983117445067293, 0.005001089417394155, 0.006418852360387951]","[null, null, null, null, null]","[null, null, null, null, null]","[null, null, null, null, null]","[null, null, null, null, null]",,0.06061436893496319,0.028028073348516355,5.0,1.96
1a,10000,2040505,neural-fore,neural-main-oracle-bellman,-12.522336373080554,-12.531063936066127,-12.586673112426368,0.059791639579779676,-12.648255549642496,-12.413872322489759,1.0,0.06433673934581385,0.05560917636024065,0.4849713019231598,0.4849713019231598,0.062442224026144896,0.054746444586846056,0.030312640263949368,nan,nan,0.3417566856402865,9.324653557772605,29.29774976637999,6648.7554874956895,nan,nan,nan,nan,nan,nan,nan,nan,nan,220.0,0.005347455068975942,24.65594300784869,8000.0,0.9999999999999998,0.0,nan,nan,nan,nan,nan,nan,nan,nan,nan,nan,nan,nan,nan,nan,nan,nan,0.0,"[100, 300, 100, 300, 300]","[0.004934446400940706, 0.0025531729824594387, 0.013671836342067993, 0.0, 0.005577819619411574]","[null, null, null, null, null]","[null, null, null, null, null]","[null, null, null, null, null]","[null, null, null, null, null]",,0.059791639579779676,0.03602804264387883,5.0,1.96
1a,10000,2050505,neural-fore,neural-main-oracle-bellman,-12.592241529091657,-12.57700817084855,-12.586673112426368,0.06022672097520521,-12.695052543959953,-12.458963797737148,1.0,-0.0055684166652891776,0.009664941577817387,0.5348346215543648,0.5348346215543648,0.06968372872493608,0.06697478503470092,0.04130672853088469,nan,nan,0.33708485798334586,9.547006260420956,29.77368033766385,6673.371196860237,nan,nan,nan,nan,nan,nan,nan,nan,nan,180.0,0.0024093680661043996,23.57637878364185,8000.0,1.0,0.0,nan,nan,nan,nan,nan,nan,nan,nan,nan,nan,nan,nan,nan,nan,nan,nan,0.0,"[300, 300, 100, 100, 100]","[0.000840212464874335, 0.0, 0.006096899371630412, 0.0, 0.0051097284940172525]","[null, null, null, null, null]","[null, null, null, null, null]","[null, null, null, null, null]","[null, null, null, null, null]",,0.06022672097520521,0.05664367972861925,5.0,1.96
1a,10000,2060505,neural-fore,neural-main-oracle-bellman,-12.602243483022868,-12.604864548835332,-12.586673112426368,0.0625574886358488,-12.727477226561595,-12.482251871109069,1.0,-0.015570370596499572,-0.018191436408963924,0.28304818247909747,0.28304818247909747,0.07317309484621293,0.06717418705046371,0.028829514112196097,nan,nan,0.35813826032078183,9.266836425231762,31.313964807220962,6466.425854609649,nan,nan,nan,nan,nan,nan,nan,nan,nan,180.0,0.003215084238259782,22.732685516611674,8000.0,1.0,0.0,nan,nan,nan,nan,nan,nan,nan,nan,nan,nan,nan,nan,nan,nan,nan,nan,0.0,"[300, 100, 100, 100, 300]","[0.0021233842611977256, 0.004568978357107677, 0.003152796966200496, 0.00623026160679301, 0.0]","[null, null, null, null, null]","[null, null, null, null, null]","[null, null, null, null, null]","[null, null, null, null, null]",,0.0625574886358488,0.04861932197971419,5.0,1.96
1a,10000,2070505,neural-fore,neural-main-oracle-bellman,-12.550771083651464,-12.549918226340736,-12.586673112426368,0.05808717506278372,-12.663769089463793,-12.43606736321768,1.0,0.03590202877490434,0.03675488608563171,0.41949684215297023,0.41949684215297023,0.07412598627560071,0.06327320310192483,0.036252602027063784,nan,nan,0.2675533611302286,9.571543399592784,26.263118241770716,6835.585902192035,nan,nan,nan,nan,nan,nan,nan,nan,nan,220.0,0.0021140453889937736,25.397689758380874,8000.0,1.0,0.0,nan,nan,nan,nan,nan,nan,nan,nan,nan,nan,nan,nan,nan,nan,nan,nan,0.0,"[300, 300, 100, 300, 100]","[0.0, 0.0003841164110529041, 0.002927926224322713, 0.0, 0.00725818430959325]","[null, null, null, null, null]","[null, null, null, null, null]","[null, null, null, null, null]","[null, null, null, null, null]",,0.05808717506278372,0.05479849132659123,5.0,1.96
1a,10000,2080505,neural-fore,neural-main-oracle-bellman,-12.62186552794736,-12.637381731376117,-12.586673112426368,0.06129142165634077,-12.757512917822545,-12.517250544929688,1.0,-0.03519241552099217,-0.05070861894974854,0.44644712357085947,0.44644712357085947,0.051957116421712114,0.045796316646422947,0.03512853915350733,nan,nan,0.23367647163603758,9.415258538645402,29.317615190471184,6543.966550585144,nan,nan,nan,nan,nan,nan,nan,nan,nan,260.0,0.009415003973423462,26.12914801639272,8000.0,0.9999999999999998,0.0,nan,nan,nan,nan,nan,nan,nan,nan,nan,nan,nan,nan,nan,nan,nan,nan,0.0,"[300, 100, 300, 300, 300]","[0.0, 0.012255688590970757, 0.0, 0.002815163164446252, 0.0320041681117003]","[null, null, null, null, null]","[null, null, null, null, null]","[null, null, null, null, null]","[null, null, null, null, null]",,0.06129142165634077,0.04618481347125686,5.0,1.96
1a,10000,2090505,neural-fore,neural-main-oracle-bellman,-12.649254167162589,-12.67109080667213,-12.586673112426368,0.0610210092092566,-12.790691984722272,-12.551489628621987,1.0,-0.06258105473622066,-0.08441769424576151,0.3713672275148821,0.3713672275148821,0.08112425125109395,0.07473694518101545,0.02163880709487231,nan,nan,0.26984315300889966,9.515989949075815,29.08280247802587,6596.431186309397,nan,nan,nan,nan,nan,nan,nan,nan,nan,260.0,0.0012785040028212738,26.30975500775967,8000.0,1.0,0.0,nan,nan,nan,nan,nan,nan,nan,nan,nan,nan,nan,nan,nan,nan,nan,nan,0.0,"[300, 300, 300, 100, 300]","[0.002092282925981736, 0.0, 0.0, 0.0019679258135602167, 0.002332311274564417]","[null, null, null, null, null]","[null, null, null, null, null]","[null, null, null, null, null]","[null, null, null, null, null]",,0.0610210092092566,0.016717931323945334,5.0,1.96
1a,10000,2100505,neural-fore,neural-main-oracle-bellman,-12.54425204215511,-12.523687859628277,-12.586673112426368,0.06056321250725682,-12.6423917561425,-12.404983963114054,1.0,0.04242107027125819,0.0629852527980912,0.7781900224318266,0.7781900224318266,0.10402121056636285,0.0920110762197063,0.02568925737248774,nan,nan,0.19723165453960453,9.657202190758827,31.20439467945162,6490.3578963563805,nan,nan,nan,nan,nan,nan,nan,nan,nan,260.0,0.0017589629665628885,26.393851791589988,8000.0,1.0,0.0,nan,nan,nan,nan,nan,nan,nan,nan,nan,nan,nan,nan,nan,nan,nan,nan,0.0,"[100, 300, 300, 300, 300]","[0.004809787512450384, 0.0, 0.0039850273203640586, 0.0, 0.0]","[null, null, null, null, null]","[null, null, null, null, null]","[null, null, null, null, null]","[null, null, null, null, null]",,0.06056321250725682,0.051984951018031966,5.0,1.96
1a,10000,2110505,neural-fore,neural-main-oracle-bellman,-12.646712339850822,-12.644413777093467,-12.586673112426368,0.06133533942114418,-12.764631042358909,-12.524196511828025,1.0,-0.06003922742445411,-0.05774066466709904,0.6489880168558286,0.6489880168558286,0.10048685989801913,0.07747278168986554,0.02585605933182916,nan,nan,0.22203764774416046,9.47893205087307,28.924860301455737,6587.226455932587,nan,nan,nan,nan,nan,nan,nan,nan,nan,220.0,0.0018333870188816659,24.05041614178335,8000.0,1.0,0.0,nan,nan,nan,nan,nan,nan,nan,nan,nan,nan,nan,nan,nan,nan,nan,nan,0.0,"[300, 300, 100, 300, 100]","[0.0, 0.0, 0.008184777890715103, 0.0, 0.0009821572036932268]","[null, null, null, null, null]","[null, null, null, null, null]","[null, null, null, null, null]","[null, null, null, null, null]",,0.06133533942114418,0.05522834212930936,5.0,1.96
1a,10000,2120505,neural-fore,neural-main-oracle-bellman,-12.639911874430153,-12.626609408699267,-12.586673112426368,0.06106386511133243,-12.746294584317479,-12.506924233081055,1.0,-0.053238762003784856,-0.03993629627289863,0.42584843838591063,0.42584843838591063,0.07183176887136539,0.0588157145574444,0.02286516646157056,nan,nan,0.19214385710627857,9.479515545779654,28.766534970722095,6525.284799053444,nan,nan,nan,nan,nan,nan,nan,nan,nan,300.0,0.005208217566548866,29.12995249958476,8000.0,1.0,0.0,nan,nan,nan,nan,nan,nan,nan,nan,nan,nan,nan,nan,nan,nan,nan,nan,0.0,"[300, 300, 300, 300, 300]","[0.0, 0.007819701242347633, 0.005942018222373128, 0.007973785516717328, 0.0043055828513062465]","[null, null, null, null, null]","[null, null, null, null, null]","[null, null, null, null, null]","[null, null, null, null, null]",,0.06106386511133243,0.06873146955106844,5.0,1.96
1a,10000,2130505,neural-fore,neural-main-oracle-bellman,-12.454621543518398,-12.409878779232331,-12.586673112426368,0.05815734422944145,-12.523867173922037,-12.295890384542625,0.0,0.1320515689079702,0.17679433319403692,0.36311258141681824,0.36311258141681824,0.05922118952242814,0.04977865599621588,0.035350382491249534,nan,nan,0.35517363085212206,9.577127732622337,27.969450763108075,6755.219918754727,nan,nan,nan,nan,nan,nan,nan,nan,nan,140.0,0.008440435497458943,20.398906024207825,8000.0,1.0,0.0,nan,nan,nan,nan,nan,nan,nan,nan,nan,nan,nan,nan,nan,nan,nan,nan,0.0,"[100, 100, 100, 300, 100]","[0.00802728887873762, 0.0035432069330679026, 0.02378814519137787, 0.00053227290764786, 0.006311263576463463]","[null, null, null, null, null]","[null, null, null, null, null]","[null, null, null, null, null]","[null, null, null, null, null]",,0.05815734422944145,0.053040778647186565,5.0,1.96
1a,10000,2140505,neural-fore,neural-main-oracle-bellman,-12.549573506366439,-12.59272645473814,-12.586673112426368,0.06327867376095286,-12.716752655309607,-12.468700254166672,1.0,0.0370996060599289,-0.006053342311771459,0.5784308330920593,0.5784308330920593,0.0694736545445693,0.061420146484526386,0.02871214730847329,nan,nan,0.2243643572861781,9.418965115874329,32.47562681719312,6376.2241251368505,nan,nan,nan,nan,nan,nan,nan,nan,nan,260.0,0.0015328043151032727,26.015037474990823,8000.0,1.0,0.0,nan,nan,nan,nan,nan,nan,nan,nan,nan,nan,nan,nan,nan,nan,nan,nan,0.0,"[100, 300, 300, 300, 300]","[0.004887706684122276, 0.0, 0.0, 0.0027763148913940885, 0.0]","[null, null, null, null, null]","[null, null, null, null, null]","[null, null, null, null, null]","[null, null, null, null, null]",,0.06327867376095286,0.018223022616507212,5.0,1.96
1a,10000,2150505,neural-fore,neural-main-oracle-bellman,-12.701568095386474,-12.665915165519317,-12.586673112426368,0.06367208459884095,-12.790712451333045,-12.54111787970559,1.0,-0.11489498296010581,-0.0792420530929494,0.4414955822130266,0.4414955822130266,0.09428193573333402,0.08566445696860833,0.026708834894659247,nan,nan,0.24066698324154953,9.470474699378386,32.81317537257525,6353.404234226256,nan,nan,nan,nan,nan,nan,nan,nan,nan,300.0,0.0012930256338134988,26.950149225385395,8000.0,1.0,0.0,nan,nan,nan,nan,nan,nan,nan,nan,nan,nan,nan,nan,nan,nan,nan,nan,0.0,"[300, 300, 300, 300, 300]","[0.003525706793846579, 0.0, 0.002939421375220915, 0.0, 0.0]","[null, null, null, null, null]","[null, null, null, null, null]","[null, null, null, null, null]","[null, null, null, null, null]",,0.06367208459884095,0.04938208085950784,5.0,1.96
1a,10000,2160505,neural-fore,neural-main-oracle-bellman,-12.589967232703753,-12.571042729786903,-12.586673112426368,0.05951698738310227,-12.687696025057784,-12.454389434516022,1.0,-0.003294120277384849,0.015630382639464813,0.6760299689500368,0.6760299689500368,0.07603261556421585,0.07364384560572214,0.03503156542898466,nan,nan,0.2495706801076735,9.542402326817758,26.767067648933065,6679.175463618116,nan,nan,nan,nan,nan,nan,nan,nan,nan,260.0,0.0028916905335382723,25.385876866965553,8000.0,1.0,0.0,nan,nan,nan,nan,nan,nan,nan,nan,nan,nan,nan,nan,nan,nan,nan,nan,0.0,"[100, 300, 300, 300, 300]","[0.002171140522191617, 0.0035079174448909983, 0.0, 0.004112550760102116, 0.0046668439405066296]","[null, null, null, null, null]","[null, null, null, null, null]","[null, null, null, null, null]","[null, null, null, null, null]",,0.05951698738310227,0.07661497029529266,5.0,1.96
1a,10000,2170505,neural-fore,neural-main-oracle-bellman,-12.533668860897484,-12.506054460258543,-12.586673112426368,0.05958872714713742,-12.622848365466933,-12.389260555050154,1.0,0.05300425152888444,0.08061865216782493,0.3238709442819883,0.3238709442819883,0.04936226112953954,0.042548021152013726,0.0342395215463938,nan,nan,0.2183733984823039,9.56769406447562,30.02018922995507,6565.5627951250935,nan,nan,nan,nan,nan,nan,nan,nan,nan,300.0,0.0016289609476005107,28.407485566393007,8000.0,1.0,0.0,nan,nan,nan,nan,nan,nan,nan,nan,nan,nan,nan,nan,nan,nan,nan,nan,0.0,"[300, 300, 300, 300, 300]","[0.0028363978345570065, 0.0, 0.0009513246629667399, 0.0025830958134782254, 0.0017739864270005816]","[null, null, null, null, null]","[null, null, null, null, null]","[null, null, null, null, null]","[null, null, null, null, null]",,0.05958872714713742,0.04640111939137283,5.0,1.96
1a,10000,2180505,neural-fore,neural-main-oracle-bellman,-12.647819261389676,-12.631038648987179,-12.586673112426368,0.0613728900070254,-12.751329513400949,-12.51074778457341,1.0,-0.06114614896330828,-0.04436553656081088,0.37619242487675647,0.37619242487675647,0.05665042194761403,0.0509368634936922,0.03735209915672556,nan,nan,0.32883490284956185,9.447652873667662,29.852457312238258,6574.525431037928,nan,nan,nan,nan,nan,nan,nan,nan,nan,180.0,0.0062566729438861685,21.474897366820368,8000.0,1.0,0.0,nan,nan,nan,nan,nan,nan,nan,nan,nan,nan,nan,nan,nan,nan,nan,nan,0.0,"[100, 100, 300, 300, 100]","[0.014355413351695816, 0.003639171792377298, 0.0019959913810148836, 0.0, 0.011292788194342849]","[null, null, null, null, null]","[null, null, null, null, null]","[null, null, null, null, null]","[null, null, null, null, null]",,0.0613728900070254,0.07810769486599822,5.0,1.96
1a,10000,2190505,neural-fore,neural-main-oracle-bellman,-12.609087746711753,-12.54648207734759,-12.586673112426368,0.06250211799168377,-12.66898622861129,-12.423977926083891,1.0,-0.022414634285384594,0.040191035078777304,0.466610355315103,0.466610355315103,0.0732691210981952,0.06747254820067897,0.027884702064675047,nan,nan,0.3011987870261335,9.391238856120845,32.11675210231478,6468.05159358335,nan,nan,nan,nan,nan,nan,nan,nan,nan,180.0,0.00587963057279164,21.7958235406084,8000.0,1.0,0.0,nan,nan,nan,nan,nan,nan,nan,nan,nan,nan,nan,nan,nan,nan,nan,nan,0.0,"[300, 100, 100, 100, 300]","[0.006675645420370025, 0.006379728577211773, 0.006238196951448186, 0.010104581914928218, 0.0]","[null, null, null, null, null]","[null, null, null, null, null]","[null, null, null, null, null]","[null, null, null, null, null]",,0.06250211799168377,0.06722052869048788,5.0,1.96
1a,10000,2200505,neural-fore,neural-main-oracle-bellman,-12.635285006667425,-12.633438591679298,-12.586673112426368,0.06108271314896055,-12.75316070945126,-12.513716473907335,1.0,-0.048611894241057385,-0.04676547925292951,0.7543373757704138,0.7543373757704138,0.08229708105435314,0.07860059038762426,0.03323157143923184,nan,nan,0.27658711682477083,9.500137502213637,28.892489517228903,6572.165310345162,nan,nan,nan,nan,nan,nan,nan,nan,nan,180.0,0.004541606293293648,21.498060524836184,8000.0,1.0,0.0,nan,nan,nan,nan,nan,nan,nan,nan,nan,nan,nan,nan,nan,nan,nan,nan,0.0,"[100, 300, 100, 100, 300]","[0.0036533111254690954, 0.0026308949325962025, 0.006526844320563812, 0.007850677600080222, 0.002046303487758909]","[null, null, null, null, null]","[null, null, null, null, null]","[null, null, null, null, null]","[null, null, null, null, null]",,0.06108271314896055,0.050279580410008615,5.0,1.96
1a,10000,2210505,neural-fore,neural-main-oracle-bellman,-12.52901836640729,-12.521182732097094,-12.586673112426368,0.05972746679013671,-12.638248567005762,-12.404116897188425,1.0,0.05765474601907883,0.06549038032927434,0.3764932676937426,0.3764932676937426,0.06265878517918358,0.05539238970737884,0.03680976388662482,nan,nan,0.30046612802888023,9.600391700063494,28.74409370704463,6664.817711907596,nan,nan,nan,nan,nan,nan,nan,nan,nan,260.0,0.0018699675072389726,25.58871279119048,8000.0,1.0,0.0,nan,nan,nan,nan,nan,nan,nan,nan,nan,nan,nan,nan,nan,nan,nan,nan,0.0,"[300, 300, 300, 100, 300]","[0.0020822804333324157, 0.0015485849084209294, 0.00397494293420565, 0.001744029260235867, 0.0]","[null, null, null, null, null]","[null, null, null, null, null]","[null, null, null, null, null]","[null, null, null, null, null]",,0.05972746679013671,0.05859018171700533,5.0,1.96
1a,10000,2220505,neural-fore,neural-main-oracle-bellman,-12.539560486567385,-12.505625923518345,-12.586673112426368,0.05954446138128173,-12.622333067825657,-12.388918779211032,1.0,0.04711262585898268,0.08104718890802332,0.3775351216231252,0.3775351216231252,0.0680981376627275,0.05627972761303166,0.037774383614341336,nan,nan,0.25406647890085454,9.79314265515735,29.711915767960676,6637.637088072416,nan,nan,nan,nan,nan,nan,nan,nan,nan,260.0,0.001340195833602204,25.328495433425996,8000.0,1.0,0.0,nan,nan,nan,nan,nan,nan,nan,nan,nan,nan,nan,nan,nan,nan,nan,nan,0.0,"[100, 300, 300, 300, 300]","[0.0, 0.0, 0.0027070451851492787, 0.002101924854896705, 0.001892009127965036]","[null, null, null, null, null]","[null, null, null, null, null]","[null, null, null, null, null]","[null, null, null, null, null]",,0.05954446138128173,0.043555011298198984,5.0,1.96
1a,10000,2230505,neural-fore,neural-main-oracle-bellman,-12.601809177148782,-12.576368987109104,-12.586673112426368,0.060634178697228265,-12.695211977355672,-12.457525996862536,1.0,-0.015136064722414133,0.010304125317263768,0.4194367752221792,0.4194367752221792,0.07201236359679837,0.056221748694899175,0.027702094142912522,nan,nan,0.304071007965466,9.317656727666995,29.67926153551383,6579.9855445044,nan,nan,nan,nan,nan,nan,nan,nan,nan,180.0,0.007652367819486585,21.7592311581946,8000.0,0.9999999999999998,0.0,nan,nan,nan,nan,nan,nan,nan,nan,nan,nan,nan,nan,nan,nan,nan,nan,0.0,"[100, 300, 100, 100, 300]","[0.006257226540347859, 0.004957618665425332, 0.01949036917116921, 0.007346943411857653, 0.0002096813086328648]","[null, null, null, null, null]","[null, null, null, null, null]","[null, null, null, null, null]","[null, null, null, null, null]",,0.060634178697228265,0.03580418906442207,5.0,1.96
1a,10000,2240505,neural-fore,neural-main-oracle-bellman,-12.66271101460949,-12.684454482432999,-12.586673112426368,0.06234619282846662,-12.806653020376794,-12.562255944489204,1.0,-0.07603790218312234,-0.09778137000663101,0.4257807211482101,0.4257807211482101,0.05266032563937961,0.04789420239695148,0.03128574648825496,nan,nan,0.2433818005259608,9.223164951733432,29.01234633562906,6436.3297387240045,nan,nan,nan,nan,nan,nan,nan,nan,nan,260.0,0.002876237911237137,25.9404432586045,8000.0,1.0,0.0,nan,nan,nan,nan,nan,nan,nan,nan,nan,nan,nan,nan,nan,nan,nan,nan,0.0,"[300, 300, 300, 100, 300]","[0.0, 0.0002113192150735941, 0.007573405570695618, 0.006596464770416476, 0.0]","[null, null, null, null, null]","[null, null, null, null, null]","[null, null, null, null, null]","[null, null, null, null, null]",,0.06234619282846662,0.057488002954885514,5.0,1.96
1a,10000,2250505,neural-fore,neural-main-oracle-bellman,-12.58375862811664,-12.532784076873646,-12.586673112426368,0.05761894667706424,-12.645717212360692,-12.419850941386601,1.0,0.0029144843097288486,0.05388903555272151,0.27746778202078703,0.27746778202078703,0.0489241414703104,0.044209444057989884,0.029655049829561055,nan,nan,0.2300473866097903,9.904148725611691,27.74521901979393,6786.094075255778,nan,nan,nan,nan,nan,nan,nan,nan,nan,260.0,0.0024050750180474056,25.30317480022786,8000.0,1.0,0.0,nan,nan,nan,nan,nan,nan,nan,nan,nan,nan,nan,nan,nan,nan,nan,nan,0.0,"[300, 100, 300, 300, 300]","[0.006258426817371253, 0.0020500560060526573, 0.0037168922668131157, 0.0, 0.0]","[null, null, null, null, null]","[null, null, null, null, null]","[null, null, null, null, null]","[null, null, null, null, null]",,0.05761894667706424,0.05834433443564689,5.0,1.96
1a,10000,2260505,neural-fore,neural-main-oracle-bellman,-12.659076405654636,-12.607692640860755,-12.586673112426368,0.062335381191006435,-12.729869987995128,-12.485515293726381,1.0,-0.07240329322826788,-0.021019528434386814,0.34153532157921085,0.34153532157921085,0.0576250478396544,0.05278778221471499,0.0339866708125011,nan,nan,0.23356184036708585,9.188583364238056,28.684427445084257,6521.437924298087,nan,nan,nan,nan,nan,nan,nan,nan,nan,260.0,0.0019093858705296607,26.377538775000723,8000.0,1.0000000000000002,0.0,nan,nan,nan,nan,nan,nan,nan,nan,nan,nan,nan,nan,nan,nan,nan,nan,0.0,"[300, 300, 300, 300, 100]","[0.0020997577935623415, 0.0, 0.000268965924009087, 0.006455733416743082, 0.0007224722183337944]","[null, null, null, null, null]","[null, null, null, null, null]","[null, null, null, null, null]","[null, null, null, null, null]",,0.062335381191006435,0.10771097548612124,5.0,1.96
1a,10000,2270505,neural-fore,neural-main-oracle-bellman,-12.653595023383822,-12.632450047774622,-12.586673112426368,0.06178626685886413,-12.753551130817996,-12.511348964731248,1.0,-0.06692191095745414,-0.045776935348254,0.7089051829274682,0.7089051829274682,0.08572698096396647,0.07923202591348077,0.029918628975625958,nan,nan,0.21982847009472042,9.32840937165718,30.690093196008615,6498.303613038011,nan,nan,nan,nan,nan,nan,nan,nan,nan,260.0,0.005104679606647067,26.538979942025616,8000.0,1.0,0.0,nan,nan,nan,nan,nan,nan,nan,nan,nan,nan,nan,nan,nan,nan,nan,nan,0.0,"[300, 300, 300, 100, 300]","[0.0031281302825384863, 8.693663830650583e-05, 0.0, 0.021104841135690156, 0.0012034899767001857]","[null, null, null, null, null]","[null, null, null, null, null]","[null, null, null, null, null]","[null, null, null, null, null]",,0.06178626685886413,0.08073447367773275,5.0,1.96
1a,10000,2280505,neural-fore,neural-main-oracle-bellman,-12.588694500815347,-12.613557641765956,-12.586673112426368,0.062205955470851206,-12.735481314488824,-12.491633969043088,1.0,-0.0020213883889788065,-0.02688452933958807,0.30852558099028704,0.30852558099028704,0.06873388353009606,0.06309163559500745,0.02734720988990651,nan,nan,0.2325212413798918,9.205868706752511,30.5556108014533,6459.48137069555,nan,nan,nan,nan,nan,nan,nan,nan,nan,220.0,0.002010217462475017,25.389820816228166,8000.0,1.0000000000000002,0.0,nan,nan,nan,nan,nan,nan,nan,nan,nan,nan,nan,nan,nan,nan,nan,nan,0.0,"[300, 100, 300, 100, 300]","[0.0, 0.0037881064227053393, 0.0, 0.004253614473652643, 0.002009366416017102]","[null, null, null, null, null]","[null, null, null, null, null]","[null, null, null, null, null]","[null, null, null, null, null]",,0.062205955470851206,0.09341222046962076,5.0,1.96
1a,10000,2290505,neural-fore,neural-main-oracle-bellman,-12.575232686105009,-12.603800563308651,-12.586673112426368,0.06232209703148852,-12.725951873490368,-12.481649253126934,1.0,0.011440426321358999,-0.017127450882282957,0.4131358337646823,0.4131358337646823,0.052118741039648565,0.04807112671774401,0.040863552199288306,nan,nan,0.2905893757635872,9.456518634871902,30.00670047119565,6522.474485728847,nan,nan,nan,nan,nan,nan,nan,nan,nan,180.0,0.004082403637855612,22.8135496417759,8000.0,1.0,0.0,nan,nan,nan,nan,nan,nan,nan,nan,nan,nan,nan,nan,nan,nan,nan,nan,0.0,"[100, 300, 100, 100, 300]","[0.008486149099250195, 0.0, 0.004436419129791947, 0.004003154944150932, 0.0034862950160849866]","[null, null, null, null, null]","[null, null, null, null, null]","[null, null, null, null, null]","[null, null, null, null, null]",,0.06232209703148852,0.08880162123118418,5.0,1.96
1a,10000,2300505,neural-fore,neural-main-oracle-bellman,-12.670536669698505,-12.704228034550141,-12.586673112426368,0.06441804341675986,-12.83048739964699,-12.577968669453291,1.0,-0.0838635572721369,-0.11755492212377305,0.6833601151072972,0.6833601151072972,0.0753103670406895,0.06773843213218025,0.030661430665435856,nan,nan,0.26721202491988694,9.251231783087238,29.95264593086649,6455.587643332668,nan,nan,nan,nan,nan,nan,nan,nan,nan,260.0,0.001457833053263503,26.244926259014754,8000.0,1.0,0.0,nan,nan,nan,nan,nan,nan,nan,nan,nan,nan,nan,nan,nan,nan,nan,nan,0.0,"[300, 300, 100, 300, 300]","[0.003077170756161828, 0.0006513681731506349, 0.0035606263370050514, 0.0, 0.0]","[null, null, null, null, null]","[null, null, null, null, null]","[null, null, null, null, null]","[null, null, null, null, null]",,0.06441804341675986,0.0755838525820733,5.0,1.96
1a,10000,2310505,neural-fore,neural-main-oracle-bellman,-12.68381824863874,-12.629423961615515,-12.586673112426368,0.06290283042056488,-12.752713509239822,-12.506134413991209,1.0,-0.09714513621237231,-0.04275084918914729,0.5165430303381404,0.5165430303381404,0.06536524741531502,0.06030764374771488,0.03653755092039098,nan,nan,0.27674311120132833,9.291207746308523,30.64622603475351,6457.587553715934,nan,nan,nan,nan,nan,nan,nan,nan,nan,220.0,0.00576738447829977,24.196465082967187,8000.0,1.0,0.0,nan,nan,nan,nan,nan,nan,nan,nan,nan,nan,nan,nan,nan,nan,nan,nan,0.0,"[300, 100, 100, 300, 300]","[0.00037796304772634776, 0.006205851971003669, 0.010104426065609714, 0.009533811360940322, 0.0026148699462187975]","[null, null, null, null, null]","[null, null, null, null, null]","[null, null, null, null, null]","[null, null, null, null, null]",,0.06290283042056488,0.07329537141934823,5.0,1.96
1a,10000,2320505,neural-fore,neural-main-oracle-bellman,-12.601901065490674,-12.59018474084906,-12.586673112426368,0.06014705066348772,-12.708072960149496,-12.472296521548623,1.0,-0.015227953064306021,-0.0035116284226912597,0.585123837324231,0.585123837324231,0.06550495185976475,0.06508852411571363,0.03320412945052113,nan,nan,0.30704801587239,9.400477826647533,28.769339915320984,6681.062143223964,nan,nan,nan,nan,nan,nan,nan,nan,nan,180.0,0.004653223257374547,22.94364282498136,8000.0,1.0,0.0,nan,nan,nan,nan,nan,nan,nan,nan,nan,nan,nan,nan,nan,nan,nan,nan,0.0,"[300, 100, 300, 100, 100]","[0.006529559290950317, 0.0026423980250807146, 0.0, 0.00956565128087709, 0.00452850768996461]","[null, null, null, null, null]","[null, null, null, null, null]","[null, null, null, null, null]","[null, null, null, null, null]",,0.06014705066348772,0.026130703080646477,5.0,1.96
1a,10000,2330505,neural-fore,neural-main-oracle-bellman,-12.557443561983836,-12.5118299063544,-12.586673112426368,0.05753194586966312,-12.62459252025894,-12.39906729244986,1.0,0.029229550442531504,0.07484320607196793,0.3506477865674209,0.3506477865674209,0.06449836911309073,0.055323929641619994,0.02507610017445178,nan,nan,0.20092702085916675,9.688397475796501,26.730228475991108,6728.246620535993,nan,nan,nan,nan,nan,nan,nan,nan,nan,300.0,0.0011435728653685644,26.662592708377634,8000.0,1.0,0.0,nan,nan,nan,nan,nan,nan,nan,nan,nan,nan,nan,nan,nan,nan,nan,nan,0.0,"[300, 300, 300, 300, 300]","[0.0, 0.000494367073423855, 0.0, 0.0, 0.005223497253418966]","[null, null, null, null, null]","[null, null, null, null, null]","[null, null, null, null, null]","[null, null, null, null, null]",,0.05753194586966312,0.031473500049323894,5.0,1.96
1a,10000,2340505,neural-fore,neural-main-oracle-bellman,-12.648389567837562,-12.661092262611497,-12.586673112426368,0.0629016193435634,-12.784379436524882,-12.537805088698112,1.0,-0.06171645541119375,-0.07441915018512901,0.5082099601899241,0.5082099601899241,0.06088075208756858,0.05214937599801837,0.03138090663569112,nan,nan,0.28137384836941365,9.30640807350861,31.479466860803637,6495.2452033337595,nan,nan,nan,nan,nan,nan,nan,nan,nan,220.0,0.0035681303195236615,24.474387708387802,8000.0,1.0,0.0,nan,nan,nan,nan,nan,nan,nan,nan,nan,nan,nan,nan,nan,nan,nan,nan,0.0,"[100, 300, 300, 100, 300]","[0.00974993723992611, 0.0, 0.0, 0.005863720428745032, 0.002226993928947167]","[null, null, null, null, null]","[null, null, null, null, null]","[null, null, null, null, null]","[null, null, null, null, null]",,0.0629016193435634,0.046283035427236434,5.0,1.96
1a,10000,2350505,neural-fore,neural-main-oracle-bellman,-12.574291805336683,-12.530777338130516,-12.586673112426368,0.05931306343402193,-12.6470309424612,-12.414523733799832,1.0,0.012381307089684768,0.05589577429585191,0.3049883273565514,0.3049883273565514,0.04784047497473036,0.04410384989096773,0.02748557058046606,nan,nan,0.2544785684818635,9.606641546322454,29.43585912242531,6657.231223403983,nan,nan,nan,nan,nan,nan,nan,nan,nan,260.0,0.0025024689251602734,27.11346332456451,8000.0,1.0,0.0,nan,nan,nan,nan,nan,nan,nan,nan,nan,nan,nan,nan,nan,nan,nan,nan,0.0,"[300, 300, 300, 300, 100]","[0.005181608365046877, 0.0, 0.0, 0.002367661206285296, 0.004963075054469193]","[null, null, null, null, null]","[null, null, null, null, null]","[null, null, null, null, null]","[null, null, null, null, null]",,0.05931306343402193,0.062270265334666536,5.0,1.96
1a,10000,2360505,neural-fore,neural-main-oracle-bellman,-12.575156172175415,-12.527327865832317,-12.586673112426368,0.060125931978547646,-12.64517469251027,-12.409481039154365,1.0,0.011516940250952956,0.059345246594050494,0.30483877702616197,0.30483877702616197,0.04965453105545733,0.038059601847999086,0.028297264544116067,nan,nan,0.3041006555532189,9.533235002493324,29.214269222645065,6638.6887525071625,nan,nan,nan,nan,nan,nan,nan,nan,nan,220.0,0.0049924977253365,23.552917958807665,8000.0,0.9999999999999998,0.0,nan,nan,nan,nan,nan,nan,nan,nan,nan,nan,nan,nan,nan,nan,nan,nan,0.0,"[300, 100, 300, 100, 300]","[0.0, 0.017893832263499544, 0.0, 0.00414990317305525, 0.0029187531901277066]","[null, null, null, null, null]","[null, null, null, null, null]","[null, null, null, null, null]","[null, null, null, null, null]",,0.060125931978547646,0.0418737518533198,5.0,1.96
1a,10000,2370505,neural-fore,neural-main-oracle-bellman,-12.651686170773795,-12.62824420459638,-12.586673112426368,0.06375940937232111,-12.753212646966128,-12.50327576222663,1.0,-0.06501305834742688,-0.041571092170011426,0.3165525716377904,0.3165525716377904,0.05178353994891185,0.04705497560526154,0.027484581505216165,nan,nan,0.260146646594713,9.259982632123366,33.082936820027726,6353.658217008505,nan,nan,nan,nan,nan,nan,nan,nan,nan,260.0,0.002661550059173054,26.382477899990043,8000.0,1.0,0.0,nan,nan,nan,nan,nan,nan,nan,nan,nan,nan,nan,nan,nan,nan,nan,nan,0.0,"[300, 300, 300, 100, 300]","[0.004408701083686423, 0.002731930990442221, 0.0, 0.0035739294656739707, 0.002593188756062656]","[null, null, null, null, null]","[null, null, null, null, null]","[null, null, null, null, null]","[null, null, null, null, null]",,0.06375940937232111,0.02231372433711492,5.0,1.96
1a,10000,2380505,neural-fore,neural-main-oracle-bellman,-12.512181671198483,-12.487343854674068,-12.586673112426368,0.05999139874964041,-12.604926996223362,-12.369760713124773,1.0,0.07449144122788454,0.09932925775230039,0.37884280784050717,0.37884280784050717,0.060823377401307145,0.04866562678580737,0.03114848039486121,nan,nan,0.35987223197327983,9.685756135789202,30.724444905277647,6633.6986008798585,nan,nan,nan,nan,nan,nan,nan,nan,nan,180.0,0.003450390445742637,22.204847675166093,8000.0,1.0,0.0,nan,nan,nan,nan,nan,nan,nan,nan,nan,nan,nan,nan,nan,nan,nan,nan,0.0,"[100, 300, 300, 100, 100]","[0.00410914348342712, 0.004947970195549365, 0.0, 0.006092246994611214, 0.0021025915551254855]","[null, null, null, null, null]","[null, null, null, null, null]","[null, null, null, null, null]","[null, null, null, null, null]",,0.05999139874964041,0.07982191332366631,5.0,1.96
1a,10000,2390505,neural-fore,neural-main-oracle-bellman,-12.597094209639815,-12.545433834766069,-12.586673112426368,0.05859274290658997,-12.660275610862985,-12.430592058669152,1.0,-0.010421097213447084,0.04123927766029922,0.5037769634414663,0.5037769634414663,0.07540943428966194,0.06555983067952371,0.026930858472621694,nan,nan,0.23851868058244577,9.720200776262857,26.35007955117394,6700.742732390073,nan,nan,nan,nan,nan,nan,nan,nan,nan,260.0,0.0011996868443094784,25.99615955039626,8000.0,1.0,0.0,nan,nan,nan,nan,nan,nan,nan,nan,nan,nan,nan,nan,nan,nan,nan,nan,0.0,"[300, 100, 300, 300, 300]","[0.0016077303246094389, 0.003530111229616943, 0.0006146905439435939, 0.0002459021233774173, 0.0]","[null, null, null, null, null]","[null, null, null, null, null]","[null, null, null, null, null]","[null, null, null, null, null]",,0.05859274290658997,0.059911192614066466,5.0,1.96
1a,10000,2400505,neural-fore,neural-main-oracle-bellman,-12.587426821713333,-12.55321279246473,-12.586673112426368,0.06276869920450762,-12.676239442905565,-12.430186142023896,1.0,-0.0007537092869647211,0.03346031996163745,0.5360708001169832,0.5360708001169832,0.07887843014138098,0.06713638853499072,0.03631593076875903,nan,nan,0.22597683076749342,9.40171060758632,31.270030489117858,6432.733707349366,nan,nan,nan,nan,nan,nan,nan,nan,nan,260.0,0.0031545425212103836,25.53523539120797,8000.0,1.0,0.0,nan,nan,nan,nan,nan,nan,nan,nan,nan,nan,nan,nan,nan,nan,nan,nan,0.0,"[300, 300, 300, 100, 300]","[0.0, 0.0, 0.0013624046238599676, 0.013367196270474238, 0.001043111711717713]","[null, null, null, null, null]","[null, null, null, null, null]","[null, null, null, null, null]","[null, null, null, null, null]",,0.06276869920450762,0.038838786343701824,5.0,1.96
1a,10000,2410505,neural-fore,neural-main-oracle-bellman,-12.600305781500335,-12.578560196495388,-12.586673112426368,0.06185903208016365,-12.69980389937251,-12.457316493618267,1.0,-0.013632669073967207,0.008112915930979625,0.5099843738719543,0.5099843738719543,0.06319004547023585,0.05725696472240456,0.03478095682826389,nan,nan,0.2619651077995131,9.367415322335091,30.573329415813667,6514.1897959323305,nan,nan,nan,nan,nan,nan,nan,nan,nan,220.0,0.0024066189555005395,24.558209182997235,8000.0,1.0,0.0,nan,nan,nan,nan,nan,nan,nan,nan,nan,nan,nan,nan,nan,nan,nan,nan,0.0,"[100, 300, 100, 300, 300]","[0.0037532392229592502, 0.0, 0.005841709718564246, 0.0024381458359791996, 0.0]","[null, null, null, null, null]","[null, null, null, null, null]","[null, null, null, null, null]","[null, null, null, null, null]",,0.06185903208016365,0.04662859763734351,5.0,1.96
1a,10000,2420505,neural-fore,neural-main-oracle-bellman,-12.669288789077171,-12.659197334681469,-12.586673112426368,0.06185187573007409,-12.780427011112414,-12.537967658250524,1.0,-0.0826156766508035,-0.07252422225510102,0.4449783042370042,0.4449783042370042,0.07684786789345241,0.07376461499642537,0.027065158093245945,nan,nan,0.2981236525254801,9.346203765323619,29.7548028206421,6530.277588003089,nan,nan,nan,nan,nan,nan,nan,nan,nan,180.0,0.0031148337334512546,21.44334870018065,8000.0,1.0,0.0,nan,nan,nan,nan,nan,nan,nan,nan,nan,nan,nan,nan,nan,nan,nan,nan,0.0,"[100, 300, 100, 100, 300]","[0.0026946818912991976, 0.0, 0.003493899891428071, 0.007874329886178526, 0.0015112569983504777]","[null, null, null, null, null]","[null, null, null, null, null]","[null, null, null, null, null]","[null, null, null, null, null]",,0.06185187573007409,0.0670505069784438,5.0,1.96
1a,10000,2430505,neural-fore,neural-main-oracle-bellman,-12.592033380108417,-12.601145034268495,-12.586673112426368,0.06187647010667671,-12.722422915677582,-12.479867152859407,1.0,-0.005360267682048558,-0.014471921842126534,0.38355959080617535,0.38355959080617535,0.05287651529390375,0.04835018993617537,0.026707461435254713,nan,nan,0.24362538255871788,9.524028019784577,30.08867196283058,6495.051482683542,nan,nan,nan,nan,nan,nan,nan,nan,nan,260.0,0.0017830036045538423,25.853013800398912,8000.0,1.0,0.0,nan,nan,nan,nan,nan,nan,nan,nan,nan,nan,nan,nan,nan,nan,nan,nan,0.0,"[300, 300, 100, 300, 300]","[0.0, 0.0, 0.0060599024379547955, 0.0, 0.002855115584814417]","[null, null, null, null, null]","[null, null, null, null, null]","[null, null, null, null, null]","[null, null, null, null, null]",,0.06187647010667671,0.046565859644196204,5.0,1.96
1a,10000,2440505,neural-fore,neural-main-oracle-bellman,-12.607695373290747,-12.623403310330698,-12.586673112426368,0.06013138778583668,-12.741260830390937,-12.505545790270459,1.0,-0.021022260864379305,-0.03673019790432974,0.589344962292666,0.589344962292666,0.08996428023200269,0.07824751306859105,0.033177092071492095,nan,nan,0.33902856802874787,9.343629470350706,28.21518888443947,6694.377325536692,nan,nan,nan,nan,nan,nan,nan,nan,nan,180.0,0.004064914695512039,24.111404450202826,8000.0,1.0,0.0,nan,nan,nan,nan,nan,nan,nan,nan,nan,nan,nan,nan,nan,nan,nan,nan,0.0,"[300, 100, 100, 300, 100]","[0.0024049375138381177, 0.001369115261862092, 0.008860300652208143, 0.0025094124523679447, 0.005180807597283899]","[null, null, null, null, null]","[null, null, null, null, null]","[null, null, null, null, null]","[null, null, null, null, null]",,0.06013138778583668,0.0901212566562791,5.0,1.96
1a,10000,2450505,neural-fore,neural-main-oracle-bellman,-12.619516492473654,-12.647221096571343,-12.586673112426368,0.06111823064251486,-12.767012828630673,-12.527429364512013,1.0,-0.03284338004728582,-0.060547984144974976,0.615085509871873,0.615085509871873,0.07262191188186726,0.06418242104660421,0.026283712683195546,nan,nan,0.24914610816796348,9.497515342887244,29.842509965113184,6556.919914633277,nan,nan,nan,nan,nan,nan,nan,nan,nan,300.0,0.00200820416806404,27.621074116404635,8000.0,0.9999999999999998,0.0,nan,nan,nan,nan,nan,nan,nan,nan,nan,nan,nan,nan,nan,nan,nan,nan,0.0,"[300, 300, 300, 300, 300]","[0.009554167516095616, 0.0, 0.0, 0.0, 0.00048685332422458336]","[null, null, null, null, null]","[null, null, null, null, null]","[null, null, null, null, null]","[null, null, null, null, null]",,0.06111823064251486,0.04871925902962991,5.0,1.96
1a,10000,2460505,neural-fore,neural-main-oracle-bellman,-12.581049814402219,-12.592374308908804,-12.586673112426368,0.061926063792133064,-12.713749393941384,-12.470999223876223,1.0,0.0056232980241492925,-0.005701196482435833,0.3797043013147468,0.3797043013147468,0.07928313038583501,0.07723913400574474,0.0327358830236132,nan,nan,0.2747252431221672,9.433859974077306,28.38895303379944,6535.0997978107725,nan,nan,nan,nan,nan,nan,nan,nan,nan,260.0,0.003981353815117104,25.598392933188006,8000.0,0.9999999999999998,0.0,nan,nan,nan,nan,nan,nan,nan,nan,nan,nan,nan,nan,nan,nan,nan,nan,0.0,"[300, 300, 300, 300, 100]","[0.004976042887692667, 0.0, 0.002631393493711452, 0.0, 0.012299332694181405]","[null, null, null, null, null]","[null, null, null, null, null]","[null, null, null, null, null]","[null, null, null, null, null]",,0.061926063792133064,0.08220190435783963,5.0,1.96
1a,10000,2470505,neural-fore,neural-main-oracle-bellman,-12.61721788592471,-12.571798970388338,-12.586673112426368,0.059910780610537964,-12.689224100384992,-12.454373840391684,1.0,-0.030544773498341726,0.014874142038030058,0.46417907287842064,0.46417907287842064,0.07839770588712724,0.05916334687211222,0.040888098395245424,nan,nan,0.23959045635037343,9.526639799968404,28.586669566121724,6637.217282215645,nan,nan,nan,nan,nan,nan,nan,nan,nan,220.0,0.005573593165345851,24.70383725820575,8000.0,1.0,0.0,nan,nan,nan,nan,nan,nan,nan,nan,nan,nan,nan,nan,nan,nan,nan,nan,0.0,"[300, 100, 300, 100, 300]","[0.003718709257365276, 0.006763158613596259, 0.004786895669346276, 0.004943488892980391, 0.007655713393441051]","[null, null, null, null, null]","[null, null, null, null, null]","[null, null, null, null, null]","[null, null, null, null, null]",,0.059910780610537964,0.07120461557988494,5.0,1.96
1a,10000,2480505,neural-fore,neural-main-oracle-bellman,-12.569934089356282,-12.587471691504978,-12.586673112426368,0.05985114286249332,-12.704779931515466,-12.470163451494491,1.0,0.01673902307008568,-0.000798579078610473,0.3955849014143112,0.3955849014143112,0.051388052112057214,0.04895935875363758,0.027853308675283812,nan,nan,0.3398764570781708,9.457816624396953,29.080790140129803,6701.044389026446,nan,nan,nan,nan,nan,nan,nan,nan,nan,180.0,0.006402186183109562,21.861415709007996,8000.0,1.0000000000000002,0.0,nan,nan,nan,nan,nan,nan,nan,nan,nan,nan,nan,nan,nan,nan,nan,nan,0.0,"[100, 300, 100, 300, 100]","[0.01811741407351824, 0.003671353250047891, 0.005690450464000974, 0.0, 0.004531713127980708]","[null, null, null, null, null]","[null, null, null, null, null]","[null, null, null, null, null]","[null, null, null, null, null]",,0.05985114286249332,0.043081412707817096,5.0,1.96
1a,10000,2490505,neural-fore,neural-main-oracle-bellman,-12.546437328104705,-12.498868894179047,-12.586673112426368,0.05818844067834827,-12.612918237908609,-12.384819550449485,1.0,0.04023578432166275,0.08780421824732088,0.3897857153709098,0.3897857153709098,0.07077468413098112,0.06752874902290265,0.026479229336518344,nan,nan,0.21785619634829717,9.814395356835615,26.8289955946024,6742.707300126229,nan,nan,nan,nan,nan,nan,nan,nan,nan,300.0,0.00046539131861135855,27.145110391627533,8000.0,1.0,0.0,nan,nan,nan,nan,nan,nan,nan,nan,nan,nan,nan,nan,nan,nan,nan,nan,0.0,"[300, 300, 300, 300, 300]","[0.0, 0.0023269565930567927, 0.0, 0.0, 0.0]","[null, null, null, null, null]","[null, null, null, null, null]","[null, null, null, null, null]","[null, null, null, null, null]",,0.05818844067834827,0.08394095970165574,5.0,1.96
1a,10000,2500505,neural-fore,neural-main-oracle-bellman,-12.444540427551141,-12.450926520803433,-12.586673112426368,0.05782530058006903,-12.56426410994037,-12.337588931666497,0.0,0.1421326848752269,0.1357465916229348,0.3979499424499306,0.3979499424499306,0.06996606780427767,0.060061274346829376,0.04214639452175088,nan,nan,0.35989622016689715,9.657570175033822,27.00081056179054,6818.031328148653,nan,nan,nan,nan,nan,nan,nan,nan,nan,220.0,0.001113998566316065,25.428246832988226,8000.0,1.0,0.0,nan,nan,nan,nan,nan,nan,nan,nan,nan,nan,nan,nan,nan,nan,nan,nan,0.0,"[100, 300, 300, 100, 300]","[0.0025553915171035815, 0.0, 0.0, 0.0024738895142137622, 0.0005407118002629812]","[null, null, null, null, null]","[null, null, null, null, null]","[null, null, null, null, null]","[null, null, null, null, null]",,0.05782530058006903,0.07046634168167015,5.0,1.96
1a,10000,2510505,neural-fore,neural-main-oracle-bellman,-12.56867855161915,-12.59068947531696,-12.586673112426368,0.06126472761927595,-12.710768341450741,-12.47061060918318,1.0,0.017994560807217397,-0.004016362890592262,0.31024527369604715,0.31024527369604715,0.05652770241824391,0.052753479775759636,0.030147540707179975,nan,nan,0.2416623973230582,9.415945300255991,29.7231976879069,6516.544848728749,nan,nan,nan,nan,nan,nan,nan,nan,nan,260.0,0.004426284751530787,25.367029841826298,8000.0,0.9999999999999998,0.0,nan,nan,nan,nan,nan,nan,nan,nan,nan,nan,nan,nan,nan,nan,nan,nan,0.0,"[300, 300, 300, 100, 300]","[0.0017894416184265995, 0.003729825692496476, 0.0027848904098393503, 0.0027937585652479035, 0.011033507471643606]","[null, null, null, null, null]","[null, null, null, null, null]","[null, null, null, null, null]","[null, null, null, null, null]",,0.06126472761927595,0.04646037084870015,5.0,1.96
1a,10000,2520505,neural-fore,neural-main-oracle-bellman,-12.618777491608075,-12.541992971570386,-12.586673112426368,0.05918332334708639,-12.657992285330675,-12.425993657810096,1.0,-0.03210437918170683,0.044680140855982486,0.446861328673668,0.446861328673668,0.06902745290101796,0.05636001243135487,0.03320646054810964,nan,nan,0.2489002149247955,9.753133980493688,27.39798362533406,6680.078726750333,nan,nan,nan,nan,nan,nan,nan,nan,nan,260.0,0.0026751101000916976,26.38448212520452,8000.0,1.0,0.0,nan,nan,nan,nan,nan,nan,nan,nan,nan,nan,nan,nan,nan,nan,nan,nan,0.0,"[300, 100, 300, 300, 300]","[0.0, 0.007572778205403934, 0.0, 0.00464838088859158, 0.0011543914064629723]","[null, null, null, null, null]","[null, null, null, null, null]","[null, null, null, null, null]","[null, null, null, null, null]",,0.05918332334708639,0.04182157311227173,5.0,1.96
1a,10000,2530505,neural-fore,neural-main-oracle-bellman,-12.597830953084674,-12.56847831730441,-12.586673112426368,0.05946079991216845,-12.685021485132259,-12.45193514947656,1.0,-0.011157840658306384,0.018194795121958762,0.3789404743835135,0.3789404743835135,0.07463940390862418,0.05958049979364758,0.025223403864792552,nan,nan,0.25096214356523133,9.639489796947899,27.98584664398468,6662.284118390854,nan,nan,nan,nan,nan,nan,nan,nan,nan,260.0,0.0023675746648581615,24.910306600411424,8000.0,1.0,0.0,nan,nan,nan,nan,nan,nan,nan,nan,nan,nan,nan,nan,nan,nan,nan,nan,0.0,"[300, 100, 300, 300, 300]","[0.00018722825860866834, 0.006961270717386003, 0.0, 0.0, 0.004689374348296135]","[null, null, null, null, null]","[null, null, null, null, null]","[null, null, null, null, null]","[null, null, null, null, null]",,0.05946079991216845,0.09287087705142251,5.0,1.96
1a,10000,2540505,neural-fore,neural-main-oracle-bellman,-12.573976604579238,-12.55196691960763,-12.586673112426368,0.06272133888769094,-12.674900743827504,-12.429033095387755,1.0,0.012696507847129723,0.03470619281873866,0.43759843179660607,0.43759843179660607,0.06107409315549696,0.05292705152955918,0.030065063256025922,nan,nan,0.4342165165971666,9.062074401084809,31.953396921415813,6484.7815817939945,nan,nan,nan,nan,nan,nan,nan,nan,nan,140.0,0.004111266728466725,19.36346028361004,8000.0,1.0,0.0,nan,nan,nan,nan,nan,nan,nan,nan,nan,nan,nan,nan,nan,nan,nan,nan,0.0,"[300, 100, 100, 100, 100]","[0.0, 0.006104401901499117, 0.0032428271203058102, 0.009656849560271245, 0.001552255060257456]","[null, null, null, null, null]","[null, null, null, null, null]","[null, null, null, null, null]","[null, null, null, null, null]",,0.06272133888769094,0.07088804959869953,5.0,1.96
1a,10000,2550505,neural-fore,neural-main-oracle-bellman,-12.663608088180633,-12.621421937970926,-12.586673112426368,0.06348100523689307,-12.745844708235236,-12.496999167706615,1.0,-0.07693497575426456,-0.034748825544557604,0.4397364301508211,0.4397364301508211,0.0628964375075776,0.05749801002341083,0.038574340384276117,nan,nan,0.28871168474136505,9.350640013679875,30.238721600038463,6446.383855604006,nan,nan,nan,nan,nan,nan,nan,nan,nan,180.0,0.0040657918920644805,22.256940158188808,8000.0,1.0,0.0,nan,nan,nan,nan,nan,nan,nan,nan,nan,nan,nan,nan,nan,nan,nan,nan,0.0,"[100, 100, 100, 300, 300]","[0.0026831591848063196, 0.00541685656891076, 0.002966454850679887, 0.0, 0.009262488855925434]","[null, null, null, null, null]","[null, null, null, null, null]","[null, null, null, null, null]","[null, null, null, null, null]",,0.06348100523689307,0.08322224351046054,5.0,1.96
1a,10000,2560505,neural-fore,neural-main-oracle-bellman,-12.557768017242255,-12.612767401728064,-12.586673112426368,0.060347111592220976,-12.731047740448817,-12.49448706300731,1.0,0.028905095184112994,-0.026094289301695994,0.4178215568256343,0.4178215568256343,0.053890454911570115,0.04697177354143378,0.031432250594041033,nan,nan,0.23641650659045757,9.43020388034892,26.84560386242581,6623.284809792765,nan,nan,nan,nan,nan,nan,nan,nan,nan,300.0,0.0019799338645196452,26.301581517013254,8000.0,1.0,0.0,nan,nan,nan,nan,nan,nan,nan,nan,nan,nan,nan,nan,nan,nan,nan,nan,0.0,"[300, 300, 300, 300, 300]","[0.008851864007230956, 0.0, 0.0, 0.0, 0.0010478053153672696]","[null, null, null, null, null]","[null, null, null, null, null]","[null, null, null, null, null]","[null, null, null, null, null]",,0.060347111592220976,0.04166262787622566,5.0,1.96
1a,10000,2570505,neural-fore,neural-main-oracle-bellman,-12.61684311310085,-12.580601510901182,-12.586673112426368,0.06224050789080687,-12.702592906367164,-12.458610115435201,1.0,-0.030170000674482722,0.006071601525185599,0.43552626841809855,0.43552626841809855,0.06095015183037883,0.050940938477436026,0.026322954519552008,nan,nan,0.28490039132523715,9.51385110868755,29.667361793378806,6530.606197619688,nan,nan,nan,nan,nan,nan,nan,nan,nan,220.0,0.0063285692690537645,23.357451225211843,8000.0,1.0,0.0,nan,nan,nan,nan,nan,nan,nan,nan,nan,nan,nan,nan,nan,nan,nan,nan,0.0,"[100, 100, 300, 300, 300]","[0.0075456201718395975, 0.0234298637949927, 0.0004999699415736006, 0.0, 0.0001673924368629259]","[null, null, null, null, null]","[null, null, null, null, null]","[null, null, null, null, null]","[null, null, null, null, null]",,0.06224050789080687,0.07054570990903722,5.0,1.96
1a,10000,2580505,neural-fore,neural-main-oracle-bellman,-12.743130395125673,-12.686157732578916,-12.586673112426368,0.06328078664500812,-12.810188074403133,-12.5621273907547,1.0,-0.15645728269930537,-0.09948462015254833,0.4220382321731079,0.4220382321731079,0.07658662173969633,0.06657335037646762,0.031612580636452246,nan,nan,0.20484260742018348,9.283054712673998,29.698785058494984,6448.185877540327,nan,nan,nan,nan,nan,nan,nan,nan,nan,260.0,0.001387735431301952,25.48353494220646,8000.0,1.0,0.0,nan,nan,nan,nan,nan,nan,nan,nan,nan,nan,nan,nan,nan,nan,nan,nan,0.0,"[300, 300, 300, 300, 100]","[0.0, 0.0, 0.0, 0.0, 0.00693867715650976]","[null, null, null, null, null]","[null, null, null, null, null]","[null, null, null, null, null]","[null, null, null, null, null]",,0.06328078664500812,0.041396799374671854,5.0,1.96
1a,10000,2590505,neural-fore,neural-main-oracle-bellman,-12.589498828127924,-12.546616674200981,-12.586673112426368,0.06116777363728661,-12.666505510530063,-12.4267278378719,1.0,-0.0028257157015563195,0.040056438225386515,0.32461797497031775,0.32461797497031775,0.04821550085670014,0.044884695832541746,0.031939613122229205,nan,nan,0.29064776459475367,9.46501039543405,30.151149422449116,6577.6033234443,nan,nan,nan,nan,nan,nan,nan,nan,nan,180.0,0.0034356243005989203,21.677028608182447,8000.0,1.0,0.0,nan,nan,nan,nan,nan,nan,nan,nan,nan,nan,nan,nan,nan,nan,nan,nan,0.0,"[300, 300, 100, 100, 100]","[0.0, 0.0031816641695505354, 0.0028454993129228582, 0.005189731434525901, 0.005961226585995307]","[null, null, null, null, null]","[null, null, null, null, null]","[null, null, null, null, null]","[null, null, null, null, null]",,0.06116777363728661,0.05434694496612444,5.0,1.96
1a,10000,2600505,neural-fore,neural-main-oracle-bellman,-12.64616065712373,-12.656435223617843,-12.586673112426368,0.061160783726237004,-12.776310359721267,-12.536560087514419,1.0,-0.05948754469736173,-0.06976211119147457,0.756389877513622,0.756389877513622,0.0868017654538387,0.08463330180190645,0.03404489698022997,nan,nan,0.2510928293192149,9.612937304797779,29.105105423408688,6583.951649277832,nan,nan,nan,nan,nan,nan,nan,nan,nan,260.0,0.001871363648788385,26.269137542194223,8000.0,1.0,0.0,nan,nan,nan,nan,nan,nan,nan,nan,nan,nan,nan,nan,nan,nan,nan,nan,0.0,"[100, 300, 300, 300, 300]","[0.004264799673499612, 0.004306116133748274, 0.0007859024366940394, 0.0, 0.0]","[null, null, null, null, null]","[null, null, null, null, null]","[null, null, null, null, null]","[null, null, null, null, null]",,0.061160783726237004,0.03913488961139151,5.0,1.96
1a,10000,2610505,neural-fore,neural-main-oracle-bellman,-12.629785713954183,-12.621839089473314,-12.586673112426368,0.06098786639790661,-12.741375307613211,-12.502302871333416,1.0,-0.04311260152781493,-0.035165977046945684,0.2747470888726954,0.2747470888726954,0.04508369172492079,0.038768657872590075,0.03893573180995987,nan,nan,0.2834800342445521,9.561435142879949,28.812874324003026,6633.149428021986,nan,nan,nan,nan,nan,nan,nan,nan,nan,260.0,0.004342705674563539,24.749217824614608,8000.0,1.0,0.0,nan,nan,nan,nan,nan,nan,nan,nan,nan,nan,nan,nan,nan,nan,nan,nan,0.0,"[300, 100, 300, 300, 300]","[0.0, 0.009586435135748257, 0.01212709323706944, 0.0, 0.0]","[null, null, null, null, null]","[null, null, null, null, null]","[null, null, null, null, null]","[null, null, null, null, null]",,0.06098786639790661,0.055804190811999374,5.0,1.96
1a,10000,2620505,neural-fore,neural-main-oracle-bellman,-12.577640323410712,-12.570114740219587,-12.586673112426368,0.06047317982880603,-12.688642172684046,-12.451587307755128,1.0,0.009032789015655851,0.016558372206780803,0.5631762616949927,0.5631762616949927,0.07538468836163001,0.06802535863733977,0.0269430949267871,nan,nan,0.33742442064147066,9.451850880562517,30.433141942522358,6599.460528274697,nan,nan,nan,nan,nan,nan,nan,nan,nan,220.0,0.0024453307418229814,23.454256916628218,8000.0,1.0,0.0,nan,nan,nan,nan,nan,nan,nan,nan,nan,nan,nan,nan,nan,nan,nan,nan,0.0,"[300, 100, 300, 100, 300]","[0.002359484614206778, 0.0029319610116163458, 0.0009189213225683731, 0.0036513129520592508, 0.002364973808664158]","[null, null, null, null, null]","[null, null, null, null, null]","[null, null, null, null, null]","[null, null, null, null, null]",,0.06047317982880603,0.03193299770294886,5.0,1.96
1a,10000,2630505,neural-fore,neural-main-oracle-bellman,-12.577194545955205,-12.552150880930947,-12.586673112426368,0.05989792076196773,-12.669550805624404,-12.43475095623749,1.0,0.009478566471162964,0.034522231495420996,0.38871077563286993,0.38871077563286993,0.06785212397323064,0.06574741017554779,0.024935201499821053,nan,nan,0.23039570552463692,9.334377045680185,27.59539655926324,6692.098064885723,nan,nan,nan,nan,nan,nan,nan,nan,nan,260.0,0.0025374405363604927,24.73592485836707,8000.0,1.0,0.0,nan,nan,nan,nan,nan,nan,nan,nan,nan,nan,nan,nan,nan,nan,nan,nan,0.0,"[300, 300, 300, 100, 300]","[0.004908282750978578, 0.002772668761102423, 0.0, 0.004655838128133117, 0.00035041304158834463]","[null, null, null, null, null]","[null, null, null, null, null]","[null, null, null, null, null]","[null, null, null, null, null]",,0.05989792076196773,0.07314806968059387,5.0,1.96
1a,10000,2640505,neural-fore,neural-main-oracle-bellman,-12.57538124791013,-12.55605178351251,-12.586673112426368,0.05985169465369213,-12.673361105033747,-12.438742461991273,1.0,0.011291864516238093,0.030621328913857937,0.43507400786395223,0.43507400786395223,0.059614196799710015,0.05731393498953689,0.02460341443911925,nan,nan,0.36070915106092566,9.522834738742832,30.397135839593542,6678.495025945452,nan,nan,nan,nan,nan,nan,nan,nan,nan,180.0,0.0053789366517119274,21.13506173338974,8000.0,1.0,0.0,nan,nan,nan,nan,nan,nan,nan,nan,nan,nan,nan,nan,nan,nan,nan,nan,0.0,"[100, 100, 100, 300, 300]","[0.008643478581213091, 0.0028806518990042627, 0.010294965161972891, 0.0050755876163693925, 0.0]","[null, null, null, null, null]","[null, null, null, null, null]","[null, null, null, null, null]","[null, null, null, null, null]",,0.05985169465369213,0.06284901802995506,5.0,1.96
1a,10000,2650505,neural-fore,neural-main-oracle-bellman,-12.612540941888904,-12.61688758198421,-12.586673112426368,0.06199754143686766,-12.73840276320047,-12.49537240076795,1.0,-0.025867829462535852,-0.03021446955784235,0.5976136072405663,0.5976136072405663,0.07236266581689074,0.06268040995192106,0.030194690252484883,nan,nan,0.2760733541881425,9.41578269091902,30.39730499638198,6547.971595844153,nan,nan,nan,nan,nan,nan,nan,nan,nan,180.0,0.005741374672220713,22.064636191818863,8000.0,1.0,0.0,nan,nan,nan,nan,nan,nan,nan,nan,nan,nan,nan,nan,nan,nan,nan,nan,0.0,"[300, 100, 100, 300, 100]","[0.0008117060377268083, 0.011002410865868588, 0.012885507316373395, 0.0, 0.004007249141134776]","[null, null, null, null, null]","[null, null, null, null, null]","[null, null, null, null, null]","[null, null, null, null, null]",,0.06199754143686766,0.078426632852188,5.0,1.96
1a,10000,2660505,neural-fore,neural-main-oracle-bellman,-12.548221377717509,-12.50706349135685,-12.586673112426368,0.06089610705420982,-12.626419861183102,-12.3877071215306,1.0,0.03845173470885932,0.07960962106951719,0.42344719045446355,0.42344719045446355,0.08034354651646781,0.07246941868071015,0.0311248911927226,nan,nan,0.3168857528741135,9.520324850032084,30.04699998794858,6544.344371501392,nan,nan,nan,nan,nan,nan,nan,nan,nan,220.0,0.003922742099431333,23.733264058607165,8000.0,1.0,0.0,nan,nan,nan,nan,nan,nan,nan,nan,nan,nan,nan,nan,nan,nan,nan,nan,0.0,"[100, 300, 300, 100, 300]","[0.008301768988864736, 0.0, 0.0, 0.01131194150829193, 0.0]","[null, null, null, null, null]","[null, null, null, null, null]","[null, null, null, null, null]","[null, null, null, null, null]",,0.06089610705420982,0.022355665352490436,5.0,1.96
1a,10000,2670505,neural-fore,neural-main-oracle-bellman,-12.531023757357447,-12.516855482337743,-12.586673112426368,0.05999753888299465,-12.634450658548412,-12.399260306127074,1.0,0.05564935506892077,0.0698176300886253,0.29326850723788833,0.29326850723788833,0.05738991206092129,0.04954298660649854,0.04545332118895929,nan,nan,0.38766794534270366,9.457882755695525,28.196502973775118,6703.605905229226,nan,nan,nan,nan,nan,nan,nan,nan,nan,140.0,0.006557751007819981,20.423747632990125,8000.0,1.0,0.0,nan,nan,nan,nan,nan,nan,nan,nan,nan,nan,nan,nan,nan,nan,nan,nan,0.0,"[100, 100, 300, 100, 100]","[0.0062250412506631445, 0.005806425828201388, 0.00262203508670904, 0.011498720186886562, 0.0066365326866397725]","[null, null, null, null, null]","[null, null, null, null, null]","[null, null, null, null, null]","[null, null, null, null, null]",,0.05999753888299465,0.042767252748365174,5.0,1.96
1a,10000,2680505,neural-fore,neural-main-oracle-bellman,-12.612491055935976,-12.553243863388479,-12.586673112426368,0.061819852590129516,-12.674410774465134,-12.432076952311824,1.0,-0.0258179435096082,0.03342924903788891,0.658192349720979,0.658192349720979,0.07892932257652603,0.071813394005717,0.026375080360450713,nan,nan,0.2600547913607222,9.416672037197854,32.19232778759647,6487.375245057305,nan,nan,nan,nan,nan,nan,nan,nan,nan,220.0,0.002257145172227873,24.748496034182608,8000.0,1.0,0.0,nan,nan,nan,nan,nan,nan,nan,nan,nan,nan,nan,nan,nan,nan,nan,nan,0.0,"[300, 300, 100, 100, 300]","[0.0, 0.0, 0.006549378898521142, 0.004736346962618223, 0.0]","[null, null, null, null, null]","[null, null, null, null, null]","[null, null, null, null, null]","[null, null, null, null, null]",,0.061819852590129516,0.0346673695097369,5.0,1.96
1a,10000,2690505,neural-fore,neural-main-oracle-bellman,-12.628173783875045,-12.607882223013052,-12.586673112426368,0.06121462429803033,-12.72786288663719,-12.487901559388913,1.0,-0.041500671448677195,-0.02120911058668362,0.341259904276315,0.341259904276315,0.054842365181409544,0.043899565916436345,0.030014193422744348,nan,nan,0.2269766121501052,9.447717655457502,29.31740241172119,6553.3669261394325,nan,nan,nan,nan,nan,nan,nan,nan,nan,260.0,0.0018239492070593899,25.601262974797283,8000.0,1.0,0.0,nan,nan,nan,nan,nan,nan,nan,nan,nan,nan,nan,nan,nan,nan,nan,nan,0.0,"[300, 300, 300, 300, 100]","[0.0036906565548133737, 0.002354886691356445, 0.0, 0.0, 0.0030742027891271307]","[null, null, null, null, null]","[null, null, null, null, null]","[null, null, null, null, null]","[null, null, null, null, null]",,0.06121462429803033,0.05605120394293973,5.0,1.96
1a,10000,2700505,neural-fore,neural-main-oracle-bellman,-12.565963951331046,-12.510969066647043,-12.586673112426368,0.06004641113505965,-12.62866003247176,-12.393278100822325,1.0,0.02070916109532206,0.07570404577932521,0.9054088757197313,0.9054088757197313,0.11471902460700915,0.11210919845250027,0.027657393525342234,nan,nan,0.30300488628490646,9.563963325333383,29.72242208384262,6613.603424821501,nan,nan,nan,nan,nan,nan,nan,nan,nan,180.0,0.006262965093121425,21.57303829960292,8000.0,1.0,0.0,nan,nan,nan,nan,nan,nan,nan,nan,nan,nan,nan,nan,nan,nan,nan,nan,0.0,"[300, 100, 100, 300, 100]","[0.0, 0.007390123020282768, 0.007569075039991895, 0.0022634855711693774, 0.014092141834163081]","[null, null, null, null, null]","[null, null, null, null, null]","[null, null, null, null, null]","[null, null, null, null, null]",,0.06004641113505965,0.02284161587616072,5.0,1.96
1a,10000,2710505,neural-fore,neural-main-oracle-bellman,-12.522125321473144,-12.536055162645672,-12.586673112426368,0.05926962639253075,-12.652223630375033,-12.419886694916311,1.0,0.06454779095322394,0.05061794978069578,0.5395438165629052,0.5395438165629052,0.0734591224068254,0.06471144122961113,0.03472814729895227,nan,nan,0.3667706528914548,9.412956476093381,28.75246571440716,6663.803528581848,nan,nan,nan,nan,nan,nan,nan,nan,nan,180.0,0.003828435867606258,22.567417874606328,8000.0,1.0,0.0,nan,nan,nan,nan,nan,nan,nan,nan,nan,nan,nan,nan,nan,nan,nan,nan,0.0,"[100, 100, 300, 300, 100]","[0.00990201554525685, 0.0050405336285036404, 0.0, 0.0, 0.0041996301642707986]","[null, null, null, null, null]","[null, null, null, null, null]","[null, null, null, null, null]","[null, null, null, null, null]",,0.05926962639253075,0.06811249326351725,5.0,1.96
1a,10000,2720505,neural-fore,neural-main-oracle-bellman,-12.604836347159651,-12.59770963671788,-12.586673112426368,0.06111100292864382,-12.717487202458022,-12.477932070977738,1.0,-0.018163234733282962,-0.01103652429151225,0.6960842899653182,0.6960842899653182,0.09009095399663322,0.08639674606691003,0.03947687857071151,nan,nan,0.23545241992528249,9.388702786245968,28.134841945238424,6540.791193346781,nan,nan,nan,nan,nan,nan,nan,nan,nan,260.0,0.0021638290494028272,24.497634333430323,8000.0,1.0,0.0,nan,nan,nan,nan,nan,nan,nan,nan,nan,nan,nan,nan,nan,nan,nan,nan,0.0,"[300, 300, 300, 300, 100]","[0.003150024422258279, 0.0, 0.0, 0.0018689050724371749, 0.005800215752318684]","[null, null, null, null, null]","[null, null, null, null, null]","[null, null, null, null, null]","[null, null, null, null, null]",,0.06111100292864382,0.0681318581538072,5.0,1.96
1a,10000,2730505,neural-fore,neural-main-oracle-bellman,-12.580357609851585,-12.501250372770324,-12.586673112426368,0.058878329817059843,-12.61665189921176,-12.385848846328887,1.0,0.006315502574782528,0.0854227396560443,0.7773485870117947,0.7773485870117947,0.08830232543648785,0.08206877564986426,0.026042170828171115,nan,nan,0.2727582233136803,9.60922503582736,29.486358946526302,6626.4683369169,nan,nan,nan,nan,nan,nan,nan,nan,nan,220.0,0.003103977238474138,23.780013641831466,8000.0,1.0,0.0,nan,nan,nan,nan,nan,nan,nan,nan,nan,nan,nan,nan,nan,nan,nan,nan,0.0,"[300, 100, 300, 300, 100]","[0.0, 0.008440623271326757, 0.00036508543077957257, 0.0, 0.006714177490264359]","[null, null, null, null, null]","[null, null, null, null, null]","[null, null, null, null, null]","[null, null, null, null, null]",,0.058878329817059843,0.060124775074879774,5.0,1.96
1a,10000,2740505,neural-fore,neural-main-oracle-bellman,-12.631821364188358,-12.572779880342026,-12.586673112426368,0.06003876791262618,-12.690455865450772,-12.455103895233279,1.0,-0.04514825176199011,0.013893232084342344,0.5728277221222935,0.5728277221222935,0.060142595007335695,0.05919480547754946,0.045041580937923695,nan,nan,0.26382787299472005,9.541075013067776,28.55296545515278,6673.339775190516,nan,nan,nan,nan,nan,nan,nan,nan,nan,260.0,0.006455299054867317,25.269832209008747,8000.0,1.0,0.0,nan,nan,nan,nan,nan,nan,nan,nan,nan,nan,nan,nan,nan,nan,nan,nan,0.0,"[300, 300, 300, 100, 300]","[0.002649978518326981, 0.002556535681925943, 0.006256128558969519, 0.01750517380850185, 0.0033086787066122867]","[null, null, null, null, null]","[null, null, null, null, null]","[null, null, null, null, null]","[null, null, null, null, null]",,0.06003876791262618,0.05490926428243896,5.0,1.96
1a,10000,2750505,neural-fore,neural-main-oracle-bellman,-12.690844754905365,-12.68346712052839,-12.586673112426368,0.06151608151407957,-12.804038640295985,-12.562895600760793,1.0,-0.10417164247899713,-0.09679400810202132,0.2982627426476928,0.2982627426476928,0.05034462284008843,0.04644502224250041,0.03178398617426499,nan,nan,0.2658790657537525,9.379581232797205,29.42132370766168,6520.444625435505,nan,nan,nan,nan,nan,nan,nan,nan,nan,260.0,0.0014534524291371796,25.634837816574144,8000.0,1.0,0.0,nan,nan,nan,nan,nan,nan,nan,nan,nan,nan,nan,nan,nan,nan,nan,nan,0.0,"[300, 300, 100, 300, 300]","[0.0026827656059541186, 0.0, 0.0033320415614486146, 0.0, 0.0012524549782831653]","[null, null, null, null, null]","[null, null, null, null, null]","[null, null, null, null, null]","[null, null, null, null, null]",,0.06151608151407957,0.03157344577877689,5.0,1.96
1a,10000,2760505,neural-fore,neural-main-oracle-bellman,-12.633693598900173,-12.614819632794212,-12.586673112426368,0.06077316690106351,-12.733935039920297,-12.495704225668128,1.0,-0.04702048647380508,-0.028146520367844374,0.36037863245311785,0.36037863245311785,0.052289300556893806,0.04863007359955791,0.02633489728104759,nan,nan,0.26232903140125746,9.509092942387205,28.820820819364325,6564.139685318649,nan,nan,nan,nan,nan,nan,nan,nan,nan,260.0,0.004351030645242142,26.72962469200138,8000.0,1.0,0.0,nan,nan,nan,nan,nan,nan,nan,nan,nan,nan,nan,nan,nan,nan,nan,nan,0.0,"[300, 300, 300, 300, 100]","[0.0, 0.0, 0.005459669857329343, 0.0, 0.01629548336888137]","[null, null, null, null, null]","[null, null, null, null, null]","[null, null, null, null, null]","[null, null, null, null, null]",,0.06077316690106351,0.05135161016426024,5.0,1.96
1a,10000,2770505,neural-fore,neural-main-oracle-bellman,-12.552175869274652,-12.535812010570591,-12.586673112426368,0.059502307018376326,-12.65243653232661,-12.419187488814574,1.0,0.03449724315171565,0.050861101855776525,0.8362360779839397,0.8362360779839397,0.10658332996085348,0.08830050298354636,0.033994286800119566,nan,nan,0.3146552374102849,9.531730533716578,28.83196530677444,6730.5945820707675,nan,nan,nan,nan,nan,nan,nan,nan,nan,180.0,0.004149249375065047,21.986553167016247,8000.0,1.0000000000000002,0.0,nan,nan,nan,nan,nan,nan,nan,nan,nan,nan,nan,nan,nan,nan,nan,nan,0.0,"[100, 300, 300, 100, 100]","[0.01010928370867067, 0.0007194311443732471, 0.0027972542533527553, 0.0056875296026797795, 0.0014327481662487912]","[null, null, null, null, null]","[null, null, null, null, null]","[null, null, null, null, null]","[null, null, null, null, null]",,0.059502307018376326,0.06857337739897669,5.0,1.96
1a,10000,2780505,neural-fore,neural-main-oracle-bellman,-12.543105170972776,-12.476118315556022,-12.586673112426368,0.05928540595541598,-12.592317711228636,-12.359918919883407,1.0,0.043567941453591885,0.1105547968703462,0.5185365767364477,0.5185365767364477,0.07052781206762548,0.06836923658297282,0.037792790031179385,nan,nan,0.31206998635120725,9.686511293330511,29.74023876947949,6610.488948366355,nan,nan,nan,nan,nan,nan,nan,nan,nan,220.0,0.003857687447739484,23.5208739837748,8000.0,1.0,0.0,nan,nan,nan,nan,nan,nan,nan,nan,nan,nan,nan,nan,nan,nan,nan,nan,0.0,"[100, 300, 300, 100, 300]","[0.002528365636585414, 0.009172886240706803, 0.0, 0.006123255386712751, 0.0014639299746924558]","[null, null, null, null, null]","[null, null, null, null, null]","[null, null, null, null, null]","[null, null, null, null, null]",,0.05928540595541598,0.03307574101120752,5.0,1.96
1a,10000,2790505,neural-fore,neural-main-oracle-bellman,-12.654396003102852,-12.748501562884949,-12.586673112426368,0.06436760680092793,-12.874662072214766,-12.62234105355513,0.0,-0.06772289067648352,-0.16182845045858052,0.3792000803868037,0.3792000803868037,0.05515628257017442,0.04987788301310705,0.03142652874839698,nan,nan,0.2844154007597969,9.235006554933125,30.42765170167996,6426.862526474434,nan,nan,nan,nan,nan,nan,nan,nan,nan,220.0,0.0031528512362460556,24.020681725209577,8000.0,1.0,0.0,nan,nan,nan,nan,nan,nan,nan,nan,nan,nan,nan,nan,nan,nan,nan,nan,0.0,"[300, 300, 100, 100, 300]","[0.0023682244782473696, 0.0034495307615424963, 0.0026115520780702404, 0.0073349488633701705, 0.0]","[null, null, null, null, null]","[null, null, null, null, null]","[null, null, null, null, null]","[null, null, null, null, null]",,0.06436760680092793,0.043071350024936596,5.0,1.96
1a,10000,2800505,neural-fore,neural-main-oracle-bellman,-12.617483859666205,-12.64102855320224,-12.586673112426368,0.06168025493717792,-12.761921852879109,-12.520135253525371,1.0,-0.0308107472398369,-0.054355440775871955,0.34194228268393034,0.34194228268393034,0.057141322561364484,0.044327926459108956,0.02171204817426892,nan,nan,0.2670618284735322,9.33624833375764,30.078064771709272,6531.074661625641,nan,nan,nan,nan,nan,nan,nan,nan,nan,220.0,0.001948088303444363,23.81013260920299,8000.0,1.0,0.0,nan,nan,nan,nan,nan,nan,nan,nan,nan,nan,nan,nan,nan,nan,nan,nan,0.0,"[300, 100, 100, 300, 300]","[0.001910286715189441, 0.004492739336644662, 0.0017446521424260668, 0.0, 0.0015927633229616458]","[null, null, null, null, null]","[null, null, null, null, null]","[null, null, null, null, null]","[null, null, null, null, null]",,0.06168025493717792,0.0546264022118067,5.0,1.96
1a,10000,2810505,neural-fore,neural-main-oracle-bellman,-12.637815492424695,-12.610183985861772,-12.586673112426368,0.062238652277500216,-12.732171744325672,-12.488196227397871,1.0,-0.051142379998326604,-0.023510873435403923,0.49305674599595195,0.49305674599595195,0.06905137658336638,0.06997301700903472,0.028746092285009402,nan,nan,0.2684969163758358,9.29551521208564,30.321991026936864,6496.530036455402,nan,nan,nan,nan,nan,nan,nan,nan,nan,220.0,0.004450527672515904,23.884377400181258,8000.0,1.0,0.0,nan,nan,nan,nan,nan,nan,nan,nan,nan,nan,nan,nan,nan,nan,nan,nan,0.0,"[300, 300, 300, 100, 100]","[0.0, 0.005700494692602613, 0.0, 0.008962518925573384, 0.007589624744403523]","[null, null, null, null, null]","[null, null, null, null, null]","[null, null, null, null, null]","[null, null, null, null, null]",,0.062238652277500216,0.05658795238784601,5.0,1.96
1a,10000,2820505,neural-fore,neural-main-oracle-bellman,-12.58348395881569,-12.58152546549888,-12.586673112426368,0.0614191898054366,-12.701907077517536,-12.461143853480223,1.0,0.00318915361067873,0.005147646927488481,0.42586416028541524,0.42586416028541524,0.04990705064076404,0.046750924440268536,0.028014587286620297,nan,nan,0.22229565433339124,9.663104551560341,29.32542257667407,6462.256351051158,nan,nan,nan,nan,nan,nan,nan,nan,nan,260.0,0.0060116116191158,25.14469363299431,8000.0,1.0,0.0,nan,nan,nan,nan,nan,nan,nan,nan,nan,nan,nan,nan,nan,nan,nan,nan,0.0,"[300, 300, 100, 300, 300]","[0.0068357573151631434, 0.0, 0.00863963565987733, 0.0019567948595092264, 0.012625870261029301]","[null, null, null, null, null]","[null, null, null, null, null]","[null, null, null, null, null]","[null, null, null, null, null]",,0.0614191898054366,0.10527099079572125,5.0,1.96
1a,10000,2830505,neural-fore,neural-main-oracle-bellman,-12.57745613564139,-12.533170143390478,-12.586673112426368,0.059480455549973145,-12.649751836268425,-12.416588450512531,1.0,0.00921697678497857,0.05350296903588969,0.32015392094018025,0.32015392094018025,0.06699378419893905,0.0629907837235043,0.03766216763153446,nan,nan,0.2263788728747037,9.398632392807777,29.221004534451097,6603.811625791904,nan,nan,nan,nan,nan,nan,nan,nan,nan,260.0,0.005150502834318366,25.025979283417108,8000.0,1.0000000000000002,0.0,nan,nan,nan,nan,nan,nan,nan,nan,nan,nan,nan,nan,nan,nan,nan,nan,0.0,"[300, 100, 300, 300, 300]","[0.0052386475560976435, 0.00820532357314015, 0.0012115572675158205, 0.0010348684348106911, 0.010062117340027522]","[null, null, null, null, null]","[null, null, null, null, null]","[null, null, null, null, null]","[null, null, null, null, null]",,0.059480455549973145,0.04842512365266577,5.0,1.96
1a,10000,2840505,neural-fore,neural-main-oracle-bellman,-12.610736952229079,-12.589918472980461,-12.586673112426368,0.061820728803909056,-12.711087101436123,-12.4687498445248,1.0,-0.024063839802710874,-0.0032453605540929686,0.4682368761523823,0.4682368761523823,0.08622187541647026,0.07474935935670564,0.031158008354693532,nan,nan,0.2914587364145991,9.532219746821667,28.876387304035003,6601.374277349381,nan,nan,nan,nan,nan,nan,nan,nan,nan,220.0,0.003332307048372638,23.89205709178932,8000.0,1.0,0.0,nan,nan,nan,nan,nan,nan,nan,nan,nan,nan,nan,nan,nan,nan,nan,nan,0.0,"[100, 100, 300, 300, 300]","[0.005753951290338556, 0.004308327235247013, 0.00014609873116279082, 0.0, 0.006453157985114832]","[null, null, null, null, null]","[null, null, null, null, null]","[null, null, null, null, null]","[null, null, null, null, null]",,0.061820728803909056,0.05940003234987434,5.0,1.96
1a,10000,2850505,neural-fore,neural-main-oracle-bellman,-12.56237885813094,-12.547516927319643,-12.586673112426368,0.05982703724788445,-12.664777920325497,-12.43025593431379,1.0,0.02429425429542853,0.039156185106724806,0.36077598752187534,0.36077598752187534,0.05817061899768282,0.05401636760795819,0.026948124412280245,nan,nan,0.3316996474110138,9.523165869358166,28.547381378420425,6712.280831617825,nan,nan,nan,nan,nan,nan,nan,nan,nan,140.0,0.007849899536088872,20.815828649816105,8000.0,1.0,0.0,nan,nan,nan,nan,nan,nan,nan,nan,nan,nan,nan,nan,nan,nan,nan,nan,0.0,"[100, 100, 300, 100, 100]","[0.011711107301557437, 0.010584016279705132, 0.004123692718153807, 0.00920845184799443, 0.0036222295330335537]","[null, null, null, null, null]","[null, null, null, null, null]","[null, null, null, null, null]","[null, null, null, null, null]",,0.05982703724788445,0.011537275577742315,5.0,1.96
1a,10000,2860505,neural-fore,neural-main-oracle-bellman,-12.6529369614433,-12.619061532992674,-12.586673112426368,0.06272682248212288,-12.742006105057635,-12.496116960927713,1.0,-0.0662638490169325,-0.03238842056630631,0.5619530305611243,0.5619530305611243,0.08878297538206463,0.06392832082833855,0.02441656300564032,nan,nan,0.2537685507884084,9.266878651157953,31.57427740213934,6398.337998669515,nan,nan,nan,nan,nan,nan,nan,nan,nan,260.0,0.004867669766789658,26.23226038359571,8000.0,1.0,0.0,nan,nan,nan,nan,nan,nan,nan,nan,nan,nan,nan,nan,nan,nan,nan,nan,0.0,"[300, 300, 100, 300, 300]","[0.0010071880855669392, 0.0020719470308133907, 0.01098366399870911, 0.010275549718858851, 0.0]","[null, null, null, null, null]","[null, null, null, null, null]","[null, null, null, null, null]","[null, null, null, null, null]",,0.06272682248212288,0.06752427881666342,5.0,1.96
1a,10000,2870505,neural-fore,neural-main-oracle-bellman,-12.654099340413127,-12.629016609910522,-12.586673112426368,0.0628347383505424,-12.752172697077585,-12.50586052274346,1.0,-0.06742622798675946,-0.04234349748415411,0.37329818810469556,0.37329818810469556,0.08074929785794087,0.07384727944270458,0.03080361742343313,nan,nan,0.3214235434065064,9.38995389200679,31.122473093846438,6532.022657815863,nan,nan,nan,nan,nan,nan,nan,nan,nan,220.0,0.0035686036334810324,23.396966566797346,8000.0,1.0,0.0,nan,nan,nan,nan,nan,nan,nan,nan,nan,nan,nan,nan,nan,nan,nan,nan,0.0,"[300, 100, 100, 300, 300]","[0.0, 0.00778501582630719, 0.006430362410638633, 0.0, 0.003627639930459339]","[null, null, null, null, null]","[null, null, null, null, null]","[null, null, null, null, null]","[null, null, null, null, null]",,0.0628347383505424,0.09189012285480781,5.0,1.96
1a,10000,2880505,neural-fore,neural-main-oracle-bellman,-12.5653819502892,-12.521498524931037,-12.586673112426368,0.05886398639738521,-12.63687193826991,-12.406125111592162,1.0,0.02129116213716742,0.06517458749533134,0.36571128180147044,0.36571128180147044,0.054391883133823295,0.05013954408074685,0.0319245250917227,nan,nan,0.2751274281075575,9.570508195064647,28.617563892922817,6686.277543624604,nan,nan,nan,nan,nan,nan,nan,nan,nan,260.0,0.0016221200551875838,25.437519399193114,8000.0,1.0,0.0,nan,nan,nan,nan,nan,nan,nan,nan,nan,nan,nan,nan,nan,nan,nan,nan,0.0,"[300, 300, 300, 100, 300]","[0.0022145963550309665, 0.0003275071217710593, 0.0, 0.0033476315216638955, 0.0022208652774719975]","[null, null, null, null, null]","[null, null, null, null, null]","[null, null, null, null, null]","[null, null, null, null, null]",,0.05886398639738521,0.04272290417972872,5.0,1.96
1a,10000,2890505,neural-fore,neural-main-oracle-bellman,-12.532108726385198,-12.515665926840883,-12.586673112426368,0.05995403799024239,-12.633175841301759,-12.398156012380008,1.0,0.054564386041169755,0.07100718558548458,0.3921842991600194,0.3921842991600194,0.054615695272019385,0.045181884224548795,0.036711866179075923,nan,nan,0.229959527228797,9.357763667226045,28.951996569180338,6575.163530692815,nan,nan,nan,nan,nan,nan,nan,nan,nan,300.0,0.0011615689973359853,27.454091316182165,8000.0,1.0,0.0,nan,nan,nan,nan,nan,nan,nan,nan,nan,nan,nan,nan,nan,nan,nan,nan,0.0,"[300, 300, 300, 300, 300]","[0.002554412422891031, 0.0017275506348284426, 0.0, 0.0, 0.0015258819289604528]","[null, null, null, null, null]","[null, null, null, null, null]","[null, null, null, null, null]","[null, null, null, null, null]",,0.05995403799024239,0.07106124241842567,5.0,1.96
1a,10000,2900505,neural-fore,neural-main-oracle-bellman,-12.627811056306806,-12.640411107791287,-12.586673112426368,0.061695480198277954,-12.761334248979912,-12.519487966602663,1.0,-0.04113794388043779,-0.0537379953649193,0.36567410825999025,0.36567410825999025,0.059832692024446854,0.054937448768422215,0.029019083385067496,nan,nan,0.2665219364308422,9.32854202055854,29.06742883799795,6525.42656433674,nan,nan,nan,nan,nan,nan,nan,nan,nan,220.0,0.0034738106423554673,23.50170734981075,8000.0,1.0,0.0,nan,nan,nan,nan,nan,nan,nan,nan,nan,nan,nan,nan,nan,nan,nan,nan,0.0,"[300, 100, 300, 100, 300]","[0.0005121969683450627, 0.007837655492417078, 0.001981203254085864, 0.006077177751963853, 0.00096081974496548]","[null, null, null, null, null]","[null, null, null, null, null]","[null, null, null, null, null]","[null, null, null, null, null]",,0.061695480198277954,0.04681984637302429,5.0,1.96
1a,10000,2910505,neural-fore,neural-main-oracle-bellman,-12.547876078083977,-12.598898493521155,-12.586673112426368,0.060790480817538656,-12.71804783592353,-12.47974915111878,1.0,0.0387970343423909,-0.01222538109478677,0.5787832170497117,0.5787832170497117,0.08428407053108447,0.08684009536225022,0.04437510917763445,nan,nan,0.2655931785019594,9.253336437057387,28.836748326523452,6567.81062593476,nan,nan,nan,nan,nan,nan,nan,nan,nan,220.0,0.00178686238396732,24.125408000405876,8000.0,1.0,0.0,nan,nan,nan,nan,nan,nan,nan,nan,nan,nan,nan,nan,nan,nan,nan,nan,0.0,"[300, 300, 100, 300, 100]","[0.0015127789956458691, 0.0, 0.005294275278450942, 0.0, 0.0021272576457397885]","[null, null, null, null, null]","[null, null, null, null, null]","[null, null, null, null, null]","[null, null, null, null, null]",,0.060790480817538656,0.0538118114644383,5.0,1.96
1a,10000,2920505,neural-fore,neural-main-oracle-bellman,-12.60804686918893,-12.632279528424869,-12.586673112426368,0.06146145577215913,-12.7527439817383,-12.511815075111437,1.0,-0.02137375676256248,-0.04560641599850079,0.5506846869783721,0.5506846869783721,0.08767158704001433,0.06781987058924258,0.028221658998267743,nan,nan,0.2495845902996155,9.439066331423554,30.111213752758573,6551.69601194511,nan,nan,nan,nan,nan,nan,nan,nan,nan,260.0,0.0025890555972605694,25.067364733398428,8000.0,1.0,0.0,nan,nan,nan,nan,nan,nan,nan,nan,nan,nan,nan,nan,nan,nan,nan,nan,0.0,"[300, 300, 300, 100, 300]","[0.0027991963520357854, 0.0, 0.004579938855655217, 0.0, 0.005566142778611845]","[null, null, null, null, null]","[null, null, null, null, null]","[null, null, null, null, null]","[null, null, null, null, null]",,0.06146145577215913,0.06355096303407237,5.0,1.96
1a,10000,2930505,neural-fore,neural-main-oracle-bellman,-12.650964321271168,-12.587408006537396,-12.586673112426368,0.06083741269761924,-12.70664933542473,-12.468166677650062,1.0,-0.0642912088448,-0.0007348941110283391,0.5337016314177919,0.5337016314177919,0.06893700834725408,0.05953216232955476,0.025514132372001296,nan,nan,0.29305700522305367,9.466901252079747,28.620867114328806,6631.22754240058,nan,nan,nan,nan,nan,nan,nan,nan,nan,220.0,0.002441933288977702,24.492681449395604,8000.0,1.0,0.0,nan,nan,nan,nan,nan,nan,nan,nan,nan,nan,nan,nan,nan,nan,nan,nan,0.0,"[300, 300, 100, 100, 300]","[0.0008413654989121415, 7.51246400522449e-05, 0.007786231455284965, 0.0035069448506391573, 0.0]","[null, null, null, null, null]","[null, null, null, null, null]","[null, null, null, null, null]","[null, null, null, null, null]",,0.06083741269761924,0.07919913541220644,5.0,1.96
1a,10000,2940505,neural-fore,neural-main-oracle-bellman,-12.596143585636185,-12.59275932833109,-12.586673112426368,0.060684052072140525,-12.711700070392485,-12.473818586269694,1.0,-0.009470473209816532,-0.00608621590472147,0.727136600391531,0.727136600391531,0.09678235992091326,0.07851822227449876,0.02865467679434401,nan,nan,0.27221865058369005,9.346993611942583,29.02909269447714,6624.116413986854,nan,nan,nan,nan,nan,nan,nan,nan,nan,220.0,0.003329132074309301,24.105261916981544,8000.0,1.0,0.0,nan,nan,nan,nan,nan,nan,nan,nan,nan,nan,nan,nan,nan,nan,nan,nan,0.0,"[300, 100, 300, 300, 100]","[0.002750563446238331, 0.005107196768503576, 0.0, 0.0026210915436286953, 0.006166808613175904]","[null, null, null, null, null]","[null, null, null, null, null]","[null, null, null, null, null]","[null, null, null, null, null]",,0.060684052072140525,0.04377818243532905,5.0,1.96
1a,10000,2950505,neural-fore,neural-main-oracle-bellman,-12.591143267395607,-12.5823093999296,-12.586673112426368,0.06196690287449889,-12.703764529563617,-12.460854270295581,1.0,-0.004470154969238749,0.004363712496768812,0.49419687096515846,0.49419687096515846,0.05972747167480841,0.05917155243405192,0.03732632887431911,nan,nan,0.4077661945825245,9.408651982920055,31.082268985509614,6573.288273750493,nan,nan,nan,nan,nan,nan,nan,nan,nan,180.0,0.005590041781488054,23.06729225818999,8000.0,1.0,0.0,nan,nan,nan,nan,nan,nan,nan,nan,nan,nan,nan,nan,nan,nan,nan,nan,0.0,"[100, 300, 100, 100, 300]","[0.0072131618748977975, 0.0, 0.013279344625611346, 0.007224846517228251, 0.0002328558897028823]","[null, null, null, null, null]","[null, null, null, null, null]","[null, null, null, null, null]","[null, null, null, null, null]",,0.06196690287449889,0.06754593544608159,5.0,1.96
1a,10000,2960505,neural-fore,neural-main-oracle-bellman,-12.60212597913677,-12.52163840238734,-12.586673112426368,0.05979975097274292,-12.638845914293917,-12.404430890480764,1.0,-0.015452866710402802,0.06503471003902739,0.4380245124268448,0.4380245124268448,0.07396868922968386,0.06885373756066725,0.03142446728664263,nan,nan,0.2534125882314688,9.49079480578349,28.558435980762184,6615.633886775957,nan,nan,nan,nan,nan,nan,nan,nan,nan,220.0,0.0032928972994646357,23.000989016634414,8000.0,1.0,0.0,nan,nan,nan,nan,nan,nan,nan,nan,nan,nan,nan,nan,nan,nan,nan,nan,0.0,"[100, 300, 300, 300, 100]","[0.009385232564923867, 0.0, 0.0, 0.004341277249171297, 0.002737976683228016]","[null, null, null, null, null]","[null, null, null, null, null]","[null, null, null, null, null]","[null, null, null, null, null]",,0.05979975097274292,0.09597933540297711,5.0,1.96
1a,10000,2970505,neural-fore,neural-main-oracle-bellman,-12.636133467362935,-12.661974323417828,-12.586673112426368,0.062090705660717845,-12.783672106512835,-12.540276540322822,1.0,-0.049460354936567086,-0.07530121099146037,0.39944082195707586,0.39944082195707586,0.06225791455700812,0.05864487927316967,0.033912925111559016,nan,nan,0.25770032771642365,9.31054884388808,30.230563851974587,6485.10430883434,nan,nan,nan,nan,nan,nan,nan,nan,nan,220.0,0.008268443922655187,23.129924367018976,8000.0,0.9999999999999998,0.0,nan,nan,nan,nan,nan,nan,nan,nan,nan,nan,nan,nan,nan,nan,nan,nan,0.0,"[300, 100, 100, 300, 300]","[0.009067614954776355, 0.0, 0.028077026214127096, 0.0, 0.004197578444372486]","[null, null, null, null, null]","[null, null, null, null, null]","[null, null, null, null, null]","[null, null, null, null, null]",,0.062090705660717845,0.0929641062532735,5.0,1.96
1a,10000,2980505,neural-fore,neural-main-oracle-bellman,-12.604811272102525,-12.612460590580454,-12.586673112426368,0.06092953846061852,-12.731882485963267,-12.493038695197642,1.0,-0.018138159676157173,-0.02578747815408633,0.39351599216950295,0.39351599216950295,0.0735666842172028,0.06436545258855814,0.02552686186897509,nan,nan,0.25984878069788997,9.710716844457416,29.741156642872173,6628.389397280141,nan,nan,nan,nan,nan,nan,nan,nan,nan,260.0,0.003351260930785445,25.297453824419062,8000.0,1.0,0.0,nan,nan,nan,nan,nan,nan,nan,nan,nan,nan,nan,nan,nan,nan,nan,nan,0.0,"[300, 300, 100, 300, 300]","[0.0, 0.0, 0.009666304584012596, 0.0003847275727867137, 0.0067052724971279135]","[null, null, null, null, null]","[null, null, null, null, null]","[null, null, null, null, null]","[null, null, null, null, null]",,0.06092953846061852,0.06307670056981915,5.0,1.96
1a,10000,2990505,neural-fore,neural-main-oracle-bellman,-12.652453010838613,-12.669040479729397,-12.586673112426368,0.06321966948379937,-12.792951031917644,-12.545129927541149,1.0,-0.06577989841224507,-0.08236736730302852,0.6663840905976715,0.6663840905976715,0.08956636144650457,0.06183275064380898,0.03496887731784948,nan,nan,0.34175718067028793,9.198122719216734,32.32969300720431,6447.981859229225,nan,nan,nan,nan,nan,nan,nan,nan,nan,140.0,0.006649302792524692,19.933152666606475,8000.0,1.0,0.0,nan,nan,nan,nan,nan,nan,nan,nan,nan,nan,nan,nan,nan,nan,nan,nan,0.0,"[100, 100, 100, 300, 100]","[0.0037684765522438364, 0.004396799109340582, 0.013592342011995774, 0.004148943707535176, 0.00733995258150809]","[null, null, null, null, null]","[null, null, null, null, null]","[null, null, null, null, null]","[null, null, null, null, null]",,0.06321966948379937,0.05604499103260021,5.0,1.96
1a,10000,3000505,neural-fore,neural-main-oracle-bellman,-12.567205284062645,-12.539900921383381,-12.586673112426368,0.05968263422649376,-12.656878884467309,-12.422922958299454,1.0,0.019467828363723072,0.04677219104298658,0.3666740365026039,0.3666740365026039,0.061130075173229756,0.051030938057287145,0.03224580040334601,nan,nan,0.2354595931267481,9.661926479889893,28.75544217408292,6594.145011638811,nan,nan,nan,nan,nan,nan,nan,nan,nan,260.0,0.006977997661047256,25.741981158591805,8000.0,1.0,0.0,nan,nan,nan,nan,nan,nan,nan,nan,nan,nan,nan,nan,nan,nan,nan,nan,0.0,"[300, 300, 300, 300, 100]","[0.0, 0.002911323806650834, 0.003446975571431753, 0.0, 0.02853168892715369]","[null, null, null, null, null]","[null, null, null, null, null]","[null, null, null, null, null]","[null, null, null, null, null]",,0.05968263422649376,0.037435457194826806,5.0,1.96
1a,10000,3010505,neural-fore,neural-main-oracle-bellman,-12.541335117576258,-12.507461092180074,-12.586673112426368,0.058741483395778206,-12.6225943996358,-12.39232778472435,1.0,0.04533799485010981,0.07921202024629359,0.4663043341059142,0.4663043341059142,0.0639308575787944,0.05544273489583586,0.03662044831158374,nan,nan,0.21604300781656915,9.809053749617572,29.43558671904566,6663.207358485885,nan,nan,nan,nan,nan,nan,nan,nan,nan,300.0,0.0015856566318800478,28.07273660840001,8000.0,1.0,0.0,nan,nan,nan,nan,nan,nan,nan,nan,nan,nan,nan,nan,nan,nan,nan,nan,0.0,"[300, 300, 300, 300, 300]","[0.00596985659327469, 0.0, 0.0, 0.0, 0.001958426566125549]","[null, null, null, null, null]","[null, null, null, null, null]","[null, null, null, null, null]","[null, null, null, null, null]",,0.058741483395778206,0.05981457560432092,5.0,1.96
1a,10000,3020505,neural-fore,neural-main-oracle-bellman,-12.65694678070804,-12.584402967045463,-12.586673112426368,0.05972296858691269,-12.701459985475813,-12.467345948615113,1.0,-0.07027366828167203,0.0022701453809048644,0.4662824564367968,0.4662824564367968,0.08849482559220313,0.0736412784669078,0.02958719682882424,nan,nan,0.21800355429663645,9.653840197773738,28.99364471217085,6580.691389292531,nan,nan,nan,nan,nan,nan,nan,nan,nan,300.0,0.0012186170737997542,28.091310550016352,8000.0,1.0,0.0,nan,nan,nan,nan,nan,nan,nan,nan,nan,nan,nan,nan,nan,nan,nan,nan,0.0,"[300, 300, 300, 300, 300]","[0.0, 0.0, 0.0, 0.0010122522504284236, 0.005080833118570348]","[null, null, null, null, null]","[null, null, null, null, null]","[null, null, null, null, null]","[null, null, null, null, null]",,0.05972296858691269,0.056267296007988084,5.0,1.96
1a,10000,3030505,neural-fore,neural-main-oracle-bellman,-12.636747722165932,-12.583499653254874,-12.586673112426368,0.06002359689934813,-12.701145903177597,-12.46585340333215,1.0,-0.050074609739564124,0.003173459171494031,0.35926289902346464,0.35926289902346464,0.06621375828331896,0.06099012022908832,0.039737709938123866,nan,nan,0.23452511857507255,9.512693511229656,28.028966036655493,6600.137617677282,nan,nan,nan,nan,nan,nan,nan,nan,nan,260.0,0.002381467692384708,26.244893933401908,8000.0,1.0,0.0,nan,nan,nan,nan,nan,nan,nan,nan,nan,nan,nan,nan,nan,nan,nan,nan,0.0,"[300, 300, 300, 100, 300]","[0.0, 0.0010331838964977704, 0.0006828809611046497, 0.006989683429027209, 0.0032015901752939124]","[null, null, null, null, null]","[null, null, null, null, null]","[null, null, null, null, null]","[null, null, null, null, null]",,0.06002359689934813,0.03797871413730286,5.0,1.96
1a,10000,3040505,neural-fore,neural-main-oracle-bellman,-12.56942385818157,-12.593464638558324,-12.586673112426368,0.06011334182823354,-12.711286788541662,-12.475642488574985,1.0,0.017249254244797285,-0.00679152613195555,0.5090416520355395,0.5090416520355395,0.07596747130327255,0.06949730274061942,0.03298005925342526,nan,nan,0.4014399452616417,9.514029046988856,28.094344995183214,6714.324512621192,nan,nan,nan,nan,nan,nan,nan,nan,nan,140.0,0.003428574256706964,19.431044858426322,8000.0,1.0,0.0,nan,nan,nan,nan,nan,nan,nan,nan,nan,nan,nan,nan,nan,nan,nan,nan,0.0,"[100, 100, 300, 100, 100]","[0.005023699435986346, 0.003658029766699574, 0.0020875086703178386, 0.004630550956223391, 0.0017430824543076694]","[null, null, null, null, null]","[null, null, null, null, null]","[null, null, null, null, null]","[null, null, null, null, null]",,0.06011334182823354,0.08033069093867068,5.0,1.96
1a,10000,3050505,neural-fore,neural-main-oracle-bellman,-12.523736195651143,-12.525888531809354,-12.586673112426368,0.06066935373416824,-12.644800465128323,-12.406976598490385,1.0,0.06293691677522517,0.06078458061701397,0.40102110916545974,0.40102110916545974,0.06531477549466107,0.06196310854503112,0.03119073066777313,nan,nan,0.29533322648295435,9.375989445438961,28.80464335397084,6585.175314472989,nan,nan,nan,nan,nan,nan,nan,nan,nan,260.0,0.001868125457307214,25.6425586997997,8000.0,1.0,0.0,nan,nan,nan,nan,nan,nan,nan,nan,nan,nan,nan,nan,nan,nan,nan,nan,0.0,"[300, 300, 300, 100, 300]","[3.3976466116180316e-05, 0.005799603472387142, 0.0003909709637532894, 0.0031160763842794587, 0.0]","[null, null, null, null, null]","[null, null, null, null, null]","[null, null, null, null, null]","[null, null, null, null, null]",,0.06066935373416824,0.09575591004313465,5.0,1.96
1a,10000,3060505,neural-fore,neural-main-oracle-bellman,-12.537543879831825,-12.533513875186104,-12.586673112426368,0.059026146688112215,-12.649205122694804,-12.417822627677404,1.0,0.04912923259454338,0.053159237240263835,0.47569199552441005,0.47569199552441005,0.06350071261547027,0.05820387693088667,0.0376035931980767,nan,nan,0.3191257396123101,9.51280489019877,28.60260848181721,6683.24583766228,nan,nan,nan,nan,nan,nan,nan,nan,nan,180.0,0.004438988363595637,23.378921441803687,8000.0,1.0,0.0,nan,nan,nan,nan,nan,nan,nan,nan,nan,nan,nan,nan,nan,nan,nan,nan,0.0,"[300, 100, 300, 100, 100]","[0.0, 0.007225878679833752, 0.004277942541267263, 0.00669714862343023, 0.003993971973446939]","[null, null, null, null, null]","[null, null, null, null, null]","[null, null, null, null, null]","[null, null, null, null, null]",,0.059026146688112215,0.039588520573373163,5.0,1.96
1a,10000,3070505,neural-fore,neural-main-oracle-bellman,-12.669484493668582,-12.677755542931042,-12.586673112426368,0.06396189584766132,-12.803120858792457,-12.552390227069626,1.0,-0.08281138124221421,-0.0910824305046738,0.44731684872198557,0.44731684872198557,0.08780170532025686,0.08653535851371225,0.030161511270881868,nan,nan,0.2917311231175472,9.241627564998137,30.693596160910378,6413.7322464212375,nan,nan,nan,nan,nan,nan,nan,nan,nan,220.0,0.0009277842933382901,23.3556197753991,8000.0,1.0,0.0,nan,nan,nan,nan,nan,nan,nan,nan,nan,nan,nan,nan,nan,nan,nan,nan,0.0,"[300, 300, 100, 300, 100]","[0.0, 0.0, 0.002017944430159106, 0.0, 0.002620977036532345]","[null, null, null, null, null]","[null, null, null, null, null]","[null, null, null, null, null]","[null, null, null, null, null]",,0.06396189584766132,0.052907061880080444,5.0,1.96
1a,10000,3080505,neural-fore,neural-main-oracle-bellman,-12.536130670251305,-12.543768875755486,-12.586673112426368,0.05945074148210314,-12.660292329060407,-12.427245422450564,1.0,0.050542442175062874,0.04290423667088206,0.5943020265152721,0.5943020265152721,0.06454545394812114,0.06272096311162154,0.03425711834187115,nan,nan,0.21368279224140632,9.700275347507008,28.677608367678648,6659.935494493829,nan,nan,nan,nan,nan,nan,nan,nan,nan,260.0,0.0024331959672043916,26.35219645858742,8000.0,1.0,0.0,nan,nan,nan,nan,nan,nan,nan,nan,nan,nan,nan,nan,nan,nan,nan,nan,0.0,"[300, 300, 300, 100, 300]","[0.00022982267216841215, 0.0, 0.0024627434698164395, 0.005020565171407796, 0.00445284852262931]","[null, null, null, null, null]","[null, null, null, null, null]","[null, null, null, null, null]","[null, null, null, null, null]",,0.05945074148210314,0.035718738079921354,5.0,1.96
1a,10000,3090505,neural-fore,neural-main-oracle-bellman,-12.615741541940567,-12.578118774581768,-12.586673112426368,0.06038761940131518,-12.696478508608346,-12.45975904055519,1.0,-0.029068429514198968,0.008554337844600468,0.33230708744690074,0.33230708744690074,0.058629598596815005,0.054998562958779584,0.02813759793855055,nan,nan,0.3288662891380313,9.530472168582618,28.636816988263245,6616.54493580594,nan,nan,nan,nan,nan,nan,nan,nan,nan,220.0,0.0036730524890466625,24.725264016375878,8000.0,1.0,0.0,nan,nan,nan,nan,nan,nan,nan,nan,nan,nan,nan,nan,nan,nan,nan,nan,0.0,"[100, 300, 300, 100, 300]","[0.005961739369135218, 0.000874331336225065, 0.0032008556308378306, 0.005522470513580137, 0.00280586559545506]","[null, null, null, null, null]","[null, null, null, null, null]","[null, null, null, null, null]","[null, null, null, null, null]",,0.06038761940131518,0.035828665887083576,5.0,1.96
1a,10000,3100505,neural-fore,neural-main-oracle-bellman,-12.573402540062006,-12.53707259511405,-12.586673112426368,0.06047015081904991,-12.655594090719388,-12.418551099508713,1.0,0.013270572364362465,0.049600517312317294,0.40921870121406806,0.40921870121406806,0.09972946793151923,0.08039174088318275,0.032708910585219846,nan,nan,0.3352304778797678,9.462192672924122,29.452385691466606,6598.8755794676545,nan,nan,nan,nan,nan,nan,nan,nan,nan,260.0,0.001312508312846362,25.271505074948074,8000.0,1.0,0.0,nan,nan,nan,nan,nan,nan,nan,nan,nan,nan,nan,nan,nan,nan,nan,nan,0.0,"[100, 300, 300, 300, 300]","[0.0065625415642318104, 0.0, 0.0, 0.0, 0.0]","[null, null, null, null, null]","[null, null, null, null, null]","[null, null, null, null, null]","[null, null, null, null, null]",,0.06047015081904991,0.07408123802714484,5.0,1.96
1a,10000,3110505,neural-fore,neural-main-oracle-bellman,-12.651185665352351,-12.624625522203134,-12.586673112426368,0.06062884301963435,-12.743458054521618,-12.50579298988465,1.0,-0.0645125529259829,-0.03795240977676606,0.6266390977971316,0.6266390977971316,0.0799496164785033,0.06528634609495834,0.03494100951594692,nan,nan,0.2646806795761586,9.633753075624522,28.21888634844047,6561.997719345084,nan,nan,nan,nan,nan,nan,nan,nan,nan,220.0,0.00314850607665322,25.516736300219783,8000.0,1.0,0.0,nan,nan,nan,nan,nan,nan,nan,nan,nan,nan,nan,nan,nan,nan,nan,nan,0.0,"[300, 300, 100, 100, 300]","[0.0, 0.0022596124750922687, 0.007437319999462905, 0.006045597908710926, 0.0]","[null, null, null, null, null]","[null, null, null, null, null]","[null, null, null, null, null]","[null, null, null, null, null]",,0.06062884301963435,0.06105335915716288,5.0,1.96
1a,10000,3120505,neural-fore,neural-main-oracle-bellman,-12.602328183974027,-12.551336681228532,-12.586673112426368,0.05963331360603803,-12.668217975896367,-12.434455386560698,1.0,-0.015655071547659105,0.035336431197835694,0.4496549735621853,0.4496549735621853,0.052080916138354125,0.04699514388926239,0.038894482366840566,nan,nan,0.27401679502352794,9.641924949771713,28.160363836176703,6664.1005789380715,nan,nan,nan,nan,nan,nan,nan,nan,nan,220.0,0.003574206968871952,24.662433508597314,8000.0,1.0,0.0,nan,nan,nan,nan,nan,nan,nan,nan,nan,nan,nan,nan,nan,nan,nan,nan,0.0,"[300, 100, 100, 300, 300]","[0.0014493556839594156, 0.006250670226172358, 0.005096467234268983, 0.0, 0.005074541699959004]","[null, null, null, null, null]","[null, null, null, null, null]","[null, null, null, null, null]","[null, null, null, null, null]",,0.05963331360603803,0.04812922951386877,5.0,1.96
1a,10000,3130505,neural-fore,neural-main-oracle-bellman,-12.58561739919729,-12.593080291351878,-12.586673112426368,0.06109122425363666,-12.712819090889006,-12.47334149181475,1.0,0.001055713229078492,-0.006407178925510237,0.2923646861118974,0.2923646861118974,0.04987515193234114,0.04186708378144782,0.031084912314294017,nan,nan,0.29965516428889805,9.562933345796129,31.274066356555007,6519.888175863704,nan,nan,nan,nan,nan,nan,nan,nan,nan,260.0,0.0015716797090324368,27.405226708599365,8000.0,1.0,0.0,nan,nan,nan,nan,nan,nan,nan,nan,nan,nan,nan,nan,nan,nan,nan,nan,0.0,"[300, 300, 300, 100, 300]","[0.001055705730766048, 0.0, 0.002112507383963963, 0.0015340849003983954, 0.0031561005300337775]","[null, null, null, null, null]","[null, null, null, null, null]","[null, null, null, null, null]","[null, null, null, null, null]",,0.06109122425363666,0.09175720644343238,5.0,1.96
1a,10000,3140505,neural-fore,neural-main-oracle-bellman,-12.575724724730094,-12.549925758540555,-12.586673112426368,0.06038588496681352,-12.66828209307551,-12.4315694240056,1.0,0.010948387696274153,0.03674735388581318,0.5864372607018102,0.5864372607018102,0.07650333611223645,0.06933703115229065,0.036405923012106704,nan,nan,0.29364030824373355,9.638387410120988,29.535542894133467,6659.516448922734,nan,nan,nan,nan,nan,nan,nan,nan,nan,260.0,0.0019627747446985615,27.548460266611073,8000.0,1.0,0.0,nan,nan,nan,nan,nan,nan,nan,nan,nan,nan,nan,nan,nan,nan,nan,nan,0.0,"[300, 300, 100, 300, 300]","[0.002502827230723393, 0.0, 0.00532604960493649, 0.0, 0.001984996887832924]","[null, null, null, null, null]","[null, null, null, null, null]","[null, null, null, null, null]","[null, null, null, null, null]",,0.06038588496681352,0.044293889861497654,5.0,1.96
1a,10000,3150505,neural-fore,neural-main-oracle-bellman,-12.55926405512388,-12.500546651311755,-12.586673112426368,0.059614603864520214,-12.617391274886215,-12.383702027737295,1.0,0.02740905730248855,0.0861264611146133,0.38932208893947784,0.38932208893947784,0.055263555641451856,0.05083821247429077,0.027412754047331372,nan,nan,0.2926404937248265,9.61866627884704,28.528427852577106,6696.555215502912,nan,nan,nan,nan,nan,nan,nan,nan,nan,220.0,0.0025230917845884674,25.400000632577576,8000.0,1.0000000000000002,0.0,nan,nan,nan,nan,nan,nan,nan,nan,nan,nan,nan,nan,nan,nan,nan,nan,0.0,"[300, 300, 100, 100, 300]","[8.725330110056134e-07, 2.233563557501911e-05, 0.005068811319294945, 0.0062267830679647845, 0.0012966563670965825]","[null, null, null, null, null]","[null, null, null, null, null]","[null, null, null, null, null]","[null, null, null, null, null]",,0.059614603864520214,0.020140351092463073,5.0,1.96
1a,10000,3160505,neural-fore,neural-main-oracle-bellman,-12.580318689963521,-12.567967068128562,-12.586673112426368,0.06073261916322172,-12.687003001688476,-12.448931134568648,1.0,0.006354422462846898,0.0187060442978062,0.39791068947298586,0.39791068947298586,0.05505544412160011,0.04881695949466908,0.030052081355276872,nan,nan,0.29837472703144613,9.360358021493447,29.727428029509444,6567.2287687004855,nan,nan,nan,nan,nan,nan,nan,nan,nan,220.0,0.003997357936039626,23.967306324990933,8000.0,1.0,0.0,nan,nan,nan,nan,nan,nan,nan,nan,nan,nan,nan,nan,nan,nan,nan,nan,0.0,"[100, 300, 100, 300, 300]","[0.008996663723890984, 0.0011742936676899754, 0.00758864472241219, 0.002168982129735655, 5.8205436469325745e-05]","[null, null, null, null, null]","[null, null, null, null, null]","[null, null, null, null, null]","[null, null, null, null, null]",,0.06073261916322172,0.09436364224555749,5.0,1.96
1a,10000,3170505,neural-fore,neural-main-oracle-bellman,-12.569948417071675,-12.530352149436744,-12.586673112426368,0.05940454305111838,-12.646785053816936,-12.413919245056553,1.0,0.016724695354692898,0.056320962989623524,0.2952057800363823,0.2952057800363823,0.069167952408112,0.06754486290078106,0.046469841807744564,nan,nan,0.2725779309593842,9.677387528227651,28.212459046806742,6666.3750567353945,nan,nan,nan,nan,nan,nan,nan,nan,nan,220.0,0.007524406047207092,23.7624543998274,8000.0,1.0,0.0,nan,nan,nan,nan,nan,nan,nan,nan,nan,nan,nan,nan,nan,nan,nan,nan,0.0,"[300, 300, 300, 100, 100]","[0.013464981110428632, 0.00038268542893865804, 0.0, 0.005531740210718282, 0.01824262348594989]","[null, null, null, null, null]","[null, null, null, null, null]","[null, null, null, null, null]","[null, null, null, null, null]",,0.05940454305111838,0.07590215200436702,5.0,1.96
1a,10000,3180505,neural-fore,neural-main-oracle-bellman,-12.621934198960005,-12.607783347900872,-12.586673112426368,0.06111944832059642,-12.72757746660924,-12.487989229192504,1.0,-0.035261086533637354,-0.02111023547450408,0.2814383764794871,0.2814383764794871,0.06553125438532859,0.06355681914594212,0.03741116230211617,nan,nan,0.23536499412074358,9.632690696982927,28.75720196405623,6593.492346324905,nan,nan,nan,nan,nan,nan,nan,nan,nan,300.0,0.0035328929307599797,26.002625366847496,8000.0,1.0,0.0,nan,nan,nan,nan,nan,nan,nan,nan,nan,nan,nan,nan,nan,nan,nan,nan,0.0,"[300, 300, 300, 300, 300]","[0.002903231680545559, 0.0, 0.00636080327656504, 0.0, 0.008400429696689297]","[null, null, null, null, null]","[null, null, null, null, null]","[null, null, null, null, null]","[null, null, null, null, null]",,0.06111944832059642,0.04641012153735563,5.0,1.96
1a,10000,3190505,neural-fore,neural-main-oracle-bellman,-12.63689055027915,-12.647611482069928,-12.586673112426368,0.06311777196272367,-12.771322315116867,-12.52390064902299,1.0,-0.050217437852781543,-0.060938369643560364,0.5000312225404258,0.5000312225404258,0.06649415471190731,0.06366495028799249,0.03305221891802283,nan,nan,0.26166697325656185,9.20023439952553,29.857400428178373,6459.773189144183,nan,nan,nan,nan,nan,nan,nan,nan,nan,220.0,0.005944436812680139,25.373688992031383,8000.0,1.0,0.0,nan,nan,nan,nan,nan,nan,nan,nan,nan,nan,nan,nan,nan,nan,nan,nan,0.0,"[300, 300, 100, 300, 100]","[0.0, 0.0, 0.009345877218294375, 0.0, 0.020376306845106322]","[null, null, null, null, null]","[null, null, null, null, null]","[null, null, null, null, null]","[null, null, null, null, null]",,0.06311777196272367,0.07773485074159676,5.0,1.96
1a,10000,3200505,neural-fore,neural-main-oracle-bellman,-12.581084719190002,-12.580421919996398,-12.586673112426368,0.059891324527677495,-12.697808916070647,-12.46303492392215,1.0,0.005588393236365619,0.006251192429969521,0.36028427655888134,0.36028427655888134,0.048305856742243344,0.04108962532739306,0.027333416650385148,nan,nan,0.257252065110129,9.611350471828535,30.434245743522776,6654.612573798973,nan,nan,nan,nan,nan,nan,nan,nan,nan,220.0,0.003410481172338691,24.300611783622298,8000.0,1.0,0.0,nan,nan,nan,nan,nan,nan,nan,nan,nan,nan,nan,nan,nan,nan,nan,nan,0.0,"[100, 300, 100, 300, 300]","[0.0006668121849798836, 0.0061190038752704885, 0.010266589801443083, 0.0, 0.0]","[null, null, null, null, null]","[null, null, null, null, null]","[null, null, null, null, null]","[null, null, null, null, null]",,0.059891324527677495,0.06295598583374222,5.0,1.96
1a,10000,3210505,neural-fore,neural-main-oracle-bellman,-12.6578562011826,-12.659432527837513,-12.586673112426368,0.06184512996957691,-12.780648982577883,-12.538216073097143,1.0,-0.07118308875623214,-0.07275941541114506,0.6597338306803732,0.6597338306803732,0.08541120562059779,0.07565560096185592,0.0430709923546553,nan,nan,0.2234029051541538,9.528802538055903,28.84404491284404,6568.079805876443,nan,nan,nan,nan,nan,nan,nan,nan,nan,260.0,0.0022271421109601825,25.297304125176744,8000.0,1.0,0.0,nan,nan,nan,nan,nan,nan,nan,nan,nan,nan,nan,nan,nan,nan,nan,nan,0.0,"[300, 100, 300, 300, 300]","[0.0015693867089467042, 0.004042489271017863, 0.0029493237518078003, 0.0, 0.002574510823028546]","[null, null, null, null, null]","[null, null, null, null, null]","[null, null, null, null, null]","[null, null, null, null, null]",,0.06184512996957691,0.06801654516699354,5.0,1.96
1a,10000,3220505,neural-fore,neural-main-oracle-bellman,-12.526107713677591,-12.495639151763829,-12.586673112426368,0.05973132747876841,-12.612712553622215,-12.378565749905443,1.0,0.060565398748776644,0.09103396066253922,0.31344796668840047,0.31344796668840047,0.07804970747186155,0.06390213807915178,0.032432268369814624,nan,nan,0.28429480352241754,9.502966290570171,29.770070722823974,6623.58133514589,nan,nan,nan,nan,nan,nan,nan,nan,nan,300.0,0.0011591036715574168,27.815653741208372,8000.0,1.0,0.0,nan,nan,nan,nan,nan,nan,nan,nan,nan,nan,nan,nan,nan,nan,nan,nan,0.0,"[300, 300, 300, 300, 300]","[0.0, 0.0, 0.005795518357787083, 0.0, 0.0]","[null, null, null, null, null]","[null, null, null, null, null]","[null, null, null, null, null]","[null, null, null, null, null]",,0.05973132747876841,0.06084563522410117,5.0,1.96
1a,10000,3230505,neural-fore,neural-main-oracle-bellman,-12.567998709698909,-12.585970703771325,-12.586673112426368,0.06228404858959115,-12.708047439006924,-12.463893968535727,1.0,0.01867440272745924,0.0007024086550426745,0.3345230697513833,0.3345230697513833,0.05049264628845216,0.04254734699925468,0.03954924298151829,nan,nan,0.2955727984353707,9.26046066644496,31.135663593462084,6458.3157281669355,nan,nan,nan,nan,nan,nan,nan,nan,nan,220.0,0.002708234080437253,25.13747756682569,8000.0,1.0,0.0,nan,nan,nan,nan,nan,nan,nan,nan,nan,nan,nan,nan,nan,nan,nan,nan,0.0,"[300, 100, 300, 100, 300]","[0.0029891318082880237, 0.0054461909246037625, 0.0, 0.005105847669294479, 0.0]","[null, null, null, null, null]","[null, null, null, null, null]","[null, null, null, null, null]","[null, null, null, null, null]",,0.06228404858959115,0.0976425609083943,5.0,1.96
1a,10000,3240505,neural-fore,neural-main-oracle-bellman,-12.690074918211653,-12.625057613749645,-12.586673112426368,0.06170343357383576,-12.745996343554364,-12.504118883944926,1.0,-0.10340180578528546,-0.038384501323276865,0.5182034851513005,0.5182034851513005,0.07012020998039882,0.0658905580548164,0.03176483491073846,nan,nan,0.23364418242172508,9.55530344359953,29.257420892045236,6537.874996413748,nan,nan,nan,nan,nan,nan,nan,nan,nan,260.0,0.003705410658212658,26.070143983210436,8000.0,1.0,0.0,nan,nan,nan,nan,nan,nan,nan,nan,nan,nan,nan,nan,nan,nan,nan,nan,0.0,"[300, 300, 300, 300, 100]","[0.0, 0.0, 0.007735243889430511, 0.005496080148293006, 0.005295729253339773]","[null, null, null, null, null]","[null, null, null, null, null]","[null, null, null, null, null]","[null, null, null, null, null]",,0.06170343357383576,0.08191231161323169,5.0,1.96
1a,10000,3250505,neural-fore,neural-main-oracle-bellman,-12.58856561576767,-12.582716288615682,-12.586673112426368,0.06034892108641821,-12.701000173945062,-12.464432403286303,1.0,-0.0018925033413026426,0.003956823810685961,0.3327124318245013,0.3327124318245013,0.05899136924162442,0.053476440211612256,0.02976932050211766,nan,nan,0.2991074403609404,9.351313037803644,30.692300011741928,6581.033000456026,nan,nan,nan,nan,nan,nan,nan,nan,nan,220.0,0.0035258737574788666,24.811541316995864,8000.0,1.0,0.0,nan,nan,nan,nan,nan,nan,nan,nan,nan,nan,nan,nan,nan,nan,nan,nan,0.0,"[300, 100, 100, 300, 300]","[0.0016800955145009227, 0.006671671130032264, 0.006142273811142455, 0.0, 0.0031353283317186904]","[null, null, null, null, null]","[null, null, null, null, null]","[null, null, null, null, null]","[null, null, null, null, null]",,0.06034892108641821,0.06212220623513745,5.0,1.96
1a,10000,3260505,neural-fore,neural-main-oracle-bellman,-12.524396748873432,-12.494755619427664,-12.586673112426368,0.060023956277676246,-12.61240257373191,-12.37710866512342,1.0,0.062276363552935976,0.09191749299870366,0.4481499257047571,0.4481499257047571,0.09282933995482781,0.09448070155865161,0.033568699178631575,nan,nan,0.2325430808680818,9.583099246872852,29.621296817404293,6653.223091343337,nan,nan,nan,nan,nan,nan,nan,nan,nan,260.0,1.2089023201898941e-05,25.292696200392676,8000.0,1.0,0.0,nan,nan,nan,nan,nan,nan,nan,nan,nan,nan,nan,nan,nan,nan,nan,nan,0.0,"[100, 300, 300, 300, 300]","[6.04451160094947e-05, 0.0, 0.0, 0.0, 0.0]","[null, null, null, null, null]","[null, null, null, null, null]","[null, null, null, null, null]","[null, null, null, null, null]",,0.060023956277676246,0.08388057706399948,5.0,1.96
1a,10000,3270505,neural-fore,neural-main-oracle-bellman,-12.638138125537607,-12.600306647330301,-12.586673112426368,0.061812948186704915,-12.721460025776242,-12.47915326888436,1.0,-0.05146501311123863,-0.013633534903933153,0.30777287131636033,0.30777287131636033,0.06365768510696171,0.060987875026004536,0.041084920397704464,nan,nan,0.23472340008941045,9.478704175079065,30.29238519192794,6477.4337597205995,nan,nan,nan,nan,nan,nan,nan,nan,nan,260.0,0.002851363741647853,26.00631898298161,8000.0,1.0,0.0,nan,nan,nan,nan,nan,nan,nan,nan,nan,nan,nan,nan,nan,nan,nan,nan,0.0,"[100, 300, 300, 300, 300]","[0.009048969922302858, 0.00031458641226160067, 0.0, 0.000621150850227481, 0.004272111523447326]","[null, null, null, null, null]","[null, null, null, null, null]","[null, null, null, null, null]","[null, null, null, null, null]",,0.061812948186704915,0.0514664109151793,5.0,1.96
1a,10000,3280505,neural-fore,neural-main-oracle-bellman,-12.582399130238077,-12.533639108643213,-12.586673112426368,0.05997788922112274,-12.651195771516614,-12.416082445769812,1.0,0.004273982188291114,0.05303400378315537,0.28269855934212085,0.28269855934212085,0.0605237076094272,0.05586903503661859,0.034703715311528376,nan,nan,0.2995674462935515,9.444124790520306,28.379480667257745,6625.725576070546,nan,nan,nan,nan,nan,nan,nan,nan,nan,180.0,0.00409547499503196,23.74485036660917,8000.0,1.0,0.0,nan,nan,nan,nan,nan,nan,nan,nan,nan,nan,nan,nan,nan,nan,nan,nan,0.0,"[100, 300, 300, 100, 100]","[0.0025064532894532336, 0.005895631131083768, 0.004272674161681511, 0.0006958550959183508, 0.007106761297022933]","[null, null, null, null, null]","[null, null, null, null, null]","[null, null, null, null, null]","[null, null, null, null, null]",,0.05997788922112274,0.04759308286127831,5.0,1.96
1a,10000,3290505,neural-fore,neural-main-oracle-bellman,-12.54136497395931,-12.554693261988248,-12.586673112426368,0.05970641672300315,-12.671717838765334,-12.437668685211163,1.0,0.04530813846705861,0.031979850438119684,0.48999647079286646,0.48999647079286646,0.07902819811579129,0.05500981145693816,0.03407748289093469,nan,nan,0.34788280671651345,9.548091698547502,29.523477697243944,6665.427514132964,nan,nan,nan,nan,nan,nan,nan,nan,nan,220.0,0.005659612865866482,24.692380400013644,8000.0,1.0,0.0,nan,nan,nan,nan,nan,nan,nan,nan,nan,nan,nan,nan,nan,nan,nan,nan,0.0,"[300, 100, 300, 100, 300]","[0.0004662252244401388, 0.008590536115876497, 0.010234814171825025, 0.009006488817190753, 0.0]","[null, null, null, null, null]","[null, null, null, null, null]","[null, null, null, null, null]","[null, null, null, null, null]",,0.05970641672300315,0.046430222838008656,5.0,1.96
1a,10000,3300505,neural-fore,neural-main-oracle-bellman,-12.515694802201473,-12.5004642339131,-12.586673112426368,0.059838837347898896,-12.617748355114982,-12.383180112711218,1.0,0.07097831022489487,0.08620887851326842,0.45071145835503446,0.45071145835503446,0.07724887107696782,0.06083232397334763,0.028462425388060042,nan,nan,0.3365199792840094,9.474117491133512,30.295674884644587,6617.6324699500665,nan,nan,nan,nan,nan,nan,nan,nan,nan,220.0,0.0007127990438503023,23.556037374981678,8000.0,1.0,0.0,nan,nan,nan,nan,nan,nan,nan,nan,nan,nan,nan,nan,nan,nan,nan,nan,0.0,"[100, 300, 100, 300, 300]","[0.003454839756704362, 0.0, 0.0, 0.0, 0.00010915546254714958]","[null, null, null, null, null]","[null, null, null, null, null]","[null, null, null, null, null]","[null, null, null, null, null]",,0.059838837347898896,0.07035459411633911,5.0,1.96
1a,10000,3310505,neural-fore,neural-main-oracle-bellman,-12.662591524507176,-12.68361420128927,-12.586673112426368,0.06425801576277812,-12.809559912184316,-12.557668490394224,1.0,-0.0759184120808083,-0.09694108886290209,0.7932048024510274,0.7932048024510274,0.09769366903469831,0.08674599437568473,0.03236413717441474,nan,nan,0.3624687084401833,9.362112366036744,32.58574170066715,6415.423347176609,nan,nan,nan,nan,nan,nan,nan,nan,nan,140.0,0.005035525421659195,19.415030683611985,8000.0,1.0,0.0,nan,nan,nan,nan,nan,nan,nan,nan,nan,nan,nan,nan,nan,nan,nan,nan,0.0,"[100, 300, 100, 100, 100]","[0.007263935103936256, 0.002180753139894209, 0.005225530820505453, 0.0023997380406262994, 0.00810767000333376]","[null, null, null, null, null]","[null, null, null, null, null]","[null, null, null, null, null]","[null, null, null, null, null]",,0.06425801576277812,0.05868645480655833,5.0,1.96
1a,10000,3320505,neural-fore,neural-main-oracle-bellman,-12.577902003534156,-12.573250467993246,-12.586673112426368,0.061696728409701224,-12.69417605567626,-12.45232488031023,1.0,0.008771108892211998,0.013422644433122244,0.4807456002246145,0.4807456002246145,0.05598986955006875,0.05069273206159466,0.032227440624108185,nan,nan,0.209524637517833,9.327201626027215,30.841647985064018,6374.525364516612,nan,nan,nan,nan,nan,nan,nan,nan,nan,260.0,0.0022628113734945187,25.634033549996094,8000.0,1.0,0.0,nan,nan,nan,nan,nan,nan,nan,nan,nan,nan,nan,nan,nan,nan,nan,nan,0.0,"[300, 100, 300, 300, 300]","[0.0, 0.0065125990824577784, 0.0, 0.0015144602087394181, 0.003286997576275398]","[null, null, null, null, null]","[null, null, null, null, null]","[null, null, null, null, null]","[null, null, null, null, null]",,0.061696728409701224,0.09388546211627903,5.0,1.96
1a,10000,3330505,neural-fore,neural-main-oracle-bellman,-12.569204484234099,-12.556940138073895,-12.586673112426368,0.06209048513683412,-12.678637488942089,-12.4352427872057,1.0,0.01746862819226891,0.029732974352473462,0.41865894792538205,0.41865894792538205,0.06971739201133895,0.06905351964772707,0.03490464934723981,nan,nan,0.2749555047087067,9.305666358207521,31.400284161138995,6459.014791528098,nan,nan,nan,nan,nan,nan,nan,nan,nan,220.0,0.003681594336856495,24.533207024808508,8000.0,0.9999999999999998,0.0,nan,nan,nan,nan,nan,nan,nan,nan,nan,nan,nan,nan,nan,nan,nan,nan,0.0,"[100, 300, 300, 300, 100]","[0.0070200045788841765, 0.0030975633878946654, 0.0018794301389237797, 0.0, 0.00641097357857985]","[null, null, null, null, null]","[null, null, null, null, null]","[null, null, null, null, null]","[null, null, null, null, null]",,0.06209048513683412,0.05083924628568588,5.0,1.96
1a,10000,3340505,neural-fore,neural-main-oracle-bellman,-12.568699002149124,-12.558292013799358,-12.586673112426368,0.06064748198038639,-12.677161078480916,-12.4394229491178,1.0,0.017974110277243938,0.028381098627010104,0.48508192062338573,0.48508192062338573,0.05587432343217347,0.0523256431476418,0.0280168690749589,nan,nan,0.3334710015250392,9.450207975619914,28.43428393217339,6649.988354119055,nan,nan,nan,nan,nan,nan,nan,nan,nan,180.0,0.0036144126944216877,22.966976742190308,8000.0,1.0,0.0,nan,nan,nan,nan,nan,nan,nan,nan,nan,nan,nan,nan,nan,nan,nan,nan,0.0,"[100, 100, 300, 100, 300]","[0.004887454231412232, 0.004064809031808871, 0.004413294657396364, 0.0047065055514909715, 0.0]","[null, null, null, null, null]","[null, null, null, null, null]","[null, null, null, null, null]","[null, null, null, null, null]",,0.06064748198038639,0.10001257250707449,5.0,1.96
1a,10000,3350505,neural-fore,neural-main-oracle-bellman,-12.581929924469774,-12.563391630523219,-12.586673112426368,0.06045681728672855,-12.681886992405207,-12.44489626864123,1.0,0.004743187956593786,0.02328148190314927,0.29768779439201165,0.29768779439201165,0.041355082217993895,0.03743857698295318,0.026596071161171412,nan,nan,0.22112331801705012,9.498553097702551,28.586318723834022,6600.629078050021,nan,nan,nan,nan,nan,nan,nan,nan,nan,260.0,0.0014141641991541622,24.744975517247802,8000.0,1.0,0.0,nan,nan,nan,nan,nan,nan,nan,nan,nan,nan,nan,nan,nan,nan,nan,nan,0.0,"[300, 300, 300, 100, 300]","[0.0, 0.0, 0.0, 0.004893836092294129, 0.002176984903476682]","[null, null, null, null, null]","[null, null, null, null, null]","[null, null, null, null, null]","[null, null, null, null, null]",,0.06045681728672855,0.045448472417774465,5.0,1.96
1a,10000,3360505,neural-fore,neural-main-oracle-bellman,-12.612676817631847,-12.59651147428596,-12.586673112426368,0.06067622221089251,-12.715436869819309,-12.47758607875261,1.0,-0.026003705205479122,-0.009838361859591416,0.2906747127781334,0.2906747127781334,0.05221079506658234,0.0449682290836202,0.03078044449105953,nan,nan,0.32104062848535264,9.314186073300739,28.11897692571612,6668.4150489303,nan,nan,nan,nan,nan,nan,nan,nan,nan,180.0,0.003697428364019044,22.85655976702692,8000.0,1.0,0.0,nan,nan,nan,nan,nan,nan,nan,nan,nan,nan,nan,nan,nan,nan,nan,nan,0.0,"[100, 300, 100, 100, 300]","[0.0034710121489871315, 0.0, 0.008921474420995478, 0.003934625150791466, 0.0021600300993211414]","[null, null, null, null, null]","[null, null, null, null, null]","[null, null, null, null, null]","[null, null, null, null, null]",,0.06067622221089251,0.02837295671445591,5.0,1.96
1a,10000,3370505,neural-fore,neural-main-oracle-bellman,-12.536603310465912,-12.537826992715898,-12.586673112426368,0.05880455640117937,-12.653083923262209,-12.422570062169587,1.0,0.05006980196045596,0.04884611971047015,0.42354116375704665,0.42354116375704665,0.08657756091246628,0.07904687112173885,0.02312199882963972,nan,nan,0.2745622398089741,9.71423238792529,27.563772538636297,6712.665251377568,nan,nan,nan,nan,nan,nan,nan,nan,nan,220.0,0.004259863529367759,23.186962941195816,8000.0,1.0,0.0,nan,nan,nan,nan,nan,nan,nan,nan,nan,nan,nan,nan,nan,nan,nan,nan,0.0,"[300, 300, 100, 100, 300]","[0.0, 0.00877773502183003, 0.004630126429201602, 0.004969223473693207, 0.002922232722113957]","[null, null, null, null, null]","[null, null, null, null, null]","[null, null, null, null, null]","[null, null, null, null, null]",,0.05880455640117937,0.07086381305780769,5.0,1.96
1a,10000,3380505,neural-fore,neural-main-oracle-bellman,-12.528257173172266,-12.539489819057934,-12.586673112426368,0.059693199679875616,-12.65648849043049,-12.422491147685378,1.0,0.058415939254102156,0.047183293368433965,0.3087268295753735,0.3087268295753735,0.057958066224075434,0.053594460603215745,0.04018747275780518,nan,nan,0.23521433471305742,9.401109909891629,29.79104368081305,6558.112203596531,nan,nan,nan,nan,nan,nan,nan,nan,nan,260.0,0.0011986329830530797,24.6280948502128,8000.0,1.0,0.0,nan,nan,nan,nan,nan,nan,nan,nan,nan,nan,nan,nan,nan,nan,nan,nan,0.0,"[100, 300, 300, 300, 300]","[0.003837393901975946, 0.0, 0.0, 0.0021557710132894523, 0.0]","[null, null, null, null, null]","[null, null, null, null, null]","[null, null, null, null, null]","[null, null, null, null, null]",,0.059693199679875616,0.07263168977668162,5.0,1.96
1a,10000,3390505,neural-fore,neural-main-oracle-bellman,-12.573118137861776,-12.501883923248423,-12.586673112426368,0.05767162868833336,-12.614920315477557,-12.38884753101929,1.0,0.01355497456459176,0.08478918917794509,0.6757648706262545,0.6757648706262545,0.07141481183194318,0.06624374495873804,0.03309797287617885,nan,nan,0.3642196959879303,9.68268975673666,28.795326374802055,6782.4391442311,nan,nan,nan,nan,nan,nan,nan,nan,nan,180.0,0.005585864943162971,22.81522902541328,8000.0,1.0,0.0,nan,nan,nan,nan,nan,nan,nan,nan,nan,nan,nan,nan,nan,nan,nan,nan,0.0,"[300, 100, 100, 100, 300]","[0.0009210530076766794, 0.006785553792482208, 0.005676721859165933, 0.00800641268557986, 0.0065395833709101766]","[null, null, null, null, null]","[null, null, null, null, null]","[null, null, null, null, null]","[null, null, null, null, null]",,0.05767162868833336,0.08087040962921196,5.0,1.96
1a,10000,3400505,neural-fore,neural-main-oracle-bellman,-12.51403548224286,-12.517166783501665,-12.586673112426368,0.05970127146153475,-12.634181275566274,-12.400152291437056,1.0,0.07263763018350744,0.0695063289247031,0.5803213180812026,0.5803213180812026,0.0714131066230437,0.06445734003600616,0.03548478137417522,nan,nan,0.2527156438405665,9.38883691928443,28.415913737457423,6630.929449804012,nan,nan,nan,nan,nan,nan,nan,nan,nan,180.0,0.008519841697929277,22.549664174974897,8000.0,0.9999999999999998,0.0,nan,nan,nan,nan,nan,nan,nan,nan,nan,nan,nan,nan,nan,nan,nan,nan,0.0,"[100, 100, 100, 300, 300]","[0.017988382485967912, 0.006231218938492457, 0.009781120140922485, 0.00500283322100151, 0.0035956537032620158]","[null, null, null, null, null]","[null, null, null, null, null]","[null, null, null, null, null]","[null, null, null, null, null]",,0.05970127146153475,0.046673329016367754,5.0,1.96
1a,10000,3410505,neural-fore,neural-main-oracle-bellman,-12.57855162636013,-12.557027564590392,-12.586673112426368,0.06032929698730337,-12.675272986685506,-12.438782142495278,1.0,0.008121486066238859,0.02964554783597606,0.433778825890776,0.433778825890776,0.0743079617508706,0.06140042533443009,0.03135122627619479,nan,nan,0.41905110269040813,9.317409688419335,28.18462015279215,6676.345327374222,nan,nan,nan,nan,nan,nan,nan,nan,nan,100.0,0.0040094288074127085,18.16447239081608,8000.0,1.0,0.0,nan,nan,nan,nan,nan,nan,nan,nan,nan,nan,nan,nan,nan,nan,nan,nan,0.0,"[100, 100, 100, 100, 100]","[0.00351360610005746, 0.005902493160102412, 0.004284727571330421, 0.0015435240067505852, 0.004802793198822663]","[null, null, null, null, null]","[null, null, null, null, null]","[null, null, null, null, null]","[null, null, null, null, null]",,0.06032929698730337,0.039929899832829706,5.0,1.96
1a,10000,3420505,neural-fore,neural-main-oracle-bellman,-12.665209192265737,-12.638593612716004,-12.586673112426368,0.061359207812214864,-12.758857660027946,-12.518329565404063,1.0,-0.07853607983936861,-0.05192050028963635,0.3476364394273063,0.3476364394273063,0.0597866246948807,0.05270836711509423,0.032562227476195756,nan,nan,0.4227086266086197,9.323172206425813,28.921913711384683,6621.004487106522,nan,nan,nan,nan,nan,nan,nan,nan,nan,140.0,0.00868455764856173,20.844028707779945,8000.0,1.0,0.0,nan,nan,nan,nan,nan,nan,nan,nan,nan,nan,nan,nan,nan,nan,nan,nan,0.0,"[300, 100, 100, 100, 100]","[0.01919127912695864, 0.006931238630199647, 0.0059456006651589476, 0.00279347146151149, 0.008561198358979928]","[null, null, null, null, null]","[null, null, null, null, null]","[null, null, null, null, null]","[null, null, null, null, null]",,0.061359207812214864,0.09129709163754218,5.0,1.96
1a,10000,3430505,neural-fore,neural-main-oracle-bellman,-12.606377495712229,-12.598503948705135,-12.586673112426368,0.060256144742491836,-12.716605992400419,-12.48040190500985,1.0,-0.01970438328586077,-0.01183083627876691,0.6474706526257539,0.6474706526257539,0.07264616959739134,0.06196313527711874,0.03486447724528472,nan,nan,0.38715509581829577,9.34711938923966,27.994958099895044,6740.209179080938,nan,nan,nan,nan,nan,nan,nan,nan,nan,100.0,0.009056860374509066,17.91954482459696,8000.0,1.0,0.0,nan,nan,nan,nan,nan,nan,nan,nan,nan,nan,nan,nan,nan,nan,nan,nan,0.0,"[100, 100, 100, 100, 100]","[0.005578584221872398, 0.005806882543430804, 0.005502822799451121, 0.004987453737762046, 0.023408558570028958]","[null, null, null, null, null]","[null, null, null, null, null]","[null, null, null, null, null]","[null, null, null, null, null]",,0.060256144742491836,0.06942042234956201,5.0,1.96
1a,10000,3440505,neural-fore,neural-main-oracle-bellman,-12.648599838715148,-12.643136475414282,-12.586673112426368,0.062481418073045546,-12.765600054837451,-12.520672895991114,1.0,-0.06192672628877993,-0.05646336298791432,0.282601951859692,0.282601951859692,0.048175156586277,0.04486516404437951,0.03586043955243504,nan,nan,0.35229269669825775,9.308964960481777,28.796942101177915,6580.926694117092,nan,nan,nan,nan,nan,nan,nan,nan,nan,180.0,0.005618235845185664,21.603927832993215,8000.0,1.0,0.0,nan,nan,nan,nan,nan,nan,nan,nan,nan,nan,nan,nan,nan,nan,nan,nan,0.0,"[100, 100, 100, 300, 300]","[0.00447637473925721, 0.01045092550897993, 0.007030427076459106, 0.0, 0.006133451901232075]","[null, null, null, null, null]","[null, null, null, null, null]","[null, null, null, null, null]","[null, null, null, null, null]",,0.062481418073045546,0.06486977937543698,5.0,1.96
1a,10000,3450505,neural-fore,neural-main-oracle-bellman,-12.640180166774035,-12.65770393458966,-12.586673112426368,0.061301393876184856,-12.777854666586983,-12.537553202592338,1.0,-0.05350705434766745,-0.07103082216329248,0.7687813636534292,0.7687813636534292,0.08406075861935977,0.08031859729873428,0.02955004568763119,nan,nan,0.245562042732116,9.478590007298243,27.44995441110961,6634.661302096073,nan,nan,nan,nan,nan,nan,nan,nan,nan,260.0,0.002267617758039883,23.78373074157862,8000.0,1.0,0.0,nan,nan,nan,nan,nan,nan,nan,nan,nan,nan,nan,nan,nan,nan,nan,nan,0.0,"[100, 300, 300, 300, 300]","[0.0055476489607157045, 0.005681184661789781, 0.0, 0.0, 0.000109255167693929]","[null, null, null, null, null]","[null, null, null, null, null]","[null, null, null, null, null]","[null, null, null, null, null]",,0.061301393876184856,0.04640824308579351,5.0,1.96
1a,10000,3460505,neural-fore,neural-main-oracle-bellman,-12.547311332607556,-12.537365313338098,-12.586673112426368,0.05884778793315025,-12.652706977687073,-12.422023648989123,1.0,0.039361779818811726,0.04930779908826999,0.3197539900290344,0.3197539900290344,0.05392718641248591,0.050041444484581366,0.042121722855048796,nan,nan,0.2843777031696953,9.540102209592314,28.229421401935483,6672.104463675295,nan,nan,nan,nan,nan,nan,nan,nan,nan,220.0,0.004675943571683791,23.7954578335979,8000.0,1.0,0.0,nan,nan,nan,nan,nan,nan,nan,nan,nan,nan,nan,nan,nan,nan,nan,nan,0.0,"[300, 100, 300, 100, 300]","[0.0034055636585826514, 0.004553321800840612, 0.0, 0.01102722073327194, 0.004393611665723749]","[null, null, null, null, null]","[null, null, null, null, null]","[null, null, null, null, null]","[null, null, null, null, null]",,0.05884778793315025,0.04017062462024298,5.0,1.96
1a,10000,3470505,neural-fore,neural-main-oracle-bellman,-12.619596656417853,-12.607549784799826,-12.586673112426368,0.0619717630352073,-12.729014440348832,-12.486085129250819,1.0,-0.032923543991485005,-0.020876672373457694,0.5263938349973722,0.5263938349973722,0.07245044660873376,0.06608886817886224,0.03407650546775829,nan,nan,0.2530189231097739,9.47372933914464,29.437254451497978,6551.73869229523,nan,nan,nan,nan,nan,nan,nan,nan,nan,220.0,0.001976456966792934,23.630037733190694,8000.0,1.0,0.0,nan,nan,nan,nan,nan,nan,nan,nan,nan,nan,nan,nan,nan,nan,nan,nan,0.0,"[100, 300, 300, 100, 300]","[0.003737771423684921, 0.0, 0.0, 0.00463897321193225, 0.0015055401983474987]","[null, null, null, null, null]","[null, null, null, null, null]","[null, null, null, null, null]","[null, null, null, null, null]",,0.0619717630352073,0.033912137048123944,5.0,1.96
1a,10000,3480505,neural-fore,neural-main-oracle-bellman,-12.529769834448466,-12.539372848820605,-12.586673112426368,0.06004956643290127,-12.657069999029092,-12.421675698612118,1.0,0.05690327797790218,0.04730026360576289,0.5025801558373988,0.5025801558373988,0.07152363440500184,0.06603106501211983,0.03437555633645303,nan,nan,0.25800684579142635,9.518073984683738,30.54607935121393,6640.558801216311,nan,nan,nan,nan,nan,nan,nan,nan,nan,180.0,0.0034074988298525718,21.52266187480418,8000.0,1.0,0.0,nan,nan,nan,nan,nan,nan,nan,nan,nan,nan,nan,nan,nan,nan,nan,nan,0.0,"[100, 300, 100, 100, 300]","[0.003130321340926712, 0.0, 0.004148914230697416, 0.00975825857763873, 0.0]","[null, null, null, null, null]","[null, null, null, null, null]","[null, null, null, null, null]","[null, null, null, null, null]",,0.06004956643290127,0.05140509948324072,5.0,1.96
1a,10000,3490505,neural-fore,neural-main-oracle-bellman,-12.57286064938309,-12.580117733988889,-12.586673112426368,0.06054128666620261,-12.698778655854646,-12.461456812123131,1.0,0.0138124630432781,0.00655537843747922,0.6437077550582874,0.6437077550582874,0.11791145715930813,0.0822098266611215,0.03638381702506027,nan,nan,0.2485244771159965,9.552318628624995,29.220418505757376,6653.458750987096,nan,nan,nan,nan,nan,nan,nan,nan,nan,300.0,0.002772945341367586,25.14742611638503,8000.0,1.0,0.0,nan,nan,nan,nan,nan,nan,nan,nan,nan,nan,nan,nan,nan,nan,nan,nan,0.0,"[300, 300, 300, 300, 300]","[0.007615693929208738, 3.508576272483585e-05, 0.0016519847741944512, 0.003922160460383281, 0.0006398017803266212]","[null, null, null, null, null]","[null, null, null, null, null]","[null, null, null, null, null]","[null, null, null, null, null]",,0.06054128666620261,0.03199482251038031,5.0,1.96
1a,10000,3500505,neural-fore,neural-main-oracle-bellman,-12.607617237293121,-12.553811700704092,-12.586673112426368,0.06064132006965329,-12.672668688040613,-12.43495471336757,1.0,-0.020944124866753455,0.0328614117222763,0.388883945834087,0.388883945834087,0.06859516120282945,0.06662504491665952,0.029876629851326185,nan,nan,0.2592533788731082,9.520105319215038,29.370033362725582,6597.485183384678,nan,nan,nan,nan,nan,nan,nan,nan,nan,220.0,0.005403946393591658,23.368641857837794,8000.0,1.0,0.0,nan,nan,nan,nan,nan,nan,nan,nan,nan,nan,nan,nan,nan,nan,nan,nan,0.0,"[300, 300, 100, 100, 300]","[0.000692519055381621, 0.0, 0.005873882035570936, 0.013277092541063216, 0.0071762383359425174]","[null, null, null, null, null]","[null, null, null, null, null]","[null, null, null, null, null]","[null, null, null, null, null]",,0.06064132006965329,0.10623516863780819,5.0,1.96
1a,10000,3510505,neural-fore,neural-main-oracle-bellman,-12.578945439454728,-12.578346542884539,-12.586673112426368,0.06159529315830374,-12.699073317474815,-12.457619768294263,1.0,0.0077276729716402315,0.008326569541829087,0.4698467034242732,0.4698467034242732,0.06431113607559154,0.056915263165754224,0.03196454667004023,nan,nan,0.247020749445601,9.434565132985005,30.06226491333958,6477.65836854249,nan,nan,nan,nan,nan,nan,nan,nan,nan,260.0,0.0018316387887696809,25.731585549970625,8000.0,1.0000000000000002,0.0,nan,nan,nan,nan,nan,nan,nan,nan,nan,nan,nan,nan,nan,nan,nan,nan,0.0,"[100, 300, 300, 300, 300]","[0.005349925798687016, 0.0, 0.0038082681451613886, 0.0, 0.0]","[null, null, null, null, null]","[null, null, null, null, null]","[null, null, null, null, null]","[null, null, null, null, null]",,0.06159529315830374,0.01244487265118091,5.0,1.96
1a,10000,3520505,neural-fore,neural-main-oracle-bellman,-12.641398635619726,-12.643568025986758,-12.586673112426368,0.06328336662928075,-12.767603424580148,-12.519532627393367,1.0,-0.05472552319335833,-0.05689491356038978,0.40329892606534906,0.40329892606534906,0.07255523118408348,0.06589773183032913,0.028218375795557357,nan,nan,0.23403570860584602,9.276935049121528,30.820959008527257,6442.12403729966,nan,nan,nan,nan,nan,nan,nan,nan,nan,260.0,0.0014243322512221292,24.22850450820988,8000.0,1.0,0.0,nan,nan,nan,nan,nan,nan,nan,nan,nan,nan,nan,nan,nan,nan,nan,nan,0.0,"[300, 300, 300, 100, 300]","[0.0, 0.0007413239702356428, 0.0, 0.006380337285875003, 0.0]","[null, null, null, null, null]","[null, null, null, null, null]","[null, null, null, null, null]","[null, null, null, null, null]",,0.06328336662928075,0.03366465406707454,5.0,1.96
1a,10000,3530505,neural-fore,neural-main-oracle-bellman,-12.582573691914229,-12.574239377364455,-12.586673112426368,0.057327952652339274,-12.68660216456304,-12.46187659016587,1.0,0.004099420512138963,0.012433735061913254,0.5881751085561233,0.5881751085561233,0.07138560372265534,0.06703836688574574,0.04046481876855648,nan,nan,0.38144890580331475,9.792312345815308,26.50568503354246,6915.616380064333,nan,nan,nan,nan,nan,nan,nan,nan,nan,180.0,0.004263459067828401,20.4181612500106,8000.0,1.0,0.0,nan,nan,nan,nan,nan,nan,nan,nan,nan,nan,nan,nan,nan,nan,nan,nan,0.0,"[100, 300, 100, 300, 100]","[0.002623212042561023, 0.0, 0.006550720286032437, 0.0022147634482518647, 0.009928599562296678]","[null, null, null, null, null]","[null, null, null, null, null]","[null, null, null, null, null]","[null, null, null, null, null]",,0.057327952652339274,0.11729189611034863,5.0,1.96
1a,10000,3540505,neural-fore,neural-main-oracle-bellman,-12.61024292233679,-12.594259693932832,-12.586673112426368,0.06022839980773776,-12.712307357555998,-12.476212030309666,1.0,-0.02356980991042157,-0.007586581506464185,0.3330294242476607,0.3330294242476607,0.04849682848201805,0.0428362792205028,0.032577482519960045,nan,nan,0.27322624917675786,9.37547931716734,29.41735155005901,6594.00542499847,nan,nan,nan,nan,nan,nan,nan,nan,nan,260.0,0.002891705292960443,25.701595258177257,8000.0,1.0,0.0,nan,nan,nan,nan,nan,nan,nan,nan,nan,nan,nan,nan,nan,nan,nan,nan,0.0,"[100, 300, 300, 300, 300]","[0.00639459549914097, 0.0013078285251349208, 0.0013662055233698105, 0.0010793057453631814, 0.004310591171793332]","[null, null, null, null, null]","[null, null, null, null, null]","[null, null, null, null, null]","[null, null, null, null, null]",,0.06022839980773776,0.08262476855999173,5.0,1.96
1a,10000,3550505,neural-fore,neural-main-oracle-bellman,-12.59309266901518,-12.583256606662548,-12.586673112426368,0.061239550748533045,-12.703286126129672,-12.463227087195424,1.0,-0.006419556588811659,0.0034165057638197993,0.5823441969362289,0.5823441969362289,0.08491581955558003,0.07791861379771528,0.034131969305581315,nan,nan,0.31554087977393247,9.34527919606635,29.79363387875843,6598.318379307646,nan,nan,nan,nan,nan,nan,nan,nan,nan,180.0,0.004574195847881083,19.9910943584051,8000.0,1.0,0.0,nan,nan,nan,nan,nan,nan,nan,nan,nan,nan,nan,nan,nan,nan,nan,nan,0.0,"[100, 100, 300, 100, 300]","[0.004522426901250963, 0.00808852447249371, 0.0008125730659334679, 0.008448665500935142, 0.0009987892987921292]","[null, null, null, null, null]","[null, null, null, null, null]","[null, null, null, null, null]","[null, null, null, null, null]",,0.061239550748533045,0.07332661358279503,5.0,1.96
1a,10000,3560505,neural-fore,neural-main-oracle-bellman,-12.597691365070542,-12.562982616806242,-12.586673112426368,0.059966078952666216,-12.680516131553468,-12.445449102059015,1.0,-0.011018252644173998,0.023690495620126484,0.32247608442658826,0.32247608442658826,0.04985684798122299,0.04374583115804513,0.03060060226422251,nan,nan,0.2940589664144389,9.568669550694565,28.852331104725074,6649.029498473997,nan,nan,nan,nan,nan,nan,nan,nan,nan,260.0,0.009707479036711767,23.634163383219857,8000.0,1.0,0.0,nan,nan,nan,nan,nan,nan,nan,nan,nan,nan,nan,nan,nan,nan,nan,nan,0.0,"[300, 300, 300, 100, 300]","[0.006992813783190451, 0.0061258232354076065, 0.0042322890240792214, 0.027867036453084564, 0.0033194326877969797]","[null, null, null, null, null]","[null, null, null, null, null]","[null, null, null, null, null]","[null, null, null, null, null]",,0.059966078952666216,0.0454466869545688,5.0,1.96
1a,10000,3570505,neural-fore,neural-main-oracle-bellman,-12.7059363962198,-12.680060627302387,-12.586673112426368,0.06277114584804946,-12.803092073164564,-12.55702918144021,1.0,-0.11926328379343154,-0.09338751487601904,0.3655928344758691,0.3655928344758691,0.06519891991466102,0.056409451747849504,0.027891340092514972,nan,nan,0.28723045600050684,9.35310101545695,31.97198807645039,6474.1082060054105,nan,nan,nan,nan,nan,nan,nan,nan,nan,180.0,0.005635876267294315,21.15932630817406,8000.0,1.0,0.0,nan,nan,nan,nan,nan,nan,nan,nan,nan,nan,nan,nan,nan,nan,nan,nan,0.0,"[100, 300, 300, 100, 100]","[0.007535948138472956, 0.0038879359151987895, 0.0, 0.005082998628980802, 0.011672498653819027]","[null, null, null, null, null]","[null, null, null, null, null]","[null, null, null, null, null]","[null, null, null, null, null]",,0.06277114584804946,0.10957338837087521,5.0,1.96
1a,10000,3580505,neural-fore,neural-main-oracle-bellman,-12.519767140199168,-12.542604563615118,-12.586673112426368,0.06044459641488819,-12.661075972588298,-12.424133154641938,1.0,0.0669059722272003,0.04406854881125,0.3106038292373021,0.3106038292373021,0.04706409634543692,0.04572363973336404,0.03393167527630181,nan,nan,0.29068969393958594,9.368884728129924,29.17910499245691,6658.6965351692525,nan,nan,nan,nan,nan,nan,nan,nan,nan,180.0,0.0031821004086540427,19.944535975228064,8000.0,1.0,0.0,nan,nan,nan,nan,nan,nan,nan,nan,nan,nan,nan,nan,nan,nan,nan,nan,0.0,"[300, 100, 100, 300, 100]","[0.00022024108440392968, 0.005083770834423793, 0.0035434168017865293, 0.0035651468430050793, 0.003497926479650882]","[null, null, null, null, null]","[null, null, null, null, null]","[null, null, null, null, null]","[null, null, null, null, null]",,0.06044459641488819,0.01342418137794152,5.0,1.96
1a,10000,3590505,neural-fore,neural-main-oracle-bellman,-12.604286165502339,-12.600391237671484,-12.586673112426368,0.06244336491986888,-12.722780232914428,-12.478002242428541,1.0,-0.017613053075971052,-0.013718125245116397,0.30932890368895233,0.30932890368895233,0.05479341884642701,0.04563340039970572,0.032714683565938305,nan,nan,0.318527637079307,9.42673362246688,30.1395249113765,6545.8195017452,nan,nan,nan,nan,nan,nan,nan,nan,nan,180.0,0.004599744880715328,21.628372175188268,8000.0,0.9999999999999998,0.0,nan,nan,nan,nan,nan,nan,nan,nan,nan,nan,nan,nan,nan,nan,nan,nan,0.0,"[300, 300, 100, 100, 100]","[0.0, 0.0012840750868525256, 0.00650053230102694, 0.009784664891322495, 0.005429452124374682]","[null, null, null, null, null]","[null, null, null, null, null]","[null, null, null, null, null]","[null, null, null, null, null]",,0.06244336491986888,0.07302592660969745,5.0,1.96
1a,10000,3600505,neural-fore,neural-main-oracle-bellman,-12.550298796443977,-12.508797259145751,-12.586673112426368,0.059777816912702474,-12.625961780294649,-12.391632737996854,1.0,0.036374315982390826,0.07787585328061652,0.3800356554664332,0.3800356554664332,0.06380099870388248,0.05717482723633023,0.030298653831053998,nan,nan,0.2696479829778216,9.570052305202031,29.827791915564635,6651.85433222785,nan,nan,nan,nan,nan,nan,nan,nan,nan,180.0,0.003286756968606092,21.34891799199395,8000.0,1.0,0.0,nan,nan,nan,nan,nan,nan,nan,nan,nan,nan,nan,nan,nan,nan,nan,nan,0.0,"[100, 300, 100, 100, 300]","[0.003762565099706007, 0.0, 0.0035627389541149556, 0.009108480789209498, 0.0]","[null, null, null, null, null]","[null, null, null, null, null]","[null, null, null, null, null]","[null, null, null, null, null]",,0.059777816912702474,0.04911675615677683,5.0,1.96
1a,10000,3610505,neural-fore,neural-main-oracle-bellman,-12.583669595966594,-12.547882436339117,-12.586673112426368,0.059595059612454655,-12.664688753179528,-12.431076119498707,1.0,0.003003516459774147,0.03879067608725073,0.5795028169278221,0.5795028169278221,0.06376013586092485,0.06306497706821337,0.031411234287865825,nan,nan,0.28459923276799637,9.446138798012466,27.996590915629362,6613.716535453819,nan,nan,nan,nan,nan,nan,nan,nan,nan,220.0,0.003397647640303017,22.57410434181802,8000.0,1.0,0.0,nan,nan,nan,nan,nan,nan,nan,nan,nan,nan,nan,nan,nan,nan,nan,nan,0.0,"[300, 100, 100, 300, 300]","[0.0023882684132118482, 0.0023914124433508555, 0.003637262747410355, 0.005166922975473388, 0.0034043716220686403]","[null, null, null, null, null]","[null, null, null, null, null]","[null, null, null, null, null]","[null, null, null, null, null]",,0.059595059612454655,0.05894985663571676,5.0,1.96
1a,10000,3620505,neural-fore,neural-main-oracle-bellman,-12.55987589356918,-12.52765212459388,-12.586673112426368,0.059437603838612005,-12.644149828117559,-12.4111544210702,1.0,0.026797218857188554,0.0590209878324881,0.5018590231696222,0.5018590231696222,0.06699508597802581,0.0618664908357854,0.02728820891224838,nan,nan,0.2953360736612336,9.562513840191958,28.75694647433274,6632.168144370909,nan,nan,nan,nan,nan,nan,nan,nan,nan,220.0,0.0028221605605742365,22.504863091558217,8000.0,1.0,0.0,nan,nan,nan,nan,nan,nan,nan,nan,nan,nan,nan,nan,nan,nan,nan,nan,0.0,"[100, 300, 300, 100, 300]","[0.0031120428233978752, 0.00035344520967354114, 0.0, 0.010645314769799767, 0.0]","[null, null, null, null, null]","[null, null, null, null, null]","[null, null, null, null, null]","[null, null, null, null, null]",,0.059437603838612005,0.04037204868178256,5.0,1.96
1a,10000,3630505,neural-fore,neural-main-oracle-bellman,-12.608970250128838,-12.565567728984675,-12.586673112426368,0.05928209310397947,-12.681760631468475,-12.449374826500875,1.0,-0.022297137702469882,0.021105383441692993,0.37991326361071004,0.37991326361071004,0.07308258666921333,0.058297788980160824,0.03214216679000949,nan,nan,0.240356593616816,9.597792463850325,28.31792731430534,6705.796162177268,nan,nan,nan,nan,nan,nan,nan,nan,nan,260.0,0.0016217190131902624,25.215565816138405,8000.0,1.0,0.0,nan,nan,nan,nan,nan,nan,nan,nan,nan,nan,nan,nan,nan,nan,nan,nan,0.0,"[300, 300, 300, 300, 100]","[0.0017988646758111202, 0.0, 0.0, 0.0019705549966822808, 0.004339175393457911]","[null, null, null, null, null]","[null, null, null, null, null]","[null, null, null, null, null]","[null, null, null, null, null]",,0.05928209310397947,0.036665841239341995,5.0,1.96
1a,10000,3640505,neural-fore,neural-main-oracle-bellman,-12.636447374585122,-12.58113133107289,-12.586673112426368,0.0598197194987241,-12.698377981290388,-12.46388468085539,1.0,-0.04977426215875447,0.005541781353478825,0.5960204978217926,0.5960204978217926,0.08480121852182385,0.0810789032360297,0.029243379118123025,nan,nan,0.2931059170723761,9.474629868622237,29.613652927954185,6600.598250343825,nan,nan,nan,nan,nan,nan,nan,nan,nan,260.0,0.0034360466353879743,23.982243774819654,8000.0,1.0,0.0,nan,nan,nan,nan,nan,nan,nan,nan,nan,nan,nan,nan,nan,nan,nan,nan,0.0,"[300, 300, 300, 300, 100]","[0.0001701711207781448, 0.005930312310999951, 0.0, 0.005477856381338643, 0.005601893363823134]","[null, null, null, null, null]","[null, null, null, null, null]","[null, null, null, null, null]","[null, null, null, null, null]",,0.0598197194987241,0.059647842251610884,5.0,1.96
1a,10000,3650505,neural-fore,neural-main-oracle-bellman,-12.592411810886743,-12.6102540988087,-12.586673112426368,0.06180253719243379,-12.73138707170587,-12.48912112591153,1.0,-0.005738698460374891,-0.023580986382331304,0.5410694660050672,0.5410694660050672,0.08175634358093535,0.07505947461143178,0.031039585056806093,nan,nan,0.27342628701910215,9.510321488477738,30.65950870347257,6508.252646901452,nan,nan,nan,nan,nan,nan,nan,nan,nan,220.0,0.004574976755949964,21.91354240019573,8000.0,0.9999999999999998,0.0,nan,nan,nan,nan,nan,nan,nan,nan,nan,nan,nan,nan,nan,nan,nan,nan,0.0,"[300, 300, 100, 300, 100]","[0.006767581646869025, 0.0, 0.006854140036221256, 0.00506533908361762, 0.004187823013041914]","[null, null, null, null, null]","[null, null, null, null, null]","[null, null, null, null, null]","[null, null, null, null, null]",,0.06180253719243379,0.07485430597178312,5.0,1.96
1a,10000,3660505,neural-fore,neural-main-oracle-bellman,-12.52889724816077,-12.544540414563578,-12.586673112426368,0.059454009884320945,-12.661070273936847,-12.428010555190308,1.0,0.05777586426559722,0.04213269786279028,0.5790383264649756,0.5790383264649756,0.08186549541535068,0.05903225360655116,0.04131545929912203,nan,nan,0.2420138136228939,9.440574143232112,28.310080188084754,6629.846009877775,nan,nan,nan,nan,nan,nan,nan,nan,nan,220.0,0.002025822357212447,23.40353055043379,8000.0,1.0,0.0,nan,nan,nan,nan,nan,nan,nan,nan,nan,nan,nan,nan,nan,nan,nan,nan,0.0,"[100, 100, 300, 300, 300]","[0.002078726647068958, 0.0036184359643885405, 0.0015502681966426228, 0.0, 0.002881680977962115]","[null, null, null, null, null]","[null, null, null, null, null]","[null, null, null, null, null]","[null, null, null, null, null]",,0.059454009884320945,0.044427399577167015,5.0,1.96
1a,10000,3670505,neural-fore,neural-main-oracle-bellman,-12.723256001894493,-12.717944340394238,-12.586673112426368,0.061722621751631845,-12.838920679027437,-12.59696800176104,0.0,-0.1365828894681247,-0.13127122796787027,0.39467368474218717,0.39467368474218717,0.06433137533141914,0.05461981398039817,0.025396536803671238,nan,nan,0.26544867078714784,9.555980175358037,29.547794938377894,6600.0827395366,nan,nan,nan,nan,nan,nan,nan,nan,nan,220.0,0.0036574049539030923,23.19800889205653,8000.0,1.0,0.0,nan,nan,nan,nan,nan,nan,nan,nan,nan,nan,nan,nan,nan,nan,nan,nan,0.0,"[300, 300, 300, 100, 100]","[0.005713686435310254, 0.0, 0.003085732821307157, 0.005247848751961112, 0.004239756760936939]","[null, null, null, null, null]","[null, null, null, null, null]","[null, null, null, null, null]","[null, null, null, null, null]",,0.061722621751631845,0.059127655442604045,5.0,1.96
1a,10000,3680505,neural-fore,neural-main-oracle-bellman,-12.561402404116436,-12.538738378097763,-12.586673112426368,0.05880578547148139,-12.653997717621866,-12.42347903857366,1.0,0.025270708309932388,0.04793473432860473,0.2867780786426075,0.2867780786426075,0.045139786342959724,0.04077901038299556,0.036765873423280415,nan,nan,0.2903787078421627,9.507257674298742,28.932900438966897,6678.215492654599,nan,nan,nan,nan,nan,nan,nan,nan,nan,220.0,0.00284819740988304,22.97605293401284,8000.0,1.0,0.0,nan,nan,nan,nan,nan,nan,nan,nan,nan,nan,nan,nan,nan,nan,nan,nan,0.0,"[100, 100, 300, 300, 300]","[0.0015895198269007815, 0.00829408850723395, 0.0015224193955307875, 0.0028349593197496818, 0.0]","[null, null, null, null, null]","[null, null, null, null, null]","[null, null, null, null, null]","[null, null, null, null, null]",,0.05880578547148139,0.03201777001457428,5.0,1.96
1a,10000,3690505,neural-fore,neural-main-oracle-bellman,-12.560729235812051,-12.5915363025371,-12.586673112426368,0.06290028680092978,-12.714820864666923,-12.468251740407279,1.0,0.025943876614316963,-0.0048631901107327735,0.2897560145685518,0.2897560145685518,0.05695002285023422,0.0544864240419408,0.029323452859336116,nan,nan,0.29868355795759544,9.279371791005943,32.346540581762596,6369.83655925482,nan,nan,nan,nan,nan,nan,nan,nan,nan,220.0,0.002690047850331629,22.086981541418936,8000.0,1.0,0.0,nan,nan,nan,nan,nan,nan,nan,nan,nan,nan,nan,nan,nan,nan,nan,nan,0.0,"[300, 100, 300, 100, 300]","[0.002086313208438395, 0.007087243021130472, 0.0, 0.004276683022089277, 0.0]","[null, null, null, null, null]","[null, null, null, null, null]","[null, null, null, null, null]","[null, null, null, null, null]",,0.06290028680092978,0.05868393367951879,5.0,1.96
1a,10000,3700505,neural-fore,neural-main-oracle-bellman,-12.632080246725566,-12.633216705470897,-12.586673112426368,0.06185620952910071,-12.754454876147934,-12.51197853479386,1.0,-0.045407134299198404,-0.04654359304452882,0.3234881093846277,0.3234881093846277,0.05243870539104991,0.04397151011852603,0.031016034797856754,nan,nan,0.3200906939462471,9.200500023624528,30.784148580187498,6512.284624891358,nan,nan,nan,nan,nan,nan,nan,nan,nan,180.0,0.00469373154600619,21.611176708387212,8000.0,1.0,0.0,nan,nan,nan,nan,nan,nan,nan,nan,nan,nan,nan,nan,nan,nan,nan,nan,0.0,"[100, 300, 300, 100, 100]","[0.006841605018440708, 0.0, 0.002359114609559132, 0.0037099309209671994, 0.010558007181063915]","[null, null, null, null, null]","[null, null, null, null, null]","[null, null, null, null, null]","[null, null, null, null, null]",,0.06185620952910071,0.04729867920968213,5.0,1.96
1a,10000,3710505,neural-fore,neural-main-oracle-bellman,-12.557185578504047,-12.579723708654969,-12.586673112426368,0.060714725243483224,-12.698724570132196,-12.460722847177742,1.0,0.029487533922321063,0.006949403771399076,0.34884297857628493,0.34884297857628493,0.07296357561139045,0.06854364168001877,0.03898643715554322,nan,nan,0.24764520372237206,9.669937096416994,29.254550498530246,6577.433874098076,nan,nan,nan,nan,nan,nan,nan,nan,nan,300.0,0.0004791359472896382,26.34763655036222,8000.0,1.0,0.0,nan,nan,nan,nan,nan,nan,nan,nan,nan,nan,nan,nan,nan,nan,nan,nan,0.0,"[300, 300, 300, 300, 300]","[0.002395679736448191, 0.0, 0.0, 0.0, 0.0]","[null, null, null, null, null]","[null, null, null, null, null]","[null, null, null, null, null]","[null, null, null, null, null]",,0.060714725243483224,0.0945580757217775,5.0,1.96
1a,10000,3720505,neural-fore,neural-main-oracle-bellman,-12.542723372856353,-12.537504181879848,-12.586673112426368,0.0578508083526253,-12.650891766250993,-12.424116597508704,1.0,0.04394973957001547,0.04916893054651972,0.38886717817656574,0.38886717817656574,0.05335742069023419,0.048619987335525056,0.03313489444485622,nan,nan,0.3086047151532349,9.691624437796122,25.88709008714693,6780.345672460086,nan,nan,nan,nan,nan,nan,nan,nan,nan,220.0,0.003502986550119355,22.372387692017945,8000.0,1.0,0.0,nan,nan,nan,nan,nan,nan,nan,nan,nan,nan,nan,nan,nan,nan,nan,nan,0.0,"[300, 100, 100, 300, 300]","[0.0, 0.007154902943978882, 0.0062265402232150125, 0.003688224328900084, 0.0004452652545027974]","[null, null, null, null, null]","[null, null, null, null, null]","[null, null, null, null, null]","[null, null, null, null, null]",,0.0578508083526253,0.06051215019479707,5.0,1.96
1a,10000,3730505,neural-fore,neural-main-oracle-bellman,-12.71305852834558,-12.700202831802946,-12.586673112426368,0.06389859379534248,-12.825444075641817,-12.574961587964074,1.0,-0.12638541591921282,-0.11352971937657763,0.5604782936426141,0.5604782936426141,0.07499823253753064,0.06360720955455107,0.02612422502527218,nan,nan,0.19054829404079685,9.59755481285929,30.825205888334672,6443.870934783251,nan,nan,nan,nan,nan,nan,nan,nan,nan,300.0,0.001915580541390976,24.77341637519421,8000.0,1.0,0.0,nan,nan,nan,nan,nan,nan,nan,nan,nan,nan,nan,nan,nan,nan,nan,nan,0.0,"[300, 300, 300, 300, 300]","[0.0, 0.0, 0.0, 0.004505070767835731, 0.0050728319391191495]","[null, null, null, null, null]","[null, null, null, null, null]","[null, null, null, null, null]","[null, null, null, null, null]",,0.06389859379534248,0.07295692415710107,5.0,1.96
1a,10000,3740505,neural-fore,neural-main-oracle-bellman,-12.514369733319969,-12.484600131635952,-12.586673112426368,0.057913245100973426,-12.59811009203386,-12.371090171238045,1.0,0.07230337910639939,0.10207298079041571,0.41269886727090965,0.41269886727090965,0.06000301992922234,0.05511800918447425,0.03316268722954479,nan,nan,0.2735432462073723,9.660502130186188,26.526077428984713,6774.349689082547,nan,nan,nan,nan,nan,nan,nan,nan,nan,260.0,0.003714860110194007,24.908842808008195,8000.0,1.0,0.0,nan,nan,nan,nan,nan,nan,nan,nan,nan,nan,nan,nan,nan,nan,nan,nan,0.0,"[300, 300, 300, 100, 300]","[0.0024326498824027306, 0.002667490300868981, 0.003427442243110111, 0.010046718124588213, 0.0]","[null, null, null, null, null]","[null, null, null, null, null]","[null, null, null, null, null]","[null, null, null, null, null]",,0.057913245100973426,0.05566339890542386,5.0,1.96
1a,10000,3750505,neural-fore,neural-main-oracle-bellman,-12.576205273577102,-12.564896889354902,-12.586673112426368,0.06098915544278076,-12.684435634022751,-12.445358144687052,1.0,0.010467838849265831,0.021776223071466205,0.4044794203499535,0.4044794203499535,0.06133576588096943,0.055673932890919355,0.03269481670109299,nan,nan,0.26133509722638265,9.470243240266289,29.61625909942717,6524.481231761736,nan,nan,nan,nan,nan,nan,nan,nan,nan,260.0,0.0011241119642752214,25.24218797502108,8000.0,1.0,0.0,nan,nan,nan,nan,nan,nan,nan,nan,nan,nan,nan,nan,nan,nan,nan,nan,0.0,"[100, 300, 300, 300, 300]","[0.003620560136493908, 0.0018567388137114404, 0.00014326087117075867, 0.0, 0.0]","[null, null, null, null, null]","[null, null, null, null, null]","[null, null, null, null, null]","[null, null, null, null, null]",,0.06098915544278076,0.021833783117988725,5.0,1.96
1a,10000,3760505,neural-fore,neural-main-oracle-bellman,-12.544690214645316,-12.567920402916622,-12.586673112426368,0.0607258555040471,-12.686943079704553,-12.44889772612869,1.0,0.04198289778105213,0.018752709509746168,0.3540939611982298,0.3540939611982298,0.06836169565131053,0.06420187172912638,0.02510288363208611,nan,nan,0.2320671563767909,9.339627957499248,29.579717541335047,6541.994511955162,nan,nan,nan,nan,nan,nan,nan,nan,nan,260.0,0.004221556677623179,24.3067621838185,8000.0,1.0,0.0,nan,nan,nan,nan,nan,nan,nan,nan,nan,nan,nan,nan,nan,nan,nan,nan,0.0,"[300, 300, 300, 100, 300]","[0.0007378951856363779, 0.0, 0.004539048077622549, 0.015830840124856967, 0.0]","[null, null, null, null, null]","[null, null, null, null, null]","[null, null, null, null, null]","[null, null, null, null, null]",,0.0607258555040471,0.07136980593441684,5.0,1.96
1a,10000,3770505,neural-fore,neural-main-oracle-bellman,-12.528191544665374,-12.490187668239665,-12.586673112426368,0.05793919102052831,-12.6037484826399,-12.37662685383943,1.0,0.058481567760994224,0.0964854441867029,0.3799362796885969,0.3799362796885969,0.075023141785791,0.0618899325810182,0.03865730796033364,nan,nan,0.382968739615119,9.497449423581266,27.693041829499553,6796.7863774195985,nan,nan,nan,nan,nan,nan,nan,nan,nan,180.0,0.005003517298620464,21.157453700422774,8000.0,1.0,0.0,nan,nan,nan,nan,nan,nan,nan,nan,nan,nan,nan,nan,nan,nan,nan,nan,0.0,"[100, 300, 100, 300, 100]","[0.013755981111932476, 0.0, 0.004572253875070389, 0.0, 0.006689351506099457]","[null, null, null, null, null]","[null, null, null, null, null]","[null, null, null, null, null]","[null, null, null, null, null]",,0.05793919102052831,0.03402086889498486,5.0,1.96
1a,10000,3780505,neural-fore,neural-main-oracle-bellman,-12.650575553507474,-12.642800193314812,-12.586673112426368,0.0621188278245505,-12.764553095850932,-12.521047290778693,1.0,-0.06390244108110643,-0.056127080888444425,0.24771670079183053,0.24771670079183053,0.04807782983320526,0.03790943898991631,0.029357656140237557,nan,nan,0.26034906406760155,9.2428095293226,28.563903706566588,6543.464898713278,nan,nan,nan,nan,nan,nan,nan,nan,nan,260.0,0.0039361391923670875,23.03821588382125,8000.0,1.0,0.0,nan,nan,nan,nan,nan,nan,nan,nan,nan,nan,nan,nan,nan,nan,nan,nan,0.0,"[300, 300, 300, 100, 300]","[0.0, 0.0, 0.003346218989161206, 0.016334476972674233, 0.0]","[null, null, null, null, null]","[null, null, null, null, null]","[null, null, null, null, null]","[null, null, null, null, null]",,0.0621188278245505,0.10446441825037589,5.0,1.96
1a,10000,3790505,neural-fore,neural-main-oracle-bellman,-12.58419385891282,-12.531766433166306,-12.586673112426368,0.059638841026547575,-12.648658561578339,-12.414874304754273,1.0,0.002479253513547164,0.05490667926006232,0.34198550207948497,0.34198550207948497,0.06855952398382556,0.05729471453337191,0.02706191236086995,nan,nan,0.2573602343501083,9.59813891189453,30.392551127461445,6609.8242417425345,nan,nan,nan,nan,nan,nan,nan,nan,nan,260.0,0.0035648033281760424,23.645523799816146,8000.0,1.0,0.0,nan,nan,nan,nan,nan,nan,nan,nan,nan,nan,nan,nan,nan,nan,nan,nan,0.0,"[300, 100, 300, 300, 300]","[0.0030465063766126083, 0.014139507180916989, 0.0, 0.0, 0.0006380030833506126]","[null, null, null, null, null]","[null, null, null, null, null]","[null, null, null, null, null]","[null, null, null, null, null]",,0.059638841026547575,0.016795808670534616,5.0,1.96
1a,10000,3800505,neural-fore,neural-main-oracle-bellman,-12.54011468600108,-12.544270272792806,-12.586673112426368,0.06123518925685046,-12.664291243736233,-12.424249301849379,1.0,0.04655842642528718,0.04240283963356184,0.48579316325791233,0.48579316325791233,0.10589837281287595,0.09462729710176043,0.029590878271870208,nan,nan,0.2515213157648796,9.23971415242442,30.944904233596308,6521.521937964642,nan,nan,nan,nan,nan,nan,nan,nan,nan,260.0,0.0030322709243158427,24.16959845017409,8000.0,1.0,0.0,nan,nan,nan,nan,nan,nan,nan,nan,nan,nan,nan,nan,nan,nan,nan,nan,0.0,"[300, 300, 300, 100, 300]","[0.00435865109881012, 0.003428257066135423, 0.0024557883169045126, 0.004918658139729158, 0.0]","[null, null, null, null, null]","[null, null, null, null, null]","[null, null, null, null, null]","[null, null, null, null, null]",,0.06123518925685046,0.06282887223108315,5.0,1.96
1a,10000,3810505,neural-fore,neural-main-oracle-bellman,-12.656812210500794,-12.6766622031027,-12.586673112426368,0.06396371561946244,-12.802031085716846,-12.551293320488552,1.0,-0.07013909807442609,-0.08998909067633143,0.40665910815744094,0.40665910815744094,0.05229160545824805,0.04902208349211098,0.026108871913185283,nan,nan,0.3224670097387166,9.224036421337264,30.67334120887642,6445.961994502924,nan,nan,nan,nan,nan,nan,nan,nan,nan,140.0,0.002869055553988227,19.69031691683922,8000.0,1.0,0.0,nan,nan,nan,nan,nan,nan,nan,nan,nan,nan,nan,nan,nan,nan,nan,nan,0.0,"[300, 100, 100, 100, 100]","[0.00032595382391853136, 0.006344885866246519, 0.0032130610531931805, 0.0009575120712822185, 0.0035038649553006855]","[null, null, null, null, null]","[null, null, null, null, null]","[null, null, null, null, null]","[null, null, null, null, null]",,0.06396371561946244,0.03658306301433492,5.0,1.96
1a,10000,3820505,neural-fore,neural-main-oracle-bellman,-12.588465831555956,-12.55351255796385,-12.586673112426368,0.059714503140963486,-12.670552984120139,-12.436472131807562,1.0,-0.0017927191295878941,0.03316055446251731,0.6382679675667603,0.6382679675667603,0.0756525058733158,0.07157147424338586,0.032107130914668686,nan,nan,0.27563477474485254,9.501718760496358,28.231198735673736,6692.423256405878,nan,nan,nan,nan,nan,nan,nan,nan,nan,220.0,0.00513018023801651,22.521958524989895,8000.0,1.0,0.0,nan,nan,nan,nan,nan,nan,nan,nan,nan,nan,nan,nan,nan,nan,nan,nan,0.0,"[300, 300, 100, 100, 300]","[0.005871603468725893, 0.0026142468700166245, 0.00807407915556613, 0.006437829273126084, 0.00265314242264782]","[null, null, null, null, null]","[null, null, null, null, null]","[null, null, null, null, null]","[null, null, null, null, null]",,0.059714503140963486,0.08632903456945962,5.0,1.96
1a,10000,3830505,neural-fore,neural-main-oracle-bellman,-12.686746801923123,-12.69121315311676,-12.586673112426368,0.06353183383736713,-12.815735547437999,-12.56669075879552,1.0,-0.10007368949675488,-0.10454004069039158,0.40880606543059284,0.40880606543059284,0.05647758160492907,0.0513494783040526,0.03201915460493719,nan,nan,0.30821220081482786,9.319663643811404,32.41942861337799,6448.59743970776,nan,nan,nan,nan,nan,nan,nan,nan,nan,180.0,0.003741365292666577,21.78532379977405,8000.0,1.0,0.0,nan,nan,nan,nan,nan,nan,nan,nan,nan,nan,nan,nan,nan,nan,nan,nan,0.0,"[100, 300, 300, 100, 100]","[0.007966145857329146, 0.0008679094930962033, 0.0007069582639854808, 0.005890422070807988, 0.003275390778114068]","[null, null, null, null, null]","[null, null, null, null, null]","[null, null, null, null, null]","[null, null, null, null, null]",,0.06353183383736713,0.05927005554242429,5.0,1.96
1a,10000,3840505,neural-fore,neural-main-oracle-bellman,-12.638998647725845,-12.671336980636074,-12.586673112426368,0.06317576998153096,-12.795161489799874,-12.547512471472274,1.0,-0.052325535299477366,-0.08466386820970584,0.8648620028013034,0.8648620028013034,0.09118071041024409,0.08649170559259871,0.02969029531421623,nan,nan,0.28534399992599163,9.162256563470084,32.374793558206385,6365.038836146227,nan,nan,nan,nan,nan,nan,nan,nan,nan,220.0,0.0018670694453473738,23.098554667190182,8000.0,1.0,0.0,nan,nan,nan,nan,nan,nan,nan,nan,nan,nan,nan,nan,nan,nan,nan,nan,0.0,"[100, 300, 300, 100, 300]","[0.005937487326573113, 0.0013568940121872113, 0.0, 0.002040965887976546, 0.0]","[null, null, null, null, null]","[null, null, null, null, null]","[null, null, null, null, null]","[null, null, null, null, null]",,0.06317576998153096,0.05551845349119763,5.0,1.96
1a,10000,3850505,neural-fore,neural-main-oracle-bellman,-12.682443358548435,-12.690900606995042,-12.586673112426368,0.05987580416297465,-12.808257183154472,-12.573544030835611,1.0,-0.09577024612206664,-0.10422749456867386,0.8142906372181145,0.8142906372181145,0.08051749072227404,0.07989825700702095,0.03192909502083546,nan,nan,0.3840170093130777,9.320766029707169,28.97766898122842,6652.16419855685,nan,nan,nan,nan,nan,nan,nan,nan,nan,140.0,0.01119771730030906,19.23017002522247,8000.0,1.0,0.0,nan,nan,nan,nan,nan,nan,nan,nan,nan,nan,nan,nan,nan,nan,nan,nan,0.0,"[100, 100, 100, 100, 300]","[0.024937225371044498, 0.006228089160827421, 0.0181514626149176, 0.0034904497480526112, 0.003181359606703166]","[null, null, null, null, null]","[null, null, null, null, null]","[null, null, null, null, null]","[null, null, null, null, null]",,0.05987580416297465,0.06307376049468826,5.0,1.96
1a,10000,3860505,neural-fore,neural-main-oracle-bellman,-12.514962106878674,-12.48971302843303,-12.586673112426368,0.05842999207374573,-12.604235812897572,-12.375190243968488,1.0,0.07171100554769438,0.09696008399333778,0.3995455453999094,0.3995455453999094,0.05987321832584826,0.0494398278071859,0.04731663391360782,nan,nan,0.23189326460896112,9.491120876755453,27.53317884264165,6689.327511106422,nan,nan,nan,nan,nan,nan,nan,nan,nan,300.0,0.002191832966205713,25.797334133787082,8000.0,1.0,0.0,nan,nan,nan,nan,nan,nan,nan,nan,nan,nan,nan,nan,nan,nan,nan,nan,0.0,"[300, 300, 300, 300, 300]","[0.0021702487222577467, 0.0, 0.0, 0.004300343771846299, 0.004488572336924518]","[null, null, null, null, null]","[null, null, null, null, null]","[null, null, null, null, null]","[null, null, null, null, null]",,0.05842999207374573,0.06758459932695264,5.0,1.96
1a,10000,3870505,neural-fore,neural-main-oracle-bellman,-12.581473441291319,-12.540718891964827,-12.586673112426368,0.06244685737010568,-12.663114732410234,-12.41832305151942,1.0,0.005199671135049044,0.04595422046154063,0.3973792537419357,0.3973792537419357,0.054373186263077224,0.047150551233885014,0.026732198160736558,nan,nan,0.2320362774064221,9.292551129020673,31.89127733793607,6450.963092728547,nan,nan,nan,nan,nan,nan,nan,nan,nan,220.0,0.003164940361868856,23.218001466430724,8000.0,1.0,0.0,nan,nan,nan,nan,nan,nan,nan,nan,nan,nan,nan,nan,nan,nan,nan,nan,0.0,"[100, 100, 300, 300, 300]","[0.012030952450622792, 0.0013452969802806032, 0.0013974166557979577, 0.0005290733919855143, 0.000521962330657413]","[null, null, null, null, null]","[null, null, null, null, null]","[null, null, null, null, null]","[null, null, null, null, null]",,0.06244685737010568,0.05545298321555812,5.0,1.96
1a,10000,3880505,neural-fore,neural-main-oracle-bellman,-12.551152225936594,-12.5056838863516,-12.586673112426368,0.058703193535395576,-12.620742145680975,-12.390625627022224,1.0,0.03552088648977403,0.08098922607476844,0.3469804793048237,0.3469804793048237,0.05702705626042052,0.05254401928554914,0.024824561288954137,nan,nan,0.2398453290519101,9.539444386130178,28.954276674623536,6629.256823496497,nan,nan,nan,nan,nan,nan,nan,nan,nan,300.0,0.0020432562885917675,25.37322297480423,8000.0,1.0,0.0,nan,nan,nan,nan,nan,nan,nan,nan,nan,nan,nan,nan,nan,nan,nan,nan,0.0,"[300, 300, 300, 300, 300]","[0.005280321985584723, 0.0, 0.001713711294449949, 0.0013914927449158207, 0.0018307554180083437]","[null, null, null, null, null]","[null, null, null, null, null]","[null, null, null, null, null]","[null, null, null, null, null]",,0.058703193535395576,0.06319394102496859,5.0,1.96
1a,10000,3890505,neural-fore,neural-main-oracle-bellman,-12.682365157341284,-12.687689133667329,-12.586673112426368,0.06039869644118531,-12.806070578692053,-12.569307688642605,1.0,-0.0956920449149159,-0.10101602124096054,0.4789051244991933,0.4789051244991933,0.0725776555356656,0.06713118726877462,0.023207395684945672,nan,nan,0.2619161962785233,9.426708200893065,29.26639689873059,6593.275824692893,nan,nan,nan,nan,nan,nan,nan,nan,nan,260.0,0.001536946919192502,23.67221625779057,8000.0,1.0,0.0,nan,nan,nan,nan,nan,nan,nan,nan,nan,nan,nan,nan,nan,nan,nan,nan,0.0,"[300, 300, 300, 100, 300]","[0.0, 0.0030858505636368566, 0.0008148168448219675, 0.003784067187503686, 0.0]","[null, null, null, null, null]","[null, null, null, null, null]","[null, null, null, null, null]","[null, null, null, null, null]",,0.06039869644118531,0.014765613776410242,5.0,1.96
1a,10000,3900505,neural-fore,neural-main-oracle-bellman,-12.593300463412053,-12.554238531216425,-12.586673112426368,0.06088845450446465,-12.673579902045176,-12.434897160387674,1.0,-0.006627350985684899,0.03243458120994269,0.5863349154953004,0.5863349154953004,0.09724170182326382,0.07773943602816782,0.0308216895687611,nan,nan,0.3453155589325222,9.258929096913095,30.031430410541677,6548.558282041685,nan,nan,nan,nan,nan,nan,nan,nan,nan,180.0,0.005037118262618481,22.002119475160725,8000.0,1.0,0.0,nan,nan,nan,nan,nan,nan,nan,nan,nan,nan,nan,nan,nan,nan,nan,nan,0.0,"[100, 100, 100, 300, 300]","[0.0019697248324929218, 0.0007296167490168245, 0.017373370452861414, 0.002249362620295789, 0.0028635166584254535]","[null, null, null, null, null]","[null, null, null, null, null]","[null, null, null, null, null]","[null, null, null, null, null]",,0.06088845450446465,0.0784795956254985,5.0,1.96
1a,10000,3910505,neural-fore,neural-main-oracle-bellman,-12.621069905831098,-12.559033618781747,-12.586673112426368,0.05925076746733074,-12.675165123017715,-12.44290211454578,1.0,-0.034396793404729564,0.027639493644620927,0.42359933872025196,0.42359933872025196,0.07608903723936182,0.06990394526948562,0.031697402763271924,nan,nan,0.2742205834851906,9.744781368956126,29.834274217152302,6671.16351110837,nan,nan,nan,nan,nan,nan,nan,nan,nan,260.0,0.003845658183999836,24.073800250014756,8000.0,1.0,0.0,nan,nan,nan,nan,nan,nan,nan,nan,nan,nan,nan,nan,nan,nan,nan,nan,0.0,"[300, 300, 300, 100, 300]","[0.0025222093575965458, 0.002478844956005998, 0.004095567206332083, 0.003587226018737852, 0.0065444433813267025]","[null, null, null, null, null]","[null, null, null, null, null]","[null, null, null, null, null]","[null, null, null, null, null]",,0.05925076746733074,0.03507157798388971,5.0,1.96
1a,10000,3920505,neural-fore,neural-main-oracle-bellman,-12.632434020347917,-12.591327651642127,-12.586673112426368,0.06021971352475092,-12.709358290150638,-12.473297013133616,1.0,-0.04576090792154908,-0.004654539215758646,0.48255836183090006,0.48255836183090006,0.06675647956133704,0.056834153854614974,0.033645236870950036,nan,nan,0.22624241593881303,9.612052965809545,27.36476845252329,6613.782300056166,nan,nan,nan,nan,nan,nan,nan,nan,nan,260.0,0.0012505414241560171,23.577077782619746,8000.0,1.0,0.0,nan,nan,nan,nan,nan,nan,nan,nan,nan,nan,nan,nan,nan,nan,nan,nan,0.0,"[300, 300, 300, 100, 300]","[0.0, 0.0024961121275368977, 5.448399643516584e-05, 0.0037021109968080218, 0.0]","[null, null, null, null, null]","[null, null, null, null, null]","[null, null, null, null, null]","[null, null, null, null, null]",,0.06021971352475092,0.04331591892142743,5.0,1.96
1a,10000,3930505,neural-fore,neural-main-oracle-bellman,-12.611313409076686,-12.6085483716137,-12.586673112426368,0.06091247905839097,-12.727936830568147,-12.489159912659254,1.0,-0.024640296650318305,-0.021875259187332574,0.61419048038249,0.61419048038249,0.08257784923404596,0.07143933376277542,0.035381088223066175,nan,nan,0.255796016231288,9.35689075679398,28.26900426597634,6610.888378551958,nan,nan,nan,nan,nan,nan,nan,nan,nan,220.0,0.004313450505236164,22.614570474799258,8000.0,1.0,0.0,nan,nan,nan,nan,nan,nan,nan,nan,nan,nan,nan,nan,nan,nan,nan,nan,0.0,"[300, 100, 100, 300, 300]","[0.0021921984384644703, 0.009501269017597383, 0.0033120752153860495, 0.004378150230147121, 0.002183559624585791]","[null, null, null, null, null]","[null, null, null, null, null]","[null, null, null, null, null]","[null, null, null, null, null]",,0.06091247905839097,0.03673398237097087,5.0,1.96
1a,10000,3940505,neural-fore,neural-main-oracle-bellman,-12.62842429188125,-12.620415658642191,-12.586673112426368,0.06226212213710951,-12.742449418030926,-12.498381899253456,1.0,-0.0417511794548826,-0.033742546215822955,0.3166421141031157,0.3166421141031157,0.06007068062445524,0.05144058789612198,0.02564895744083295,nan,nan,0.3536810232082987,9.332305453852696,31.161745217411347,6543.213086248952,nan,nan,nan,nan,nan,nan,nan,nan,nan,180.0,0.003419653496393125,18.45790375841316,8000.0,1.0,0.0,nan,nan,nan,nan,nan,nan,nan,nan,nan,nan,nan,nan,nan,nan,nan,nan,0.0,"[100, 100, 300, 300, 100]","[0.003913476389194913, 0.005153961039175244, 0.0, 0.0, 0.008030830053595468]","[null, null, null, null, null]","[null, null, null, null, null]","[null, null, null, null, null]","[null, null, null, null, null]",,0.06226212213710951,0.05745322706436167,5.0,1.96
1a,10000,3950505,neural-fore,neural-main-oracle-bellman,-12.70041727904617,-12.663812468046032,-12.586673112426368,0.06054389375491266,-12.782478499805661,-12.545146436286403,1.0,-0.11374416661980113,-0.07713935561966423,0.5591691257173963,0.5591691257173963,0.07455297203734074,0.060595702050887434,0.029088771330573155,nan,nan,0.40805433518595824,9.581990800156454,28.73358210878259,6726.701796652115,nan,nan,nan,nan,nan,nan,nan,nan,nan,140.0,0.004857532207388382,15.894760816800408,8000.0,1.0,0.0,nan,nan,nan,nan,nan,nan,nan,nan,nan,nan,nan,nan,nan,nan,nan,nan,0.0,"[100, 100, 300, 100, 100]","[0.00039495699601032225, 0.0123162160771857, 0.0075808707542288295, 0.0006774662807135961, 0.003318150928803462]","[null, null, null, null, null]","[null, null, null, null, null]","[null, null, null, null, null]","[null, null, null, null, null]",,0.06054389375491266,0.04999449414284123,5.0,1.96
1a,10000,3960505,neural-fore,neural-main-oracle-bellman,-12.648337455057222,-12.690228676122928,-12.586673112426368,0.06322071921518486,-12.81414128578469,-12.566316066461166,1.0,-0.06166434263085385,-0.10355556369655972,0.5506605946556581,0.5506605946556581,0.0725434582190349,0.06228669011075705,0.030537989879891037,nan,nan,0.23714502486346214,9.296832210412747,31.00322385383285,6471.823432868334,nan,nan,nan,nan,nan,nan,nan,nan,nan,220.0,0.0031067278461194827,15.723497674998361,8000.0,1.0000000000000002,0.0,nan,nan,nan,nan,nan,nan,nan,nan,nan,nan,nan,nan,nan,nan,nan,nan,0.0,"[100, 100, 300, 300, 300]","[0.01042270988760532, 0.004616669649831989, 0.0004942596931601069, 0.0, 0.0]","[null, null, null, null, null]","[null, null, null, null, null]","[null, null, null, null, null]","[null, null, null, null, null]",,0.06322071921518486,0.070688473877988,5.0,1.96
1a,10000,3970505,neural-fore,neural-main-oracle-bellman,-12.634768032738165,-12.678377451769425,-12.586673112426368,0.06269695223592586,-12.801263478151839,-12.555491425387011,1.0,-0.048094920311797296,-0.09170433934305677,0.6401447015310737,0.6401447015310737,0.08802989300885869,0.060331733328799195,0.034663548260036356,nan,nan,0.23666591971413417,9.482426018695266,29.570996533194556,6463.2474065487895,nan,nan,nan,nan,nan,nan,nan,nan,nan,260.0,0.0029072660767743936,17.195055450196378,8000.0,1.0,0.0,nan,nan,nan,nan,nan,nan,nan,nan,nan,nan,nan,nan,nan,nan,nan,nan,0.0,"[300, 100, 300, 300, 300]","[0.0, 0.00910235891936639, 0.004092526831110595, 0.0, 0.001341444633394982]","[null, null, null, null, null]","[null, null, null, null, null]","[null, null, null, null, null]","[null, null, null, null, null]",,0.06269695223592586,0.05565623516847824,5.0,1.96
