n,seed,outcome_sample_size,truth,plugin_estimate,if_estimate,plugin_error,if_error,estimated_se,ci_lower,ci_upper,covered,ci_length,reward_rmse,g_rmse,g_estimand_shift,ratio_q99,ratio_max,ratio_ess,fore_selected_iterations,fore_apbv_score,fore_fit_seconds,fore_normalized_mass,fore_logit_cap_fraction,behavior_policy_selected_c,behavior_policy_validation_nll,transition_selected_alpha,transition_validation_mse,transition_residual_sd_x,transition_residual_sd_z,ratio_failure,fore_selected_iterations_by_fold,fore_apbv_scores_by_fold,failure_message,iid_estimated_se,fold_cluster_estimated_se,crossfit_fold_count,ci_critical_value,behavior_policy_selected_degree,data_fusion_policy_mode,data_fusion_transition_mode,data_fusion_g_mode,data_fusion_ratio_mode,normalization_policy_mode,data_fusion_target_gamma,data_fusion_repeated_splits,split_estimate_sd,behavior_probability_floor,behavior_probability_clipping_fraction
2500,242904,1000000,-0.3170054884673674,-0.295496574752838,-0.23731702366177843,0.0215089137145294,0.079688464805589,0.07135222532621129,-0.37716738530115257,-0.09746666202240431,1.0,0.27970072327874823,0.018739652230194054,0.002425315915397647,0.0030122077115029566,14.44645473197333,24.796570983753632,1652.6697497519442,140.0,0.0012701630339274302,9.575612734000606,1.0,0.0,nan,nan,2.602,0.04214860935240508,0.2073900055740891,0.20337060532232684,0.0,"[100, 100, 100, 300, 100]","[0.002163315284370867, 0.004187499885266285, 0.0, 0.0, 0.0]",,0.07135222532621129,0.08388109254495424,5.0,1.96,nan,known-logging,sieve,frozen,neural-fore,known-uniform,0.8,1.0,0.0,0.02,0.0
2500,342907,1000000,-0.3170054884673674,-0.2983372296196876,-0.4238007628769281,0.01866825884767981,-0.10679527440956066,0.07727713606419767,-0.5752639495627555,-0.27233757619110066,1.0,0.30292637337165484,0.016688087847053078,0.002425315915397647,0.0030122077115029566,14.07890419638472,19.440540162999703,1628.9996864421141,140.0,0.00897331565471052,9.528334783799437,1.0,0.0,nan,nan,4.2219999999999995,0.04094950126783568,0.19799280925402857,0.2051952026817622,0.0,"[100, 100, 300, 100, 100]","[0.02419837555239795, 0.01286124938084672, 0.0, 0.007806953340307919, 0.0]",,0.07727713606419767,0.06286772938001806,5.0,1.96,nan,known-logging,sieve,frozen,neural-fore,known-uniform,0.8,1.0,0.0,0.02,0.0
2500,442910,1000000,-0.3170054884673674,-0.27638966977566254,-0.3278317202738515,0.040615818691704886,-0.010826231806484066,0.07384786766640224,-0.47257354089999987,-0.1830898996477031,1.0,0.28948364125229675,0.02367712661696961,0.002425315915397647,0.0030122077115029566,13.179052658262197,14.8864471259895,1682.8434169846369,140.0,0.011856522454776674,9.68105602479991,1.0,0.0,nan,nan,2.602,0.04088127058661761,0.19858121771158083,0.20412365109367298,0.0,"[100, 100, 100, 100, 300]","[0.006747509220157391, 0.02137671864570592, 0.01937917569050933, 0.008526064675835672, 0.003253144041675059]",,0.07384786766640224,0.029792944985165232,5.0,1.96,nan,known-logging,sieve,frozen,neural-fore,known-uniform,0.8,1.0,0.0,0.02,0.0
2500,542913,1000000,-0.3170054884673674,-0.28720521924137754,-0.23321122764795277,0.029800269225989884,0.08379426081941466,0.07204339941465096,-0.37441629050066866,-0.09200616479523688,1.0,0.2824101257054318,0.024513600170765513,0.002425315915397647,0.0030122077115029566,14.250852263177466,24.120760858889053,1701.9841567168871,180.0,0.006862752661376667,10.260304433400597,1.0,0.0,nan,nan,4.401999999999999,0.039506464630699,0.1956226227980813,0.20155215657727626,0.0,"[100, 100, 300, 100, 300]","[0.0, 0.019901831898218727, 0.0, 0.014411931408664608, 0.0]",,0.07204339941465096,0.09195628182376357,5.0,1.96,nan,known-logging,sieve,frozen,neural-fore,known-uniform,0.8,1.0,0.0,0.02,0.0
2500,642916,1000000,-0.3170054884673674,-0.3030753623348337,-0.36748668404394763,0.013930126132533749,-0.05048119557658021,0.07654384479373294,-0.5175126198396642,-0.21746074824823108,1.0,0.3000518715914331,0.011943919311236874,0.002425315915397647,0.0030122077115029566,14.26448645810663,17.488706213847554,1677.6547414339473,140.0,0.009882131580816815,8.931737733200134,1.0,0.0,nan,nan,4.204,0.04038157398130397,0.20105265423538027,0.200795135877524,0.0,"[100, 100, 100, 100, 300]","[0.004476883881528311, 0.0006059193475696435, 0.010643336687595753, 0.024641968341037927, 0.00904254964635244]",,0.07654384479373294,0.050846424989198336,5.0,1.96,nan,known-logging,sieve,frozen,neural-fore,known-uniform,0.8,1.0,0.0,0.02,0.0
2500,742919,1000000,-0.3170054884673674,-0.3178772536069339,-0.42729149638026354,-0.0008717651395664938,-0.11028600791289611,0.07516269591312784,-0.5746103803699941,-0.27997261239053295,1.0,0.2946377679794611,0.013168884165778764,0.002425315915397647,0.0030122077115029566,12.68665962799209,14.025000870257976,1696.326625243389,140.0,0.011323589474113308,8.953828441600853,1.0,0.0,nan,nan,4.204000000000001,0.04116758970928147,0.20309587901804935,0.1978209110647636,0.0,"[100, 300, 100, 100, 100]","[0.006837314273466177, 0.00137064179165791, 0.006626624611832891, 0.02609825821226412, 0.015685108481345442]",,0.07516269591312784,0.04302260008648541,5.0,1.96,nan,known-logging,sieve,frozen,neural-fore,known-uniform,0.8,1.0,0.0,0.02,0.0
2500,842922,1000000,-0.3170054884673674,-0.31664308362046517,-0.11608510860619231,0.0003624048469022534,0.2009203798611751,0.06444127776217581,-0.24239001302005692,0.010219795807672294,0.0,0.2526098088277292,0.012768889704569217,0.002425315915397647,0.0030122077115029566,13.67076012348721,21.04172786299641,1764.1818085590157,180.0,0.0075173844941269245,9.779958282999724,1.0,0.0,nan,nan,2.602,0.040945817247868,0.1982548189811475,0.20650052498216337,0.0,"[300, 300, 100, 100, 100]","[0.0, 0.0, 0.015777904130625464, 0.013048299128450805, 0.008760719211558356]",,0.06444127776217581,0.08249442389614683,5.0,1.96,nan,known-logging,sieve,frozen,neural-fore,known-uniform,0.8,1.0,0.0,0.02,0.0
2500,942925,1000000,-0.3170054884673674,-0.3256486222373045,-0.3198473478026822,-0.008643133769937084,-0.002841859335314778,0.0729279385640949,-0.46278610738830817,-0.1769085882170562,1.0,0.285877519171252,0.014975261288938719,0.002425315915397647,0.0030122077115029566,13.015177847174707,15.472835737947777,1681.787207816523,180.0,0.00505628551557556,9.57427504139996,1.0,0.0,nan,nan,2.602,0.041241082302644005,0.19801194187850538,0.20764049029886725,0.0,"[100, 100, 100, 300, 300]","[0.0037454851226692044, 0.003963591090970191, 0.009067661318840452, 0.008504690045397953, 0.0]",,0.0729279385640949,0.03213501835062626,5.0,1.96,nan,known-logging,sieve,frozen,neural-fore,known-uniform,0.8,1.0,0.0,0.02,0.0
2500,1042928,1000000,-0.3170054884673674,-0.32080754762213926,-0.26956327652258194,-0.0038020591547718308,0.047442211944785484,0.07098465122018909,-0.4086931929141525,-0.13043336013101134,1.0,0.2782598327831412,0.013414870378713634,0.002425315915397647,0.0030122077115029566,13.815201075987282,15.457906226834048,1703.152859369178,180.0,0.007671376847585139,9.536411066601067,1.0,0.0,nan,nan,4.42,0.0420349330069114,0.20801180780795364,0.19788639402667266,0.0,"[100, 300, 300, 100, 100]","[0.0, 0.009985971500003734, 0.0009105193432754168, 0.0018456842227712329, 0.02561470917187531]",,0.07098465122018909,0.07860567435776113,5.0,1.96,nan,known-logging,sieve,frozen,neural-fore,known-uniform,0.8,1.0,0.0,0.02,0.0
2500,1142931,1000000,-0.3170054884673674,-0.3080580662021921,-0.20730615018187945,0.008947422265175309,0.10969933828548797,0.0689298270145365,-0.342408611130371,-0.07220368923338791,1.0,0.2702049218969831,0.012426480531572826,0.002425315915397647,0.0030122077115029566,12.470791406149218,16.050835733054665,1718.9840008031679,140.0,0.01061777816146684,8.78151033360009,1.0,0.0,nan,nan,2.602,0.042020307019951374,0.20654052012940535,0.20163927245096608,0.0,"[100, 100, 300, 100, 100]","[0.005634713442427268, 0.01164573107474895, 0.0068858422108341154, 0.010743844418208621, 0.018178759661115238]",,0.0689298270145365,0.04511673296212845,5.0,1.96,nan,known-logging,sieve,frozen,neural-fore,known-uniform,0.8,1.0,0.0,0.02,0.0
2500,1242934,1000000,-0.3170054884673674,-0.32691026014478664,-0.2585892329081758,-0.00990477167741921,0.05841625555919161,0.07024930394707625,-0.39627786864444525,-0.12090059717190638,1.0,0.2753772714725389,0.014802205073565777,0.002425315915397647,0.0030122077115029566,12.353889274962405,13.109110782098337,1682.1519439619979,140.0,0.022619684859018496,8.925312233199293,1.0,0.0,nan,nan,4.402,0.04114202675474062,0.200225093287903,0.20267018043087176,0.0,"[300, 100, 100, 100, 100]","[0.002765890908639429, 0.03175556419814471, 0.04859205301341668, 0.008297282105334956, 0.021687634069556698]",,0.07024930394707625,0.08959020755083222,5.0,1.96,nan,known-logging,sieve,frozen,neural-fore,known-uniform,0.8,1.0,0.0,0.02,0.0
2500,1342937,1000000,-0.3170054884673674,-0.3057910336995317,-0.22356246101707883,0.011214454767835724,0.0934430274502886,0.07042768616446698,-0.36160072589943415,-0.08552419613472353,1.0,0.2760765297647106,0.016750734283118733,0.002425315915397647,0.0030122077115029566,13.494350930664297,14.554402460347806,1703.4183083252613,260.0,0.007353566676531663,10.761934083198502,1.0,0.0,nan,nan,0.82,0.04130361117954209,0.20230416064641568,0.20420718164995716,0.0,"[100, 300, 300, 300, 300]","[0.012430160644983906, 0.0, 0.010128865942721218, 0.01165723334353571, 0.002551573451417483]",,0.07042768616446698,0.07806556130513097,5.0,1.96,nan,known-logging,sieve,frozen,neural-fore,known-uniform,0.8,1.0,0.0,0.02,0.0
2500,1442940,1000000,-0.3170054884673674,-0.2916408711306268,-0.24388589017183304,0.025364617336740614,0.07311959829553438,0.07006394293067716,-0.3812112183159603,-0.10656056202770581,1.0,0.27465065628825447,0.019561359243183522,0.002425315915397647,0.0030122077115029566,12.809713368127222,13.529523385158981,1716.5687661428447,180.0,0.0036925924507434085,9.445590341599745,1.0,0.0,nan,nan,4.401999999999999,0.04133046433387314,0.20094293957960746,0.20665160257987814,0.0,"[100, 300, 100, 100, 300]","[0.0067688134596606405, 0.000454926463556721, 0.0, 0.005649757597161452, 0.005589464733338228]",,0.07006394293067716,0.07091455206720196,5.0,1.96,nan,known-logging,sieve,frozen,neural-fore,known-uniform,0.8,1.0,0.0,0.02,0.0
2500,1542943,1000000,-0.3170054884673674,-0.2821888057717842,-0.18937652006745345,0.034816682695583245,0.12762896839991397,0.06932658288183731,-0.3252566225158546,-0.05349641761905233,1.0,0.27176020489680225,0.021510456111070782,0.002425315915397647,0.0030122077115029566,13.164776355000845,14.28316940079209,1697.1312877482428,180.0,0.003050829596252456,9.491758933599703,1.0,0.0,nan,nan,4.6,0.04237322286345248,0.20140507318352524,0.2070311648445522,0.0,"[100, 300, 300, 100, 100]","[0.0, 0.0008291259296195064, 0.0036050129433640816, 0.0039059301199338473, 0.006914078988344843]",,0.06932658288183731,0.061590330642386414,5.0,1.96,nan,known-logging,sieve,frozen,neural-fore,known-uniform,0.8,1.0,0.0,0.02,0.0
2500,1642946,1000000,-0.3170054884673674,-0.31440054363376096,-0.34878107242928447,0.0026049448336064596,-0.03177558396191704,0.07280620966729437,-0.49148124337718146,-0.2060809014813875,1.0,0.28540034189579394,0.015062742341777222,0.002425315915397647,0.0030122077115029566,12.079192944467051,14.108829992371353,1752.3200016971575,100.0,0.009084609229862988,8.146963774999312,1.0,0.0,nan,nan,0.8019999999999999,0.042394302004309506,0.2031198367036149,0.20769122282672475,0.0,"[100, 100, 100, 100, 100]","[0.018541775333834876, 0.004695857590433994, 0.010598094467918559, 0.0, 0.011587318757127514]",,0.07280620966729437,0.032637202166442274,5.0,1.96,nan,known-logging,sieve,frozen,neural-fore,known-uniform,0.8,1.0,0.0,0.02,0.0
2500,1742949,1000000,-0.3170054884673674,-0.31397102773756463,-0.28696435968120587,0.0030344607298027904,0.030041128786161553,0.0717436195035123,-0.42758185390809,-0.14634686545432177,1.0,0.2812349884537682,0.01603678653438124,0.002425315915397647,0.0030122077115029566,12.267594166142716,13.357617156668063,1771.1276796093068,100.0,0.013773245864491728,8.035682791599537,1.0,0.0,nan,nan,4.204,0.041368122488580385,0.20091244352675103,0.20708250026750674,0.0,"[100, 100, 100, 100, 100]","[0.007467632139524322, 0.002373392999778215, 0.020744618919223783, 0.034618780252349504, 0.0036618050115828247]",,0.0717436195035123,0.057926900910052315,5.0,1.96,nan,known-logging,sieve,frozen,neural-fore,known-uniform,0.8,1.0,0.0,0.02,0.0
2500,1842952,1000000,-0.3170054884673674,-0.3199174844131616,-0.2888213059415435,-0.0029119959457941658,0.028184182525823942,0.07336848302816615,-0.43262353267674913,-0.14501907920633783,1.0,0.2876044534704113,0.014406689670429176,0.002425315915397647,0.0030122077115029566,14.095902506445489,15.309230031384498,1646.4267032299433,180.0,0.007648712422905574,9.594302283599244,1.0,0.0,nan,nan,0.622,0.04147170245086485,0.20262341176565934,0.20621161639334823,0.0,"[100, 300, 100, 100, 300]","[0.006604922479857174, 0.00881216332077139, 0.0035151614435589796, 0.018227374009893094, 0.001083940860447232]",,0.07336848302816615,0.11569471771770747,5.0,1.96,nan,known-logging,sieve,frozen,neural-fore,known-uniform,0.8,1.0,0.0,0.02,0.0
2500,1942955,1000000,-0.3170054884673674,-0.31977643649126075,-0.31401253719474603,-0.002770948023893327,0.0029929512726213914,0.0735451088435737,-0.4581609505281505,-0.1698641238613416,1.0,0.2882968266668089,0.01608646494545574,0.002425315915397647,0.0030122077115029566,14.424292282708818,16.31522788491863,1651.5961650477939,220.0,0.004113466942323729,10.155753024999285,1.0,0.0,nan,nan,4.42,0.0420321369244776,0.20618624233677457,0.20059732670912042,0.0,"[100, 300, 300, 100, 300]","[0.0072272059282121855, 0.0, 0.0011084877318780957, 0.0, 0.012231641051528363]",,0.0735451088435737,0.0859141198597301,5.0,1.96,nan,known-logging,sieve,frozen,neural-fore,known-uniform,0.8,1.0,0.0,0.02,0.0
2500,2042958,1000000,-0.3170054884673674,-0.3223195368737316,-0.38195741916058723,-0.00531404840636418,-0.0649519306932198,0.0759602599073414,-0.5308395285789764,-0.2330753097421981,1.0,0.2977642188367783,0.01659509681934088,0.002425315915397647,0.0030122077115029566,14.485310198483049,17.72581362289406,1653.1437420381505,140.0,0.008531854234471798,8.802572775400767,1.0,0.0,nan,nan,4.401999999999999,0.04294708123677327,0.2003800606117326,0.21382980092072792,0.0,"[100, 300, 100, 100, 100]","[0.007497308693085092, 0.009440159883415825, 0.01959715871742754, 0.003869861733109106, 0.0022547821453214353]",,0.0759602599073414,0.11889455022050287,5.0,1.96,nan,known-logging,sieve,frozen,neural-fore,known-uniform,0.8,1.0,0.0,0.02,0.0
2500,2142961,1000000,-0.3170054884673674,-0.3089763872600736,-0.21994622421140694,0.008029101207293832,0.09705926425596048,0.06883535753442828,-0.3548635249788864,-0.08502892344392751,1.0,0.26983460153495886,0.016501020249862164,0.002425315915397647,0.0030122077115029566,12.884040124286287,14.235252886141783,1765.8344542253847,180.0,0.0032460453159834568,9.412519699999029,1.0,0.0,nan,nan,0.622,0.03979616995211739,0.2007414579759911,0.1965482116105638,0.0,"[100, 100, 100, 300, 300]","[0.002220186827174119, 0.008231153070854381, 0.0028738369676657195, 0.0, 0.002905049714223065]",,0.06883535753442828,0.0647972954405237,5.0,1.96,nan,known-logging,sieve,frozen,neural-fore,known-uniform,0.8,1.0,0.0,0.02,0.0
2500,2242964,1000000,-0.3170054884673674,-0.30161572962391575,-0.28420991466066464,0.015389758843451673,0.03279557380670278,0.07215304627747222,-0.4256298853645102,-0.1427899439568191,1.0,0.2828399414076911,0.011257058646202618,0.002425315915397647,0.0030122077115029566,13.586410213373695,20.710835412647786,1696.083752448829,180.0,0.004554281580179396,9.731947066599606,1.0,0.0,nan,nan,8.2,0.0416050232581219,0.20409464088574908,0.2010485879067713,0.0,"[300, 100, 100, 300, 100]","[0.009541911379714838, 0.006395771516677098, 0.0032295070161225048, 0.0, 0.003604217988382541]",,0.07215304627747222,0.06700039253206015,5.0,1.96,nan,known-logging,sieve,frozen,neural-fore,known-uniform,0.8,1.0,0.0,0.02,0.0
2500,2342967,1000000,-0.3170054884673674,-0.2968828228540566,-0.24660113743829043,0.02012266561331083,0.070404351029077,0.07087301829413532,-0.38551225329479566,-0.1076900215817852,1.0,0.27782223171301046,0.015496783828123892,0.002425315915397647,0.0030122077115029566,14.125999294497698,16.85342111094363,1686.1990731977037,220.0,0.008661647370521988,10.39365327459891,1.0,0.0,nan,nan,2.4219999999999997,0.039316820844793016,0.19990298935734044,0.19605524465485363,0.0,"[300, 100, 300, 300, 100]","[0.0, 0.007221451234188284, 0.0, 0.003929570306674629, 0.03215721531174703]",,0.07087301829413532,0.08301719634599856,5.0,1.96,nan,known-logging,sieve,frozen,neural-fore,known-uniform,0.8,1.0,0.0,0.02,0.0
2500,2442970,1000000,-0.3170054884673674,-0.2859609004691271,-0.19492940089463315,0.031044587998240336,0.12207608757273428,0.06946343927834887,-0.3310777418801969,-0.05878105990906937,1.0,0.27229668197112755,0.01599486639599273,0.002425315915397647,0.0030122077115029566,11.83746592465314,16.56157893356077,1725.3694264254877,140.0,0.007765115874310268,8.941813299798378,1.0,0.0,nan,nan,4.204,0.03972818904275556,0.20141367572073152,0.19893020786281604,0.0,"[100, 100, 100, 300, 100]","[0.00572727987786222, 0.018054756349977625, 0.007464294035994417, 0.0009799800833510679, 0.006599269024366008]",,0.06946343927834887,0.06057141387212091,5.0,1.96,nan,known-logging,sieve,frozen,neural-fore,known-uniform,0.8,1.0,0.0,0.02,0.0
2500,2542973,1000000,-0.3170054884673674,-0.3139869407592896,-0.22562672703489184,0.003018547708077801,0.09137876143247559,0.06820301474442832,-0.35930463593397133,-0.09194881813581235,1.0,0.267355817798159,0.011157959119766046,0.002425315915397647,0.0030122077115029566,12.571295546347624,13.508592563964763,1785.6479966773043,140.0,0.022159578564487088,8.704291675200148,1.0,0.0,nan,nan,2.8,0.04069435286621612,0.20372978765543945,0.19709295696249263,0.0,"[100, 100, 100, 100, 300]","[0.04249516029439038, 0.007016441500864651, 0.044569176075148924, 0.007912014906509097, 0.008805100045522384]",,0.06820301474442832,0.0397225601894824,5.0,1.96,nan,known-logging,sieve,frozen,neural-fore,known-uniform,0.8,1.0,0.0,0.02,0.0
2500,2642976,1000000,-0.3170054884673674,-0.3344079625324138,-0.324719962685634,-0.01740247406504636,-0.007714474218266598,0.07293453828110585,-0.46767165771660146,-0.18176826765466655,1.0,0.28590339006193494,0.01390069835318992,0.002425315915397647,0.0030122077115029566,14.50995330381299,17.108133666395283,1644.7136055148305,220.0,0.012104684017634842,11.163422650000939,1.0,0.0,nan,nan,2.602,0.04149460741118681,0.20528304132046266,0.20482447861836345,0.0,"[300, 100, 100, 300, 300]","[0.006676916933529342, 0.0020052750979751097, 0.025209133252277877, 0.012473610798785227, 0.014158484005606656]",,0.07293453828110585,0.05992948353197141,5.0,1.96,nan,known-logging,sieve,frozen,neural-fore,known-uniform,0.8,1.0,0.0,0.02,0.0
2500,2742979,1000000,-0.3170054884673674,-0.3298072530194253,-0.3423688135564139,-0.012801764552057893,-0.025363325089046485,0.07249174420046647,-0.4844526321893282,-0.20028499492349963,1.0,0.28416763726582855,0.01772881843917256,0.002425315915397647,0.0030122077115029566,13.143243056489908,15.62096748794591,1678.2765425940781,140.0,0.007901973564861314,9.743902466601503,1.0,0.0,nan,nan,4.402,0.04228288207088246,0.20658635355645086,0.20291628851932417,0.0,"[100, 300, 100, 100, 100]","[0.011309344498646682, 0.0, 0.011718941886590596, 0.010208558409893792, 0.0062730230291754945]",,0.07249174420046647,0.09739744756683186,5.0,1.96,nan,known-logging,sieve,frozen,neural-fore,known-uniform,0.8,1.0,0.0,0.02,0.0
2500,2842982,1000000,-0.3170054884673674,-0.3025365982046194,-0.25929701650001996,0.014468890262748002,0.05770847196734746,0.07224018290603393,-0.4008877749958465,-0.11770625800419346,1.0,0.283181516991653,0.009665222453455136,0.002425315915397647,0.0030122077115029566,12.845308638686342,13.939472252441192,1703.7405931327962,180.0,0.0067682078044343065,10.522110066799723,1.0,0.0,nan,nan,4.6,0.04085470794329682,0.19959534991003763,0.20393798246737052,0.0,"[300, 100, 100, 100, 300]","[0.0, 0.006931069400000397, 0.006904206844859693, 0.011010780910581495, 0.00899498186672994]",,0.07224018290603393,0.05931983269792677,5.0,1.96,nan,known-logging,sieve,frozen,neural-fore,known-uniform,0.8,1.0,0.0,0.02,0.0
2500,2942985,1000000,-0.3170054884673674,-0.31080284386839285,-0.413359939489696,0.0062026445989745715,-0.09635445102232859,0.07495357711459656,-0.5602689506343053,-0.26645092834508677,1.0,0.2938180222892185,0.017631155683334235,0.002425315915397647,0.0030122077115029566,15.239124918094275,17.129359297785182,1645.90827900361,100.0,0.007699063934369439,8.979608249599186,1.0,0.0,nan,nan,6.4,0.04311969782065271,0.20049384570665282,0.2142481233685797,0.0,"[100, 100, 100, 100, 100]","[0.0019358920233266716, 0.02012625055635, 0.016433177092170525, 0.0, 0.0]",,0.07495357711459656,0.06401994603954325,5.0,1.96,nan,known-logging,sieve,frozen,neural-fore,known-uniform,0.8,1.0,0.0,0.02,0.0
2500,3042988,1000000,-0.3170054884673674,-0.3033947667045539,-0.33221079887924604,0.013610721762813527,-0.015205310411878614,0.07390762376721019,-0.477069741462978,-0.18735185629551407,1.0,0.28971788516746394,0.014702944464785409,0.002425315915397647,0.0030122077115029566,14.698849598906213,16.281572086674245,1600.3395598083775,180.0,0.006214823544299029,9.554736808599046,1.0,0.0,nan,nan,2.62,0.0398817000232311,0.2022042541549698,0.20341679746998106,0.0,"[100, 300, 100, 100, 300]","[0.003891657289572277, 0.003622770857299239, 0.010284123258473705, 0.007107756911228318, 0.006167809404921603]",,0.07390762376721019,0.060622002308697166,5.0,1.96,nan,known-logging,sieve,frozen,neural-fore,known-uniform,0.8,1.0,0.0,0.02,0.0
2500,3142991,1000000,-0.3170054884673674,-0.3094399369504803,-0.4688943079513752,0.007565551516887148,-0.1518888194840078,0.07724555419592612,-0.6202955941753904,-0.31749302172736005,0.0,0.3028025724480304,0.019245159888442175,0.002425315915397647,0.0030122077115029566,13.255975617100624,14.23510155207686,1650.6855234624459,100.0,0.005259685332271997,8.097353416398983,1.0,0.0,nan,nan,6.4,0.04140007418379722,0.1970204325897676,0.2072082743146712,0.0,"[100, 100, 100, 100, 100]","[0.003276504829120905, 0.008458758379976585, 0.0037552837448473287, 0.005283373745014196, 0.0055245059624009695]",,0.07724555419592612,0.10580674065066777,5.0,1.96,nan,known-logging,sieve,frozen,neural-fore,known-uniform,0.8,1.0,0.0,0.02,0.0
2500,3242994,1000000,-0.3170054884673674,-0.3017848895034455,-0.22517394620041295,0.015220598963921916,0.09183154226695447,0.07039750916313398,-0.3631530641601556,-0.08719482824067035,1.0,0.2759582359194852,0.013303191549108653,0.002425315915397647,0.0030122077115029566,13.097274823195514,16.67884392156538,1657.6325250535344,180.0,0.00991856754681727,9.927829499599465,1.0,0.0,nan,nan,2.206,0.04062934773646376,0.19790498398198894,0.20426970138775996,0.0,"[100, 100, 300, 300, 100]","[0.00492717470980755, 0.007497789732533627, 0.010363382442602504, 0.005447898956951993, 0.021356591892190677]",,0.07039750916313398,0.05977445053965306,5.0,1.96,nan,known-logging,sieve,frozen,neural-fore,known-uniform,0.8,1.0,0.0,0.02,0.0
2500,3342997,1000000,-0.3170054884673674,-0.32408454018465893,-0.23378675214116834,-0.007079051717291507,0.08321873632619908,0.06668050555049064,-0.36448054302013,-0.10309296126220668,1.0,0.2613875817579233,0.01633087741311193,0.002425315915397647,0.0030122077115029566,12.53572959594175,14.409505776641799,1690.0260606689237,220.0,0.006058196336041997,10.625770392000414,1.0,0.0,nan,nan,4.401999999999999,0.04044890012951463,0.2018026833007034,0.2006612132458026,0.0,"[300, 100, 100, 300, 300]","[0.0, 0.014251635174567817, 0.0, 0.014319774287030733, 0.0017195722186114386]",,0.06668050555049064,0.07809346589131778,5.0,1.96,nan,known-logging,sieve,frozen,neural-fore,known-uniform,0.8,1.0,0.0,0.02,0.0
2500,3443000,1000000,-0.3170054884673674,-0.3254201352450817,-0.34155326322907065,-0.008414646777714252,-0.024547774761703223,0.07256459255244253,-0.483779864631858,-0.19932666182628328,1.0,0.28445320280557473,0.0133985019795103,0.002425315915397647,0.0030122077115029566,11.402025339563034,14.662686824549608,1782.916529479682,100.0,0.0030688079501604228,8.684049608398345,1.0,0.0,nan,nan,4.6,0.04045467508766286,0.19708840567960756,0.206306579662283,0.0,"[100, 100, 100, 100, 100]","[0.0035632884053883795, 0.00346356963496119, 0.004181978908076531, 0.001246505306229407, 0.0028886974961466055]",,0.07256459255244253,0.07434053633617092,5.0,1.96,nan,known-logging,sieve,frozen,neural-fore,known-uniform,0.8,1.0,0.0,0.02,0.0
2500,3543003,1000000,-0.3170054884673674,-0.3033635341277468,-0.3602931831174095,0.013641954339620621,-0.04328769465004206,0.07597892153553641,-0.5092118693270609,-0.2113744969077581,1.0,0.29783737241930275,0.01136065768617706,0.002425315915397647,0.0030122077115029566,13.499065990957952,18.43369559605185,1622.6080175532427,140.0,0.009746392128334105,9.432921258600254,1.0,0.0,nan,nan,4.2219999999999995,0.04171413676845685,0.202610745219404,0.20750380342610017,0.0,"[100, 100, 100, 300, 100]","[0.01545892591124726, 0.011442855792758966, 0.0029317758305764056, 0.011044026500881376, 0.007854376606206519]",,0.07597892153553641,0.03741500820317403,5.0,1.96,nan,known-logging,sieve,frozen,neural-fore,known-uniform,0.8,1.0,0.0,0.02,0.0
2500,3643006,1000000,-0.3170054884673674,-0.3169980273520055,-0.25233246552345856,7.461115361928616e-06,0.06467302294390886,0.06983328649112037,-0.3892057070460545,-0.11545922400086261,1.0,0.2737464830451919,0.018047665570282954,0.002425315915397647,0.0030122077115029566,13.066599975701134,18.04848829947948,1696.2755035648638,140.0,0.006634390080700594,9.275941949800108,1.0,0.0,nan,nan,2.8,0.04026913736231493,0.19815246678385687,0.20151494244754806,0.0,"[100, 100, 300, 100, 100]","[0.003898732130296844, 0.016035900530916188, 0.0, 0.0020365396823322206, 0.011200778059957717]",,0.06983328649112037,0.04809792121336021,5.0,1.96,nan,known-logging,sieve,frozen,neural-fore,known-uniform,0.8,1.0,0.0,0.02,0.0
2500,3743009,1000000,-0.3170054884673674,-0.31930837957270897,-0.3049524384060721,-0.0023028911053415424,0.012053050061295312,0.07198926991127641,-0.44605140743217386,-0.16385346937997036,1.0,0.2821979380522035,0.010075048823156187,0.002425315915397647,0.0030122077115029566,13.772423504941123,17.595497072427175,1597.507689865052,220.0,0.010212705433376271,10.467674725400503,1.0,0.0,nan,nan,6.4,0.04049234048538195,0.19731463868184457,0.20695031386715187,0.0,"[300, 100, 300, 300, 100]","[0.0038175012241505736, 0.0068361153684877935, 0.00678921008187601, 0.0, 0.03362070049236698]",,0.07198926991127641,0.06660503789355046,5.0,1.96,nan,known-logging,sieve,frozen,neural-fore,known-uniform,0.8,1.0,0.0,0.02,0.0
2500,3843012,1000000,-0.3170054884673674,-0.30469707203128876,-0.3018645748553677,0.012308416436078662,0.015140913611999707,0.07281068823504802,-0.44457352379606185,-0.1591556259146736,1.0,0.2854178978813882,0.020588722551596498,0.002425315915397647,0.0030122077115029566,13.43315373675901,21.733760529895196,1666.1686934576103,140.0,0.000982039785667116,8.771505024599538,1.0,0.0,nan,nan,6.220000000000001,0.040763052524533314,0.20097318345237575,0.20606817961513527,0.0,"[100, 100, 100, 300, 100]","[0.0, 0.0017423929890364356, 0.0, 0.0, 0.003167805939299145]",,0.07281068823504802,0.0825474039519886,5.0,1.96,nan,known-logging,sieve,frozen,neural-fore,known-uniform,0.8,1.0,0.0,0.02,0.0
2500,3943015,1000000,-0.3170054884673674,-0.30052695264493584,-0.31063658226063123,0.016478535822431584,0.006368906206736191,0.07363810508109954,-0.45496726821958633,-0.16630589630167614,1.0,0.2886613719179102,0.01220504419846578,0.002425315915397647,0.0030122077115029566,14.182881052975432,18.203580505833767,1677.5054373671503,140.0,0.010457556130755646,8.895269458799884,1.0,0.0,nan,nan,2.602,0.04082659628461803,0.20466659311021296,0.2004681647991949,0.0,"[300, 100, 100, 100, 100]","[0.0, 0.001996427769345704, 0.01603716505175065, 0.004193168069647066, 0.030061019763034803]",,0.07363810508109954,0.10849940233344742,5.0,1.96,nan,known-logging,sieve,frozen,neural-fore,known-uniform,0.8,1.0,0.0,0.02,0.0
2500,4043018,1000000,-0.3170054884673674,-0.31527912513268047,-0.2768364175754921,0.0017263633346869534,0.040169070891875325,0.07204875813102025,-0.4180519835122918,-0.1356208516386924,1.0,0.2824311318735994,0.014042594404823111,0.002425315915397647,0.0030122077115029566,13.193715632138563,14.324803342036104,1667.1956147396616,140.0,0.007212342749361572,9.006716382599553,1.0,0.0,nan,nan,4.402,0.04226043334285735,0.20143718508679206,0.20643675109621046,0.0,"[100, 100, 100, 100, 300]","[0.007242670094570209, 0.012602417246020806, 0.0073038978135074595, 0.007045742749788584, 0.0018669858429208042]",,0.07204875813102025,0.03817272233553192,5.0,1.96,nan,known-logging,sieve,frozen,neural-fore,known-uniform,0.8,1.0,0.0,0.02,0.0
2500,4143021,1000000,-0.3170054884673674,-0.33181456143431215,-0.3110025090878012,-0.014809072966944725,0.006002979379566231,0.0713993072556352,-0.45094515130884616,-0.1710598668667562,1.0,0.27988528444209,0.01894742281200611,0.002425315915397647,0.0030122077115029566,13.110480887109844,14.848693670267906,1736.6454305363047,100.0,0.009746587643036124,8.314199875200211,1.0,0.0,nan,nan,2.4219999999999997,0.040222150452102354,0.20039228163965958,0.19765347996690602,0.0,"[100, 100, 100, 100, 100]","[0.0, 0.005855174983198019, 0.028097407539718545, 0.013959021696674746, 0.0008213339955893053]",,0.0713993072556352,0.08283423439729287,5.0,1.96,nan,known-logging,sieve,frozen,neural-fore,known-uniform,0.8,1.0,0.0,0.02,0.0
2500,4243024,1000000,-0.3170054884673674,-0.3009501641514508,-0.2562020694493293,0.016055324315916608,0.06080341901803815,0.07173343664875928,-0.39679960528089747,-0.11560453361776107,1.0,0.2811950716631364,0.01300871480837742,0.002425315915397647,0.0030122077115029566,13.185968573112657,16.541930987936688,1701.3300378038634,180.0,0.00790684338971636,9.70782746660043,1.0,0.0,nan,nan,4.401999999999999,0.0414343222381078,0.20455096437793854,0.20049916969863504,0.0,"[100, 300, 100, 100, 300]","[0.011527543258360352, 0.0031912611762626862, 0.0066701791052940305, 0.007939008624315149, 0.010206224784349582]",,0.07173343664875928,0.054574956246755416,5.0,1.96,nan,known-logging,sieve,frozen,neural-fore,known-uniform,0.8,1.0,0.0,0.02,0.0
2500,4343027,1000000,-0.3170054884673674,-0.29085266653533143,-0.347275224849014,0.026152821932035997,-0.030269736381646595,0.07496860392096671,-0.49421368853410874,-0.20033676116391927,1.0,0.2938769273701895,0.019638733670918028,0.002425315915397647,0.0030122077115029566,12.729333383404954,13.411196152298933,1664.5133621345083,100.0,0.020995054579202033,8.380162141599067,1.0,0.0,nan,nan,2.242,0.04132128928472706,0.20276283718362892,0.20052905887562167,0.0,"[100, 100, 100, 100, 100]","[0.0, 0.0009297705253118892, 0.013029639288810072, 0.08573333049185429, 0.005282532590033914]",,0.07496860392096671,0.061305439327000465,5.0,1.96,nan,known-logging,sieve,frozen,neural-fore,known-uniform,0.8,1.0,0.0,0.02,0.0
2500,4443030,1000000,-0.3170054884673674,-0.3196036815976488,-0.24061172873870817,-0.0025981931302813677,0.07639375972865925,0.06954561758400184,-0.3769211392033518,-0.10430231827406458,1.0,0.2726188209292872,0.013851572222809472,0.002425315915397647,0.0030122077115029566,12.477825877685714,13.139109321563918,1742.0489118336009,140.0,0.010149815186169659,9.183695433199318,1.0,0.0,nan,nan,4.401999999999999,0.04192258678602017,0.20909325160997133,0.20378332571063665,0.0,"[100, 100, 300, 100, 100]","[0.004139137649577319, 0.012031824060480478, 0.003923452817772394, 0.005083234269015124, 0.02557142713400297]",,0.06954561758400184,0.041166160902128345,5.0,1.96,nan,known-logging,sieve,frozen,neural-fore,known-uniform,0.8,1.0,0.0,0.02,0.0
2500,4543033,1000000,-0.3170054884673674,-0.304461023134546,-0.18802580883369022,0.012544465332821442,0.1289796796336772,0.06722721426688438,-0.3197911487967836,-0.056260468870596825,1.0,0.2635306799261868,0.012564553215926462,0.002425315915397647,0.0030122077115029566,12.2447548942212,16.2143650642641,1785.3732556217392,220.0,0.00523619363176249,10.520319649601152,1.0,0.0,nan,nan,2.8,0.041165230217575996,0.19935050442895136,0.20593288265290796,0.0,"[100, 300, 100, 300, 300]","[0.003557312309546475, 0.012248934002542884, 0.0055384705257808, 0.0007215474814105349, 0.004114703839531752]",,0.06722721426688438,0.08057430070279864,5.0,1.96,nan,known-logging,sieve,frozen,neural-fore,known-uniform,0.8,1.0,0.0,0.02,0.0
2500,4643036,1000000,-0.3170054884673674,-0.31341087589928585,-0.38974756183248255,0.003594612568081579,-0.07274207336511512,0.07430708710809975,-0.5353894525643581,-0.24410567110060705,1.0,0.291283781463751,0.012270759843275254,0.002425315915397647,0.0030122077115029566,14.383560303912361,17.321616674344263,1656.4513987639893,140.0,0.01755842703480161,8.815778683200188,1.0,0.0,nan,nan,2.8,0.04190195944057988,0.20955057185470777,0.2005989166089789,0.0,"[100, 100, 100, 300, 100]","[0.00932293114419584, 0.029853743759257385, 0.03282250760894536, 0.00253523142198987, 0.01325772123961959]",,0.07430708710809975,0.0629168922046874,5.0,1.96,nan,known-logging,sieve,frozen,neural-fore,known-uniform,0.8,1.0,0.0,0.02,0.0
2500,4743039,1000000,-0.3170054884673674,-0.32731156594608873,-0.3285530053178378,-0.01030607747872131,-0.011547516850470396,0.07209641995619026,-0.4698619884319707,-0.18724402220370492,1.0,0.2826179662282658,0.01026428398509033,0.002425315915397647,0.0030122077115029566,13.03065526160155,17.342445562753973,1681.9786178170752,180.0,0.0067704092162919295,9.616803991999404,1.0,0.0,nan,nan,2.602,0.041131575606655195,0.1979847928078578,0.20570985475534265,0.0,"[100, 300, 100, 100, 300]","[0.016187158341106636, 0.005501119908082596, 0.0017417573246339098, 0.0006666584913373704, 0.009755352016299136]",,0.07209641995619026,0.08076002725582332,5.0,1.96,nan,known-logging,sieve,frozen,neural-fore,known-uniform,0.8,1.0,0.0,0.02,0.0
2500,4843042,1000000,-0.3170054884673674,-0.29434097790717006,-0.35467165526218886,0.02266451056019736,-0.03766616679482143,0.07351524927915576,-0.49876154384933413,-0.21058176667504358,1.0,0.28817977717429055,0.014901982271418758,0.002425315915397647,0.0030122077115029566,13.198943005576997,15.817078453214558,1685.4297376072848,140.0,0.008120849378104353,9.00356844160051,1.0,0.0,nan,nan,4.204,0.04168800576137836,0.20750329597755757,0.19802903116371345,0.0,"[300, 100, 100, 100, 100]","[0.006820254899087897, 0.008511294229416612, 0.0055726030762268996, 0.003982643725855524, 0.015717450959934834]",,0.07351524927915576,0.06669148868953365,5.0,1.96,nan,known-logging,sieve,frozen,neural-fore,known-uniform,0.8,1.0,0.0,0.02,0.0
2500,4943045,1000000,-0.3170054884673674,-0.3039847114441276,-0.22010927798767652,0.013020777023239838,0.09689621047969091,0.06982285149186974,-0.3569620669117412,-0.08325648906361183,1.0,0.2737055778481294,0.014250380012557167,0.002425315915397647,0.0030122077115029566,13.328054287482486,20.933344839751992,1676.3817101161476,100.0,0.0041652978207867885,8.182854791401041,1.0,0.0,nan,nan,4.6,0.04085614600986971,0.20521790449800942,0.2043481924646126,0.0,"[100, 100, 100, 100, 100]","[0.004205188783715714, 0.0, 0.01045556160318566, 0.0020590366503042655, 0.004106702066728301]",,0.06982285149186974,0.04733062358956286,5.0,1.96,nan,known-logging,sieve,frozen,neural-fore,known-uniform,0.8,1.0,0.0,0.02,0.0
2500,5043048,1000000,-0.3170054884673674,-0.29178667670074804,-0.18560215330015647,0.025218811766619387,0.13140333516721095,0.06714348900808029,-0.3172033917559938,-0.054000914844319126,1.0,0.2632024769116747,0.020446860048669937,0.002425315915397647,0.0030122077115029566,13.463885593366497,16.865701203220752,1752.287710388273,140.0,0.002704701404926761,8.786742074799985,1.0,0.0,nan,nan,6.4,0.042666124287245054,0.20217420119960824,0.20989821448711368,0.0,"[100, 100, 100, 100, 300]","[0.0, 0.011651307752614314, 0.0, 0.00187219927201949, 0.0]",,0.06714348900808029,0.11366399200603827,5.0,1.96,nan,known-logging,sieve,frozen,neural-fore,known-uniform,0.8,1.0,0.0,0.02,0.0
2500,5143051,1000000,-0.3170054884673674,-0.3008366535180454,-0.2989835432673741,0.01616883494932203,0.01802194519999334,0.0730468771782799,-0.4421554225368027,-0.1558116639979455,1.0,0.2863437585388572,0.018666121907670943,0.002425315915397647,0.0030122077115029566,14.559641772239333,18.726969994174816,1650.1262575934277,260.0,0.006182674633019015,11.171447667000757,1.0,0.0,nan,nan,4.402,0.0399518936177329,0.2018454996783136,0.20222766607064785,0.0,"[100, 300, 300, 300, 300]","[0.007829790259477488, 0.006873498443671994, 0.0007454802511157382, 0.00642326144451687, 0.009041342766312983]",,0.0730468771782799,0.0957502762153112,5.0,1.96,nan,known-logging,sieve,frozen,neural-fore,known-uniform,0.8,1.0,0.0,0.02,0.0
2500,5243054,1000000,-0.3170054884673674,-0.2974449774950086,-0.2993449526951044,0.019560510972358836,0.01766053577226301,0.07252748047287966,-0.44149881442194855,-0.15719109096826028,1.0,0.28430772345368827,0.016300965535182257,0.002425315915397647,0.0030122077115029566,12.868952631229288,14.390628921788824,1738.0343455737866,140.0,0.01854791740264295,9.106106049798836,1.0,0.0,nan,nan,8.2,0.041537751692409974,0.20217292926693947,0.2021647142086414,0.0,"[100, 100, 300, 100, 100]","[0.028543756209706308, 0.0005692401773217152, 0.005000333306629598, 0.05527234549280241, 0.003353911826754712]",,0.07252748047287966,0.07535114925176814,5.0,1.96,nan,known-logging,sieve,frozen,neural-fore,known-uniform,0.8,1.0,0.0,0.02,0.0
2500,5343057,1000000,-0.3170054884673674,-0.2985904780624626,-0.34314243578746495,0.01841501040490484,-0.026136947320097526,0.07162962593966003,-0.4835365026291986,-0.20274836894573128,1.0,0.28078813368346733,0.018512339881452393,0.002425315915397647,0.0030122077115029566,13.99869131355476,16.545942485939232,1704.0722159768168,140.0,0.0076419623664732515,9.190140566800618,1.0,0.0,nan,nan,8.2,0.041959091245976875,0.2058141642780759,0.2076763295568243,0.0,"[100, 100, 100, 300, 100]","[0.013504284831740713, 0.00433152808394874, 0.0031295150021349687, 0.004780053414993728, 0.0124644304995481]",,0.07162962593966003,0.02284151517770276,5.0,1.96,nan,known-logging,sieve,frozen,neural-fore,known-uniform,0.8,1.0,0.0,0.02,0.0
2500,5443060,1000000,-0.3170054884673674,-0.31382211958230444,-0.4150462170429837,0.003183368885062987,-0.0980407285756163,0.07695440091436682,-0.5658768428351427,-0.2642155912508247,1.0,0.30166125158431795,0.01234507981068474,0.002425315915397647,0.0030122077115029566,12.554918242238175,13.537379682510476,1731.260591601955,180.0,0.003587731300301533,10.960675415999868,1.0,0.0,nan,nan,6.4,0.040830315016532635,0.20661805264340014,0.1966991624586815,0.0,"[100, 300, 100, 100, 300]","[0.007150440377375736, 0.004857462621335498, 0.0049971362453072425, 0.0, 0.0009336172574891922]",,0.07695440091436682,0.06474141863956018,5.0,1.96,nan,known-logging,sieve,frozen,neural-fore,known-uniform,0.8,1.0,0.0,0.02,0.0
2500,5543063,1000000,-0.3170054884673674,-0.2962223611234714,-0.3685163519642967,0.020783127343896035,-0.05151086349692929,0.07486788494767758,-0.5152574064617448,-0.22177529746684865,1.0,0.29348210899489613,0.018462026498907668,0.002425315915397647,0.0030122077115029566,13.386171041031336,16.566108037200213,1640.2299191626382,140.0,0.0038341114931952766,11.986040549599783,1.0,0.0,nan,nan,2.404,0.04067022913917777,0.19865881679333405,0.1996983845471608,0.0,"[300, 100, 100, 100, 100]","[0.003158046907821035, 0.0028152373181088053, 0.004068015638017716, 0.009129257602028828, 0.0]",,0.07486788494767758,0.04577248501325098,5.0,1.96,nan,known-logging,sieve,frozen,neural-fore,known-uniform,0.8,1.0,0.0,0.02,0.0
2500,5643066,1000000,-0.3170054884673674,-0.2969283535549287,-0.3474365452805181,0.020077134912438732,-0.03043105681315067,0.07537231119024403,-0.4951662752133964,-0.19970681534763982,1.0,0.29545945986575656,0.016896236843736496,0.002425315915397647,0.0030122077115029566,14.462979862974713,17.63722916282382,1660.990355021181,180.0,0.004376805399844362,13.070932175200142,1.0,0.0,nan,nan,4.402,0.04010755337137024,0.20228095905451457,0.1974225517937618,0.0,"[100, 100, 300, 100, 300]","[0.006690846829847198, 0.002662262448782718, 0.00780470723951715, 0.0037809750831468546, 0.0009452353979278878]",,0.07537231119024403,0.05240662644632384,5.0,1.96,nan,known-logging,sieve,frozen,neural-fore,known-uniform,0.8,1.0,0.0,0.02,0.0
2500,5743069,1000000,-0.3170054884673674,-0.2981258664629623,-0.35627968999950765,0.018879622004405128,-0.03927420153214023,0.07454953994524346,-0.5023967882921848,-0.21016259170683046,1.0,0.2922341965853544,0.014125824371701652,0.002425315915397647,0.0030122077115029566,12.797046219888943,14.661841307538273,1711.8460495519416,140.0,0.005079573125787767,12.991240516600374,1.0,0.0,nan,nan,4.6,0.04070524387350821,0.1943170027320948,0.208805647340608,0.0,"[100, 100, 100, 300, 100]","[0.006301655713351606, 0.008225778810862098, 0.004052145939628671, 0.0, 0.00681828516509646]",,0.07454953994524346,0.06611257730572268,5.0,1.96,nan,known-logging,sieve,frozen,neural-fore,known-uniform,0.8,1.0,0.0,0.02,0.0
2500,5843072,1000000,-0.3170054884673674,-0.30414759029873484,-0.17837877429307966,0.012857898168632587,0.13862671417428776,0.06871622474375633,-0.3130625747908421,-0.043694973795317255,0.0,0.2693676009955248,0.011189512172616118,0.002425315915397647,0.0030122077115029566,13.26230962811547,17.938326365948747,1722.2111601554832,140.0,0.0061615466034276156,14.253478532800727,1.0000000000000002,0.0,nan,nan,0.8019999999999999,0.040269909009147474,0.20187292651892014,0.20028327514564634,0.0,"[100, 100, 300, 100, 100]","[0.003495370205549055, 0.007597849151744007, 0.013002812514228461, 0.006711701145616554, 0.0]",,0.06871622474375633,0.10687097181536577,5.0,1.96,nan,known-logging,sieve,frozen,neural-fore,known-uniform,0.8,1.0,0.0,0.02,0.0
2500,5943075,1000000,-0.3170054884673674,-0.2940326772853407,-0.24906452680698177,0.02297281118202671,0.06794096166038566,0.07278273895803339,-0.39171869516472724,-0.10641035844923633,1.0,0.2853083367154909,0.011768667911067445,0.002425315915397647,0.0030122077115029566,14.21621789851997,15.880444002318919,1718.176205186245,140.0,0.005276730299242476,14.548904941799993,1.0,0.0,nan,nan,4.401999999999999,0.04196237370666887,0.20516589689711143,0.2035048811935393,0.0,"[100, 300, 100, 100, 100]","[0.0028607928624972833, 0.01055301864295835, 0.00624021169519628, 0.006729628295560466, 0.0]",,0.07278273895803339,0.027605741993106257,5.0,1.96,nan,known-logging,sieve,frozen,neural-fore,known-uniform,0.8,1.0,0.0,0.02,0.0
2500,6043078,1000000,-0.3170054884673674,-0.3266383282205435,-0.2879981577769788,-0.009632839753176081,0.029007330690388633,0.07117751227855282,-0.4275060818429423,-0.14849023371101527,1.0,0.27901584813192704,0.01393890180353326,0.002425315915397647,0.0030122077115029566,13.513603018298719,15.637930822822762,1728.1045814741951,100.0,0.00510359781652964,13.221205875000305,1.0,0.0,nan,nan,2.8,0.04012653748114835,0.19927489220701372,0.19965027536831964,0.0,"[100, 100, 100, 100, 100]","[0.0035441501721429933, 0.0, 0.002214723340932216, 0.015600290498437792, 0.004158825071135201]",,0.07117751227855282,0.0724261023616027,5.0,1.96,nan,known-logging,sieve,frozen,neural-fore,known-uniform,0.8,1.0,0.0,0.02,0.0
2500,6143081,1000000,-0.3170054884673674,-0.3228148530671702,-0.3223443633459414,-0.005809364599802802,-0.005338874878573985,0.07076193664280733,-0.4610377591658438,-0.18365096752603904,1.0,0.27738679163980473,0.009131119982349355,0.002425315915397647,0.0030122077115029566,12.33711330225551,13.374910389062821,1710.400660844347,180.0,0.006264299881694624,15.719332474401018,1.0,0.0,nan,nan,4.401999999999999,0.04153247891463067,0.20785667838209143,0.1965902679107321,0.0,"[100, 300, 100, 100, 300]","[0.005462678713123778, 0.0, 0.0, 0.02585882069534934, 0.0]",,0.07076193664280733,0.035277355132843566,5.0,1.96,nan,known-logging,sieve,frozen,neural-fore,known-uniform,0.8,1.0,0.0,0.02,0.0
2500,6243084,1000000,-0.3170054884673674,-0.2797863023251698,-0.34739863485752814,0.0372191861421976,-0.03039314639016072,0.07476324325922573,-0.4939345916456106,-0.20086267806944572,1.0,0.29307191357616486,0.017971002883764034,0.002425315915397647,0.0030122077115029566,13.515132629118888,16.421226562406115,1666.3639788651344,180.0,0.007563072899957823,15.722557133801093,0.9999999999999998,0.0,nan,nan,4.24,0.04180648007052344,0.2083517968320423,0.2035534410463943,0.0,"[100, 100, 300, 100, 300]","[0.01831446000234742, 0.015498261022667928, 0.0, 0.0036857571671964685, 0.00031688630757729756]",,0.07476324325922573,0.08911023672813083,5.0,1.96,nan,known-logging,sieve,frozen,neural-fore,known-uniform,0.8,1.0,0.0,0.02,0.0
2500,6343087,1000000,-0.3170054884673674,-0.28846375825954285,-0.27234859217458895,0.028541730207824578,0.04465689629277847,0.07131859050401697,-0.4121330295624622,-0.1325641547867157,1.0,0.2795688747757465,0.02219300026524523,0.002425315915397647,0.0030122077115029566,14.131561351210026,16.076989454589725,1659.8913064486792,140.0,0.0037977637972870055,14.744270941599826,1.0,0.0,nan,nan,0.42400000000000004,0.04303668319815675,0.2044174152076399,0.20866779078084852,0.0,"[100, 300, 100, 100, 100]","[0.003325175312974769, 0.0, 0.0, 0.0, 0.015663643673460258]",,0.07131859050401697,0.06336431343314321,5.0,1.96,nan,known-logging,sieve,frozen,neural-fore,known-uniform,0.8,1.0,0.0,0.02,0.0
2500,6443090,1000000,-0.3170054884673674,-0.32021816204176085,-0.45919196122501216,-0.003212673574393421,-0.14218647275764473,0.07691903435906335,-0.6099532685687763,-0.308430653881248,1.0,0.30152261468752833,0.01033378860997898,0.002425315915397647,0.0030122077115029566,13.192096585106148,13.911630461815967,1669.3306049482353,100.0,0.010162543248930938,13.707360124199113,1.0,0.0,nan,nan,0.622,0.0407505479076159,0.2021058523152841,0.2004259987934358,0.0,"[100, 100, 100, 100, 100]","[0.004561024375324875, 0.003967662755946901, 0.009366332667715527, 0.019228300743024396, 0.013689395702642984]",,0.07691903435906335,0.06497224172246695,5.0,1.96,nan,known-logging,sieve,frozen,neural-fore,known-uniform,0.8,1.0,0.0,0.02,0.0
2500,6543093,1000000,-0.3170054884673674,-0.31819350316752854,-0.31829332787448494,-0.0011880147001611108,-0.0012878394071175192,0.0713411456268989,-0.4581219733032068,-0.1784646824457631,1.0,0.2796572908574437,0.014592563271357346,0.002425315915397647,0.0030122077115029566,13.316623338560989,17.684580935672088,1725.2969755325691,140.0,0.00817594550214217,14.652231175199267,1.0,0.0,nan,nan,2.602,0.040368179610555756,0.19477969886614677,0.20495948386193313,0.0,"[100, 100, 300, 100, 100]","[0.023428557180148628, 0.007624934266887553, 0.0, 0.007572099180301855, 0.0022541368833728175]",,0.0713411456268989,0.05837221838226597,5.0,1.96,nan,known-logging,sieve,frozen,neural-fore,known-uniform,0.8,1.0,0.0,0.02,0.0
2500,6643096,1000000,-0.3170054884673674,-0.32631375733280055,-0.2938099335196257,-0.009308268865433122,0.023195554947741726,0.07172218144377399,-0.4343854091494227,-0.1532344578898287,1.0,0.281150951259594,0.012799369965272785,0.002425315915397647,0.0030122077115029566,12.635197396905152,15.94251549206841,1694.9966935879372,140.0,0.007630401300462023,14.396179891599967,1.0,0.0,nan,nan,4.42,0.04179187682912108,0.20010553986614754,0.21044897165456522,0.0,"[100, 300, 100, 100, 100]","[0.012559510622246873, 0.005770977069315546, 0.011675705311751453, 0.0071180608243175585, 0.0010277526746786817]",,0.07172218144377399,0.05742640291503514,5.0,1.96,nan,known-logging,sieve,frozen,neural-fore,known-uniform,0.8,1.0,0.0,0.02,0.0
2500,6743099,1000000,-0.3170054884673674,-0.33398538387749066,-0.3868654752908891,-0.016979895410123236,-0.06985998682352168,0.07334783980064588,-0.530627241300155,-0.24310370928162317,1.0,0.28752353201853187,0.01418973521312328,0.002425315915397647,0.0030122077115029566,12.998891534642489,14.52488635542259,1694.5708075583093,140.0,0.009079839506480593,14.491669291400104,1.0,0.0,nan,nan,4.6,0.039904335920412114,0.19880592413898826,0.1993304321460811,0.0,"[100, 100, 100, 300, 100]","[0.017445845577448948, 0.008927053531190589, 0.010261767779905444, 0.006251242063592161, 0.0025132885802658165]",,0.07334783980064588,0.05436337768497645,5.0,1.96,nan,known-logging,sieve,frozen,neural-fore,known-uniform,0.8,1.0,0.0,0.02,0.0
2500,6843102,1000000,-0.3170054884673674,-0.30451520323211656,-0.21110449852592675,0.012490285235250864,0.10590098994144068,0.06923582563627956,-0.34680671677303465,-0.07540228027881882,1.0,0.27140443649421586,0.016784390605489686,0.002425315915397647,0.0030122077115029566,13.188638959286209,16.270602990306276,1718.566981939208,140.0,0.007017219021765372,14.42826030859942,1.0,0.0,nan,nan,8.002,0.04161741943011084,0.2061047847172614,0.2043167131780003,0.0,"[100, 100, 100, 100, 300]","[0.009909648989984685, 0.008566555271790158, 0.009583901487984258, 0.007025989359067763, 0.0]",,0.06923582563627956,0.035350059270314094,5.0,1.96,nan,known-logging,sieve,frozen,neural-fore,known-uniform,0.8,1.0,0.0,0.02,0.0
2500,6943105,1000000,-0.3170054884673674,-0.31125189392467645,-0.4280957420526667,0.005753594542690976,-0.11109025358529928,0.07711659176237219,-0.5792442619069162,-0.2769472221984172,1.0,0.30229703970849897,0.014634343913027717,0.002425315915397647,0.0030122077115029566,14.005980755301081,22.358777888080443,1618.416459481133,220.0,0.004134251360399751,17.00447859219894,1.0,0.0,nan,nan,4.204,0.04105051927853357,0.198886827984946,0.20707923104972692,0.0,"[100, 100, 300, 300, 300]","[0.005727626443524075, 0.012718206346135043, 0.002225424012339636, 0.0, 0.0]",,0.07711659176237219,0.06095615785691221,5.0,1.96,nan,known-logging,sieve,frozen,neural-fore,known-uniform,0.8,1.0,0.0,0.02,0.0
2500,7043108,1000000,-0.3170054884673674,-0.31991064809026676,-0.29851387213068165,-0.0029051596228993337,0.01849161633668578,0.07071428463781626,-0.4371138700208015,-0.15991387424056178,1.0,0.27719999578023974,0.01558441912666946,0.002425315915397647,0.0030122077115029566,13.06186275705048,19.651018087549666,1738.6241734043215,140.0,0.01016604922163959,14.597111750200565,1.0,0.0,nan,nan,6.4,0.04465975260124859,0.21333109365944597,0.20884884999508607,0.0,"[300, 100, 100, 100, 100]","[0.0, 0.014940674805001572, 0.020486949352040925, 0.012263922041712052, 0.0031386999094434064]",,0.07071428463781626,0.07564154196619391,5.0,1.96,nan,known-logging,sieve,frozen,neural-fore,known-uniform,0.8,1.0,0.0,0.02,0.0
2500,7143111,1000000,-0.3170054884673674,-0.31395563473433213,-0.41636725046528916,0.0030498537330352904,-0.09936176199792174,0.07480418508577526,-0.5629834532334087,-0.2697510476971696,1.0,0.293232405536239,0.016063501210641023,0.002425315915397647,0.0030122077115029566,14.703459458133114,17.1639628272917,1638.9544706084605,140.0,0.008377175978458561,15.169168016600088,1.0,0.0,nan,nan,6.202,0.039879091573337716,0.19829498315092997,0.19812927174207012,0.0,"[100, 100, 100, 100, 300]","[0.0005524415612001244, 0.01890766144746607, 0.006212061685202088, 0.014255157197440778, 0.0019585580009837435]",,0.07480418508577526,0.0789835271140058,5.0,1.96,nan,known-logging,sieve,frozen,neural-fore,known-uniform,0.8,1.0,0.0,0.02,0.0
2500,7243114,1000000,-0.3170054884673674,-0.3225744436399756,-0.4027064025144755,-0.005568955172608192,-0.08570091404710806,0.07863620928016597,-0.5568333727036008,-0.24857943232535018,1.0,0.3082539403782506,0.012052928131512911,0.002425315915397647,0.0030122077115029566,16.428494158840948,27.092399770537725,1594.7486573095225,180.0,0.010139297345399152,16.23954909139975,1.0000000000000002,0.0,nan,nan,4.204,0.040961385498367454,0.1953647610224537,0.2097068568629236,0.0,"[300, 100, 300, 100, 100]","[0.011820075473060245, 0.005830524019807509, 0.0, 0.019843714744158632, 0.013202172489969377]",,0.07863620928016597,0.0365555354487242,5.0,1.96,nan,known-logging,sieve,frozen,neural-fore,known-uniform,0.8,1.0,0.0,0.02,0.0
2500,7343117,1000000,-0.3170054884673674,-0.3167568259655517,-0.48752656428166785,0.0002486625018157107,-0.17052107581430043,0.07813887333463368,-0.6406787560175499,-0.33437437254578584,0.0,0.30630438347176403,0.01318964325531049,0.002425315915397647,0.0030122077115029566,13.540557375238516,16.794463285528312,1659.928705401859,180.0,0.005184207495598004,16.128174766999656,1.0,0.0,nan,nan,4.401999999999999,0.04112750535765648,0.2062110528839797,0.1991455298340266,0.0,"[100, 100, 300, 100, 300]","[0.0038149039635829406, 0.0013833791156030758, 0.005654810050526189, 0.011067072623619455, 0.00400087172465836]",,0.07813887333463368,0.045821868239191245,5.0,1.96,nan,known-logging,sieve,frozen,neural-fore,known-uniform,0.8,1.0,0.0,0.02,0.0
2500,7443120,1000000,-0.3170054884673674,-0.32626574535578173,-0.3257531211306815,-0.009260256888414309,-0.008747632663314076,0.06938163680346388,-0.46174112926547073,-0.1897651129958923,1.0,0.2719760162695784,0.012156992596969294,0.002425315915397647,0.0030122077115029566,11.841910151243265,12.303791991550959,1753.136651262794,100.0,0.008487759386081631,13.572184383599232,1.0,0.0,nan,nan,2.602,0.04145812858684636,0.20479928049733154,0.20096882239072414,0.0,"[100, 100, 100, 100, 100]","[0.0012390914862076242, 0.0, 0.010466403675529281, 0.009044413700940217, 0.02168888806773103]",,0.06938163680346388,0.030062599928428857,5.0,1.96,nan,known-logging,sieve,frozen,neural-fore,known-uniform,0.8,1.0,0.0,0.02,0.0
2500,7543123,1000000,-0.3170054884673674,-0.3174377595493761,-0.3660637321935947,-0.0004322710820086617,-0.0490582437262273,0.07401075217070364,-0.5111248064481739,-0.22100265793901558,1.0,0.2901221485091583,0.01291327395502655,0.002425315915397647,0.0030122077115029566,14.232125523028317,18.076075629402226,1695.2616975406775,140.0,0.008438925804339647,14.710321249800108,0.9999999999999998,0.0,nan,nan,2.8,0.04122389500605307,0.19958442048946695,0.20603308491349281,0.0,"[300, 100, 100, 100, 100]","[0.008983811757800645, 0.001663160291776282, 0.007456665529354774, 0.004521856723474542, 0.019569134719291996]",,0.07401075217070364,0.06046064959855197,5.0,1.96,nan,known-logging,sieve,frozen,neural-fore,known-uniform,0.8,1.0,0.0,0.02,0.0
2500,7643126,1000000,-0.3170054884673674,-0.29183961473551145,-0.2920046544072561,0.02516587373185597,0.025000834060111332,0.07099718886545615,-0.43115914458355015,-0.15285016423096204,1.0,0.2783089803525881,0.012322908096630647,0.002425315915397647,0.0030122077115029566,13.3564682569192,15.833944713011117,1688.984029606844,180.0,0.00912380894089217,15.968550441600746,1.0,0.0,nan,nan,4.204,0.039518441660762495,0.1965416953365089,0.19794199537170862,0.0,"[100, 300, 100, 300, 100]","[0.0, 0.005329258710789753, 0.024211244540153137, 0.010743429742634175, 0.0053351117108837946]",,0.07099718886545615,0.07006410050318873,5.0,1.96,nan,known-logging,sieve,frozen,neural-fore,known-uniform,0.8,1.0,0.0,0.02,0.0
2500,7743129,1000000,-0.3170054884673674,-0.31620681982844123,-0.23825602327785309,0.0007986686389261921,0.07874946518951434,0.06878953709226708,-0.3730835159786966,-0.1034285305770096,1.0,0.269654985401687,0.01085477649372317,0.002425315915397647,0.0030122077115029566,12.460663768575214,17.447448788631494,1724.6833885060244,140.0,0.0026280491632643295,20.31871416680042,1.0,0.0,nan,nan,1.0,0.04076616867087923,0.20752931549213754,0.19771504157406145,0.0,"[100, 100, 100, 300, 100]","[0.0006285324489334615, 0.007332474055801403, 0.0, 0.0, 0.005179239311586783]",,0.06878953709226708,0.034733898403020824,5.0,1.96,nan,known-logging,sieve,frozen,neural-fore,known-uniform,0.8,1.0,0.0,0.02,0.0
2500,7843132,1000000,-0.3170054884673674,-0.3099841440931853,-0.35009994587432913,0.007021344374182115,-0.03309445740696171,0.0750681240197396,-0.49723346895301873,-0.20296642279563953,1.0,0.2942670461573792,0.015177630703727421,0.002425315915397647,0.0030122077115029566,13.416858562698476,14.358576377540006,1642.2489986334788,140.0,0.011656560718799985,19.60787505859953,1.0,0.0,nan,nan,6.4,0.0412539797812285,0.20362531494114838,0.2021467105611224,0.0,"[100, 100, 300, 100, 100]","[0.013604200898901218, 0.023075683860809555, 0.0, 0.013499131340835312, 0.008103787493453833]",,0.0750681240197396,0.08176776378851543,5.0,1.96,nan,known-logging,sieve,frozen,neural-fore,known-uniform,0.8,1.0,0.0,0.02,0.0
2500,7943135,1000000,-0.3170054884673674,-0.3349870291327174,-0.37544203232234885,-0.01798154066534996,-0.058436543854981426,0.07709545052477025,-0.5265491153508985,-0.22433494929379916,1.0,0.3022141660570994,0.015855332896576153,0.002425315915397647,0.0030122077115029566,14.796533537622897,17.213969118111404,1618.4883863918146,180.0,0.009560493099920606,19.166086658201312,1.0,0.0,nan,nan,4.023999999999999,0.04075278714186749,0.19715279018581625,0.20633451360772853,0.0,"[100, 300, 100, 300, 100]","[0.005475514576766877, 0.005430611297683246, 0.023579782939654452, 0.008360252366816704, 0.004956304318681757]",,0.07709545052477025,0.06704440892034277,5.0,1.96,nan,known-logging,sieve,frozen,neural-fore,known-uniform,0.8,1.0,0.0,0.02,0.0
2500,8043138,1000000,-0.3170054884673674,-0.2990739440342347,-0.3099765788434585,0.017931544433132718,0.007028909623908952,0.07347706014321848,-0.45399161672416666,-0.16596154096275026,1.0,0.2880300757614164,0.014649311550539747,0.002425315915397647,0.0030122077115029566,13.845680282468063,16.529664913040957,1671.801450262011,180.0,0.007424154266264228,17.751604025400958,1.0,0.0,nan,nan,2.602,0.04141493613067164,0.20231923419424583,0.20054716262453068,0.0,"[300, 100, 300, 100, 100]","[0.006610193860561058, 0.0028211541284806196, 0.008219174762759556, 0.010657196144322487, 0.00881305243519742]",,0.07347706014321848,0.08204302838898556,5.0,1.96,nan,known-logging,sieve,frozen,neural-fore,known-uniform,0.8,1.0,0.0,0.02,0.0
2500,8143141,1000000,-0.3170054884673674,-0.31565280641269233,-0.2682980151911655,0.0013526820546750917,0.04870747327620195,0.07145740327298258,-0.4083545256062113,-0.12824150477611962,1.0,0.2801130208300917,0.01128078445217932,0.002425315915397647,0.0030122077115029566,14.943117113319289,21.369638844019786,1630.4268734879001,220.0,0.010693883466080707,11.235990524800219,1.0,0.0,nan,nan,2.62,0.041982731306688045,0.20395596420804965,0.20161822339753405,0.0,"[100, 300, 100, 300, 300]","[0.021618122616858988, 0.00022211600546462914, 0.009977117836646213, 0.01647628868912185, 0.005175772182311846]",,0.07145740327298258,0.09255545037545408,5.0,1.96,nan,known-logging,sieve,frozen,neural-fore,known-uniform,0.8,1.0,0.0,0.02,0.0
2500,8243144,1000000,-0.3170054884673674,-0.3229977271964789,-0.3547011583057074,-0.0059922387291114765,-0.037695669838339996,0.07354398322232521,-0.4988473654214648,-0.21055495118995002,1.0,0.2882924142315148,0.013679867794532506,0.002425315915397647,0.0030122077115029566,14.154601281317824,22.359745177859423,1658.8021378509477,140.0,0.01790574701653455,9.699580758401135,1.0,0.0,nan,nan,4.402,0.04107294706982054,0.20401418336243898,0.20272880313134195,0.0,"[100, 100, 100, 300, 100]","[0.04305700385482719, 0.013938121764617924, 0.013234342006151723, 0.0034564322901428613, 0.015842835166933043]",,0.07354398322232521,0.04071078339845719,5.0,1.96,nan,known-logging,sieve,frozen,neural-fore,known-uniform,0.8,1.0,0.0,0.02,0.0
2500,8343147,1000000,-0.3170054884673674,-0.2817961315551602,-0.30396064592434435,0.035209356912207224,0.013044842543023072,0.0759555183851636,-0.452833461959265,-0.1550878298894237,1.0,0.2977456320698413,0.02071285675661507,0.002425315915397647,0.0030122077115029566,14.297888618695671,16.964358527215268,1659.3815803455705,180.0,0.005669128678345237,10.482451091998882,1.0,0.0,nan,nan,2.206,0.04003195913817031,0.19260768242912052,0.209305737631471,0.0,"[300, 100, 100, 300, 100]","[0.0, 0.004569427564439483, 0.013231692586405273, 0.001957220626527071, 0.008587302614354352]",,0.0759555183851636,0.10707276715741412,5.0,1.96,nan,known-logging,sieve,frozen,neural-fore,known-uniform,0.8,1.0,0.0,0.02,0.0
2500,8443150,1000000,-0.3170054884673674,-0.3013549092742414,-0.36087999839560825,0.015650579193126013,-0.043874509928240824,0.07713018813724828,-0.5120551671446149,-0.20970482964660161,1.0,0.30235033749801327,0.013389082974512596,0.002425315915397647,0.0030122077115029566,15.089796584061244,30.01240592329807,1655.2893353192617,180.0,0.007682999253270766,10.470810950198938,1.0,0.0,nan,nan,4.204,0.0429727895959167,0.21473279280591168,0.19767475158349193,0.0,"[300, 100, 100, 100, 300]","[0.0, 0.00943582982230799, 0.007833347551373455, 0.005016188385417589, 0.016129630507254796]",,0.07713018813724828,0.10213329115122334,5.0,1.96,nan,known-logging,sieve,frozen,neural-fore,known-uniform,0.8,1.0,0.0,0.02,0.0
2500,8543153,1000000,-0.3170054884673674,-0.3060534358399284,-0.4036414505820017,0.010952052627439035,-0.08663596211463426,0.07536605457680828,-0.551358917552546,-0.25592398361145746,1.0,0.29543493394108844,0.015288482875507681,0.002425315915397647,0.0030122077115029566,13.996023476975646,15.641795392666221,1616.782248119184,140.0,0.003369755484145702,9.919496592199357,1.0,0.0,nan,nan,1.0,0.04082675027399067,0.20311905199954397,0.19904673752303287,0.0,"[100, 100, 100, 100, 300]","[0.0021023736337904375, 0.008460389791261519, 0.002333401042093362, 0.0011938619826532843, 0.002758750970929906]",,0.07536605457680828,0.08152283508327991,5.0,1.96,nan,known-logging,sieve,frozen,neural-fore,known-uniform,0.8,1.0,0.0,0.02,0.0
2500,8643156,1000000,-0.3170054884673674,-0.3105957876954188,-0.27037875403654443,0.006409700771948634,0.04662673443082299,0.07154768824561138,-0.41061222299794276,-0.13014528507514614,1.0,0.2804669379227966,0.01353118935718175,0.002425315915397647,0.0030122077115029566,13.440298773159777,15.46912071250116,1732.5563817802818,220.0,0.0048881195053287665,11.68666400040056,1.0,0.0,nan,nan,2.404,0.041752434894441436,0.20507246811266996,0.2029118923940117,0.0,"[100, 100, 300, 300, 300]","[0.0026054770168933393, 0.016239137414173196, 0.0, 0.0055959830955773, 0.0]",,0.07154768824561138,0.05551614358291828,5.0,1.96,nan,known-logging,sieve,frozen,neural-fore,known-uniform,0.8,1.0,0.0,0.02,0.0
2500,8743159,1000000,-0.3170054884673674,-0.25427622179286236,-0.3103613335963312,0.06272926667450507,0.006644154871036201,0.07603301704814942,-0.45938604701070407,-0.16133662018195835,1.0,0.29804942682874574,0.04116921086918979,0.002425315915397647,0.0030122077115029566,14.01031444521749,15.377347779227815,1665.270891817641,140.0,0.010913959011169127,10.041326991599998,1.0,0.0,nan,nan,8.2,0.04071312393530041,0.20039247392207066,0.19960154395064333,0.0,"[100, 100, 300, 100, 100]","[0.0147768118091684, 0.02131868738592649, 0.0014557485319278175, 0.014366604860162264, 0.002651942468660668]",,0.07603301704814942,0.051237679198558234,5.0,1.96,nan,known-logging,sieve,frozen,neural-fore,known-uniform,0.8,1.0,0.0,0.02,0.0
2500,8843162,1000000,-0.3170054884673674,-0.31591135424199,-0.3496534332670625,0.0010941342253774078,-0.03264794479969507,0.07160321201810038,-0.4899957288225393,-0.20931113771158574,1.0,0.2806845911109535,0.018106057104068977,0.002425315915397647,0.0030122077115029566,13.240012004938997,14.537204843864743,1644.9953841910615,140.0,0.006022386848764697,9.727028108199738,1.0,0.0,nan,nan,2.008,0.04194255625762649,0.20261408297186217,0.20338220321869604,0.0,"[100, 100, 300, 100, 100]","[0.007526432200818436, 0.010454481560123283, 0.00452077157954869, 0.0072451610465947055, 0.00036508785673837203]",,0.07160321201810038,0.0662684652278909,5.0,1.96,nan,known-logging,sieve,frozen,neural-fore,known-uniform,0.8,1.0,0.0,0.02,0.0
2500,8943165,1000000,-0.3170054884673674,-0.3004736420102777,-0.3101118474372514,0.016531846457089716,0.006893641030116027,0.07144938983433657,-0.45015265151255107,-0.17007104336195172,1.0,0.28008160815059935,0.010860384472325464,0.002425315915397647,0.0030122077115029566,13.023904117823909,18.700250727889006,1680.2958877525853,180.0,0.008798186549754878,10.334459608200996,1.0,0.0,nan,nan,6.220000000000001,0.04035636186742523,0.20259937154690663,0.19690152596428454,0.0,"[300, 300, 100, 100, 100]","[0.0014504917187022652, 0.003351120247605438, 0.011386241020916826, 0.009445844234670361, 0.018357235526879505]",,0.07144938983433657,0.048308448539157244,5.0,1.96,nan,known-logging,sieve,frozen,neural-fore,known-uniform,0.8,1.0,0.0,0.02,0.0
2500,9043168,1000000,-0.3170054884673674,-0.29262706518254206,-0.2755494103510184,0.024378423284825368,0.04145607811634905,0.07184992998448957,-0.41637527312061795,-0.13472354758141883,1.0,0.2816517255391991,0.018117980531629798,0.002425315915397647,0.0030122077115029566,12.66499151262217,13.750217658465425,1712.4876321959202,140.0,0.008419191093628861,9.610153617001561,1.0,0.0,nan,nan,8.02,0.0414144790093197,0.20111855853110888,0.20425197802225448,0.0,"[100, 100, 300, 100, 100]","[0.016857968981080326, 0.0053711886829179946, 0.001963645981575933, 0.010581993681739775, 0.0073211581408302775]",,0.07184992998448957,0.022621945257389104,5.0,1.96,nan,known-logging,sieve,frozen,neural-fore,known-uniform,0.8,1.0,0.0,0.02,0.0
2500,9143171,1000000,-0.3170054884673674,-0.3096735623190257,-0.16975121004271812,0.007331926148341716,0.1472542784246493,0.06715016414078863,-0.3013655317586638,-0.03813688832677242,0.0,0.2632286434318914,0.017487107531595592,0.002425315915397647,0.0030122077115029566,11.783080029686875,15.507329506888304,1785.6128740331233,140.0,0.00568817876814984,9.669196883000769,1.0,0.0,nan,nan,6.202,0.04015229826609002,0.20167325588842538,0.2012823203795361,0.0,"[100, 100, 100, 300, 100]","[0.010120074421642002, 0.011003576734436638, 0.007044126723203958, 0.0, 0.000273115961466606]",,0.06715016414078863,0.07319215456583841,5.0,1.96,nan,known-logging,sieve,frozen,neural-fore,known-uniform,0.8,1.0,0.0,0.02,0.0
2500,9243174,1000000,-0.3170054884673674,-0.3090981502521535,-0.27293782212497886,0.007907338215213944,0.04406766634238857,0.07047127862690834,-0.4110615282337192,-0.1348141160162385,1.0,0.2762474122174807,0.012064948396779143,0.002425315915397647,0.0030122077115029566,12.791970440030065,14.295711502847041,1704.2880203591017,180.0,0.004273864781387959,10.171011600201018,1.0,0.0,nan,nan,6.202,0.041263794069519945,0.20200306868348986,0.20638282264103247,0.0,"[300, 100, 100, 100, 300]","[0.003027792763679693, 0.004550858422201222, 0.0050330916226877815, 0.0087575810983711, 0.0]",,0.07047127862690834,0.08123586788110247,5.0,1.96,nan,known-logging,sieve,frozen,neural-fore,known-uniform,0.8,1.0,0.0,0.02,0.0
2500,9343177,1000000,-0.3170054884673674,-0.33057737445663304,-0.45220457504180595,-0.01357188598926562,-0.13519908657443852,0.07466376285916945,-0.598545550245778,-0.30586359983783384,1.0,0.29268195040794426,0.015512858234907162,0.002425315915397647,0.0030122077115029566,12.496001397105852,13.177229581217652,1675.746334088493,100.0,0.006567672211057929,8.627331724800388,1.0,0.0,nan,nan,2.8,0.041686259671088625,0.20341745679036852,0.19991280731732397,0.0,"[100, 100, 100, 100, 100]","[0.0033369716820737644, 0.0015797973215943928, 0.00474231294201565, 0.013106905259657508, 0.010072373849948333]",,0.07466376285916945,0.03573440446290368,5.0,1.96,nan,known-logging,sieve,frozen,neural-fore,known-uniform,0.8,1.0,0.0,0.02,0.0
2500,9443180,1000000,-0.3170054884673674,-0.32031540918506823,-0.3862927259426709,-0.0033099207177008094,-0.06928723747530346,0.07302884317543146,-0.5294292585665166,-0.24315619331882524,1.0,0.2862730652476913,0.013278810848703693,0.002425315915397647,0.0030122077115029566,12.639464612262607,17.899819961376938,1692.2724312817022,140.0,0.009770155377420308,9.425141792199792,1.0,0.0,nan,nan,8.2,0.041596976661662774,0.2061319224673035,0.2014119530327004,0.0,"[100, 100, 300, 100, 100]","[0.019817447711491607, 0.007979067222735562, 0.0, 0.010525173876050824, 0.010529088076823545]",,0.07302884317543146,0.0491918280891682,5.0,1.96,nan,known-logging,sieve,frozen,neural-fore,known-uniform,0.8,1.0,0.0,0.02,0.0
2500,9543183,1000000,-0.3170054884673674,-0.329624223884099,-0.4160790867152519,-0.012618735416731586,-0.09907359824788448,0.07560637426591166,-0.5642675802764388,-0.26789059315406505,1.0,0.2963769871223737,0.013136605865706537,0.002425315915397647,0.0030122077115029566,13.409934788136383,15.3600552106338,1669.6525671425961,100.0,0.004757310717388939,8.604521408199798,1.0,0.0,nan,nan,6.202,0.04170917647086838,0.19613132704518157,0.20941611097535748,0.0,"[100, 100, 100, 100, 100]","[0.0031097180683242265, 0.0008106594532368162, 0.006709025044067236, 0.009155696182923334, 0.004001454838393082]",,0.07560637426591166,0.060657334781879235,5.0,1.96,nan,known-logging,sieve,frozen,neural-fore,known-uniform,0.8,1.0,0.0,0.02,0.0
2500,9643186,1000000,-0.3170054884673674,-0.30534115120533245,-0.3176048164987473,0.011664337262034974,-0.0005993280313798532,0.07207917854366744,-0.45888000644433546,-0.1763296265531591,1.0,0.2825503798911764,0.019462212951586993,0.002425315915397647,0.0030122077115029566,13.68141186240636,17.07017301789067,1661.230629810165,260.0,0.002173611210118167,11.514409541400529,1.0,0.0,nan,nan,4.42,0.04277105802251639,0.2102944170018953,0.20337234672693455,0.0,"[100, 300, 300, 300, 300]","[0.0, 0.008415931458153426, 0.0, 0.0024521245924374073, 0.0]",,0.07207917854366744,0.08172605685722993,5.0,1.96,nan,known-logging,sieve,frozen,neural-fore,known-uniform,0.8,1.0,0.0,0.02,0.0
2500,9743189,1000000,-0.3170054884673674,-0.3214346772815102,-0.31989054841118525,-0.0044291888141427815,-0.002885059943817825,0.07586811552344157,-0.46859205483713073,-0.1711890419852398,1.0,0.2974030128518909,0.00947663838795679,0.002425315915397647,0.0030122077115029566,16.28106331051112,23.535185086927868,1629.159693187528,220.0,0.0024698620729117797,10.585409108000386,1.0,0.0,nan,nan,2.8,0.04017940350096815,0.19949091947152356,0.19996904024565415,0.0,"[300, 300, 300, 100, 100]","[0.0, 0.006767724940887393, 0.0, 0.0, 0.005581585423671504]",,0.07586811552344157,0.10549679962250513,5.0,1.96,nan,known-logging,sieve,frozen,neural-fore,known-uniform,0.8,1.0,0.0,0.02,0.0
2500,9843192,1000000,-0.3170054884673674,-0.3254977458224599,-0.38148161277644665,-0.008492257355092458,-0.06447612430907923,0.0757764775728494,-0.5300035088192314,-0.23295971673366184,1.0,0.29704379208556964,0.016057631583836596,0.002425315915397647,0.0030122077115029566,15.238749982201979,27.597512368848612,1556.8298804709318,180.0,0.006360144657738334,10.09540858319997,1.0,0.0,nan,nan,2.602,0.03832050043723291,0.1920967049735774,0.19982939512605585,0.0,"[100, 300, 300, 100, 100]","[0.0057794406957583505, 0.008598447679951219, 0.0, 0.006797422621730203, 0.010625412291251898]",,0.0757764775728494,0.05746966412098518,5.0,1.96,nan,known-logging,sieve,frozen,neural-fore,known-uniform,0.8,1.0,0.0,0.02,0.0
2500,9943195,1000000,-0.3170054884673674,-0.30652367017386495,-0.27404820371220595,0.010481818293502476,0.04295728475516147,0.07053457286590573,-0.41229596652938116,-0.13580044089503074,1.0,0.2764955256343504,0.015056368274811011,0.002425315915397647,0.0030122077115029566,12.959646454768796,17.777771351969523,1719.2157998159992,140.0,0.006894214784517465,9.278275424400272,1.0,0.0,nan,nan,2.4219999999999997,0.041629732250568485,0.20646859484952024,0.20281240023333297,0.0,"[100, 100, 100, 300, 100]","[0.0032156415388613713, 0.019177195586756124, 0.00048672506644988436, 0.011199384682612322, 0.0003921270479076228]",,0.07053457286590573,0.056647949103803275,5.0,1.96,nan,known-logging,sieve,frozen,neural-fore,known-uniform,0.8,1.0,0.0,0.02,0.0
2500,10043198,1000000,-0.3170054884673674,-0.28957649905846095,-0.20890294656694414,0.02742898940890648,0.10810254190042329,0.06849551110039634,-0.34315414832372093,-0.07465174481016731,1.0,0.26850240351355364,0.016576585392022003,0.002425315915397647,0.0030122077115029566,12.474341009384492,19.807823596785706,1702.863229093665,140.0,0.0030461663743013468,9.406231416600349,1.0,0.0,nan,nan,4.401999999999999,0.04099649036849997,0.19699650044959044,0.20646148201243122,0.0,"[100, 100, 100, 100, 300]","[0.0010370883835503146, 0.007746088091284171, 0.0, 0.0059188161552851505, 0.0005288392413870961]",,0.06849551110039634,0.04461262191272047,5.0,1.96,nan,known-logging,sieve,frozen,neural-fore,known-uniform,0.8,1.0,0.0,0.02,0.0
2500,10143201,1000000,-0.3170054884673674,-0.2670092591661397,-0.21325943641386766,0.04999622930122771,0.10374605205349977,0.06987906177101559,-0.35022239748505823,-0.07629647534267711,1.0,0.2739259221423811,0.028508971550644364,0.002425315915397647,0.0030122077115029566,13.849410253661244,14.528991790412856,1669.1335471602636,100.0,0.010915832596004846,8.531083191599464,1.0,0.0,nan,nan,4.42,0.03927212103723684,0.19341237954796947,0.20060327478730366,0.0,"[100, 100, 100, 100, 100]","[0.005501401118158484, 0.01431976764158601, 0.007903624339473829, 0.01178412872293294, 0.01507024115787297]",,0.06987906177101559,0.04306072597866518,5.0,1.96,nan,known-logging,sieve,frozen,neural-fore,known-uniform,0.8,1.0,0.0,0.02,0.0
2500,10243204,1000000,-0.3170054884673674,-0.3012136017495574,-0.31169671282591216,0.01579188671781001,0.005308775641455266,0.07232237911974251,-0.4534485759006075,-0.16994484975121685,1.0,0.2835037261493906,0.012228746293559974,0.002425315915397647,0.0030122077115029566,14.154494956688596,18.04531762940459,1683.2299221232865,140.0,0.0046553896961566334,9.56961595879984,1.0,0.0,nan,nan,4.42,0.04253477767644619,0.21091877325602043,0.20470235292253003,0.0,"[100, 100, 100, 300, 100]","[0.0051159492606760015, 0.0015524600704322376, 0.0011320383390739982, 0.004342539052571676, 0.011133961758029252]",,0.07232237911974251,0.033384984698996666,5.0,1.96,nan,known-logging,sieve,frozen,neural-fore,known-uniform,0.8,1.0,0.0,0.02,0.0
2500,10343207,1000000,-0.3170054884673674,-0.3116082009476145,-0.3561444990143664,0.005397287519752936,-0.039139010546998976,0.07446498283855332,-0.5020958653779309,-0.2101931326508019,1.0,0.291902732727129,0.013078131848223191,0.002425315915397647,0.0030122077115029566,13.832984338265609,19.372341829033306,1664.877841144582,180.0,0.0022913212472735743,10.194915758399294,1.0,0.0,nan,nan,4.402,0.04149790061578883,0.2070136443994898,0.2002472427825416,0.0,"[100, 300, 100, 300, 100]","[0.001087869048804633, 0.0035954026094525064, 0.00424987762682223, 0.0, 0.002523456951288502]",,0.07446498283855332,0.05881238746291293,5.0,1.96,nan,known-logging,sieve,frozen,neural-fore,known-uniform,0.8,1.0,0.0,0.02,0.0
2500,10443210,1000000,-0.3170054884673674,-0.29856748499472935,-0.4083494174749246,0.018438003472638076,-0.09134392900755717,0.07634995545641576,-0.5579953301694995,-0.2587035047803497,1.0,0.2992918253891498,0.012671780301175812,0.002425315915397647,0.0030122077115029566,12.786093605790958,14.070783431463111,1661.933479083379,220.0,0.005864378115283575,10.862540391600486,1.0,0.0,nan,nan,4.204,0.038838460027888044,0.192217665985881,0.19920915301474254,0.0,"[100, 100, 300, 300, 300]","[0.004262601901336775, 0.0037216329724631156, 0.0100247415163153, 0.006528223043706351, 0.004784691142596335]",,0.07634995545641576,0.08265046042760843,5.0,1.96,nan,known-logging,sieve,frozen,neural-fore,known-uniform,0.8,1.0,0.0,0.02,0.0
2500,10543213,1000000,-0.3170054884673674,-0.2767836074054433,-0.4375486927823187,0.04022188106192415,-0.1205432043149513,0.08241764294106886,-0.5990872729468137,-0.27601011261782377,1.0,0.3230771603289899,0.029532807409766198,0.002425315915397647,0.0030122077115029566,16.898462393698942,51.41361416537622,1544.6421213789254,220.0,0.009002582420485267,10.610972591600511,1.0,0.0,nan,nan,6.202,0.040881570060103775,0.2070144854632659,0.200936541222862,0.0,"[100, 100, 300, 300, 300]","[0.01871849835718356, 0.010223333221308178, 0.0, 0.016071080523934595, 0.0]",,0.08241764294106886,0.0710511033805956,5.0,1.96,nan,known-logging,sieve,frozen,neural-fore,known-uniform,0.8,1.0,0.0,0.02,0.0
2500,10643216,1000000,-0.3170054884673674,-0.30504668320713985,-0.40431714598074886,0.011958805260227579,-0.08731165751338144,0.07610869087558397,-0.5534901800968934,-0.2551441118646043,1.0,0.29834606823228915,0.013598712880913659,0.002425315915397647,0.0030122077115029566,13.34245628928761,16.699271569064834,1637.1604590485636,140.0,0.007580539479791519,9.448702833199423,1.0,0.0,nan,nan,2.4219999999999997,0.03941835529433265,0.20159300167473537,0.1903224741932546,0.0,"[100, 300, 100, 100, 100]","[0.009404771281183338, 0.009034772090359619, 0.009166476703596686, 0.002587662549452924, 0.0077090147743650245]",,0.07610869087558397,0.10599477236136476,5.0,1.96,nan,known-logging,sieve,frozen,neural-fore,known-uniform,0.8,1.0,0.0,0.02,0.0
2500,10743219,1000000,-0.3170054884673674,-0.31144748328980887,-0.26154454813580524,0.005558005177558556,0.05546094033156218,0.07241832685416133,-0.40348446876996147,-0.11960462750164905,1.0,0.2838798412683124,0.01626738842487862,0.002425315915397647,0.0030122077115029566,14.662547333544744,18.803657870384836,1659.5696438707923,180.0,0.008658722679864886,10.234631174798778,1.0,0.0,nan,nan,2.62,0.04058561906195475,0.19896245581593633,0.19794020256816033,0.0,"[300, 100, 100, 100, 300]","[0.0, 0.01771455732285552, 0.004278846037131721, 0.015418283014280937, 0.005881927025056247]",,0.07241832685416133,0.047989250894880264,5.0,1.96,nan,known-logging,sieve,frozen,neural-fore,known-uniform,0.8,1.0,0.0,0.02,0.0
2500,10843222,1000000,-0.3170054884673674,-0.2986363461100278,-0.29668167272512047,0.018369142357339607,0.020323815742246953,0.07148019691169333,-0.43678285867203936,-0.15658048677820155,1.0,0.28020237189383784,0.011199092574904276,0.002425315915397647,0.0030122077115029566,12.9566309558946,14.468952082192116,1693.7545754677196,100.0,0.013960497561504187,8.639478600199073,1.0,0.0,nan,nan,2.404,0.040188347417777125,0.2015716654673637,0.1976944334656024,0.0,"[100, 100, 100, 100, 100]","[0.002453214428105584, 0.0036574322440705, 0.03894713921636182, 0.01775721381866371, 0.006987488100319319]",,0.07148019691169333,0.081017827368605,5.0,1.96,nan,known-logging,sieve,frozen,neural-fore,known-uniform,0.8,1.0,0.0,0.02,0.0
2500,10943225,1000000,-0.3170054884673674,-0.28985234486932016,-0.18011734848163566,0.02715314359804727,0.13688813998573177,0.0670662394399995,-0.31156717778403464,-0.048667519179236646,0.0,0.262899658604798,0.02746278810717211,0.002425315915397647,0.0030122077115029566,12.716801794318846,14.27718506237232,1727.5795946987107,140.0,0.011521816768881529,9.298138116201153,1.0,0.0,nan,nan,2.404,0.041582971400915325,0.2095740136349078,0.20028899185231505,0.0,"[100, 100, 300, 100, 100]","[0.005165711517272141, 0.04322578821647385, 0.0, 0.005140208694001776, 0.004077375416659883]",,0.0670662394399995,0.0396260531404488,5.0,1.96,nan,known-logging,sieve,frozen,neural-fore,known-uniform,0.8,1.0,0.0,0.02,0.0
2500,11043228,1000000,-0.3170054884673674,-0.30543639002818235,-0.3311615477772066,0.011569098439185077,-0.014156059309839153,0.07427269520526664,-0.47673603037952916,-0.18558706517488396,1.0,0.2911489652046452,0.01734652841471995,0.002425315915397647,0.0030122077115029566,14.96856268086564,17.057483988333935,1623.075790794252,180.0,0.007041818745603725,10.345380916399881,1.0,0.0,nan,nan,6.4,0.04104627837795209,0.19966943829513437,0.20272257776410268,0.0,"[300, 100, 100, 100, 300]","[0.008193726060891323, 0.018252596543195707, 0.003980769532131058, 0.004782001591800532, 0.0]",,0.07427269520526664,0.07621283198894546,5.0,1.96,nan,known-logging,sieve,frozen,neural-fore,known-uniform,0.8,1.0,0.0,0.02,0.0
2500,11143231,1000000,-0.3170054884673674,-0.3138273549470119,-0.3358365040733712,0.0031781335203555083,-0.018831015606003754,0.07261225778003633,-0.4781565293222424,-0.1935164788245,1.0,0.2846400504977424,0.01573692029262864,0.002425315915397647,0.0030122077115029566,13.71034547416638,14.489640047924746,1671.2753522772684,140.0,0.003506279890418785,9.662451083200358,1.0,0.0,nan,nan,6.4,0.04023565244417155,0.20324887589011648,0.19658974915716945,0.0,"[100, 300, 100, 100, 100]","[0.005985731226571204, 0.001530502475865152, 0.009871043288666326, 0.0, 0.0001441224609912428]",,0.07261225778003633,0.039468053697076295,5.0,1.96,nan,known-logging,sieve,frozen,neural-fore,known-uniform,0.8,1.0,0.0,0.02,0.0
2500,11243234,1000000,-0.3170054884673674,-0.2731968523026579,-0.39043515552285474,0.043808636164709536,-0.07342966705548731,0.07546248816769191,-0.5383416323315309,-0.2425286787141786,1.0,0.29581295361735227,0.027373379362290732,0.002425315915397647,0.0030122077115029566,12.417244616087974,14.384087323334368,1667.0704913424024,100.0,0.007057202315908942,8.97706996620036,1.0,0.0,nan,nan,6.0040000000000004,0.041047764031533845,0.20563424801163038,0.1978640498976756,0.0,"[100, 100, 100, 100, 100]","[0.0007916963148395773, 0.015049256436568223, 0.0075934449132832454, 0.005070841542291688, 0.006780772372561981]",,0.07546248816769191,0.11149238119857698,5.0,1.96,nan,known-logging,sieve,frozen,neural-fore,known-uniform,0.8,1.0,0.0,0.02,0.0
2500,11343237,1000000,-0.3170054884673674,-0.3225432473367722,-0.4493974069819791,-0.005537758869404774,-0.13239191851461168,0.07627742621340745,-0.5989011623602577,-0.2998936516037005,1.0,0.29900751075655724,0.012026271254915316,0.002425315915397647,0.0030122077115029566,13.262074588756494,22.461725276913455,1669.451687559483,180.0,0.009862662279084583,10.268933333599126,1.0,0.0,nan,nan,4.023999999999999,0.04048443776844781,0.20283158151443886,0.20157162060487713,0.0,"[100, 100, 300, 100, 300]","[0.01838314118184723, 0.015396056745184246, 0.0, 0.015534113468391437, 0.0]",,0.07627742621340745,0.11020093533959058,5.0,1.96,nan,known-logging,sieve,frozen,neural-fore,known-uniform,0.8,1.0,0.0,0.02,0.0
2500,11443240,1000000,-0.3170054884673674,-0.29369159148104645,-0.35860696183775065,0.02331389698632097,-0.041601473370383224,0.0748643759051794,-0.5053411386119022,-0.21187278506359902,1.0,0.29346835354830325,0.015241524460521618,0.002425315915397647,0.0030122077115029566,13.796776481864537,15.058173164337012,1697.3272855716557,140.0,0.0075018194806649365,9.552945900399209,1.0,0.0,nan,nan,2.8,0.04073004423706701,0.1991158081516739,0.200839425662546,0.0,"[100, 100, 300, 100, 100]","[0.011091621067168609, 0.010771965556175428, 0.008883468569200222, 0.0067620422107804255, 0.0]",,0.0748643759051794,0.0953890332712778,5.0,1.96,nan,known-logging,sieve,frozen,neural-fore,known-uniform,0.8,1.0,0.0,0.02,0.0
2500,11543243,1000000,-0.3170054884673674,-0.30767970585226795,-0.3965714308059176,0.009325782615099476,-0.07956594233855019,0.07621734957754002,-0.545957435977896,-0.24718542563393917,1.0,0.2987720103439569,0.01642741910451414,0.002425315915397647,0.0030122077115029566,14.111120401824982,18.405696228866407,1641.6621759979805,140.0,0.007542770050416388,9.599645324999802,1.0,0.0,nan,nan,0.622,0.041450807786318,0.2037680833887167,0.20107524994131182,0.0,"[100, 100, 100, 300, 100]","[0.01365198314998844, 0.005771755314241331, 0.0062056993316229984, 0.001919875294743363, 0.01016453716148581]",,0.07621734957754002,0.05798376356506431,5.0,1.96,nan,known-logging,sieve,frozen,neural-fore,known-uniform,0.8,1.0,0.0,0.02,0.0
2500,11643246,1000000,-0.3170054884673674,-0.31465913137567314,-0.3791802130852794,0.0023463570916942844,-0.06217472461791196,0.0768112431043356,-0.5297302495697771,-0.2286301766007816,1.0,0.30110007296899555,0.014302674759479142,0.002425315915397647,0.0030122077115029566,15.85988538597826,18.57702611508081,1606.5211830957373,180.0,0.004411948529166057,10.051604350400158,1.0,0.0,nan,nan,0.6039999999999999,0.041352321215044334,0.20146392999383203,0.20500916809572295,0.0,"[100, 100, 300, 300, 100]","[0.0, 0.009055208360319821, 0.0013639195145013086, 0.0, 0.011640614771009155]",,0.0768112431043356,0.1378678637347108,5.0,1.96,nan,known-logging,sieve,frozen,neural-fore,known-uniform,0.8,1.0,0.0,0.02,0.0
2500,11743249,1000000,-0.3170054884673674,-0.2836363251168225,-0.2878852478116385,0.033369163350544906,0.029120240655728935,0.07159001237266359,-0.4282016720620591,-0.14756882356121787,1.0,0.28063284850084125,0.019410610508030984,0.002425315915397647,0.0030122077115029566,12.318069342136026,14.67439889577043,1723.3220704958098,100.0,0.014216695834397625,8.491323625399309,1.0,0.0,nan,nan,2.8,0.042455539344631775,0.2014196593836756,0.21023015234130607,0.0,"[100, 100, 100, 100, 100]","[0.0, 0.040874927744283945, 0.009569852226782461, 0.006350212296177849, 0.014288486904743877]",,0.07159001237266359,0.03128573940707962,5.0,1.96,nan,known-logging,sieve,frozen,neural-fore,known-uniform,0.8,1.0,0.0,0.02,0.0
2500,11843252,1000000,-0.3170054884673674,-0.32645643544749126,-0.3798327257945609,-0.009450946980123831,-0.06282723732719347,0.07587177743085452,-0.5285414095590357,-0.23112404203008605,1.0,0.2974173675289497,0.01269411626589637,0.002425315915397647,0.0030122077115029566,15.579041375461278,17.52304076872991,1623.7731173419127,220.0,0.004753543355727911,10.858210775200131,1.0,0.0,nan,nan,4.6,0.042644063560899184,0.21207516555243452,0.2009511928867574,0.0,"[300, 100, 100, 300, 300]","[0.0071840676417494745, 0.007983469221049509, 0.008600179915840571, 0.0, 0.0]",,0.07587177743085452,0.05964616123301339,5.0,1.96,nan,known-logging,sieve,frozen,neural-fore,known-uniform,0.8,1.0,0.0,0.02,0.0
2500,11943255,1000000,-0.3170054884673674,-0.29229499784013085,-0.3537673153304642,0.02471049062723657,-0.03676182686309676,0.07235538480671505,-0.4955838695516257,-0.2119507611093027,1.0,0.283633108442323,0.016463698256328384,0.002425315915397647,0.0030122077115029566,12.050201247459471,14.691554829173105,1677.6779918046602,140.0,0.011885986660592101,9.440051283400317,1.0,0.0,nan,nan,10.0,0.041462140852351635,0.20554748795262653,0.20370864930937418,0.0,"[100, 300, 100, 100, 100]","[0.0013496783357579687, 0.015615810989681303, 0.00983605083367531, 0.02436881245218133, 0.0082595806916646]",,0.07235538480671505,0.09037416717178802,5.0,1.96,nan,known-logging,sieve,frozen,neural-fore,known-uniform,0.8,1.0,0.0,0.02,0.0
2500,12043258,1000000,-0.3170054884673674,-0.27224077452073286,-0.2855620345705334,0.04476471394663456,0.031443453896834006,0.07206039978400039,-0.4268004181471742,-0.14432365099389266,1.0,0.2824767671532815,0.020901692878037934,0.002425315915397647,0.0030122077115029566,13.10800109812731,15.44033104636848,1680.8819445621762,100.0,0.008214370694477537,8.8383097834012,1.0,0.0,nan,nan,2.404,0.04054969372797927,0.19799720392737694,0.20685143922021373,0.0,"[100, 100, 100, 100, 100]","[0.005329309349841653, 0.002579492246125251, 0.00786356389829152, 0.004772808377052356, 0.020526679601076903]",,0.07206039978400039,0.041368245340540385,5.0,1.96,nan,known-logging,sieve,frozen,neural-fore,known-uniform,0.8,1.0,0.0,0.02,0.0
2500,12143261,1000000,-0.3170054884673674,-0.3481237722593571,-0.3246797630426509,-0.031118283791989665,-0.0076742745752834685,0.06950178700353853,-0.4609032655695864,-0.18845626051571537,1.0,0.27244700505387104,0.012636159857366524,0.002425315915397647,0.0030122077115029566,12.478089546040461,14.337419347995118,1726.6179296669648,140.0,0.00598327100366735,9.564065949999712,1.0,0.0,nan,nan,0.8019999999999999,0.03970528633240529,0.19660898831037318,0.19920692240370172,0.0,"[300, 100, 100, 100, 100]","[0.0, 0.0042288100847099755, 0.0, 0.00742430543972754, 0.018263239493899235]",,0.06950178700353853,0.06679323343484836,5.0,1.96,nan,known-logging,sieve,frozen,neural-fore,known-uniform,0.8,1.0,0.0,0.02,0.0
2500,12243264,1000000,-0.3170054884673674,-0.31673768911344213,-0.19456058624333256,0.00026779935392529097,0.12244490222403487,0.06707450936470585,-0.326026624598156,-0.06309454788850907,1.0,0.26293207670964697,0.011916973896971822,0.002425315915397647,0.0030122077115029566,14.14756795771457,16.200117400430184,1677.6532829365385,220.0,0.011105156098814784,10.924475266800073,1.0,0.0,nan,nan,2.4219999999999997,0.039938126749862246,0.20571209571885385,0.19772803602183747,0.0,"[300, 100, 100, 300, 300]","[0.008703881632358199, 0.01715622716740803, 0.01730452796103091, 0.00977437731377938, 0.0025867664194973968]",,0.06707450936470585,0.0627304436114892,5.0,1.96,nan,known-logging,sieve,frozen,neural-fore,known-uniform,0.8,1.0,0.0,0.02,0.0
2500,12343267,1000000,-0.3170054884673674,-0.3089640752638705,-0.188108231132582,0.008041413203496939,0.12889725733478544,0.0676148887502475,-0.3206334130830671,-0.05558304918209689,1.0,0.2650503639009702,0.018229590534612632,0.002425315915397647,0.0030122077115029566,11.884157644019796,12.388874768394874,1755.5862457069968,100.0,0.008641033649937813,8.724522241600425,1.0,0.0,nan,nan,4.402,0.042015948887001775,0.2040860386642775,0.20508640900777167,0.0,"[100, 100, 100, 100, 100]","[0.019533410227331998, 0.001148486573908538, 0.01086853659709327, 0.006335726820513864, 0.005319008030841393]",,0.0676148887502475,0.05401097023633616,5.0,1.96,nan,known-logging,sieve,frozen,neural-fore,known-uniform,0.8,1.0,0.0,0.02,0.0
2500,12443270,1000000,-0.3170054884673674,-0.29898041618717924,-0.39594986048791764,0.01802507228018818,-0.07894437202055021,0.07525426838702112,-0.5434482265264791,-0.24845149444935624,1.0,0.2949967320771228,0.01728923634147517,0.002425315915397647,0.0030122077115029566,12.83743748648783,15.438682728271315,1651.3798368028226,100.0,0.005135848557781513,8.56181431640034,1.0,0.0,nan,nan,4.402,0.04256362525761435,0.20593214531307616,0.20740208668359728,0.0,"[100, 100, 100, 100, 100]","[0.0022649975595575873, 0.0, 0.0034131435494196543, 0.013840659360515187, 0.006160442319415139]",,0.07525426838702112,0.07149832019225202,5.0,1.96,nan,known-logging,sieve,frozen,neural-fore,known-uniform,0.8,1.0,0.0,0.02,0.0
2500,12543273,1000000,-0.3170054884673674,-0.3054056982395718,-0.14168375922232557,0.011599790227795614,0.17532172924504186,0.063846836420615,-0.266823558606731,-0.016543959837920147,0.0,0.25027959876881084,0.014514960594080651,0.002425315915397647,0.0030122077115029566,11.969417077692814,13.311279947110588,1744.7819539364668,140.0,0.00540241696787582,9.359032600599676,1.0,0.0,nan,nan,6.202,0.03972385205082764,0.19947988314637227,0.2006087792041721,0.0,"[100, 300, 100, 100, 100]","[0.006368626877536663, 0.015217597641154998, 0.000980898893050994, 0.001841965484494224, 0.002602995943142217]",,0.063846836420615,0.054424277226440484,5.0,1.96,nan,known-logging,sieve,frozen,neural-fore,known-uniform,0.8,1.0,0.0,0.02,0.0
2500,12643276,1000000,-0.3170054884673674,-0.32307724808261223,-0.32133467262700277,-0.0060717596152448094,-0.004329184159635346,0.07252699991023565,-0.46348759245106463,-0.1791817528029409,1.0,0.2843058396481237,0.012566500422000547,0.002425315915397647,0.0030122077115029566,14.463487265389997,21.114558870565943,1669.7605090226866,100.0,0.013984410229752003,8.840541733199279,1.0,0.0,nan,nan,8.2,0.04113860249326987,0.20631252650137047,0.20198152679570866,0.0,"[100, 100, 100, 100, 100]","[0.017749882069233988, 0.012044884392958454, 0.021153243014589772, 0.0031060643657409267, 0.01586797730623688]",,0.07252699991023565,0.05540294650501783,5.0,1.96,nan,known-logging,sieve,frozen,neural-fore,known-uniform,0.8,1.0,0.0,0.02,0.0
2500,12743279,1000000,-0.3170054884673674,-0.31623469547559596,-0.3938048872637291,0.0007707929917714629,-0.07679939879636166,0.0743075723512583,-0.5394477290721953,-0.24816204545526283,1.0,0.2912856836169325,0.012861829355091772,0.002425315915397647,0.0030122077115029566,13.861514538280776,16.40366814035636,1667.9687993368175,100.0,0.021469702306162478,8.656249000199386,1.0,0.0,nan,nan,0.82,0.0408188107811673,0.20103490671140828,0.2045861297282284,0.0,"[100, 100, 100, 100, 100]","[0.0, 0.0027084492738017147, 0.09871570626462658, 0.005924355992384086, 0.0]",,0.0743075723512583,0.048105725980240634,5.0,1.96,nan,known-logging,sieve,frozen,neural-fore,known-uniform,0.8,1.0,0.0,0.02,0.0
2500,12843282,1000000,-0.3170054884673674,-0.3321490765814317,-0.28889042107272017,-0.0151435881140643,0.028115067394647253,0.06871671298533555,-0.42357517852397786,-0.15420566362146249,1.0,0.2693695149025154,0.013279686508912088,0.002425315915397647,0.0030122077115029566,12.331292913181814,14.391829247079954,1769.8517683384002,100.0,0.012184867368341162,8.546001041400814,1.0,0.0,nan,nan,2.8,0.040824616209181465,0.198342424788795,0.20584269397658375,0.0,"[100, 100, 100, 100, 100]","[0.0, 0.005257683909820316, 0.01088655246581231, 0.012589819542103366, 0.03219028092396982]",,0.06871671298533555,0.08591706109936771,5.0,1.96,nan,known-logging,sieve,frozen,neural-fore,known-uniform,0.8,1.0,0.0,0.02,0.0
2500,12943285,1000000,-0.3170054884673674,-0.2935751851230072,-0.25528339831760577,0.023430303344360248,0.061722090149761655,0.07166758297001735,-0.39575186093883974,-0.11481493569637177,1.0,0.280936925242468,0.01210505345732186,0.002425315915397647,0.0030122077115029566,12.984720555387828,16.808533045115755,1690.51120192331,180.0,0.006942519402494296,10.076751275400602,1.0,0.0,nan,nan,0.622,0.0408964165705958,0.19758586892160193,0.20526051659809888,0.0,"[100, 100, 300, 300, 100]","[0.0, 0.005785091145169659, 0.0, 0.003332865091445207, 0.025594640775856617]",,0.07166758297001735,0.05690526089292223,5.0,1.96,nan,known-logging,sieve,frozen,neural-fore,known-uniform,0.8,1.0,0.0,0.02,0.0
2500,13043288,1000000,-0.3170054884673674,-0.30412085106312026,-0.4493968963624302,0.012884637404247168,-0.13239140789506276,0.07884665675844622,-0.6039363436089848,-0.2948574491158756,1.0,0.3090788944931092,0.011581298933632729,0.002425315915397647,0.0030122077115029566,16.477585339900745,19.502750066379694,1574.689665244539,220.0,0.007195453031817678,11.069000958800098,1.0000000000000002,0.0,nan,nan,0.8019999999999999,0.0425539103244824,0.19913822304916812,0.20950448745114433,0.0,"[300, 300, 100, 300, 100]","[0.0, 0.006459140166756123, 0.01244366839452414, 0.005377154835243729, 0.011697301762564397]",,0.07884665675844622,0.12743928147463304,5.0,1.96,nan,known-logging,sieve,frozen,neural-fore,known-uniform,0.8,1.0,0.0,0.02,0.0
2500,13143291,1000000,-0.3170054884673674,-0.32293678847881085,-0.2574147479255015,-0.00593130001144343,0.059590740541865916,0.07000867046728368,-0.3946317420413775,-0.1201977538096255,1.0,0.274433988231752,0.015498180971771103,0.002425315915397647,0.0030122077115029566,12.987967172312638,15.646288135037388,1721.5350989715882,220.0,0.004593418112286836,11.039152208400264,1.0,0.0,nan,nan,0.8019999999999999,0.04044840139188503,0.20236550480080223,0.19544178717217214,0.0,"[300, 100, 100, 300, 300]","[0.004637327220866703, 0.007138352373076556, 0.006540359599775327, 0.003920937490901133, 0.0007301138768144586]",,0.07000867046728368,0.047554398908203725,5.0,1.96,nan,known-logging,sieve,frozen,neural-fore,known-uniform,0.8,1.0,0.0,0.02,0.0
2500,13243294,1000000,-0.3170054884673674,-0.3028338019257103,-0.22902634022256185,0.014171686541657125,0.08797914824480557,0.06996501449496755,-0.3661577686326982,-0.09189491181242546,1.0,0.2742628568202728,0.01854481036034825,0.002425315915397647,0.0030122077115029566,12.501897720624038,13.344154037807481,1746.1793361413486,140.0,0.0020987325323224273,9.480444141799671,1.0,0.0,nan,nan,4.401999999999999,0.0401426719668657,0.2011683333265229,0.20059448656720996,0.0,"[100, 300, 100, 100, 100]","[0.0, 0.0024396429359473844, 0.007335683791264782, 0.0, 0.00071833593439997]",,0.06996501449496755,0.08206522477844404,5.0,1.96,nan,known-logging,sieve,frozen,neural-fore,known-uniform,0.8,1.0,0.0,0.02,0.0
2500,13343297,1000000,-0.3170054884673674,-0.3305352414637237,-0.22557447590970855,-0.013529752996356281,0.09143101255765887,0.06811487095210145,-0.3590796229758274,-0.09206932884358973,1.0,0.26701029413223765,0.014200218335412894,0.002425315915397647,0.0030122077115029566,12.714276950470678,14.112042458916967,1748.8747764009236,100.0,0.010157867793359577,8.481440716798534,1.0,0.0,nan,nan,2.404,0.04162922956923317,0.20537485664533667,0.20315692757170223,0.0,"[100, 100, 100, 100, 100]","[0.0090658591930118, 0.005594926100458386, 0.007941134088946469, 0.005208477159498287, 0.022978942424882947]",,0.06811487095210145,0.05720736548017839,5.0,1.96,nan,known-logging,sieve,frozen,neural-fore,known-uniform,0.8,1.0,0.0,0.02,0.0
2500,13443300,1000000,-0.3170054884673674,-0.2857781759044759,-0.24141790178324776,0.031227312562891518,0.07558758668411966,0.06836015613580047,-0.3754038078094167,-0.10743199575707885,1.0,0.26797181205233783,0.012669989293172272,0.002425315915397647,0.0030122077115029566,11.707508309372425,15.693421597451106,1760.125630884719,180.0,0.0024430703696579647,10.304833366598904,1.0,0.0,nan,nan,0.622,0.04142131393392031,0.20409538944863131,0.19890831466676817,0.0,"[100, 300, 300, 100, 100]","[0.0, 0.0012765535819323761, 0.0, 0.0, 0.010938798266357446]",,0.06836015613580047,0.10438281314726765,5.0,1.96,nan,known-logging,sieve,frozen,neural-fore,known-uniform,0.8,1.0,0.0,0.02,0.0
2500,13543303,1000000,-0.3170054884673674,-0.30322040197727634,-0.24968133100739265,0.01378508649009108,0.06732415745997478,0.0730436414597599,-0.39284686826852205,-0.10651579374626324,1.0,0.2863310745222588,0.013040153957106095,0.002425315915397647,0.0030122077115029566,14.491800993992914,24.63905016871597,1644.3169070957983,220.0,0.006460321051150903,11.07754910039912,1.0000000000000002,0.0,nan,nan,4.6,0.04161828878089028,0.20160859817201252,0.20386406900385,0.0,"[300, 300, 300, 100, 100]","[0.0, 0.009391987443015226, 0.002935967403044168, 0.007152646220894811, 0.012821004188800307]",,0.0730436414597599,0.048731378172269635,5.0,1.96,nan,known-logging,sieve,frozen,neural-fore,known-uniform,0.8,1.0,0.0,0.02,0.0
2500,13643306,1000000,-0.3170054884673674,-0.32145973988034854,-0.21381563800520156,-0.004454251412981114,0.10318985046216586,0.06868424698837948,-0.34843676210242536,-0.0791945139079778,1.0,0.26924224819444753,0.013089331488445578,0.002425315915397647,0.0030122077115029566,12.794421513372171,16.540393927126065,1684.9064258032506,140.0,0.00958566760364259,9.540761691399165,1.0,0.0,nan,nan,6.022,0.04000710937500966,0.20161932618570452,0.19965654899272114,0.0,"[300, 100, 100, 100, 100]","[0.0, 0.011192210099759393, 0.007945943805300807, 0.012812264524489907, 0.01597791958866284]",,0.06868424698837948,0.06303205847724679,5.0,1.96,nan,known-logging,sieve,frozen,neural-fore,known-uniform,0.8,1.0,0.0,0.02,0.0
2500,13743309,1000000,-0.3170054884673674,-0.3053108102933699,-0.3522565571174786,0.011694678173997497,-0.035251068650111184,0.07591880691101693,-0.5010574186630719,-0.20345569557188542,1.0,0.2976017230911864,0.014874576435909698,0.002425315915397647,0.0030122077115029566,15.543327474712829,26.321160555799093,1626.1246552063624,140.0,0.012510417936745538,9.502313558601235,1.0,0.0,nan,nan,0.82,0.04077906367324264,0.2006832329832176,0.20514111678974004,0.0,"[100, 100, 300, 100, 100]","[0.0, 0.027677936429170526, 0.0018861639330211024, 0.006764152057461038, 0.026223837264075026]",,0.07591880691101693,0.06542139903328212,5.0,1.96,nan,known-logging,sieve,frozen,neural-fore,known-uniform,0.8,1.0,0.0,0.02,0.0
2500,13843312,1000000,-0.3170054884673674,-0.2845661673061956,-0.2528665577844424,0.03243932116117182,0.06413893068292503,0.0700002071194718,-0.3900669637386071,-0.11566615183027767,1.0,0.27440081190832943,0.020727298777531968,0.002425315915397647,0.0030122077115029566,13.16909968111556,15.13776818917736,1684.9010000988108,180.0,0.005006637688203563,10.87348425780001,1.0,0.0,nan,nan,4.2219999999999995,0.04132675103216059,0.20357884589917247,0.2083328067570139,0.0,"[100, 300, 100, 300, 100]","[0.005981798237657985, 0.0018972937990585372, 0.0, 0.008500155105632503, 0.008653941298668788]",,0.0700002071194718,0.12108152427396283,5.0,1.96,nan,known-logging,sieve,frozen,neural-fore,known-uniform,0.8,1.0,0.0,0.02,0.0
2500,13943315,1000000,-0.3170054884673674,-0.2869696208047594,-0.2805040279833913,0.030035867662608018,0.03650146048397612,0.07439892742467596,-0.42632592573575623,-0.1346821302310264,1.0,0.2916437955047298,0.012375350231487269,0.002425315915397647,0.0030122077115029566,14.5945821550626,21.25837824249179,1689.5756238900947,220.0,0.007282176862822796,11.396523024800263,1.0,0.0,nan,nan,2.62,0.03885330523581042,0.19066454694129448,0.20081473658312396,0.0,"[300, 300, 100, 100, 300]","[0.012198592165216229, 0.0023742510961136795, 0.00982425633383318, 0.003269470136700807, 0.00874431458225009]",,0.07439892742467596,0.05010591620082853,5.0,1.96,nan,known-logging,sieve,frozen,neural-fore,known-uniform,0.8,1.0,0.0,0.02,0.0
2500,14043318,1000000,-0.3170054884673674,-0.3035332749163606,-0.2928630407936173,0.013472213551006806,0.024142447673750123,0.07156498883884897,-0.4331304189177613,-0.15259566266947333,1.0,0.28053475624828794,0.016911489273566296,0.002425315915397647,0.0030122077115029566,13.897351234562665,15.733177117377185,1699.9197145578107,220.0,0.004029829755035219,11.284804649598664,1.0,0.0,nan,nan,4.6,0.041379300935351415,0.20824451353640078,0.20170072645021903,0.0,"[300, 100, 100, 300, 300]","[0.005214947724263947, 0.0068979505551065995, 0.0018885150976736082, 0.004394268938493517, 0.0017534664596384278]",,0.07156498883884897,0.025905261335464575,5.0,1.96,nan,known-logging,sieve,frozen,neural-fore,known-uniform,0.8,1.0,0.0,0.02,0.0
2500,14143321,1000000,-0.3170054884673674,-0.2736773249361965,-0.21107033695063288,0.043328163531170916,0.10593515151673455,0.06920760921642626,-0.3467172510148283,-0.07542342288643741,1.0,0.2712938281283909,0.032927455317402474,0.002425315915397647,0.0030122077115029566,12.447372402639797,13.58145957570457,1704.9503807659585,100.0,0.003440141174797935,9.13519132500005,1.0,0.0,nan,nan,6.202,0.04105500846046796,0.2029514663289284,0.20201199601133407,0.0,"[100, 100, 100, 100, 100]","[0.0030418593284547955, 0.005084322483383533, 0.006805486229528763, 0.0002583523228616229, 0.002010685509760959]",,0.06920760921642626,0.08540160057945702,5.0,1.96,nan,known-logging,sieve,frozen,neural-fore,known-uniform,0.8,1.0,0.0,0.02,0.0
2500,14243324,1000000,-0.3170054884673674,-0.2953330511024314,-0.21712051020767575,0.021672437364936015,0.09988497825969167,0.0723170355858725,-0.35886189995598583,-0.07537912045936565,1.0,0.2834827794966202,0.019524800270139673,0.002425315915397647,0.0030122077115029566,13.521181324751502,19.19719293444944,1706.1132995589742,180.0,0.010239944173968608,10.276891183199405,1.0,0.0,nan,nan,4.6,0.043686539507183285,0.20712462563237777,0.2071206813178296,0.0,"[100, 100, 300, 300, 100]","[0.014194614068199498, 0.017979723520187917, 0.0, 0.0, 0.019025383281455623]",,0.0723170355858725,0.11851571713904589,5.0,1.96,nan,known-logging,sieve,frozen,neural-fore,known-uniform,0.8,1.0,0.0,0.02,0.0
2500,14343327,1000000,-0.3170054884673674,-0.30103591145812186,-0.32246590981996587,0.01596957700924556,-0.0054604213525984435,0.07474249432492013,-0.4689611986968093,-0.17597062094312244,1.0,0.29299057775368686,0.01815106894770121,0.002425315915397647,0.0030122077115029566,14.374184062187181,16.003599320413365,1643.0352592554561,180.0,0.008521636866011838,10.07619394160065,1.0000000000000002,0.0,nan,nan,4.401999999999999,0.04005900526358372,0.19668924425886955,0.2008320316470395,0.0,"[100, 300, 300, 100, 100]","[0.010972495313627905, 0.009212296859093408, 0.0, 0.015428460820581795, 0.006994931336756087]",,0.07474249432492013,0.10993872980727382,5.0,1.96,nan,known-logging,sieve,frozen,neural-fore,known-uniform,0.8,1.0,0.0,0.02,0.0
2500,14443330,1000000,-0.3170054884673674,-0.3088967765257938,-0.26156904221617616,0.008108711941573643,0.05543644625119126,0.06882812371752564,-0.39647216470252644,-0.1266659197298259,1.0,0.2698062449727005,0.01437415550055196,0.002425315915397647,0.0030122077115029566,12.108843330291077,13.822641379046635,1800.3896034047236,100.0,0.013797920198470977,8.550576458600336,1.0,0.0,nan,nan,4.401999999999999,0.04015976251829724,0.20176115512443732,0.19616485538314726,0.0,"[100, 100, 100, 100, 100]","[0.026315922504127343, 0.027926660795639786, 0.003989323008029084, 0.006807478693411599, 0.003950215991147086]",,0.06882812371752564,0.06861928659700535,5.0,1.96,nan,known-logging,sieve,frozen,neural-fore,known-uniform,0.8,1.0,0.0,0.02,0.0
2500,14543333,1000000,-0.3170054884673674,-0.3146387632446093,-0.2958894862822356,0.0023667252227581037,0.02111600218513182,0.06960120540472957,-0.43230784887550555,-0.15947112368896565,1.0,0.2728367251865399,0.013229495294733239,0.002425315915397647,0.0030122077115029566,12.150118814984149,20.52341437293568,1726.1887955384052,140.0,0.008886045118679593,9.575774783400266,1.0,0.0,nan,nan,0.82,0.040365202780283785,0.20061613512090556,0.1967089075139384,0.0,"[100, 100, 100, 100, 300]","[0.0031569041614731143, 0.01781750449697272, 0.003279495122437534, 0.0023351859571172, 0.017841135855397393]",,0.06960120540472957,0.023250050411333986,5.0,1.96,nan,known-logging,sieve,frozen,neural-fore,known-uniform,0.8,1.0,0.0,0.02,0.0
2500,14643336,1000000,-0.3170054884673674,-0.2784900458673932,-0.271008298655717,0.03851544259997425,0.04599718981165041,0.0739484323778772,-0.4159472261163563,-0.12606937119507772,1.0,0.2898778549212786,0.022586909616775643,0.002425315915397647,0.0030122077115029566,15.459440888134361,27.24734196284087,1666.271701347026,220.0,0.006647306128164278,10.85227922500053,1.0,0.0,nan,nan,2.4219999999999997,0.041705713148965165,0.20235997053909865,0.2047986741815448,0.0,"[100, 300, 100, 300, 300]","[0.009289501552005001, 0.0, 0.009594964226482707, 0.00202590212844546, 0.012326162733888224]",,0.0739484323778772,0.12849931526955838,5.0,1.96,nan,known-logging,sieve,frozen,neural-fore,known-uniform,0.8,1.0,0.0,0.02,0.0
2500,14743339,1000000,-0.3170054884673674,-0.30364456323253625,-0.3862540601598749,0.013360925234831178,-0.06924857169250748,0.07894571771220832,-0.5409876668758032,-0.2315204534439466,1.0,0.3094672134318566,0.014555627012636095,0.002425315915397647,0.0030122077115029566,16.412889009488207,19.43559783670584,1585.3458918309948,180.0,0.007976145807690517,10.166585142199619,1.0,0.0,nan,nan,4.401999999999999,0.04042303744185919,0.19979101988401057,0.20254142195565414,0.0,"[100, 300, 100, 100, 300]","[0.0007289649962336327, 0.0, 0.02827356391856713, 0.010878200123651822, 0.0]",,0.07894571771220832,0.11789151671425609,5.0,1.96,nan,known-logging,sieve,frozen,neural-fore,known-uniform,0.8,1.0,0.0,0.02,0.0
2500,14843342,1000000,-0.3170054884673674,-0.30877298481821447,-0.4461663983628957,0.008232503649152956,-0.12916090989552825,0.07764745943960398,-0.5983554188645195,-0.29397737786127187,1.0,0.3043780410032476,0.01421310838710426,0.002425315915397647,0.0030122077115029566,15.16572966807131,18.234960969914063,1595.9734118367408,140.0,0.003509783920325827,9.363183866599865,1.0,0.0,nan,nan,6.4,0.043025999922992046,0.20637845036887068,0.20851379537591314,0.0,"[100, 100, 100, 100, 300]","[0.0021807024640256817, 0.007341538679828905, 0.0034415482307620687, 0.001469918193272217, 0.0031152120337402623]",,0.07764745943960398,0.13943246776447768,5.0,1.96,nan,known-logging,sieve,frozen,neural-fore,known-uniform,0.8,1.0,0.0,0.02,0.0
2500,14943345,1000000,-0.3170054884673674,-0.3175806794212607,-0.3452535971940374,-0.0005751909538933009,-0.028248108726669996,0.07362315929523755,-0.48955498941270303,-0.20095220497537183,1.0,0.2886027844373312,0.017263642429068637,0.002425315915397647,0.0030122077115029566,14.158266479722087,18.496934377619322,1647.133509486304,180.0,0.005713087111780568,10.206965458400736,1.0,0.0,nan,nan,0.622,0.03981322670031493,0.19877787771860111,0.20109648130529872,0.0,"[100, 300, 300, 100, 100]","[0.007518013778406654, 0.00354462079228856, 0.0, 0.005061224737232036, 0.01244157625097559]",,0.07362315929523755,0.03596285749314799,5.0,1.96,nan,known-logging,sieve,frozen,neural-fore,known-uniform,0.8,1.0,0.0,0.02,0.0
2500,15043348,1000000,-0.3170054884673674,-0.2786414088384922,-0.40205389257681695,0.038364079628875225,-0.08504840410944953,0.07654252581900986,-0.5520772431820763,-0.2520305419715576,1.0,0.30004670121051863,0.014883883786736262,0.002425315915397647,0.0030122077115029566,13.33056344973797,13.9122282131803,1667.189965920984,180.0,0.005161647475735833,10.096121433600638,1.0,0.0,nan,nan,4.222,0.04219447058731993,0.20999511302690577,0.200181667971507,0.0,"[100, 100, 100, 300, 300]","[0.010014710922332169, 0.007824046414378682, 0.0041270671158845995, 0.0, 0.0038424129260837127]",,0.07654252581900986,0.07059623953715762,5.0,1.96,nan,known-logging,sieve,frozen,neural-fore,known-uniform,0.8,1.0,0.0,0.02,0.0
2500,15143351,1000000,-0.3170054884673674,-0.29881608016961225,-0.24493833347073202,0.018189408297755172,0.07206715499663541,0.07214976935166156,-0.38635188139998866,-0.10352478554147534,1.0,0.28282709585851334,0.018545696843065722,0.002425315915397647,0.0030122077115029566,14.467203747152984,17.15975927337517,1660.3534002129988,140.0,0.008683477491366233,9.5417887832009,1.0,0.0,nan,nan,6.202,0.039276778571147905,0.19914249843237258,0.1931513442506136,0.0,"[100, 100, 100, 300, 100]","[0.0, 0.026747195013011597, 0.01061007417758672, 0.0, 0.006060118266232853]",,0.07214976935166156,0.032152540698160155,5.0,1.96,nan,known-logging,sieve,frozen,neural-fore,known-uniform,0.8,1.0,0.0,0.02,0.0
2500,15243354,1000000,-0.3170054884673674,-0.2824244263905654,-0.2988182516857213,0.034581062076802005,0.018187236781646132,0.07020921293035606,-0.43642830902921914,-0.16120819434222342,1.0,0.27522011468699575,0.013337098745554395,0.002425315915397647,0.0030122077115029566,11.666170072474804,12.189997434386113,1750.9879236800784,100.0,0.007035782838944538,8.724915800399321,1.0,0.0,nan,nan,0.8019999999999999,0.0403011125177613,0.1960108865432147,0.20138295784619137,0.0,"[100, 100, 100, 100, 100]","[0.0007998027312218943, 0.004249003046714302, 0.009908025212405818, 0.010949941206479977, 0.0092721419979007]",,0.07020921293035606,0.08525083515333064,5.0,1.96,nan,known-logging,sieve,frozen,neural-fore,known-uniform,0.8,1.0,0.0,0.02,0.0
2500,15343357,1000000,-0.3170054884673674,-0.3169518860620772,-0.2825667406180058,5.360240529023175e-05,0.03443874784936163,0.0741532208842888,-0.42790705355121184,-0.13722642768479976,1.0,0.2906806258664121,0.012306789810992475,0.002425315915397647,0.0030122077115029566,14.296459960410877,23.451613381642826,1663.7977448471777,220.0,0.004983084280507679,11.046020457998385,1.0,0.0,nan,nan,0.622,0.040305426720803325,0.19901040378323048,0.2000622386032907,0.0,"[300, 100, 300, 300, 100]","[0.00510403141839384, 0.012523590288195247, 0.004984286415401247, 0.0, 0.0023035132805480597]",,0.0741532208842888,0.029409414054883398,5.0,1.96,nan,known-logging,sieve,frozen,neural-fore,known-uniform,0.8,1.0,0.0,0.02,0.0
2500,15443360,1000000,-0.3170054884673674,-0.3254107918063314,-0.3146594204585657,-0.008405303338963999,0.002346068008801716,0.07364094396974151,-0.45899567063925906,-0.17032317027787236,1.0,0.2886725003613867,0.013972492607236204,0.002425315915397647,0.0030122077115029566,13.214946767507561,17.86733961067039,1728.1947836213574,140.0,0.008529594595000557,9.625286816198786,1.0,0.0,nan,nan,0.8019999999999999,0.03970833909769416,0.20025150439328873,0.19795190893225728,0.0,"[100, 300, 100, 100, 100]","[0.015380405638741889, 0.0016609084726146822, 0.0038757390361464092, 0.014741864886943228, 0.0069890549405565786]",,0.07364094396974151,0.09742652450403345,5.0,1.96,nan,known-logging,sieve,frozen,neural-fore,known-uniform,0.8,1.0,0.0,0.02,0.0
2500,15543363,1000000,-0.3170054884673674,-0.2907064327291885,-0.2763401138516668,0.026299055738178923,0.040665374615700633,0.07163303341749516,-0.4167408593499573,-0.13593936835337628,1.0,0.280801490996581,0.02706669682668677,0.002425315915397647,0.0030122077115029566,13.532263670212371,16.10560376662041,1664.8479386949537,140.0,0.011307148549023639,9.699005941602081,1.0,0.0,nan,nan,1.0,0.0414535331411231,0.20133203546590486,0.20541214085985526,0.0,"[100, 100, 300, 100, 100]","[0.026301314886501198, 0.008698249892288956, 0.0, 0.0, 0.02153617796632804]",,0.07163303341749516,0.04145397485329044,5.0,1.96,nan,known-logging,sieve,frozen,neural-fore,known-uniform,0.8,1.0,0.0,0.02,0.0
2500,15643366,1000000,-0.3170054884673674,-0.3205372576367393,-0.3687995174982221,-0.003531769169371868,-0.05179402903085467,0.07280081273414198,-0.5114891104571404,-0.2261099245393038,1.0,0.28537918591783656,0.012272643793512198,0.002425315915397647,0.0030122077115029566,13.008247048107819,14.286697729508695,1709.4189197055516,100.0,0.007170571275408902,8.716841208801634,1.0,0.0,nan,nan,4.401999999999999,0.04105652198476377,0.20513689221887837,0.2043090024463282,0.0,"[100, 100, 100, 100, 100]","[0.00588939648476159, 0.0022868621750735422, 0.006825478799424752, 0.013074661566519801, 0.007776457351264827]",,0.07280081273414198,0.09448522593802637,5.0,1.96,nan,known-logging,sieve,frozen,neural-fore,known-uniform,0.8,1.0,0.0,0.02,0.0
2500,15743369,1000000,-0.3170054884673674,-0.304360295966558,-0.3583412279395942,0.012645192500809421,-0.041335739472226796,0.07555117492327963,-0.5064215307892224,-0.21026092508996613,1.0,0.2961606056992562,0.011818299797507053,0.002425315915397647,0.0030122077115029566,14.13687271629163,17.141061640365862,1668.842919963538,140.0,0.010217599853993042,9.566873375599608,1.0,0.0,nan,nan,6.4,0.04229541992181857,0.20916904916653584,0.20728933713533976,0.0,"[100, 300, 100, 100, 100]","[0.020674545068656503, 0.0, 0.002465980187060359, 0.008496881803854604, 0.019450592210393747]",,0.07555117492327963,0.10853546701757642,5.0,1.96,nan,known-logging,sieve,frozen,neural-fore,known-uniform,0.8,1.0,0.0,0.02,0.0
2500,15843372,1000000,-0.3170054884673674,-0.27749698454268457,-0.3837595158353842,0.03950850392468286,-0.06675402736801678,0.07490380575298752,-0.5305709751112397,-0.23694805655952866,1.0,0.2936229185517111,0.02122169171516262,0.002425315915397647,0.0030122077115029566,12.795463125562572,13.961514493219623,1685.7791032779628,140.0,0.01202185008293322,9.682341983800143,1.0,0.0,nan,nan,2.62,0.0416467007521565,0.20363733020702468,0.21109304867707465,0.0,"[100, 100, 100, 100, 300]","[0.0044600078045463785, 0.009292178250129967, 0.010772564481366287, 0.019511218208522873, 0.016073281670100602]",,0.07490380575298752,0.08097584799912597,5.0,1.96,nan,known-logging,sieve,frozen,neural-fore,known-uniform,0.8,1.0,0.0,0.02,0.0
2500,15943375,1000000,-0.3170054884673674,-0.3334523878487462,-0.27019974972078314,-0.016446899381378777,0.04680573874658428,0.06933113839202001,-0.40608878096914236,-0.13431071847242393,1.0,0.27177806249671843,0.014715116065797056,0.002425315915397647,0.0030122077115029566,11.333205839738246,12.877816494082326,1789.6633553925235,140.0,0.004833364315579185,9.60521900800013,1.0,0.0,nan,nan,4.204,0.039948494234592256,0.20314791833267418,0.19745685347532604,0.0,"[100, 300, 100, 100, 100]","[0.014046675801239698, 0.0, 0.004919538953025623, 0.002742783450723534, 0.002457823372907072]",,0.06933113839202001,0.05333545866966176,5.0,1.96,nan,known-logging,sieve,frozen,neural-fore,known-uniform,0.8,1.0,0.0,0.02,0.0
2500,16043378,1000000,-0.3170054884673674,-0.3260319931196336,-0.31101958371203936,-0.009026504652266176,0.005985904755328064,0.0711768272805463,-0.45052616518191013,-0.1715130022421686,1.0,0.27901316293974154,0.014034759878373841,0.002425315915397647,0.0030122077115029566,12.803170397076164,14.164669833912967,1733.3797544556098,220.0,0.00499235285344597,11.163769324799796,1.0,0.0,nan,nan,0.82,0.04073663944320014,0.20078743260640192,0.20339527951807512,0.0,"[100, 300, 100, 300, 300]","[0.0, 0.002428329393375678, 0.006655919706727886, 0.01587751516712629, 0.0]",,0.0711768272805463,0.07374560058901053,5.0,1.96,nan,known-logging,sieve,frozen,neural-fore,known-uniform,0.8,1.0,0.0,0.02,0.0
2500,16143381,1000000,-0.3170054884673674,-0.31204168201243543,-0.23959899006517194,0.004963806454931996,0.07740649840219549,0.06779305255475485,-0.3724733730724914,-0.10672460705785244,1.0,0.265748766014639,0.02041058756879048,0.002425315915397647,0.0030122077115029566,12.812245071446503,15.28683169870679,1742.103540996957,100.0,0.003121360023544591,8.849845941798776,1.0,0.0,nan,nan,8.2,0.038472595942917916,0.19506017277902005,0.19532904324055497,0.0,"[100, 100, 100, 100, 100]","[0.005781665005813566, 0.0032180710929473745, 4.768018859119391e-06, 0.006602296000102895, 0.0]",,0.06779305255475485,0.07573624583017077,5.0,1.96,nan,known-logging,sieve,frozen,neural-fore,known-uniform,0.8,1.0,0.0,0.02,0.0
2500,16243384,1000000,-0.3170054884673674,-0.3073585004739016,-0.3363161416063226,0.009646987993465805,-0.01931065313895519,0.07444625741980923,-0.4822308061491487,-0.19040147706349653,1.0,0.2918293290856522,0.012021405619020374,0.002425315915397647,0.0030122077115029566,14.519816179344293,19.348115129825445,1638.0698549700746,180.0,0.0056550538763151656,10.366812300200035,1.0000000000000002,0.0,nan,nan,4.42,0.03960922692421538,0.1938347046300196,0.20372788836950892,0.0,"[100, 100, 300, 300, 100]","[0.007337748270679101, 0.010061508446093036, 0.0007395736557489874, 0.00379848310707265, 0.006337955901982055]",,0.07444625741980923,0.037189402525491556,5.0,1.96,nan,known-logging,sieve,frozen,neural-fore,known-uniform,0.8,1.0,0.0,0.02,0.0
2500,16343387,1000000,-0.3170054884673674,-0.30927197664663086,-0.4165359284863119,0.0077335118207365605,-0.09953044001894445,0.07621713762543014,-0.565921518232155,-0.2671503387404688,1.0,0.29877117949168613,0.0158625434419906,0.002425315915397647,0.0030122077115029566,14.229064064699232,18.52930593395934,1631.820998702681,180.0,0.004153371176069641,10.460745224799393,1.0,0.0,nan,nan,4.6,0.041728303706785895,0.20368364745144682,0.2080679865506049,0.0,"[300, 300, 100, 100, 100]","[0.0, 0.0, 0.0013328408801296637, 0.012369835665115021, 0.00706417933510352]",,0.07621713762543014,0.0820303742664441,5.0,1.96,nan,known-logging,sieve,frozen,neural-fore,known-uniform,0.8,1.0,0.0,0.02,0.0
2500,16443390,1000000,-0.3170054884673674,-0.33866083173737827,-0.39309362982636475,-0.02165534327001084,-0.07608814135899733,0.07403778182889949,-0.5382076822110078,-0.24797957744172175,1.0,0.290228104769286,0.014019467351401535,0.002425315915397647,0.0030122077115029566,13.813384401191994,17.277472942501447,1696.6174454147908,140.0,0.0060913262082219885,9.677151999600756,1.0,0.0,nan,nan,6.4,0.04159201812246443,0.20008070259934646,0.20272102168640083,0.0,"[100, 300, 100, 100, 100]","[0.002945936558375263, 0.010734117432002976, 0.0068431489614545595, 0.007790777827250138, 0.002142650262027006]",,0.07403778182889949,0.05999397236178872,5.0,1.96,nan,known-logging,sieve,frozen,neural-fore,known-uniform,0.8,1.0,0.0,0.02,0.0
2500,16543393,1000000,-0.3170054884673674,-0.2964685465501343,-0.24046056972866964,0.020536941917233098,0.07654491873869779,0.06995923182622801,-0.37758066410807656,-0.10334047534926274,1.0,0.2742401887588138,0.011440903883566606,0.002425315915397647,0.0030122077115029566,12.123469003359713,14.192131556962828,1720.6635181413267,220.0,0.004050993633546377,11.127793783200833,1.0,0.0,nan,nan,2.8,0.03910723989302014,0.20125745426484926,0.19367986363761483,0.0,"[100, 300, 100, 300, 300]","[0.007359636706871806, 0.007450613111664804, 0.005444718349195274, 0.0, 0.0]",,0.06995923182622801,0.04820370093599492,5.0,1.96,nan,known-logging,sieve,frozen,neural-fore,known-uniform,0.8,1.0,0.0,0.02,0.0
2500,16643396,1000000,-0.3170054884673674,-0.314992176899543,-0.3775659805910097,0.0020133115678244162,-0.060560492123642284,0.0740883517192209,-0.5227791499606826,-0.23235281122133675,1.0,0.2904263387393459,0.011217690533609126,0.002425315915397647,0.0030122077115029566,12.734470947582919,26.155835012189357,1714.149891226575,140.0,0.012455832829322593,9.318699858599576,1.0,0.0,nan,nan,2.0260000000000002,0.04000589152624296,0.20553309428651828,0.19324215765523206,0.0,"[100, 300, 100, 100, 100]","[0.0065702356132559345, 0.015331681820648452, 0.011570038241215419, 0.0181636800384831, 0.010643528433010061]",,0.0740883517192209,0.07215631766894862,5.0,1.96,nan,known-logging,sieve,frozen,neural-fore,known-uniform,0.8,1.0,0.0,0.02,0.0
2500,16743399,1000000,-0.3170054884673674,-0.30762425493108164,-0.3402804247969922,0.009381233536285782,-0.023274936329624796,0.07560045005594937,-0.488457306906653,-0.19210354268733146,1.0,0.2963537642193215,0.01950487460846699,0.002425315915397647,0.0030122077115029566,15.504613806892772,18.160616833984015,1607.3546235033207,140.0,0.008073409327738732,9.39364689940121,1.0000000000000002,0.0,nan,nan,8.2,0.04013212422242411,0.20567010580585948,0.19674702997736931,0.0,"[300, 100, 100, 100, 100]","[0.006771265497114355, 0.011550011066974375, 0.0031437113795423836, 0.00840886349850044, 0.010493195196562102]",,0.07560045005594937,0.06192075392289303,5.0,1.96,nan,known-logging,sieve,frozen,neural-fore,known-uniform,0.8,1.0,0.0,0.02,0.0
2500,16843402,1000000,-0.3170054884673674,-0.2909940433771941,-0.30600669322522517,0.026011445090173335,0.010998795242142256,0.07401092040120526,-0.45106809721158747,-0.16094528923886287,1.0,0.2901228079727246,0.015091816679805964,0.002425315915397647,0.0030122077115029566,15.323485037192901,17.360187364720748,1634.0616330813893,220.0,0.01012511908725006,10.98425802480051,1.0,0.0,nan,nan,2.404,0.040594447006602453,0.20457861908030117,0.20106970787301517,0.0,"[300, 300, 100, 100, 300]","[0.007749182347040499, 0.0047520087190190425, 0.008534434019702462, 0.027085119800675107, 0.002504850549813189]",,0.07401092040120526,0.024323871691828487,5.0,1.96,nan,known-logging,sieve,frozen,neural-fore,known-uniform,0.8,1.0,0.0,0.02,0.0
2500,16943405,1000000,-0.3170054884673674,-0.3003288979946242,-0.2275871520781694,0.016676590472743225,0.08941833638919802,0.07213756891627227,-0.368976787154063,-0.08619751700227576,1.0,0.2827792701517873,0.018447833258725923,0.002425315915397647,0.0030122077115029566,13.406985728836226,18.780272045472316,1676.120781678632,180.0,0.005497870063445638,10.398943299399253,1.0,0.0,nan,nan,4.401999999999999,0.04158585212620428,0.20057591603277372,0.20218765137917222,0.0,"[100, 100, 300, 100, 300]","[0.009146651895973756, 0.005836414342641624, 0.0, 0.012506284078612812, 0.0]",,0.07213756891627227,0.05317765093082256,5.0,1.96,nan,known-logging,sieve,frozen,neural-fore,known-uniform,0.8,1.0,0.0,0.02,0.0
2500,17043408,1000000,-0.3170054884673674,-0.2891147896554735,-0.4287614651576323,0.027890698811893933,-0.11175597669026488,0.07810051993900541,-0.5818384842380829,-0.2756844460771817,1.0,0.3061540381609012,0.01694071312237286,0.002425315915397647,0.0030122077115029566,14.177733113470447,16.93123510470008,1645.9588733667297,100.0,0.00971463827819182,8.552896141200108,1.0,0.0,nan,nan,4.204,0.04111453754604711,0.20151128065629403,0.203905972859708,0.0,"[100, 100, 100, 100, 100]","[0.0, 0.0035395454959732246, 0.021019969977835937, 0.018275360943388566, 0.00573831497376137]",,0.07810051993900541,0.04068217651820658,5.0,1.96,nan,known-logging,sieve,frozen,neural-fore,known-uniform,0.8,1.0,0.0,0.02,0.0
2500,17143411,1000000,-0.3170054884673674,-0.3293134888586253,-0.2560533968917498,-0.0123080003912579,0.06095209157561765,0.06905437051642047,-0.3913999631039339,-0.12070683067956567,1.0,0.2706931324243682,0.011114210530294098,0.002425315915397647,0.0030122077115029566,13.222878545727221,25.453935245616687,1712.0388051422692,140.0,0.015572932290309907,9.286771058199156,1.0,0.0,nan,nan,1.0,0.040440556560579745,0.19536639411776874,0.2068143480535815,0.0,"[100, 100, 100, 100, 300]","[0.01478943067134275, 0.008998055031364511, 0.03055775247462806, 0.012085870453454604, 0.011433552820759614]",,0.06905437051642047,0.06257853544799805,5.0,1.96,nan,known-logging,sieve,frozen,neural-fore,known-uniform,0.8,1.0,0.0,0.02,0.0
2500,17243414,1000000,-0.3170054884673674,-0.3206815640987175,-0.40442203467018073,-0.003676075631350084,-0.0874165462028133,0.07645010587404254,-0.5542642421833042,-0.25457982715705735,1.0,0.29968441502624676,0.013024235706036284,0.002425315915397647,0.0030122077115029566,15.597409033614062,19.73519081748764,1584.4386085079318,220.0,0.00822601862474954,10.895113933599351,1.0,0.0,nan,nan,2.8,0.0405594572784671,0.19980044617682982,0.20558825370354175,0.0,"[300, 100, 300, 100, 300]","[0.0, 0.024963341803024747, 0.004792737274261862, 0.006006440376308092, 0.0053675736701529995]",,0.07645010587404254,0.04997850807131492,5.0,1.96,nan,known-logging,sieve,frozen,neural-fore,known-uniform,0.8,1.0,0.0,0.02,0.0
2500,17343417,1000000,-0.3170054884673674,-0.3037013427041889,-0.26095202746465856,0.01330414576317851,0.05605346100270886,0.06933657689219108,-0.3968517181733531,-0.12505233675596406,1.0,0.271799381417389,0.02127822954929815,0.002425315915397647,0.0030122077115029566,12.403687194941368,15.665043516758727,1702.969231732531,100.0,0.007545955181660939,8.71546497539821,1.0,0.0,nan,nan,4.401999999999999,0.041926653499733936,0.2055735045749209,0.2029464028882554,0.0,"[100, 100, 100, 100, 100]","[0.010263462098659047, 0.0, 0.006383538311592142, 0.007159672144639172, 0.013923103353414335]",,0.06933657689219108,0.032994462250451446,5.0,1.96,nan,known-logging,sieve,frozen,neural-fore,known-uniform,0.8,1.0,0.0,0.02,0.0
2500,17443420,1000000,-0.3170054884673674,-0.32195882167014234,-0.32674442336598497,-0.004953333202774912,-0.009738934898617546,0.07231450965574143,-0.4684808622912382,-0.18500798444073177,1.0,0.2834728778505064,0.011276713475315753,0.002425315915397647,0.0030122077115029566,13.269239475530416,15.25367854904873,1696.0250760767515,140.0,0.009892203050051299,9.234407150198603,1.0,0.0,nan,nan,4.42,0.0416829021381208,0.20410902537431644,0.20512836184634167,0.0,"[300, 100, 100, 100, 100]","[0.00718086211406882, 0.015352268974983445, 0.008133119249805964, 0.011159894506583242, 0.007634870404815021]",,0.07231450965574143,0.03748663147300644,5.0,1.96,nan,known-logging,sieve,frozen,neural-fore,known-uniform,0.8,1.0,0.0,0.02,0.0
2500,17543423,1000000,-0.3170054884673674,-0.2838045574721028,-0.2852074205373114,0.03320093099526461,0.03179806793005602,0.07433345943616537,-0.43090100103219553,-0.13951384004242728,1.0,0.29138716098976825,0.017735388488103614,0.002425315915397647,0.0030122077115029566,13.747579705948409,15.97942005036503,1668.9821280857589,180.0,0.0098743658091128,9.889569875202142,1.0,0.0,nan,nan,2.602,0.0405744319110802,0.19617053066364282,0.20499205952939725,0.0,"[300, 300, 100, 100, 100]","[0.0, 0.025493718799661183, 0.003635323362555934, 0.019530323820384478, 0.0007124630629624074]",,0.07433345943616537,0.08878692918694235,5.0,1.96,nan,known-logging,sieve,frozen,neural-fore,known-uniform,0.8,1.0,0.0,0.02,0.0
2500,17643426,1000000,-0.3170054884673674,-0.31239998691472276,-0.30426418867737187,0.004605501552644664,0.012741299789995553,0.07125045312787705,-0.4439150768080109,-0.16461330054673287,1.0,0.279301776261278,0.012886841058992798,0.002425315915397647,0.0030122077115029566,13.823633592696945,17.426876598767148,1683.8401792769773,180.0,0.014154042687269918,9.693076933399789,1.0,0.0,nan,nan,2.4219999999999997,0.04057376717525082,0.20406192552562805,0.19781449387598285,0.0,"[100, 100, 100, 300, 300]","[0.0009681767457780492, 0.021623068581271988, 0.048178968109299565, 0.0, 0.0]",,0.07125045312787705,0.0702482809524933,5.0,1.96,nan,known-logging,sieve,frozen,neural-fore,known-uniform,0.8,1.0,0.0,0.02,0.0
2500,17743429,1000000,-0.3170054884673674,-0.2936134100190485,-0.31454241415369766,0.02339207844831892,0.0024630743136697664,0.07276823776815369,-0.45716816017927886,-0.17191666812811643,1.0,0.28525149205116246,0.019176252794223466,0.002425315915397647,0.0030122077115029566,13.771993970696503,18.803503728871252,1705.256036897221,140.0,0.01687892851243409,9.062930841799243,1.0,0.0,nan,nan,6.202,0.04186100470453264,0.20507390269713083,0.20576130229536674,0.0,"[100, 100, 300, 100, 100]","[0.04669031445864069, 0.016986961936035036, 0.0016101850396421538, 0.012141394161282348, 0.006965786966570216]",,0.07276823776815369,0.06762492398989764,5.0,1.96,nan,known-logging,sieve,frozen,neural-fore,known-uniform,0.8,1.0,0.0,0.02,0.0
2500,17843432,1000000,-0.3170054884673674,-0.3174082721400094,-0.23366298186549256,-0.0004027836726419598,0.08334250660187487,0.07004780422384595,-0.3709566781442306,-0.0963692855867545,1.0,0.2745873925574761,0.013552363211632695,0.002425315915397647,0.0030122077115029566,14.677051307804573,16.387258413246254,1698.4003955017813,220.0,0.004741916592882432,10.400464166399615,1.0,0.0,nan,nan,4.2219999999999995,0.04055446288386904,0.19941894562318385,0.20314094738047062,0.0,"[300, 100, 100, 300, 300]","[0.0, 0.009005965443448614, 0.0030012805959125496, 0.0, 0.011702336925051]",,0.07004780422384595,0.08418776344295291,5.0,1.96,nan,known-logging,sieve,frozen,neural-fore,known-uniform,0.8,1.0,0.0,0.02,0.0
2500,17943435,1000000,-0.3170054884673674,-0.3216428861228364,-0.3003674882913946,-0.004637397655469,0.016638000175972834,0.07298858529863841,-0.4434251154767259,-0.1573098611060633,1.0,0.2861152543706626,0.011194228988526109,0.002425315915397647,0.0030122077115029566,13.588150634810999,15.11230346112163,1674.777076431095,180.0,0.007221714075454003,9.729107908600053,1.0,0.0,nan,nan,6.4,0.03974764880697683,0.20176836809127968,0.19918214611595406,0.0,"[100, 300, 100, 300, 100]","[0.01111109896761508, 0.0, 0.009401666704948868, 0.0, 0.015595804704706066]",,0.07298858529863841,0.05120779838899324,5.0,1.96,nan,known-logging,sieve,frozen,neural-fore,known-uniform,0.8,1.0,0.0,0.02,0.0
2500,18043438,1000000,-0.3170054884673674,-0.30048574882451423,-0.4012948016427704,0.016519739642853193,-0.084289313175403,0.07763078813750796,-0.553451146392286,-0.24913845689325484,1.0,0.3043126894990312,0.016174086560949118,0.002425315915397647,0.0030122077115029566,15.309084790005437,18.85585345175903,1584.4091857302756,180.0,0.004487581184039939,9.836170574798597,1.0,0.0,nan,nan,6.202,0.04077439123542599,0.19986162405751465,0.20329407262228472,0.0,"[300, 100, 100, 300, 100]","[0.01678563928114149, 0.0031159670310580917, 0.0, 0.0, 0.002536299608000116]",,0.07763078813750796,0.0792527591371223,5.0,1.96,nan,known-logging,sieve,frozen,neural-fore,known-uniform,0.8,1.0,0.0,0.02,0.0
2500,18143441,1000000,-0.3170054884673674,-0.30907237687141903,-0.19194657770055445,0.007933111595948394,0.12505891076681297,0.06840562289726812,-0.3260215985792,-0.05787155682190895,1.0,0.268150041757291,0.01258490305113342,0.002425315915397647,0.0030122077115029566,13.159281375587566,19.288822643363623,1723.3010385097546,180.0,0.0011846895503285556,9.81357270879962,1.0,0.0,nan,nan,2.602,0.0412869440537239,0.20212525889554672,0.20711672893031113,0.0,"[300, 100, 100, 300, 100]","[0.0, 0.004055049417653965, 0.0014273933462226275, 0.0, 0.00044100498776618443]",,0.06840562289726812,0.05216326665563479,5.0,1.96,nan,known-logging,sieve,frozen,neural-fore,known-uniform,0.8,1.0,0.0,0.02,0.0
2500,18243444,1000000,-0.3170054884673674,-0.32593145614974245,-0.32721506150880275,-0.008925967682375024,-0.010209573041435327,0.07356964556849825,-0.4714115668230593,-0.18301855619454618,1.0,0.28839301062851314,0.01316559073112236,0.002425315915397647,0.0030122077115029566,12.945516276604737,15.847357665646602,1663.326526757663,140.0,0.013002089605360584,9.054038466600105,1.0,0.0,nan,nan,8.2,0.043229993209871906,0.20710157357652412,0.20595301475760625,0.0,"[100, 100, 100, 100, 300]","[0.006551892197906786, 0.022624065602486053, 0.011444137285249895, 0.01620848629547922, 0.008181866645680966]",,0.07356964556849825,0.04429350081042519,5.0,1.96,nan,known-logging,sieve,frozen,neural-fore,known-uniform,0.8,1.0,0.0,0.02,0.0
2500,18343447,1000000,-0.3170054884673674,-0.29608114594579676,-0.3743499549514141,0.02092434252157066,-0.057344466484046674,0.07538131877518611,-0.5220973397507789,-0.22660257015204932,1.0,0.29549476959872956,0.017395911168246618,0.002425315915397647,0.0030122077115029566,13.895959331612106,15.329760361333408,1704.734250139366,180.0,0.0064474868629351935,9.833382416600216,1.0,0.0,nan,nan,6.202,0.04278017426217707,0.20825928883990819,0.2075036279103851,0.0,"[300, 100, 100, 100, 300]","[0.01336691573317424, 0.005292840208733772, 0.0063711637956466735, 0.007206514577121287, 0.0]",,0.07538131877518611,0.07032836247792157,5.0,1.96,nan,known-logging,sieve,frozen,neural-fore,known-uniform,0.8,1.0,0.0,0.02,0.0
2500,18443450,1000000,-0.3170054884673674,-0.3031239271774898,-0.32537117428280077,0.013881561289877609,-0.008365685815433344,0.07356280546137307,-0.46955427298709196,-0.18118807557850955,1.0,0.28836619740858244,0.01072266969059483,0.002425315915397647,0.0030122077115029566,14.37648506932882,24.366999499368056,1629.2875183675508,260.0,0.003830118641734366,11.512188749599227,1.0,0.0,nan,nan,0.6039999999999999,0.04176978818316459,0.2039070805532829,0.20098931637559841,0.0,"[300, 300, 300, 100, 300]","[0.005846472968645281, 0.0, 0.0028628450254771435, 0.005573358035244741, 0.0048679171793046625]",,0.07356280546137307,0.06886737028596934,5.0,1.96,nan,known-logging,sieve,frozen,neural-fore,known-uniform,0.8,1.0,0.0,0.02,0.0
2500,18543453,1000000,-0.3170054884673674,-0.31818242784993694,-0.19522760002781747,-0.0011769393825695196,0.12177788843954995,0.06799604331761228,-0.32849984493033757,-0.0619553551252974,1.0,0.26654448980504014,0.012736105924107604,0.002425315915397647,0.0030122077115029566,12.853263486001532,16.196383656441952,1710.7708089546004,220.0,0.004922074984918009,10.732918724400225,1.0,0.0,nan,nan,6.4,0.03891186032202869,0.19441935935016627,0.2010252875005946,0.0,"[300, 300, 100, 300, 100]","[0.002955807010414507, 0.0011981769466961035, 0.004179022882971652, 0.0038180946469153886, 0.012459273437592396]",,0.06799604331761228,0.05950639486133337,5.0,1.96,nan,known-logging,sieve,frozen,neural-fore,known-uniform,0.8,1.0,0.0,0.02,0.0
2500,18643456,1000000,-0.3170054884673674,-0.3304063787989059,-0.3555232315956618,-0.013400890331538462,-0.03851774312829437,0.07358531235446678,-0.49975044381041667,-0.21129601938090692,1.0,0.28845442442950975,0.013582911117744656,0.002425315915397647,0.0030122077115029566,13.595117502489476,15.783221333314728,1680.1868671128977,140.0,0.007443772509137747,9.42454128280042,1.0,0.0,nan,nan,4.401999999999999,0.03944485366912372,0.1950975703889938,0.20299163799153605,0.0,"[100, 100, 300, 100, 100]","[0.007625650936078082, 0.009642196805289499, 0.000715999332994864, 0.005224568391123482, 0.014010447080202808]",,0.07358531235446678,0.09253615968971632,5.0,1.96,nan,known-logging,sieve,frozen,neural-fore,known-uniform,0.8,1.0,0.0,0.02,0.0
2500,18743459,1000000,-0.3170054884673674,-0.31243906193766313,-0.34380035744413856,0.004566426529704293,-0.026794868976771136,0.07453701960941969,-0.4898929158786012,-0.19770779900967597,1.0,0.2921851168689252,0.011721540564214395,0.002425315915397647,0.0030122077115029566,14.05469476061849,28.05076883276267,1640.915902166161,220.0,0.004724453072068744,10.909025491399735,1.0,0.0,nan,nan,2.404,0.04112662997433709,0.19553685765349776,0.2055999003333897,0.0,"[300, 100, 100, 300, 300]","[0.0, 0.00630503479761604, 0.0, 0.0034357646104772573, 0.013881465952250423]",,0.07453701960941969,0.09639558107680418,5.0,1.96,nan,known-logging,sieve,frozen,neural-fore,known-uniform,0.8,1.0,0.0,0.02,0.0
2500,18843462,1000000,-0.3170054884673674,-0.3326436908604849,-0.3352071896404298,-0.015638202393117473,-0.018201701173062357,0.07437674961896461,-0.4809856188936004,-0.18942876038725914,1.0,0.2915568585063413,0.012792648154400323,0.002425315915397647,0.0030122077115029566,14.234678338403624,16.73597835122418,1628.6319407742446,180.0,0.003351348543152615,10.360461349800243,1.0,0.0,nan,nan,8.2,0.04281182358073151,0.20958029080843898,0.20409856401354798,0.0,"[300, 300, 100, 100, 100]","[0.000714090027563799, 0.009189610371615876, 0.0004888459873703872, 0.003144437829073171, 0.0032197585001398437]",,0.07437674961896461,0.12962292620637642,5.0,1.96,nan,known-logging,sieve,frozen,neural-fore,known-uniform,0.8,1.0,0.0,0.02,0.0
2500,18943465,1000000,-0.3170054884673674,-0.31541671694314116,-0.25836026804813855,0.0015887715242262623,0.05864522041922887,0.07162483252334868,-0.39874493979390196,-0.11797559630237514,1.0,0.2807693434915268,0.015805868508428602,0.002425315915397647,0.0030122077115029566,15.234973255285203,28.412017689475007,1637.5242444546875,180.0,0.012564992351050788,10.354486925599485,1.0000000000000002,0.0,nan,nan,4.42,0.04068355094288291,0.19670650332829023,0.205780430941843,0.0,"[100, 300, 100, 100, 300]","[0.006263552106376719, 0.0, 0.045183489066807775, 0.0064185516690092054, 0.0049593689130602425]",,0.07162483252334868,0.09266597683019705,5.0,1.96,nan,known-logging,sieve,frozen,neural-fore,known-uniform,0.8,1.0,0.0,0.02,0.0
2500,19043468,1000000,-0.3170054884673674,-0.312916267368303,-0.36959965874642814,0.0040892210990644,-0.052594170279060715,0.07583429510007547,-0.5182348771425761,-0.2209644403502802,1.0,0.29727043679229587,0.013465354781423465,0.002425315915397647,0.0030122077115029566,14.918028912583512,18.596379696148553,1627.6165154800085,180.0,0.0035288064157669927,10.31232937519926,1.0,0.0,nan,nan,2.8,0.03951242018827432,0.20005475466724146,0.19701279202332306,0.0,"[300, 100, 100, 300, 100]","[0.0, 0.010494030057784097, 0.0, 0.0004595590566825997, 0.006690442964368269]",,0.07583429510007547,0.059882953944582554,5.0,1.96,nan,known-logging,sieve,frozen,neural-fore,known-uniform,0.8,1.0,0.0,0.02,0.0
2500,19143471,1000000,-0.3170054884673674,-0.31205991422214435,-0.3335060242216101,0.004945574245223072,-0.01650053575424265,0.0716858059091959,-0.474010203803634,-0.1930018446395861,1.0,0.2810083591640479,0.011584592420014188,0.002425315915397647,0.0030122077115029566,12.259199427243118,14.91043042968497,1704.1899330766842,140.0,0.004675792554459102,9.583627450199128,1.0,0.0,nan,nan,4.2219999999999995,0.04326316076617286,0.20651894894665496,0.2104122297934475,0.0,"[100, 100, 100, 300, 100]","[0.003941429505214442, 0.00038303441932149526, 0.003639950454395897, 0.008813196657881342, 0.006601351735482335]",,0.0716858059091959,0.03091978484772981,5.0,1.96,nan,known-logging,sieve,frozen,neural-fore,known-uniform,0.8,1.0,0.0,0.02,0.0
2500,19243474,1000000,-0.3170054884673674,-0.3073123172969963,-0.35314068837238216,0.009693171170371107,-0.03613519990501474,0.07484213858502756,-0.4998312799990362,-0.20645009674572815,1.0,0.29338118325330803,0.015279285499539589,0.002425315915397647,0.0030122077115029566,14.710551773340372,19.279284759464105,1627.2922151284877,100.0,0.022897731592897617,8.827475225200761,1.0,0.0,nan,nan,2.602,0.04273307209559629,0.20384751166161658,0.21026948678246357,0.0,"[100, 100, 100, 100, 100]","[0.027034133225685028, 0.015838806234332488, 0.042872820984885054, 0.02213932538996134, 0.006603572129624187]",,0.07484213858502756,0.0987748410411766,5.0,1.96,nan,known-logging,sieve,frozen,neural-fore,known-uniform,0.8,1.0,0.0,0.02,0.0
2500,19343477,1000000,-0.3170054884673674,-0.324202509814192,-0.36185307227533586,-0.007197021346824595,-0.04484758380796844,0.07499938355282176,-0.5088518640388665,-0.21485428051180522,1.0,0.2939975835270613,0.014293014179888769,0.002425315915397647,0.0030122077115029566,14.701992112669272,30.125262567864596,1633.8353376353982,180.0,0.0039647036150260275,10.122649682799965,1.0000000000000002,0.0,nan,nan,4.401999999999999,0.04081918092487193,0.19938011305270445,0.20491557426022672,0.0,"[300, 100, 100, 300, 100]","[0.0, 0.008764624133825928, 0.01105889394130421, 0.0, 0.0]",,0.07499938355282176,0.05354001885127424,5.0,1.96,nan,known-logging,sieve,frozen,neural-fore,known-uniform,0.8,1.0,0.0,0.02,0.0
2500,19443480,1000000,-0.3170054884673674,-0.28711597045426546,-0.35348011445714317,0.029889518013101968,-0.036474625989775744,0.07654980687857214,-0.5035177359391445,-0.20344249297514178,1.0,0.3000752429640028,0.019631081155794632,0.002425315915397647,0.0030122077115029566,15.839891169071908,21.14341401486657,1641.5621809484471,220.0,0.00286278866533391,10.944213008400038,1.0,0.0,nan,nan,0.604,0.04042484632303485,0.20218918876960262,0.1974760644714807,0.0,"[100, 300, 300, 300, 100]","[0.002503016690321578, 0.005947285627339165, 0.0046164692591264345, 0.0012471717498823741, 0.0]",,0.07654980687857214,0.0664924979050173,5.0,1.96,nan,known-logging,sieve,frozen,neural-fore,known-uniform,0.8,1.0,0.0,0.02,0.0
2500,19543483,1000000,-0.3170054884673674,-0.3062984428076467,-0.4223876169266142,0.010707045659720749,-0.10538212845924677,0.0760909412453456,-0.5715258617674915,-0.27324937208573685,1.0,0.29827648968175474,0.017979478535845295,0.002425315915397647,0.0030122077115029566,13.190486431476174,15.547758735686136,1705.7256443013055,140.0,0.006858328339603381,9.378772891999688,1.0,0.0,nan,nan,4.6,0.041883861008835635,0.201356561293318,0.20624832668202084,0.0,"[100, 100, 100, 100, 300]","[0.01838126987555337, 0.014366714929348033, 0.0, 0.0015436568931154991, 0.0]",,0.0760909412453456,0.05963162900812472,5.0,1.96,nan,known-logging,sieve,frozen,neural-fore,known-uniform,0.8,1.0,0.0,0.02,0.0
2500,19643486,1000000,-0.3170054884673674,-0.3115554277363011,-0.22183578627131856,0.005450060731066297,0.09516970219604887,0.0666086616616958,-0.3523887631282423,-0.09128280941439479,1.0,0.26110595371384754,0.013671926719805085,0.002425315915397647,0.0030122077115029566,11.94921459679765,13.387225692442376,1738.765095402371,100.0,0.01770237480970545,8.863744608600246,1.0,0.0,nan,nan,0.8019999999999999,0.04040722697329853,0.19515001147092223,0.2050711530350632,0.0,"[100, 100, 100, 100, 100]","[0.06559227040581109, 0.009141070234569117, 0.0, 0.00459560637102902, 0.00918292703711802]",,0.0666086616616958,0.08034565527189286,5.0,1.96,nan,known-logging,sieve,frozen,neural-fore,known-uniform,0.8,1.0,0.0,0.02,0.0
2500,19743489,1000000,-0.3170054884673674,-0.3062593233170237,-0.29803689168450526,0.010746165150343712,0.018968596782862168,0.07346126345259936,-0.44202096805159996,-0.15405281531741052,1.0,0.28796815273418946,0.011851722685829425,0.002425315915397647,0.0030122077115029566,14.515008838897575,18.364762276751772,1660.5482300360718,180.0,0.00759771110645088,10.242593466000107,1.0,0.0,nan,nan,4.401999999999999,0.040606898404132834,0.20402073952051564,0.19897930557763538,0.0,"[300, 100, 100, 100, 300]","[0.006977589994250563, 0.015031427558291564, 0.0021777974759084125, 0.01137632277366595, 0.002425417730137911]",,0.07346126345259936,0.07843053749753635,5.0,1.96,nan,known-logging,sieve,frozen,neural-fore,known-uniform,0.8,1.0,0.0,0.02,0.0
2500,19843492,1000000,-0.3170054884673674,-0.3189480760484099,-0.23658760387339245,-0.0019425875810424875,0.08041788459397498,0.0674480049928968,-0.36878569365947017,-0.10438951408731473,1.0,0.26439617957215544,0.013062375336351956,0.002425315915397647,0.0030122077115029566,11.940319342682798,12.637812663205326,1725.1790028707076,140.0,0.0060686393169087595,9.30420589159985,1.0,0.0,nan,nan,4.6,0.04005596684903912,0.1979541932950923,0.1991594036456939,0.0,"[300, 100, 100, 100, 100]","[0.00582910575668626, 0.0054023159600115715, 0.01030071772403528, 0.00652537517953067, 0.0022856819642800134]",,0.0674480049928968,0.03305588401752007,5.0,1.96,nan,known-logging,sieve,frozen,neural-fore,known-uniform,0.8,1.0,0.0,0.02,0.0
2500,19943495,1000000,-0.3170054884673674,-0.316699953526236,-0.28099217195787285,0.00030553494113144675,0.036013316509494575,0.07217135099497858,-0.4224480199080308,-0.13953632400771485,1.0,0.282911695900316,0.015654488237844696,0.002425315915397647,0.0030122077115029566,12.569512978193455,14.629227137704227,1717.7993627298843,100.0,0.0114182018664837,8.662723874799486,1.0,0.0,nan,nan,2.8,0.039923114474442314,0.1992950326369886,0.19884308526122466,0.0,"[100, 100, 100, 100, 100]","[0.025106964754717437, 0.00854377057214675, 0.006906081893197414, 0.00600983821108613, 0.010524353901270767]",,0.07217135099497858,0.03337720421189167,5.0,1.96,nan,known-logging,sieve,frozen,neural-fore,known-uniform,0.8,1.0,0.0,0.02,0.0
2500,20043498,1000000,-0.3170054884673674,-0.2900951343312245,-0.3679384747009199,0.0269103541361429,-0.05093298623355247,0.07817209214040376,-0.5211557752961112,-0.21472117410572852,1.0,0.30643460119038274,0.014258856461241741,0.002425315915397647,0.0030122077115029566,15.311372725491315,24.40820398614578,1638.8737261125561,140.0,0.004384224936684616,9.540018991799297,1.0,0.0,nan,nan,0.8019999999999999,0.04088906803395633,0.2056098648968369,0.20184009207236464,0.0,"[100, 100, 100, 100, 300]","[0.008392928072975857, 0.004106184867692018, 0.006343433638396935, 0.0, 0.0030785781043582683]",,0.07817209214040376,0.03939513851277699,5.0,1.96,nan,known-logging,sieve,frozen,neural-fore,known-uniform,0.8,1.0,0.0,0.02,0.0
2500,20143501,1000000,-0.3170054884673674,-0.3098597752939492,-0.3231149823558788,0.007145713173418222,-0.006109493888511397,0.07423158286908609,-0.4686088847792875,-0.1776210799324701,1.0,0.29098780484681747,0.012875225707133469,0.002425315915397647,0.0030122077115029566,14.879665551066175,31.825422674193554,1654.610179033314,140.0,0.012335571138524676,9.819462683200618,1.0,0.0,nan,nan,2.8,0.039140004943242726,0.20062699380581347,0.19475514397042193,0.0,"[100, 100, 100, 100, 300]","[0.009424233774327953, 0.02523595101869415, 0.016508495100569037, 0.01050917579903224, 0.0]",,0.07423158286908609,0.0479886923470639,5.0,1.96,nan,known-logging,sieve,frozen,neural-fore,known-uniform,0.8,1.0,0.0,0.02,0.0
2500,20243504,1000000,-0.3170054884673674,-0.32115182718481644,-0.3431375594404943,-0.004146338717449016,-0.026132070973126864,0.07336132372576479,-0.4869257539429933,-0.1993493649379953,1.0,0.287576389004998,0.016959761042622992,0.002425315915397647,0.0030122077115029566,13.045110475484305,13.836772364447153,1668.7189548734043,100.0,0.006014292853578415,9.010893974600549,1.0,0.0,nan,nan,4.401999999999999,0.041581162639996075,0.2069664281598298,0.19389034874979416,0.0,"[100, 100, 100, 100, 100]","[0.003704462215472895, 0.0029005522065606642, 0.014811115914925684, 0.0070096537652674165, 0.0016456801656654105]",,0.07336132372576479,0.047479104313481714,5.0,1.96,nan,known-logging,sieve,frozen,neural-fore,known-uniform,0.8,1.0,0.0,0.02,0.0
2500,20343507,1000000,-0.3170054884673674,-0.3171135719394065,-0.36223067838969963,-0.00010808347203905555,-0.04522518992233221,0.07372706012523715,-0.5067357162351644,-0.21772564054423482,1.0,0.2890100756909296,0.011147735367583855,0.002425315915397647,0.0030122077115029566,13.300224345083793,15.876570895107974,1664.651512750287,100.0,0.004121444273269808,9.010485641800551,1.0,0.0,nan,nan,2.602,0.04090175040440318,0.20713014721247497,0.19946459563812968,0.0,"[100, 100, 100, 100, 100]","[0.011974690930207912, 0.0022830494896623156, 0.00033511047792962123, 0.0005911779973690089, 0.005423192471180185]",,0.07372706012523715,0.07378716283920686,5.0,1.96,nan,known-logging,sieve,frozen,neural-fore,known-uniform,0.8,1.0,0.0,0.02,0.0
2500,20443510,1000000,-0.3170054884673674,-0.319973304058741,-0.2690960591946215,-0.0029678155913736015,0.04790942927274594,0.07145943621400642,-0.40915655417407404,-0.1290355642151689,1.0,0.28012098995890516,0.012440559523074213,0.002425315915397647,0.0030122077115029566,14.49157710609723,18.38692675299838,1694.7288102367045,180.0,0.00425478720823467,10.824331250799878,1.0,0.0,nan,nan,4.402,0.039881139633322696,0.19969468829359358,0.1991786151370169,0.0,"[100, 300, 100, 300, 100]","[0.004169497842775273, 0.0, 0.004083693410424864, 0.0, 0.013020744787973213]",,0.07145943621400642,0.10156526654236107,5.0,1.96,nan,known-logging,sieve,frozen,neural-fore,known-uniform,0.8,1.0,0.0,0.02,0.0
2500,20543513,1000000,-0.3170054884673674,-0.3237846215392254,-0.4089527846062947,-0.006779133071857957,-0.09194729613892727,0.07508669676296811,-0.5561227102617122,-0.26178285895087716,1.0,0.294339851310835,0.014848452681819786,0.002425315915397647,0.0030122077115029566,13.085211169999402,16.855326871820946,1691.0555041829318,100.0,0.0047883593151932915,9.193564433600477,1.0,0.0,nan,nan,4.6,0.04272565456540613,0.2028905377288785,0.20765396360207414,0.0,"[100, 100, 100, 100, 100]","[0.0, 0.007588420393728756, 0.0006827926144973022, 0.013391786992047811, 0.0022787965756925865]",,0.07508669676296811,0.03306860104514415,5.0,1.96,nan,known-logging,sieve,frozen,neural-fore,known-uniform,0.8,1.0,0.0,0.02,0.0
2500,20643516,1000000,-0.3170054884673674,-0.3106776162810302,-0.2488529429146215,0.006327872186337236,0.06815254555274591,0.07012475886005536,-0.38629747028033,-0.11140841554891301,1.0,0.274889054731417,0.013014385532174546,0.002425315915397647,0.0030122077115029566,13.590235413809838,16.283836551165304,1733.5268133240415,180.0,0.014520880731533774,10.689744608000183,1.0,0.0,nan,nan,6.4,0.04089187800463413,0.20877202337535702,0.19151398315211204,0.0,"[100, 300, 100, 100, 300]","[0.01458019040513334, 0.004482467689890167, 0.025337767927878285, 0.01663009183853247, 0.011573885796234612]",,0.07012475886005536,0.03346926752394129,5.0,1.96,nan,known-logging,sieve,frozen,neural-fore,known-uniform,0.8,1.0,0.0,0.02,0.0
2500,20743519,1000000,-0.3170054884673674,-0.3162668932358569,-0.2748173118974064,0.0007385952315105415,0.042188176569961044,0.07025284995151124,-0.41251289780236844,-0.13712172599244435,1.0,0.27539117180992406,0.013725635210722389,0.002425315915397647,0.0030122077115029566,13.174455460887913,17.75260192231191,1709.755275332337,140.0,0.005694107224642387,9.756118158600657,1.0,0.0,nan,nan,2.602,0.040585603108035884,0.2081459994802552,0.19548740537806192,0.0,"[100, 100, 100, 100, 300]","[0.0072772355789601124, 0.0032108569590853994, 0.004891250239369083, 0.010396069051898781, 0.002695124293898556]",,0.07025284995151124,0.053812119421520005,5.0,1.96,nan,known-logging,sieve,frozen,neural-fore,known-uniform,0.8,1.0,0.0,0.02,0.0
2500,20843522,1000000,-0.3170054884673674,-0.2879287318763585,-0.33552630303614767,0.029076756591008945,-0.01852081456878024,0.0725337552944457,-0.4776924634132612,-0.19336014265903412,1.0,0.2843323207542271,0.015676067895857997,0.002425315915397647,0.0030122077115029566,11.83466490374157,12.597983004529999,1723.0588569819329,100.0,0.015763688204617675,9.200081433199376,1.0,0.0,nan,nan,2.602,0.042731958069680755,0.2057885495045971,0.203959577020362,0.0,"[100, 100, 100, 100, 100]","[0.013184077889961262, 0.01766362119694537, 0.017021744171383524, 0.02624247451990046, 0.004706523244897748]",,0.0725337552944457,0.0996158290614478,5.0,1.96,nan,known-logging,sieve,frozen,neural-fore,known-uniform,0.8,1.0,0.0,0.02,0.0
2500,20943525,1000000,-0.3170054884673674,-0.31094121890212395,-0.2759907104976384,0.006064269565243474,0.04101477796972902,0.07398418807519347,-0.4209997191250176,-0.1309817018702592,1.0,0.2900180172547584,0.011884666103549761,0.002425315915397647,0.0030122077115029566,14.66559462105123,16.598465240264442,1607.076711247768,220.0,0.009490227605678057,11.577229750200422,1.0,0.0,nan,nan,4.401999999999999,0.04152750068802153,0.19973867355898656,0.20332482834733084,0.0,"[300, 100, 100, 300, 300]","[0.0002911543091315951, 0.0017675424691572048, 0.02040797238301809, 0.010968191959778415, 0.014016276907304977]",,0.07398418807519347,0.04322625906602701,5.0,1.96,nan,known-logging,sieve,frozen,neural-fore,known-uniform,0.8,1.0,0.0,0.02,0.0
2500,21043528,1000000,-0.3170054884673674,-0.2956978837526244,-0.2650940191070011,0.021307604714743023,0.051911469360366336,0.07054044311088883,-0.4033532876043432,-0.12683475060965899,1.0,0.2765185369946842,0.01559769674255188,0.002425315915397647,0.0030122077115029566,13.46346697261788,20.541432851318074,1690.0640332148935,140.0,0.0038518409885691177,9.736309583800175,1.0,0.0,nan,nan,6.4,0.04035370391266334,0.19789627623206502,0.20245426683554107,0.0,"[100, 300, 100, 100, 100]","[0.00998101912500045, 0.0, 0.0003900039225018374, 0.005637395754743882, 0.003250786140599421]",,0.07054044311088883,0.046330043305837294,5.0,1.96,nan,known-logging,sieve,frozen,neural-fore,known-uniform,0.8,1.0,0.0,0.02,0.0
2500,21143531,1000000,-0.3170054884673674,-0.28804134089264277,-0.22499178499428213,0.028964147574724652,0.0920137034730853,0.0699402527802232,-0.3620746804435196,-0.08790888954504467,1.0,0.2741657908984749,0.012379240119321936,0.002425315915397647,0.0030122077115029566,12.341869986561486,13.389985401473401,1727.346075095485,180.0,0.010590263265898996,10.836258616599661,1.0,0.0,nan,nan,4.6,0.042515408371960696,0.21047710893417954,0.20418897806388708,0.0,"[100, 300, 300, 100, 100]","[0.038691749391673094, 0.00291871380886705, 0.0, 0.0, 0.01134085312895484]",,0.0699402527802232,0.08158240128354852,5.0,1.96,nan,known-logging,sieve,frozen,neural-fore,known-uniform,0.8,1.0,0.0,0.02,0.0
2500,21243534,1000000,-0.3170054884673674,-0.30940453018155895,-0.4889992653046871,0.007600958285808479,-0.1719937768373197,0.08134278936609901,-0.6484311324622412,-0.3295673981471331,0.0,0.3188637343151081,0.01297885577926321,0.002425315915397647,0.0030122077115029566,15.556519201162851,23.142576617914724,1562.7133566961356,220.0,0.008422517991258444,11.668415174998518,1.0,0.0,nan,nan,2.44,0.04214217323165083,0.20392655959929878,0.20694645089605007,0.0,"[300, 300, 300, 100, 100]","[0.008998252157076331, 0.006399219410980438, 0.0, 0.01121598175788666, 0.0154991366303488]",,0.08134278936609901,0.04650334225778673,5.0,1.96,nan,known-logging,sieve,frozen,neural-fore,known-uniform,0.8,1.0,0.0,0.02,0.0
2500,21343537,1000000,-0.3170054884673674,-0.2749476332915785,-0.22293621715739836,0.042057855175788916,0.09406927130996906,0.07099541893435238,-0.362087238268729,-0.08378519604606771,1.0,0.2783020422226613,0.033936055664916594,0.002425315915397647,0.0030122077115029566,14.0901820126961,18.01805987632553,1652.4040784818783,260.0,0.0023256652601482564,11.888925166398622,1.0,0.0,nan,nan,6.4,0.041055187652913334,0.2007130992826492,0.19718331694109353,0.0,"[300, 300, 100, 300, 300]","[0.0022428061165387417, 0.0, 0.00938552018420254, 0.0, 0.0]",,0.07099541893435238,0.07973978397156602,5.0,1.96,nan,known-logging,sieve,frozen,neural-fore,known-uniform,0.8,1.0,0.0,0.02,0.0
2500,21443540,1000000,-0.3170054884673674,-0.3197023664287684,-0.2822522127201337,-0.0026968779614010008,0.03475327574723375,0.07208592948535623,-0.42354063451143187,-0.14096379092883546,1.0,0.28257684358259644,0.01457131325082168,0.002425315915397647,0.0030122077115029566,14.597833453992525,33.334001942085514,1641.6369515600227,220.0,0.004905258581297966,10.941016858200237,1.0,0.0,nan,nan,0.8019999999999999,0.04105039892534483,0.2035957460389099,0.20119119581664827,0.0,"[300, 300, 100, 100, 300]","[0.00332703758265052, 0.0, 0.0049387527458263, 0.013044824202852204, 0.003215678375160809]",,0.07208592948535623,0.04998763348794113,5.0,1.96,nan,known-logging,sieve,frozen,neural-fore,known-uniform,0.8,1.0,0.0,0.02,0.0
2500,21543543,1000000,-0.3170054884673674,-0.3076659973359412,-0.3132735648705245,0.009339491131426236,0.0037319235968429343,0.07369438880857003,-0.45771456693532175,-0.16883256280572723,1.0,0.2888820041295945,0.014645681810896935,0.002425315915397647,0.0030122077115029566,13.95270403690993,18.43493040979762,1672.2561801426316,140.0,0.016760034127593512,9.288724608200209,1.0,0.0,nan,nan,2.602,0.040889808542157034,0.20076685043808556,0.19944618704207023,0.0,"[100, 300, 100, 100, 100]","[0.04804965042527137, 0.01974614601671678, 0.005043249988598857, 0.00046622207305237965, 0.010494902134328165]",,0.07369438880857003,0.055618611722964145,5.0,1.96,nan,known-logging,sieve,frozen,neural-fore,known-uniform,0.8,1.0,0.0,0.02,0.0
2500,21643546,1000000,-0.3170054884673674,-0.3182957290159249,-0.3134172039904304,-0.0012902405485574753,0.0035882844769370426,0.07180944570182299,-0.45416371756600343,-0.17267069041485733,1.0,0.2814930271511461,0.013153799501733834,0.002425315915397647,0.0030122077115029566,13.29000954784268,13.851608123357147,1713.5885833403934,100.0,0.007912240827636708,8.763510374601173,1.0,0.0,nan,nan,2.62,0.041329985718732996,0.20108395506564913,0.2076917379055892,0.0,"[100, 100, 100, 100, 100]","[0.005528702874725062, 0.011491536396787053, 0.00504239439208475, 0.010428578544630408, 0.0070699919299562685]",,0.07180944570182299,0.09343083187578989,5.0,1.96,nan,known-logging,sieve,frozen,neural-fore,known-uniform,0.8,1.0,0.0,0.02,0.0
2500,21743549,1000000,-0.3170054884673674,-0.306999515593067,-0.2862221009027106,0.01000597287430044,0.030783387564656817,0.07243547795194843,-0.42819563768852953,-0.1442485641168917,1.0,0.28394707357163784,0.011590040776000428,0.002425315915397647,0.0030122077115029566,13.519863061216116,15.797114304908359,1703.927143259405,100.0,0.01493154564819768,8.722260174800976,1.0,0.0,nan,nan,2.8,0.04179219600117691,0.20667908610029623,0.20406857949203766,0.0,"[100, 100, 100, 100, 100]","[0.020332296484400207, 0.012699765536854932, 0.012075281935916084, 0.007310794488221323, 0.022239589795595864]",,0.07243547795194843,0.07789719355482451,5.0,1.96,nan,known-logging,sieve,frozen,neural-fore,known-uniform,0.8,1.0,0.0,0.02,0.0
2500,21843552,1000000,-0.3170054884673674,-0.30663734886375055,-0.23580568481643085,0.010368139603616877,0.08119980365093657,0.06880977202906824,-0.3706728379934046,-0.1009385316394571,1.0,0.2697343063539475,0.014360813154190927,0.002425315915397647,0.0030122077115029566,11.766142466762105,16.24394265185785,1758.6759385549055,140.0,0.002709575688583941,9.466441766600473,1.0,0.0,nan,nan,8.2,0.041793843949014614,0.20182713673278205,0.20803953759011834,0.0,"[100, 100, 100, 300, 100]","[0.0, 0.001233425094454261, 0.009018052503321454, 0.0028145270131664144, 0.0004818738319775723]",,0.06880977202906824,0.10862792512815697,5.0,1.96,nan,known-logging,sieve,frozen,neural-fore,known-uniform,0.8,1.0,0.0,0.02,0.0
2500,21943555,1000000,-0.3170054884673674,-0.3260256894581607,-0.17324713035190342,-0.009020200990793259,0.143758358115464,0.06626209983503938,-0.3031208460285806,-0.043373414675226235,0.0,0.2597474313533544,0.01480958013345285,0.002425315915397647,0.0030122077115029566,13.232616035020408,16.50713121450736,1711.5439850807209,140.0,0.012099262600238091,9.377267274798578,1.0,0.0,nan,nan,2.206,0.04066971754117335,0.20439479141672384,0.20009847732894914,0.0,"[300, 100, 100, 100, 100]","[0.009793060574914424, 0.006547664494878207, 0.022316755737938485, 0.011321693209930818, 0.010517138983528532]",,0.06626209983503938,0.01966318410908903,5.0,1.96,nan,known-logging,sieve,frozen,neural-fore,known-uniform,0.8,1.0,0.0,0.02,0.0
2500,22043558,1000000,-0.3170054884673674,-0.3056259682314124,-0.45411827017389833,0.01137952023595501,-0.1371127817065309,0.07758055834991376,-0.6061761645397293,-0.3020603758080673,1.0,0.30411578873166195,0.015231915826788785,0.002425315915397647,0.0030122077115029566,14.919611444800182,18.340070737642304,1646.1607564929423,140.0,0.010281830616779845,9.467148175198963,1.0,0.0,nan,nan,4.2219999999999995,0.03996490874306147,0.1968015576768582,0.20349993002007066,0.0,"[100, 100, 100, 300, 100]","[0.012621923239398088, 0.02611870152139624, 0.0028709860349362785, 0.004153888775476565, 0.005643653512692037]",,0.07758055834991376,0.06455875078847778,5.0,1.96,nan,known-logging,sieve,frozen,neural-fore,known-uniform,0.8,1.0,0.0,0.02,0.0
2500,22143561,1000000,-0.3170054884673674,-0.30302687050049815,-0.27889912534000294,0.013978617966869278,0.038106363127364484,0.07115133543047426,-0.4183557427837325,-0.13944250789627338,1.0,0.2789132348874591,0.011090509925452949,0.002425315915397647,0.0030122077115029566,13.045625322244327,15.103971218625867,1735.8847969477201,140.0,0.005336983559258017,9.566097607800112,1.0,0.0,nan,nan,4.6,0.04070919214448805,0.20379390263285516,0.20217381530925782,0.0,"[100, 100, 100, 300, 100]","[0.010454640981117204, 0.003196262321046573, 0.002212667038343298, 0.008678607875126948, 0.0021427395806560604]",,0.07115133543047426,0.09846706614626129,5.0,1.96,nan,known-logging,sieve,frozen,neural-fore,known-uniform,0.8,1.0,0.0,0.02,0.0
2500,22243564,1000000,-0.3170054884673674,-0.30783169494984375,-0.3270846403889071,0.009173793517523676,-0.010079151921539686,0.07558235651192036,-0.475226059152271,-0.17894322162554321,1.0,0.2962828375267278,0.011505005366868635,0.002425315915397647,0.0030122077115029566,15.550287985037864,24.570399215842567,1657.1025731571992,220.0,0.003914928948519012,10.916689766799754,1.0,0.0,nan,nan,6.4,0.04051561494724681,0.20185883220464307,0.20215362264474407,0.0,"[300, 100, 300, 100, 300]","[0.0074022880143238285, 0.005934722816760234, 0.0, 0.006237633911510999, 0.0]",,0.07558235651192036,0.04287249051269439,5.0,1.96,nan,known-logging,sieve,frozen,neural-fore,known-uniform,0.8,1.0,0.0,0.02,0.0
2500,22343567,1000000,-0.3170054884673674,-0.3132512682070976,-0.3543000698889673,0.003754220260269836,-0.03729458142159986,0.07399122158203306,-0.4993228641897521,-0.2092772755881825,1.0,0.2900455886015696,0.01411769447836621,0.002425315915397647,0.0030122077115029566,14.31913008788029,16.965043743371538,1682.338642311301,100.0,0.013477049961389528,8.885632074999375,1.0,0.0,nan,nan,2.8,0.04169529185373834,0.20330548548319388,0.20051406261129517,0.0,"[100, 100, 100, 100, 100]","[0.0017707967612620346, 0.01653623132747738, 0.0, 0.04040243331010503, 0.008675788408103192]",,0.07399122158203306,0.11333422763187447,5.0,1.96,nan,known-logging,sieve,frozen,neural-fore,known-uniform,0.8,1.0,0.0,0.02,0.0
2500,22443570,1000000,-0.3170054884673674,-0.2995074981632831,-0.29883975490884945,0.017497990304084332,0.01816573355851797,0.07346259194082416,-0.4428264351128648,-0.1548530747048341,1.0,0.28797336040803073,0.012300641232805682,0.002425315915397647,0.0030122077115029566,15.474427845628012,26.65047702106026,1613.7171320088962,220.0,0.006885025797088232,11.045356366999476,1.0000000000000002,0.0,nan,nan,2.8,0.042074554481916056,0.20406844865230928,0.20010203375589466,0.0,"[300, 300, 100, 300, 100]","[0.0, 0.01403591210422299, 0.014879512049111006, 0.0, 0.005509704832107158]",,0.07346259194082416,0.059733747536132024,5.0,1.96,nan,known-logging,sieve,frozen,neural-fore,known-uniform,0.8,1.0,0.0,0.02,0.0
2500,22543573,1000000,-0.3170054884673674,-0.3053018005971339,-0.2191396290167118,0.011703687870233515,0.09786585945065562,0.07008373570245587,-0.35650375099352527,-0.0817755070398983,1.0,0.274728243953627,0.014480459886631072,0.002425315915397647,0.0030122077115029566,13.615470515983928,18.935032822028738,1660.053685501427,220.0,0.009292440945920782,10.634414650200416,1.0,0.0,nan,nan,2.602,0.040691001474990676,0.2041438772558916,0.1992238044001739,0.0,"[100, 300, 300, 100, 300]","[0.010546434201257495, 0.016666035317776624, 0.009654491519720854, 0.009595243690848933, 0.0]",,0.07008373570245587,0.11986386216307844,5.0,1.96,nan,known-logging,sieve,frozen,neural-fore,known-uniform,0.8,1.0,0.0,0.02,0.0
2500,22643576,1000000,-0.3170054884673674,-0.33010380469048767,-0.35489968039037306,-0.013098316223120243,-0.03789419192300564,0.07430398331918416,-0.500535487695974,-0.20926387308477212,1.0,0.2912716146112019,0.01025743387007403,0.002425315915397647,0.0030122077115029566,15.501203004221694,19.98823204005549,1636.8826942942896,140.0,0.013764780036804317,9.205624700399857,1.0,0.0,nan,nan,6.004,0.04154656292504626,0.20336236054727533,0.20112118576443638,0.0,"[100, 100, 100, 100, 300]","[0.019629177168583964, 0.010306112060959908, 0.012906479317608651, 0.012641519477233219, 0.013340612159635834]",,0.07430398331918416,0.07723719144914533,5.0,1.96,nan,known-logging,sieve,frozen,neural-fore,known-uniform,0.8,1.0,0.0,0.02,0.0
2500,22743579,1000000,-0.3170054884673674,-0.332299499184936,-0.3338280666335913,-0.015294010717568585,-0.0168225781662239,0.07181104794665463,-0.4745777206090344,-0.19307841265814824,1.0,0.2814993079508862,0.014692688127279712,0.002425315915397647,0.0030122077115029566,12.970545116429314,13.91019516667225,1696.866108326371,100.0,0.021125387748937508,8.467816250599208,1.0,0.0,nan,nan,8.2,0.041237934988015174,0.19873071907139975,0.20632276848459777,0.0,"[100, 100, 100, 100, 100]","[0.047398817006215614, 0.013737848434255202, 0.003269960718946564, 0.016891576110686046, 0.024328736474584108]",,0.07181104794665463,0.061210658447468834,5.0,1.96,nan,known-logging,sieve,frozen,neural-fore,known-uniform,0.8,1.0,0.0,0.02,0.0
2500,22843582,1000000,-0.3170054884673674,-0.3230253267927105,-0.33217478356380126,-0.006019838325343085,-0.015169295096433832,0.07234878148032449,-0.4739783952652372,-0.19037117186236527,1.0,0.283607223402872,0.014903170865691007,0.002425315915397647,0.0030122077115029566,12.637819483394368,23.506216243990767,1718.1936041311958,140.0,0.0036108647063050558,9.533113975201195,1.0,0.0,nan,nan,4.6,0.04217616086660788,0.21005300913532388,0.19832913653104894,0.0,"[100, 100, 300, 100, 100]","[0.002538325125706257, 8.347386543139872e-05, 0.0020067174600589483, 0.00512587920211106, 0.008299927878217615]",,0.07234878148032449,0.05819429651281037,5.0,1.96,nan,known-logging,sieve,frozen,neural-fore,known-uniform,0.8,1.0,0.0,0.02,0.0
2500,22943585,1000000,-0.3170054884673674,-0.3101739053218721,-0.2755578763612116,0.006831583145495312,0.04144761210615583,0.07139554414483695,-0.415493142885092,-0.13562260983733118,1.0,0.2798705330477608,0.015186082248433864,0.002425315915397647,0.0030122077115029566,14.781327796770872,16.8141302503433,1655.673323456174,180.0,0.0069674786036485106,10.12334726699919,1.0,0.0,nan,nan,2.602,0.04137005064273358,0.1971479343572616,0.2065753009444462,0.0,"[100, 100, 300, 100, 300]","[0.008992852537359507, 0.00823491679130903, 0.009077879823557448, 0.006242463263529351, 0.002289280602487214]",,0.07139554414483695,0.061639007724318025,5.0,1.96,nan,known-logging,sieve,frozen,neural-fore,known-uniform,0.8,1.0,0.0,0.02,0.0
2500,23043588,1000000,-0.3170054884673674,-0.32211109196787013,-0.2680244936182159,-0.005105603500502709,0.04898099484915153,0.06999851920873376,-0.40522159126733404,-0.13082739596909773,1.0,0.27439419529823633,0.012338545306218415,0.002425315915397647,0.0030122077115029566,12.795079269738618,19.036576963992992,1727.0464492395313,180.0,0.003437638243496925,10.324441683200712,1.0,0.0,nan,nan,0.8019999999999999,0.03999996900264738,0.19630559999856437,0.20601791429980154,0.0,"[100, 100, 300, 100, 300]","[0.004845288526372835, 0.00498103505239066, 0.006399764966991381, 0.0009621026717297522, 0.0]",,0.06999851920873376,0.07377464444991612,5.0,1.96,nan,known-logging,sieve,frozen,neural-fore,known-uniform,0.8,1.0,0.0,0.02,0.0
2500,23143591,1000000,-0.3170054884673674,-0.32272994396635185,-0.29442043821563024,-0.0057244554989844265,0.022585050251737182,0.06964216888946895,-0.43091908923898936,-0.1579217871922711,1.0,0.2729973020467183,0.012843112289442132,0.002425315915397647,0.0030122077115029566,11.941903007616073,12.589654046025446,1753.788936817844,140.0,0.011600065548487365,9.361755308400461,1.0,0.0,nan,nan,2.602,0.042515314006768654,0.21536378602043488,0.1991130424973421,0.0,"[100, 300, 100, 100, 100]","[0.006270587372946607, 0.0018544401652599136, 0.01068784137251824, 0.01967047272486214, 0.01951698610684992]",,0.06964216888946895,0.09653580675882054,5.0,1.96,nan,known-logging,sieve,frozen,neural-fore,known-uniform,0.8,1.0,0.0,0.02,0.0
2500,23243594,1000000,-0.3170054884673674,-0.31325191730823687,-0.3220594870485998,0.003753571159130553,-0.0050539985812323995,0.07645099458269165,-0.47190343643067545,-0.1722155376665242,1.0,0.29968789876415125,0.01112417604952438,0.002425315915397647,0.0030122077115029566,15.477155747504241,25.150560233628152,1624.4251069829145,220.0,0.006483829354011127,11.672830733599403,1.0,0.0,nan,nan,4.006,0.03976686991882339,0.19644582998354138,0.20329640247899666,0.0,"[100, 300, 100, 300, 300]","[0.011981169761201848, 0.0, 0.01767252397929094, 0.0, 0.002765453029562849]",,0.07645099458269165,0.08884995531339974,5.0,1.96,nan,known-logging,sieve,frozen,neural-fore,known-uniform,0.8,1.0,0.0,0.02,0.0
2500,23343597,1000000,-0.3170054884673674,-0.3010538749407124,-0.15989449870260264,0.01595161352665503,0.15711098976476479,0.06708199070905184,-0.2913752004923442,-0.028413796912861028,0.0,0.2629614035794832,0.015415009751120857,0.002425315915397647,0.0030122077115029566,12.318774470924787,22.895601982116602,1758.294829648961,140.0,0.009283867831074896,9.84316945819919,1.0000000000000002,0.0,nan,nan,4.401999999999999,0.04097000853057707,0.20014759268937876,0.20182197184628378,0.0,"[300, 100, 100, 100, 100]","[0.014189857681282603, 0.0, 0.008419874083726743, 0.01197956117840938, 0.011830046211955759]",,0.06708199070905184,0.031010921095785546,5.0,1.96,nan,known-logging,sieve,frozen,neural-fore,known-uniform,0.8,1.0,0.0,0.02,0.0
2500,23443600,1000000,-0.3170054884673674,-0.31588504954053676,-0.4061889584564237,0.0011204389268306691,-0.0891834699890563,0.07593932635097533,-0.5550300381043354,-0.25734787880851206,1.0,0.2976821592958233,0.010535955395695726,0.002425315915397647,0.0030122077115029566,14.089376692816568,16.6362599813142,1635.4219500525373,220.0,0.0075675741783954266,11.227599733399984,1.0,0.0,nan,nan,6.4,0.03948728084943671,0.19984185357748516,0.2023406024502225,0.0,"[100, 300, 100, 300, 300]","[0.018864744580754822, 0.005810863149058036, 0.003923179518685243, 0.007464912170719167, 0.001774171472759861]",,0.07593932635097533,0.018888074178042943,5.0,1.96,nan,known-logging,sieve,frozen,neural-fore,known-uniform,0.8,1.0,0.0,0.02,0.0
2500,23543603,1000000,-0.3170054884673674,-0.3113299582197845,-0.3189067183408119,0.005675530247582938,-0.0019012298734444877,0.07276019634640313,-0.461516703179762,-0.17629673350186179,1.0,0.28521996967790025,0.013203464068026546,0.002425315915397647,0.0030122077115029566,11.961918061875258,12.8724687137779,1749.0310685978993,140.0,0.005165112921998153,9.889314549598566,1.0,0.0,nan,nan,6.4,0.042700869102495,0.2136421800476096,0.19952289586181146,0.0,"[100, 100, 300, 100, 100]","[0.003311599721724875, 0.0012084555049792342, 0.0012357112193942619, 0.01127332234892992, 0.008796475814962474]",,0.07276019634640313,0.06464525724435463,5.0,1.96,nan,known-logging,sieve,frozen,neural-fore,known-uniform,0.8,1.0,0.0,0.02,0.0
2500,23643606,1000000,-0.3170054884673674,-0.33508837961941756,-0.37658002724301815,-0.01808289115205014,-0.05957453877565072,0.07305384294381073,-0.5197655594128872,-0.2333944950731491,1.0,0.2863710643397381,0.012862522188331024,0.002425315915397647,0.0030122077115029566,13.493513321198822,17.191153914924417,1680.73788677141,140.0,0.01066156722865348,9.551127942000312,1.0,0.0,nan,nan,2.8,0.042851922991028205,0.21027141590372683,0.20475885346509046,0.0,"[100, 100, 100, 100, 300]","[0.01787017610473138, 0.015859969656215056, 0.008138582238581467, 0.006269714205181496, 0.005169393938558008]",,0.07305384294381073,0.08458617659890061,5.0,1.96,nan,known-logging,sieve,frozen,neural-fore,known-uniform,0.8,1.0,0.0,0.02,0.0
2500,23743609,1000000,-0.3170054884673674,-0.3176108794689599,-0.3905034329201167,-0.0006053910015924591,-0.07349794445274926,0.07438470504699735,-0.5362974548122315,-0.2447094110280019,1.0,0.2915880437842296,0.009260148552590058,0.002425315915397647,0.0030122077115029566,12.659283771667216,17.75887208292643,1719.3567931767438,140.0,0.0051763072474075985,9.36608682520091,1.0,0.0,nan,nan,2.602,0.04260422450087256,0.2089104670845677,0.2047852151141755,0.0,"[100, 100, 100, 100, 300]","[0.00730407535895158, 0.012134392434466372, 0.006443068443620042, 0.0, 0.0]",,0.07438470504699735,0.04443736895703645,5.0,1.96,nan,known-logging,sieve,frozen,neural-fore,known-uniform,0.8,1.0,0.0,0.02,0.0
2500,23843612,1000000,-0.3170054884673674,-0.28931970507672994,-0.31370845046021917,0.027685783390637486,0.0032970380071482563,0.07357566612113106,-0.45791675605763604,-0.1695001448628023,1.0,0.28841661119483375,0.015110086413140994,0.002425315915397647,0.0030122077115029566,13.266775243674804,15.720938538897807,1696.4402794914176,180.0,0.007599211226618141,10.097955142000501,1.0,0.0,nan,nan,0.42400000000000004,0.04298765871834296,0.20463839630552014,0.20692017866565515,0.0,"[100, 100, 300, 300, 100]","[0.01164775817658981, 0.007649970498768037, 0.0, 0.012559405929587979, 0.006138921528144877]",,0.07357566612113106,0.029980346805257956,5.0,1.96,nan,known-logging,sieve,frozen,neural-fore,known-uniform,0.8,1.0,0.0,0.02,0.0
2500,23943615,1000000,-0.3170054884673674,-0.32422877504619424,-0.33492855893887485,-0.007223286578826815,-0.01792307047150743,0.0734993943951336,-0.47898737195333674,-0.190869745924413,1.0,0.2881176260289237,0.011626777502541222,0.002425315915397647,0.0030122077115029566,14.722977684106892,20.266690138756083,1648.187571916351,220.0,0.0070099622460452855,10.776185366599384,1.0,0.0,nan,nan,0.6039999999999999,0.04027720856418225,0.2003217278662682,0.20041758107301266,0.0,"[100, 300, 100, 300, 300]","[0.014579578500782666, 0.0, 0.02047023272944376, 0.0, 0.0]",,0.0734993943951336,0.06496637275229651,5.0,1.96,nan,known-logging,sieve,frozen,neural-fore,known-uniform,0.8,1.0,0.0,0.02,0.0
2500,24043618,1000000,-0.3170054884673674,-0.3182111288342676,-0.43229610026848214,-0.0012056403669001847,-0.11529061180111472,0.07687954369936557,-0.5829800059192387,-0.28161219461772563,1.0,0.301367811301513,0.01109353807855956,0.002425315915397647,0.0030122077115029566,14.28159367570245,21.588533326786276,1609.6219250154047,180.0,0.0049778610196554995,10.04957063299953,1.0,0.0,nan,nan,0.6039999999999999,0.04085314768184757,0.1991910884736303,0.1988893678150762,0.0,"[100, 300, 100, 100, 300]","[0.00766180643945235, 0.008681999130576854, 0.0021096400071887187, 0.006435859521059574, 0.0]",,0.07687954369936557,0.04453148557547308,5.0,1.96,nan,known-logging,sieve,frozen,neural-fore,known-uniform,0.8,1.0,0.0,0.02,0.0
2500,24143621,1000000,-0.3170054884673674,-0.328850348855627,-0.3822896365644577,-0.011844860388259548,-0.06528414809709027,0.07579601008518312,-0.5308498163314166,-0.23372945679749876,1.0,0.29712035953391785,0.016084128160406386,0.002425315915397647,0.0030122077115029566,15.19669155024892,16.090358724267666,1608.5257269579809,180.0,0.007344581346070253,9.887945666200903,1.0,0.0,nan,nan,4.6,0.040352812174367494,0.20451610574751716,0.1961826123177326,0.0,"[300, 300, 100, 100, 100]","[0.010451923262533795, 0.0, 0.016866192229342995, 0.0018002399741416152, 0.00760455126433286]",,0.07579601008518312,0.06267398343757179,5.0,1.96,nan,known-logging,sieve,frozen,neural-fore,known-uniform,0.8,1.0,0.0,0.02,0.0
2500,24243624,1000000,-0.3170054884673674,-0.31769877968333865,-0.3922621217073359,-0.0006932912159712257,-0.07525663323996845,0.07534549593958521,-0.5399392937489229,-0.24458494966574887,1.0,0.295354344083174,0.012555067365166235,0.002425315915397647,0.0030122077115029566,14.903327986252458,16.23443049556453,1618.3193485753704,180.0,0.010370983368955318,9.797393991199716,1.0,0.0,nan,nan,2.602,0.0414991262431942,0.20535082239362284,0.2030572226211697,0.0,"[100, 300, 100, 100, 300]","[0.006309935813262361, 0.013600240609596869, 0.006743704773406071, 0.02083702227923785, 0.00436401336927344]",,0.07534549593958521,0.061521956839437446,5.0,1.96,nan,known-logging,sieve,frozen,neural-fore,known-uniform,0.8,1.0,0.0,0.02,0.0
2500,24343627,1000000,-0.3170054884673674,-0.31969300432219,-0.3063285240841994,-0.0026875158548225753,0.010676964383168008,0.07252927752960908,-0.4484859080422332,-0.16417114012616563,1.0,0.2843147679160676,0.016729010390112698,0.002425315915397647,0.0030122077115029566,13.165639903463129,13.939485943754143,1697.8639720513702,180.0,0.003673471653652269,9.732019858599596,1.0,0.0,nan,nan,6.004,0.03926940485179389,0.19677349175126088,0.19797152126185236,0.0,"[100, 300, 100, 100, 300]","[0.0, 0.002393687150124369, 0.00738971853998488, 0.008583952578152096, 0.0]",,0.07252927752960908,0.0683708416842264,5.0,1.96,nan,known-logging,sieve,frozen,neural-fore,known-uniform,0.8,1.0,0.0,0.02,0.0
2500,24443630,1000000,-0.3170054884673674,-0.2838947257975897,-0.2915481450451724,0.03311076266977775,0.025457343422195022,0.07193489634358813,-0.43254054187860513,-0.15055574821173967,1.0,0.28198479366686546,0.018063121846649873,0.002425315915397647,0.0030122077115029566,12.557818775076383,14.227926495105406,1699.2785723289946,140.0,0.002062213168704789,9.214643575599984,1.0,0.0,nan,nan,4.2219999999999995,0.040888014124565844,0.20160009539439422,0.2028248481682388,0.0,"[300, 100, 100, 100, 100]","[0.0, 0.001151863260113302, 0.0018085430240913343, 0.0071082957656941935, 0.00024236379362511446]",,0.07193489634358813,0.1047365577926871,5.0,1.96,nan,known-logging,sieve,frozen,neural-fore,known-uniform,0.8,1.0,0.0,0.02,0.0
2500,24543633,1000000,-0.3170054884673674,-0.30712417083166027,-0.4143409550140903,0.009881317635707154,-0.09733546654672287,0.07728042026751603,-0.5658105787384217,-0.2628713312897589,1.0,0.3029392474486628,0.014306677700962627,0.002425315915397647,0.0030122077115029566,14.208310060924905,21.305768619687452,1666.6002123599128,180.0,0.003082790078572525,9.801631150000322,1.0,0.0,nan,nan,4.6,0.04056396319361223,0.19970230295467872,0.201842630870337,0.0,"[100, 100, 100, 300, 300]","[0.002669604784895436, 0.0051768229454048, 0.002857476713344209, 0.0026026703724080246, 0.002107375576810155]",,0.07728042026751603,0.08863342103499695,5.0,1.96,nan,known-logging,sieve,frozen,neural-fore,known-uniform,0.8,1.0,0.0,0.02,0.0
2500,24643636,1000000,-0.3170054884673674,-0.3111926043994131,-0.30355919381234364,0.005812884067954327,0.013446294655023783,0.07285763157168565,-0.4463601516928475,-0.16075823593183977,1.0,0.28560191576100774,0.01227466226587851,0.002425315915397647,0.0030122077115029566,13.49288621223524,21.451733971441662,1679.8660736453637,260.0,0.002231357422345347,11.295509466799922,0.9999999999999998,0.0,nan,nan,6.202,0.0416185650975716,0.2090185072601461,0.19884640844974233,0.0,"[300, 300, 100, 300, 300]","[0.0, 0.005128446514339831, 0.006028340597386902, 0.0, 0.0]",,0.07285763157168565,0.08228549342390191,5.0,1.96,nan,known-logging,sieve,frozen,neural-fore,known-uniform,0.8,1.0,0.0,0.02,0.0
2500,24743639,1000000,-0.3170054884673674,-0.32818682841730284,-0.3255898648847492,-0.01118133994993542,-0.0085843764173818,0.07378854966999021,-0.47021542223793,-0.18096430753156842,1.0,0.2892511147063616,0.01420993622970128,0.002425315915397647,0.0030122077115029566,13.04096630339124,18.579440773347006,1694.8299155094776,140.0,0.010081384037739647,8.997749116199339,1.0,0.0,nan,nan,0.8019999999999999,0.040523452571756116,0.19769495074371718,0.206491676619238,0.0,"[300, 100, 100, 100, 100]","[0.0, 0.013508694704268418, 0.01557118996418761, 0.014962022333648293, 0.006365013186593912]",,0.07378854966999021,0.09063977851546143,5.0,1.96,nan,known-logging,sieve,frozen,neural-fore,known-uniform,0.8,1.0,0.0,0.02,0.0
2500,24843642,1000000,-0.3170054884673674,-0.3310947688337932,-0.3313660832075366,-0.01408928036642576,-0.014360594740169152,0.07246150134126303,-0.4733906258364121,-0.18934154057866104,1.0,0.2840490852577511,0.015987579185886336,0.002425315915397647,0.0030122077115029566,13.9772177674191,23.026288487952513,1657.389871618323,180.0,0.011873801639080372,9.945264191600291,1.0,0.0,nan,nan,4.6,0.04123258489149608,0.20603488781186638,0.1978560340495182,0.0,"[100, 300, 100, 300, 100]","[0.038689845245458224, 0.0010297819595577028, 0.007906408367307313, 0.003258495121311285, 0.008484477501767331]",,0.07246150134126303,0.06080424843788226,5.0,1.96,nan,known-logging,sieve,frozen,neural-fore,known-uniform,0.8,1.0,0.0,0.02,0.0
2500,24943645,1000000,-0.3170054884673674,-0.31342360111990375,-0.39040426970209047,0.0035818873474636748,-0.07339878123472304,0.07934569224324522,-0.5459218264988511,-0.23488671290532984,1.0,0.31103511359352126,0.014285624759385275,0.002425315915397647,0.0030122077115029566,16.253444875689233,21.440835399185136,1581.2851309733262,220.0,0.007097401800118896,10.389313816200229,1.0,0.0,nan,nan,0.6039999999999999,0.04159801672022419,0.20225482548874146,0.20621958921876202,0.0,"[100, 300, 300, 300, 100]","[0.003906801503082921, 0.005980388118327469, 0.00807808233094248, 0.0, 0.017521737048241615]",,0.07934569224324522,0.04947981125785115,5.0,1.96,nan,known-logging,sieve,frozen,neural-fore,known-uniform,0.8,1.0,0.0,0.02,0.0
2500,25043648,1000000,-0.3170054884673674,-0.32617036437430214,-0.36315334784588926,-0.00916487590693471,-0.04614785937852184,0.07206862099010242,-0.5044078449864899,-0.22189885070528853,1.0,0.28250899428120146,0.015221631824011284,0.002425315915397647,0.0030122077115029566,12.335821881687894,14.62225392365725,1724.45392904336,180.0,0.009086148921110784,9.7762243580004,1.0,0.0,nan,nan,4.402,0.04242050544528865,0.2001706039921196,0.21289573031844683,0.0,"[100, 100, 300, 300, 100]","[0.013984035066309533, 0.006839656159754143, 0.0, 0.0, 0.024607053379490245]",,0.07206862099010242,0.05788667386633956,5.0,1.96,nan,known-logging,sieve,frozen,neural-fore,known-uniform,0.8,1.0,0.0,0.02,0.0
2500,25143651,1000000,-0.3170054884673674,-0.322805116920631,-0.28943496705765004,-0.0057996284532635944,0.027570521409717386,0.07262770266837654,-0.43178526428766806,-0.14708466982763202,1.0,0.28470059446003604,0.014828876481824698,0.002425315915397647,0.0030122077115029566,14.323052421907022,22.506095772716012,1648.5426800771636,180.0,0.006578989449672827,9.798675607799305,1.0,0.0,nan,nan,4.6,0.04006079901759213,0.20382286981702052,0.1951142863595296,0.0,"[100, 300, 100, 300, 100]","[0.013150002949806576, 0.0, 0.010870393850154744, 0.0, 0.008874550448402815]",,0.07262770266837654,0.0534854208668381,5.0,1.96,nan,known-logging,sieve,frozen,neural-fore,known-uniform,0.8,1.0,0.0,0.02,0.0
2500,25243654,1000000,-0.3170054884673674,-0.32781797255239864,-0.4140054655642227,-0.010812484085031215,-0.09699997709685526,0.074987792503883,-0.5609815388718333,-0.26702939225661204,1.0,0.29395214661522134,0.01413115885767302,0.002425315915397647,0.0030122077115029566,13.289290291589777,14.382980913846412,1668.6236975657919,140.0,0.0019068369382975506,9.343015191800806,1.0,0.0,nan,nan,2.62,0.041773265312248634,0.20018687028005014,0.20616543903145668,0.0,"[100, 100, 100, 300, 100]","[0.0055449769029305195, 0.0, 0.0039004601122342047, 0.0, 8.87476763230281e-05]",,0.074987792503883,0.09712992728518417,5.0,1.96,nan,known-logging,sieve,frozen,neural-fore,known-uniform,0.8,1.0,0.0,0.02,0.0
2500,25343657,1000000,-0.3170054884673674,-0.2803223943539977,-0.19344725677883162,0.03668309411336973,0.1235582316885358,0.06894331700145377,-0.328576158101681,-0.05831835545598224,1.0,0.27025780264569876,0.015711959329332063,0.002425315915397647,0.0030122077115029566,12.358540956780224,14.483168789088248,1722.5194158706863,100.0,0.005793456395771318,8.536512883599425,1.0,0.0,nan,nan,2.62,0.041602972315396156,0.19240545066749246,0.21298609366613624,0.0,"[100, 100, 100, 100, 100]","[0.004667680159374872, 0.008965576600728326, 0.0, 0.006405765147913172, 0.00892826007084022]",,0.06894331700145377,0.04894033126433782,5.0,1.96,nan,known-logging,sieve,frozen,neural-fore,known-uniform,0.8,1.0,0.0,0.02,0.0
2500,25443660,1000000,-0.3170054884673674,-0.32182151285533217,-0.2722746485992443,-0.004816024387964746,0.04473083986812315,0.069144634741287,-0.4077981326921668,-0.13675116450632174,1.0,0.27104696818584506,0.013855573611134644,0.002425315915397647,0.0030122077115029566,11.913618788393995,13.809565903839744,1769.4565420164456,100.0,0.00492625733523055,8.472385692399621,1.0,0.0,nan,nan,2.4219999999999997,0.040331651337209354,0.2043343387515128,0.2008500789617159,0.0,"[100, 100, 100, 100, 100]","[0.002108010453497832, 0.00018500134602786458, 0.005641757369841523, 0.0028580218887764236, 0.013838495618009103]",,0.069144634741287,0.07414852326086387,5.0,1.96,nan,known-logging,sieve,frozen,neural-fore,known-uniform,0.8,1.0,0.0,0.02,0.0
2500,25543663,1000000,-0.3170054884673674,-0.30865106939324377,-0.3614786010845102,0.008354419074123653,-0.04447311261714276,0.07554554296280518,-0.5095478652916083,-0.21340933687741204,1.0,0.2961385284141963,0.012280092640093934,0.002425315915397647,0.0030122077115029566,15.12803509002626,16.595087212251975,1615.428244799573,140.0,0.005786600119768668,9.232368199799748,1.0,0.0,nan,nan,2.602,0.0403465827719232,0.20336898814203325,0.20035861118132953,0.0,"[300, 100, 100, 100, 100]","[0.0015276666921683977, 0.008091114590664604, 0.005391715397795642, 0.009187622245070231, 0.0047348816731444645]",,0.07554554296280518,0.034643688180263636,5.0,1.96,nan,known-logging,sieve,frozen,neural-fore,known-uniform,0.8,1.0,0.0,0.02,0.0
2500,25643666,1000000,-0.3170054884673674,-0.3242787715380077,-0.3865405609438499,-0.007273283070640291,-0.0695350724764825,0.07442952008874407,-0.5324224203177883,-0.24065870156991157,1.0,0.2917637187478767,0.014137575652252059,0.002425315915397647,0.0030122077115029566,14.250616555744257,15.486910590947154,1630.5396031116484,140.0,0.007487476422519175,9.179966942001192,1.0,0.0,nan,nan,6.4,0.04137238794273239,0.20120003128893055,0.20414535062071218,0.0,"[100, 100, 100, 100, 300]","[0.014373232379801966, 0.012569221239557685, 0.008866087765991479, 0.0, 0.0016288407272447424]",,0.07442952008874407,0.08411953930332226,5.0,1.96,nan,known-logging,sieve,frozen,neural-fore,known-uniform,0.8,1.0,0.0,0.02,0.0
2500,25743669,1000000,-0.3170054884673674,-0.33157029972065727,-0.3896912786728384,-0.014564811253289844,-0.072685790205471,0.07483815408629339,-0.5363740606819735,-0.2430084966637034,1.0,0.2933655640182701,0.014280576509566711,0.002425315915397647,0.0030122077115029566,13.614018274762909,21.12665763870113,1689.6511376000929,140.0,0.010789861628566958,8.991087667200555,1.0,0.0,nan,nan,6.202,0.040806571942523844,0.20206866244965999,0.1993253406276348,0.0,"[100, 100, 100, 300, 100]","[0.038850181988894915, 0.010696527557798893, 0.0, 0.0024654002513993622, 0.0019371983447416235]",,0.07483815408629339,0.05077897925638319,5.0,1.96,nan,known-logging,sieve,frozen,neural-fore,known-uniform,0.8,1.0,0.0,0.02,0.0
2500,25843672,1000000,-0.3170054884673674,-0.2953210957980605,-0.30728052646403303,0.02168439266930694,0.009724962003334392,0.07232834071122646,-0.4490440742580369,-0.16551697867002918,1.0,0.2835270955880077,0.012603920640296324,0.002425315915397647,0.0030122077115029566,12.490691454595389,14.248746178687249,1723.3162241695456,180.0,0.005960716300937309,9.628571058199668,1.0,0.0,nan,nan,4.42,0.04086490351173313,0.1966089717350256,0.20883517882348634,0.0,"[100, 100, 100, 300, 300]","[0.006847572602376626, 0.0, 0.020804478820872743, 0.0021515300814371765, 0.0]",,0.07232834071122646,0.06761101822923384,5.0,1.96,nan,known-logging,sieve,frozen,neural-fore,known-uniform,0.8,1.0,0.0,0.02,0.0
2500,25943675,1000000,-0.3170054884673674,-0.31024528722242606,-0.44289857791140275,0.006760201244941366,-0.12589308944403532,0.07716610098745676,-0.594144135846818,-0.29165301997598747,1.0,0.3024911158708305,0.016263101964861866,0.002425315915397647,0.0030122077115029566,14.12549261404703,21.762320903354375,1653.0655840531037,180.0,0.011856840100726258,9.754653792200042,1.0,0.0,nan,nan,6.4,0.04042731397321368,0.19445102472139744,0.20380748584159658,0.0,"[100, 300, 100, 100, 300]","[0.006311683079377714, 0.015458477698426912, 0.008542096589107859, 0.026917719948014868, 0.0020542231887039387]",,0.07716610098745676,0.07888293991685305,5.0,1.96,nan,known-logging,sieve,frozen,neural-fore,known-uniform,0.8,1.0,0.0,0.02,0.0
2500,26043678,1000000,-0.3170054884673674,-0.3198103473547224,-0.4192844248802353,-0.0028048588873549885,-0.1022789364128679,0.07518237467895177,-0.5666418792509808,-0.2719269705094899,1.0,0.2947149087414909,0.009955010914106105,0.002425315915397647,0.0030122077115029566,12.725635216668357,14.006560706996275,1675.2111410352875,180.0,0.006611879739593915,10.007287708399963,1.0,0.0,nan,nan,6.202,0.040372788101134746,0.19608716901606335,0.20309825127171752,0.0,"[100, 300, 100, 100, 300]","[0.008798583365105271, 0.0, 0.010002987131971137, 0.0038592886865078915, 0.010398539514385274]",,0.07518237467895177,0.12461238105117448,5.0,1.96,nan,known-logging,sieve,frozen,neural-fore,known-uniform,0.8,1.0,0.0,0.02,0.0
2500,26143681,1000000,-0.3170054884673674,-0.3018795736129653,-0.4452970276544292,0.015125914854402123,-0.12829153918706176,0.07890702497998509,-0.5999547966151999,-0.2906392586936584,1.0,0.30931553792154154,0.01089434168684988,0.002425315915397647,0.0030122077115029566,13.918289156349326,16.732326632433576,1659.999099905128,100.0,0.011815625099351162,8.536835016999612,1.0,0.0,nan,nan,0.8019999999999999,0.04204509974271359,0.20405854915299684,0.20376500097254224,0.0,"[100, 100, 100, 100, 100]","[0.004157812423850525, 0.011136092450840657, 0.0, 0.0, 0.043784220622064635]",,0.07890702497998509,0.10988977545232441,5.0,1.96,nan,known-logging,sieve,frozen,neural-fore,known-uniform,0.8,1.0,0.0,0.02,0.0
2500,26243684,1000000,-0.3170054884673674,-0.28034204596370094,-0.31101829684146004,0.03666344250366649,0.005987191625907384,0.07300021162288318,-0.4540987116223111,-0.167937882060609,1.0,0.2861608295617021,0.040936762127974556,0.002425315915397647,0.0030122077115029566,13.210583920257445,15.448203110205794,1671.9627062443374,180.0,0.00925753607182429,9.67528152539926,1.0,0.0,nan,nan,4.6,0.04134820240668812,0.2054108518808496,0.20233613969687747,0.0,"[300, 100, 100, 300, 100]","[0.0013737752162310316, 0.015180017694536824, 0.005346611394266572, 0.0, 0.02438727605408702]",,0.07300021162288318,0.09186401761465196,5.0,1.96,nan,known-logging,sieve,frozen,neural-fore,known-uniform,0.8,1.0,0.0,0.02,0.0
2500,26343687,1000000,-0.3170054884673674,-0.3065285742639473,-0.25161271664390594,0.010476914203420118,0.06539277182346148,0.0697662675217794,-0.3883546009865936,-0.1148708323012183,1.0,0.2734837686853753,0.013695036087178097,0.002425315915397647,0.0030122077115029566,12.001387736617662,14.014885570531574,1767.7568486230684,100.0,0.005869156402373616,8.393571291599438,1.0,0.0,nan,nan,4.401999999999999,0.04106053700730651,0.20469290236275298,0.19933155146191597,0.0,"[100, 100, 100, 100, 100]","[0.006371466715246441, 0.008564229037821227, 0.006438899045869766, 0.0004118376554963662, 0.007559349557434279]",,0.0697662675217794,0.03497161767493979,5.0,1.96,nan,known-logging,sieve,frozen,neural-fore,known-uniform,0.8,1.0,0.0,0.02,0.0
2500,26443690,1000000,-0.3170054884673674,-0.31485353856662884,-0.2509076748433254,0.002151949900738581,0.06609781362404205,0.07018976874262321,-0.38847962157886684,-0.11333572810778389,1.0,0.275143893471083,0.014679276044238833,0.002425315915397647,0.0030122077115029566,13.896360601272075,20.088668673676555,1685.41878584159,260.0,0.004693876633325758,11.044792042200424,1.0,0.0,nan,nan,4.402,0.04114801036907737,0.20317481866378923,0.20146505786122476,0.0,"[300, 300, 300, 100, 300]","[0.006430632386760268, 0.009948412890946588, 0.0024908917144578144, 0.004599446174464117, 0.0]",,0.07018976874262321,0.08042497052112782,5.0,1.96,nan,known-logging,sieve,frozen,neural-fore,known-uniform,0.8,1.0,0.0,0.02,0.0
2500,26543693,1000000,-0.3170054884673674,-0.3148770355909236,-0.23643530407511917,0.0021284528764438093,0.08057018439224825,0.06978376849663706,-0.37321149032852785,-0.09965911782171052,1.0,0.2735523725068173,0.012270607877525529,0.002425315915397647,0.0030122077115029566,12.622770825863736,19.6402765881693,1711.847304126949,140.0,0.009905771616803725,9.085253050400933,1.0,0.0,nan,nan,4.401999999999999,0.040207905210420516,0.19479309686295818,0.21069659231541976,0.0,"[300, 100, 100, 100, 100]","[0.0, 0.0222543095570361, 0.005474601981034426, 0.006330465893282092, 0.015469480652666005]",,0.06978376849663706,0.12907281884669192,5.0,1.96,nan,known-logging,sieve,frozen,neural-fore,known-uniform,0.8,1.0,0.0,0.02,0.0
2500,26643696,1000000,-0.3170054884673674,-0.3302897593544472,-0.3159304020272716,-0.013284270887079785,0.0010750864400958515,0.0709615696776948,-0.4550150785955534,-0.17684572545898974,1.0,0.27816935313656366,0.014895117210447149,0.002425315915397647,0.0030122077115029566,12.643323013551752,14.042108797639196,1754.5855156306568,140.0,0.0010628546148466404,9.067769291800506,1.0,0.0,nan,nan,6.0040000000000004,0.04020207040443241,0.19751735424880018,0.2017717902286551,0.0,"[100, 100, 100, 100, 300]","[0.0008780005152162547, 0.00033611332125115515, 0.0, 0.004100159237765792, 0.0]",,0.0709615696776948,0.044158370328664875,5.0,1.96,nan,known-logging,sieve,frozen,neural-fore,known-uniform,0.8,1.0,0.0,0.02,0.0
2500,26743699,1000000,-0.3170054884673674,-0.3121563374796625,-0.13488767427346524,0.004849150987704942,0.1821178141939022,0.06436554517967381,-0.26104414282562594,-0.008731205721304564,0.0,0.25231293710432134,0.017798162977380013,0.002425315915397647,0.0030122077115029566,12.640688816985898,17.479795860216647,1748.1221156926829,140.0,0.009261139419242222,9.107487583599868,1.0,0.0,nan,nan,4.401999999999999,0.041304077696269065,0.2047622070309461,0.20154835283547862,0.0,"[100, 100, 100, 300, 100]","[0.010644061362042784, 0.0008806807257367012, 0.009639736460567577, 0.01034520752197671, 0.014796011025887346]",,0.06436554517967381,0.09824463303866136,5.0,1.96,nan,known-logging,sieve,frozen,neural-fore,known-uniform,0.8,1.0,0.0,0.02,0.0
2500,26843702,1000000,-0.3170054884673674,-0.3029826472338101,-0.32618440146879846,0.014022841233557348,-0.009178913001431033,0.07261226644529774,-0.468504443701582,-0.1838643592360149,1.0,0.2846400844655671,0.025746458368055437,0.002425315915397647,0.0030122077115029566,12.330765223700793,18.964946389000946,1686.0107809973117,180.0,0.007025383324800329,9.765699033000056,1.0,0.0,nan,nan,2.404,0.03952550628759806,0.1954606828598661,0.19962667115709004,0.0,"[300, 100, 300, 100, 100]","[0.00715452474528308, 0.005508428189206767, 0.004941670064753701, 0.0, 0.017522293624758094]",,0.07261226644529774,0.07264896393663801,5.0,1.96,nan,known-logging,sieve,frozen,neural-fore,known-uniform,0.8,1.0,0.0,0.02,0.0
2500,26943705,1000000,-0.3170054884673674,-0.2839119633463829,-0.13059860875465856,0.03309352512098451,0.18640687971270886,0.06690224045912492,-0.2617270000545434,0.0005297825452262872,0.0,0.2622567825997697,0.018939737666270648,0.002425315915397647,0.0030122077115029566,11.652549459463826,13.764365091395346,1753.6362550972426,140.0,0.009295127019872385,9.066243500000564,1.0,0.0,nan,nan,2.602,0.04147106580721074,0.19689532832539997,0.21262499845401636,0.0,"[100, 100, 300, 100, 100]","[0.015326285618577542, 0.013679450538248011, 0.00022861996235560818, 0.006524564168825465, 0.010716714811355294]",,0.06690224045912492,0.027933207608241133,5.0,1.96,nan,known-logging,sieve,frozen,neural-fore,known-uniform,0.8,1.0,0.0,0.02,0.0
2500,27043708,1000000,-0.3170054884673674,-0.30498404417025266,-0.28172559944203424,0.01202144429711477,0.03527988902533319,0.07194496847964726,-0.42273773766214284,-0.1407134612219256,1.0,0.28202427644021727,0.01469892686304889,0.002425315915397647,0.0030122077115029566,13.31239930242609,16.486375368916928,1665.7354608973992,180.0,0.005224708992340741,9.62985864140028,1.0,0.0,nan,nan,4.6,0.04074099432605123,0.20394817499394308,0.197514837368356,0.0,"[300, 300, 100, 100, 100]","[0.0010182172267423732, 0.0, 0.012787091901525105, 0.0, 0.012318235833436227]",,0.07194496847964726,0.02609286821837748,5.0,1.96,nan,known-logging,sieve,frozen,neural-fore,known-uniform,0.8,1.0,0.0,0.02,0.0
2500,27143711,1000000,-0.3170054884673674,-0.3237997472322895,-0.3037342094325606,-0.006794258764922068,0.013271279034806849,0.07185662126232194,-0.44457318710671156,-0.1628952317584096,1.0,0.281677955348302,0.018178003170820706,0.002425315915397647,0.0030122077115029566,12.330309718001198,13.376907869337842,1690.6435772840837,260.0,0.006684323119737229,11.165641774599862,1.0,0.0,nan,nan,2.8,0.041574671706290325,0.2066395897386037,0.20573237944351122,0.0,"[300, 300, 100, 300, 300]","[0.015453577616660047, 0.0081359842595778, 0.004133344219625016, 0.0, 0.0056987095028232775]",,0.07185662126232194,0.07438920203550335,5.0,1.96,nan,known-logging,sieve,frozen,neural-fore,known-uniform,0.8,1.0,0.0,0.02,0.0
2500,27243714,1000000,-0.3170054884673674,-0.2970908495799273,-0.20030569920945232,0.019914638887440106,0.1166997892579151,0.06756180994464288,-0.3327268467009524,-0.06788455171795227,1.0,0.2648422949830001,0.012144907067539098,0.002425315915397647,0.0030122077115029566,11.736203256549272,12.904637211604047,1791.2499673917162,140.0,0.0053498310328956855,9.15015179980037,1.0,0.0,nan,nan,6.202,0.04086474078350306,0.20256807878022953,0.1991775696517805,0.0,"[100, 300, 100, 100, 100]","[0.006831603204932953, 0.0008195946792725012, 0.0020980849355130738, 0.004347179090226585, 0.012652693254533312]",,0.06756180994464288,0.06847438006984291,5.0,1.96,nan,known-logging,sieve,frozen,neural-fore,known-uniform,0.8,1.0,0.0,0.02,0.0
2500,27343717,1000000,-0.3170054884673674,-0.2884563622383605,-0.26582224127212856,0.028549126229006905,0.05118324719523887,0.07221175541557537,-0.40735728188665626,-0.12428720065760085,1.0,0.2830700812290554,0.02185651957356933,0.002425315915397647,0.0030122077115029566,14.487961655289709,20.869672246963265,1644.2504609100997,180.0,0.005886183052413085,9.848473108201143,1.0,0.0,nan,nan,4.6,0.04120109341112995,0.20218430194836162,0.20317079829730536,0.0,"[100, 300, 100, 300, 100]","[0.001744681621139737, 0.0, 0.020322562379036083, 0.007363671261889603, 0.0]",,0.07221175541557537,0.032508602168929215,5.0,1.96,nan,known-logging,sieve,frozen,neural-fore,known-uniform,0.8,1.0,0.0,0.02,0.0
2500,27443720,1000000,-0.3170054884673674,-0.319840281625255,-0.46925813417961626,-0.002834793157887594,-0.15225264571224884,0.07924150545765157,-0.6245714848766133,-0.31394478348261917,1.0,0.3106267013939942,0.012518086376006654,0.002425315915397647,0.0030122077115029566,14.594435305276997,16.18207405685537,1617.9051290932784,180.0,0.005069332208726782,9.939846825198401,1.0,0.0,nan,nan,4.401999999999999,0.04171185975527673,0.20088720575460375,0.2080199721424795,0.0,"[300, 100, 300, 100, 100]","[0.004650034107667265, 0.0, 0.0, 0.009855274456537224, 0.010841352479429418]",,0.07924150545765157,0.11461182083383029,5.0,1.96,nan,known-logging,sieve,frozen,neural-fore,known-uniform,0.8,1.0,0.0,0.02,0.0
2500,27543723,1000000,-0.3170054884673674,-0.3172107577780768,-0.3333247083390375,-0.00020526931070935506,-0.016319219871670065,0.0733924270568164,-0.47717386537039763,-0.18947555130767735,1.0,0.2876983140627203,0.012218348566078011,0.002425315915397647,0.0030122077115029566,13.631259472811232,15.475003458614077,1652.1705728835884,180.0,0.009312632469224584,10.213079841799845,1.0,0.0,nan,nan,2.602,0.0404296990047176,0.19900490627348077,0.19998138360342513,0.0,"[100, 100, 300, 100, 300]","[0.0023849091069610673, 0.01844257355604141, 0.006106420359218598, 0.014776480174978075, 0.004852779148923771]",,0.0733924270568164,0.07159513260196011,5.0,1.96,nan,known-logging,sieve,frozen,neural-fore,known-uniform,0.8,1.0,0.0,0.02,0.0
2500,27643726,1000000,-0.3170054884673674,-0.29989760952267264,-0.36547333756479455,0.017107878944694788,-0.04846784909742713,0.0737274566372957,-0.5099791525738941,-0.220967522555695,1.0,0.28901163001819913,0.012940622668131401,0.002425315915397647,0.0030122077115029566,12.912568400263284,15.554495518262701,1701.4045561207215,100.0,0.00692977081981508,8.720904474199415,1.0,0.0,nan,nan,4.6,0.041375569140759835,0.20811526831589272,0.20039508991372568,0.0,"[100, 100, 100, 100, 100]","[0.0009157571985399253, 0.02964182102046809, 0.002024379544758628, 0.002066896335308757, 0.0]",,0.0737274566372957,0.04651771479001893,5.0,1.96,nan,known-logging,sieve,frozen,neural-fore,known-uniform,0.8,1.0,0.0,0.02,0.0
2500,27743729,1000000,-0.3170054884673674,-0.3086229461035466,-0.12071243126702574,0.0083825423638208,0.19629305720034168,0.06533015098332667,-0.24875952719434602,0.007334664660294532,0.0,0.25609419185464055,0.012586700527349226,0.002425315915397647,0.0030122077115029566,12.310006910995527,14.298002743548757,1754.18899513438,180.0,0.006700300572799562,10.046185600200625,1.0,0.0,nan,nan,1.0,0.04046523473437806,0.20336742279078432,0.20004314931575257,0.0,"[300, 300, 100, 100, 100]","[0.0, 0.00711747127848654, 0.01631656637807743, 0.005419852952619536, 0.004647612254814301]",,0.06533015098332667,0.045574936570644375,5.0,1.96,nan,known-logging,sieve,frozen,neural-fore,known-uniform,0.8,1.0,0.0,0.02,0.0
2500,27843732,1000000,-0.3170054884673674,-0.3251139810846087,-0.4056815903396947,-0.00810849261724128,-0.08867610187232727,0.07556136740740832,-0.553781870458215,-0.25758131022117436,1.0,0.2962005602370406,0.010001508344534187,0.002425315915397647,0.0030122077115029566,13.824423204814035,18.217230957183393,1669.5917012889963,260.0,0.007996417630484018,11.332203308200041,1.0,0.0,nan,nan,2.8,0.0401086863551322,0.20040489336513012,0.19680643072851328,0.0,"[300, 300, 300, 300, 100]","[0.00018918854895863134, 0.0, 0.0, 0.0, 0.03979289960346146]",,0.07556136740740832,0.06837880643219506,5.0,1.96,nan,known-logging,sieve,frozen,neural-fore,known-uniform,0.8,1.0,0.0,0.02,0.0
2500,27943735,1000000,-0.3170054884673674,-0.302404216213112,-0.47384352480887154,0.014601272254255449,-0.15683803634150412,0.07848024998552072,-0.6276648147804922,-0.3200222348372509,0.0,0.30764257994324123,0.01293924146551795,0.002425315915397647,0.0030122077115029566,14.202285725764431,15.224728966694917,1637.1363270933891,140.0,0.009575903229854833,9.227015233000566,1.0,0.0,nan,nan,4.6,0.04134431496181643,0.20612501306580935,0.20076227132387253,0.0,"[100, 300, 100, 100, 100]","[0.010397181535879341, 0.008590040779685882, 0.008625457014751549, 0.0019522123606903134, 0.01831462445826708]",,0.07848024998552072,0.054344890509323375,5.0,1.96,nan,known-logging,sieve,frozen,neural-fore,known-uniform,0.8,1.0,0.0,0.02,0.0
2500,28043738,1000000,-0.3170054884673674,-0.32129657936398137,-0.3056921284461784,-0.004291090896613947,0.011313360021189045,0.07445553901044029,-0.4516249849066414,-0.1597592719857154,1.0,0.29186571292092595,0.013192462189630182,0.002425315915397647,0.0030122077115029566,15.180002141687414,36.180242050017256,1637.7995706181675,220.0,0.005873081110257189,10.931879533401297,1.0000000000000002,0.0,nan,nan,4.6,0.04395132820966008,0.2061632534823457,0.20974330173174166,0.0,"[100, 100, 300, 300, 300]","[0.015287730771881442, 0.010423878255401102, 0.003653796524003404, 0.0, 0.0]",,0.07445553901044029,0.09837904813385465,5.0,1.96,nan,known-logging,sieve,frozen,neural-fore,known-uniform,0.8,1.0,0.0,0.02,0.0
2500,28143741,1000000,-0.3170054884673674,-0.3141203764430955,-0.3229904100519673,0.002885112024271941,-0.0059849215845999,0.07304967285085055,-0.4661677688396344,-0.17981305126430025,1.0,0.28635471757533415,0.014452994178199974,0.002425315915397647,0.0030122077115029566,14.47140097160133,16.819010107372517,1669.3767598756676,220.0,0.008293486530484255,10.849471957999048,1.0,0.0,nan,nan,4.6,0.04110453100373478,0.203551201135242,0.1977310838339927,0.0,"[300, 300, 100, 300, 100]","[0.01075348385029536, 0.0, 0.009719295168098555, 0.004292174172588607, 0.016702479461438755]",,0.07304967285085055,0.043403132042606894,5.0,1.96,nan,known-logging,sieve,frozen,neural-fore,known-uniform,0.8,1.0,0.0,0.02,0.0
2500,28243744,1000000,-0.3170054884673674,-0.27745161787604194,-0.3371247366767905,0.03955387059132548,-0.02011924820942307,0.07409759722750112,-0.48235602724269266,-0.1918934461108883,1.0,0.2904625811318044,0.027834152588307837,0.002425315915397647,0.0030122077115029566,13.38185703132304,14.841783467783415,1651.5953855920097,180.0,0.002731682173259455,9.724231300199609,1.0,0.0,nan,nan,6.4,0.04172726266507821,0.20263286708835562,0.20626942147930505,0.0,"[100, 300, 300, 100, 100]","[0.0, 0.005168927467493605, 0.0, 0.00848948339880367, 0.0]",,0.07409759722750112,0.043845920792677094,5.0,1.96,nan,known-logging,sieve,frozen,neural-fore,known-uniform,0.8,1.0,0.0,0.02,0.0
2500,28343747,1000000,-0.3170054884673674,-0.31597893083427775,-0.5080097657777273,0.0010265576330896753,-0.19100427731035985,0.07974352897290361,-0.6643070825646183,-0.3517124489908362,0.0,0.31259463357378214,0.014693462205038945,0.002425315915397647,0.0030122077115029566,14.644716805209102,17.499750305007453,1614.892435566536,140.0,0.004234934964210389,9.19672074959999,1.0,0.0,nan,nan,2.404,0.0412381891197508,0.20390898580363412,0.2029354814014106,0.0,"[100, 100, 100, 100, 300]","[0.005489058996381251, 7.416002853008106e-05, 0.0, 0.015611455796140612, 0.0]",,0.07974352897290361,0.06541815255946289,5.0,1.96,nan,known-logging,sieve,frozen,neural-fore,known-uniform,0.8,1.0,0.0,0.02,0.0
2500,28443750,1000000,-0.3170054884673674,-0.30783911222602267,-0.21010314092447802,0.009166376241344754,0.10690234754288941,0.06908585339401073,-0.34551141357673903,-0.074694868272217,1.0,0.27081654530452204,0.014184462795147589,0.002425315915397647,0.0030122077115029566,13.894428967361266,16.330232110671258,1729.1374213041443,260.0,0.00513272424206949,11.68279938339947,1.0,0.0,nan,nan,0.8019999999999999,0.04110382265657753,0.2061111181957583,0.199714934508671,0.0,"[300, 100, 300, 300, 300]","[0.006041910916703726, 0.005479661761188636, 0.005382942006846827, 0.0051977496440220585, 0.0035613568815862037]",,0.06908585339401073,0.0833503320452366,5.0,1.96,nan,known-logging,sieve,frozen,neural-fore,known-uniform,0.8,1.0,0.0,0.02,0.0
2500,28543753,1000000,-0.3170054884673674,-0.30719033164301346,-0.3302105949882999,0.009815156824353966,-0.013205106520932486,0.07491450385885581,-0.4770430225516573,-0.1833781674249425,1.0,0.2936648551267148,0.027593762814345456,0.002425315915397647,0.0030122077115029566,15.169348858346819,27.814366507686096,1654.6598717600245,220.0,0.005565810220783516,10.740586033399449,1.0,0.0,nan,nan,2.4219999999999997,0.0424457070057469,0.21792658714747706,0.19467951421716675,0.0,"[300, 300, 100, 100, 300]","[0.0014526123906456962, 0.0, 0.016550442849742275, 0.005780851297541788, 0.004045144565987824]",,0.07491450385885581,0.0809896294252616,5.0,1.96,nan,known-logging,sieve,frozen,neural-fore,known-uniform,0.8,1.0,0.0,0.02,0.0
2500,28643756,1000000,-0.3170054884673674,-0.3142092597451755,-0.36660774065663737,0.002796228722191929,-0.049602252189269946,0.07736928787358338,-0.5182515448888608,-0.21496393642441394,1.0,0.30328760846444686,0.013791548109739113,0.002425315915397647,0.0030122077115029566,15.60928710587077,25.421359220969453,1597.7596351155123,220.0,0.004289444594097035,10.72688920039982,1.0,0.0,nan,nan,2.602,0.038905480648855,0.19932481984652653,0.19329225368743058,0.0,"[100, 300, 100, 300, 300]","[0.00748798779180115, 0.003228140153171098, 0.006264352240575006, 0.001968846053242179, 0.0024978967316957447]",,0.07736928787358338,0.11783193803456969,5.0,1.96,nan,known-logging,sieve,frozen,neural-fore,known-uniform,0.8,1.0,0.0,0.02,0.0
2500,28743759,1000000,-0.3170054884673674,-0.3388341619970175,-0.20801852199735058,-0.021828673529650067,0.10898696647001685,0.06612014562170908,-0.33761400741590036,-0.07842303657880079,1.0,0.2591909708370996,0.01410994238831215,0.002425315915397647,0.0030122077115029566,13.624081093818393,20.369777814409993,1711.422827249787,220.0,0.008293822371981155,10.678865749800025,1.0,0.0,nan,nan,0.82,0.03952740761792564,0.19480949230013006,0.20150751843805548,0.0,"[300, 100, 300, 100, 300]","[0.0063496465837165105, 0.009221465020186245, 0.005244127699233443, 0.02065387255676957, 0.0]",,0.06612014562170908,0.06432182651748135,5.0,1.96,nan,known-logging,sieve,frozen,neural-fore,known-uniform,0.8,1.0,0.0,0.02,0.0
2500,28843762,1000000,-0.3170054884673674,-0.31270933572639553,-0.3248526045431909,0.0042961527409718925,-0.007847116075823501,0.07393234643423942,-0.46976000355430014,-0.17994520553208168,1.0,0.2898147980222185,0.01585423851728481,0.002425315915397647,0.0030122077115029566,13.571091676803952,15.685476919188371,1653.1510245900374,180.0,0.0025219374600283506,9.87917053300007,1.0,0.0,nan,nan,8.02,0.04124722642221543,0.20496120861588646,0.20076084264819513,0.0,"[100, 100, 300, 100, 300]","[0.00858157335347475, 0.00280369053445917, 0.0, 0.0, 0.0012244234122078324]",,0.07393234643423942,0.09613856820265103,5.0,1.96,nan,known-logging,sieve,frozen,neural-fore,known-uniform,0.8,1.0,0.0,0.02,0.0
2500,28943765,1000000,-0.3170054884673674,-0.3017699563111577,-0.2176552387101161,0.015235532156209708,0.09935024975725132,0.07022796319931036,-0.3553020465807644,-0.08000843083946779,1.0,0.2752936157412966,0.021742806631087228,0.002425315915397647,0.0030122077115029566,13.252413267378373,14.265145660635643,1698.2452040101819,140.0,0.007446024554479257,9.11418530020128,1.0,0.0,nan,nan,8.2,0.0405683017409478,0.20551065361370968,0.19637603642877172,0.0,"[100, 100, 300, 100, 100]","[0.0, 0.0013563428598221152, 0.0019896177456733576, 0.00530910263751806, 0.02857505952938275]",,0.07022796319931036,0.10324187769108069,5.0,1.96,nan,known-logging,sieve,frozen,neural-fore,known-uniform,0.8,1.0,0.0,0.02,0.0
2500,29043768,1000000,-0.3170054884673674,-0.29924158580904875,-0.33095453149768195,0.017763902658318675,-0.013949043030314523,0.07261953826311564,-0.4732888264933886,-0.1886202365019753,1.0,0.2846685899914133,0.01305537768511409,0.002425315915397647,0.0030122077115029566,13.636380296985067,17.428225533021923,1672.1898432505625,220.0,0.0056680195799793855,10.52275433339928,1.0,0.0,nan,nan,2.242,0.042103301269973546,0.20577349766688857,0.20256945744254193,0.0,"[300, 100, 100, 300, 300]","[0.00538831369956106, 0.009601156909632272, 0.004813200333122488, 0.008537426957581109, 0.0]",,0.07261953826311564,0.08623770892359107,5.0,1.96,nan,known-logging,sieve,frozen,neural-fore,known-uniform,0.8,1.0,0.0,0.02,0.0
2500,29143771,1000000,-0.3170054884673674,-0.29541548773709975,-0.2797506117207391,0.021590000730267678,0.03725487674662831,0.07022338671060752,-0.41738844967352984,-0.1421127737679484,1.0,0.27527567590558144,0.01546400020618234,0.002425315915397647,0.0030122077115029566,12.86458125947312,18.00134852587695,1732.976069270698,140.0,0.015755551536689772,9.010269700000572,1.0,0.0,nan,nan,4.6,0.03988659749116772,0.20052223675819855,0.19797074813824492,0.0,"[100, 100, 100, 300, 100]","[0.007235891493928479, 0.0435436608292647, 0.010335709158255275, 0.0062805217777788585, 0.011381974424221529]",,0.07022338671060752,0.047858581522532584,5.0,1.96,nan,known-logging,sieve,frozen,neural-fore,known-uniform,0.8,1.0,0.0,0.02,0.0
2500,29243774,1000000,-0.3170054884673674,-0.2971123765680241,-0.3991992100063252,0.01989311189934334,-0.08219372153895776,0.07465031023252998,-0.545513818062084,-0.25288460195056645,1.0,0.2926292161115175,0.01205784311763766,0.002425315915397647,0.0030122077115029566,13.054366022021423,16.494235562615565,1704.6404507068432,140.0,0.009031271611558178,9.163326058400708,1.0,0.0,nan,nan,8.001999999999999,0.04139633106858119,0.2051183945936197,0.20294256356911378,0.0,"[100, 100, 100, 100, 300]","[0.0, 0.021468353608465496, 0.012022942007190125, 0.008429732846938542, 0.003235329595196729]",,0.07465031023252998,0.04323698686419097,5.0,1.96,nan,known-logging,sieve,frozen,neural-fore,known-uniform,0.8,1.0,0.0,0.02,0.0
2500,29343777,1000000,-0.3170054884673674,-0.3246605010068744,-0.5589273444161181,-0.007655012539506956,-0.2419218559487507,0.08004162982551133,-0.7158089388741203,-0.4020457499581159,0.0,0.3137631889160044,0.020523015474962412,0.002425315915397647,0.0030122077115029566,13.435772002923454,14.083070237190986,1628.5575869430706,180.0,0.00727544039071272,9.871266616401773,1.0,0.0,nan,nan,10.0,0.04228380732282401,0.20894248394575432,0.20318570218431967,0.0,"[300, 300, 100, 100, 100]","[0.008058101886405974, 0.011808664288354176, 0.0017469828602297917, 0.014763452918573654, 0.0]",,0.08004162982551133,0.13638071071457045,5.0,1.96,nan,known-logging,sieve,frozen,neural-fore,known-uniform,0.8,1.0,0.0,0.02,0.0
2500,29443780,1000000,-0.3170054884673674,-0.3144904359432576,-0.3048368567232829,0.0025150525241098287,0.012168631744084502,0.07128625579104565,-0.4445579180737324,-0.16511579537283344,1.0,0.27944212270089896,0.01645500313581196,0.002425315915397647,0.0030122077115029566,12.423274249664193,16.899333440565208,1677.3114566733539,140.0,0.003546806041905193,9.04278677479997,1.0,0.0,nan,nan,6.220000000000001,0.04019787026737319,0.2041027013353784,0.19753093351150838,0.0,"[300, 100, 100, 100, 100]","[0.00026098967263772687, 0.010940624940722949, 0.004658927058643149, 0.0018734885375221394, 0.0]",,0.07128625579104565,0.06789649814165243,5.0,1.96,nan,known-logging,sieve,frozen,neural-fore,known-uniform,0.8,1.0,0.0,0.02,0.0
2500,29543783,1000000,-0.3170054884673674,-0.29106998374357046,-0.280324671182319,0.025935504723796965,0.036680817285048406,0.07432696860766587,-0.42600552965334415,-0.13464381271129391,1.0,0.2913617169420502,0.013418120891890015,0.002425315915397647,0.0030122077115029566,12.839995749775055,15.900864815561876,1703.4354071936284,140.0,0.010463841658505292,9.109188991599513,1.0,0.0,nan,nan,4.42,0.04001994006897962,0.20145137308879235,0.19750114214615472,0.0,"[100, 100, 100, 100, 300]","[0.011508124039907655, 0.0025165455722618835, 0.007175229021813992, 0.027174832827156672, 0.0039444768313862625]",,0.07432696860766587,0.11487306830264028,5.0,1.96,nan,known-logging,sieve,frozen,neural-fore,known-uniform,0.8,1.0,0.0,0.02,0.0
2500,29643786,1000000,-0.3170054884673674,-0.29961005677336394,-0.4263620463344661,0.017395431694003483,-0.10935655786709869,0.07747232884438865,-0.5782078108694679,-0.27451628179946436,1.0,0.3036915290700035,0.013613234299214287,0.002425315915397647,0.0030122077115029566,13.941745939254007,17.649561452937306,1643.6425012235015,220.0,0.004404163191392314,10.710473424399606,1.0,0.0,nan,nan,6.202,0.04045171171497274,0.2054152189297628,0.19681434989715316,0.0,"[100, 300, 100, 300, 300]","[0.010014409998554978, 0.003595455058603407, 0.008410950899803187, 0.0, 0.0]",,0.07747232884438865,0.062487889693572066,5.0,1.96,nan,known-logging,sieve,frozen,neural-fore,known-uniform,0.8,1.0,0.0,0.02,0.0
2500,29743789,1000000,-0.3170054884673674,-0.28686866985211584,-0.267678350815637,0.03013681861525158,0.04932713765173041,0.0715818189640835,-0.40797871598524066,-0.12737798564603336,1.0,0.2806007303392073,0.01898001355982385,0.002425315915397647,0.0030122077115029566,13.762298493969368,15.56852897419439,1703.2558105839141,140.0,0.008859854457557213,9.176785524399747,1.0,0.0,nan,nan,4.401999999999999,0.04180645032943785,0.20473361373849436,0.20520206483483464,0.0,"[100, 100, 100, 100, 300]","[0.010385421500931661, 0.01398472694979009, 0.0029481434484571294, 0.009240640984683902, 0.007740339403923281]",,0.0715818189640835,0.0516118508908813,5.0,1.96,nan,known-logging,sieve,frozen,neural-fore,known-uniform,0.8,1.0,0.0,0.02,0.0
2500,29843792,1000000,-0.3170054884673674,-0.32316320786985236,-0.33427297887329377,-0.00615771940248494,-0.017267490405926345,0.07401800946178379,-0.47934827741839,-0.18919768032819756,1.0,0.2901505970901924,0.01032579229143615,0.002425315915397647,0.0030122077115029566,13.159562980899123,17.463101578424272,1672.8872363346811,180.0,0.008327526729250082,9.80582678339997,1.0,0.0,nan,nan,2.404,0.04004278601186449,0.20275144573771992,0.20124544783231016,0.0,"[100, 100, 300, 100, 300]","[0.030707680279726556, 0.006784646116942627, 0.0, 0.004145307249581221, 0.0]",,0.07401800946178379,0.09195487428001964,5.0,1.96,nan,known-logging,sieve,frozen,neural-fore,known-uniform,0.8,1.0,0.0,0.02,0.0
2500,29943795,1000000,-0.3170054884673674,-0.2930169524870053,-0.2674013516014533,0.023988535980362102,0.04960413686591414,0.07155223595038711,-0.407643734064212,-0.12715896913869457,1.0,0.28048476492551744,0.02090301502221662,0.002425315915397647,0.0030122077115029566,14.241689246823578,16.094451742315954,1634.1035540100186,220.0,0.0038517605833230744,10.497637091999787,1.0,0.0,nan,nan,8.2,0.0398256609520853,0.20120417849881628,0.19892402823198402,0.0,"[300, 300, 100, 300, 100]","[0.006300307027552128, 0.0, 0.0005374973306952632, 0.012420998558367981, 0.0]",,0.07155223595038711,0.020280656504164895,5.0,1.96,nan,known-logging,sieve,frozen,neural-fore,known-uniform,0.8,1.0,0.0,0.02,0.0
2500,30043798,1000000,-0.3170054884673674,-0.3215403136956526,-0.3492493715218969,-0.004534825228285189,-0.032243883054529465,0.07389045409057185,-0.4940746615394177,-0.20442408150437608,1.0,0.2896505800350416,0.01098892474716892,0.002425315915397647,0.0030122077115029566,13.40889769615275,15.955962265774122,1689.3518566172543,220.0,0.002973061540353181,10.665514224600338,1.0,0.0,nan,nan,4.6,0.04092890820810727,0.21242530605898774,0.1927171155763422,0.0,"[100, 300, 300, 300, 100]","[0.009817653267291665, 0.004470389295415206, 0.0, 0.0, 0.0005772651390590345]",,0.07389045409057185,0.05819445054666171,5.0,1.96,nan,known-logging,sieve,frozen,neural-fore,known-uniform,0.8,1.0,0.0,0.02,0.0
2500,30143801,1000000,-0.3170054884673674,-0.29973228307282396,-0.2158916444167976,0.017273205394543467,0.10111384405056983,0.06982343949445755,-0.3527455858259344,-0.0790377030076608,1.0,0.2737078828182736,0.013956915868409669,0.002425315915397647,0.0030122077115029566,14.216780794607995,17.911581219049207,1673.8026550525901,140.0,0.005031781564798854,8.98802595799898,1.0,0.0,nan,nan,2.404,0.040684580030158526,0.20160614333118193,0.2028447698575051,0.0,"[100, 300, 100, 100, 100]","[0.00568383224258532, 0.0, 0.012682367429689168, 0.004681764716060348, 0.002110943435659437]",,0.06982343949445755,0.06484570537018208,5.0,1.96,nan,known-logging,sieve,frozen,neural-fore,known-uniform,0.8,1.0,0.0,0.02,0.0
5000,485404,1000000,-0.3170054884673674,-0.29718238301862554,-0.24845951806777694,0.019823105448741885,0.06854597039959048,0.05030411165489062,-0.3470555769113626,-0.1498634592241913,1.0,0.19719211768717124,0.008468963891319951,0.002425315915397647,0.0030122077115029566,13.362326039813956,15.842444570013216,3299.113610711444,260.0,0.007507052568052827,14.93230849180036,1.0,0.0,nan,nan,4.222,0.040017480859033304,0.1975600815800693,0.20271152699132422,0.0,"[300, 100, 300, 300, 300]","[0.010123676042972613, 0.01647094446317763, 0.0, 0.010940642334113897, 0.0]",,0.05030411165489062,0.054451469169929455,5.0,1.96,nan,known-logging,sieve,frozen,neural-fore,known-uniform,0.8,1.0,0.0,0.02,0.0
5000,585407,1000000,-0.3170054884673674,-0.31784101872080517,-0.27027174598747084,-0.000835530253437744,0.04673374247989659,0.0495567875722551,-0.3674030496290908,-0.17314044234585085,1.0,0.19426260728324,0.007599426536585275,0.002425315915397647,0.0030122077115029566,12.977299345797336,14.123902948742943,3372.352076018342,180.0,0.004999867031791125,12.88096650819898,1.0,0.0,nan,nan,2.602,0.03916366820868213,0.19973614064620238,0.19769743284399693,0.0,"[100, 300, 100, 100, 300]","[0.007805783183864465, 0.00639802850573463, 0.007816815780076876, 0.002978707689279657, 0.0]",,0.0495567875722551,0.027690560788273755,5.0,1.96,nan,known-logging,sieve,frozen,neural-fore,known-uniform,0.8,1.0,0.0,0.02,0.0
5000,685410,1000000,-0.3170054884673674,-0.31042431601904874,-0.38108187211669203,0.006581172448318684,-0.06407638364932461,0.05252823662656586,-0.4840372159047611,-0.27812652832862295,1.0,0.20591068757613817,0.009278003026824631,0.002425315915397647,0.0030122077115029566,14.56608540822483,17.202090621557833,3272.810073867248,260.0,0.003714077249252408,14.835370533800234,1.0,0.0,nan,nan,8.2,0.04042525688740563,0.20147028017350413,0.1983080936302007,0.0,"[300, 300, 300, 100, 300]","[0.0032394350734535463, 0.0, 0.003839480132770248, 0.008143205729761781, 0.003348265310276465]",,0.05252823662656586,0.05335909610676431,5.0,1.96,nan,known-logging,sieve,frozen,neural-fore,known-uniform,0.8,1.0,0.0,0.02,0.0
5000,785413,1000000,-0.3170054884673674,-0.30018463568429077,-0.276074575429964,0.016820852783076656,0.04093091303740343,0.05141795566098156,-0.37685376852548785,-0.17529538233444014,1.0,0.2015583861910477,0.009129384431106545,0.002425315915397647,0.0030122077115029566,13.82585419449916,18.004311390335157,3296.688343770158,220.0,0.0034924132533573973,13.970220599600726,1.0,0.0,nan,nan,2.404,0.03989771476390677,0.19937304297360264,0.19803542132141475,0.0,"[100, 300, 100, 300, 300]","[0.004340218452016473, 0.004776480483738129, 0.0070576736956169065, 0.0012876936354154756, 0.0]",,0.05141795566098156,0.04895653165055569,5.0,1.96,nan,known-logging,sieve,frozen,neural-fore,known-uniform,0.8,1.0,0.0,0.02,0.0
5000,885416,1000000,-0.3170054884673674,-0.30218604731783943,-0.33820660029046173,0.01481944114952799,-0.02120111182309431,0.05124336811903339,-0.43864360180376716,-0.23776959877715628,1.0,0.2008740030266109,0.009429300327284541,0.002425315915397647,0.0030122077115029566,12.954314416844646,15.00812794206514,3370.7521180945846,180.0,0.005400597977330443,12.949315658399792,1.0,0.0,nan,nan,2.404,0.03893880432430983,0.19675710171961142,0.1974267178007327,0.0,"[100, 300, 100, 100, 300]","[0.00434112135161069, 0.0016896646291778188, 0.006190901464032389, 0.014781302441831316, 0.0]",,0.05124336811903339,0.058654816926222784,5.0,1.96,nan,known-logging,sieve,frozen,neural-fore,known-uniform,0.8,1.0,0.0,0.02,0.0
5000,985419,1000000,-0.3170054884673674,-0.3170269734100353,-0.41125743202114046,-2.1484942667848728e-05,-0.09425194355377303,0.05334952481978618,-0.5158225006679213,-0.30669236337435957,1.0,0.2091301372935618,0.009899629926532776,0.002425315915397647,0.0030122077115029566,13.42470923404017,15.420541824586696,3365.1165639625005,220.0,0.003002910289230371,13.980646358398735,1.0,0.0,nan,nan,2.602,0.04004308382946507,0.19910171032110915,0.20162035191076283,0.0,"[100, 300, 100, 300, 300]","[0.0027627013171937233, 0.0, 0.008303588869638728, 0.003948261259319405, 0.0]",,0.05334952481978618,0.08062185295383732,5.0,1.96,nan,known-logging,sieve,frozen,neural-fore,known-uniform,0.8,1.0,0.0,0.02,0.0
5000,1085422,1000000,-0.3170054884673674,-0.32221448410809955,-0.3757239508828769,-0.005208995640732128,-0.05871846241550949,0.05162862410582628,-0.4769160541302964,-0.2745318476354574,1.0,0.20238420649483901,0.009120316744235614,0.002425315915397647,0.0030122077115029566,13.442155190558731,16.199158989691412,3400.710158258632,220.0,0.002931200338155782,14.104708816800485,1.0,0.0,nan,nan,6.202,0.04012997238809725,0.19665361996891828,0.20429467110434069,0.0,"[300, 300, 300, 100, 100]","[0.0033786184704145622, 0.0, 0.002941351655688059, 0.00795633676463224, 0.0003796948000440484]",,0.05162862410582628,0.04892599340741606,5.0,1.96,nan,known-logging,sieve,frozen,neural-fore,known-uniform,0.8,1.0,0.0,0.02,0.0
5000,1185425,1000000,-0.3170054884673674,-0.31257602503353654,-0.33453798388607076,0.0044294634338308825,-0.01753249541870333,0.0509127786395853,-0.43432703001965794,-0.23474893775248357,1.0,0.19957809226717438,0.009146621643288645,0.002425315915397647,0.0030122077115029566,13.262345115968456,14.21034810943167,3394.753831578925,180.0,0.0035583829289465756,13.277139733399235,1.0,0.0,nan,nan,4.204,0.04240515364095507,0.20551179393271157,0.20455470066802786,0.0,"[100, 100, 300, 300, 100]","[0.007011466440395712, 0.0019469243098020114, 0.0016374035950386765, 0.0001867200670452228, 0.007009400232451252]",,0.0509127786395853,0.06231945338461412,5.0,1.96,nan,known-logging,sieve,frozen,neural-fore,known-uniform,0.8,1.0,0.0,0.02,0.0
5000,1285428,1000000,-0.3170054884673674,-0.2835774632009017,-0.3162692591935144,0.03342802526646571,0.0007362292738530285,0.0514433217473346,-0.4170981698182902,-0.2154403485687386,1.0,0.20165782124955162,0.011943833924392244,0.002425315915397647,0.0030122077115029566,12.383413202652847,15.261548401762576,3418.4454251499496,180.0,0.0047487724776368815,12.742799066599764,1.0,0.0,nan,nan,4.006,0.04166677700837641,0.20214999081216084,0.20690026755977184,0.0,"[100, 100, 100, 300, 300]","[0.004431307853340678, 0.007655343148131393, 0.0020214753605801578, 0.0, 0.009635736026132177]",,0.0514433217473346,0.05625862177017791,5.0,1.96,nan,known-logging,sieve,frozen,neural-fore,known-uniform,0.8,1.0,0.0,0.02,0.0
5000,1385431,1000000,-0.3170054884673674,-0.3120233375914864,-0.316325240221624,0.004982150875880997,0.00068024824574342,0.05180555135056599,-0.41786412086873337,-0.21478635957451467,1.0,0.20307776129421867,0.01210767542898871,0.002425315915397647,0.0030122077115029566,13.677118391586335,15.481113678887585,3339.348768720309,180.0,0.0033868717348352604,12.79537769200033,1.0,0.0,nan,nan,4.204,0.038898579450383663,0.19461310915807373,0.19831315917602046,0.0,"[300, 100, 100, 100, 300]","[3.073877109208484e-05, 0.0015505225519081341, 0.004573098919312955, 0.010779998431863128, 0.0]",,0.05180555135056599,0.059613211883228365,5.0,1.96,nan,known-logging,sieve,frozen,neural-fore,known-uniform,0.8,1.0,0.0,0.02,0.0
5000,1485434,1000000,-0.3170054884673674,-0.3110537017505527,-0.288609557965705,0.005951786716814733,0.028395930501662447,0.050297756183299944,-0.38719316008497284,-0.19002595584643708,1.0,0.1971672042385358,0.010293103518785542,0.002425315915397647,0.0030122077115029566,14.098134047807712,19.42378396521113,3326.9881208171046,180.0,0.0021275464650963244,12.82352560840045,1.0,0.0,nan,nan,4.204,0.04114679529375335,0.20374659216140922,0.20140698400961443,0.0,"[100, 100, 300, 100, 300]","[0.006686802159502123, 0.0028398708627507393, 0.0011110593032287613, 0.0, 0.0]",,0.050297756183299944,0.053408394424589174,5.0,1.96,nan,known-logging,sieve,frozen,neural-fore,known-uniform,0.8,1.0,0.0,0.02,0.0
5000,1585437,1000000,-0.3170054884673674,-0.3150851627017559,-0.3034223327276487,0.0019203257656115191,0.013583155739718744,0.04938781203317741,-0.4002224443126764,-0.20662222114262097,1.0,0.19360022317005543,0.008761905396659527,0.002425315915397647,0.0030122077115029566,12.683362298399285,14.849941568331623,3454.9785363086107,140.0,0.004479824061713482,12.007385583200449,1.0,0.0,nan,nan,2.602,0.04143313675638804,0.20246301974756659,0.2043971774868679,0.0,"[100, 300, 100, 100, 100]","[0.007767852537585011, 0.001113670783156175, 0.0066998804586664166, 0.0, 0.006817716529159807]",,0.04938781203317741,0.0781465231238303,5.0,1.96,nan,known-logging,sieve,frozen,neural-fore,known-uniform,0.8,1.0,0.0,0.02,0.0
5000,1685440,1000000,-0.3170054884673674,-0.31778261814758746,-0.2890393344488954,-0.0007771296802200345,0.027966154018472023,0.049443629964649516,-0.3859488491796085,-0.19212981971818235,1.0,0.1938190294614261,0.010643268526132227,0.002425315915397647,0.0030122077115029566,12.727495508152106,15.255415404156652,3443.1607286920075,260.0,0.005164195794329245,14.548704674999318,1.0,0.0,nan,nan,10.0,0.03869532682897572,0.19749904357646691,0.1946453945820394,0.0,"[300, 300, 300, 100, 300]","[0.004850687162882925, 0.005287022710658039, 0.0, 0.015413563915553687, 0.0002697051825515732]",,0.049443629964649516,0.07588751993723693,5.0,1.96,nan,known-logging,sieve,frozen,neural-fore,known-uniform,0.8,1.0,0.0,0.02,0.0
5000,1785443,1000000,-0.3170054884673674,-0.32114103855306847,-0.3070076363335635,-0.004135550085701045,0.009997852133803942,0.051704067775422566,-0.4083476091733917,-0.20566766349373528,1.0,0.20267994567965644,0.010536774750040558,0.002425315915397647,0.0030122077115029566,14.53931409162035,20.544425062361764,3276.8668230890053,300.0,0.0034263401798059214,15.669620583600771,1.0,0.0,nan,nan,2.404,0.040540388848668285,0.19957485714119377,0.20167442300454388,0.0,"[300, 300, 300, 300, 300]","[0.001888055337134601, 0.0, 0.005869326261309557, 0.005711136262791867, 0.003663183037793584]",,0.051704067775422566,0.07013798594268082,5.0,1.96,nan,known-logging,sieve,frozen,neural-fore,known-uniform,0.8,1.0,0.0,0.02,0.0
5000,1885446,1000000,-0.3170054884673674,-0.326192169718451,-0.39896175140878076,-0.009186681251083573,-0.08195626294141334,0.05281692680991159,-0.5024829279562075,-0.29544057486135405,1.0,0.20704235309485342,0.008295585585198167,0.002425315915397647,0.0030122077115029566,13.593439546422925,23.63061206240973,3294.983413015508,220.0,0.0041530238455994555,14.06963991639932,1.0,0.0,nan,nan,4.6,0.03949864845375016,0.1971812929052864,0.19898492722304434,0.0,"[300, 100, 300, 100, 300]","[0.007490016777636117, 0.002528616685470451, 0.0012277120088635643, 0.008035638264264837, 0.001483135491762305]",,0.05281692680991159,0.030813412969965724,5.0,1.96,nan,known-logging,sieve,frozen,neural-fore,known-uniform,0.8,1.0,0.0,0.02,0.0
5000,1985449,1000000,-0.3170054884673674,-0.310221503977405,-0.2340423180174363,0.006783984489962425,0.08296317044993112,0.04842130587989227,-0.32894807754202515,-0.13913655849284745,1.0,0.18981151904917767,0.009095503950991731,0.002425315915397647,0.0030122077115029566,12.359663681013664,14.408445462906375,3481.416290683817,220.0,0.0047786940862208785,13.737958458400318,1.0,0.0,nan,nan,0.6039999999999999,0.04234938895653797,0.2016609113556563,0.20861400916029313,0.0,"[300, 300, 100, 100, 300]","[0.0010499243863792355, 0.002020880343559825, 0.005554429309883289, 0.009861755904868765, 0.0054064804864132785]",,0.04842130587989227,0.0884864030228779,5.0,1.96,nan,known-logging,sieve,frozen,neural-fore,known-uniform,0.8,1.0,0.0,0.02,0.0
5000,2085452,1000000,-0.3170054884673674,-0.3136081964826161,-0.3074404860681433,0.003397291984751305,0.009565002399224143,0.05117747665784468,-0.40774834031751883,-0.2071326318187677,1.0,0.20061570849875116,0.007836347727003399,0.002425315915397647,0.0030122077115029566,13.318095622364185,15.827199072453052,3411.596462940723,180.0,0.0058639219990643905,12.814740542200525,1.0,0.0,nan,nan,4.401999999999999,0.03956833709445127,0.19554079701562457,0.2034656742550125,0.0,"[300, 300, 100, 100, 100]","[0.0, 0.0076408632343533, 0.0056717587829669645, 0.006550934008547208, 0.00945605396945448]",,0.05117747665784468,0.07048743244427029,5.0,1.96,nan,known-logging,sieve,frozen,neural-fore,known-uniform,0.8,1.0,0.0,0.02,0.0
5000,2185455,1000000,-0.3170054884673674,-0.3141077293169066,-0.3564613995444895,0.0028977591504608102,-0.0394559110771221,0.053423169198813694,-0.46117081117416436,-0.2517519879148147,1.0,0.20941882325934968,0.008357404804775351,0.002425315915397647,0.0030122077115029566,14.361776614818956,18.3132181411944,3228.0448143734793,220.0,0.002456057962947259,13.723178483601078,1.0,0.0,nan,nan,4.42,0.040455201740858905,0.1980061548698206,0.20736080287164887,0.0,"[300, 300, 100, 300, 100]","[0.00020333335751983317, 0.0020128972854509953, 0.006218903397498058, 0.0, 0.0038451557742674083]",,0.053423169198813694,0.021310817742813258,5.0,1.96,nan,known-logging,sieve,frozen,neural-fore,known-uniform,0.8,1.0,0.0,0.02,0.0
5000,2285458,1000000,-0.3170054884673674,-0.310706108611598,-0.35458522481895344,0.006299379855769449,-0.03757973635158601,0.05131362585180102,-0.45515993148848344,-0.25401051814942344,1.0,0.20114941333906,0.009318157696754903,0.002425315915397647,0.0030122077115029566,12.999514605584398,15.767549446137535,3363.9989999135446,260.0,0.0034342394790171163,14.87732509180023,1.0,0.0,nan,nan,4.204,0.04073026995156372,0.20093539093863147,0.20143905382330168,0.0,"[100, 300, 300, 300, 300]","[0.0070886161747928484, 0.0, 0.006008471261205804, 0.00407410995908693, 0.0]",,0.05131362585180102,0.04838296596137632,5.0,1.96,nan,known-logging,sieve,frozen,neural-fore,known-uniform,0.8,1.0,0.0,0.02,0.0
5000,2385461,1000000,-0.3170054884673674,-0.29824369105127546,-0.2899195686013598,0.018761797416091963,0.027085919866007613,0.0507144789352998,-0.38931994731454744,-0.19051918988817218,1.0,0.19880075742637524,0.014063538562018734,0.002425315915397647,0.0030122077115029566,13.216534074358488,18.117859056276735,3369.1413273344688,260.0,0.0010792787997585811,14.6190220752007,1.0,0.0,nan,nan,2.602,0.038611929610738414,0.19540006807862625,0.1960561827984417,0.0,"[300, 300, 300, 100, 300]","[0.0006795082228449287, 0.0004866165926496889, 0.0, 0.004230269183298288, 0.0]",,0.0507144789352998,0.044963444560655735,5.0,1.96,nan,known-logging,sieve,frozen,neural-fore,known-uniform,0.8,1.0,0.0,0.02,0.0
5000,2485464,1000000,-0.3170054884673674,-0.3131463994547173,-0.2772142590106375,0.003859089012650141,0.039791229456729915,0.049720009990451626,-0.3746654785919227,-0.17976303942935234,1.0,0.19490243916257036,0.015640996436064432,0.002425315915397647,0.0030122077115029566,13.233879853775797,15.954784442146316,3356.580782535253,220.0,0.006030586388216831,13.773171608399206,1.0,0.0,nan,nan,6.4,0.042578135208823524,0.20173306751954664,0.20793322776622417,0.0,"[300, 100, 100, 300, 300]","[0.0029826159763430026, 0.014417055161005176, 0.0031021222932115684, 0.009651138510524408, 0.0]",,0.049720009990451626,0.052492468197046255,5.0,1.96,nan,known-logging,sieve,frozen,neural-fore,known-uniform,0.8,1.0,0.0,0.02,0.0
5000,2585467,1000000,-0.3170054884673674,-0.301277619697569,-0.4060237016262594,0.015727868769798425,-0.08901821315889197,0.05408962939465666,-0.5120393752397865,-0.30000802801273235,1.0,0.2120313472270541,0.012153434702727658,0.002425315915397647,0.0030122077115029566,14.324846041847259,17.392668689453433,3258.3782661759674,180.0,0.0027144449041360636,13.012255191800431,1.0,0.0,nan,nan,4.006,0.04060493561045009,0.2018451608720288,0.1994643354553751,0.0,"[300, 100, 100, 100, 300]","[0.004814074841979345, 0.00013893669734635456, 0.0014374427364120832, 0.007181770244942537, 0.0]",,0.05408962939465666,0.05275949603498851,5.0,1.96,nan,known-logging,sieve,frozen,neural-fore,known-uniform,0.8,1.0,0.0,0.02,0.0
5000,2685470,1000000,-0.3170054884673674,-0.3221163512622448,-0.28878852197135796,-0.00511086279487738,0.028216966496009466,0.05002421297337131,-0.3868359793991657,-0.1907410645435502,1.0,0.19609491485561553,0.011124846958621705,0.002425315915397647,0.0030122077115029566,13.231946602105221,16.527012222928665,3405.9716839930443,220.0,0.003134863875016828,14.338596792200406,1.0,0.0,nan,nan,6.202,0.03948234025014708,0.20207672913664823,0.19542320261194143,0.0,"[300, 100, 100, 300, 300]","[0.005854753271726926, 0.0031497183189378823, 0.004404463201435954, 0.002265384582983376, 0.0]",,0.05002421297337131,0.04763418304287157,5.0,1.96,nan,known-logging,sieve,frozen,neural-fore,known-uniform,0.8,1.0,0.0,0.02,0.0
5000,2785473,1000000,-0.3170054884673674,-0.3204230753419334,-0.2858703627889562,-0.003417586874566003,0.031135125678411202,0.049759300987800265,-0.38339859272504473,-0.18834213285286772,1.0,0.19505645987217704,0.012189824932161369,0.002425315915397647,0.0030122077115029566,13.515815305780002,17.19255072780175,3370.8674540658285,260.0,0.004899513687569225,15.002525132600203,1.0,0.0,nan,nan,4.42,0.04108429691976449,0.2041988402174603,0.1996334897084135,0.0,"[100, 300, 300, 300, 300]","[0.006213566706300698, 0.004702920654068459, 0.005401498906139281, 0.008179582171337685, 0.0]",,0.049759300987800265,0.06158892106630725,5.0,1.96,nan,known-logging,sieve,frozen,neural-fore,known-uniform,0.8,1.0,0.0,0.02,0.0
5000,2885476,1000000,-0.3170054884673674,-0.3199700944086881,-0.3216403277631731,-0.002964605941320697,-0.0046348392958056595,0.049934594701815216,-0.4195121333787309,-0.22376852214761528,1.0,0.19574361123111564,0.009099067817027927,0.002425315915397647,0.0030122077115029566,12.880110491112324,17.514320183031092,3447.608262939515,180.0,0.00433449544018973,12.935115816201142,1.0,0.0,nan,nan,2.404,0.04063753325145343,0.1993176876712272,0.20212974879048523,0.0,"[100, 100, 100, 300, 300]","[0.009368495704034259, 0.0051614739429661875, 0.0019981444670592583, 0.004591691797046751, 0.0005526712898421918]",,0.049934594701815216,0.03962413873691205,5.0,1.96,nan,known-logging,sieve,frozen,neural-fore,known-uniform,0.8,1.0,0.0,0.02,0.0
5000,2985479,1000000,-0.3170054884673674,-0.31174282973756406,-0.27928455378409617,0.00526265872980336,0.03772093468327126,0.05077282301105851,-0.37879928688577086,-0.17976982068242148,1.0,0.19902946620334935,0.008768034015095506,0.002425315915397647,0.0030122077115029566,13.659245091573444,17.88454678089982,3347.554190541415,300.0,0.0015703474678783968,15.857681366999895,1.0,0.0,nan,nan,4.401999999999999,0.040165228863670764,0.2012827634956146,0.20007890364214656,0.0,"[300, 300, 300, 300, 300]","[0.0022789731140107922, 0.0003679804735239175, 0.0, 0.004114734642719832, 0.0010900491091374422]",,0.05077282301105851,0.05818149865294848,5.0,1.96,nan,known-logging,sieve,frozen,neural-fore,known-uniform,0.8,1.0,0.0,0.02,0.0
5000,3085482,1000000,-0.3170054884673674,-0.30535618765147554,-0.268003331671322,0.011649300815891883,0.049002156796045415,0.049897313364495204,-0.3658020658657326,-0.1702045974769114,1.0,0.1955974683888212,0.010502529616890327,0.002425315915397647,0.0030122077115029566,13.309061266599917,16.231678236144095,3417.619530396636,180.0,0.005141279238683646,12.949408966400734,1.0,0.0,nan,nan,4.401999999999999,0.04183911971241007,0.20632346605788116,0.2029952204786102,0.0,"[300, 100, 100, 100, 300]","[0.0010919204167532874, 0.016570526963447345, 0.0009685850421483426, 0.007075363771069259, 0.0]",,0.049897313364495204,0.04537027169612206,5.0,1.96,nan,known-logging,sieve,frozen,neural-fore,known-uniform,0.8,1.0,0.0,0.02,0.0
5000,3185485,1000000,-0.3170054884673674,-0.3201785110956593,-0.29802826061183707,-0.0031730226282918883,0.018977227855530354,0.050849362577336854,-0.3976930112634173,-0.19836350996025684,1.0,0.19932950130316046,0.00957264424834155,0.002425315915397647,0.0030122077115029566,13.645532767854846,18.448434721155248,3308.251269575124,220.0,0.004502036859389096,13.74478852499924,1.0,0.0,nan,nan,4.402,0.039110922681222,0.19771340564361373,0.19665840608051216,0.0,"[300, 300, 100, 300, 100]","[0.0042253307699178545, 0.0036891011896943607, 0.00749880601262718, 0.0, 0.007096946324706085]",,0.050849362577336854,0.04041996352437332,5.0,1.96,nan,known-logging,sieve,frozen,neural-fore,known-uniform,0.8,1.0,0.0,0.02,0.0
5000,3285488,1000000,-0.3170054884673674,-0.31406791707643456,-0.35095751536035624,0.0029375713909328693,-0.03395202689298882,0.05270206031164772,-0.4542535535711858,-0.24766147714952672,1.0,0.20659207642165905,0.00804306956388693,0.002425315915397647,0.0030122077115029566,14.84468040677725,18.008729700781068,3228.370136987977,300.0,0.0012805349067368272,15.662938716998905,1.0,0.0,nan,nan,4.401999999999999,0.03866277112682496,0.19538942433212214,0.19785783535823528,0.0,"[300, 300, 300, 300, 300]","[0.0, 0.0011076039444030492, 0.0032921349698680972, 0.0, 0.0020029356194129887]",,0.05270206031164772,0.03755748243017064,5.0,1.96,nan,known-logging,sieve,frozen,neural-fore,known-uniform,0.8,1.0,0.0,0.02,0.0
5000,3385491,1000000,-0.3170054884673674,-0.3173802559616787,-0.3556091294947297,-0.00037476749431125667,-0.0386036410273623,0.051087813595831796,-0.45574124414256006,-0.2554770148468994,1.0,0.20026422929566065,0.011530165673258617,0.002425315915397647,0.0030122077115029566,12.83801684435038,15.78290323466698,3355.484637683975,260.0,0.002700316935889984,14.817548799598807,1.0,0.0,nan,nan,4.401999999999999,0.04083362251150552,0.20505917711957783,0.19931529437097356,0.0,"[300, 100, 300, 300, 300]","[0.0, 0.008313630597345642, 0.005187954082104276, 0.0, 0.0]",,0.051087813595831796,0.04456841456367112,5.0,1.96,nan,known-logging,sieve,frozen,neural-fore,known-uniform,0.8,1.0,0.0,0.02,0.0
5000,3485494,1000000,-0.3170054884673674,-0.3097701203999523,-0.2887842992869044,0.007235368067415149,0.028221189180463013,0.05103666952171462,-0.3888161715494651,-0.18875242702434375,1.0,0.20006374452512132,0.011695270932694445,0.002425315915397647,0.0030122077115029566,12.636822331626659,13.621646099309844,3395.1461346571596,180.0,0.0029133447393069143,12.75247728400027,1.0,0.0,nan,nan,2.206,0.04051240960175444,0.20155435386965964,0.19935627911779097,0.0,"[100, 100, 300, 300, 100]","[0.010027874146687243, 0.0, 0.0016048056240723515, 0.0, 0.002934043925774976]",,0.05103666952171462,0.03605910294039753,5.0,1.96,nan,known-logging,sieve,frozen,neural-fore,known-uniform,0.8,1.0,0.0,0.02,0.0
5000,3585497,1000000,-0.3170054884673674,-0.2944315620971296,-0.35513627896617084,0.022573926370237807,-0.03813079049880341,0.052130774573735196,-0.45731259713069183,-0.25295996080164984,1.0,0.20435263632904196,0.011289881336712044,0.002425315915397647,0.0030122077115029566,13.480681656532365,14.469650451926201,3363.41365509909,220.0,0.002775044979346007,13.75123155000001,1.0,0.0,nan,nan,6.202,0.04034460055403402,0.20180799164466526,0.20142942643968254,0.0,"[100, 300, 100, 300, 300]","[0.0023102472369269083, 0.0, 0.0070030601504205685, 0.0, 0.004561917509382559]",,0.052130774573735196,0.05059507068965663,5.0,1.96,nan,known-logging,sieve,frozen,neural-fore,known-uniform,0.8,1.0,0.0,0.02,0.0
5000,3685500,1000000,-0.3170054884673674,-0.30744003745467546,-0.2597426751089108,0.009565451012691961,0.05726281335845662,0.048795221328819485,-0.355381308913397,-0.16410404130442463,1.0,0.19127726760897237,0.009607664084057698,0.002425315915397647,0.0030122077115029566,14.09644776775887,15.554302306162505,3390.421057865551,260.0,0.0012439593298546666,15.031452691600498,1.0,0.0,nan,nan,6.202,0.04022446503533357,0.2019424139498034,0.19935249131330227,0.0,"[300, 100, 300, 300, 300]","[0.0, 0.002375094647533132, 0.0, 0.0038447020017402, 0.0]",,0.048795221328819485,0.0377968028699219,5.0,1.96,nan,known-logging,sieve,frozen,neural-fore,known-uniform,0.8,1.0,0.0,0.02,0.0
5000,3785503,1000000,-0.3170054884673674,-0.31825139658818163,-0.4529514497807615,-0.0012459081208142098,-0.1359459613133941,0.05507739238772232,-0.5609031388606973,-0.3449997607008258,0.0,0.2159033781598715,0.013087609623904829,0.002425315915397647,0.0030122077115029566,15.1695315956735,18.853191689774924,3214.534288399631,300.0,0.004714525902156241,16.11227340859987,1.0,0.0,nan,nan,2.026,0.040729857108445976,0.2022471610093684,0.20101653329830346,0.0,"[300, 300, 300, 300, 300]","[0.005579220515751007, 0.008193603826353268, 0.0011782270167887154, 0.0, 0.008621578151888217]",,0.05507739238772232,0.05935466840220602,5.0,1.96,nan,known-logging,sieve,frozen,neural-fore,known-uniform,0.8,1.0,0.0,0.02,0.0
5000,3885506,1000000,-0.3170054884673674,-0.31566908928248577,-0.38572086838219233,0.0013363991848816537,-0.0687153799148249,0.05286229393611311,-0.489330964496974,-0.28211077226741066,1.0,0.2072201922295634,0.010224464921793937,0.002425315915397647,0.0030122077115029566,13.842392381784055,15.833364883086755,3315.0026068339525,220.0,0.0060024413972744484,13.899457649600663,1.0,0.0,nan,nan,4.401999999999999,0.04097116512258224,0.20158183564607662,0.20307847006657412,0.0,"[300, 100, 100, 300, 300]","[0.01526662573911769, 0.006068515490451544, 0.005750871726960528, 0.0018700845353973794, 0.0010561094944450983]",,0.05286229393611311,0.020849688119163195,5.0,1.96,nan,known-logging,sieve,frozen,neural-fore,known-uniform,0.8,1.0,0.0,0.02,0.0
5000,3985509,1000000,-0.3170054884673674,-0.30453505985715246,-0.3587358015751822,0.012470428610214968,-0.041730313107814776,0.05106804513617507,-0.45882917004208534,-0.25864243310827906,1.0,0.2001867369338063,0.009323289379391853,0.002425315915397647,0.0030122077115029566,12.710710730431906,17.65069307004226,3406.987150284345,220.0,0.0023919027461688177,14.120279183199818,1.0,0.0,nan,nan,8.2,0.041452770994464004,0.20049415844903873,0.20624421283072686,0.0,"[100, 300, 100, 300, 300]","[0.002730112046896225, 0.00042067820350815907, 0.007933000726968974, 0.0, 0.0008757227534707303]",,0.05106804513617507,0.04523925554521624,5.0,1.96,nan,known-logging,sieve,frozen,neural-fore,known-uniform,0.8,1.0,0.0,0.02,0.0
5000,4085512,1000000,-0.3170054884673674,-0.29617131887449133,-0.34618856985809526,0.020834169592876095,-0.02918308139072784,0.05248501374061696,-0.4490591967897045,-0.243317942926486,1.0,0.20574125386321848,0.011693576935917297,0.002425315915397647,0.0030122077115029566,13.50666010281297,19.259242149378252,3327.9001627492976,220.0,0.00445291138926838,14.443820683400554,1.0,0.0,nan,nan,0.40599999999999986,0.0415734922725438,0.20246055156945345,0.20546276307596062,0.0,"[300, 100, 300, 300, 100]","[0.003069230721516704, 0.006732264923150019, 0.0046222920046987285, 0.0010170198562697015, 0.006823749440706746]",,0.05248501374061696,0.05439522519685866,5.0,1.96,nan,known-logging,sieve,frozen,neural-fore,known-uniform,0.8,1.0,0.0,0.02,0.0
5000,4185515,1000000,-0.3170054884673674,-0.30578519644485225,-0.3276573766778326,0.011220292022515177,-0.010651888210465199,0.05124598644647112,-0.428099510112916,-0.22721524324274922,1.0,0.20088426687016678,0.013899281144414058,0.002425315915397647,0.0030122077115029566,14.570034180365257,19.258038733288817,3273.8589263793688,260.0,0.0036038400421912974,16.132750149399726,1.0,0.0,nan,nan,4.401999999999999,0.040974741314687646,0.20543928169818396,0.20038385460969826,0.0,"[300, 300, 300, 300, 100]","[0.0, 0.0028851104457730853, 0.0070878326485824955, 0.0009365114959514013, 0.007109745620649505]",,0.05124598644647112,0.022874345599310297,5.0,1.96,nan,known-logging,sieve,frozen,neural-fore,known-uniform,0.8,1.0,0.0,0.02,0.0
5000,4285518,1000000,-0.3170054884673674,-0.303809181891935,-0.2732004556820674,0.013196306575432415,0.04380503278530001,0.049965018139102244,-0.3711318912347078,-0.17526902012942702,1.0,0.19586287110528078,0.011419843176265284,0.002425315915397647,0.0030122077115029566,12.815189400819595,16.305064725345378,3405.2600197720353,220.0,0.0054042560915157425,14.51649421699949,1.0,0.0,nan,nan,4.401999999999999,0.04008197511860461,0.19951129377329438,0.19900191182927857,0.0,"[300, 300, 300, 100, 100]","[0.0, 0.0, 0.0, 0.020440388311705034, 0.006580892145873679]",,0.049965018139102244,0.04589661773109487,5.0,1.96,nan,known-logging,sieve,frozen,neural-fore,known-uniform,0.8,1.0,0.0,0.02,0.0
5000,4385521,1000000,-0.3170054884673674,-0.3167986047103122,-0.3428001270121436,0.00020688375705524287,-0.02579463854477615,0.05170593027712259,-0.44414375035530385,-0.2414565036689833,1.0,0.20268724668632057,0.010403689271725608,0.002425315915397647,0.0030122077115029566,14.419690422248323,19.980533987062522,3304.0674424745575,220.0,0.003164736121094896,14.632145858198783,1.0,0.0,nan,nan,0.40599999999999986,0.0397458222571476,0.20083426857507414,0.19805577414019349,0.0,"[100, 100, 300, 300, 300]","[0.004224941276456231, 0.00796314940108115, 0.0022878256014467924, 0.0009534173871934844, 0.00039434693929682235]",,0.05170593027712259,0.027148530424286728,5.0,1.96,nan,known-logging,sieve,frozen,neural-fore,known-uniform,0.8,1.0,0.0,0.02,0.0
5000,4485524,1000000,-0.3170054884673674,-0.32686285629651385,-0.35012039016353635,-0.009857367829146424,-0.03311490169616893,0.05019636074648084,-0.4485052572266388,-0.2517355231004339,1.0,0.19676973412620488,0.011312567647386765,0.002425315915397647,0.0030122077115029566,12.505835074150264,13.986070844549689,3417.2790673871004,220.0,0.005617603036373451,14.546831641199242,1.0,0.0,nan,nan,6.220000000000001,0.040752994858000505,0.20105747778772104,0.2045756428651174,0.0,"[100, 300, 300, 100, 300]","[0.011074135719770584, 0.001871888703759985, 0.0, 0.00868914466016535, 0.006452846098171335]",,0.05019636074648084,0.06420380822704726,5.0,1.96,nan,known-logging,sieve,frozen,neural-fore,known-uniform,0.8,1.0,0.0,0.02,0.0
5000,4585527,1000000,-0.3170054884673674,-0.31018037841963736,-0.22127082689772948,0.006825110047730065,0.09573466156963795,0.047245406355350066,-0.3138718233542156,-0.12866983044124336,0.0,0.18520199291297226,0.008419130869287804,0.002425315915397647,0.0030122077115029566,11.840885131335552,12.608391490413252,3536.146775656784,220.0,0.003474700562044334,14.511438816200098,1.0,0.0,nan,nan,2.404,0.04112482357913867,0.20405140042025627,0.2025598635074049,0.0,"[100, 300, 300, 300, 100]","[0.007497024559835375, 0.0, 0.002960174684063281, 0.0, 0.006916303566323015]",,0.047245406355350066,0.027784444542610736,5.0,1.96,nan,known-logging,sieve,frozen,neural-fore,known-uniform,0.8,1.0,0.0,0.02,0.0
5000,4685530,1000000,-0.3170054884673674,-0.30532184062900086,-0.3034660225334614,0.011683647838366562,0.013539465933906036,0.05013907193173649,-0.4017386035196649,-0.20519344154725788,1.0,0.196545161972407,0.010129824119606685,0.002425315915397647,0.0030122077115029566,13.255646669827076,16.527006120336782,3361.05823649435,260.0,0.005232452517950219,15.852765000198634,1.0,0.0,nan,nan,2.8,0.04108430606654574,0.2036397619742103,0.20214781316316946,0.0,"[300, 300, 300, 100, 300]","[0.002197319212101352, 0.010322884317680948, 0.00813792631462038, 0.005504132745348413, 0.0]",,0.05013907193173649,0.04735542500835602,5.0,1.96,nan,known-logging,sieve,frozen,neural-fore,known-uniform,0.8,1.0,0.0,0.02,0.0
5000,4785533,1000000,-0.3170054884673674,-0.31320405060335343,-0.3059285107740218,0.00380143786401399,0.011076977693345647,0.05078523426413214,-0.4054675699317208,-0.20638945161632277,1.0,0.19907811831539798,0.007956097784886417,0.002425315915397647,0.0030122077115029566,13.870749767617335,24.717817575495413,3337.6763998977262,260.0,0.0013244878690024122,15.657907074800823,1.0,0.0,nan,nan,0.604,0.040605122821521525,0.19772147371190496,0.20451425314432892,0.0,"[300, 300, 300, 100, 300]","[0.0043939755780772576, 0.0, 0.0, 0.0022284637669348034, 0.0]",,0.05078523426413214,0.055389317484121355,5.0,1.96,nan,known-logging,sieve,frozen,neural-fore,known-uniform,0.8,1.0,0.0,0.02,0.0
5000,4885536,1000000,-0.3170054884673674,-0.31959840287311436,-0.3784968202356758,-0.0025929144057469378,-0.0614913317683084,0.05196192259339312,-0.48034218851872634,-0.2766514519526253,1.0,0.20369073656610104,0.010693406964623675,0.002425315915397647,0.0030122077115029566,12.464776750599599,15.648509058283032,3319.898490542733,220.0,0.005831793980851959,14.481357916800334,1.0,0.0,nan,nan,6.4,0.041397479453724274,0.20076909000138127,0.20534940634304627,0.0,"[100, 300, 300, 300, 100]","[0.006316337743423217, 0.0021773148372373824, 0.0, 0.0, 0.02066531732359919]",,0.05196192259339312,0.06035775010306473,5.0,1.96,nan,known-logging,sieve,frozen,neural-fore,known-uniform,0.8,1.0,0.0,0.02,0.0
5000,4985539,1000000,-0.3170054884673674,-0.3140562528287989,-0.36716636063535296,0.002949235638568526,-0.05016087216798554,0.05194641499675599,-0.46898133402899467,-0.26535138724171126,1.0,0.20362994678728347,0.009726003180233497,0.002425315915397647,0.0030122077115029566,12.643025473347155,13.129873811653438,3395.487825698376,140.0,0.003487824000107581,12.45677600820054,1.0,0.0,nan,nan,0.20800000000000002,0.040895818587597374,0.2005404095037402,0.20411655053392969,0.0,"[100, 100, 100, 300, 100]","[0.004750729475269034, 0.004233128585889036, 0.005281643050740728, 0.0, 0.0031736188886391094]",,0.05194641499675599,0.08090005478941399,5.0,1.96,nan,known-logging,sieve,frozen,neural-fore,known-uniform,0.8,1.0,0.0,0.02,0.0
5000,5085542,1000000,-0.3170054884673674,-0.3141567597511558,-0.2670470389865611,0.0028487287162116126,0.0499584494808063,0.04879368768638178,-0.3626826668518694,-0.17141141112125285,1.0,0.19127125573061657,0.01132078874523452,0.002425315915397647,0.0030122077115029566,12.530290880727074,16.9226118048655,3458.514430035058,220.0,0.004233157204804882,14.41176721700067,1.0,0.0,nan,nan,6.202,0.04149454117003339,0.2028382352487082,0.2042648870749963,0.0,"[100, 100, 300, 300, 300]","[0.005334321658982693, 0.005155951410124486, 0.002868129535219774, 0.006239152023499962, 0.0015682313961974945]",,0.04879368768638178,0.024863904525459245,5.0,1.96,nan,known-logging,sieve,frozen,neural-fore,known-uniform,0.8,1.0,0.0,0.02,0.0
5000,5185545,1000000,-0.3170054884673674,-0.29373748676422656,-0.300847114260936,0.02326800170314086,0.016158374206431403,0.05047783641564936,-0.39978367363560874,-0.20191055488626328,1.0,0.1978731187493455,0.010995488460480445,0.002425315915397647,0.0030122077115029566,13.055271754551725,17.202332175909483,3447.432717760266,180.0,0.004725219970930369,13.325027358600346,1.0,0.0,nan,nan,4.401999999999999,0.04152883568682325,0.2053456017184058,0.20390777821172784,0.0,"[100, 300, 300, 100, 100]","[0.0027199672308156494, 0.008060160865201577, 0.00339851141929115, 0.006228758894342002, 0.003218701445001468]",,0.05047783641564936,0.04308550686781671,5.0,1.96,nan,known-logging,sieve,frozen,neural-fore,known-uniform,0.8,1.0,0.0,0.02,0.0
5000,5285548,1000000,-0.3170054884673674,-0.30521421461309745,-0.3347348787142861,0.011791273854269979,-0.017729390246918664,0.051540770198384524,-0.43575478830311976,-0.23371496912545242,1.0,0.20203981917766733,0.012912371051664408,0.002425315915397647,0.0030122077115029566,13.97572372435185,21.007224727836356,3318.6973370703327,220.0,0.0009463242023422306,14.41757160959969,1.0,0.0,nan,nan,6.4,0.04076102932779234,0.2045213118387715,0.20022801663860892,0.0,"[100, 300, 100, 300, 300]","[0.003590137883641562, 0.0, 0.0011414831280695905, 0.0, 0.0]",,0.051540770198384524,0.04198066766651364,5.0,1.96,nan,known-logging,sieve,frozen,neural-fore,known-uniform,0.8,1.0,0.0,0.02,0.0
5000,5385551,1000000,-0.3170054884673674,-0.3104022446172373,-0.26532421128755784,0.006603243850130114,0.05168127717980958,0.049618611021873385,-0.3625766888904297,-0.168071733684686,1.0,0.19450495520574368,0.010065614470816647,0.002425315915397647,0.0030122077115029566,12.94448668110994,15.059164693670898,3439.536449589292,260.0,0.001554895165622094,15.319363599800273,1.0,0.0,nan,nan,2.404,0.039181555387220734,0.19765698482527083,0.19874913833520239,0.0,"[300, 300, 100, 300, 300]","[0.0, 0.0, 0.005229434676185015, 0.0025450411519254553, 0.0]",,0.049618611021873385,0.055904907557809254,5.0,1.96,nan,known-logging,sieve,frozen,neural-fore,known-uniform,0.8,1.0,0.0,0.02,0.0
5000,5485554,1000000,-0.3170054884673674,-0.3067560728088417,-0.3419722050606169,0.010249415658525718,-0.02496671659324945,0.05101369919175353,-0.4419590554764538,-0.24198535464477994,1.0,0.19997370083167385,0.011021176879549807,0.002425315915397647,0.0030122077115029566,13.495621759593407,17.781202915245572,3317.689249605106,220.0,0.002272735661342419,14.39817272560067,1.0,0.0,nan,nan,4.204,0.039437637156874164,0.20213836780880934,0.19677288944340524,0.0,"[300, 100, 300, 300, 100]","[0.00012870836876468939, 0.006512179995641032, 0.0021851356469919174, 0.0, 0.002537654295314455]",,0.05101369919175353,0.05730561880761367,5.0,1.96,nan,known-logging,sieve,frozen,neural-fore,known-uniform,0.8,1.0,0.0,0.02,0.0
5000,5585557,1000000,-0.3170054884673674,-0.3185420809358363,-0.34817162722198464,-0.001536592468468878,-0.031166138754617212,0.05131971310142722,-0.44875826490078197,-0.2475849895431873,1.0,0.2011732753575947,0.008573902219923444,0.002425315915397647,0.0030122077115029566,13.9161022628562,21.180473116111138,3343.5239375633696,220.0,0.006631547450413865,14.445968183600417,1.0000000000000002,0.0,nan,nan,4.401999999999999,0.03992846817618855,0.20304858656776528,0.1951870637667655,0.0,"[300, 100, 300, 300, 100]","[0.004633248256745023, 0.015172863670255962, 0.0009816404388939609, 0.004510181249298897, 0.007859803636875481]",,0.05131971310142722,0.04357943531003962,5.0,1.96,nan,known-logging,sieve,frozen,neural-fore,known-uniform,0.8,1.0,0.0,0.02,0.0
5000,5685560,1000000,-0.3170054884673674,-0.3012131822110162,-0.313602714370539,0.015792306256351252,0.0034027740968284315,0.05104836729736275,-0.41365751427337,-0.213547914467708,1.0,0.20010959980566198,0.010240348477314797,0.002425315915397647,0.0030122077115029566,13.98696355401659,18.885042302324536,3395.50871533337,260.0,0.0011735959141746168,14.957728299600058,1.0,0.0,nan,nan,2.602,0.04077129603044215,0.200608639087259,0.20259336614544243,0.0,"[300, 300, 300, 300, 100]","[0.0, 0.0026670856785031795, 0.0, 0.000869957636284445, 0.002330936256085459]",,0.05104836729736275,0.086278652782832,5.0,1.96,nan,known-logging,sieve,frozen,neural-fore,known-uniform,0.8,1.0,0.0,0.02,0.0
5000,5785563,1000000,-0.3170054884673674,-0.3149434365936723,-0.27288924928900754,0.0020620518736951254,0.044116239178359884,0.04914856907487766,-0.36922044467576776,-0.17655805390224732,1.0,0.19266239077352043,0.007860066962164357,0.002425315915397647,0.0030122077115029566,12.757694063250169,14.341607222933554,3394.0451143322775,180.0,0.004889067768313844,13.22602452520041,1.0,0.0,nan,nan,4.401999999999999,0.042210993134067,0.20687390460666935,0.20340046205828047,0.0,"[100, 100, 300, 100, 300]","[0.002693314189364982, 0.006020282878951308, 0.0027215002374828883, 0.005568341660092777, 0.007441899875677266]",,0.04914856907487766,0.04624309585925475,5.0,1.96,nan,known-logging,sieve,frozen,neural-fore,known-uniform,0.8,1.0,0.0,0.02,0.0
5000,5885566,1000000,-0.3170054884673674,-0.300524847288565,-0.3095788866175038,0.016480641178802435,0.007426601849863601,0.051292877754400945,-0.41011292701612967,-0.20904484621887798,1.0,0.2010680807972517,0.008240274673697177,0.002425315915397647,0.0030122077115029566,14.351246770130937,16.65061814649996,3296.1036251956402,260.0,0.003606217986122666,15.484243457800039,1.0,0.0,nan,nan,10.0,0.04231998661550316,0.20409332535863314,0.20375713424273206,0.0,"[300, 300, 100, 300, 300]","[0.004578616044590582, 0.0058865783169618265, 0.002782664983809372, 0.0, 0.0047832305852515515]",,0.051292877754400945,0.04647530485105168,5.0,1.96,nan,known-logging,sieve,frozen,neural-fore,known-uniform,0.8,1.0,0.0,0.02,0.0
5000,5985569,1000000,-0.3170054884673674,-0.3196129013423379,-0.3737675863377126,-0.0026074128749704606,-0.056762097870345196,0.05186370736409037,-0.4754204527713297,-0.2721147199040955,1.0,0.20330573286723425,0.011699182996278425,0.002425315915397647,0.0030122077115029566,12.956285757750484,15.42629032293206,3300.768862807324,220.0,0.00348256786300139,14.675941050000256,1.0,0.0,nan,nan,2.206,0.040203651286344275,0.20143147227968847,0.19816708201594868,0.0,"[300, 100, 300, 300, 100]","[0.008625661534391423, 0.0028920921647159524, 0.0, 0.0, 0.005895085615899576]",,0.05186370736409037,0.05443545389754912,5.0,1.96,nan,known-logging,sieve,frozen,neural-fore,known-uniform,0.8,1.0,0.0,0.02,0.0
5000,6085572,1000000,-0.3170054884673674,-0.31597660162941144,-0.1987244108390429,0.001028886837955989,0.11828107762832452,0.047135859868449356,-0.29111069618120367,-0.10633812549688217,0.0,0.18477257068432149,0.01251415541220891,0.002425315915397647,0.0030122077115029566,13.458015185218283,18.55565653639646,3420.4349010466644,220.0,0.002323812509973167,14.467755433399725,1.0,0.0,nan,nan,6.202,0.04022903380602366,0.19659627042801553,0.20210742546309493,0.0,"[100, 300, 100, 300, 300]","[0.0, 0.0, 0.011582028326409661, 3.7034223456175464e-05, 0.0]",,0.047135859868449356,0.08402439898823574,5.0,1.96,nan,known-logging,sieve,frozen,neural-fore,known-uniform,0.8,1.0,0.0,0.02,0.0
5000,6185575,1000000,-0.3170054884673674,-0.3283802834079127,-0.34902397123130074,-0.011374794940545274,-0.03201848276393332,0.051920831553090074,-0.4507888010753573,-0.2472591413872442,1.0,0.2035296596881131,0.007729422631676693,0.002425315915397647,0.0030122077115029566,14.179816998537913,16.726893112199093,3270.0304663414845,220.0,0.006936223191979394,14.407168316401657,1.0,0.0,nan,nan,6.202,0.03993486616088081,0.19520430262535315,0.20548768039188925,0.0,"[100, 300, 100, 300, 300]","[0.021895686793166544, 0.0030499489819671944, 0.004528590198592233, 0.0035123611880090557, 0.0016945287981619474]",,0.051920831553090074,0.034438190279677476,5.0,1.96,nan,known-logging,sieve,frozen,neural-fore,known-uniform,0.8,1.0,0.0,0.02,0.0
5000,6285578,1000000,-0.3170054884673674,-0.3161291659348199,-0.41010229790239466,0.0008763225325475466,-0.09309680943502724,0.05260009003320952,-0.5131984743674853,-0.307006121437304,1.0,0.20619235293018132,0.009774360914655429,0.002425315915397647,0.0030122077115029566,13.163760182716583,18.68340453704958,3302.9027389290636,220.0,0.0013137309071826018,14.426003758399384,1.0,0.0,nan,nan,8.2,0.039260751725057864,0.1960188223683663,0.20152023420868792,0.0,"[300, 300, 100, 100, 300]","[0.0, 8.834612841928613e-05, 0.0005552816756222941, 0.0028730751937428942, 0.003051951538128534]",,0.05260009003320952,0.04695100660520262,5.0,1.96,nan,known-logging,sieve,frozen,neural-fore,known-uniform,0.8,1.0,0.0,0.02,0.0
5000,6385581,1000000,-0.3170054884673674,-0.30852103624683147,-0.36353836398913586,0.008484452220535954,-0.046532875521768435,0.05244409307371787,-0.46632878641362285,-0.26074794156464887,1.0,0.20558084484897404,0.007674880673808378,0.002425315915397647,0.0030122077115029566,14.75125775195509,22.29460564788066,3305.6221997882785,220.0,0.0017898830551828886,14.65291080040006,1.0,0.0,nan,nan,8.2,0.03988972493877278,0.19656182755588142,0.20222675832001719,0.0,"[100, 300, 300, 100, 300]","[0.004280347344017175, 0.0025336562458862706, 0.0, 0.000486706427564485, 0.0016487052584465128]",,0.05244409307371787,0.05264474167487858,5.0,1.96,nan,known-logging,sieve,frozen,neural-fore,known-uniform,0.8,1.0,0.0,0.02,0.0
5000,6485584,1000000,-0.3170054884673674,-0.30499406420488484,-0.30846425009845413,0.012011424262482584,0.008541238368913295,0.050471822864577826,-0.4073890229130267,-0.2095394772838816,1.0,0.19784954562914508,0.007895796013771812,0.002425315915397647,0.0030122077115029566,13.104625953940271,15.21358165445381,3379.288636199274,220.0,0.004432072946626341,14.612821883601645,1.0,0.0,nan,nan,6.202,0.04179905023660024,0.20368276921854248,0.2035595955217918,0.0,"[300, 300, 100, 300, 100]","[0.0, 0.00643043059720059, 0.009246465457693335, 0.0, 0.006483468678237781]",,0.050471822864577826,0.051909422506071876,5.0,1.96,nan,known-logging,sieve,frozen,neural-fore,known-uniform,0.8,1.0,0.0,0.02,0.0
5000,6585587,1000000,-0.3170054884673674,-0.31822559596473066,-0.3990249805920548,-0.001220107497363232,-0.0820194921246874,0.05357238934469611,-0.5040268637076593,-0.29402309747645045,1.0,0.21000376623120875,0.009788267644775576,0.002425315915397647,0.0030122077115029566,14.270974567064775,17.13272616329727,3333.344157350365,260.0,0.0026963975699345667,15.721257067201076,1.0,0.0,nan,nan,1.0,0.0405193362297302,0.19805690026384454,0.20430519581530845,0.0,"[300, 300, 300, 300, 100]","[0.0, 0.0, 0.002779823950318466, 0.0014304467356602024, 0.009271717163694165]",,0.05357238934469611,0.042042938316644574,5.0,1.96,nan,known-logging,sieve,frozen,neural-fore,known-uniform,0.8,1.0,0.0,0.02,0.0
5000,6685590,1000000,-0.3170054884673674,-0.3186076528990277,-0.35817081352009184,-0.00160216443166028,-0.04116532505272441,0.05167910786251667,-0.4594618649306245,-0.25687976210955915,1.0,0.20258210282106534,0.013414270901608743,0.002425315915397647,0.0030122077115029566,13.636090148345573,21.01450324484806,3338.123338938118,180.0,0.0047223902852966656,13.538980183400417,1.0,0.0,nan,nan,4.401999999999999,0.040760279393630236,0.2003889774064819,0.20340280123093796,0.0,"[300, 100, 300, 100, 100]","[0.0, 0.013120565271244677, 0.0, 0.004586016587160552, 0.0059053695680781]",,0.05167910786251667,0.05720557047931108,5.0,1.96,nan,known-logging,sieve,frozen,neural-fore,known-uniform,0.8,1.0,0.0,0.02,0.0
5000,6785593,1000000,-0.3170054884673674,-0.3135608489185661,-0.3524478872500091,0.0034446395488013093,-0.03544239878264166,0.05191209430718263,-0.45419559209208704,-0.2507001824079311,1.0,0.20349540968415591,0.012373269560722653,0.002425315915397647,0.0030122077115029566,14.137017264428511,17.6276318485499,3301.8751712256035,260.0,0.0004091269724073723,15.48073446660128,0.9999999999999998,0.0,nan,nan,2.404,0.04064515776271234,0.20020891860504325,0.1996146645551747,0.0,"[300, 300, 300, 300, 100]","[0.0, 0.00017649566270298421, 0.0, 0.0, 0.001869139199333877]",,0.05191209430718263,0.025801132719757765,5.0,1.96,nan,known-logging,sieve,frozen,neural-fore,known-uniform,0.8,1.0,0.0,0.02,0.0
5000,6885596,1000000,-0.3170054884673674,-0.3088328010220206,-0.36541661529102487,0.008172687445346827,-0.04841112682365745,0.05160792895404402,-0.46656815604095114,-0.2642650745410986,1.0,0.20230308149985257,0.00837783594387022,0.002425315915397647,0.0030122077115029566,13.513837174607684,15.164343886521717,3349.6855766851318,220.0,0.004133516337430662,14.435967333600274,1.0,0.0,nan,nan,6.004,0.04219971009851728,0.20473356782790839,0.201876406951707,0.0,"[100, 300, 300, 300, 100]","[0.005116540027445526, 0.004486926471081242, 0.00924053750307571, 0.0, 0.0018235776855508282]",,0.05160792895404402,0.07196716694570084,5.0,1.96,nan,known-logging,sieve,frozen,neural-fore,known-uniform,0.8,1.0,0.0,0.02,0.0
5000,6985599,1000000,-0.3170054884673674,-0.3301500109408104,-0.2919384779707847,-0.013144522473442999,0.02506701049658272,0.04895219142231089,-0.38788477315851405,-0.19599218278305536,1.0,0.19189259037545867,0.009782207519882635,0.002425315915397647,0.0030122077115029566,12.643991169492551,16.969894984834635,3405.621680856825,220.0,0.0036796339826439097,14.256880000000091,1.0,0.0,nan,nan,0.406,0.03931236581879724,0.19606076251948928,0.20240054940147667,0.0,"[100, 300, 300, 100, 300]","[0.009015814844510688, 0.0, 0.0023350611209182015, 0.00704729394779066, 0.0]",,0.04895219142231089,0.04593959095162375,5.0,1.96,nan,known-logging,sieve,frozen,neural-fore,known-uniform,0.8,1.0,0.0,0.02,0.0
5000,7085602,1000000,-0.3170054884673674,-0.3129357482091961,-0.3570444238849082,0.004069740258171306,-0.04003893541754078,0.051582307686634174,-0.4581457469507112,-0.2559431008191052,1.0,0.20220264613160596,0.008709709144201395,0.002425315915397647,0.0030122077115029566,13.378420131091053,15.755899548422583,3382.05000805762,140.0,0.004691657894161245,12.275236624799073,1.0,0.0,nan,nan,4.401999999999999,0.03989711130487647,0.19648214590831162,0.2013748659202832,0.0,"[100, 300, 100, 100, 100]","[0.014604691515588887, 0.0, 0.005083973297551525, 0.003397250604298228, 0.0003723740533675909]",,0.051582307686634174,0.05593472308279085,5.0,1.96,nan,known-logging,sieve,frozen,neural-fore,known-uniform,0.8,1.0,0.0,0.02,0.0
5000,7185605,1000000,-0.3170054884673674,-0.295394849776076,-0.2755088419996063,0.02161063869129143,0.041496646467761134,0.05020433523236688,-0.37390933905504536,-0.17710834494416722,1.0,0.19680099411087815,0.015374070673925693,0.002425315915397647,0.0030122077115029566,12.84755247948371,15.29356546278397,3416.184842450602,180.0,0.006967362908077444,13.334023258601519,1.0,0.0,nan,nan,4.401999999999999,0.04034271141041488,0.1980647084214559,0.20292751906273035,0.0,"[300, 300, 100, 100, 100]","[0.002906885394713489, 0.012667172662349109, 0.010425424485956153, 0.008837331997368471, 0.0]",,0.05020433523236688,0.051249115921050824,5.0,1.96,nan,known-logging,sieve,frozen,neural-fore,known-uniform,0.8,1.0,0.0,0.02,0.0
5000,7285608,1000000,-0.3170054884673674,-0.29978024648269136,-0.22854709120426234,0.017225241984676065,0.08845839726310509,0.049275033358970266,-0.32512615658784405,-0.13196802582068062,1.0,0.19315813076716343,0.013075159138272984,0.002425315915397647,0.0030122077115029566,12.145879806971966,13.860562955212092,3454.1543783490583,180.0,0.007379824677392057,13.082391182799984,1.0,0.0,nan,nan,6.004,0.04089237520258651,0.19935345948398556,0.20498138059683169,0.0,"[100, 300, 300, 100, 100]","[0.008091207720896493, 0.005690147547039053, 0.011460589509856532, 0.008585491694941825, 0.0030716869142263783]",,0.049275033358970266,0.05560469600057518,5.0,1.96,nan,known-logging,sieve,frozen,neural-fore,known-uniform,0.8,1.0,0.0,0.02,0.0
5000,7385611,1000000,-0.3170054884673674,-0.31307991402197255,-0.32742259085809766,0.003925574445394875,-0.010417102390730237,0.05104155631328567,-0.42746404123213755,-0.22738114048405775,1.0,0.20008290074807983,0.009920406218223769,0.002425315915397647,0.0030122077115029566,13.475405510657444,19.798694566777574,3307.289324654256,300.0,0.0004348503521987981,15.869730800000616,1.0,0.0,nan,nan,4.6,0.04077344655505533,0.19744887545233394,0.20513373389790907,0.0,"[300, 300, 300, 300, 300]","[0.0, 0.0021742517609939904, 0.0, 0.0, 0.0]",,0.05104155631328567,0.020206272515327205,5.0,1.96,nan,known-logging,sieve,frozen,neural-fore,known-uniform,0.8,1.0,0.0,0.02,0.0
5000,7485614,1000000,-0.3170054884673674,-0.30417773234442774,-0.37925646372524213,0.012827756122939682,-0.06225097525787471,0.053082615377247754,-0.48329838986464774,-0.2752145375858365,1.0,0.20808385227881118,0.007825271267904586,0.002425315915397647,0.0030122077115029566,13.478741575339251,15.51517920576456,3339.638273291343,180.0,0.0049388407932113255,13.260270233200572,1.0,0.0,nan,nan,4.401999999999999,0.041681019548140665,0.20036678578649267,0.20497978131128333,0.0,"[100, 100, 300, 300, 100]","[0.006514355207361337, 0.003426911017396155, 0.0055143590204596825, 0.009238578720839457, 0.0]",,0.053082615377247754,0.04819553493142056,5.0,1.96,nan,known-logging,sieve,frozen,neural-fore,known-uniform,0.8,1.0,0.0,0.02,0.0
5000,7585617,1000000,-0.3170054884673674,-0.31218643700427945,-0.28598708022211156,0.0048190514630879755,0.03101840824525587,0.050223457188981996,-0.3844250563125163,-0.18754910413170683,1.0,0.19687595218080942,0.010106119636065385,0.002425315915397647,0.0030122077115029566,12.760365065765265,14.869467007960427,3467.955906924804,140.0,0.005770094122066976,12.384699624999849,1.0,0.0,nan,nan,4.204,0.04054417401753045,0.2006905342086811,0.2018858302819913,0.0,"[100, 100, 300, 100, 100]","[0.006786146378742757, 0.005451459816304045, 0.0, 0.013065162551745231, 0.00354770186354285]",,0.050223457188981996,0.06660363903640129,5.0,1.96,nan,known-logging,sieve,frozen,neural-fore,known-uniform,0.8,1.0,0.0,0.02,0.0
5000,7685620,1000000,-0.3170054884673674,-0.31703649609298895,-0.29850740634276407,-3.100762562152637e-05,0.018498082124603354,0.04975943851701912,-0.3960359058361215,-0.2009789068494066,1.0,0.19505699898671494,0.009769163138012796,0.002425315915397647,0.0030122077115029566,12.617456122683642,14.50696359201205,3424.091750220496,140.0,0.0069806808711631585,12.405612233400097,1.0,0.0,nan,nan,6.202,0.04087505803498191,0.2001208638257621,0.2043413006099736,0.0,"[100, 100, 300, 100, 100]","[0.006360538584199815, 0.006324466653748307, 0.0, 0.011303364726040628, 0.010915034391827044]",,0.04975943851701912,0.030408411910689086,5.0,1.96,nan,known-logging,sieve,frozen,neural-fore,known-uniform,0.8,1.0,0.0,0.02,0.0
5000,7785623,1000000,-0.3170054884673674,-0.2970496393399304,-0.35765572611499014,0.01995584912743703,-0.04065023764762271,0.05327390427504636,-0.462072578494081,-0.25323887373589926,1.0,0.20883370475818172,0.013612108493373368,0.002425315915397647,0.0030122077115029566,13.660539489961224,15.657953695762327,3269.7356566753365,220.0,0.0053514525857664575,14.194754258399552,1.0,0.0,nan,nan,4.401999999999999,0.040406191609899195,0.20324246984166203,0.19761407641146053,0.0,"[300, 100, 300, 100, 300]","[0.0, 0.010853110574281443, 0.0025295177390963807, 0.005224869915583692, 0.00814976469987077]",,0.05327390427504636,0.03871794468364007,5.0,1.96,nan,known-logging,sieve,frozen,neural-fore,known-uniform,0.8,1.0,0.0,0.02,0.0
5000,7885626,1000000,-0.3170054884673674,-0.3147170154882283,-0.33658770392496223,0.0022884729791391445,-0.01958221545759481,0.05086592878152789,-0.4362849243367569,-0.23689048351316758,1.0,0.19939444082358931,0.008051176580552304,0.002425315915397647,0.0030122077115029566,13.965394497957549,23.345588354816766,3332.078735459003,260.0,0.002136040952055078,15.564487375400494,1.0,0.0,nan,nan,2.404,0.04098774494470575,0.20801305277374266,0.19997766974159817,0.0,"[100, 300, 300, 300, 300]","[0.003414149641508278, 0.0, 0.0, 0.000672242783840778, 0.006593812334926333]",,0.05086592878152789,0.06370211294530678,5.0,1.96,nan,known-logging,sieve,frozen,neural-fore,known-uniform,0.8,1.0,0.0,0.02,0.0
5000,7985629,1000000,-0.3170054884673674,-0.3265477499349909,-0.3032046115846803,-0.009542261467623492,0.013800876882687108,0.05054693577276095,-0.4022766056992918,-0.20413261747006886,1.0,0.1981439882292229,0.00998487069139,0.002425315915397647,0.0030122077115029566,12.864027497840976,13.750721657520753,3309.9337743522833,220.0,0.003918389287120339,14.481441291601005,1.0,0.0,nan,nan,8.2,0.03926512259152647,0.1977836071622696,0.19959536329150612,0.0,"[300, 300, 100, 100, 300]","[0.012408540666598543, 0.003697194341676994, 0.0, 0.0034862114273261587, 0.0]",,0.05054693577276095,0.06478894739038929,5.0,1.96,nan,known-logging,sieve,frozen,neural-fore,known-uniform,0.8,1.0,0.0,0.02,0.0
5000,8085632,1000000,-0.3170054884673674,-0.28449971226642784,-0.30630646989795357,0.032505776200939585,0.010699018569413854,0.051414017107952605,-0.4070779434295407,-0.20553499636636646,1.0,0.20154294706317422,0.01736412482401482,0.002425315915397647,0.0030122077115029566,14.528965165102845,18.964073065434828,3252.781537887499,260.0,0.0023426949427020802,15.004670408200763,1.0,0.0,nan,nan,4.401999999999999,0.040099766841371946,0.19930570630134542,0.19895706525079,0.0,"[300, 300, 300, 100, 300]","[0.00118293926861845, 0.0, 0.008115502083970341, 0.00241503336092161, 0.0]",,0.051414017107952605,0.07129965491495513,5.0,1.96,nan,known-logging,sieve,frozen,neural-fore,known-uniform,0.8,1.0,0.0,0.02,0.0
5000,8185635,1000000,-0.3170054884673674,-0.32379924697089557,-0.3633364492335514,-0.006793758503528147,-0.04633096076618398,0.051213284534128316,-0.4637144869204429,-0.2629584115466599,1.0,0.20075607537378298,0.007449511567419206,0.002425315915397647,0.0030122077115029566,13.750329962223308,15.91340018931683,3311.6587828268503,220.0,0.002506729217715946,14.141428065799118,1.0,0.0,nan,nan,4.402,0.04019905436715303,0.19940185250355286,0.2009094634133255,0.0,"[300, 100, 300, 100, 300]","[0.0, 0.0019520859716653364, 0.005966826624977202, 0.00010193927402766799, 0.004512794217909526]",,0.051213284534128316,0.031180999843716733,5.0,1.96,nan,known-logging,sieve,frozen,neural-fore,known-uniform,0.8,1.0,0.0,0.02,0.0
5000,8285638,1000000,-0.3170054884673674,-0.3006545279079672,-0.28751053912153,0.01635096055940022,0.029494949345837407,0.05075555713235465,-0.38699143110094514,-0.1880296471421149,1.0,0.1989617839588302,0.01147451982389745,0.002425315915397647,0.0030122077115029566,13.786954843180212,19.33145140266767,3321.4984674857274,260.0,0.0037933115579857945,15.590943374600466,1.0,0.0,nan,nan,4.6,0.04245176741032466,0.20779058568355638,0.20458884058303278,0.0,"[300, 300, 300, 100, 300]","[0.005212677980839448, 0.0, 0.006671438339566614, 0.006914171828637806, 0.00016826964088510025]",,0.05075555713235465,0.05212781361964053,5.0,1.96,nan,known-logging,sieve,frozen,neural-fore,known-uniform,0.8,1.0,0.0,0.02,0.0
5000,8385641,1000000,-0.3170054884673674,-0.32155017537177316,-0.25699188593514666,-0.004544686904405737,0.06001360253222077,0.049084163523883374,-0.3531968464419581,-0.16078692542833523,1.0,0.19240992101362284,0.008693974553982294,0.002425315915397647,0.0030122077115029566,12.998505625549182,17.21522136514774,3449.672317313131,260.0,0.0039223203627331196,15.189489641399996,0.9999999999999998,0.0,nan,nan,2.404,0.04081298226106857,0.20311143076591315,0.2023337338428231,0.0,"[300, 300, 300, 300, 100]","[0.006496744687379369, 0.0010063532477851936, 0.0008905473593559446, 0.007691194087699213, 0.0035267624314458818]",,0.049084163523883374,0.02805741683774854,5.0,1.96,nan,known-logging,sieve,frozen,neural-fore,known-uniform,0.8,1.0,0.0,0.02,0.0
5000,8485644,1000000,-0.3170054884673674,-0.3009661407373918,-0.36734584849011087,0.016039347729975617,-0.05034036002274345,0.053340345883357974,-0.4718929264214925,-0.26279877055872924,1.0,0.20909415586276325,0.007681379816841689,0.002425315915397647,0.0030122077115029566,14.326806903461495,19.133380087658143,3290.651306271318,260.0,0.005992186720819704,15.228834375199948,1.0,0.0,nan,nan,1.0,0.04157582825663532,0.20418840964286877,0.20137891210780365,0.0,"[300, 300, 300, 100, 300]","[0.0024821762637655576, 0.0019714259061683627, 0.009639923642536094, 0.01586740779162851, 0.0]",,0.053340345883357974,0.09037584037543937,5.0,1.96,nan,known-logging,sieve,frozen,neural-fore,known-uniform,0.8,1.0,0.0,0.02,0.0
5000,8585647,1000000,-0.3170054884673674,-0.3056130825597588,-0.3354149492607675,0.01139240590760865,-0.018409460793400056,0.05169104075976004,-0.4367293891498972,-0.2341005093716378,1.0,0.20262887977825936,0.010201231036167711,0.002425315915397647,0.0030122077115029566,12.599471761089939,14.747404445800468,3364.9924000505066,180.0,0.002963620137552109,13.32355010020001,1.0,0.0,nan,nan,2.8,0.04161022639837594,0.2076135213784552,0.20251936699599096,0.0,"[100, 300, 300, 100, 100]","[0.007751287701154823, 0.0, 0.0006534156267674385, 0.00349520722702317, 0.0029181901328151137]",,0.05169104075976004,0.02272242527501666,5.0,1.96,nan,known-logging,sieve,frozen,neural-fore,known-uniform,0.8,1.0,0.0,0.02,0.0
5000,8685650,1000000,-0.3170054884673674,-0.32858656991413415,-0.2884976300024817,-0.011581081446766728,0.028507858464885738,0.049767959761592685,-0.3860428311352033,-0.19095242886976002,1.0,0.19509040226544333,0.009517386108318834,0.002425315915397647,0.0030122077115029566,12.487601250966662,14.973900613377673,3403.3500462541497,260.0,0.002461238434849051,15.118268591399465,1.0,0.0,nan,nan,2.602,0.04125612563397826,0.2032353347087174,0.20262527781639572,0.0,"[300, 300, 300, 300, 100]","[0.0, 0.0, 0.0015345982872062116, 0.0016855268371508622, 0.00908606704988818]",,0.049767959761592685,0.04557763734915881,5.0,1.96,nan,known-logging,sieve,frozen,neural-fore,known-uniform,0.8,1.0,0.0,0.02,0.0
5000,8785653,1000000,-0.3170054884673674,-0.3181431204332087,-0.36016299915873895,-0.0011376319658412681,-0.043157510691371526,0.052177804626332897,-0.46243149622635144,-0.25789450209112647,1.0,0.20453699413522494,0.012338115844030773,0.002425315915397647,0.0030122077115029566,13.030756941744157,13.720855640335337,3302.5133564161456,260.0,0.0021941508951627774,15.440715474799436,1.0,0.0,nan,nan,2.602,0.041213506205585296,0.20574644921887458,0.20450355805863518,0.0,"[100, 300, 300, 300, 300]","[0.008496455702645903, 0.0, 0.0, 0.0, 0.0024742987731679843]",,0.052177804626332897,0.07097121396934543,5.0,1.96,nan,known-logging,sieve,frozen,neural-fore,known-uniform,0.8,1.0,0.0,0.02,0.0
5000,8885656,1000000,-0.3170054884673674,-0.3149561928787583,-0.29261982788591057,0.0020492955886091124,0.02438566058145686,0.04984659101413818,-0.3903191462736214,-0.19492050949819972,1.0,0.19539863677542166,0.010003756410240669,0.002425315915397647,0.0030122077115029566,12.2153401807692,15.459749984374088,3539.2963094596107,180.0,0.0021015341572849606,13.731364783000753,1.0,0.0,nan,nan,6.0040000000000004,0.040768292704031435,0.2031148483034407,0.20096648996730768,0.0,"[100, 100, 300, 100, 300]","[0.004921821401244161, 0.0014135134915446608, 0.002200745562035898, 0.001971590331600084, 0.0]",,0.04984659101413818,0.0481507799135733,5.0,1.96,nan,known-logging,sieve,frozen,neural-fore,known-uniform,0.8,1.0,0.0,0.02,0.0
5000,8985659,1000000,-0.3170054884673674,-0.30216143456551336,-0.30594057624165183,0.01484405390185406,0.011064912225715595,0.05047862168734229,-0.4048786747488427,-0.20700247773446095,1.0,0.19787619701438178,0.008474899649756078,0.002425315915397647,0.0030122077115029566,12.182606287595442,17.574599342706065,3404.3436073371277,220.0,0.007716833336666731,14.33521992460046,1.0,0.0,nan,nan,4.401999999999999,0.04155107764848313,0.2042911045768027,0.20382948326189734,0.0,"[300, 100, 100, 300, 300]","[0.0, 0.009282726153803569, 0.011640654027747764, 0.012245824339029782, 0.0054149621627525395]",,0.05047862168734229,0.046668314141291634,5.0,1.96,nan,known-logging,sieve,frozen,neural-fore,known-uniform,0.8,1.0,0.0,0.02,0.0
5000,9085662,1000000,-0.3170054884673674,-0.3068143240145501,-0.3292740167713816,0.010191164452817314,-0.012268528304014148,0.05152697739679995,-0.4302668924691095,-0.22828114107365366,1.0,0.2019857513954558,0.007155779841726881,0.002425315915397647,0.0030122077115029566,13.413829897186881,18.06888559718757,3382.752734510073,260.0,0.003864535116522154,15.93874251680063,1.0,0.0,nan,nan,4.204,0.040156352409046844,0.20076767809839763,0.19668572074086768,0.0,"[300, 300, 300, 300, 100]","[0.012178706777387874, 0.0003979658249351361, 0.0, 0.0, 0.006746002980287761]",,0.05152697739679995,0.09492270457219439,5.0,1.96,nan,known-logging,sieve,frozen,neural-fore,known-uniform,0.8,1.0,0.0,0.02,0.0
5000,9185665,1000000,-0.3170054884673674,-0.2927616179262624,-0.25141150584762445,0.02424387054110505,0.06559398261974297,0.05022039521786313,-0.3498434804746362,-0.1529795312206127,1.0,0.19686394925402348,0.007812525093840478,0.002425315915397647,0.0030122077115029566,13.222101306496654,15.882877950097331,3453.8061436338553,180.0,0.0049441619761598585,13.9770840243993,1.0,0.0,nan,nan,4.6,0.04009264719836956,0.201246331720284,0.19683321821506428,0.0,"[100, 300, 300, 100, 100]","[0.003685787987580209, 0.009647848170666344, 0.0, 0.008044944079363462, 0.003342229643189277]",,0.05022039521786313,0.074744910106396,5.0,1.96,nan,known-logging,sieve,frozen,neural-fore,known-uniform,0.8,1.0,0.0,0.02,0.0
5000,9285668,1000000,-0.3170054884673674,-0.3193890831469016,-0.33933408308501073,-0.0023835946795341956,-0.022328594617643305,0.051789757789286905,-0.44084200835201304,-0.2378261578180084,1.0,0.20301585053400467,0.009564945785550063,0.002425315915397647,0.0030122077115029566,13.803826010277252,16.334174094574664,3291.0722312368966,260.0,0.0037991548909931455,16.905958325200118,1.0,0.0,nan,nan,8.002,0.04003830065339074,0.1993885544192043,0.20091429992949608,0.0,"[300, 300, 300, 300, 100]","[0.008772859164748115, 0.0, 0.0, 0.005821757852808426, 0.004401157437409189]",,0.051789757789286905,0.03379561391385314,5.0,1.96,nan,known-logging,sieve,frozen,neural-fore,known-uniform,0.8,1.0,0.0,0.02,0.0
5000,9385671,1000000,-0.3170054884673674,-0.31158623222887416,-0.41402010261720806,0.005419256238493264,-0.09701461414984064,0.053381821874221656,-0.5186484734906825,-0.30939173174373363,1.0,0.2092567417469489,0.00847541471980556,0.002425315915397647,0.0030122077115029566,13.790163427103966,16.00945840538985,3296.416272631817,220.0,0.00467255230240102,16.340070400199693,1.0,0.0,nan,nan,4.42,0.03932871625141715,0.19572727360471767,0.20118367898176248,0.0,"[100, 300, 300, 300, 100]","[0.011995332222688527, 0.0, 0.0, 0.00014526959895674106, 0.011222159690359832]",,0.053381821874221656,0.04761983255244509,5.0,1.96,nan,known-logging,sieve,frozen,neural-fore,known-uniform,0.8,1.0,0.0,0.02,0.0
5000,9485674,1000000,-0.3170054884673674,-0.32456084900587856,-0.36561206408688074,-0.0075553605385111355,-0.048606575619513315,0.0514786045583686,-0.4665101290212832,-0.2647139991524783,1.0,0.2017961298688049,0.010992520650677838,0.002425315915397647,0.0030122077115029566,13.252447451648324,15.465924101120011,3368.344408191601,180.0,0.0048355586708160505,15.777313341799891,1.0,0.0,nan,nan,2.206,0.040517677630308536,0.19833120562296763,0.20294774450399738,0.0,"[300, 300, 100, 100, 100]","[0.001326332531506905, 0.000444857030597882, 0.004179333458277605, 0.015058590450325525, 0.0031686798833723356]",,0.0514786045583686,0.05443655582902521,5.0,1.96,nan,known-logging,sieve,frozen,neural-fore,known-uniform,0.8,1.0,0.0,0.02,0.0
5000,9585677,1000000,-0.3170054884673674,-0.3168933021182988,-0.3478141481122555,0.00011218634906862146,-0.030808659644888048,0.05202452201463835,-0.44978221126094664,-0.2458460849635643,1.0,0.20393612629738234,0.007759044397420656,0.002425315915397647,0.0030122077115029566,13.438389100181936,17.75941138969947,3434.155741402688,220.0,0.0037582777140570496,16.763508758199897,1.0,0.0,nan,nan,2.602,0.041333740562022124,0.20494752159119373,0.19970419562648614,0.0,"[300, 300, 100, 300, 100]","[0.0, 0.010110621626897385, 0.0048756257653838975, 0.002664421787426768, 0.0011407193905771998]",,0.05202452201463835,0.048207988856784324,5.0,1.96,nan,known-logging,sieve,frozen,neural-fore,known-uniform,0.8,1.0,0.0,0.02,0.0
5000,9685680,1000000,-0.3170054884673674,-0.31494383672708975,-0.39702461159616664,0.00206165174027767,-0.08001912312879922,0.05366847895248865,-0.5022148303430444,-0.2918343928492889,1.0,0.2103804374937555,0.008453850456542835,0.002425315915397647,0.0030122077115029566,14.945909094662264,17.320174646589102,3196.3031117149158,260.0,0.003299894386184531,17.254667133200563,1.0,0.0,nan,nan,6.4,0.03992678559814715,0.2002618184395059,0.2003424468499126,0.0,"[300, 300, 300, 100, 300]","[0.0, 0.0, 0.008675357314306012, 0.00782411461661664, 0.0]",,0.05366847895248865,0.06389985782310582,5.0,1.96,nan,known-logging,sieve,frozen,neural-fore,known-uniform,0.8,1.0,0.0,0.02,0.0
5000,9785683,1000000,-0.3170054884673674,-0.3125840911573992,-0.3047789770604265,0.004421397309968211,0.012226511406940921,0.0514880388386865,-0.40569553318425206,-0.20386242093660095,1.0,0.20183311224765108,0.008923966975675037,0.002425315915397647,0.0030122077115029566,14.741228355702173,21.500024282926486,3325.087866217635,220.0,0.006481566723623877,16.080048233599882,1.0,0.0,nan,nan,2.8,0.04240068318460151,0.20316670080805857,0.2066728229070006,0.0,"[300, 100, 100, 300, 300]","[0.0, 0.010139978542528443, 0.01663246796044002, 0.0, 0.005635387115150922]",,0.0514880388386865,0.05041411861065615,5.0,1.96,nan,known-logging,sieve,frozen,neural-fore,known-uniform,0.8,1.0,0.0,0.02,0.0
5000,9885686,1000000,-0.3170054884673674,-0.32302602683428294,-0.34686352309005863,-0.006020538366915518,-0.02985803462269121,0.05118601844985813,-0.4471881192517806,-0.2465389269283367,1.0,0.20064919232344386,0.0089139715959515,0.002425315915397647,0.0030122077115029566,13.148273462628296,17.502640314102926,3378.426906556224,220.0,0.003182391780221501,16.222127033400103,1.0,0.0,nan,nan,6.4,0.039104519156415454,0.1968712809309199,0.20056675096692977,0.0,"[300, 300, 100, 300, 100]","[0.0, 0.0036443291996725857, 0.00479910294450669, 0.0, 0.007468526756928227]",,0.05118601844985813,0.052532533551104474,5.0,1.96,nan,known-logging,sieve,frozen,neural-fore,known-uniform,0.8,1.0,0.0,0.02,0.0
5000,9985689,1000000,-0.3170054884673674,-0.30659564499495484,-0.3867393949953681,0.010409843472412583,-0.06973390652800066,0.053228727443066566,-0.49106770078377854,-0.2824110892069576,1.0,0.20865661157682094,0.00821769212667718,0.002425315915397647,0.0030122077115029566,13.033853706395561,14.344307278199006,3366.6619933295556,180.0,0.005823919470902027,14.826232899999377,1.0,0.0,nan,nan,2.206,0.03977248159723311,0.2003653845499349,0.1977859200331546,0.0,"[100, 300, 100, 100, 300]","[0.004600460278362306, 0.004655585173645437, 0.006566384642224078, 0.004564889233633562, 0.008732278026644747]",,0.053228727443066566,0.03031171114189005,5.0,1.96,nan,known-logging,sieve,frozen,neural-fore,known-uniform,0.8,1.0,0.0,0.02,0.0
5000,10085692,1000000,-0.3170054884673674,-0.31943973254764724,-0.316487575415934,-0.0024342440802798126,0.0005179130514334496,0.05143042278787101,-0.4172912040801612,-0.2156839467517068,1.0,0.20160725732845436,0.008012115256658235,0.002425315915397647,0.0030122077115029566,13.65690507849894,18.203864020120605,3297.0914854109924,300.0,0.0010053017902293675,16.318999466799504,1.0,0.0,nan,nan,2.62,0.04024785897729525,0.20271386187010706,0.20054236374949327,0.0,"[300, 300, 300, 300, 300]","[0.0, 0.0016451576713618669, 0.0, 0.0, 0.0033813512797849707]",,0.05143042278787101,0.06987581242068258,5.0,1.96,nan,known-logging,sieve,frozen,neural-fore,known-uniform,0.8,1.0,0.0,0.02,0.0
5000,10185695,1000000,-0.3170054884673674,-0.3095522743427772,-0.2918781035156239,0.007453214124590213,0.025127384951743548,0.051305433606850484,-0.3924367533850508,-0.19131945364619693,1.0,0.2011172997388539,0.008892737103498308,0.002425315915397647,0.0030122077115029566,13.689183518952325,17.521367507620205,3296.2557763315112,220.0,0.001996240843348149,14.48119606660075,1.0,0.0,nan,nan,6.220000000000001,0.040245052699163356,0.200684221826054,0.20447073206255398,0.0,"[300, 300, 100, 300, 100]","[0.0031929617394404947, 0.00012844140379845949, 0.004020774851580452, 0.0, 0.002639026221921339]",,0.051305433606850484,0.037398310726482364,5.0,1.96,nan,known-logging,sieve,frozen,neural-fore,known-uniform,0.8,1.0,0.0,0.02,0.0
5000,10285698,1000000,-0.3170054884673674,-0.30524480540197707,-0.3166880763869465,0.011760683065390354,0.00031741208042090907,0.05145100800245266,-0.4175320520717537,-0.2158441007021393,1.0,0.20168795136961443,0.00742816431116056,0.002425315915397647,0.0030122077115029566,13.897406666229342,18.25886883972102,3376.1356030190127,180.0,0.0049120933317582565,13.07880351659951,1.0,0.0,nan,nan,8.2,0.04093146925523656,0.20703347870128558,0.19939329105888723,0.0,"[300, 100, 100, 300, 100]","[0.0005811281858472243, 0.00400356724534379, 0.009774980662559603, 0.0035613793750307885, 0.006639411190009877]",,0.05145100800245266,0.031402689148751224,5.0,1.96,nan,known-logging,sieve,frozen,neural-fore,known-uniform,0.8,1.0,0.0,0.02,0.0
5000,10385701,1000000,-0.3170054884673674,-0.313966409311796,-0.20467276247908725,0.0030390791555714447,0.11233272598828017,0.04731637994753026,-0.29741286717624654,-0.11193265778192794,0.0,0.1854802093943186,0.008492866121551226,0.002425315915397647,0.0030122077115029566,12.31303347585212,18.422749818906276,3489.1959119233593,180.0,0.007207964925421735,13.069129516399334,1.0,0.0,nan,nan,2.8,0.03957931755859779,0.20011300452492561,0.19758426360476491,0.0,"[100, 300, 100, 300, 100]","[0.007802090020031504, 0.0029561158378560506, 0.017349284215396017, 0.0007578500589530011, 0.007174484494872106]",,0.04731637994753026,0.049645943428725824,5.0,1.96,nan,known-logging,sieve,frozen,neural-fore,known-uniform,0.8,1.0,0.0,0.02,0.0
5000,10485704,1000000,-0.3170054884673674,-0.29763980829902803,-0.30401727544098694,0.019365680168339394,0.01298821302638048,0.05175407373412089,-0.40545525995986387,-0.20257929092211002,1.0,0.20287596903775387,0.01592462248162731,0.002425315915397647,0.0030122077115029566,13.840323520822809,17.05349375298323,3313.2363134790194,220.0,0.001765804724982829,13.914566991400715,1.0,0.0,nan,nan,8.001999999999999,0.04121756856343672,0.1989796941898166,0.20828963255063612,0.0,"[300, 100, 100, 300, 300]","[0.0, 0.004266373448044208, 0.0019352274737120929, 0.002104559732890856, 0.0005228629702669869]",,0.05175407373412089,0.042911661141268494,5.0,1.96,nan,known-logging,sieve,frozen,neural-fore,known-uniform,0.8,1.0,0.0,0.02,0.0
5000,10585707,1000000,-0.3170054884673674,-0.3096512537477576,-0.28001812374362406,0.007354234719609831,0.036987364723743366,0.04956362425235397,-0.37716282727823786,-0.18287342020901026,1.0,0.19428940706922757,0.01196604084019947,0.002425315915397647,0.0030122077115029566,13.085048785664883,18.381645445999673,3383.5711634558156,260.0,0.0029116910261503515,15.041526641399106,1.0,0.0,nan,nan,2.8,0.04085125164267482,0.1997326970461323,0.2027788164627613,0.0,"[300, 300, 300, 300, 100]","[0.0, 0.006584605056464922, 0.0, 0.001801223586826388, 0.006172626487460448]",,0.04956362425235397,0.03904053419971529,5.0,1.96,nan,known-logging,sieve,frozen,neural-fore,known-uniform,0.8,1.0,0.0,0.02,0.0
5000,10685710,1000000,-0.3170054884673674,-0.3099203758905811,-0.3360694098816112,0.007085112576786345,-0.01906392141424379,0.05079819005929014,-0.43563386239781987,-0.23650495736540256,1.0,0.19912890503241734,0.010201846928613164,0.002425315915397647,0.0030122077115029566,12.792916126096781,15.258344061505435,3445.137748409075,140.0,0.0022561811350457666,12.231059825000921,1.0,0.0,nan,nan,4.2219999999999995,0.03953938235615093,0.20275032154248768,0.19320737028909182,0.0,"[100, 100, 300, 100, 100]","[0.00018083302999399577, 0.003390413910276601, 0.0, 0.003797622127634654, 0.003912036607323581]",,0.05079819005929014,0.0676316341055527,5.0,1.96,nan,known-logging,sieve,frozen,neural-fore,known-uniform,0.8,1.0,0.0,0.02,0.0
5000,10785713,1000000,-0.3170054884673674,-0.30707301259793723,-0.3483629124725597,0.00993247586943019,-0.03135742400519226,0.05162703871746147,-0.44955190835878417,-0.2471739165863352,1.0,0.20237799177244897,0.007744550995304856,0.002425315915397647,0.0030122077115029566,12.70795033536652,13.638322271640483,3381.788182740442,180.0,0.004085116316029978,13.314731699601179,1.0,0.0,nan,nan,2.8,0.04095599928227177,0.203597921239384,0.20200743252232,0.0,"[100, 100, 100, 300, 300]","[0.001056921537361075, 0.004101916598582166, 0.0043998861224386985, 0.00589066879021792, 0.004976188531550033]",,0.05162703871746147,0.03641495101421764,5.0,1.96,nan,known-logging,sieve,frozen,neural-fore,known-uniform,0.8,1.0,0.0,0.02,0.0
5000,10885716,1000000,-0.3170054884673674,-0.3161039062795381,-0.28103551071810673,0.0009015821878293195,0.035969977749260695,0.049376421830260656,-0.3778132975054176,-0.18425772393079584,1.0,0.19355557357462178,0.00820271417944448,0.002425315915397647,0.0030122077115029566,13.217461892466666,15.128186537830704,3322.160668007689,260.0,0.0005490162915098224,16.433008366600554,1.0,0.0,nan,nan,0.8019999999999999,0.039350517354850026,0.20165622501985053,0.19422243403745745,0.0,"[300, 100, 300, 300, 300]","[0.0009492139911645283, 0.0007016657192665515, 0.0, 0.0, 0.0010942017471180319]",,0.049376421830260656,0.043624117013796246,5.0,1.96,nan,known-logging,sieve,frozen,neural-fore,known-uniform,0.8,1.0,0.0,0.02,0.0
5000,10985719,1000000,-0.3170054884673674,-0.3121417561794765,-0.3088133244445596,0.004863732287890943,0.008192164022807813,0.050958779726730956,-0.4086925327089523,-0.20893411618016694,1.0,0.19975841652878534,0.008408774428757726,0.002425315915397647,0.0030122077115029566,13.702207841729235,15.587407073421026,3284.323984117455,260.0,0.002450277632980094,16.686695300000064,1.0,0.0,nan,nan,2.62,0.0412102838699905,0.19800175057216923,0.20588100244187446,0.0,"[300, 300, 300, 100, 300]","[0.0034690288382307607, 0.0, 0.006566807694230226, 0.0022155516324394815, 0.0]",,0.050958779726730956,0.06864236336276867,5.0,1.96,nan,known-logging,sieve,frozen,neural-fore,known-uniform,0.8,1.0,0.0,0.02,0.0
5000,11085722,1000000,-0.3170054884673674,-0.31053824878353853,-0.23737078289831715,0.006467239683828896,0.07963470556905028,0.04873076212892042,-0.33288307667100114,-0.14185848912563312,1.0,0.19102458754536805,0.01074965268238516,0.002425315915397647,0.0030122077115029566,13.255181181159085,14.656474399378347,3391.687872431214,180.0,0.003104969616920079,14.429536425399784,1.0,0.0,nan,nan,6.4,0.04104920843739855,0.20377273206102445,0.20011320110366734,0.0,"[100, 100, 100, 300, 300]","[0.002398298561197555, 0.006757374147624313, 0.005949076165631284, 0.00042009921014724385, 0.0]",,0.04873076212892042,0.03254192053384297,5.0,1.96,nan,known-logging,sieve,frozen,neural-fore,known-uniform,0.8,1.0,0.0,0.02,0.0
5000,11185725,1000000,-0.3170054884673674,-0.3153499603514483,-0.30186366302562617,0.0016555281159191249,0.015141825441741252,0.05118441863733393,-0.4021851235548007,-0.20154220249645166,1.0,0.200642921058349,0.008913744537394689,0.002425315915397647,0.0030122077115029566,13.163688068079582,16.719100704360134,3304.6526214670307,260.0,0.0030706900928965243,16.514688933200887,1.0,0.0,nan,nan,6.4,0.040627026692888465,0.20290812125896043,0.19808441757988623,0.0,"[300, 300, 100, 300, 300]","[0.0, 0.0, 0.009930031943938019, 0.000682201662534371, 0.004741216858010232]",,0.05118441863733393,0.03640133602418567,5.0,1.96,nan,known-logging,sieve,frozen,neural-fore,known-uniform,0.8,1.0,0.0,0.02,0.0
5000,11285728,1000000,-0.3170054884673674,-0.3090687016799827,-0.25806731415762535,0.007936786787384742,0.058938174309742075,0.048669881382514615,-0.353460281667354,-0.1626743466478967,1.0,0.1907859350194573,0.010013186997214563,0.002425315915397647,0.0030122077115029566,13.037831702469873,16.547011094091015,3423.7527673937416,260.0,0.003357054393664376,18.139219650199813,1.0,0.0,nan,nan,2.62,0.03973236725764031,0.1963732124953862,0.20330486375663984,0.0,"[300, 300, 300, 100, 300]","[0.004308885427687682, 0.0, 0.00037901475976035473, 0.012097371780873844, 0.0]",,0.048669881382514615,0.02633433178411474,5.0,1.96,nan,known-logging,sieve,frozen,neural-fore,known-uniform,0.8,1.0,0.0,0.02,0.0
5000,11385731,1000000,-0.3170054884673674,-0.3207646402904458,-0.2913847378435743,-0.0037591518230783993,0.025620750623793098,0.04972275222803062,-0.3888413322105143,-0.1939281434766343,1.0,0.19491318873388003,0.008170360920111348,0.002425315915397647,0.0030122077115029566,13.180916275402387,23.360753473984943,3347.8769768907096,140.0,0.007926353120796484,14.112608533201273,1.0,0.0,nan,nan,4.42,0.04068789108998973,0.20391779019470654,0.1989637385385033,0.0,"[300, 100, 100, 100, 100]","[0.00328663630531758, 0.017705162049927208, 0.006415896782796784, 0.010601769105181545, 0.0016223013607593027]",,0.04972275222803062,0.04998580095169861,5.0,1.96,nan,known-logging,sieve,frozen,neural-fore,known-uniform,0.8,1.0,0.0,0.02,0.0
5000,11485734,1000000,-0.3170054884673674,-0.3143333719444538,-0.3518631886469969,0.0026721165229136035,-0.03485770017962947,0.05119537638593253,-0.45220612636342467,-0.2515202509305691,1.0,0.20068587543285551,0.00716105098860444,0.002425315915397647,0.0030122077115029566,11.849409720075638,14.961151248861086,3414.006104050681,180.0,0.0018689690461422485,16.021340116997454,1.0,0.0,nan,nan,6.202,0.04154239084196084,0.20513964834353496,0.20454056882474486,0.0,"[100, 100, 300, 100, 300]","[0.0013447995801085207, 0.004360451586206295, 0.0, 0.0003105369044499441, 0.003329057159946484]",,0.05119537638593253,0.06027410593362135,5.0,1.96,nan,known-logging,sieve,frozen,neural-fore,known-uniform,0.8,1.0,0.0,0.02,0.0
5000,11585737,1000000,-0.3170054884673674,-0.3356435874606979,-0.32032074993511134,-0.018638098993330465,-0.003315261467743913,0.05144662370305254,-0.4211561323930943,-0.21948536747712838,1.0,0.20167076491596594,0.01058690074667666,0.002425315915397647,0.0030122077115029566,13.66831050015756,15.651739483548074,3335.669018542044,260.0,0.0014314031414621995,18.577266374998725,1.0,0.0,nan,nan,6.4,0.03874434703832184,0.20046055214018269,0.19569972277804074,0.0,"[100, 300, 300, 300, 300]","[0.005453004938074485, 0.0, 0.0012035554130525503, 0.0005004553561839623, 0.0]",,0.05144662370305254,0.07378342636524565,5.0,1.96,nan,known-logging,sieve,frozen,neural-fore,known-uniform,0.8,1.0,0.0,0.02,0.0
5000,11685740,1000000,-0.3170054884673674,-0.3109074498281994,-0.31144124679702967,0.006098038639168024,0.005564241670337755,0.05050482138631335,-0.41043069671420385,-0.2124517968798555,1.0,0.19797889983434833,0.01057868043133347,0.002425315915397647,0.0030122077115029566,13.06440567999607,21.120640012580207,3426.933704304174,180.0,0.005058245965317932,16.480716158799623,1.0,0.0,nan,nan,2.4219999999999997,0.041047747903026635,0.20610449008572776,0.2023782842564489,0.0,"[300, 100, 100, 100, 300]","[0.00346810239235796, 0.007212383345286832, 0.009708164087211674, 0.0036424503977577336, 0.0012601296039754578]",,0.05050482138631335,0.040509674781173205,5.0,1.96,nan,known-logging,sieve,frozen,neural-fore,known-uniform,0.8,1.0,0.0,0.02,0.0
5000,11785743,1000000,-0.3170054884673674,-0.298161289110599,-0.2882584810053605,0.0188441993567684,0.028747007462006924,0.050408919632964976,-0.3870599634859718,-0.18945699852474915,1.0,0.1976029649612227,0.013360157556414705,0.002425315915397647,0.0030122077115029566,13.986847624389176,17.276460890560127,3341.010414637018,220.0,0.006410325605893069,17.99588850840082,1.0,0.0,nan,nan,6.202,0.03967631667201808,0.20095917236374836,0.1968865565797905,0.0,"[300, 100, 300, 100, 300]","[0.0004058378880900409, 0.011882785097716442, 0.0021872412626321716, 0.002594262619565273, 0.014981501161461418]",,0.050408919632964976,0.034149611913679816,5.0,1.96,nan,known-logging,sieve,frozen,neural-fore,known-uniform,0.8,1.0,0.0,0.02,0.0
5000,11885746,1000000,-0.3170054884673674,-0.3122871859033869,-0.3717624655114596,0.0047183025639805365,-0.05475697704409216,0.05123483343602977,-0.47218273904607794,-0.27134219197684123,1.0,0.20084054706923668,0.008215928770825444,0.002425315915397647,0.0030122077115029566,13.051538406925223,14.905867052013809,3326.3680427897984,180.0,0.004913858694787399,16.511975841000822,1.0,0.0,nan,nan,8.2,0.04162727885969757,0.19704610208027823,0.20556129138482948,0.0,"[100, 100, 300, 100, 300]","[0.007729022433287111, 0.008318381502144517, 0.0036470041379133167, 0.004874885400592046, 0.0]",,0.05123483343602977,0.052963265769361105,5.0,1.96,nan,known-logging,sieve,frozen,neural-fore,known-uniform,0.8,1.0,0.0,0.02,0.0
5000,11985749,1000000,-0.3170054884673674,-0.3443873588236923,-0.24139560622336675,-0.02738187035632489,0.07560988224400067,0.04784078744778068,-0.3351635496210169,-0.1476276628257166,1.0,0.18753588679530028,0.011038574505623337,0.002425315915397647,0.0030122077115029566,13.53591874311315,17.06287730897811,3405.391491149375,140.0,0.006405538877953608,15.618667008197372,1.0,0.0,nan,nan,6.022,0.0403692704458918,0.19778600453897455,0.20411761522964808,0.0,"[100, 100, 100, 100, 300]","[0.007878869033047409, 0.0074558607887174, 0.008285712159307684, 0.006861475512970377, 0.001545776895725172]",,0.04784078744778068,0.051303076653127985,5.0,1.96,nan,known-logging,sieve,frozen,neural-fore,known-uniform,0.8,1.0,0.0,0.02,0.0
5000,12085752,1000000,-0.3170054884673674,-0.31125353566991215,-0.3315914096251475,0.005751952797455273,-0.014585921157780068,0.052147834982712186,-0.4338011661912634,-0.2293816530590316,1.0,0.20441951313223178,0.009417428024662703,0.002425315915397647,0.0030122077115029566,15.524265611581912,18.375829105688773,3295.136479678896,220.0,0.00670165546071543,17.650220724799873,1.0,0.0,nan,nan,2.602,0.03998708588795945,0.19943977607654698,0.20107960909096464,0.0,"[100, 300, 300, 100, 300]","[0.010458532316117326, 0.0, 0.0, 0.014845098711887595, 0.00820464627557223]",,0.052147834982712186,0.03931351279546911,5.0,1.96,nan,known-logging,sieve,frozen,neural-fore,known-uniform,0.8,1.0,0.0,0.02,0.0
5000,12185755,1000000,-0.3170054884673674,-0.29710672454070125,-0.26726619346172237,0.019898763926666174,0.04973929500564506,0.05035743474139494,-0.3659667655548564,-0.1685656213685883,1.0,0.19740114418626814,0.012250266215179667,0.002425315915397647,0.0030122077115029566,13.114295224508005,14.339373067808575,3427.2741488011,220.0,0.003542762671474878,17.956062275200384,1.0,0.0,nan,nan,4.402,0.03960822725347419,0.19931252858147458,0.20060708303188018,0.0,"[100, 100, 300, 300, 300]","[0.005301571453635041, 0.00706791058423872, 0.0, 0.005344331319500629, 0.0]",,0.05035743474139494,0.06650631092647209,5.0,1.96,nan,known-logging,sieve,frozen,neural-fore,known-uniform,0.8,1.0,0.0,0.02,0.0
5000,12285758,1000000,-0.3170054884673674,-0.31389945787358436,-0.3244092038997568,0.00310603059378306,-0.0074037154323893795,0.05124741096678549,-0.4248541293946564,-0.22396427840485725,1.0,0.2008898509897991,0.011011191008127153,0.002425315915397647,0.0030122077115029566,14.880720127507217,19.75412720016418,3276.073124595359,300.0,0.003405986197238607,19.896379267001613,1.0,0.0,nan,nan,2.224,0.041192014630460835,0.20077167521230693,0.2055012934471298,0.0,"[300, 300, 300, 300, 300]","[0.008847652669780966, 0.0, 0.0049018092391317145, 0.003280469077280355, 0.0]",,0.05124741096678549,0.07222923936160229,5.0,1.96,nan,known-logging,sieve,frozen,neural-fore,known-uniform,0.8,1.0,0.0,0.02,0.0
5000,12385761,1000000,-0.3170054884673674,-0.31530840206844696,-0.1987355362918133,0.0016970863989204665,0.11826995217555414,0.04702148077833808,-0.2908976386173559,-0.10657343396627066,0.0,0.18432420465108526,0.007245179553999867,0.002425315915397647,0.0030122077115029566,12.067567422791026,14.322051415540203,3554.3568229837165,180.0,0.005987362028930932,17.155797475198778,1.0,0.0,nan,nan,0.6039999999999999,0.04094540376153346,0.20088383289400844,0.20397231652065187,0.0,"[100, 100, 300, 100, 300]","[0.01658792944565884, 0.007578444791355894, 0.005770435907639921, 0.0, 0.0]",,0.04702148077833808,0.031396121204759375,5.0,1.96,nan,known-logging,sieve,frozen,neural-fore,known-uniform,0.8,1.0,0.0,0.02,0.0
5000,12485764,1000000,-0.3170054884673674,-0.31556254606368717,-0.31726823386517905,0.0014429424036802585,-0.00026274539781162565,0.05021171062294138,-0.4156831866861441,-0.21885328104421395,1.0,0.1968299056419302,0.008472689437559796,0.002425315915397647,0.0030122077115029566,13.20512235249664,17.81155827539721,3398.9492556272617,180.0,0.005910027164125807,16.45304395819985,1.0,0.0,nan,nan,4.401999999999999,0.04019257835153077,0.20498613542938315,0.1961338560261593,0.0,"[100, 300, 100, 300, 100]","[0.004519007988364263, 0.005704334499491452, 0.007854640467936505, 0.00401285887645054, 0.007459293988386274]",,0.05021171062294138,0.03652419788565846,5.0,1.96,nan,known-logging,sieve,frozen,neural-fore,known-uniform,0.8,1.0,0.0,0.02,0.0
5000,12585767,1000000,-0.3170054884673674,-0.3277177693555027,-0.3047428738207637,-0.01071228088813525,0.01226261464660372,0.050317169135829655,-0.40336452532698985,-0.20612122231453758,1.0,0.19724330301245224,0.010162992514882707,0.002425315915397647,0.0030122077115029566,13.722278492821411,15.357320505474442,3351.633252096537,300.0,0.004452407653580663,19.31276739960158,1.0,0.0,nan,nan,6.202,0.03966661844701514,0.20056989876907286,0.19765172687716134,0.0,"[300, 300, 300, 300, 300]","[0.0026439243706545754, 0.0073392121453503215, 0.005496071178503592, 0.00201847710859206, 0.0047643534648027655]",,0.050317169135829655,0.056694463856539694,5.0,1.96,nan,known-logging,sieve,frozen,neural-fore,known-uniform,0.8,1.0,0.0,0.02,0.0
5000,12685770,1000000,-0.3170054884673674,-0.3239837604968177,-0.4171395794190785,-0.006978272029450283,-0.10013409095171105,0.05309543953760823,-0.5212066409127906,-0.31307251792536633,1.0,0.20813412298742426,0.008042824681485938,0.002425315915397647,0.0030122077115029566,12.706024473493652,13.694025582969784,3321.0974925363967,220.0,0.0018945961439756798,16.729535683199355,1.0,0.0,nan,nan,6.4,0.04085386664195138,0.20485408811008282,0.19896413475364083,0.0,"[100, 300, 300, 300, 100]","[0.001814514305668681, 0.0, 0.0, 0.0, 0.007658466414209719]",,0.05309543953760823,0.03215920158635584,5.0,1.96,nan,known-logging,sieve,frozen,neural-fore,known-uniform,0.8,1.0,0.0,0.02,0.0
5000,12785773,1000000,-0.3170054884673674,-0.32929078397729056,-0.3681908967919846,-0.012285295509923133,-0.051185408324617154,0.05088469591517115,-0.46792490078572,-0.26845689279824914,1.0,0.19946800798747089,0.01185384887926461,0.002425315915397647,0.0030122077115029566,12.06611453056112,16.810629041900594,3445.2290287311303,180.0,0.00589775423475142,15.786672900000848,1.0,0.0,nan,nan,6.004,0.039129156133141205,0.19707897009070632,0.19648986709958466,0.0,"[300, 100, 300, 100, 100]","[0.0020999384881213562, 0.0061227210298518756, 0.0021369404000311574, 0.012730840245595785, 0.006398331010156928]",,0.05088469591517115,0.06402667209158003,5.0,1.96,nan,known-logging,sieve,frozen,neural-fore,known-uniform,0.8,1.0,0.0,0.02,0.0
5000,12885776,1000000,-0.3170054884673674,-0.3236654788910699,-0.2928824144186182,-0.0066599904237024665,0.02412307404874925,0.05039749392991505,-0.39166150252125165,-0.19410332631598468,1.0,0.197558176205267,0.007685256320821563,0.002425315915397647,0.0030122077115029566,12.550992639457453,16.928581763604317,3399.901679969622,220.0,0.0023157907682246842,16.4146247081997,1.0,0.0,nan,nan,4.24,0.04007879502598546,0.2010882701596973,0.19935832298675074,0.0,"[100, 300, 300, 100, 300]","[0.005544992130024163, 0.00032465054984158036, 0.0016671824247071736, 0.002167895997065389, 0.0018742327394851174]",,0.05039749392991505,0.03776232835892094,5.0,1.96,nan,known-logging,sieve,frozen,neural-fore,known-uniform,0.8,1.0,0.0,0.02,0.0
5000,12985779,1000000,-0.3170054884673674,-0.3176972603648004,-0.3769295946536044,-0.000691771897432969,-0.059924106186237,0.052546604146292225,-0.4799209387803372,-0.27393825052687165,1.0,0.20598268825346552,0.012037441317683074,0.002425315915397647,0.0030122077115029566,14.686658465234052,21.958980574996897,3285.0193741048156,260.0,0.003293830634505205,18.65644434959977,1.0,0.0,nan,nan,6.202,0.04023090361594937,0.20081257718161177,0.19986499693956894,0.0,"[300, 300, 300, 300, 100]","[0.006065732238082572, 0.0, 0.0017635087233796093, 0.004539580036971289, 0.0041003321740925545]",,0.052546604146292225,0.05190083371844475,5.0,1.96,nan,known-logging,sieve,frozen,neural-fore,known-uniform,0.8,1.0,0.0,0.02,0.0
5000,13085782,1000000,-0.3170054884673674,-0.3094149853760483,-0.39252644491992444,0.007590503091319145,-0.07552095645255702,0.05354154948779456,-0.4974678819160018,-0.2875850079238471,1.0,0.2098828739921547,0.010667897680568333,0.002425315915397647,0.0030122077115029566,14.411160640834954,20.901717504341963,3201.1062335457473,180.0,0.002162643679560144,16.087617808600044,1.0,0.0,nan,nan,6.4,0.039169798311851876,0.19679643412721984,0.1993519773892775,0.0,"[100, 300, 100, 300, 100]","[0.0028400144375109572, 0.0, 0.0035379287043262437, 0.0009191284532382713, 0.0035161468027252486]",,0.05354154948779456,0.04319240332162776,5.0,1.96,nan,known-logging,sieve,frozen,neural-fore,known-uniform,0.8,1.0,0.0,0.02,0.0
5000,13185785,1000000,-0.3170054884673674,-0.3168543389896495,-0.3142930624228622,0.00015114947771793785,0.002712426044505223,0.05157851496803173,-0.4153869517602044,-0.21319917308552,1.0,0.20218777867468438,0.008702148007975313,0.002425315915397647,0.0030122077115029566,13.972913929951552,16.539576653931032,3309.8676754882463,180.0,0.0027936126334979086,15.933071433199803,1.0,0.0,nan,nan,2.602,0.04001123096045128,0.19746600649876447,0.2010141125605766,0.0,"[100, 300, 100, 300, 100]","[0.003734968497345276, 0.0003983833605023244, 0.0026442478156488433, 0.0036335140778277876, 0.0035569494161653108]",,0.05157851496803173,0.03827426688205267,5.0,1.96,nan,known-logging,sieve,frozen,neural-fore,known-uniform,0.8,1.0,0.0,0.02,0.0
5000,13285788,1000000,-0.3170054884673674,-0.3054700195430755,-0.23732754133085163,0.011535468924291914,0.0796779471365158,0.04942007909231185,-0.33419089635178284,-0.1404641863099204,1.0,0.19372671004186245,0.009938219839716931,0.002425315915397647,0.0030122077115029566,12.814348634413138,17.874534079718075,3414.8951189880836,220.0,0.002046596574338899,19.195891924198076,1.0,0.0,nan,nan,2.404,0.04001610694937836,0.2028345677484129,0.19668697043222283,0.0,"[300, 100, 300, 100, 300]","[0.0018181992088575176, 0.0069055040239739815, 0.0015092796388629943, 0.0, 0.0]",,0.04942007909231185,0.037803262495630874,5.0,1.96,nan,known-logging,sieve,frozen,neural-fore,known-uniform,0.8,1.0,0.0,0.02,0.0
5000,13385791,1000000,-0.3170054884673674,-0.32871133270021813,-0.20765176386451517,-0.011705844232850704,0.10935372460285225,0.04642964194920445,-0.2986538620849559,-0.11664966564407445,0.0,0.18200419644088145,0.008725688855900813,0.002425315915397647,0.0030122077115029566,11.23088946773496,12.703357299296622,3571.655026165358,180.0,0.0015201176917695655,18.75025374159959,1.0,0.0,nan,nan,6.4,0.03895287614475344,0.1953658747702824,0.19536356429202287,0.0,"[100, 300, 100, 100, 300]","[0.003036685108105267, 0.0023757404398178678, 0.0009288931000333944, 1.5810519012150395e-05, 0.0012434592918791484]",,0.04642964194920445,0.07431671774312917,5.0,1.96,nan,known-logging,sieve,frozen,neural-fore,known-uniform,0.8,1.0,0.0,0.02,0.0
5000,13485794,1000000,-0.3170054884673674,-0.3012738918255423,-0.2957581680510235,0.015731596641825107,0.021247320416343918,0.04977609239241053,-0.3933193091401481,-0.1981970269618989,1.0,0.19512228217824926,0.01249760410112106,0.002425315915397647,0.0030122077115029566,12.56342538666287,13.381149903993597,3425.1260216155965,180.0,0.002886729472826088,18.51708092499903,1.0,0.0,nan,nan,8.2,0.0417929917892657,0.2020825201921171,0.20612513307490285,0.0,"[300, 100, 300, 100, 100]","[0.001192258974007404, 0.0035610285350154897, 0.00030270705443677593, 0.008206844150678436, 0.0011708086499923347]",,0.04977609239241053,0.026377376971536432,5.0,1.96,nan,known-logging,sieve,frozen,neural-fore,known-uniform,0.8,1.0,0.0,0.02,0.0
5000,13585797,1000000,-0.3170054884673674,-0.3111013111115976,-0.300533282611417,0.005904177355769813,0.01647220585595044,0.050509318861312144,-0.39953154757958875,-0.2015350176432452,1.0,0.1979965299363436,0.009501039830630323,0.002425315915397647,0.0030122077115029566,13.927852521274463,20.227132748453293,3341.467877781375,180.0,0.004331442854216999,19.05370256680253,1.0,0.0,nan,nan,2.206,0.042361614259147515,0.209777990384312,0.20183868201733718,0.0,"[100, 300, 300, 100, 100]","[0.002262571777810178, 0.0010786138116821616, 0.0029912080753427338, 0.009120124455589285, 0.006204696150660635]",,0.050509318861312144,0.036594176940497894,5.0,1.96,nan,known-logging,sieve,frozen,neural-fore,known-uniform,0.8,1.0,0.0,0.02,0.0
5000,13685800,1000000,-0.3170054884673674,-0.3238505096737699,-0.23268021570331476,-0.006845021206402457,0.08432527276405266,0.04914532297081763,-0.32900504872611736,-0.1363553826805122,1.0,0.19264966604560513,0.00684866240207719,0.002425315915397647,0.0030122077115029566,13.576742859331327,19.830221913261155,3422.7563225754393,260.0,0.002399115343717271,19.585491741800798,1.0,0.0,nan,nan,4.2219999999999995,0.040144926416914646,0.19647342482018865,0.20125019619931642,0.0,"[300, 300, 300, 100, 300]","[0.0, 0.0, 0.0004961702240544938, 0.0004981819565382614, 0.0110012245379936]",,0.04914532297081763,0.06411466236707208,5.0,1.96,nan,known-logging,sieve,frozen,neural-fore,known-uniform,0.8,1.0,0.0,0.02,0.0
5000,13785803,1000000,-0.3170054884673674,-0.300153838790777,-0.24239548570525885,0.01685164967659042,0.07461000276210858,0.05046163751728567,-0.34130029523913874,-0.14349067617137895,1.0,0.19780961906775982,0.015528693166857298,0.002425315915397647,0.0030122077115029566,15.051461617901781,21.220944745857565,3277.2032663875657,260.0,0.004546130720670658,18.92620170779992,1.0,0.0,nan,nan,2.602,0.04087818352772538,0.20244822221240083,0.20270314249225868,0.0,"[300, 300, 300, 300, 100]","[0.002729917141909228, 0.0020493952004863323, 0.0, 0.004078460952793723, 0.013872880308164007]",,0.05046163751728567,0.0633883916943455,5.0,1.96,nan,known-logging,sieve,frozen,neural-fore,known-uniform,0.8,1.0,0.0,0.02,0.0
5000,13885806,1000000,-0.3170054884673674,-0.31586490747142887,-0.3481994825776712,0.001140580995938556,-0.03119399411030377,0.05282446979156037,-0.4517354433691295,-0.24466352178621287,1.0,0.20707192158291665,0.00944320727369189,0.002425315915397647,0.0030122077115029566,14.577385812049242,22.70747717024924,3306.830629401146,260.0,0.004333202652575973,19.315008167201448,1.0,0.0,nan,nan,4.204,0.039937348835042845,0.20172501371068638,0.1978121829882164,0.0,"[300, 100, 300, 300, 300]","[0.004392759605045278, 0.009959195402972562, 0.0012004015187233202, 0.0, 0.006113656736138706]",,0.05282446979156037,0.06102553942555229,5.0,1.96,nan,known-logging,sieve,frozen,neural-fore,known-uniform,0.8,1.0,0.0,0.02,0.0
5000,13985809,1000000,-0.3170054884673674,-0.30501329128882043,-0.2800870012391751,0.011992197178546993,0.0369184872281923,0.05068809817103191,-0.3794356736543977,-0.18073832882395258,1.0,0.1986973448304451,0.008294736591356298,0.002425315915397647,0.0030122077115029566,13.708425612963639,22.01777219067876,3351.38588935552,220.0,0.002451450209809724,18.213996233402575,1.0,0.0,nan,nan,4.6,0.03996637470910386,0.1991876164754675,0.20065247926968416,0.0,"[300, 100, 300, 100, 300]","[0.005374735375595965, 0.004855802548159795, 0.0, 0.0020267131252928597, 0.0]",,0.05068809817103191,0.032777410596111285,5.0,1.96,nan,known-logging,sieve,frozen,neural-fore,known-uniform,0.8,1.0,0.0,0.02,0.0
5000,14085812,1000000,-0.3170054884673674,-0.31711463112443716,-0.23428630979854562,-0.00010914265706973847,0.08271917866882181,0.04789010473719665,-0.32815091508345107,-0.1404217045136402,1.0,0.18772921056981084,0.00939242903889014,0.002425315915397647,0.0030122077115029566,13.33503966543784,18.21706518416474,3354.0717199272376,260.0,0.0026999402641968754,19.16548662439818,1.0,0.0,nan,nan,8.002,0.03928668704951088,0.20084826450406115,0.19640330690598112,0.0,"[300, 100, 300, 300, 300]","[0.0, 0.006045403872688906, 0.0030912594783344552, 0.0014076353322192256, 0.002955402637741792]",,0.04789010473719665,0.04222977272829573,5.0,1.96,nan,known-logging,sieve,frozen,neural-fore,known-uniform,0.8,1.0,0.0,0.02,0.0
5000,14185815,1000000,-0.3170054884673674,-0.30903998659021464,-0.35077668766350345,0.00796550187715278,-0.033771199196136026,0.05075885957434507,-0.4502640524292198,-0.2512893228977871,1.0,0.19897472953143266,0.007051989094941978,0.002425315915397647,0.0030122077115029566,13.553989662378353,17.279591299201506,3413.9605524234867,100.0,0.005858431105148683,14.642676275001577,1.0,0.0,nan,nan,0.20800000000000002,0.0400281813130642,0.20398585504438196,0.20012288220446556,0.0,"[100, 100, 100, 100, 100]","[0.00553221702441685, 0.0076965394455485794, 0.0029157787854752273, 0.00046817276158966356, 0.012679447508713096]",,0.05075885957434507,0.020576018648494523,5.0,1.96,nan,known-logging,sieve,frozen,neural-fore,known-uniform,0.8,1.0,0.0,0.02,0.0
5000,14285818,1000000,-0.3170054884673674,-0.3027907328803015,-0.3497888124060175,0.01421475558706592,-0.03278332393865008,0.051695140883298775,-0.4511112885372831,-0.2484663362747519,1.0,0.20264495226253118,0.012601468383078226,0.002425315915397647,0.0030122077115029566,13.762989206421748,16.00528433940392,3342.955502071167,220.0,0.0034145946384430844,18.77152158319732,1.0,0.0,nan,nan,8.2,0.040331538923942804,0.20312282482474445,0.20270687371424723,0.0,"[100, 100, 300, 300, 300]","[0.005371768555005947, 0.008199115762153335, 0.0, 0.0004600799269375501, 0.0030420089481185903]",,0.051695140883298775,0.05875821751845234,5.0,1.96,nan,known-logging,sieve,frozen,neural-fore,known-uniform,0.8,1.0,0.0,0.02,0.0
5000,14385821,1000000,-0.3170054884673674,-0.3193795959919844,-0.4923487901000305,-0.002374107524616975,-0.1753433016326631,0.05515725541058004,-0.6004570107047674,-0.3842405694952936,0.0,0.21621644120947375,0.011448427519441954,0.002425315915397647,0.0030122077115029566,14.736094826902338,21.201459202946246,3215.454608663047,220.0,0.001239525533534095,18.12224381699925,1.0,0.0,nan,nan,0.6039999999999999,0.04005487368127404,0.19831626115562437,0.20369529409344073,0.0,"[100, 100, 300, 300, 300]","[0.0009681644851152146, 0.0036399287905128108, 0.0, 0.0, 0.0015895343920424492]",,0.05515725541058004,0.08087710780632296,5.0,1.96,nan,known-logging,sieve,frozen,neural-fore,known-uniform,0.8,1.0,0.0,0.02,0.0
5000,14485824,1000000,-0.3170054884673674,-0.30945433439974657,-0.2727396530045142,0.007551154067620858,0.04426583546285323,0.05125625786645072,-0.37320191842275763,-0.17227738758627076,1.0,0.20092453083648684,0.011545983376945729,0.002425315915397647,0.0030122077115029566,14.304599626642867,16.3998521224323,3324.1152300611393,260.0,0.00240200780825092,19.43257565839813,1.0,0.0,nan,nan,10.0,0.04034984366946748,0.2024252069911176,0.1986142656611398,0.0,"[300, 300, 100, 300, 300]","[0.0, 0.0020297139454154155, 0.0049383988995564945, 0.005041926196282691, 0.0]",,0.05125625786645072,0.021837205976940607,5.0,1.96,nan,known-logging,sieve,frozen,neural-fore,known-uniform,0.8,1.0,0.0,0.02,0.0
5000,14585827,1000000,-0.3170054884673674,-0.3040442346803043,-0.24186024925581473,0.012961253787063143,0.0751452392115527,0.049624725489646915,-0.3391247112155227,-0.14459578729610678,1.0,0.1945289239194159,0.007192657717991656,0.002425315915397647,0.0030122077115029566,13.432888143561504,16.182020554444726,3386.5525799114494,220.0,0.004492549159228717,19.038622133600438,1.0,0.0,nan,nan,4.6,0.041171272272114624,0.20340014650490001,0.20106199845051703,0.0,"[100, 300, 100, 300, 300]","[0.0026301419969025504, 0.0012659043794060803, 0.006081029104861033, 0.0, 0.012485670314973923]",,0.049624725489646915,0.04330454036307446,5.0,1.96,nan,known-logging,sieve,frozen,neural-fore,known-uniform,0.8,1.0,0.0,0.02,0.0
5000,14685830,1000000,-0.3170054884673674,-0.31307106923001704,-0.24747399046256746,0.003934419237350384,0.06953149800479996,0.0499710385168774,-0.34541722595564717,-0.14953075496948776,1.0,0.19588647098615938,0.010228618308273754,0.002425315915397647,0.0030122077115029566,13.03711866937663,15.305123529461044,3376.775355891485,300.0,0.0019228635790017386,20.852887724999164,1.0,0.0,nan,nan,4.6,0.039217813466999554,0.1984881395710437,0.19856833550963815,0.0,"[300, 300, 300, 300, 300]","[0.0027889253998532497, 0.0, 0.0, 0.004105460773893378, 0.002719931721262065]",,0.0499710385168774,0.05747127255677102,5.0,1.96,nan,known-logging,sieve,frozen,neural-fore,known-uniform,0.8,1.0,0.0,0.02,0.0
5000,14785833,1000000,-0.3170054884673674,-0.30511763962671584,-0.2791784206130631,0.011887848840651583,0.03782706785430434,0.049659745108796255,-0.37651152102630375,-0.1818453201998224,1.0,0.1946662008264813,0.01011002202942466,0.002425315915397647,0.0030122077115029566,12.790009032833153,16.886786385204584,3451.145449187184,140.0,0.006644485786027682,15.9737016079991,1.0,0.0,nan,nan,6.202,0.03974806916658426,0.19710251586833577,0.20000375217996838,0.0,"[100, 100, 100, 100, 300]","[0.0101462014725384, 0.005239233828111251, 0.007582466539679553, 0.00974499215589393, 0.0005095349339152737]",,0.049659745108796255,0.04961710699333431,5.0,1.96,nan,known-logging,sieve,frozen,neural-fore,known-uniform,0.8,1.0,0.0,0.02,0.0
5000,14885836,1000000,-0.3170054884673674,-0.31046678081223206,-0.24648007666645272,0.006538707655135367,0.0705254118009147,0.04920173272870801,-0.3429154728147204,-0.15004468051818504,1.0,0.1928707922965354,0.0096466485212796,0.002425315915397647,0.0030122077115029566,12.68459943186676,13.955438288774431,3449.733171197341,220.0,0.005252394782917451,18.089756924999527,1.0,0.0,nan,nan,0.6039999999999999,0.039375211269699194,0.19510376400161666,0.19726879999808053,0.0,"[100, 100, 300, 300, 300]","[0.01217142878484529, 0.004935935691862846, 0.002261081658037199, 0.006893527779841922, 0.0]",,0.04920173272870801,0.049158535740730785,5.0,1.96,nan,known-logging,sieve,frozen,neural-fore,known-uniform,0.8,1.0,0.0,0.02,0.0
5000,14985839,1000000,-0.3170054884673674,-0.30593062714994235,-0.35311829413868356,0.011074861317425078,-0.03611280567131614,0.05248144558766319,-0.4559819274905034,-0.2502546607868637,1.0,0.2057272667036397,0.00920945974251031,0.002425315915397647,0.0030122077115029566,12.579005167534127,14.402161097918988,3423.198418386838,180.0,0.0037892848291421048,16.268047149800985,1.0,0.0,nan,nan,2.8,0.04076525036565334,0.2058154507640444,0.19910782490428497,0.0,"[100, 100, 100, 300, 300]","[0.0032631053541675925, 0.00426385680234286, 0.008955693741942057, 3.1775414975565724e-05, 0.0024319928322824496]",,0.05248144558766319,0.06706784460119937,5.0,1.96,nan,known-logging,sieve,frozen,neural-fore,known-uniform,0.8,1.0,0.0,0.02,0.0
5000,15085842,1000000,-0.3170054884673674,-0.319243557347241,-0.3356110732342954,-0.0022380688798736004,-0.018605584766927974,0.05147300791064207,-0.43649816873915387,-0.23472397772943693,1.0,0.2017741910097169,0.008904156100807198,0.002425315915397647,0.0030122077115029566,13.287332262020248,14.175963800482803,3350.220339001624,180.0,0.004845597278209672,16.918872608600942,1.0,0.0,nan,nan,6.202,0.04119263186331105,0.2012415881316499,0.20777961836261247,0.0,"[100, 100, 300, 300, 100]","[0.0038245266617820232, 0.006448537423813186, 0.0024869502737639936, 0.0021891883876296245, 0.009278783644059532]",,0.05147300791064207,0.04023098663084539,5.0,1.96,nan,known-logging,sieve,frozen,neural-fore,known-uniform,0.8,1.0,0.0,0.02,0.0
5000,15185845,1000000,-0.3170054884673674,-0.3103326064534321,-0.25421262193438576,0.006672882013935344,0.06279286653298166,0.04858754468355573,-0.349444209514155,-0.15898103435461652,1.0,0.19046317515953845,0.007575492860703308,0.002425315915397647,0.0030122077115029566,12.14282091285984,12.699914729814154,3460.6499371179116,140.0,0.006048066104035634,15.896893816798547,1.0,0.0,nan,nan,6.202,0.03971657473404885,0.1970207405337378,0.20005086139332534,0.0,"[100, 100, 300, 100, 100]","[0.002309825236776075, 0.00308401780999119, 0.0028787338053626707, 0.018575015812600897, 0.0033927378554473326]",,0.04858754468355573,0.040401191246598064,5.0,1.96,nan,known-logging,sieve,frozen,neural-fore,known-uniform,0.8,1.0,0.0,0.02,0.0
5000,15285848,1000000,-0.3170054884673674,-0.3219072599978401,-0.2367320652787192,-0.004901771530472665,0.08027342318864822,0.048084350494951675,-0.3309773922488245,-0.1424867383086139,1.0,0.18849065394021056,0.007051406814058604,0.002425315915397647,0.0030122077115029566,12.854488410224466,15.2347482497056,3480.124329666538,220.0,0.0021883322844350444,18.28477085060149,1.0,0.0,nan,nan,2.206,0.04030555764326675,0.20252338024076155,0.19869719815646553,0.0,"[300, 100, 300, 100, 300]","[0.0, 0.005705302721606907, 0.0, 0.005236358700568315, 0.0]",,0.048084350494951675,0.031235210811631532,5.0,1.96,nan,known-logging,sieve,frozen,neural-fore,known-uniform,0.8,1.0,0.0,0.02,0.0
5000,15385851,1000000,-0.3170054884673674,-0.30602795923328324,-0.284282064123584,0.010977529234084182,0.03272342434378345,0.050430777829595985,-0.3831263886695921,-0.18543773957757587,1.0,0.19768864909201625,0.009457000195302177,0.002425315915397647,0.0030122077115029566,13.287384105770979,14.321794303635397,3365.0893548138406,140.0,0.004284829621321989,15.69235617420054,1.0,0.0,nan,nan,6.202,0.040246470761830556,0.20344736937317082,0.1967988034906724,0.0,"[100, 300, 100, 100, 100]","[0.0002742156099857857, 0.001417402328818786, 0.0032880396930176194, 0.004524608628634796, 0.011919881846152959]",,0.050430777829595985,0.06808098583230769,5.0,1.96,nan,known-logging,sieve,frozen,neural-fore,known-uniform,0.8,1.0,0.0,0.02,0.0
5000,15485854,1000000,-0.3170054884673674,-0.31532441932754457,-0.40938389129986175,0.001681069139822855,-0.09237840283249432,0.05271353508927141,-0.5127024200748337,-0.3060653625248898,1.0,0.2066370575499439,0.007647749833497497,0.002425315915397647,0.0030122077115029566,14.106127325344891,18.052726363087686,3230.993101523225,220.0,0.002060042562249372,17.92439381639779,1.0,0.0,nan,nan,2.602,0.04138092213302167,0.20376929756907955,0.20491673348879935,0.0,"[300, 100, 300, 300, 100]","[0.004824497693050249, 0.0007706496783395401, 0.0, 0.001981374220040689, 0.0027236912198163815]",,0.05271353508927141,0.06032756373657701,5.0,1.96,nan,known-logging,sieve,frozen,neural-fore,known-uniform,0.8,1.0,0.0,0.02,0.0
5000,15585857,1000000,-0.3170054884673674,-0.31070405437275067,-0.3408930876280577,0.0063014340946167535,-0.023887599160690276,0.051217918833313086,-0.44128020854135136,-0.24050596671476404,1.0,0.2007742418265873,0.01190124413206894,0.002425315915397647,0.0030122077115029566,13.148373390098504,18.575395736022347,3391.3611029863314,260.0,0.001989245853265627,18.88279519200223,1.0,0.0,nan,nan,4.401999999999999,0.04055401983840869,0.20301917520729065,0.2007428773173837,0.0,"[300, 300, 100, 300, 300]","[0.0, 0.0, 0.0070863060463846805, 0.0, 0.0028599232199434553]",,0.051217918833313086,0.060085137944962154,5.0,1.96,nan,known-logging,sieve,frozen,neural-fore,known-uniform,0.8,1.0,0.0,0.02,0.0
5000,15685860,1000000,-0.3170054884673674,-0.3066307922043522,-0.3050072788852104,0.010374696263015237,0.011998209582157027,0.050767058468849026,-0.40451071348415446,-0.2055038442862663,1.0,0.19900686919788818,0.008274400808586392,0.002425315915397647,0.0030122077115029566,12.626594381744093,18.2055927561322,3397.8274308822615,180.0,0.00626031175308307,16.700989091201336,1.0,0.0,nan,nan,8.2,0.04088769370048408,0.19833753874134613,0.20501771610778757,0.0,"[100, 100, 300, 300, 100]","[0.008641380642966824, 0.004990206500960114, 0.006927404486308356, 0.0019551445569780503, 0.008787422578202008]",,0.050767058468849026,0.024143376301349787,5.0,1.96,nan,known-logging,sieve,frozen,neural-fore,known-uniform,0.8,1.0,0.0,0.02,0.0
5000,15785863,1000000,-0.3170054884673674,-0.3133880295392425,-0.2564959886008875,0.003617458928124928,0.06050949986647991,0.0491132575022998,-0.3527579733053951,-0.16023400389637993,1.0,0.1925239694090152,0.009052541674147376,0.002425315915397647,0.0030122077115029566,12.750606150543826,18.134570182420877,3407.6700695851196,220.0,0.004123037253772598,17.641306867000093,1.0,0.0,nan,nan,2.404,0.04202531179754856,0.20414836190048197,0.20615920401324872,0.0,"[100, 300, 100, 300, 300]","[0.00650086882083683, 0.0, 0.004649983552703217, 0.0, 0.00946433389532294]",,0.0491132575022998,0.046479388625306275,5.0,1.96,nan,known-logging,sieve,frozen,neural-fore,known-uniform,0.8,1.0,0.0,0.02,0.0
5000,15885866,1000000,-0.3170054884673674,-0.33263869400373497,-0.3518482426845745,-0.015633205536367545,-0.03484275421720706,0.049428366887356016,-0.44872784178379227,-0.2549686435853567,1.0,0.19375919819843557,0.012857905366980952,0.002425315915397647,0.0030122077115029566,12.401831190050844,13.693903188366367,3440.607834488477,180.0,0.004668621966580911,16.24030949140215,1.0,0.0,nan,nan,8.002,0.038178513485327595,0.19198158393661585,0.196902109191762,0.0,"[300, 100, 100, 300, 100]","[0.007333534258594139, 0.006977927778635876, 0.0038966556762168704, 0.0, 0.005134992119457671]",,0.049428366887356016,0.0470191342732293,5.0,1.96,nan,known-logging,sieve,frozen,neural-fore,known-uniform,0.8,1.0,0.0,0.02,0.0
5000,15985869,1000000,-0.3170054884673674,-0.30646228632827016,-0.23737010941352502,0.010543202139097263,0.07963537905384241,0.048485130826054615,-0.33240096583259204,-0.142339252994458,1.0,0.19006171283813408,0.007862218146982935,0.002425315915397647,0.0030122077115029566,13.049411599315887,14.624189841029127,3423.890405898556,220.0,0.0023599654594554558,17.335910666601556,1.0,0.0,nan,nan,0.40599999999999997,0.03988160240424351,0.20109411122278004,0.19681094103033017,0.0,"[300, 300, 100, 100, 300]","[0.0, 0.0040237592822693746, 0.0042278998836250605, 0.0035481681313828443, 0.0]",,0.048485130826054615,0.014027818611874751,5.0,1.96,nan,known-logging,sieve,frozen,neural-fore,known-uniform,0.8,1.0,0.0,0.02,0.0
5000,16085872,1000000,-0.3170054884673674,-0.30084627679555354,-0.24470824528952131,0.01615921167181389,0.07229724317784611,0.048264509173229775,-0.33930668326905167,-0.15010980730999096,1.0,0.1891968759590607,0.009668580726932602,0.002425315915397647,0.0030122077115029566,12.45285465488498,15.630189480754069,3467.304019450001,180.0,0.005386870771679002,16.465722233401173,1.0,0.0,nan,nan,2.4219999999999997,0.040747714739371055,0.20025949502181736,0.20163849963412933,0.0,"[100, 100, 100, 300, 300]","[0.00539792196204508, 0.0053794253698136625, 0.007557065537981703, 0.0, 0.008599940988554568]",,0.048264509173229775,0.03437352703184038,5.0,1.96,nan,known-logging,sieve,frozen,neural-fore,known-uniform,0.8,1.0,0.0,0.02,0.0
5000,16185875,1000000,-0.3170054884673674,-0.3032671584582855,-0.3150882009743767,0.013738330009081923,0.001917287492990749,0.05107870187257325,-0.41520245664462024,-0.2149739453041331,1.0,0.20022851134048714,0.01285944065017708,0.002425315915397647,0.0030122077115029566,13.801204496575695,26.127552530221305,3313.6133575719355,180.0,0.0032036936400685542,16.679992733200198,1.0,0.0,nan,nan,6.4,0.04221414633644455,0.20779011211106785,0.20059504866677963,0.0,"[300, 300, 100, 100, 100]","[0.0, 0.0, 0.003485094576395737, 0.004223733162275855, 0.008309640461671177]",,0.05107870187257325,0.04850078952344669,5.0,1.96,nan,known-logging,sieve,frozen,neural-fore,known-uniform,0.8,1.0,0.0,0.02,0.0
5000,16285878,1000000,-0.3170054884673674,-0.31108209622538135,-0.3322587262920842,0.00592339224198607,-0.01525323782471677,0.0504633706776916,-0.4311669328203597,-0.23335051976380866,1.0,0.19781641305655107,0.009330633889312177,0.002425315915397647,0.0030122077115029566,13.353926268887866,16.87750158280712,3375.269844548958,300.0,0.003844200718082355,19.979363650199957,1.0,0.0,nan,nan,4.42,0.041424971643704324,0.2020717168561436,0.2034823363812146,0.0,"[300, 300, 300, 300, 300]","[0.0, 0.0079144678505286, 0.0, 0.0008655933238374527, 0.01044094241604572]",,0.0504633706776916,0.07986231236405172,5.0,1.96,nan,known-logging,sieve,frozen,neural-fore,known-uniform,0.8,1.0,0.0,0.02,0.0
5000,16385881,1000000,-0.3170054884673674,-0.3105824243795606,-0.30298362674353935,0.006423064087806851,0.014021861723828077,0.05074166701815424,-0.40243729409912166,-0.20352995938795704,1.0,0.19890733471116462,0.01121262801673836,0.002425315915397647,0.0030122077115029566,12.959871511657262,13.942284020942644,3420.133435292999,260.0,0.001448893952317682,18.75104618300029,1.0,0.0,nan,nan,4.402,0.04225180905938737,0.20326352813269946,0.2062262737458233,0.0,"[100, 300, 300, 300, 300]","[0.00724446976158841, 0.0, 0.0, 0.0, 0.0]",,0.05074166701815424,0.05574948340126683,5.0,1.96,nan,known-logging,sieve,frozen,neural-fore,known-uniform,0.8,1.0,0.0,0.02,0.0
5000,16485884,1000000,-0.3170054884673674,-0.31188204740712633,-0.3409339360617713,0.005123441060241096,-0.02392844759440388,0.05125130191521318,-0.44138648781558915,-0.24048138430795346,1.0,0.20090510350763566,0.011112885191479028,0.002425315915397647,0.0030122077115029566,13.521233087594894,19.257008748648513,3348.3811480764025,260.0,0.0037726044693587183,19.062665575199937,0.9999999999999998,0.0,nan,nan,6.202,0.04079767317745071,0.19864192330416378,0.20665339965525123,0.0,"[300, 300, 300, 300, 100]","[0.0, 0.006690426306331057, 0.0, 0.00367694782436576, 0.008495648216096774]",,0.05125130191521318,0.03628890696007797,5.0,1.96,nan,known-logging,sieve,frozen,neural-fore,known-uniform,0.8,1.0,0.0,0.02,0.0
5000,16585887,1000000,-0.3170054884673674,-0.2925962331336512,-0.24948801854865474,0.02440925533371624,0.06751746991871269,0.04878736776519953,-0.3451112593684458,-0.15386477772886367,1.0,0.19124648163958213,0.009193382676164897,0.002425315915397647,0.0030122077115029566,12.891077333735078,19.934517659977743,3417.732168440763,260.0,0.0017305982058822451,19.64378565879815,1.0,0.0,nan,nan,6.0040000000000004,0.0410210749346273,0.20061020242893202,0.20274950586161702,0.0,"[300, 300, 100, 300, 300]","[0.0032833318342815852, 0.0, 0.0, 0.0018476795139544424, 0.003521979681175197]",,0.04878736776519953,0.07631403779200858,5.0,1.96,nan,known-logging,sieve,frozen,neural-fore,known-uniform,0.8,1.0,0.0,0.02,0.0
5000,16685890,1000000,-0.3170054884673674,-0.32288506497370484,-0.2674159619962798,-0.005879576506337414,0.04958952647108761,0.048862398019004834,-0.3631862621135293,-0.17164566187903035,1.0,0.19154060023449895,0.010056530226194967,0.002425315915397647,0.0030122077115029566,11.813857449204313,13.573618447294784,3449.4843901049385,220.0,0.003819342752391601,18.231224941802793,1.0,0.0,nan,nan,2.404,0.04075574694384413,0.19869634285251478,0.2027281351310149,0.0,"[100, 300, 300, 100, 300]","[0.005495249394301193, 0.0006048198733225436, 0.0012607902648760496, 0.005584680910405739, 0.00615117331905248]",,0.048862398019004834,0.045530036269319805,5.0,1.96,nan,known-logging,sieve,frozen,neural-fore,known-uniform,0.8,1.0,0.0,0.02,0.0
5000,16785893,1000000,-0.3170054884673674,-0.30338983729040964,-0.3233708798022852,0.013615651176957788,-0.006365391334917758,0.05144439287634912,-0.42420188983992946,-0.2225398697646409,1.0,0.20166202007528852,0.008762017266691699,0.002425315915397647,0.0030122077115029566,13.186566435649851,14.740027009828603,3321.676619174866,220.0,0.0045419508044670836,17.717263333401206,1.0,0.0,nan,nan,4.204,0.04015545209367108,0.20075545046713178,0.19910110160593614,0.0,"[300, 100, 300, 100, 300]","[0.001666647219428327, 0.0047038953868565065, 0.005039624962698252, 0.008320214157100136, 0.002979372296252196]",,0.05144439287634912,0.0495255529543476,5.0,1.96,nan,known-logging,sieve,frozen,neural-fore,known-uniform,0.8,1.0,0.0,0.02,0.0
5000,16885896,1000000,-0.3170054884673674,-0.31163847655826127,-0.2827695197631373,0.005367011909106156,0.034235968704230124,0.04952349391676117,-0.3798355678399892,-0.18570347168628543,1.0,0.19413209615370378,0.010493469269578396,0.002425315915397647,0.0030122077115029566,12.87661646900206,15.168666240753714,3379.5728500724704,260.0,0.0032038902912678393,20.013784224798293,1.0,0.0,nan,nan,2.8,0.040038518560131305,0.19723392874186438,0.20201986774611322,0.0,"[300, 300, 100, 300, 300]","[0.004515313516921115, 0.0, 0.006996700622167275, 0.0020240658351605816, 0.002483371482090223]",,0.04952349391676117,0.0434744951606369,5.0,1.96,nan,known-logging,sieve,frozen,neural-fore,known-uniform,0.8,1.0,0.0,0.02,0.0
5000,16985899,1000000,-0.3170054884673674,-0.3242246793727021,-0.40417136165065626,-0.0072191909053346826,-0.08716587318328883,0.0531379807607507,-0.5083218039417277,-0.30002091935958486,1.0,0.20830088458214274,0.008280271520265095,0.002425315915397647,0.0030122077115029566,14.055458387551877,17.138598865333687,3350.3610066958145,220.0,0.005232845499926507,18.868610708400958,1.0,0.0,nan,nan,8.002,0.041003877440789455,0.1979851887945306,0.20394070867904932,0.0,"[300, 100, 300, 300, 100]","[0.011575502207569924, 0.010284566630343365, 0.0, 0.0, 0.004304158661719244]",,0.0531379807607507,0.045988542680632565,5.0,1.96,nan,known-logging,sieve,frozen,neural-fore,known-uniform,0.8,1.0,0.0,0.02,0.0
5000,17085902,1000000,-0.3170054884673674,-0.30017022750837447,-0.394693723397405,0.01683526095899296,-0.07768823493003757,0.05373841065664083,-0.500021008284421,-0.28936643851038896,1.0,0.21065456977403205,0.00944101739996333,0.002425315915397647,0.0030122077115029566,13.864282978249092,15.794224737001036,3262.654668127543,180.0,0.0025914699674242183,18.123193766999613,1.0,0.0,nan,nan,2.206,0.03859299763822151,0.19227272675314214,0.19841641215794947,0.0,"[100, 300, 100, 100, 300]","[0.004317786007240369, 0.0003969517634688374, 0.005837528376111702, 0.0009082407828936329, 0.0014968429074065503]",,0.05373841065664083,0.04177871373601716,5.0,1.96,nan,known-logging,sieve,frozen,neural-fore,known-uniform,0.8,1.0,0.0,0.02,0.0
5000,17185905,1000000,-0.3170054884673674,-0.3200017692505425,-0.329551972503834,-0.002996280783175098,-0.012546484036466576,0.0518130753754019,-0.43110560023962174,-0.22799834476804628,1.0,0.20310725547157543,0.010709505555387256,0.002425315915397647,0.0030122077115029566,14.931335677564858,18.66748311364849,3335.2760220463774,300.0,0.0026169679418165553,21.99157883279768,1.0,0.0,nan,nan,6.202,0.03919711542565256,0.1958078777191963,0.1986155217281545,0.0,"[300, 300, 300, 300, 300]","[0.0, 0.005025564335910695, 0.0028065828241728525, 0.002255109073443324, 0.0029975834755559027]",,0.0518130753754019,0.05972555334222288,5.0,1.96,nan,known-logging,sieve,frozen,neural-fore,known-uniform,0.8,1.0,0.0,0.02,0.0
5000,17285908,1000000,-0.3170054884673674,-0.310476482897283,-0.2587999502429492,0.006529005570084401,0.05820553822441821,0.04837917775820331,-0.3536231386490277,-0.16397676183687074,1.0,0.18964637681215696,0.009315829086476051,0.002425315915397647,0.0030122077115029566,12.706856804851315,14.746715653886826,3500.2741915728,180.0,0.0032271345828070105,16.754999500598935,1.0,0.0,nan,nan,4.204,0.040952020242976936,0.2005061565706459,0.2028454177853951,0.0,"[300, 100, 100, 300, 100]","[0.0008735470085354952, 0.00728464983469795, 0.004302126186255816, 0.0, 0.0036753498845457895]",,0.04837917775820331,0.057050622257724684,5.0,1.96,nan,known-logging,sieve,frozen,neural-fore,known-uniform,0.8,1.0,0.0,0.02,0.0
5000,17385911,1000000,-0.3170054884673674,-0.31378904634262933,-0.3256253196816695,0.0032164421247380948,-0.008619831214302098,0.05134160925119989,-0.4262548738140213,-0.22499576554931774,1.0,0.20125910826470356,0.010942902437395898,0.002425315915397647,0.0030122077115029566,13.808837264477722,19.359231968630223,3339.2932280037376,220.0,0.0025984691672385164,17.517294849800965,1.0,0.0,nan,nan,4.204,0.03928347452042548,0.19915763910450107,0.19607065972139623,0.0,"[100, 300, 300, 100, 300]","[0.004506498303209217, 0.0, 0.004822316100596598, 0.0036635314323867677, 0.0]",,0.05134160925119989,0.02799732779751861,5.0,1.96,nan,known-logging,sieve,frozen,neural-fore,known-uniform,0.8,1.0,0.0,0.02,0.0
5000,17485914,1000000,-0.3170054884673674,-0.31741894418506733,-0.29956946413658536,-0.0004134557176999065,0.017436024330782063,0.05026329355854329,-0.3980855195113302,-0.20105340876184052,1.0,0.19703211074948968,0.012209714200257784,0.002425315915397647,0.0030122077115029566,13.48524749713729,15.552535316571324,3368.0390130719034,260.0,0.004493387699280844,19.08250402560152,1.0,0.0,nan,nan,6.004,0.039290411853635174,0.20042798123710237,0.19626370253625539,0.0,"[300, 300, 100, 300, 300]","[0.011559201160700267, 0.0, 0.007534173993242183, 0.0033735633424617673, 0.0]",,0.05026329355854329,0.03433080932665773,5.0,1.96,nan,known-logging,sieve,frozen,neural-fore,known-uniform,0.8,1.0,0.0,0.02,0.0
5000,17585917,1000000,-0.3170054884673674,-0.3119463306106078,-0.3154240005931712,0.005059157856759644,0.001581487874196208,0.052344689023363096,-0.4180195910789629,-0.21282841010737955,1.0,0.20519118097158334,0.008811337566627553,0.002425315915397647,0.0030122077115029566,14.834917093512065,20.341934816041434,3226.7702147308414,180.0,0.005256470836207456,17.00210185820033,1.0,0.0,nan,nan,2.404,0.039976628604579255,0.1978784626983752,0.2022797896042361,0.0,"[300, 100, 100, 300, 100]","[0.00020872543346502293, 0.01041011261808274, 0.003802738316367157, 0.005550895174227065, 0.006309882638895298]",,0.052344689023363096,0.048634991289727196,5.0,1.96,nan,known-logging,sieve,frozen,neural-fore,known-uniform,0.8,1.0,0.0,0.02,0.0
5000,17685920,1000000,-0.3170054884673674,-0.3108440416635854,-0.17025022746087748,0.006161446803782,0.14675526100648995,0.04623084590072966,-0.26086268542630764,-0.07963776949544735,0.0,0.18122491593086026,0.007521467701123072,0.002425315915397647,0.0030122077115029566,12.913030868070221,15.638167646073851,3477.3511771788735,180.0,0.0063730917384613155,16.263011174200074,1.0,0.0,nan,nan,2.206,0.03923416729458328,0.20097079523149705,0.19633544804919284,0.0,"[100, 300, 300, 100, 100]","[0.01705826677122459, 0.005353927670648973, 0.0, 0.0035398624086199278, 0.005913401841813088]",,0.04623084590072966,0.05931769793434197,5.0,1.96,nan,known-logging,sieve,frozen,neural-fore,known-uniform,0.8,1.0,0.0,0.02,0.0
5000,17785923,1000000,-0.3170054884673674,-0.31863505442140433,-0.39484139445489963,-0.0016295659540369045,-0.0778359059875322,0.051671429920307405,-0.4961173970987022,-0.2935653918110971,1.0,0.20255200528760503,0.011304151307485697,0.002425315915397647,0.0030122077115029566,13.462377781344077,17.381065679965104,3351.855700522669,180.0,0.008705653545830692,16.563919266199083,1.0,0.0,nan,nan,4.222,0.04076035225115081,0.20141165787144164,0.2013316823112563,0.0,"[300, 100, 300, 100, 100]","[0.0, 0.004693147442080447, 0.0, 0.03581974062884062, 0.003015379658232394]",,0.051671429920307405,0.03813514149147898,5.0,1.96,nan,known-logging,sieve,frozen,neural-fore,known-uniform,0.8,1.0,0.0,0.02,0.0
5000,17885926,1000000,-0.3170054884673674,-0.3030332714494799,-0.3518081034594375,0.013972217017887534,-0.0348026149920701,0.05182708866852032,-0.45338919724973736,-0.2502270096691377,1.0,0.20316218758059967,0.009870470888064257,0.002425315915397647,0.0030122077115029566,13.971460129923475,19.23560205849949,3258.6458249200405,260.0,0.0008994288561129639,19.050272541999583,1.0,0.0,nan,nan,2.044,0.04109650483679558,0.20319625069726763,0.20158787558052316,0.0,"[100, 300, 300, 300, 300]","[0.0044971442805648194, 0.0, 0.0, 0.0, 0.0]",,0.05182708866852032,0.03916057652187342,5.0,1.96,nan,known-logging,sieve,frozen,neural-fore,known-uniform,0.8,1.0,0.0,0.02,0.0
5000,17985929,1000000,-0.3170054884673674,-0.3086590003490488,-0.3730727650257997,0.008346488118318618,-0.0560672765584323,0.05281479353476146,-0.4765897603539322,-0.26955576969766726,1.0,0.20703399065626493,0.016646459322490953,0.002425315915397647,0.0030122077115029566,13.938971741359795,18.81371541844526,3292.4353960476246,260.0,0.003752285040678862,20.432094375397718,1.0,0.0,nan,nan,2.8,0.040746718572232686,0.1987365627181917,0.2055792636993961,0.0,"[300, 300, 300, 100, 300]","[0.0, 0.004382593945114556, 0.0, 0.006978283757198311, 0.007400547501081444]",,0.05281479353476146,0.032348153262922716,5.0,1.96,nan,known-logging,sieve,frozen,neural-fore,known-uniform,0.8,1.0,0.0,0.02,0.0
5000,18085932,1000000,-0.3170054884673674,-0.3288367199730753,-0.23950577874139817,-0.011831231505707862,0.07749970972596926,0.047940463845324424,-0.33346908787823404,-0.1455424696045623,1.0,0.18792661827367174,0.010674591277106462,0.002425315915397647,0.0030122077115029566,12.090553316605176,15.889627212384354,3503.6103059911734,100.0,0.003416891065945754,14.677156816200295,1.0,0.0,nan,nan,4.402,0.040507601400003264,0.2016616643607722,0.19994212954915716,0.0,"[100, 100, 100, 100, 100]","[0.007950075538159055, 0.0, 0.0058318393529113634, 0.00296212773444878, 0.00034041270420957163]",,0.047940463845324424,0.02095084073418297,5.0,1.96,nan,known-logging,sieve,frozen,neural-fore,known-uniform,0.8,1.0,0.0,0.02,0.0
5000,18185935,1000000,-0.3170054884673674,-0.30268391824893887,-0.3258135387764498,0.014321570218428559,-0.008808050309082383,0.05169375073334003,-0.42713329021379626,-0.22449378733910336,1.0,0.20263950287469293,0.008738704658881184,0.002425315915397647,0.0030122077115029566,14.314526214658294,23.667529155949346,3333.04722310779,220.0,0.007044618498377309,17.44464157539769,1.0,0.0,nan,nan,4.401999999999999,0.0412910945200358,0.19976741284505664,0.2038661473609132,0.0,"[300, 300, 100, 300, 100]","[0.0, 0.007241123252370545, 0.007029657624968927, 0.013205122167424595, 0.007747189447122479]",,0.05169375073334003,0.024397451807399686,5.0,1.96,nan,known-logging,sieve,frozen,neural-fore,known-uniform,0.8,1.0,0.0,0.02,0.0
5000,18285938,1000000,-0.3170054884673674,-0.30608665946255903,-0.3215735453595932,0.010918829004808395,-0.00456805689222578,0.05105195117330531,-0.4216353696592716,-0.2215117210599148,1.0,0.20012364859935683,0.009787732747759325,0.002425315915397647,0.0030122077115029566,12.783992681050677,14.539022339014915,3366.0004591813085,220.0,0.0020229159227912012,18.724451584001507,1.0,0.0,nan,nan,8.002,0.04037286677366707,0.20168010186590896,0.1958380208644869,0.0,"[100, 300, 100, 300, 300]","[0.0, 0.0, 0.007598603355891399, 0.0, 0.0025159762580646066]",,0.05105195117330531,0.04071683388714945,5.0,1.96,nan,known-logging,sieve,frozen,neural-fore,known-uniform,0.8,1.0,0.0,0.02,0.0
5000,18385941,1000000,-0.3170054884673674,-0.30783108804508985,-0.37860723275133135,0.009174400422277573,-0.06160174428396392,0.053561836692813176,-0.48358843266924517,-0.2736260328334175,1.0,0.20996239983582765,0.010277065809071926,0.002425315915397647,0.0030122077115029566,14.105128692447693,16.075825208983233,3273.469813334649,220.0,0.003669874804133562,17.96392502519884,1.0,0.0,nan,nan,4.204000000000001,0.03935267271896251,0.2001764441346245,0.1970586318386311,0.0,"[100, 100, 300, 300, 300]","[0.008593206823704416, 0.00808461699599035, 0.0, 0.00047896334904421313, 0.0011925868519288307]",,0.053561836692813176,0.07861583490330042,5.0,1.96,nan,known-logging,sieve,frozen,neural-fore,known-uniform,0.8,1.0,0.0,0.02,0.0
5000,18485944,1000000,-0.3170054884673674,-0.31374719035689996,-0.3566223795514045,0.0032582981104674613,-0.0396168910840371,0.052705754625421666,-0.459925658617231,-0.25331910048557804,1.0,0.20660655813165293,0.013094003191309489,0.002425315915397647,0.0030122077115029566,13.45219632817432,17.436270204409404,3312.781170916557,220.0,0.004882103752555368,18.512866149998445,1.0000000000000002,0.0,nan,nan,6.202,0.039930104640113026,0.19914363928281836,0.200026162057341,0.0,"[100, 300, 300, 300, 100]","[0.010565115656306152, 0.0, 0.0, 0.004999895392991172, 0.008845507713479518]",,0.052705754625421666,0.10400701096746484,5.0,1.96,nan,known-logging,sieve,frozen,neural-fore,known-uniform,0.8,1.0,0.0,0.02,0.0
5000,18585947,1000000,-0.3170054884673674,-0.2895503754451355,-0.19523422857713468,0.027455113022231914,0.12177125989023274,0.047889921215191825,-0.28909847415891066,-0.10136998299535871,0.0,0.18772849116355195,0.012225683089503217,0.002425315915397647,0.0030122077115029566,12.110273006035124,13.339799924995273,3516.483787150417,220.0,0.003280758145485692,17.56734745000067,1.0,0.0,nan,nan,2.602,0.039780090227102737,0.19738076344640942,0.2020098558237315,0.0,"[100, 300, 100, 300, 300]","[0.0034703438259048648, 0.004551040149897254, 0.004841275768430429, 0.0019198448791691524, 0.00162128610402676]",,0.047889921215191825,0.06128422638818816,5.0,1.96,nan,known-logging,sieve,frozen,neural-fore,known-uniform,0.8,1.0,0.0,0.02,0.0
5000,18685950,1000000,-0.3170054884673674,-0.31014163534280104,-0.22577295791130578,0.006863853124566388,0.09123253055606165,0.04829658783662805,-0.32043427007109676,-0.1311116457515148,1.0,0.18932262431958194,0.009652339800686631,0.002425315915397647,0.0030122077115029566,12.8307838339463,14.97194635975927,3456.9176693821514,140.0,0.003061297241303757,16.016829400399,1.0,0.0,nan,nan,4.2219999999999995,0.0417781755839556,0.20287316341966516,0.2041589046828299,0.0,"[100, 100, 100, 300, 100]","[0.003928989276608859, 0.0032224568084766006, 0.001333732392336469, 0.003086819621145837, 0.0037344881079510194]",,0.04829658783662805,0.04745073918908978,5.0,1.96,nan,known-logging,sieve,frozen,neural-fore,known-uniform,0.8,1.0,0.0,0.02,0.0
5000,18785953,1000000,-0.3170054884673674,-0.3103700255687556,-0.29042175582929186,0.0066354628986118325,0.026583732638075563,0.049882966104357045,-0.38819236939383167,-0.19265114226475205,1.0,0.19554122712907962,0.009668265342943813,0.002425315915397647,0.0030122077115029566,12.894759484712665,15.629060990710595,3369.02533682497,180.0,0.007579490554780528,16.652011991801555,0.9999999999999998,0.0,nan,nan,8.001999999999999,0.04152161954808399,0.20512460127322707,0.2034392867893017,0.0,"[300, 300, 100, 100, 100]","[0.0, 0.010856459926667086, 0.008131115776798033, 0.009991750193100293, 0.008918126877337227]",,0.049882966104357045,0.07153939975386321,5.0,1.96,nan,known-logging,sieve,frozen,neural-fore,known-uniform,0.8,1.0,0.0,0.02,0.0
5000,18885956,1000000,-0.3170054884673674,-0.31398442034951957,-0.3745316834479364,0.0030210681178478582,-0.05752619498056899,0.052596542527209106,-0.47762090680126623,-0.2714424600946066,1.0,0.2061784467066597,0.00907196008844343,0.002425315915397647,0.0030122077115029566,13.456952472047034,15.917427924193388,3353.6616036185824,180.0,0.006103310230819208,17.257964966599683,1.0,0.0,nan,nan,6.202,0.04193338640412102,0.20206260286105082,0.2038356629660032,0.0,"[300, 100, 100, 100, 300]","[0.007133272062793492, 0.006420762678758699, 0.009388206655125329, 0.0052702876533006655, 0.0023040221041178556]",,0.052596542527209106,0.05935403772612455,5.0,1.96,nan,known-logging,sieve,frozen,neural-fore,known-uniform,0.8,1.0,0.0,0.02,0.0
5000,18985959,1000000,-0.3170054884673674,-0.31860079412665143,-0.40070247572241685,-0.0015953056592840076,-0.08369698725504943,0.0534541389213603,-0.5054725880082831,-0.29593236343655066,1.0,0.20954022457173238,0.009295128330580417,0.002425315915397647,0.0030122077115029566,14.258321023790856,21.991618134181945,3266.751147560953,180.0,0.003310164506713199,15.502134525601287,1.0,0.0,nan,nan,2.8,0.04075510313920596,0.2031660189421624,0.20188877886939882,0.0,"[300, 300, 100, 100, 100]","[0.006594101996303347, 0.0, 0.0, 0.006910889982001205, 0.003045830555261444]",,0.0534541389213603,0.04384755612381729,5.0,1.96,nan,known-logging,sieve,frozen,neural-fore,known-uniform,0.8,1.0,0.0,0.02,0.0
5000,19085962,1000000,-0.3170054884673674,-0.32006666143167395,-0.31981336890603135,-0.0030611729643065244,-0.0028078804386639233,0.05093438361047194,-0.41964476078255636,-0.21998197702950634,1.0,0.19966278375305,0.010568848902396361,0.002425315915397647,0.0030122077115029566,13.884049077696544,15.8669749566519,3371.518981574912,180.0,0.0051227951443914175,16.89782830039985,1.0,0.0,nan,nan,6.202,0.04055692178681285,0.20150195648266145,0.2027255830820466,0.0,"[100, 300, 100, 100, 300]","[0.01021971116941047, 0.0, 9.934409443100508e-06, 0.015384330143103518, 0.0]",,0.05093438361047194,0.07469535021080016,5.0,1.96,nan,known-logging,sieve,frozen,neural-fore,known-uniform,0.8,1.0,0.0,0.02,0.0
5000,19185965,1000000,-0.3170054884673674,-0.32484152202656497,-0.3563557549007231,-0.007836033559197542,-0.03935026643335565,0.052575596959971,-0.45940392494226623,-0.2533075848591799,1.0,0.20609634008308633,0.007686861870169856,0.002425315915397647,0.0030122077115029566,13.455157051353398,15.0983850791632,3345.9302214669133,300.0,0.001709992682270543,20.043765849999907,1.0,0.0,nan,nan,4.402,0.04212622903015551,0.2052973550173364,0.20787701624324373,0.0,"[300, 300, 300, 300, 300]","[0.0, 3.353128612625751e-05, 0.006334917686298116, 0.0, 0.00218151443892834]",,0.052575596959971,0.0827479218370117,5.0,1.96,nan,known-logging,sieve,frozen,neural-fore,known-uniform,0.8,1.0,0.0,0.02,0.0
5000,19285968,1000000,-0.3170054884673674,-0.3112833448019223,-0.34376209374797617,0.005722143665445101,-0.026756605280608747,0.05074541495972172,-0.44322310706903073,-0.2443010804269216,1.0,0.19892202664210915,0.008532837960895618,0.002425315915397647,0.0030122077115029566,12.716599816342406,15.862364825748475,3382.749963279545,220.0,0.004711702738797116,18.140546333399833,1.0,0.0,nan,nan,2.4219999999999997,0.04297171786197199,0.20503185606103988,0.2093521787379745,0.0,"[100, 300, 300, 100, 300]","[0.008206218752924842, 0.0, 0.0072959919176053805, 0.008056303023455358, 0.0]",,0.05074541495972172,0.055628361338620994,5.0,1.96,nan,known-logging,sieve,frozen,neural-fore,known-uniform,0.8,1.0,0.0,0.02,0.0
5000,19385971,1000000,-0.3170054884673674,-0.3311707988587849,-0.2845035568186459,-0.014165310391417496,0.032501931648721505,0.04988144068593138,-0.3822711805630714,-0.18673593307422043,1.0,0.195535247488851,0.011383662996180141,0.002425315915397647,0.0030122077115029566,13.265870307556261,19.229960515083075,3409.3035392090646,220.0,0.006643160007262339,17.204639450000105,1.0,0.0,nan,nan,6.220000000000001,0.04000617692974916,0.19935123966020435,0.20140419367433465,0.0,"[300, 100, 300, 100, 300]","[0.00623581834344188, 0.010754842421066337, 0.003827824580560743, 0.0028462999787302475, 0.009551014712512488]",,0.04988144068593138,0.0508760543522166,5.0,1.96,nan,known-logging,sieve,frozen,neural-fore,known-uniform,0.8,1.0,0.0,0.02,0.0
5000,19485974,1000000,-0.3170054884673674,-0.32124277748473573,-0.37393318491843075,-0.004237289017368306,-0.056927696451063325,0.052469879920123655,-0.47677414956187314,-0.27109222027498836,1.0,0.20568192928688472,0.009078568727621942,0.002425315915397647,0.0030122077115029566,13.884597948707093,16.43259461428912,3252.345946741407,180.0,0.005081316412824506,17.492645200400148,1.0,0.0,nan,nan,2.404,0.04000718947802521,0.19496325841815762,0.2067992489611032,0.0,"[300, 100, 100, 300, 100]","[0.0006333681328780784, 0.008105802191672245, 0.003426320058133861, 0.0, 0.013241091681438347]",,0.052469879920123655,0.03323980254335967,5.0,1.96,nan,known-logging,sieve,frozen,neural-fore,known-uniform,0.8,1.0,0.0,0.02,0.0
5000,19585977,1000000,-0.3170054884673674,-0.3055278505951666,-0.32233084910673243,0.011477637872200852,-0.005325360639365007,0.05012910988495697,-0.42058390448124805,-0.22407779373221678,1.0,0.1965061107490313,0.012404414396749998,0.002425315915397647,0.0030122077115029566,11.791504808403221,12.7680908318983,3492.4545726516853,180.0,0.005667828362014999,16.967799816401385,1.0,0.0,nan,nan,6.004,0.04103896417471214,0.20226521564104902,0.2046372095220043,0.0,"[300, 100, 100, 300, 100]","[0.0, 0.0023155748074555754, 0.017758428344422702, 0.0, 0.008265138658196723]",,0.05012910988495697,0.04479158544215787,5.0,1.96,nan,known-logging,sieve,frozen,neural-fore,known-uniform,0.8,1.0,0.0,0.02,0.0
5000,19685980,1000000,-0.3170054884673674,-0.3085734983025534,-0.2745290690883675,0.008431990164814052,0.04247641937899993,0.05026564992354316,-0.3730497429385121,-0.1760083952382229,1.0,0.1970413477002892,0.008344610630607801,0.002425315915397647,0.0030122077115029566,13.739377288564802,16.075445353643694,3390.552717222599,100.0,0.003963084735752878,14.437866025201947,1.0,0.0,nan,nan,8.2,0.039761078166758806,0.1982815511707609,0.20071312738881253,0.0,"[100, 100, 100, 100, 100]","[0.004332203620148979, 0.003692614577510137, 0.0070399526687121555, 0.004750652812393121, 0.0]",,0.05026564992354316,0.029677748513988314,5.0,1.96,nan,known-logging,sieve,frozen,neural-fore,known-uniform,0.8,1.0,0.0,0.02,0.0
5000,19785983,1000000,-0.3170054884673674,-0.31505767495583425,-0.24172744558214881,0.0019478135115331696,0.07527804288521861,0.04869880245790895,-0.3371770983996504,-0.14627779276464725,1.0,0.1908993056350031,0.00891913578254399,0.002425315915397647,0.0030122077115029566,11.97849546300346,14.07161996686084,3441.7831908132034,140.0,0.005864620380824181,14.551338016000226,1.0,0.0,nan,nan,6.202,0.040774562799694755,0.1981199348026968,0.20405317930774633,0.0,"[100, 100, 100, 100, 300]","[0.004795406658765913, 0.0063131071318268265, 0.006379796357391411, 0.004679791707313924, 0.007155000048822833]",,0.04869880245790895,0.030154282440200082,5.0,1.96,nan,known-logging,sieve,frozen,neural-fore,known-uniform,0.8,1.0,0.0,0.02,0.0
5000,19885986,1000000,-0.3170054884673674,-0.32031950143744936,-0.3261256816755174,-0.0033140129700819365,-0.009120193208149996,0.05167664112498173,-0.4274118982804816,-0.22483946507055325,1.0,0.20257243320992838,0.007402693585228883,0.002425315915397647,0.0030122077115029566,13.698971098989468,17.19903166549506,3307.3253374192927,260.0,0.0046418288899803236,19.540769158201147,1.0,0.0,nan,nan,6.202,0.03954182069692748,0.19706958619052792,0.20005695564262424,0.0,"[100, 300, 300, 300, 300]","[0.010636376788151354, 0.0074269213506357595, 0.005145846311114504, 0.0, 0.0]",,0.05167664112498173,0.047678838832560654,5.0,1.96,nan,known-logging,sieve,frozen,neural-fore,known-uniform,0.8,1.0,0.0,0.02,0.0
5000,19985989,1000000,-0.3170054884673674,-0.3163676099466606,-0.3201773936782196,0.0006378785207068471,-0.0031719052108521995,0.05084171956854992,-0.41982716403257747,-0.22052762332386178,1.0,0.1992995407087157,0.009579962129975266,0.002425315915397647,0.0030122077115029566,13.589451608280228,23.49954885907706,3317.7590924812375,180.0,0.005725073919816234,16.74226819160176,1.0,0.0,nan,nan,2.8,0.040260064844498414,0.19963868495950685,0.1996242874647022,0.0,"[300, 100, 300, 100, 100]","[0.006166300687331863, 0.004315094021917047, 0.0, 0.00795224512713394, 0.010191729762698318]",,0.05084171956854992,0.05029571762435443,5.0,1.96,nan,known-logging,sieve,frozen,neural-fore,known-uniform,0.8,1.0,0.0,0.02,0.0
5000,20085992,1000000,-0.3170054884673674,-0.30400791588543996,-0.30735444507557447,0.012997572581927463,0.009651043391792957,0.05009004214538377,-0.4055309276805267,-0.2091779624706223,1.0,0.19635296520990436,0.011955214533302073,0.002425315915397647,0.0030122077115029566,13.216042782434295,14.884018323274983,3322.176440808346,220.0,0.0025258593527220903,17.396870941401723,1.0,0.0,nan,nan,4.006,0.040210353871453275,0.20173968757316424,0.1983577847944409,0.0,"[300, 300, 100, 300, 100]","[0.002297405216795256, 0.0, 0.0047902194527309665, 0.00013858734625263273, 0.005403084747831596]",,0.05009004214538377,0.055099304327362326,5.0,1.96,nan,known-logging,sieve,frozen,neural-fore,known-uniform,0.8,1.0,0.0,0.02,0.0
5000,20185995,1000000,-0.3170054884673674,-0.30573663213071706,-0.3696848250862555,0.011268856336650368,-0.05267933661888807,0.052120760377582294,-0.4718415154263168,-0.2675281347461942,1.0,0.20431338068012259,0.01084580844323912,0.002425315915397647,0.0030122077115029566,13.690310260965395,15.574924114461687,3276.784109932536,300.0,0.0007719316241796583,19.5939664077996,1.0,0.0,nan,nan,6.4,0.04007806600190815,0.1999213174737308,0.19999835808290506,0.0,"[300, 300, 300, 300, 300]","[0.0, 0.0, 0.0, 0.003859658120898291, 0.0]",,0.052120760377582294,0.0343305469396808,5.0,1.96,nan,known-logging,sieve,frozen,neural-fore,known-uniform,0.8,1.0,0.0,0.02,0.0
5000,20285998,1000000,-0.3170054884673674,-0.3122450517087323,-0.3453170935231236,0.004760436758635134,-0.028311605055756195,0.05127968587062269,-0.44582527782954406,-0.24480890921670315,1.0,0.20101636861284095,0.012692302705125665,0.002425315915397647,0.0030122077115029566,13.666957680550551,17.82061304308027,3271.547682699336,300.0,0.00302726469887848,20.20943839159954,1.0,0.0,nan,nan,6.004,0.041440824721978506,0.20378896733478685,0.20335124709373295,0.0,"[300, 300, 300, 300, 300]","[0.0, 0.0003270474519842417, 0.009147153123815121, 0.005662122918593035, 0.0]",,0.05127968587062269,0.048330603104979775,5.0,1.96,nan,known-logging,sieve,frozen,neural-fore,known-uniform,0.8,1.0,0.0,0.02,0.0
5000,20386001,1000000,-0.3170054884673674,-0.30867605230191275,-0.27530675111372055,0.008329436165454673,0.041698737353646875,0.04991456925689835,-0.3731393068572413,-0.1774741953701998,1.0,0.19566511148704152,0.009329715854447748,0.002425315915397647,0.0030122077115029566,13.814696290377812,15.590053092922572,3375.5936771872216,300.0,0.0006747046584686383,20.214108799999668,1.0,0.0,nan,nan,4.006,0.040474527348732595,0.20162592005089303,0.19995150372957415,0.0,"[300, 300, 300, 300, 300]","[5.600372606849622e-05, 0.0, 0.0, 0.003317519566274695, 0.0]",,0.04991456925689835,0.04479963146318167,5.0,1.96,nan,known-logging,sieve,frozen,neural-fore,known-uniform,0.8,1.0,0.0,0.02,0.0
5000,20486004,1000000,-0.3170054884673674,-0.3023977334913253,-0.3058070317374317,0.014607754976042109,0.011198456729935746,0.05070116153418481,-0.4051813083444339,-0.20643275513042947,1.0,0.19874855321400445,0.015067218696928378,0.002425315915397647,0.0030122077115029566,14.19727266592811,18.122937804495855,3308.84511531419,180.0,0.008776638405049688,15.835117041998455,1.0,0.0,nan,nan,2.404,0.03917799688574894,0.19763374163415018,0.1989239365165661,0.0,"[300, 100, 100, 100, 300]","[0.007702009873466791, 0.005558211982052842, 0.005298205698287824, 0.02367908131679919, 0.0016456831546417879]",,0.05070116153418481,0.04211511068273138,5.0,1.96,nan,known-logging,sieve,frozen,neural-fore,known-uniform,0.8,1.0,0.0,0.02,0.0
5000,20586007,1000000,-0.3170054884673674,-0.32183976515219614,-0.3476551270812834,-0.00483427668482872,-0.030649638613915953,0.051858003673136865,-0.4492968142806316,-0.24601343988193514,1.0,0.2032833743986965,0.00721129515661645,0.002425315915397647,0.0030122077115029566,12.906804964303303,14.132792342052458,3373.6730113587155,300.0,0.0025742898690491013,19.681468049600518,1.0,0.0,nan,nan,6.202,0.04090457566805744,0.2059963656211083,0.1984298836735556,0.0,"[300, 300, 300, 300, 300]","[0.0023365701254019944, 0.0, 0.005583358424012573, 0.0022897876017840407, 0.0026617331940468995]",,0.051858003673136865,0.029929271036851335,5.0,1.96,nan,known-logging,sieve,frozen,neural-fore,known-uniform,0.8,1.0,0.0,0.02,0.0
5000,20686010,1000000,-0.3170054884673674,-0.30125971290282616,-0.3090804852994212,0.015745775564541264,0.007925003167946199,0.05119666279289125,-0.40942594437348806,-0.2087350262253544,1.0,0.2006909181481337,0.015371424757014772,0.002425315915397647,0.0030122077115029566,12.604558939354144,15.1401632890459,3358.4515051697617,260.0,0.00015245260037777535,18.69030029200003,1.0,0.0,nan,nan,4.204,0.04205871309971111,0.20499433669405187,0.20471648809537019,0.0,"[300, 100, 300, 300, 300]","[0.0, 0.0007622630018888768, 0.0, 0.0, 0.0]",,0.05119666279289125,0.040455906748679785,5.0,1.96,nan,known-logging,sieve,frozen,neural-fore,known-uniform,0.8,1.0,0.0,0.02,0.0
5000,20786013,1000000,-0.3170054884673674,-0.29475508886820506,-0.2724163914828702,0.022250399599162363,0.0445890969844972,0.04980822508995303,-0.37004051265917814,-0.1747922703065623,1.0,0.19524824235261587,0.00881498197736478,0.002425315915397647,0.0030122077115029566,13.268954909901815,14.964948217251639,3354.6294091197497,220.0,0.003043616925606461,16.876133182401826,1.0,0.0,nan,nan,2.404,0.040263522990464345,0.20586489800406368,0.1950107840576296,0.0,"[100, 300, 100, 300, 300]","[0.0034384693239494254, 0.0023679698063661606, 0.00941164549771672, 0.0, 0.0]",,0.04980822508995303,0.03769275452884511,5.0,1.96,nan,known-logging,sieve,frozen,neural-fore,known-uniform,0.8,1.0,0.0,0.02,0.0
5000,20886016,1000000,-0.3170054884673674,-0.32890938460538527,-0.38837759905817276,-0.011903896138017844,-0.07137211059080534,0.05088511832828528,-0.48811243098161194,-0.2886427671347336,1.0,0.1994696638468783,0.009853591649663514,0.002425315915397647,0.0030122077115029566,11.551867719052147,12.5111731315262,3409.071944261257,140.0,0.004767074251437601,15.099004641400096,1.0,0.0,nan,nan,2.602,0.040764330750078556,0.2015229990119781,0.19967770311819388,0.0,"[100, 300, 100, 100, 100]","[0.00927478462212222, 0.0, 0.005201408143536407, 0.003617611576889007, 0.00574156691464037]",,0.05088511832828528,0.06513945589208059,5.0,1.96,nan,known-logging,sieve,frozen,neural-fore,known-uniform,0.8,1.0,0.0,0.02,0.0
5000,20986019,1000000,-0.3170054884673674,-0.313218164804975,-0.2635628434829005,0.003787323662392428,0.053442644984466936,0.049063355763562584,-0.35972702077948315,-0.16739866618631782,1.0,0.19232835459316533,0.008218092111248054,0.002425315915397647,0.0030122077115029566,12.354095935632419,14.542277496498423,3392.4896895722,300.0,0.0013262810562340234,19.242128666399367,1.0,0.0,nan,nan,4.2219999999999995,0.03939503880601471,0.1940112518075437,0.20101627743843312,0.0,"[300, 300, 300, 300, 300]","[0.0, 0.0, 0.0, 0.004364133838445778, 0.0022672714427243385]",,0.049063355763562584,0.02739916662463881,5.0,1.96,nan,known-logging,sieve,frozen,neural-fore,known-uniform,0.8,1.0,0.0,0.02,0.0
5000,21086022,1000000,-0.3170054884673674,-0.31458113053251435,-0.3002969161658394,0.002424357934853072,0.016708572301528002,0.05077484614356079,-0.3998156146072186,-0.20077821772446028,1.0,0.1990373968827583,0.007412939201123177,0.002425315915397647,0.0030122077115029566,13.09826519310218,16.981971480809634,3381.1557704556117,220.0,0.004310820529224842,16.958602867200533,1.0,0.0,nan,nan,2.602,0.03989241337955256,0.2017663388453023,0.19589700819103767,0.0,"[100, 300, 300, 300, 100]","[0.003719853683767814, 0.0017405039510331156, 0.0017864847585209627, 0.00620012985401459, 0.008107130398787726]",,0.05077484614356079,0.02407602388311012,5.0,1.96,nan,known-logging,sieve,frozen,neural-fore,known-uniform,0.8,1.0,0.0,0.02,0.0
5000,21186025,1000000,-0.3170054884673674,-0.3121846288999951,-0.2907950331702683,0.0048208595673723265,0.026210455297099144,0.04999440987344625,-0.3887840765222229,-0.19280598981831365,1.0,0.1959780867039093,0.015164542732257754,0.002425315915397647,0.0030122077115029566,13.180332002743738,15.399207735518473,3369.530572287331,220.0,0.0056558550522421815,17.436962967000728,1.0,0.0,nan,nan,2.8,0.04031907843046388,0.2024362897600099,0.19854663485218385,0.0,"[300, 100, 100, 300, 300]","[0.0009417504740192927, 0.011184120817133481, 0.008419167865262594, 0.0, 0.0077342361047955405]",,0.04999440987344625,0.07223940407301363,5.0,1.96,nan,known-logging,sieve,frozen,neural-fore,known-uniform,0.8,1.0,0.0,0.02,0.0
5000,21286028,1000000,-0.3170054884673674,-0.30178340934920134,-0.29168658791091423,0.015222079118166087,0.025318900556453194,0.050223568851302816,-0.3901247828594677,-0.1932483929623607,1.0,0.19687638989710704,0.011935246222007995,0.002425315915397647,0.0030122077115029566,13.004441132261858,15.657926943959794,3334.8472263172066,260.0,0.0022050380581470777,19.287509225397663,1.0,0.0,nan,nan,4.401999999999999,0.03941487215000167,0.19726760195733611,0.20163227731215083,0.0,"[100, 300, 300, 300, 300]","[0.003681049155432349, 0.0, 0.0, 0.007344141135303038, 0.0]",,0.050223568851302816,0.022440694488614403,5.0,1.96,nan,known-logging,sieve,frozen,neural-fore,known-uniform,0.8,1.0,0.0,0.02,0.0
5000,21386031,1000000,-0.3170054884673674,-0.3057127135053911,-0.3566539583946036,0.011292774961976337,-0.039648469927236196,0.05129469601680647,-0.4571915625875443,-0.25611635420166295,1.0,0.20107520838588133,0.0081578381598648,0.002425315915397647,0.0030122077115029566,12.663621149898287,14.871146292461493,3439.748024937508,140.0,0.00590931528106263,14.761920849999296,1.0,0.0,nan,nan,4.401999999999999,0.04051699892931349,0.20055812383236585,0.20046610589993027,0.0,"[100, 100, 100, 300, 100]","[0.004637006677842094, 0.0020984291543234604, 0.007553662127912435, 0.0038902646580711605, 0.011367213787163998]",,0.05129469601680647,0.013361528682789161,5.0,1.96,nan,known-logging,sieve,frozen,neural-fore,known-uniform,0.8,1.0,0.0,0.02,0.0
5000,21486034,1000000,-0.3170054884673674,-0.3005568780836039,-0.320779784028112,0.01644861038376355,-0.0037742955607446005,0.05151932077341399,-0.42175765274400345,-0.2198019153122206,1.0,0.20195573743178286,0.012075280938355939,0.002425315915397647,0.0030122077115029566,13.141983956281008,15.141229129434107,3387.336698924265,260.0,0.002275902206891671,17.456206657999427,1.0,0.0,nan,nan,2.008,0.040866731932110476,0.2016527718992145,0.2039170808998964,0.0,"[300, 300, 100, 300, 300]","[0.005858803806259989, 0.0028021531973152244, 0.002718554030883143, 0.0, 0.0]",,0.05151932077341399,0.03392558763946215,5.0,1.96,nan,known-logging,sieve,frozen,neural-fore,known-uniform,0.8,1.0,0.0,0.02,0.0
5000,21586037,1000000,-0.3170054884673674,-0.31609278587378087,-0.4843186419707092,0.0009127025935865563,-0.16731315350334175,0.05623733605841475,-0.5945438206452021,-0.3740934632962163,0.0,0.22045035734898583,0.013322582033601484,0.002425315915397647,0.0030122077115029566,16.09229493929521,20.372451512537364,3193.1164605928916,220.0,0.004377245517190455,17.318576533396843,1.0,0.0,nan,nan,2.206,0.04098562254333515,0.2069788615812466,0.19948020050529566,0.0,"[300, 300, 300, 100, 100]","[0.0042933070805932175, 0.003157679838643449, 0.0002771657300800832, 0.009963215013597955, 0.0041948599230375696]",,0.05623733605841475,0.06821637305808953,5.0,1.96,nan,known-logging,sieve,frozen,neural-fore,known-uniform,0.8,1.0,0.0,0.02,0.0
5000,21686040,1000000,-0.3170054884673674,-0.3078865641401181,-0.33976672002019714,0.009118924327249311,-0.02276123155282972,0.05308511878032984,-0.44381355282964363,-0.23571988721075066,1.0,0.20809366561889298,0.008457747717247582,0.002425315915397647,0.0030122077115029566,14.249143629842445,18.20974595975796,3280.6475109593403,260.0,0.0018939921809064393,18.944104491802864,1.0,0.0,nan,nan,6.202,0.040568646695343796,0.20196743195973382,0.20101084578139083,0.0,"[300, 300, 300, 100, 300]","[0.0034640166042448368, 0.0, 0.001540924425914198, 0.004465019874373162, 0.0]",,0.05308511878032984,0.04910611657149935,5.0,1.96,nan,known-logging,sieve,frozen,neural-fore,known-uniform,0.8,1.0,0.0,0.02,0.0
5000,21786043,1000000,-0.3170054884673674,-0.30093481469481576,-0.28242634391460814,0.01607067377255167,0.03457914455275929,0.05078334794029859,-0.38196170587759337,-0.1828909819516229,1.0,0.19907072392597047,0.008071932234837839,0.002425315915397647,0.0030122077115029566,14.015530160897203,16.912145957163165,3363.443893703466,220.0,0.0039004067884364094,17.207288316399353,1.0,0.0,nan,nan,4.402,0.04100942786158406,0.2052801303715352,0.19842614804512734,0.0,"[300, 100, 100, 300, 300]","[0.0030676200736267597, 0.00596557748034681, 0.005488424835015762, 0.002846112808348446, 0.00213429874484427]",,0.05078334794029859,0.028196792142827932,5.0,1.96,nan,known-logging,sieve,frozen,neural-fore,known-uniform,0.8,1.0,0.0,0.02,0.0
5000,21886046,1000000,-0.3170054884673674,-0.31041773804514433,-0.3009151247749249,0.006587750422223093,0.016090363692442544,0.05023675275384254,-0.3993791601724562,-0.2024510893773935,1.0,0.19692807079506275,0.011833704739701275,0.002425315915397647,0.0030122077115029566,13.5709578174646,16.820460162810544,3432.791991244009,220.0,0.005026659418683485,17.19147894159905,1.0,0.0,nan,nan,2.4219999999999997,0.0407825420456589,0.2020850259721227,0.19982588715393498,0.0,"[300, 300, 100, 300, 100]","[0.001603966351004852, 0.0, 0.013026077291786009, 0.003784074642976525, 0.006719178807650036]",,0.05023675275384254,0.04582494135681691,5.0,1.96,nan,known-logging,sieve,frozen,neural-fore,known-uniform,0.8,1.0,0.0,0.02,0.0
5000,21986049,1000000,-0.3170054884673674,-0.30509092576803676,-0.18590872972010083,0.011914562699330666,0.1310967587472666,0.047434280651175956,-0.2788799197964057,-0.09293753964379596,0.0,0.18594238015260975,0.005709175290591035,0.002425315915397647,0.0030122077115029566,13.416497484855581,18.617604405945492,3415.185744546818,260.0,0.003288197504268016,18.979591217000415,1.0,0.0,nan,nan,2.602,0.041019175413277084,0.20396302682506243,0.20091673896061885,0.0,"[100, 300, 300, 300, 300]","[0.006559896426016588, 0.003447566569383032, 0.006433524525940457, 0.0, 0.0]",,0.047434280651175956,0.04137415627590606,5.0,1.96,nan,known-logging,sieve,frozen,neural-fore,known-uniform,0.8,1.0,0.0,0.02,0.0
5000,22086052,1000000,-0.3170054884673674,-0.29547300735439747,-0.3191559648836221,0.02153248111296996,-0.002150476416254654,0.05232313152466176,-0.4217093026719591,-0.21660262709528505,1.0,0.20510667557667409,0.01250878389647051,0.002425315915397647,0.0030122077115029566,12.989547032065813,15.222078408824842,3325.9398575823875,180.0,0.0011069112667852926,16.610357999601547,1.0,0.0,nan,nan,4.204000000000001,0.04217852545261722,0.20155577475537667,0.20922454115146943,0.0,"[100, 300, 100, 100, 300]","[0.005534556333926462, 0.0, 0.0, 0.0, 0.0]",,0.05232313152466176,0.01684374734743144,5.0,1.96,nan,known-logging,sieve,frozen,neural-fore,known-uniform,0.8,1.0,0.0,0.02,0.0
5000,22186055,1000000,-0.3170054884673674,-0.29959940927022255,-0.24875850029192234,0.017406079197144875,0.06824698817544508,0.049056038337895326,-0.3449083354341972,-0.1526086651496475,1.0,0.19229967028454967,0.010843369942675369,0.002425315915397647,0.0030122077115029566,11.916588278666316,14.283429239434115,3462.322108258893,220.0,0.004534808016203769,18.110138333199576,1.0,0.0,nan,nan,2.2239999999999998,0.040319844668728635,0.19930461021708665,0.20289826053534504,0.0,"[300, 300, 300, 100, 100]","[0.003292586652023181, 0.006619644568710826, 0.002010296122191541, 0.005004858191552109, 0.0057466545465411885]",,0.049056038337895326,0.023818517296673454,5.0,1.96,nan,known-logging,sieve,frozen,neural-fore,known-uniform,0.8,1.0,0.0,0.02,0.0
5000,22286058,1000000,-0.3170054884673674,-0.29948532163861974,-0.28373257152585973,0.017520166828747685,0.03327291694150769,0.04964525543556805,-0.3810372721795731,-0.18642787087214635,1.0,0.19460940130742677,0.007381716248947738,0.002425315915397647,0.0030122077115029566,12.83075145691466,15.61402745838128,3400.5158511797717,260.0,0.003381669923473188,18.05523790820007,1.0,0.0,nan,nan,4.204,0.04162448030404561,0.208394382801152,0.20132169884285567,0.0,"[100, 300, 300, 300, 300]","[0.003267789079530606, 0.008930970059511361, 0.00014028436629167734, 0.004569306112032294, 0.0]",,0.04964525543556805,0.03416786682155915,5.0,1.96,nan,known-logging,sieve,frozen,neural-fore,known-uniform,0.8,1.0,0.0,0.02,0.0
5000,22386061,1000000,-0.3170054884673674,-0.3134112664330777,-0.34329096114822893,0.003594222034289718,-0.02628547268086151,0.05055118088441317,-0.4423712756816788,-0.24421064661477912,1.0,0.19816062906689963,0.008665479087090687,0.002425315915397647,0.0030122077115029566,12.561655812873845,13.990047638648127,3369.302226797595,220.0,0.0031886579292676243,17.817078900000343,1.0,0.0,nan,nan,6.0040000000000004,0.0395220844679608,0.19917443935118825,0.20080415503534085,0.0,"[300, 300, 300, 100, 100]","[0.0019405035450868306, 0.0030557982036614945, 0.0054292415866929915, 0.004003721947241435, 0.00151402436365537]",,0.05055118088441317,0.0750141880606786,5.0,1.96,nan,known-logging,sieve,frozen,neural-fore,known-uniform,0.8,1.0,0.0,0.02,0.0
5000,22486064,1000000,-0.3170054884673674,-0.30896853704380994,-0.37113090079734157,0.008036951423557481,-0.05412541232997414,0.052544170256615744,-0.4741174745003084,-0.26814432709437475,1.0,0.2059731474059337,0.00794471564753758,0.002425315915397647,0.0030122077115029566,12.263728074502499,16.13158736388479,3380.176555357449,260.0,0.0019688411240422845,18.887809642199137,1.0,0.0,nan,nan,2.404,0.040298917227352474,0.20407675039909612,0.19912072302809292,0.0,"[100, 300, 300, 300, 300]","[0.0006626396989100662, 0.004394779067857386, 0.00016555672831304914, 0.003993600408689941, 0.0006276297164409797]",,0.052544170256615744,0.09938527652263851,5.0,1.96,nan,known-logging,sieve,frozen,neural-fore,known-uniform,0.8,1.0,0.0,0.02,0.0
5000,22586067,1000000,-0.3170054884673674,-0.31386228856980436,-0.32483073039015153,0.003143199897563065,-0.00782524192278411,0.0511940250381854,-0.4251710194649949,-0.22449044131530815,1.0,0.2006805781496868,0.009075484631620409,0.002425315915397647,0.0030122077115029566,14.19835021077223,14.999236845405605,3305.712245495459,220.0,0.005907373568796873,17.8245188913992,1.0,0.0,nan,nan,4.2219999999999995,0.03901469943366607,0.19903898236129874,0.19496467085320907,0.0,"[100, 300, 300, 100, 300]","[0.007871867863370298, 0.0005044612995276192, 0.0030577174144638493, 0.0181028212666226, 0.0]",,0.0511940250381854,0.039588498096030746,5.0,1.96,nan,known-logging,sieve,frozen,neural-fore,known-uniform,0.8,1.0,0.0,0.02,0.0
5000,22686070,1000000,-0.3170054884673674,-0.31107305725726636,-0.3341619045186301,0.0059324312101010634,-0.01715641605126267,0.050935044094430774,-0.4339945909437144,-0.2343292180935458,1.0,0.19966537285016864,0.009231447035491069,0.002425315915397647,0.0030122077115029566,12.762886209178857,13.861034123280914,3446.460432305202,140.0,0.006444997709305703,14.321660991800309,1.0,0.0,nan,nan,6.4,0.03984201840219638,0.19818616268084616,0.19984221490590198,0.0,"[300, 100, 100, 100, 100]","[0.010128351731340874, 0.007670166578484573, 0.004088131824462361, 0.0059379177771024735, 0.00440042063513823]",,0.050935044094430774,0.07412827323037911,5.0,1.96,nan,known-logging,sieve,frozen,neural-fore,known-uniform,0.8,1.0,0.0,0.02,0.0
5000,22786073,1000000,-0.3170054884673674,-0.3158948886820342,-0.3444489264334695,0.0011105997853332328,-0.027443437966102102,0.05126208659147179,-0.44492261615275425,-0.2439752367141848,1.0,0.2009473794385694,0.010477229951854072,0.002425315915397647,0.0030122077115029566,12.591304444161821,15.563176567316551,3363.585198064992,220.0,0.005254149173711416,17.628340117000334,1.0,0.0,nan,nan,6.4,0.04099783423627388,0.20290232058578656,0.20215193465170778,0.0,"[100, 300, 300, 100, 300]","[0.007413472562663421, 0.0060485246214544075, 0.0, 0.007693578773909724, 0.0051151699105295295]",,0.05126208659147179,0.019236580544118788,5.0,1.96,nan,known-logging,sieve,frozen,neural-fore,known-uniform,0.8,1.0,0.0,0.02,0.0
5000,22886076,1000000,-0.3170054884673674,-0.32275889846200273,-0.3348038433061597,-0.005753409994635306,-0.017798354838792274,0.05151338262974329,-0.4357700732604565,-0.23383761335186287,1.0,0.20193245990859368,0.010950082418751355,0.002425315915397647,0.0030122077115029566,13.20760035026497,15.435584683678176,3332.4045760356735,220.0,0.0016128085370160645,18.34134275000033,1.0,0.0,nan,nan,2.62,0.04038511950289533,0.1984335307676341,0.20254590757932361,0.0,"[300, 100, 300, 100, 300]","[0.001858742553610293, 0.003216007310143648, 0.002989292821326381, 0.0, 0.0]",,0.05151338262974329,0.03514392817831614,5.0,1.96,nan,known-logging,sieve,frozen,neural-fore,known-uniform,0.8,1.0,0.0,0.02,0.0
5000,22986079,1000000,-0.3170054884673674,-0.2972144515185151,-0.31786312413650486,0.019791036948852314,-0.0008576356691374354,0.05202664457050521,-0.4198353474946951,-0.21589090077831463,1.0,0.20394444671638043,0.008633918444027477,0.002425315915397647,0.0030122077115029566,13.618362058864594,15.361515646896123,3329.7305524518,220.0,0.007500550260455383,17.884147858597863,1.0,0.0,nan,nan,4.6,0.04154107537282841,0.20258479672277385,0.20493678126037382,0.0,"[300, 100, 100, 300, 300]","[0.0006849446894413616, 0.005682076545147794, 0.02433606271928014, 0.0, 0.0067996673484076176]",,0.05202664457050521,0.06284363606985562,5.0,1.96,nan,known-logging,sieve,frozen,neural-fore,known-uniform,0.8,1.0,0.0,0.02,0.0
5000,23086082,1000000,-0.3170054884673674,-0.30601312937346165,-0.26684443700890187,0.01099235909390578,0.050161051458465555,0.04956450623431082,-0.36399086922815105,-0.16969800478965266,1.0,0.1942928644384984,0.006909507888393188,0.002425315915397647,0.0030122077115029566,12.942488235086259,14.224362749109016,3382.7421774576837,260.0,0.002677592266128148,18.396232174798932,1.0,0.0,nan,nan,2.602,0.04174062891805095,0.20795621386766397,0.19931771113930483,0.0,"[300, 300, 100, 300, 300]","[0.0028275764234644086, 0.00017012894973381755, 0.0047132019185159805, 0.005677054038926534, 0.0]",,0.04956450623431082,0.011772454127035993,5.0,1.96,nan,known-logging,sieve,frozen,neural-fore,known-uniform,0.8,1.0,0.0,0.02,0.0
5000,23186085,1000000,-0.3170054884673674,-0.3212368401424627,-0.3711831326506681,-0.004231351675095252,-0.05417764418330068,0.052422981122999486,-0.4739321756517471,-0.2684340896495891,1.0,0.205498086002158,0.008734956616224332,0.002425315915397647,0.0030122077115029566,13.965533563072427,17.224401799495038,3311.785470585603,260.0,0.0024053630361196496,18.756825058600953,1.0,0.0,nan,nan,4.402,0.039870214031402874,0.1993813819358685,0.20039294505607827,0.0,"[300, 100, 300, 300, 300]","[0.0, 0.006242842001772582, 0.005783973178825665, 0.0, 0.0]",,0.052422981122999486,0.019016242480594543,5.0,1.96,nan,known-logging,sieve,frozen,neural-fore,known-uniform,0.8,1.0,0.0,0.02,0.0
5000,23286088,1000000,-0.3170054884673674,-0.3028871271060456,-0.2992491766143587,0.01411836136132183,0.017756311853008744,0.05044775341989394,-0.3981267733173508,-0.20037157991136656,1.0,0.19775519340598424,0.014843394632978337,0.002425315915397647,0.0030122077115029566,13.195330525373773,18.321454966355923,3322.860504510446,300.0,0.00492001014894204,21.257201708598586,1.0,0.0,nan,nan,6.202,0.040639354644992985,0.19951416666853486,0.2019238171965445,0.0,"[300, 300, 300, 300, 300]","[0.006167820411944827, 0.013536999328535922, 0.0, 0.0011468312510290778, 0.003748399753200372]",,0.05044775341989394,0.042966829608357945,5.0,1.96,nan,known-logging,sieve,frozen,neural-fore,known-uniform,0.8,1.0,0.0,0.02,0.0
5000,23386091,1000000,-0.3170054884673674,-0.3033893713112174,-0.2829068377637371,0.01361611715615002,0.03409865070363033,0.05028453224670971,-0.3814645209672881,-0.18434915456018608,1.0,0.19711536640710206,0.008381556611178745,0.002425315915397647,0.0030122077115029566,12.634331960028167,13.991513913056526,3386.267159283367,220.0,0.004696609294853486,17.943378992000362,1.0,0.0,nan,nan,6.004,0.04159329110855743,0.20223831925184807,0.20474303338973282,0.0,"[300, 100, 300, 300, 100]","[0.005923807938125819, 0.007435537857138712, 0.0, 0.004108434448240723, 0.00601526623076218]",,0.05028453224670971,0.060555358723407095,5.0,1.96,nan,known-logging,sieve,frozen,neural-fore,known-uniform,0.8,1.0,0.0,0.02,0.0
5000,23486094,1000000,-0.3170054884673674,-0.3099183631664437,-0.3536846949639484,0.007087125300923702,-0.03667920649658096,0.051639644535635666,-0.4548983982537943,-0.2524709916741025,1.0,0.2024274065796918,0.010653160182493947,0.002425315915397647,0.0030122077115029566,13.43595926274299,14.783709000076486,3344.916402905138,260.0,0.0040212477162785525,18.28558039139971,1.0,0.0,nan,nan,2.602,0.041475106394859705,0.20697919217278046,0.20365613283713077,0.0,"[300, 300, 300, 100, 300]","[0.003409692980611874, 0.0, 0.0077624519626031795, 0.006408051963250528, 0.002526041674927179]",,0.051639644535635666,0.04588140875077279,5.0,1.96,nan,known-logging,sieve,frozen,neural-fore,known-uniform,0.8,1.0,0.0,0.02,0.0
5000,23586097,1000000,-0.3170054884673674,-0.3130382360713611,-0.3444170078468454,0.0039672523960063155,-0.027411519379478,0.05151591306107944,-0.4453881974465611,-0.24344581824712974,1.0,0.2019423791994314,0.01049060350231758,0.002425315915397647,0.0030122077115029566,13.842943912955329,18.094426782910492,3258.3935747563364,220.0,0.004559713711205356,17.61764656680025,0.9999999999999998,0.0,nan,nan,4.204000000000001,0.04110685465373321,0.2027345458794632,0.2014404698491865,0.0,"[300, 100, 300, 100, 300]","[0.0, 0.010968976917256314, 0.007119185603207815, 0.0, 0.004710406035562649]",,0.05151591306107944,0.03479560909298268,5.0,1.96,nan,known-logging,sieve,frozen,neural-fore,known-uniform,0.8,1.0,0.0,0.02,0.0
5000,23686100,1000000,-0.3170054884673674,-0.3133044635911025,-0.3407262360595765,0.0037010248762649467,-0.0237207475922091,0.051626146595845926,-0.4419134833874345,-0.23953898873171853,1.0,0.20237449465571603,0.007682459994114477,0.002425315915397647,0.0030122077115029566,12.875503260689857,16.489635245310506,3396.4121651608552,220.0,0.0029377739558321186,17.308394316601333,1.0,0.0,nan,nan,2.602,0.040516094475623245,0.2028752595326729,0.200709088381468,0.0,"[300, 100, 300, 300, 100]","[0.0018568836835728398, 0.006758526576629551, 0.003043768541487122, 0.0, 0.0030296909774710813]",,0.051626146595845926,0.048301028022552345,5.0,1.96,nan,known-logging,sieve,frozen,neural-fore,known-uniform,0.8,1.0,0.0,0.02,0.0
5000,23786103,1000000,-0.3170054884673674,-0.31988042955142537,-0.3701219903784482,-0.002874941084057947,-0.05311650191108075,0.05161508630422463,-0.47128755953472845,-0.2689564212221679,1.0,0.20233113831256055,0.009355310963860688,0.002425315915397647,0.0030122077115029566,13.130857529462586,15.466672283193754,3380.7313925864014,220.0,0.005548109764949657,17.7895574244023,0.9999999999999998,0.0,nan,nan,6.004,0.04056132432825154,0.1968479470434764,0.20624155693306134,0.0,"[300, 300, 100, 300, 100]","[0.0, 0.008493321495359068, 0.006571780509364273, 0.005651846795816892, 0.007023600024208059]",,0.05161508630422463,0.04459739307436815,5.0,1.96,nan,known-logging,sieve,frozen,neural-fore,known-uniform,0.8,1.0,0.0,0.02,0.0
5000,23886106,1000000,-0.3170054884673674,-0.31090932507109054,-0.30950551052694864,0.006096163396276888,0.007499977940418789,0.050281424641350755,-0.4080571028239961,-0.21095391822990117,1.0,0.19710318459409495,0.011145241215817656,0.002425315915397647,0.0030122077115029566,12.324529672293812,14.784992173341177,3360.236388005954,140.0,0.0032642413327172264,14.972204499998771,1.0,0.0,nan,nan,4.42,0.041235876298265806,0.20339724136547965,0.20359062792784544,0.0,"[100, 300, 100, 100, 100]","[0.006552111405829604, 0.0, 0.001945520783153032, 0.005043215547073752, 0.0027803589275297433]",,0.050281424641350755,0.02812096131519459,5.0,1.96,nan,known-logging,sieve,frozen,neural-fore,known-uniform,0.8,1.0,0.0,0.02,0.0
5000,23986109,1000000,-0.3170054884673674,-0.2972808596730043,-0.26966334450528795,0.019724628794363097,0.047342143962079475,0.04910495962320114,-0.36590906536676215,-0.17341762364381372,1.0,0.19249144172294846,0.008935691043672003,0.002425315915397647,0.0030122077115029566,11.691954507482459,13.745100215217235,3494.096093644599,140.0,0.002982901710238061,15.88181917519978,1.0,0.0,nan,nan,2.602,0.04057437094915191,0.20171284635191147,0.20301133808092717,0.0,"[100, 100, 300, 100, 100]","[0.0024043618896017072, 0.0032111765374479304, 0.0004254269095435015, 0.003227848856839449, 0.005645694357757717]",,0.04910495962320114,0.04853876623644779,5.0,1.96,nan,known-logging,sieve,frozen,neural-fore,known-uniform,0.8,1.0,0.0,0.02,0.0
5000,24086112,1000000,-0.3170054884673674,-0.29908926420456394,-0.3363943405838373,0.017916224262803482,-0.0193888521164699,0.05165257245633997,-0.4376333825982637,-0.23515529856941098,1.0,0.20247808402885267,0.015107861590731428,0.002425315915397647,0.0030122077115029566,13.165675665623985,14.642598975612444,3300.720664909682,300.0,0.0021715807972779227,20.171094667199213,1.0,0.0,nan,nan,2.4219999999999997,0.04083270564541779,0.20313764331608505,0.20325015598523732,0.0,"[300, 300, 300, 300, 300]","[0.007224445903495159, 0.003633458082894455, 0.0, 0.0, 0.0]",,0.05165257245633997,0.07471226036301261,5.0,1.96,nan,known-logging,sieve,frozen,neural-fore,known-uniform,0.8,1.0,0.0,0.02,0.0
5000,24186115,1000000,-0.3170054884673674,-0.29604149069135155,-0.26043486246030506,0.020963997776015875,0.05657062600706236,0.04966898316126731,-0.357786069456389,-0.16308365546422113,1.0,0.19470241399216787,0.01285126776371512,0.002425315915397647,0.0030122077115029566,12.221869857908127,14.070790262478786,3367.458136110225,260.0,0.0011159712081053336,18.45126929179751,1.0,0.0,nan,nan,6.220000000000001,0.04045531313860686,0.1989227168620768,0.2038209087541642,0.0,"[300, 300, 300, 300, 100]","[0.00026473398145973864, 0.0, 0.001741843584637359, 0.0, 0.00357327847442957]",,0.04966898316126731,0.09131535767195072,5.0,1.96,nan,known-logging,sieve,frozen,neural-fore,known-uniform,0.8,1.0,0.0,0.02,0.0
5000,24286118,1000000,-0.3170054884673674,-0.3219351826513779,-0.282930374051627,-0.004929694184010458,0.034075114415740404,0.04949472212703298,-0.37994002942061167,-0.18592071868264237,1.0,0.19401931073796927,0.01135958782054837,0.002425315915397647,0.0030122077115029566,12.544787116769717,15.50660613338987,3443.3214962287047,180.0,0.004260674751552671,15.471988974401029,1.0,0.0,nan,nan,6.4,0.04133417406982128,0.20748473873647416,0.1987763645215173,0.0,"[100, 300, 100, 100, 300]","[0.0070546269096549916, 0.0004272842400190519, 0.0015771588067455071, 0.008857029870611566, 0.003387273930732236]",,0.04949472212703298,0.02627489211382447,5.0,1.96,nan,known-logging,sieve,frozen,neural-fore,known-uniform,0.8,1.0,0.0,0.02,0.0
5000,24386121,1000000,-0.3170054884673674,-0.3046210082754495,-0.3078821145359031,0.012384480191917902,0.00912337393146434,0.05130164675722299,-0.40843334218006017,-0.207330886891746,1.0,0.20110245528831414,0.007770283031739783,0.002425315915397647,0.0030122077115029566,14.338110258814394,19.325864547689893,3300.2525658594777,220.0,0.002851715731087465,17.42075804960041,1.0,0.0,nan,nan,4.401999999999999,0.03941535481292233,0.20024823609671688,0.19201930527017658,0.0,"[100, 100, 300, 300, 300]","[0.004735378063180266, 0.005845688133506138, 0.0036775124587509218, 0.0, 0.0]",,0.05130164675722299,0.033353810198453696,5.0,1.96,nan,known-logging,sieve,frozen,neural-fore,known-uniform,0.8,1.0,0.0,0.02,0.0
5000,24486124,1000000,-0.3170054884673674,-0.30727237544651187,-0.30644639713908944,0.009733113020855555,0.01055909132827798,0.05156762990421621,-0.4075189517513532,-0.20537384252682567,1.0,0.20214510922452755,0.009381535891802063,0.002425315915397647,0.0030122077115029566,13.705123562841758,18.157644436656764,3348.768520925557,180.0,0.0030671077404876798,15.84379340000378,1.0,0.0,nan,nan,0.8019999999999999,0.04061530736922624,0.19613872152834247,0.20873609008925142,0.0,"[100, 100, 300, 300, 100]","[0.006064326948248298, 0.0059133639726292936, 0.0, 0.0031296347188108937, 0.00022821306274991315]",,0.05156762990421621,0.03625869940674007,5.0,1.96,nan,known-logging,sieve,frozen,neural-fore,known-uniform,0.8,1.0,0.0,0.02,0.0
5000,24586127,1000000,-0.3170054884673674,-0.3180391402041401,-0.34705859533659666,-0.0010336517367726672,-0.03005310686922924,0.0515826206448541,-0.4481605318005107,-0.24595665887268264,1.0,0.20220387292782807,0.008516052823961492,0.002425315915397647,0.0030122077115029566,12.671294216122734,15.992491552147191,3429.2880632136407,140.0,0.004370973613366183,15.70502854119768,1.0,0.0,nan,nan,2.602,0.04188518439741445,0.20472359749783386,0.20435581529681532,0.0,"[100, 100, 100, 300, 100]","[0.004897108259526202, 0.0068804809502551805, 0.0030873731514920494, 0.00486269345210672, 0.002127212253450761]",,0.0515826206448541,0.07470598632510991,5.0,1.96,nan,known-logging,sieve,frozen,neural-fore,known-uniform,0.8,1.0,0.0,0.02,0.0
5000,24686130,1000000,-0.3170054884673674,-0.3011589438126526,-0.3871419050351801,0.0158465446547148,-0.07013641656781266,0.052718234721959405,-0.4904696450902205,-0.28381416498013967,1.0,0.20665548011008086,0.010676901906926967,0.002425315915397647,0.0030122077115029566,13.730906280452315,15.614399901724495,3363.3111491509662,180.0,0.002805475157833943,15.394844158399064,1.0,0.0,nan,nan,0.442,0.04100392907928132,0.19816865726979696,0.20515556123225576,0.0,"[300, 100, 100, 100, 300]","[0.0, 0.00606478724051892, 0.005557054241941726, 0.002405534306709071, 0.0]",,0.052718234721959405,0.05835844789369975,5.0,1.96,nan,known-logging,sieve,frozen,neural-fore,known-uniform,0.8,1.0,0.0,0.02,0.0
5000,24786133,1000000,-0.3170054884673674,-0.30842675585432966,-0.3172712082116851,0.008578732613037765,-0.00026571974431766066,0.05079296734482808,-0.4168254242075481,-0.21771699221582205,1.0,0.19910843199172606,0.012044911835275396,0.002425315915397647,0.0030122077115029566,13.166639868844117,14.427145848661594,3333.7014478681044,180.0,0.00179685283902077,16.895847357999447,1.0,0.0,nan,nan,2.602,0.041158015392704694,0.20583782693668037,0.1998465488787708,0.0,"[300, 300, 100, 100, 100]","[0.0, 0.003526933649665642, 0.0, 0.0, 0.005457330545438208]",,0.05079296734482808,0.04799880841482318,5.0,1.96,nan,known-logging,sieve,frozen,neural-fore,known-uniform,0.8,1.0,0.0,0.02,0.0
5000,24886136,1000000,-0.3170054884673674,-0.3063492572004753,-0.30872374864822794,0.010656231266892136,0.008281739819139489,0.05198651622950425,-0.41061732045805627,-0.2068301768383996,1.0,0.20378714361965666,0.009071801998346805,0.002425315915397647,0.0030122077115029566,13.335201614521324,17.517497736227483,3352.35018534061,260.0,0.0035928176771741114,19.698891775398078,1.0,0.0,nan,nan,2.8,0.04022994505456966,0.20049420273379576,0.1978394112863924,0.0,"[300, 300, 300, 300, 100]","[0.001761516866726473, 0.006437615148515586, 0.0, 0.006094015163030242, 0.0036709412075982563]",,0.05198651622950425,0.04842046465986158,5.0,1.96,nan,known-logging,sieve,frozen,neural-fore,known-uniform,0.8,1.0,0.0,0.02,0.0
5000,24986139,1000000,-0.3170054884673674,-0.2990523123866366,-0.3558677304597974,0.017953176080730826,-0.03886224199242999,0.05217001320733241,-0.45812095634616895,-0.2536145045734259,1.0,0.20450645177274304,0.010654815171666917,0.002425315915397647,0.0030122077115029566,12.811017044225544,13.403494229524785,3337.7214452716316,180.0,0.0038899640494271712,16.299400708800384,1.0,0.0,nan,nan,8.002,0.041133363311585784,0.20595058021240903,0.1986022284765788,0.0,"[300, 300, 100, 100, 100]","[0.0, 0.0, 0.006410695790737191, 0.00932376015440698, 0.0037153643019916843]",,0.05217001320733241,0.07825482260593054,5.0,1.96,nan,known-logging,sieve,frozen,neural-fore,known-uniform,0.8,1.0,0.0,0.02,0.0
5000,25086142,1000000,-0.3170054884673674,-0.3103914326246533,-0.27091736750491213,0.006614055842714128,0.04608812096245529,0.049163200307713144,-0.36727724010802987,-0.17455749490179437,1.0,0.19271974520623553,0.008118356516245666,0.002425315915397647,0.0030122077115029566,12.904307342880383,17.065883414287352,3448.9280696459055,220.0,0.006806112915524151,16.86551069900015,1.0000000000000002,0.0,nan,nan,2.404,0.041255232389361976,0.20509102427925216,0.20114211293147638,0.0,"[300, 300, 300, 100, 100]","[0.0, 0.0042340586223624755, 0.0031328279263284366, 0.00714194053351462, 0.019521737495415227]",,0.049163200307713144,0.06489095195718025,5.0,1.96,nan,known-logging,sieve,frozen,neural-fore,known-uniform,0.8,1.0,0.0,0.02,0.0
5000,25186145,1000000,-0.3170054884673674,-0.3156183454227872,-0.36266778658165066,0.001387143044580208,-0.04566229811428324,0.05180288322360549,-0.4642014376999174,-0.26113413546338393,1.0,0.20306730223653352,0.009258178730480252,0.002425315915397647,0.0030122077115029566,14.168455084668512,18.72371045367028,3281.5522701710006,260.0,0.0053636856954673625,17.598919316000682,1.0,0.0,nan,nan,4.401999999999999,0.04112396105536318,0.2006348309183914,0.20354423371866534,0.0,"[300, 300, 100, 300, 300]","[0.0007416739710744045, 0.006003153944097376, 0.002672779564993397, 0.009811952042462555, 0.007588868954709082]",,0.05180288322360549,0.06827913370077732,5.0,1.96,nan,known-logging,sieve,frozen,neural-fore,known-uniform,0.8,1.0,0.0,0.02,0.0
5000,25286148,1000000,-0.3170054884673674,-0.31246072122972884,-0.28918790067590655,0.004544767237638581,0.027817587791460874,0.04977927407554311,-0.386755277863971,-0.19162052348784206,1.0,0.19513475437612898,0.012975759529276466,0.002425315915397647,0.0030122077115029566,12.737436606710538,15.146145180057415,3366.302798271625,260.0,0.0037232926407692766,18.041540191802778,0.9999999999999998,0.0,nan,nan,8.2,0.039536577364670984,0.19627910761104822,0.1998891090003651,0.0,"[300, 300, 100, 300, 300]","[0.0015195983331958035, 0.002289835348592656, 0.008358698252470096, 0.0026070524494678847, 0.0038412788201199434]",,0.04977927407554311,0.037510605268687186,5.0,1.96,nan,known-logging,sieve,frozen,neural-fore,known-uniform,0.8,1.0,0.0,0.02,0.0
5000,25386151,1000000,-0.3170054884673674,-0.3058655445260128,-0.2790319630600481,0.011139943941354646,0.0379735254073193,0.05059077148842557,-0.37818987517736224,-0.179874050942734,1.0,0.19831582423462824,0.009175906818009977,0.002425315915397647,0.0030122077115029566,12.75780682130538,13.823022760566833,3409.9949210382183,140.0,0.007229254128539833,14.3507993247993,1.0,0.0,nan,nan,4.402,0.039762003988373665,0.19717855945756943,0.20210489297910303,0.0,"[100, 100, 100, 300, 100]","[0.004186656154165469, 0.004945101212347192, 0.005774793866055311, 0.0, 0.02123971941013119]",,0.05059077148842557,0.016430398209976164,5.0,1.96,nan,known-logging,sieve,frozen,neural-fore,known-uniform,0.8,1.0,0.0,0.02,0.0
5000,25486154,1000000,-0.3170054884673674,-0.3117035287514624,-0.2094873477444253,0.005301959715905025,0.10751814072294213,0.047016911015775445,-0.30164049333534515,-0.11733420215350542,0.0,0.18430629118183975,0.009296735361520118,0.002425315915397647,0.0030122077115029566,11.153857082905422,11.885209293148014,3563.164729932591,140.0,0.002101524217215368,14.884198033802386,1.0,0.0,nan,nan,4.6,0.04029432435427571,0.203962562043714,0.19713525573060747,0.0,"[100, 100, 100, 300, 100]","[0.0033662547543899554, 0.0, 0.0034359795911522995, 0.0013508363142873524, 0.0023545504262472328]",,0.047016911015775445,0.03729252599889409,5.0,1.96,nan,known-logging,sieve,frozen,neural-fore,known-uniform,0.8,1.0,0.0,0.02,0.0
5000,25586157,1000000,-0.3170054884673674,-0.2891052618896111,-0.3076178282079443,0.027900226577756315,0.009387660259423114,0.05193635354289021,-0.40941308115200914,-0.20582257526387948,1.0,0.20359050588812963,0.018345165187724104,0.002425315915397647,0.0030122077115029566,13.364710013705988,16.8966239367537,3343.048362423186,220.0,0.0026352886061798294,17.279939282799024,1.0,0.0,nan,nan,0.6039999999999999,0.03940692928815603,0.19868149934776452,0.198112448515388,0.0,"[300, 100, 100, 300, 300]","[0.0, 0.006173778223113542, 0.004666719849586951, 0.0023359449581986545, 0.0]",,0.05193635354289021,0.07907735609681442,5.0,1.96,nan,known-logging,sieve,frozen,neural-fore,known-uniform,0.8,1.0,0.0,0.02,0.0
5000,25686160,1000000,-0.3170054884673674,-0.3063819810905643,-0.311945731309358,0.01062350737680312,0.005059757158009437,0.051495099657080885,-0.4128761266372365,-0.21101533598147945,1.0,0.20186079065575707,0.009256332996726919,0.002425315915397647,0.0030122077115029566,14.124036218705095,17.068143279957997,3350.768914887213,180.0,0.00738782246562351,15.541204917401046,1.0000000000000002,0.0,nan,nan,0.22600000000000003,0.04142564968826614,0.20547205979099376,0.20212306978001626,0.0,"[100, 100, 300, 100, 300]","[0.010948981760103622, 0.012430724692700512, 0.007074808426865274, 0.0012200449947168382, 0.0052645524537312995]",,0.051495099657080885,0.022007673623579638,5.0,1.96,nan,known-logging,sieve,frozen,neural-fore,known-uniform,0.8,1.0,0.0,0.02,0.0
5000,25786163,1000000,-0.3170054884673674,-0.28707850307964333,-0.24310524485810656,0.029926985387724092,0.07390024360926087,0.05062425149819661,-0.34232877779457194,-0.1438817119216412,1.0,0.1984470658729307,0.011304395168815658,0.002425315915397647,0.0030122077115029566,15.253236992969411,24.085011112165137,3286.924880368446,220.0,0.0037323265708884648,16.673923875001492,1.0,0.0,nan,nan,2.8,0.04169750052467673,0.20579328701112592,0.20449271286712417,0.0,"[300, 100, 300, 300, 100]","[0.0, 0.003092669797211123, 0.001499446422231434, 0.004398368181789694, 0.009671148453210073]",,0.05062425149819661,0.09087649617684959,5.0,1.96,nan,known-logging,sieve,frozen,neural-fore,known-uniform,0.8,1.0,0.0,0.02,0.0
5000,25886166,1000000,-0.3170054884673674,-0.30988319492331146,-0.3183903266892041,0.007122293544055969,-0.0013848382218366595,0.05157442374985248,-0.41947619723891494,-0.21730445613949323,1.0,0.2021717410994217,0.008139340987105987,0.002425315915397647,0.0030122077115029566,13.652031148214153,15.244645007481605,3342.7922956056805,180.0,0.00576271360321381,15.79689119179966,1.0,0.0,nan,nan,4.222,0.03997444839872103,0.20027732898830952,0.1984116112864252,0.0,"[100, 300, 300, 100, 100]","[0.004643412926649552, 0.005323205754954967, 0.0, 0.006366537543562413, 0.012480411790902113]",,0.05157442374985248,0.009275029750831196,5.0,1.96,nan,known-logging,sieve,frozen,neural-fore,known-uniform,0.8,1.0,0.0,0.02,0.0
5000,25986169,1000000,-0.3170054884673674,-0.3119466207214847,-0.3114454234534727,0.005058867745882711,0.005560065013894722,0.05004221388990759,-0.40952816267769154,-0.21336268422925384,1.0,0.19616547844843774,0.00824186111289857,0.002425315915397647,0.0030122077115029566,13.4082371432338,15.392692657889933,3401.2395750699243,180.0,0.0037952546887298744,17.50755278340075,1.0,0.0,nan,nan,0.604,0.040163999170374956,0.20094778401830626,0.19993919464858873,0.0,"[100, 100, 100, 300, 300]","[0.005789220087189248, 0.001670484987804028, 0.0062866105474989505, 0.005229957821157146, 0.0]",,0.05004221388990759,0.0410266965293189,5.0,1.96,nan,known-logging,sieve,frozen,neural-fore,known-uniform,0.8,1.0,0.0,0.02,0.0
5000,26086172,1000000,-0.3170054884673674,-0.30495943790734864,-0.27390895791323594,0.012046050560018784,0.043096530554131485,0.05002979198397196,-0.371967350201821,-0.1758505656246509,1.0,0.19611678457717008,0.011603143355053778,0.002425315915397647,0.0030122077115029566,12.655657737380059,14.179028519455617,3375.663709050044,260.0,0.003928406852160146,19.666293558799225,1.0,0.0,nan,nan,4.204,0.04038891159145728,0.20356820170427375,0.20087533659455586,0.0,"[300, 300, 300, 300, 100]","[0.002147681036326365, 0.0, 0.006683824189986502, 0.0030614860982324747, 0.0077490429362553894]",,0.05002979198397196,0.0353627741539077,5.0,1.96,nan,known-logging,sieve,frozen,neural-fore,known-uniform,0.8,1.0,0.0,0.02,0.0
5000,26186175,1000000,-0.3170054884673674,-0.30693681778247134,-0.287328314101674,0.010068670684896086,0.02967717436569345,0.05067130130440217,-0.38664406465830226,-0.18801256354504572,1.0,0.1986315011132565,0.0075519004797221755,0.002425315915397647,0.0030122077115029566,13.506567147067365,14.44808566167628,3349.5623368665283,260.0,0.006466052008373116,19.97780684999743,1.0,0.0,nan,nan,8.001999999999999,0.04119519921714203,0.20650549529253728,0.2007443682976991,0.0,"[300, 100, 300, 300, 300]","[0.004866358668531183, 0.016559495922745308, 0.0014730088644278323, 0.0022728128055060086, 0.00715858378065525]",,0.05067130130440217,0.06076454560856529,5.0,1.96,nan,known-logging,sieve,frozen,neural-fore,known-uniform,0.8,1.0,0.0,0.02,0.0
5000,26286178,1000000,-0.3170054884673674,-0.3141953245130597,-0.32468556977832,0.0028101639543077206,-0.007680081310952602,0.050562600665873154,-0.4237882670834314,-0.22558287247320863,1.0,0.19820539461022277,0.013455182861801931,0.002425315915397647,0.0030122077115029566,13.207871861676955,15.642567170057326,3406.4164213171416,180.0,0.004013208158939711,17.65873271700184,1.0,0.0,nan,nan,8.2,0.0400520232402886,0.19566275894874582,0.20342764285128973,0.0,"[300, 100, 300, 100, 100]","[0.004161053940085569, 0.0016622826435130546, 0.0, 0.007531832875789455, 0.006710871335310478]",,0.050562600665873154,0.040085094592142136,5.0,1.96,nan,known-logging,sieve,frozen,neural-fore,known-uniform,0.8,1.0,0.0,0.02,0.0
5000,26386181,1000000,-0.3170054884673674,-0.31096418709724843,-0.29188546573396923,0.00604130137011899,0.025120022733398195,0.05004123866547589,-0.389966293518302,-0.19380463794963648,1.0,0.1961616555686655,0.009750611417151804,0.002425315915397647,0.0030122077115029566,13.079232434599321,23.578135607265207,3410.507860526666,220.0,0.006922052304877332,18.057850075200985,1.0,0.0,nan,nan,2.8,0.040641818501589835,0.1988851229858238,0.20207880592129612,0.0,"[300, 100, 100, 300, 300]","[0.0010287719787485169, 0.025404205795856522, 0.0027825330247180243, 0.0, 0.005394750725063596]",,0.05004123866547589,0.07604703575872936,5.0,1.96,nan,known-logging,sieve,frozen,neural-fore,known-uniform,0.8,1.0,0.0,0.02,0.0
5000,26486184,1000000,-0.3170054884673674,-0.31357022976668897,-0.2709303670829848,0.0034352587006784563,0.046075121384382633,0.04932199341917997,-0.36760147418457756,-0.17425925998139205,1.0,0.19334221420318548,0.008129645330491111,0.002425315915397647,0.0030122077115029566,12.947456625655397,15.954246230756409,3412.3811503971688,220.0,0.006549897588883813,17.393552841198108,1.0,0.0,nan,nan,4.401999999999999,0.040572618805236355,0.1997650179906339,0.19925381992119892,0.0,"[100, 300, 300, 300, 100]","[0.009629360928990699, 0.0, 0.008817195198724006, 0.009084330555053846, 0.005218601261650515]",,0.04932199341917997,0.043875946556773265,5.0,1.96,nan,known-logging,sieve,frozen,neural-fore,known-uniform,0.8,1.0,0.0,0.02,0.0
5000,26586187,1000000,-0.3170054884673674,-0.32158048833677605,-0.3047085954127183,-0.004574999869408625,0.01229689305464915,0.05084642563604768,-0.4043675896593717,-0.20504960116606483,1.0,0.1993179884933069,0.008292721807073715,0.002425315915397647,0.0030122077115029566,13.703804250141628,17.075222590211123,3343.625021908325,220.0,0.002640096455260829,17.083676841199484,1.0,0.0,nan,nan,6.202,0.04071328742588269,0.19884707174065624,0.2015004101143092,0.0,"[300, 300, 100, 100, 300]","[0.0, 0.0, 0.005799647134609355, 0.002815552392704487, 0.004585282748990302]",,0.05084642563604768,0.07229434999793302,5.0,1.96,nan,known-logging,sieve,frozen,neural-fore,known-uniform,0.8,1.0,0.0,0.02,0.0
5000,26686190,1000000,-0.3170054884673674,-0.30725429769729545,-0.27779961863247565,0.009751190770071971,0.03920586983489177,0.050542647132031,-0.3768632070112564,-0.1787360302536949,1.0,0.19812717675756153,0.010258828223244637,0.002425315915397647,0.0030122077115029566,12.480623640520266,14.582613426681949,3443.648430845249,180.0,0.004985694760889526,16.280421041396767,1.0,0.0,nan,nan,4.006,0.03928485867133262,0.2013582341921924,0.19527273264856207,0.0,"[300, 100, 100, 300, 100]","[0.0017290341994474498, 0.01266048948059266, 0.004704072343900726, 0.0025641216413323895, 0.0032707561391744026]",,0.050542647132031,0.05934304618618775,5.0,1.96,nan,known-logging,sieve,frozen,neural-fore,known-uniform,0.8,1.0,0.0,0.02,0.0
5000,26786193,1000000,-0.3170054884673674,-0.30634024057375475,-0.323359440549144,0.010665247893612673,-0.0063539520817765816,0.0525719624039497,-0.4264004868608854,-0.2203183942374026,1.0,0.20608209262348282,0.00805345176058522,0.002425315915397647,0.0030122077115029566,14.572984714774819,18.51117998806424,3231.1330498794296,300.0,0.0017197490961130193,20.586650217200077,1.0,0.0,nan,nan,0.6039999999999999,0.040737700285358,0.20252805694788342,0.19832787971294358,0.0,"[300, 300, 300, 300, 300]","[0.0017238408534083443, 0.0008913987482809249, 0.0, 0.0024097449085865247, 0.0035737609702893034]",,0.0525719624039497,0.03776624451179187,5.0,1.96,nan,known-logging,sieve,frozen,neural-fore,known-uniform,0.8,1.0,0.0,0.02,0.0
5000,26886196,1000000,-0.3170054884673674,-0.32178551477676326,-0.3070121642011435,-0.004780026309395835,0.009993324266223902,0.05050644495832491,-0.40600479631946035,-0.2080195320828267,1.0,0.19798526423663365,0.010787658206005921,0.002425315915397647,0.0030122077115029566,13.202919336683408,16.14681847164523,3392.052736741017,220.0,0.0049355647815893565,17.42347337499814,1.0,0.0,nan,nan,4.401999999999999,0.0416869158669127,0.20530553278635236,0.2031842611746976,0.0,"[100, 300, 100, 300, 300]","[0.010557462669622725, 0.0, 0.00893426003649799, 0.0005192258513943355, 0.004666875350431734]",,0.05050644495832491,0.057960982467298056,5.0,1.96,nan,known-logging,sieve,frozen,neural-fore,known-uniform,0.8,1.0,0.0,0.02,0.0
5000,26986199,1000000,-0.3170054884673674,-0.31842639591315475,-0.37676049421899654,-0.0014209074457873228,-0.05975500575162912,0.05292806006113489,-0.4804994919388209,-0.2730214964991722,1.0,0.20747799543964876,0.008840367626444752,0.002425315915397647,0.0030122077115029566,13.57093816657493,19.356890847712695,3292.226685032386,220.0,0.00757836669442771,17.52727740820046,1.0000000000000002,0.0,nan,nan,4.204000000000001,0.04037307323609775,0.19987520983184381,0.2021737032969924,0.0,"[300, 300, 100, 100, 300]","[0.001288088797890482, 0.010417585057179119, 0.008613039807924262, 0.007496544872374703, 0.010076574936769986]",,0.05292806006113489,0.06375636971387907,5.0,1.96,nan,known-logging,sieve,frozen,neural-fore,known-uniform,0.8,1.0,0.0,0.02,0.0
5000,27086202,1000000,-0.3170054884673674,-0.32258418725963955,-0.37656031727589645,-0.00557869879227213,-0.059554828808529026,0.052546605792082667,-0.4795516646283785,-0.2735689699234144,1.0,0.20598269470496405,0.0101892458487548,0.002425315915397647,0.0030122077115029566,13.712343241661353,17.397647509457595,3289.532538781677,220.0,0.003532076343254159,18.3809028165997,1.0,0.0,nan,nan,6.4,0.04113840890508514,0.20436079471315222,0.2021836630524756,0.0,"[100, 300, 100, 300, 300]","[0.0034370954958537394, 0.0, 0.006561292601644327, 0.0060568576831262246, 0.0016051359356465062]",,0.052546605792082667,0.0165802935333433,5.0,1.96,nan,known-logging,sieve,frozen,neural-fore,known-uniform,0.8,1.0,0.0,0.02,0.0
5000,27186205,1000000,-0.3170054884673674,-0.3098850167581213,-0.4172107878803169,0.007120471709246123,-0.10020529941294948,0.05276053996748579,-0.520621446216589,-0.3138001295440448,1.0,0.20682131667254428,0.01172819132235498,0.002425315915397647,0.0030122077115029566,13.324712402393663,14.93191085525664,3260.373122156613,260.0,0.001612032492614689,19.95645048360093,1.0,0.0,nan,nan,4.6,0.03963843943472541,0.19804729080967914,0.19893301903386335,0.0,"[100, 300, 300, 300, 300]","[0.006489884628065196, 0.00020365128462534004, 0.0, 0.0013666265503829097, 0.0]",,0.05276053996748579,0.03325820595707925,5.0,1.96,nan,known-logging,sieve,frozen,neural-fore,known-uniform,0.8,1.0,0.0,0.02,0.0
5000,27286208,1000000,-0.3170054884673674,-0.295307921815935,-0.27766700457095556,0.02169756665143241,0.03933848389641187,0.05064169021105808,-0.3769247173846294,-0.1784092917572817,1.0,0.19851542562734767,0.012912125904678813,0.002425315915397647,0.0030122077115029566,12.944037704292699,15.18105381877443,3366.0893653922953,220.0,0.004154480133306021,18.10203786679922,1.0,0.0,nan,nan,4.401999999999999,0.03940099336995664,0.1998616057008958,0.20220901099499095,0.0,"[100, 300, 300, 300, 100]","[0.0028571866642893157, 0.0, 0.0, 0.010741631551278961, 0.007173582450961827]",,0.05064169021105808,0.04602324419257833,5.0,1.96,nan,known-logging,sieve,frozen,neural-fore,known-uniform,0.8,1.0,0.0,0.02,0.0
5000,27386211,1000000,-0.3170054884673674,-0.3043896644814371,-0.3154737728978272,0.012615823985930308,0.0015317155695402374,0.050371932855821595,-0.41420276129523753,-0.21674478450041684,1.0,0.19745797679482066,0.013494225096929742,0.002425315915397647,0.0030122077115029566,13.292639094895762,15.888223129736613,3380.0456971647695,180.0,0.0036879562352604795,16.52601223339807,1.0,0.0,nan,nan,2.404,0.04070284634528189,0.19771364141417672,0.20186227588133598,0.0,"[300, 100, 300, 100, 100]","[0.0, 0.00033294875024325154, 0.0033497356154575443, 0.01037370661342031, 0.004383390197181295]",,0.050371932855821595,0.05987890677213871,5.0,1.96,nan,known-logging,sieve,frozen,neural-fore,known-uniform,0.8,1.0,0.0,0.02,0.0
5000,27486214,1000000,-0.3170054884673674,-0.29356456545028853,-0.317165762733956,0.023440923017078896,-0.00016027426658860033,0.05112659173878301,-0.4173738825419707,-0.21695764292594133,1.0,0.20041623961602942,0.010590078012464858,0.002425315915397647,0.0030122077115029566,13.247853264610969,15.671555566795247,3339.1583408476677,260.0,0.0019111855434156395,19.053614708402165,1.0,0.0,nan,nan,2.206,0.040565655733767025,0.19737356620024932,0.20529095176155834,0.0,"[300, 300, 100, 300, 300]","[0.0, 0.0, 0.002561599424243972, 0.0015030091779390366, 0.0054913191148951886]",,0.05112659173878301,0.030074383029081508,5.0,1.96,nan,known-logging,sieve,frozen,neural-fore,known-uniform,0.8,1.0,0.0,0.02,0.0
5000,27586217,1000000,-0.3170054884673674,-0.30217334242921035,-0.299399199940437,0.014832146038157079,0.017606288526930414,0.051583042316202234,-0.4005019628801934,-0.19829643700068061,1.0,0.20220552587951277,0.011695264647909924,0.002425315915397647,0.0030122077115029566,13.513303722084437,18.248402544911897,3325.56247799969,260.0,0.0019511920882854597,19.217773550200945,1.0,0.0,nan,nan,2.8,0.03892666798924232,0.19648869096881008,0.1959742050758755,0.0,"[300, 300, 300, 300, 100]","[0.0012369541132204156, 0.0, 0.0024984460869100825, 0.001851538062429456, 0.004169022178867343]",,0.051583042316202234,0.04745588029401241,5.0,1.96,nan,known-logging,sieve,frozen,neural-fore,known-uniform,0.8,1.0,0.0,0.02,0.0
5000,27686220,1000000,-0.3170054884673674,-0.3183881976927703,-0.3785339268984783,-0.0013827092254029005,-0.06152843843111089,0.051676477838840704,-0.4798198234626061,-0.2772480303343505,1.0,0.20257179312825555,0.008822242838683879,0.002425315915397647,0.0030122077115029566,12.901459712927837,16.356011784139504,3406.2483225037927,180.0,0.003418481394636934,17.3236514498014,1.0,0.0,nan,nan,4.6,0.03992461279788503,0.1971488528071704,0.2014787416275916,0.0,"[300, 100, 300, 100, 100]","[0.0, 0.004735682719974302, 0.0, 0.00488172840599718, 0.007474995847213185]",,0.051676477838840704,0.06202428266706453,5.0,1.96,nan,known-logging,sieve,frozen,neural-fore,known-uniform,0.8,1.0,0.0,0.02,0.0
5000,27786223,1000000,-0.3170054884673674,-0.30233597274512597,-0.32399220021464814,0.014669515722241455,-0.006986711747280716,0.0515463254945538,-0.4250229981839736,-0.22296140224532268,1.0,0.2020615959386509,0.011348812386875252,0.002425315915397647,0.0030122077115029566,12.855408440307192,20.282388616715462,3377.003092596559,260.0,0.0012233407261640812,20.98868722460029,1.0,0.0,nan,nan,6.4,0.04035869341540335,0.20200875874885482,0.2011702182738763,0.0,"[100, 300, 300, 300, 300]","[0.0037724912957116477, 0.0023442123351087585, 0.0, 0.0, 0.0]",,0.0515463254945538,0.04461385181814614,5.0,1.96,nan,known-logging,sieve,frozen,neural-fore,known-uniform,0.8,1.0,0.0,0.02,0.0
5000,27886226,1000000,-0.3170054884673674,-0.3127896671763505,-0.2594013216557663,0.004215821291016941,0.05760416681160113,0.050032274319251384,-0.357464579321499,-0.1613380639900336,1.0,0.1961265153314654,0.008372831547585077,0.002425315915397647,0.0030122077115029566,14.347855506701473,22.474505552820943,3300.952762558769,260.0,0.0045087906464117795,20.054536775199814,1.0,0.0,nan,nan,6.4,0.03960571676691369,0.19756257286144435,0.20041468899909615,0.0,"[300, 300, 100, 300, 300]","[0.011721945954530053, 0.0008197193616614625, 0.007883883356340268, 0.0, 0.0021184045595271164]",,0.050032274319251384,0.07515899661491364,5.0,1.96,nan,known-logging,sieve,frozen,neural-fore,known-uniform,0.8,1.0,0.0,0.02,0.0
5000,27986229,1000000,-0.3170054884673674,-0.2979076778647728,-0.3071011516678749,0.019097810602594634,0.009904336799492541,0.051213200330230926,-0.4074790243151275,-0.20672327902062226,1.0,0.20075574529450524,0.009904669543130431,0.002425315915397647,0.0030122077115029566,13.057039857299685,19.859017929369532,3416.5635931951515,180.0,0.004450353861292358,16.220813724800973,1.0,0.0,nan,nan,0.604,0.040136315495328166,0.19883558976426718,0.20055742193779755,0.0,"[100, 300, 100, 300, 100]","[0.0027965881903912774, 0.0, 0.010380778672955877, 0.0029988087369672727, 0.006075593706147362]",,0.051213200330230926,0.04726544974551257,5.0,1.96,nan,known-logging,sieve,frozen,neural-fore,known-uniform,0.8,1.0,0.0,0.02,0.0
5000,28086232,1000000,-0.3170054884673674,-0.2991425084628065,-0.294185223493935,0.017862980004560935,0.022820264973432425,0.05071275635718359,-0.3935822259540148,-0.19478822103385518,1.0,0.19879400492015967,0.011545708203784064,0.002425315915397647,0.0030122077115029566,13.042980773230608,16.196986180244906,3419.7702372382346,180.0,0.001627042986185038,16.583054916399124,1.0,0.0,nan,nan,2.404,0.04035410262741661,0.19942012407546972,0.20422343427969233,0.0,"[100, 300, 100, 300, 100]","[0.005673932452632103, 0.0, 0.0010718113906457065, 0.0, 0.00138947108764738]",,0.05071275635718359,0.03250840782468853,5.0,1.96,nan,known-logging,sieve,frozen,neural-fore,known-uniform,0.8,1.0,0.0,0.02,0.0
5000,28186235,1000000,-0.3170054884673674,-0.3091157518217322,-0.401035985386683,0.007889736645635248,-0.08403049691931558,0.05318043656050135,-0.5052696410452656,-0.2968023297281004,1.0,0.20846731131716528,0.008823722798714125,0.002425315915397647,0.0030122077115029566,13.252256287147866,19.025138422326297,3311.3982245655093,180.0,0.003908690749411649,17.77035268359905,1.0,0.0,nan,nan,2.8,0.04186277811266526,0.20442409903868253,0.20154620195211792,0.0,"[100, 100, 300, 300, 100]","[0.0016562152804658918, 0.0051624602272569015, 0.00808596026388459, 0.0, 0.004638817975450866]",,0.05318043656050135,0.03503825008600264,5.0,1.96,nan,known-logging,sieve,frozen,neural-fore,known-uniform,0.8,1.0,0.0,0.02,0.0
5000,28286238,1000000,-0.3170054884673674,-0.2977105340607273,-0.2852507140316331,0.01929495440664014,0.03175477443573432,0.05012085832712045,-0.3834875963527892,-0.18701383171047703,1.0,0.19647376464231217,0.01746959942848967,0.002425315915397647,0.0030122077115029566,13.764845059640159,19.27267819295033,3374.966643767881,220.0,0.005029387610756598,18.345012325202696,1.0,0.0,nan,nan,6.202,0.03998260340451491,0.1978268250686189,0.19971699088272532,0.0,"[100, 300, 300, 300, 100]","[0.0072948060938705745, 0.0011971301218674062, 0.0, 0.006670118556547684, 0.009984883281497324]",,0.05012085832712045,0.0710000948629447,5.0,1.96,nan,known-logging,sieve,frozen,neural-fore,known-uniform,0.8,1.0,0.0,0.02,0.0
5000,28386241,1000000,-0.3170054884673674,-0.30738173408376623,-0.25127117293820445,0.00962375438360119,0.06573431552916298,0.04888900951106147,-0.34709363157988493,-0.15544871429652396,1.0,0.19164491728336094,0.010406416681328294,0.002425315915397647,0.0030122077115029566,12.506109825318074,17.19701794432338,3419.5662683121927,220.0,0.007133840502110955,18.423014775798947,1.0,0.0,nan,nan,6.004,0.04146141840518144,0.20131150766347283,0.20575776598127024,0.0,"[300, 100, 300, 300, 100]","[0.0017058532238454676, 0.006865893173879553, 0.00751427835373965, 0.003279265185921146, 0.016303912573168957]",,0.04888900951106147,0.06517166474002345,5.0,1.96,nan,known-logging,sieve,frozen,neural-fore,known-uniform,0.8,1.0,0.0,0.02,0.0
5000,28486244,1000000,-0.3170054884673674,-0.2999966121920089,-0.3228231389667526,0.01700887627535852,-0.005817650499385152,0.052452709045666505,-0.42563044869625893,-0.22001582923724622,1.0,0.2056146194590127,0.010280961177890603,0.002425315915397647,0.0030122077115029566,14.236244730970132,17.13641375322264,3317.4689522573085,260.0,0.0013044322805942081,18.546449224999378,1.0,0.0,nan,nan,2.404,0.04065905315521261,0.2044099272221082,0.19929225074300747,0.0,"[300, 300, 300, 100, 300]","[0.0, 0.0, 0.0, 0.0065221614029710405, 0.0]",,0.052452709045666505,0.035161252573618906,5.0,1.96,nan,known-logging,sieve,frozen,neural-fore,known-uniform,0.8,1.0,0.0,0.02,0.0
5000,28586247,1000000,-0.3170054884673674,-0.331350862529264,-0.31277012643194624,-0.014345374061896565,0.004235362035421186,0.05022358681514518,-0.4112083565896308,-0.2143318962742617,1.0,0.1968764603153691,0.008930117137590303,0.002425315915397647,0.0030122077115029566,13.723734930600067,15.505671613148907,3305.728444932407,260.0,0.004424970902743924,19.72435645839796,1.0,0.0,nan,nan,6.0040000000000004,0.04015751623447983,0.20381188369006725,0.1977564675860509,0.0,"[300, 300, 300, 100, 300]","[0.0025271171308790265, 2.393232849089391e-06, 0.005306781750807309, 0.0047849386429173885, 0.009503623756266807]",,0.05022358681514518,0.0707550857306412,5.0,1.96,nan,known-logging,sieve,frozen,neural-fore,known-uniform,0.8,1.0,0.0,0.02,0.0
5000,28686250,1000000,-0.3170054884673674,-0.3036618062280634,-0.27015841472404917,0.013343682239304044,0.04684707374331826,0.04974115084112755,-0.36765107037265915,-0.17266575907543918,1.0,0.19498531129722,0.013099355633683982,0.002425315915397647,0.0030122077115029566,13.586521406728354,15.700949827063761,3297.603835449727,180.0,0.004843133136733511,16.541232191800372,1.0,0.0,nan,nan,4.401999999999999,0.03951328571199886,0.1994563727181791,0.1972117855329664,0.0,"[300, 100, 300, 100, 100]","[0.0, 0.004962712510067779, 0.0, 0.01194432510717954, 0.007308628066420239]",,0.04974115084112755,0.03043043943385914,5.0,1.96,nan,known-logging,sieve,frozen,neural-fore,known-uniform,0.8,1.0,0.0,0.02,0.0
5000,28786253,1000000,-0.3170054884673674,-0.31503052701196715,-0.377025548936074,0.0019749614554002703,-0.06002006046870656,0.052915508599020764,-0.48073994579015467,-0.2733111520819933,1.0,0.2074287937081614,0.007969238463610109,0.002425315915397647,0.0030122077115029566,14.901456649789743,16.73581693903131,3218.2249021093544,260.0,0.003142773726776705,19.6295962084012,1.0,0.0,nan,nan,0.20800000000000002,0.04019606225680773,0.19837444468801876,0.19835605941503393,0.0,"[300, 100, 300, 300, 300]","[0.006554763389165541, 0.005162267869712229, 0.0007275051038775664, 0.003269332271128188, 0.0]",,0.052915508599020764,0.07776625200991036,5.0,1.96,nan,known-logging,sieve,frozen,neural-fore,known-uniform,0.8,1.0,0.0,0.02,0.0
5000,28886256,1000000,-0.3170054884673674,-0.3118263182658155,-0.32634272714578033,0.005179170201551897,-0.009337238678412907,0.05114645884911906,-0.4265897864900537,-0.22609566780150697,1.0,0.20049411868854672,0.009497818357938859,0.002425315915397647,0.0030122077115029566,13.366303269428558,18.23859070858597,3341.7581731192936,180.0,0.0055034428545499,15.964035074799176,1.0,0.0,nan,nan,2.008,0.0404245090745939,0.1990832640697572,0.19946094512410553,0.0,"[300, 100, 300, 100, 100]","[0.009488975930924131, 0.004754370226845653, 0.0, 0.005029200572311369, 0.00824466754266835]",,0.05114645884911906,0.024068620571911104,5.0,1.96,nan,known-logging,sieve,frozen,neural-fore,known-uniform,0.8,1.0,0.0,0.02,0.0
5000,28986259,1000000,-0.3170054884673674,-0.3223688127076909,-0.26396755359105156,-0.005363324240323486,0.05303793487631586,0.04843201248362381,-0.35889429805895423,-0.1690408091231489,1.0,0.18985348893580534,0.008843374305003001,0.002425315915397647,0.0030122077115029566,13.049998520787396,14.670513790617418,3443.925808065648,220.0,0.0036636012277219557,17.811969099801352,1.0,0.0,nan,nan,4.6,0.041145437369321025,0.20377763136898713,0.20315492594078582,0.0,"[100, 300, 300, 100, 300]","[0.009654041460025565, 0.002097743293798968, 0.0031658805752034576, 0.0034003408095817896, 0.0]",,0.04843201248362381,0.025216060892044836,5.0,1.96,nan,known-logging,sieve,frozen,neural-fore,known-uniform,0.8,1.0,0.0,0.02,0.0
5000,29086262,1000000,-0.3170054884673674,-0.3188633806515411,-0.3077852932819749,-0.0018578921841736484,0.009220195185392521,0.050138612109031436,-0.4060569730156765,-0.2095136135482733,1.0,0.19654335946740323,0.007309210471861191,0.002425315915397647,0.0030122077115029566,12.275200578125375,13.830839381399754,3385.268979165227,220.0,0.00519905580974721,19.11899038319898,1.0,0.0,nan,nan,4.6,0.03963002337330453,0.1980211358855245,0.19619170732349853,0.0,"[300, 300, 300, 100, 100]","[0.008173041164365449, 0.005272103993201156, 0.0, 0.00632039206296123, 0.006229741828208217]",,0.050138612109031436,0.04043904089296481,5.0,1.96,nan,known-logging,sieve,frozen,neural-fore,known-uniform,0.8,1.0,0.0,0.02,0.0
5000,29186265,1000000,-0.3170054884673674,-0.29858308716723286,-0.3745175241290759,0.01842240130013456,-0.05751203566170848,0.05289457711929981,-0.47819089528290354,-0.2708441529752483,1.0,0.20734674230765526,0.012453254246552707,0.002425315915397647,0.0030122077115029566,13.731962287675076,19.652860109424644,3324.691090464239,140.0,0.008584255965872825,16.177752900202176,1.0,0.0,nan,nan,6.4,0.041616122030965506,0.20566976888433325,0.20143710540684684,0.0,"[100, 100, 100, 300, 100]","[0.011613136756371703, 0.009583471894266999, 0.009034660331630922, 0.004326320808216911, 0.008363690038877589]",,0.05289457711929981,0.043637529620758043,5.0,1.96,nan,known-logging,sieve,frozen,neural-fore,known-uniform,0.8,1.0,0.0,0.02,0.0
5000,29286268,1000000,-0.3170054884673674,-0.30167557627760316,-0.26936108098374406,0.015329912189764261,0.04764440748362336,0.05134413133542667,-0.36999557840118036,-0.1687265835663078,1.0,0.20126899483487254,0.013203840321527988,0.002425315915397647,0.0030122077115029566,14.712051944204028,19.584726103422614,3280.1027617425457,180.0,0.007320563407413157,17.563694716797908,1.0,0.0,nan,nan,4.204,0.04007498694056817,0.19878922126377147,0.19955032576325277,0.0,"[100, 300, 100, 300, 100]","[0.0072091418530423985, 0.0011275441972938842, 0.011332880720622551, 0.0, 0.01693325026610695]",,0.05134413133542667,0.0717602232081724,5.0,1.96,nan,known-logging,sieve,frozen,neural-fore,known-uniform,0.8,1.0,0.0,0.02,0.0
5000,29386271,1000000,-0.3170054884673674,-0.3092023420961942,-0.28505692795746757,0.007803146371173242,0.03194856050989986,0.049842815531154105,-0.38274884639852963,-0.1873650095164055,1.0,0.1953838368821241,0.008651166378160772,0.002425315915397647,0.0030122077115029566,12.599514442500054,16.29892346384486,3377.895830418985,260.0,0.001230483892031493,20.31689413260101,1.0,0.0,nan,nan,6.202,0.04070761953000565,0.2049103312675568,0.19929045140374044,0.0,"[100, 300, 300, 300, 300]","[0.004646204114665069, 0.00023908708979727993, 0.0, 0.0, 0.0012671282556951163]",,0.049842815531154105,0.05141275741760798,5.0,1.96,nan,known-logging,sieve,frozen,neural-fore,known-uniform,0.8,1.0,0.0,0.02,0.0
5000,29486274,1000000,-0.3170054884673674,-0.30932278467131585,-0.3449847856562227,0.007682703796051571,-0.02797929718885528,0.05186510159347099,-0.44664038477942586,-0.24332918653301955,1.0,0.20331119824640628,0.00724936407503686,0.002425315915397647,0.0030122077115029566,13.777116053434556,18.559680640455916,3262.277631465907,220.0,0.001708998926752694,19.97120271660024,1.0,0.0,nan,nan,8.2,0.04029356775652345,0.1980503020403898,0.2018700271564649,0.0,"[300, 300, 300, 100, 100]","[0.0, 0.0, 0.0, 0.005188318421331154, 0.0033566762124323172]",,0.05186510159347099,0.035747476311579096,5.0,1.96,nan,known-logging,sieve,frozen,neural-fore,known-uniform,0.8,1.0,0.0,0.02,0.0
5000,29586277,1000000,-0.3170054884673674,-0.289243030836049,-0.33018992688544996,0.027762457631318405,-0.013184438418082534,0.05189880717434758,-0.4319115889471712,-0.2284682648237287,1.0,0.20344332412344251,0.008846258547446955,0.002425315915397647,0.0030122077115029566,14.102187364999663,21.25505329205122,3271.8719711621716,260.0,0.003684259373212417,19.211409941399324,1.0,0.0,nan,nan,4.204,0.03999533775513653,0.1984018334562399,0.20043705132472328,0.0,"[300, 100, 300, 300, 300]","[0.0, 0.008027252864527159, 0.0, 0.006426775972869505, 0.003967268028665424]",,0.05189880717434758,0.038487522676357126,5.0,1.96,nan,known-logging,sieve,frozen,neural-fore,known-uniform,0.8,1.0,0.0,0.02,0.0
5000,29686280,1000000,-0.3170054884673674,-0.2912347578745505,-0.29332395825985075,0.025770730592816926,0.023681530207516677,0.05130640153913287,-0.39388450527655117,-0.19276341124315033,1.0,0.20112109403340087,0.01677430615841694,0.002425315915397647,0.0030122077115029566,13.598315777270717,15.198029784548178,3361.038486577948,140.0,0.0026801591084035297,15.375359333199594,1.0,0.0,nan,nan,2.206,0.041030804417597114,0.20164392498740655,0.20427941888233886,0.0,"[100, 100, 100, 100, 300]","[0.005981881056248257, 0.0030473781708409814, 0.0026749555418966037, 0.0016965807730318064, 0.0]",,0.05130640153913287,0.0390223473432637,5.0,1.96,nan,known-logging,sieve,frozen,neural-fore,known-uniform,0.8,1.0,0.0,0.02,0.0
5000,29786283,1000000,-0.3170054884673674,-0.2983549253998164,-0.384519795569527,0.01865056306755103,-0.06751430710215955,0.05368303282669957,-0.48973853990985816,-0.2793010512291958,1.0,0.2104374886806623,0.013633448928635522,0.002425315915397647,0.0030122077115029566,12.969090065511502,13.85343336730413,3284.415771982401,260.0,0.0024541952072515186,19.36605099139997,1.0,0.0,nan,nan,2.404,0.04141843778576827,0.20287976352175133,0.20479597037349367,0.0,"[300, 100, 300, 300, 300]","[0.0, 0.006974799974098235, 0.005296176062159359, 0.0, 0.0]",,0.05368303282669957,0.038101696504004495,5.0,1.96,nan,known-logging,sieve,frozen,neural-fore,known-uniform,0.8,1.0,0.0,0.02,0.0
5000,29886286,1000000,-0.3170054884673674,-0.31241587433864393,-0.3271700553639303,0.004589614128723496,-0.010164566896562865,0.05211496216890475,-0.4293153812149836,-0.225024729512877,1.0,0.2042906517021066,0.008721150487832006,0.002425315915397647,0.0030122077115029566,13.519963449426859,17.519208219783263,3289.506370486173,220.0,0.0030823623001286883,18.12946536599775,1.0,0.0,nan,nan,6.202,0.0401168411760638,0.19915864299421834,0.20268370906981925,0.0,"[100, 300, 100, 300, 300]","[0.0018548104490475475, 0.0, 0.00711785085048389, 0.0063414416726241644, 9.770852848784003e-05]",,0.05211496216890475,0.04548052439853675,5.0,1.96,nan,known-logging,sieve,frozen,neural-fore,known-uniform,0.8,1.0,0.0,0.02,0.0
5000,29986289,1000000,-0.3170054884673674,-0.3060273184684152,-0.27529858425234194,0.010978169998952236,0.041706904215025487,0.05039538810018747,-0.37407354492870937,-0.1765236235759745,1.0,0.1975499213527349,0.00875949442073346,0.002425315915397647,0.0030122077115029566,13.328101205804947,15.957943810088912,3365.0953080008726,260.0,0.005124346467755461,20.056598124599986,1.0,0.0,nan,nan,2.602,0.039912576939800784,0.20197729878284099,0.19567064105003054,0.0,"[300, 300, 100, 300, 300]","[0.0, 0.009367260810706412, 0.011658198086359796, 0.0, 0.004596273441711098]",,0.05039538810018747,0.022326924936630674,5.0,1.96,nan,known-logging,sieve,frozen,neural-fore,known-uniform,0.8,1.0,0.0,0.02,0.0
5000,30086292,1000000,-0.3170054884673674,-0.3068855591916376,-0.31767305709305654,0.0101199292757298,-0.0006675686256891189,0.051507297608312144,-0.4186273604053483,-0.21671875378076474,1.0,0.2019086066245836,0.011485170714187518,0.002425315915397647,0.0030122077115029566,14.13074640436588,18.990944471968813,3288.1931643036355,300.0,0.0028060168699382605,21.111731508198137,1.0,0.0,nan,nan,2.4219999999999997,0.039739398616494684,0.19748615036617215,0.2037405369348515,0.0,"[300, 300, 300, 300, 300]","[0.00282540894219101, 0.0015490633751957636, 0.004204865206933481, 0.005450746825371048, 0.0]",,0.051507297608312144,0.06406881700135905,5.0,1.96,nan,known-logging,sieve,frozen,neural-fore,known-uniform,0.8,1.0,0.0,0.02,0.0
5000,30186295,1000000,-0.3170054884673674,-0.3160207865461173,-0.27397768204118395,0.0009847019212501085,0.04302780642618348,0.04950792083967233,-0.3710132068869417,-0.17694215719542616,1.0,0.19407104969151553,0.00978035394764913,0.002425315915397647,0.0030122077115029566,13.156663571391167,18.008089042579147,3438.659569291659,140.0,0.005652455901342742,16.417130432798878,1.0,0.0,nan,nan,4.6,0.04042469054078984,0.20176408495824463,0.19878780588737327,0.0,"[100, 100, 100, 300, 100]","[0.007905378682434728, 0.008091971884432489, 0.0065082059463671006, 0.0, 0.00575672299347939]",,0.04950792083967233,0.026102646539842678,5.0,1.96,nan,known-logging,sieve,frozen,neural-fore,known-uniform,0.8,1.0,0.0,0.02,0.0
5000,30286298,1000000,-0.3170054884673674,-0.3061347564061678,-0.3484901748562367,0.01087073206119965,-0.031484686388869254,0.05139160297907317,-0.4492177166952201,-0.24776263301725326,1.0,0.20145508367796683,0.009057017265024411,0.002425315915397647,0.0030122077115029566,12.630728681818292,16.89136331588086,3379.7394185115504,140.0,0.007437279256920305,17.717209625200486,1.0,0.0,nan,nan,2.404,0.04166841304806899,0.20348600781827053,0.2051099132225937,0.0,"[100, 300, 100, 100, 100]","[0.004154645116991858, 0.010183229657128883, 0.009184047936778782, 0.010219664037753736, 0.0034448095359482706]",,0.05139160297907317,0.0717841101188284,5.0,1.96,nan,known-logging,sieve,frozen,neural-fore,known-uniform,0.8,1.0,0.0,0.02,0.0
5000,30386301,1000000,-0.3170054884673674,-0.2940140357359053,-0.24765695412386085,0.022991452731462136,0.06934853434350657,0.049071494547548805,-0.3438370834370565,-0.1514768248106652,1.0,0.1923602586263913,0.01095557797244475,0.002425315915397647,0.0030122077115029566,13.084175850075589,14.881125246958137,3426.458292696006,220.0,0.0035683291470185495,18.177409475597234,1.0,0.0,nan,nan,6.4,0.04144146267215751,0.20751113653201286,0.19826174737301538,0.0,"[300, 100, 300, 100, 300]","[0.0, 0.011557445856060758, 0.0009113809132888694, 0.005372818965743117, 0.0]",,0.049071494547548805,0.07261765734691689,5.0,1.96,nan,known-logging,sieve,frozen,neural-fore,known-uniform,0.8,1.0,0.0,0.02,0.0
10000,970404,1000000,-0.3170054884673674,-0.3053902223446583,-0.2971441889031562,0.011615266122709134,0.019861299564211232,0.03511870039694526,-0.3659768416811689,-0.2283115361251435,1.0,0.1376653055560254,0.009494916562957706,0.002425315915397647,0.0030122077115029566,12.90348390927841,14.654049007375733,6770.921982543969,300.0,0.0014771114859263475,36.89592376599903,1.0,0.0,nan,nan,2.2239999999999998,0.03985476542717859,0.19994223532291647,0.20094612862285016,0.0,"[300, 300, 300, 300, 300]","[0.0, 0.0030601496262792965, 0.004325407803352441, 0.0, 0.0]",,0.03511870039694526,0.03454331635061263,5.0,1.96,nan,known-logging,sieve,frozen,neural-fore,known-uniform,0.8,1.0,0.0,0.02,0.0
10000,1070407,1000000,-0.3170054884673674,-0.3196308307456342,-0.3304072483639604,-0.0026253422782667735,-0.01340175989659298,0.03585624804350881,-0.4006854945292377,-0.2601290021986831,1.0,0.14055649233055453,0.007637348369877837,0.002425315915397647,0.0030122077115029566,12.575323660607147,13.156569552255913,6748.552523205943,260.0,0.0014212916188085373,35.49062191660196,1.0,0.0,nan,nan,0.6039999999999999,0.04003980892008976,0.19903245988892998,0.19890577315363506,0.0,"[300, 300, 300, 100, 300]","[0.0, 0.0, 0.0, 0.007106458094042686, 0.0]",,0.03585624804350881,0.03073813106614246,5.0,1.96,nan,known-logging,sieve,frozen,neural-fore,known-uniform,0.8,1.0,0.0,0.02,0.0
10000,1170410,1000000,-0.3170054884673674,-0.3177608455113752,-0.2975230833825322,-0.0007553570440077539,0.01948240508483523,0.035451965251467904,-0.3670089352754093,-0.2280372314896551,1.0,0.13897170378575419,0.009952638528977995,0.002425315915397647,0.0030122077115029566,12.61572491208092,13.707698582971231,6806.102863338487,260.0,0.003004768181770058,35.982335567198604,1.0,0.0,nan,nan,0.42400000000000004,0.040928292030935794,0.20244034518599457,0.20429442457051072,0.0,"[300, 300, 100, 300, 300]","[0.0037611979132412356, 0.009675670140903236, 0.0015869728547058177, 0.0, 0.0]",,0.035451965251467904,0.04354528605052842,5.0,1.96,nan,known-logging,sieve,frozen,neural-fore,known-uniform,0.8,1.0,0.0,0.02,0.0
10000,1270413,1000000,-0.3170054884673674,-0.31918213223730024,-0.3069488151541581,-0.002176643769932818,0.010056673313209308,0.034777402378311804,-0.37511252381564925,-0.238785106492667,1.0,0.13632741732298226,0.005671268751546289,0.002425315915397647,0.0030122077115029566,12.800425601769918,16.400107486828993,6764.993682978139,260.0,0.003997266681768941,34.68939669140091,1.0,0.0,nan,nan,6.202,0.03977891592860773,0.1984173470672125,0.1997945174776977,0.0,"[300, 300, 300, 300, 100]","[0.0, 0.008338206665410016, 0.003797595240354808, 0.0005896722652822648, 0.007260859237797616]",,0.034777402378311804,0.02938600293484032,5.0,1.96,nan,known-logging,sieve,frozen,neural-fore,known-uniform,0.8,1.0,0.0,0.02,0.0
10000,1370416,1000000,-0.3170054884673674,-0.31868474672843544,-0.37125861508294344,-0.0016792582610680173,-0.05425312661557602,0.0366557674746212,-0.443103919333201,-0.2994133108326859,1.0,0.1436906085005151,0.006497029992149405,0.002425315915397647,0.0030122077115029566,12.86215573713548,19.760640056739785,6647.592980780061,300.0,0.00027758227320941886,27.46887553359993,1.0,0.0,nan,nan,2.602,0.04036547840477641,0.19890992109002323,0.2034077011446005,0.0,"[300, 300, 300, 300, 300]","[0.0, 0.0, 0.0013239585464771564, 6.395281956993789e-05, 0.0]",,0.0366557674746212,0.04189215752016496,5.0,1.96,nan,known-logging,sieve,frozen,neural-fore,known-uniform,0.8,1.0,0.0,0.02,0.0
10000,1470419,1000000,-0.3170054884673674,-0.3163021898236003,-0.33247976738804413,0.000703298643767114,-0.01547427892067671,0.03596379429109156,-0.4029688041985836,-0.26199073057750466,1.0,0.14097807362107892,0.006328733245676282,0.002425315915397647,0.0030122077115029566,13.083016531339123,15.567473429577584,6695.791930863652,300.0,0.0010238640612368496,28.88351900879934,1.0,0.0,nan,nan,8.001999999999999,0.04177592888090688,0.20435438463729194,0.20357627016849222,0.0,"[300, 300, 300, 300, 300]","[0.0, 0.002666170557341239, 0.0024531497488430084, 0.0, 0.0]",,0.03596379429109156,0.031067060281227982,5.0,1.96,nan,known-logging,sieve,frozen,neural-fore,known-uniform,0.8,1.0,0.0,0.02,0.0
10000,1570422,1000000,-0.3170054884673674,-0.31381363537325235,-0.3416775049372296,0.0031918530941150713,-0.024672016469862168,0.035864324543325894,-0.41197158104214837,-0.2713834288323108,1.0,0.1405881522098375,0.007183758565124736,0.002425315915397647,0.0030122077115029566,13.07522866562106,15.034030839754637,6657.920217640035,300.0,0.0008609193076300363,28.971712740999646,1.0,0.0,nan,nan,2.206,0.040167542955848054,0.19924641338930202,0.20192961642912638,0.0,"[300, 300, 300, 300, 300]","[0.0, 0.0, 0.0043045965381501815, 0.0, 0.0]",,0.035864324543325894,0.026907752735901198,5.0,1.96,nan,known-logging,sieve,frozen,neural-fore,known-uniform,0.8,1.0,0.0,0.02,0.0
10000,1670425,1000000,-0.3170054884673674,-0.3134585994204784,-0.31572567075951674,0.0035468890468890457,0.0012798177078506834,0.0351802906081997,-0.3846790403515882,-0.2467723011674453,1.0,0.13790673918414284,0.007890816464992912,0.002425315915397647,0.0030122077115029566,12.793030006680723,15.9426892410278,6886.607844199838,220.0,0.005792759980397566,24.307698042000265,1.0,0.0,nan,nan,4.401999999999999,0.039488493788865285,0.1999302352166235,0.19813972937761798,0.0,"[300, 100, 100, 300, 300]","[0.004856251944491137, 0.010113027390218224, 0.005832609929597738, 0.0, 0.00816191063768073]",,0.0351802906081997,0.03676790369188985,5.0,1.96,nan,known-logging,sieve,frozen,neural-fore,known-uniform,0.8,1.0,0.0,0.02,0.0
10000,1770428,1000000,-0.3170054884673674,-0.31902740765146154,-0.41702336967872333,-0.002021919184094112,-0.10001788121135591,0.037402831234114406,-0.49033291889758757,-0.3437138204598591,0.0,0.14661909843772847,0.00562096832157254,0.002425315915397647,0.0030122077115029566,13.0547394522539,14.325928056967346,6631.0093132682605,220.0,0.0035653606887140776,24.623397066396866,0.9999999999999998,0.0,nan,nan,2.008,0.04030221383426652,0.20006200595220403,0.20061755862308012,0.0,"[100, 300, 300, 100, 300]","[0.00467264910830941, 0.004444949138073295, 0.0006149864056492207, 0.005277628790729459, 0.0028165900008090016]",,0.037402831234114406,0.03984817693962234,5.0,1.96,nan,known-logging,sieve,frozen,neural-fore,known-uniform,0.8,1.0,0.0,0.02,0.0
10000,1870431,1000000,-0.3170054884673674,-0.3175321025313322,-0.24842812646826193,-0.0005266140639647587,0.0685773619991055,0.0340205566775681,-0.3151084175562954,-0.18174783538022846,0.0,0.13336058217606694,0.005628452481220187,0.002425315915397647,0.0030122077115029566,12.597271348180403,20.120282035177176,6832.034031656119,260.0,0.0037343546307162774,26.227614591799647,1.0,0.0,nan,nan,4.222,0.03941675436919238,0.19956587757023753,0.19851297922796726,0.0,"[300, 300, 300, 300, 100]","[0.0012159986497808821, 0.0032939997697001636, 0.0, 0.006896740141427139, 0.0072650345926732005]",,0.0340205566775681,0.018330867017862653,5.0,1.96,nan,known-logging,sieve,frozen,neural-fore,known-uniform,0.8,1.0,0.0,0.02,0.0
10000,1970434,1000000,-0.3170054884673674,-0.3050929836876961,-0.3728023123593856,0.011912504779671318,-0.05579682389201818,0.03652694399668552,-0.4443951225928892,-0.301209502125882,1.0,0.14318562046700722,0.006979892938827265,0.002425315915397647,0.0030122077115029566,13.007241288481222,15.551784481109488,6644.774058067755,260.0,0.00263695871244961,27.056452758399974,1.0,0.0,nan,nan,2.602,0.04112545979946203,0.20644616771150598,0.2021006765155149,0.0,"[100, 300, 300, 300, 300]","[0.003949550069719235, 0.0020884699855375963, 0.004347901684902884, 0.0017260041831972288, 0.0010728676388911055]",,0.03652694399668552,0.02844432596027593,5.0,1.96,nan,known-logging,sieve,frozen,neural-fore,known-uniform,0.8,1.0,0.0,0.02,0.0
10000,2070437,1000000,-0.3170054884673674,-0.30888746662314426,-0.39611348053366346,0.008118021844223167,-0.07910799206629604,0.036622343029967024,-0.46789327287239885,-0.3243336881949281,0.0,0.14355958467747074,0.006004994317273617,0.002425315915397647,0.0030122077115029566,13.248858720139685,17.68509105001132,6719.19745576463,260.0,0.004295500022707529,27.30713942539951,1.0,0.0,nan,nan,2.404,0.03962670501451372,0.1986260054881939,0.19858053454060318,0.0,"[300, 300, 100, 300, 300]","[0.009489970422900524, 0.0029737354686006027, 0.007347742001280478, 0.0, 0.0016660522207560392]",,0.036622343029967024,0.03343841443587181,5.0,1.96,nan,known-logging,sieve,frozen,neural-fore,known-uniform,0.8,1.0,0.0,0.02,0.0
10000,2170440,1000000,-0.3170054884673674,-0.30721306661792896,-0.3214454573412669,0.00979242184943846,-0.004439968873899469,0.03613508094260194,-0.3922702159887667,-0.2506206986937671,1.0,0.1416495172949996,0.004891200682096207,0.002425315915397647,0.0030122077115029566,14.230369926482485,16.659069787202714,6590.435564185878,220.0,0.0034105107050717274,25.967761966001852,1.0,0.0,nan,nan,2.404,0.04092222178064741,0.2005078927228734,0.20380664381393038,0.0,"[100, 100, 300, 300, 300]","[0.007031014171243284, 0.010021539354115353, 0.0, 0.0, 0.0]",,0.03613508094260194,0.027362620382697815,5.0,1.96,nan,known-logging,sieve,frozen,neural-fore,known-uniform,0.8,1.0,0.0,0.02,0.0
10000,2270443,1000000,-0.3170054884673674,-0.3129543341124868,-0.2987457678751133,0.004051154354880626,0.018259720592254114,0.03573574039517717,-0.36878781904966057,-0.22870371670056605,1.0,0.14008410234909452,0.005729069991698879,0.002425315915397647,0.0030122077115029566,13.63650592170282,17.04521585276074,6641.267876573647,260.0,0.00311842973038601,27.75103614159743,1.0,0.0,nan,nan,2.62,0.03971886231420409,0.19669876142299342,0.20227910893368556,0.0,"[300, 300, 300, 100, 300]","[0.0066161271087671145, 0.0016711776773895525, 0.0014321555336789457, 0.0058726883320944405, 0.0]",,0.03573574039517717,0.029089673878372798,5.0,1.96,nan,known-logging,sieve,frozen,neural-fore,known-uniform,0.8,1.0,0.0,0.02,0.0
10000,2370446,1000000,-0.3170054884673674,-0.3202909876959944,-0.27690842531676746,-0.0032854992286269757,0.040097063150599965,0.034854978266063916,-0.3452241827182527,-0.2085926679152822,1.0,0.13663151480297056,0.00743249113354301,0.002425315915397647,0.0030122077115029566,13.323048548552531,15.777162838402491,6820.268105066146,260.0,0.001249743094430224,28.484879283401096,1.0,0.0,nan,nan,2.206,0.039929984035849936,0.1991700446715712,0.20250413496656527,0.0,"[300, 100, 300, 300, 300]","[0.0, 0.005026891119797437, 0.001221824352353683, 0.0, 0.0]",,0.034854978266063916,0.029419237953315833,5.0,1.96,nan,known-logging,sieve,frozen,neural-fore,known-uniform,0.8,1.0,0.0,0.02,0.0
10000,2470449,1000000,-0.3170054884673674,-0.3135930048006289,-0.3100718174954416,0.0034124836667385194,0.0069336709719258205,0.03589766822568153,-0.38043124721777744,-0.2397123877731058,1.0,0.1407188594446716,0.005414164699097889,0.002425315915397647,0.0030122077115029566,12.748716926866557,14.86451600223169,6740.515270220251,300.0,0.0009996771746019865,29.73752453379857,1.0,0.0,nan,nan,4.023999999999999,0.04006530169010855,0.199611954522261,0.2005808696636242,0.0,"[300, 300, 300, 300, 300]","[0.0, 0.0021951540247273104, 0.0, 0.0015491063229236077, 0.0012541255253590141]",,0.03589766822568153,0.018442542115036768,5.0,1.96,nan,known-logging,sieve,frozen,neural-fore,known-uniform,0.8,1.0,0.0,0.02,0.0
10000,2570452,1000000,-0.3170054884673674,-0.313722675615188,-0.34596494434780445,0.0032828128521794064,-0.028959455880437024,0.03652585514197444,-0.41755562042607436,-0.27437426826953454,1.0,0.14318135215653982,0.006308502681098004,0.002425315915397647,0.0030122077115029566,12.803880178273694,14.144958242844567,6704.340668753859,260.0,0.002385521111111678,30.814351908600656,1.0,0.0,nan,nan,0.6039999999999999,0.0406443680553749,0.2011420092624329,0.20309514216619312,0.0,"[100, 300, 300, 300, 300]","[0.004753432999710248, 0.0, 0.001082983865303791, 0.000348184505776247, 0.005743004184768105]",,0.03652585514197444,0.02493596341189278,5.0,1.96,nan,known-logging,sieve,frozen,neural-fore,known-uniform,0.8,1.0,0.0,0.02,0.0
10000,2670455,1000000,-0.3170054884673674,-0.3138283671026008,-0.37154938684227584,0.0031771213647666108,-0.05454389837490842,0.03677940306939127,-0.4436370168582827,-0.29946175682626897,1.0,0.14417526003201378,0.0071422798835040656,0.002425315915397647,0.0030122077115029566,13.790509877650978,22.082251223027157,6714.48943759995,180.0,0.0037876106073983424,26.83419539160095,1.0,0.0,nan,nan,4.6,0.038762719328672035,0.19574154721700404,0.19855160507961128,0.0,"[100, 300, 300, 100, 100]","[0.006952363229838773, 0.0, 0.002222840792291392, 0.004731226943826809, 0.005031622071034736]",,0.03677940306939127,0.021103306470651593,5.0,1.96,nan,known-logging,sieve,frozen,neural-fore,known-uniform,0.8,1.0,0.0,0.02,0.0
10000,2770458,1000000,-0.3170054884673674,-0.3123250533939654,-0.3348820806967061,0.004680435073402045,-0.017876592229338684,0.03603844767237622,-0.4055174381345635,-0.26424672325884874,1.0,0.14127071487571477,0.005614077503254286,0.002425315915397647,0.0030122077115029566,13.25986522218162,14.65081107976442,6675.226116647477,220.0,0.0030019570262882983,30.136358591598402,1.0,0.0,nan,nan,2.602,0.03930688057565427,0.19744488816735997,0.20053044448030172,0.0,"[300, 300, 100, 100, 300]","[0.0, 0.0, 0.006358660601153731, 0.007262555026448003, 0.0013885695038397586]",,0.03603844767237622,0.027906887024919655,5.0,1.96,nan,known-logging,sieve,frozen,neural-fore,known-uniform,0.8,1.0,0.0,0.02,0.0
10000,2870461,1000000,-0.3170054884673674,-0.319197544066869,-0.30376084889309934,-0.0021920555995015856,0.01324463957426808,0.03512450438455543,-0.37260487748682797,-0.23491682029937072,1.0,0.13768805718745727,0.005475772576004641,0.002425315915397647,0.0030122077115029566,12.164974278799235,13.28273448209584,6842.367472297254,260.0,0.0038319165371434026,32.19483445819933,1.0,0.0,nan,nan,2.404,0.03940992097985054,0.1963414150228769,0.19846763724100341,0.0,"[100, 300, 300, 300, 300]","[0.008702431375683205, 0.009121058883978194, 0.0, 0.0, 0.001336092426055611]",,0.03512450438455543,0.04854808339923571,5.0,1.96,nan,known-logging,sieve,frozen,neural-fore,known-uniform,0.8,1.0,0.0,0.02,0.0
10000,2970464,1000000,-0.3170054884673674,-0.29815593433189785,-0.28674416328956837,0.01884955413546957,0.03026132517779906,0.03557803646881139,-0.3564771147684387,-0.21701121181069805,1.0,0.13946590295774067,0.011784340650916433,0.002425315915397647,0.0030122077115029566,12.99988233028845,16.721522427715026,6777.7568444160115,260.0,0.0011223091202554986,30.563591958799954,1.0,0.0,nan,nan,4.204000000000001,0.03945913614390262,0.19871004816706733,0.19743399280584695,0.0,"[300, 100, 300, 300, 300]","[0.0, 0.001901656897563675, 0.0, 0.0, 0.0037098887037138183]",,0.03557803646881139,0.024047520590103028,5.0,1.96,nan,known-logging,sieve,frozen,neural-fore,known-uniform,0.8,1.0,0.0,0.02,0.0
10000,3070467,1000000,-0.3170054884673674,-0.31457654158768944,-0.3875149591926257,0.0024289468796779845,-0.07050947072525826,0.03699483228153306,-0.4600248304644305,-0.3150050879208209,1.0,0.14501974254360958,0.006580153371646908,0.002425315915397647,0.0030122077115029566,13.525081565391481,14.973207953740506,6699.158623682992,260.0,0.002184060051505965,30.208499225199194,1.0,0.0,nan,nan,2.206,0.040436684116475476,0.20135633306867837,0.20116418441659087,0.0,"[100, 300, 300, 300, 300]","[0.0013651392839152533, 0.005382331998081668, 0.002083573090265122, 0.0, 0.002089255885267783]",,0.03699483228153306,0.04536820374619794,5.0,1.96,nan,known-logging,sieve,frozen,neural-fore,known-uniform,0.8,1.0,0.0,0.02,0.0
10000,3170470,1000000,-0.3170054884673674,-0.31302149460657286,-0.3479858697022865,0.003983993860794566,-0.030980381234919085,0.03607927644571404,-0.418701251535886,-0.277270487868687,1.0,0.14143076366719903,0.006583941897344363,0.002425315915397647,0.0030122077115029566,12.585272141952904,14.635263828566854,6776.423547315231,260.0,0.001162595927388467,29.47506652440061,1.0,0.0,nan,nan,4.6,0.039374187707278886,0.1974573132879124,0.19997470086531768,0.0,"[300, 100, 300, 300, 300]","[0.0, 0.005812979636942335, 0.0, 0.0, 0.0]",,0.03607927644571404,0.027349574532602162,5.0,1.96,nan,known-logging,sieve,frozen,neural-fore,known-uniform,0.8,1.0,0.0,0.02,0.0
10000,3270473,1000000,-0.3170054884673674,-0.31135686356647263,-0.26102437808469475,0.005648624900894794,0.05598111038267267,0.03442844904314005,-0.32850413820924923,-0.19354461796014027,1.0,0.13495952024910898,0.006670353676755394,0.002425315915397647,0.0030122077115029566,12.743410084697741,18.322153750617925,6872.332736101049,180.0,0.0035121057362686543,25.04534624199805,1.0,0.0,nan,nan,4.204,0.04010628533724169,0.20081394787799378,0.19939056582006492,0.0,"[100, 100, 100, 300, 300]","[0.004397324056164633, 0.0052769170933547735, 0.004355323674002868, 0.0035309638578209976, 0.0]",,0.03442844904314005,0.03407793714592701,5.0,1.96,nan,known-logging,sieve,frozen,neural-fore,known-uniform,0.8,1.0,0.0,0.02,0.0
10000,3370476,1000000,-0.3170054884673674,-0.3185904343665794,-0.30933048555890474,-0.001584945899211987,0.00767500290846268,0.035018401793286545,-0.3779665530737464,-0.2406944180440631,1.0,0.13727213502968325,0.00713170613102107,0.002425315915397647,0.0030122077115029566,13.151528603182532,14.470369221228745,6662.9288287007075,300.0,0.002287845268313672,25.322159675600414,1.0,0.0,nan,nan,2.2239999999999998,0.041070428658584124,0.20221030246061736,0.20507454633229907,0.0,"[300, 300, 300, 300, 300]","[0.0, 0.006131345377092801, 0.0, 0.0025879535921703328, 0.0027199273723052257]",,0.035018401793286545,0.012556937360858717,5.0,1.96,nan,known-logging,sieve,frozen,neural-fore,known-uniform,0.8,1.0,0.0,0.02,0.0
10000,3470479,1000000,-0.3170054884673674,-0.3150387484817266,-0.34239558672507836,0.001966739985640842,-0.025390098257710936,0.03657332780921636,-0.41407930923114245,-0.2707118642190143,1.0,0.14336744501212814,0.00556217295202283,0.002425315915397647,0.0030122077115029566,13.890286638971757,18.425016521977494,6646.0305211834075,260.0,0.0028690034611377853,23.038969265999185,1.0,0.0,nan,nan,0.20800000000000002,0.03946685321070438,0.19807222883607029,0.1990881638952337,0.0,"[300, 100, 300, 300, 300]","[0.007575324254532173, 0.006769693051156754, 0.0, 0.0, 0.0]",,0.03657332780921636,0.01760071424025606,5.0,1.96,nan,known-logging,sieve,frozen,neural-fore,known-uniform,0.8,1.0,0.0,0.02,0.0
10000,3570482,1000000,-0.3170054884673674,-0.3082591861138726,-0.28193878642450754,0.008746302353494828,0.03506670204285989,0.035130621610030596,-0.3507948047801675,-0.21308276806884757,1.0,0.13771203671131993,0.006881733796521424,0.002425315915397647,0.0030122077115029566,12.231152754755795,13.615719501568252,6873.495018149143,260.0,0.0038111801210150703,23.687320100601937,1.0,0.0,nan,nan,2.206,0.04046980084338028,0.20050797294583225,0.20032097786787467,0.0,"[300, 300, 100, 300, 300]","[0.0035489341673266487, 0.0016789899267561918, 0.0065044715944443405, 0.0, 0.007323504916548172]",,0.035130621610030596,0.0338975533010636,5.0,1.96,nan,known-logging,sieve,frozen,neural-fore,known-uniform,0.8,1.0,0.0,0.02,0.0
10000,3670485,1000000,-0.3170054884673674,-0.317662426783552,-0.3332814178922724,-0.0006569383161845743,-0.016275929424904967,0.03571733003926678,-0.4032873847692353,-0.26327545101530947,1.0,0.1400119337539258,0.008957807028551045,0.002425315915397647,0.0030122077115029566,13.581138880954196,16.977174968233467,6700.159563155352,180.0,0.002816689465842989,20.8764492495975,1.0,0.0,nan,nan,6.202,0.03937925398208063,0.1981426143148702,0.20068338473298014,0.0,"[100, 100, 100, 300, 300]","[0.005156647206307421, 0.0034550041782321793, 0.005160366689645477, 0.0, 0.00031142925502987157]",,0.03571733003926678,0.03213963878296452,5.0,1.96,nan,known-logging,sieve,frozen,neural-fore,known-uniform,0.8,1.0,0.0,0.02,0.0
10000,3770488,1000000,-0.3170054884673674,-0.3192346846089223,-0.38046498260013606,-0.0022291961415548678,-0.06345949413276863,0.03645237547744817,-0.45191163853593447,-0.30901832666433765,1.0,0.14289331187159685,0.007057109192793206,0.002425315915397647,0.0030122077115029566,13.71566387402411,15.942585197930542,6652.039408712447,260.0,0.002867574058861398,23.16108845819981,1.0,0.0,nan,nan,4.006,0.040253126696428436,0.19920492924965777,0.20137432181716663,0.0,"[300, 100, 300, 300, 300]","[0.0, 0.00603035881020802, 0.0, 0.007772463009437541, 0.000535048474661428]",,0.03645237547744817,0.026411318410176805,5.0,1.96,nan,known-logging,sieve,frozen,neural-fore,known-uniform,0.8,1.0,0.0,0.02,0.0
10000,3870491,1000000,-0.3170054884673674,-0.31455280747154896,-0.26757503227512824,0.002452680995818468,0.04943045619223918,0.034838430250327956,-0.33585835556577104,-0.19929170898448545,1.0,0.1365666465812856,0.007261398811776606,0.002425315915397647,0.0030122077115029566,12.865277709846819,14.355183690994316,6773.665773411994,220.0,0.003929457610794504,21.444546866601012,1.0,0.0,nan,nan,2.8,0.040482354083368574,0.20205613560605715,0.20149209619680422,0.0,"[300, 300, 100, 100, 300]","[0.0, 0.008339612032395837, 0.007988180885556893, 0.0033194951360197944, 0.0]",,0.034838430250327956,0.014577537406058516,5.0,1.96,nan,known-logging,sieve,frozen,neural-fore,known-uniform,0.8,1.0,0.0,0.02,0.0
10000,3970494,1000000,-0.3170054884673674,-0.30717200407448086,-0.3042706267402601,0.00983348439288656,0.012734861727107305,0.03488316201091651,-0.3726416242816565,-0.23589962919886376,1.0,0.13674199508279272,0.0073777499380443074,0.002425315915397647,0.0030122077115029566,11.804421986906407,15.903759535372824,6833.65493249996,260.0,0.0012757363923505533,23.09572839160173,1.0000000000000002,0.0,nan,nan,4.42,0.04036188887245097,0.19860210465908185,0.20315600232357442,0.0,"[300, 100, 300, 300, 300]","[0.0, 0.006378681961752767, 0.0, 0.0, 0.0]",,0.03488316201091651,0.025791602748294323,5.0,1.96,nan,known-logging,sieve,frozen,neural-fore,known-uniform,0.8,1.0,0.0,0.02,0.0
10000,4070497,1000000,-0.3170054884673674,-0.3127650141685169,-0.3685354293127099,0.0042404742988505495,-0.05152994084534246,0.03687517585250164,-0.4408107739836131,-0.29626008464180664,1.0,0.14455068934180643,0.007216809421899248,0.002425315915397647,0.0030122077115029566,13.236584149192607,15.943374396509535,6595.798162642882,300.0,0.0,24.538712049999596,1.0,0.0,nan,nan,4.204,0.040649401471551425,0.20202838236241544,0.20124055899605633,0.0,"[300, 300, 300, 300, 300]","[0.0, 0.0, 0.0, 0.0, 0.0]",,0.03687517585250164,0.08284605777480612,5.0,1.96,nan,known-logging,sieve,frozen,neural-fore,known-uniform,0.8,1.0,0.0,0.02,0.0
10000,4170500,1000000,-0.3170054884673674,-0.3056747060997889,-0.310567612720324,0.011330782367578507,0.006437875747043409,0.03598929366653819,-0.38110662830673886,-0.24002859713390917,1.0,0.14107803117282972,0.009696255400616511,0.002425315915397647,0.0030122077115029566,13.793218887160217,16.36100141561762,6692.28038410409,260.0,0.0022657859757972422,22.63520937479989,1.0,0.0,nan,nan,0.40599999999999986,0.04035840597854583,0.20400541388763926,0.1982709516949955,0.0,"[300, 300, 300, 300, 100]","[0.0004355424416677995, 0.0, 0.0, 0.004793794836215876, 0.006099592601102538]",,0.03598929366653819,0.05725096038761627,5.0,1.96,nan,known-logging,sieve,frozen,neural-fore,known-uniform,0.8,1.0,0.0,0.02,0.0
10000,4270503,1000000,-0.3170054884673674,-0.3104488110486675,-0.28859568603399277,0.006556677418699919,0.028409802433374653,0.03576741214099208,-0.3586998138303372,-0.21849155823764832,1.0,0.14020825559268893,0.008431058539252015,0.002425315915397647,0.0030122077115029566,13.079664234981047,19.413486459143147,6633.36398597665,260.0,0.0007469625948261721,22.20382042500132,1.0,0.0,nan,nan,0.22600000000000003,0.03943913022908576,0.1967036343898912,0.19973342299772226,0.0,"[100, 300, 300, 300, 300]","[0.0037348129741308607, 0.0, 0.0, 0.0, 0.0]",,0.03576741214099208,0.04595632325626455,5.0,1.96,nan,known-logging,sieve,frozen,neural-fore,known-uniform,0.8,1.0,0.0,0.02,0.0
10000,4370506,1000000,-0.3170054884673674,-0.31657905295155747,-0.3435994140801269,0.0004264355158099531,-0.026593925612759473,0.03637153655278573,-0.41488762572358695,-0.27231120243666684,1.0,0.14257642328692005,0.007105481879486442,0.002425315915397647,0.0030122077115029566,12.885683468912413,15.23642271586352,6744.337799189851,260.0,0.0012740839673683214,22.900914050000573,1.0,0.0,nan,nan,4.402,0.04111727861066885,0.2026927639973067,0.20235369051818886,0.0,"[300, 100, 300, 300, 300]","[0.0, 0.004743360013586306, 0.0016270598232553013, 0.0, 0.0]",,0.03637153655278573,0.024104941296612586,5.0,1.96,nan,known-logging,sieve,frozen,neural-fore,known-uniform,0.8,1.0,0.0,0.02,0.0
10000,4470509,1000000,-0.3170054884673674,-0.3204797754561532,-0.2971229205271699,-0.0034742869887857686,0.01988256794019755,0.03544374049436307,-0.3665926518961215,-0.22765318915821825,1.0,0.13893946273790325,0.0070093791833209206,0.002425315915397647,0.0030122077115029566,12.889862197496004,16.593244841988888,6802.371978942276,220.0,0.002382854052360555,21.760336092200305,1.0,0.0,nan,nan,0.20800000000000002,0.040867995877158204,0.20062710656724506,0.2033102583693621,0.0,"[100, 100, 300, 300, 300]","[0.0018663246554901122, 0.004503219629075373, 0.00044296137613530505, 0.005101764601101986, 0.0]",,0.03544374049436307,0.041288949677747884,5.0,1.96,nan,known-logging,sieve,frozen,neural-fore,known-uniform,0.8,1.0,0.0,0.02,0.0
10000,4570512,1000000,-0.3170054884673674,-0.3247932668495574,-0.4252265642941144,-0.007787778382189969,-0.10822107582674695,0.0376171314220762,-0.4989561418813837,-0.35149698670684504,0.0,0.1474591551745387,0.0062878667372270386,0.002425315915397647,0.0030122077115029566,13.866631084986922,17.983403099656353,6513.328674392529,300.0,0.0016207576453710778,24.08629662559906,1.0,0.0,nan,nan,2.206,0.04118949856250313,0.2035863094842718,0.2017826178964123,0.0,"[300, 300, 300, 300, 300]","[0.0038896248670387576, 0.0, 0.0, 0.004214163359816631, 0.0]",,0.0376171314220762,0.043882320946354435,5.0,1.96,nan,known-logging,sieve,frozen,neural-fore,known-uniform,0.8,1.0,0.0,0.02,0.0
10000,4670515,1000000,-0.3170054884673674,-0.30703170607820623,-0.3360524562651575,0.00997378238916119,-0.019046967797790082,0.036361675006759284,-0.4073213392784057,-0.2647835732519093,1.0,0.1425377660264964,0.0053375050339518355,0.002425315915397647,0.0030122077115029566,13.291832763859388,15.29060555465629,6704.278406023357,300.0,0.001990027232429358,24.23560646699916,1.0,0.0,nan,nan,4.006,0.04093540910749506,0.20171116599518552,0.20250045366483455,0.0,"[300, 300, 300, 300, 300]","[0.0, 0.004395317220673292, 0.0, 0.0055548189414734985, 0.0]",,0.036361675006759284,0.026023355308356005,5.0,1.96,nan,known-logging,sieve,frozen,neural-fore,known-uniform,0.8,1.0,0.0,0.02,0.0
10000,4770518,1000000,-0.3170054884673674,-0.31062612268981027,-0.31429991017234926,0.0063793657775571555,0.002705578295018163,0.03566027681006886,-0.3841940527200842,-0.2444057676246143,1.0,0.13978828509546992,0.006215510429575207,0.002425315915397647,0.0030122077115029566,13.551777686547423,19.101462329421974,6788.794237215311,220.0,0.005454637574237526,22.03482464980043,1.0,0.0,nan,nan,4.204,0.040034892672029254,0.19586261081732342,0.2028800103545468,0.0,"[300, 100, 100, 300, 300]","[0.0014471696995252662, 0.010584211798637994, 0.0073390284373575174, 0.007149308959781282, 0.0007534689758855694]",,0.03566027681006886,0.02769305272584558,5.0,1.96,nan,known-logging,sieve,frozen,neural-fore,known-uniform,0.8,1.0,0.0,0.02,0.0
10000,4870521,1000000,-0.3170054884673674,-0.31391513862006976,-0.3135244991015265,0.0030903498472976687,0.003480989365840903,0.03574555151061394,-0.38358578006232985,-0.2434632181407232,1.0,0.14012256192160663,0.008098932871834533,0.002425315915397647,0.0030122077115029566,12.611939707972633,14.126278908835264,6825.814684740381,180.0,0.002992078199388227,20.43887536679831,1.0,0.0,nan,nan,2.404,0.0412325528344332,0.20703651467238338,0.20034668882768591,0.0,"[300, 100, 100, 300, 100]","[0.0, 0.0037952788597890967, 0.0023768546740945613, 0.0007937887340123573, 0.00799446872904512]",,0.03574555151061394,0.023160085689801834,5.0,1.96,nan,known-logging,sieve,frozen,neural-fore,known-uniform,0.8,1.0,0.0,0.02,0.0
10000,4970524,1000000,-0.3170054884673674,-0.307324555922068,-0.34552678252780467,0.009680932545299448,-0.02852129406043724,0.0366060713945584,-0.41727468246113913,-0.2737788825944702,1.0,0.1434957998666689,0.0065742290774360645,0.002425315915397647,0.0030122077115029566,12.712084585607986,13.451779107678274,6620.738831255248,220.0,0.002774871368152787,21.07776940019976,1.0,0.0,nan,nan,4.204,0.03993111823416029,0.19947659357084652,0.19992555543889579,0.0,"[300, 100, 100, 300, 300]","[0.0008093420748023665, 0.0033234827224418294, 0.009365901476134543, 0.0, 0.00037563056738519705]",,0.0366060713945584,0.008606388428120735,5.0,1.96,nan,known-logging,sieve,frozen,neural-fore,known-uniform,0.8,1.0,0.0,0.02,0.0
10000,5070527,1000000,-0.3170054884673674,-0.3151390934307366,-0.3423798521875342,0.0018663950366308302,-0.02537436372016677,0.03662943356321549,-0.4141735419714366,-0.2705861624036318,1.0,0.14358737956780473,0.005987754530955307,0.002425315915397647,0.0030122077115029566,12.87163471766492,14.673414583098653,6627.431463473715,300.0,0.0010033522169305097,24.315900824600977,1.0,0.0,nan,nan,6.004,0.03908837234485102,0.19608688279071734,0.19809085151367428,0.0,"[300, 300, 300, 300, 300]","[0.0, 0.004069599244526628, 0.0, 0.0, 0.0009471618401259204]",,0.03662943356321549,0.026295041178863564,5.0,1.96,nan,known-logging,sieve,frozen,neural-fore,known-uniform,0.8,1.0,0.0,0.02,0.0
10000,5170530,1000000,-0.3170054884673674,-0.307843302715169,-0.3474194413935141,0.009162185752198404,-0.03041395292614668,0.036651255872253846,-0.41925590290313164,-0.2755829798838966,1.0,0.14367292301923507,0.007960132280774754,0.002425315915397647,0.0030122077115029566,13.284243378471361,15.361452844765958,6583.106860262242,300.0,0.0014770972105066474,24.968335391597794,1.0,0.0,nan,nan,6.0040000000000004,0.039400173901302286,0.19800718773475698,0.1983601594016592,0.0,"[300, 300, 300, 300, 300]","[0.0, 0.005223652830907419, 0.002161833221625818, 0.0, 0.0]",,0.036651255872253846,0.01371667240860189,5.0,1.96,nan,known-logging,sieve,frozen,neural-fore,known-uniform,0.8,1.0,0.0,0.02,0.0
10000,5270533,1000000,-0.3170054884673674,-0.31633006869641583,-0.3510664076020139,0.0006754197709515908,-0.03406091913464648,0.035805569985585414,-0.4212453247737613,-0.2808874904302665,1.0,0.14035783434349483,0.005320947254584672,0.002425315915397647,0.0030122077115029566,13.097943197532846,19.028892066801752,6782.89760203329,180.0,0.0038245254331875033,19.79582608359997,1.0,0.0,nan,nan,4.401999999999999,0.040546987119887246,0.20199974829589523,0.1999094557507427,0.0,"[100, 100, 300, 300, 100]","[0.0035384617519776083, 0.007116842820167781, 0.0, 0.0, 0.00846732259379213]",,0.035805569985585414,0.024782260875366956,5.0,1.96,nan,known-logging,sieve,frozen,neural-fore,known-uniform,0.8,1.0,0.0,0.02,0.0
10000,5370536,1000000,-0.3170054884673674,-0.30547200806770597,-0.2601591214061537,0.011533480399661455,0.05684636706121371,0.03541941639337021,-0.3295811775371593,-0.1907370652751481,1.0,0.1388441122620112,0.007744950737543886,0.002425315915397647,0.0030122077115029566,13.145759465958179,15.63103279106357,6790.346722894399,260.0,0.0037934345766896444,22.58483091660164,1.0,0.0,nan,nan,6.4,0.0398583940425158,0.2001749314894953,0.1993050217084827,0.0,"[300, 300, 100, 300, 300]","[0.0, 0.004584964550587142, 0.0009109459196640825, 0.0036251901871158037, 0.009846072226081195]",,0.03541941639337021,0.03594447835801688,5.0,1.96,nan,known-logging,sieve,frozen,neural-fore,known-uniform,0.8,1.0,0.0,0.02,0.0
10000,5470539,1000000,-0.3170054884673674,-0.3147967259737442,-0.3779589012361151,0.0022087624936232286,-0.06095341276874766,0.037002683590081714,-0.45048416107267525,-0.3054336413995549,1.0,0.14505051967312033,0.007074946793744027,0.002425315915397647,0.0030122077115029566,14.496868080876267,19.11915239512512,6647.277319297775,260.0,0.0019492003123598631,22.949014158199862,1.0,0.0,nan,nan,2.404,0.0395087453256044,0.19863757713685087,0.1972541512705813,0.0,"[100, 300, 300, 300, 300]","[0.008296468133345796, 0.0004306549349132843, 0.0, 0.0, 0.0010188784935402358]",,0.037002683590081714,0.03514863430393229,5.0,1.96,nan,known-logging,sieve,frozen,neural-fore,known-uniform,0.8,1.0,0.0,0.02,0.0
10000,5570542,1000000,-0.3170054884673674,-0.30813162143802464,-0.3379952582712471,0.008873867029342786,-0.020989769803879677,0.036420169863517954,-0.4093787912037423,-0.2666117253387519,1.0,0.14276706586499038,0.005109380758042145,0.002425315915397647,0.0030122077115029566,13.834411231775963,19.035973816271248,6706.329535358799,300.0,0.0025837251465726254,23.814831758600484,1.0,0.0,nan,nan,2.206,0.040255144910001685,0.1978660874952718,0.20346131697475944,0.0,"[300, 300, 300, 300, 300]","[0.0, 0.00020496549802338445, 0.007676221461935674, 0.0, 0.00503743877290407]",,0.036420169863517954,0.007245766095131623,5.0,1.96,nan,known-logging,sieve,frozen,neural-fore,known-uniform,0.8,1.0,0.0,0.02,0.0
10000,5670545,1000000,-0.3170054884673674,-0.32997355996812944,-0.3135498716026231,-0.012968071500762013,0.0034556168647443264,0.03506020170906298,-0.38226786695238657,-0.24483187625285965,1.0,0.1374359906995269,0.006783116145177584,0.002425315915397647,0.0030122077115029566,12.289115516753823,13.966736622735198,6818.416032947104,220.0,0.0019800345257277837,21.1976197916003,1.0,0.0,nan,nan,4.204,0.03998442006052784,0.20159501554867756,0.20069774558240577,0.0,"[300, 100, 300, 100, 300]","[0.0001491330157273455, 0.00442854261600003, 0.0, 0.005090678267189175, 0.00023181872972236842]",,0.03506020170906298,0.05048187867079978,5.0,1.96,nan,known-logging,sieve,frozen,neural-fore,known-uniform,0.8,1.0,0.0,0.02,0.0
10000,5770548,1000000,-0.3170054884673674,-0.3129787359392292,-0.3111344429106163,0.004026752528138222,0.005871045556751109,0.03605357997183547,-0.38179945965541384,-0.2404694261658188,1.0,0.14133003348959502,0.007612226997306629,0.002425315915397647,0.0030122077115029566,13.804841884038945,15.280582541633947,6689.848924079132,260.0,0.003408093534974118,22.64811519120267,1.0,0.0,nan,nan,4.6,0.040195621254454084,0.20032312816880404,0.2006758711296658,0.0,"[100, 300, 300, 300, 300]","[0.0067373928733096555, 0.0, 0.003799348231279232, 0.0038505809788642415, 0.0026531455914174597]",,0.03605357997183547,0.019069752184576738,5.0,1.96,nan,known-logging,sieve,frozen,neural-fore,known-uniform,0.8,1.0,0.0,0.02,0.0
10000,5870551,1000000,-0.3170054884673674,-0.3047913425304673,-0.251147521865993,0.012214145936900123,0.06585796660137444,0.03474011587234622,-0.31923814897579156,-0.1830568947561944,1.0,0.13618125421959718,0.0067761672520616194,0.002425315915397647,0.0030122077115029566,13.71415973668461,16.223168470703758,6777.544496239405,260.0,0.0018992164861539637,23.616602475200487,1.0,0.0,nan,nan,4.006,0.04014424182791782,0.2016031456289505,0.19722639429796607,0.0,"[300, 300, 300, 100, 300]","[0.0, 0.004721346480567131, 0.00283744764918768, 0.0019372883010150077, 0.0]",,0.03474011587234622,0.03590665948951699,5.0,1.96,nan,known-logging,sieve,frozen,neural-fore,known-uniform,0.8,1.0,0.0,0.02,0.0
10000,5970554,1000000,-0.3170054884673674,-0.3085501558993398,-0.3140478650634392,0.008455332568027607,0.0029576234039282445,0.03574697077790867,-0.3841119277881402,-0.24398380233873818,1.0,0.14012812544940198,0.006539172763313215,0.002425315915397647,0.0030122077115029566,12.957561177675526,15.247565658619926,6814.58051741362,220.0,0.0044417368827660885,21.70785605819983,1.0,0.0,nan,nan,4.401999999999999,0.040183346834089126,0.20111608863762123,0.20136202570745504,0.0,"[100, 300, 300, 300, 100]","[0.004678620834485565, 0.005540531217686177, 0.00678428150336439, 0.0, 0.00520525085829431]",,0.03574697077790867,0.04030978155825509,5.0,1.96,nan,known-logging,sieve,frozen,neural-fore,known-uniform,0.8,1.0,0.0,0.02,0.0
10000,6070557,1000000,-0.3170054884673674,-0.31881141963838,-0.34239787681678047,-0.0018059311710125758,-0.025392388349413042,0.036377736825055663,-0.4136982409938896,-0.27109751263967136,1.0,0.1426007283542182,0.007752858783749008,0.002425315915397647,0.0030122077115029566,13.058255740722254,17.461474838033254,6717.95788627345,260.0,0.0020453837983767246,23.722211783799867,1.0,0.0,nan,nan,6.202,0.04049820228633198,0.2024075616857523,0.1983504763319833,0.0,"[300, 300, 300, 100, 300]","[0.001390422119173432, 0.0026330240000355318, 0.0, 0.0032496445645759605, 0.002953828308098697]",,0.036377736825055663,0.050148352419067996,5.0,1.96,nan,known-logging,sieve,frozen,neural-fore,known-uniform,0.8,1.0,0.0,0.02,0.0
10000,6170560,1000000,-0.3170054884673674,-0.31030729460808987,-0.3161507808511112,0.006698193859277557,0.0008547076162562228,0.035854509378010005,-0.3864256192320108,-0.2458759424702116,1.0,0.14054967676179922,0.008218418382089428,0.002425315915397647,0.0030122077115029566,13.187920081743046,16.299913187728475,6734.1133205024225,220.0,0.003775777472619233,21.337228791399685,1.0,0.0,nan,nan,8.2,0.04019153344234471,0.198729245966014,0.1990874682990954,0.0,"[300, 300, 100, 100, 300]","[0.0015045433161368492, 7.379670886287286e-05, 0.006359970112544528, 0.008493935354615373, 0.0024466418709365406]",,0.035854509378010005,0.03661397111583916,5.0,1.96,nan,known-logging,sieve,frozen,neural-fore,known-uniform,0.8,1.0,0.0,0.02,0.0
10000,6270563,1000000,-0.3170054884673674,-0.3086330468423011,-0.31505557151792535,0.00837244162506634,0.0019499169494420765,0.036035626367684134,-0.38568539919858624,-0.24442574383726445,1.0,0.14125965536132182,0.006104018134284871,0.002425315915397647,0.0030122077115029566,13.598648727180214,15.457898890483092,6583.407426998154,260.0,0.0017269936466531143,23.5232535835974,1.0,0.0,nan,nan,2.008,0.04049963243163976,0.2002903939927636,0.2011733084608483,0.0,"[300, 300, 100, 300, 300]","[0.0, 0.0, 0.005787204302782954, 0.0, 0.0028477639304826177]",,0.036035626367684134,0.026578307150423336,5.0,1.96,nan,known-logging,sieve,frozen,neural-fore,known-uniform,0.8,1.0,0.0,0.02,0.0
10000,6370566,1000000,-0.3170054884673674,-0.31373637143654703,-0.3305295500800063,0.00326911703082039,-0.01352406161263886,0.03581731670482299,-0.40073149082145937,-0.2603276093385532,1.0,0.14040388148290614,0.00704388343680263,0.002425315915397647,0.0030122077115029566,13.160083707766834,15.39104210506839,6816.737298133608,220.0,0.0026083996937335944,21.09724437499972,1.0,0.0,nan,nan,4.204,0.04064954436151888,0.20255613557726027,0.20076248368996064,0.0,"[300, 300, 100, 300, 100]","[0.0, 0.0014482009849337205, 0.001991192636199155, 0.004306863237014565, 0.005295741610520531]",,0.03581731670482299,0.020410043235224905,5.0,1.96,nan,known-logging,sieve,frozen,neural-fore,known-uniform,0.8,1.0,0.0,0.02,0.0
10000,6470569,1000000,-0.3170054884673674,-0.31557514322950037,-0.36503225212002083,0.001430345237867059,-0.048026763652653404,0.03624799643301177,-0.4360783251287239,-0.29398617911131775,1.0,0.14209214601740613,0.005859548620934373,0.002425315915397647,0.0030122077115029566,13.422032523474158,15.483403173124447,6667.936937075566,300.0,0.0034391999440892577,25.312863799599292,1.0,0.0,nan,nan,8.2,0.04159692102258784,0.2062412601768097,0.20097772109591064,0.0,"[300, 300, 300, 300, 300]","[0.0024973984626998915, 0.006134187363234748, 0.0, 0.004579295007519153, 0.003985118886992498]",,0.03624799643301177,0.024785768438756475,5.0,1.96,nan,known-logging,sieve,frozen,neural-fore,known-uniform,0.8,1.0,0.0,0.02,0.0
10000,6570572,1000000,-0.3170054884673674,-0.31501242643939237,-0.32423196880197386,0.0019930620279750566,-0.007226480334606433,0.03539826931493209,-0.39361257665924076,-0.25485136094470695,1.0,0.1387612157145338,0.006489117786881167,0.002425315915397647,0.0030122077115029566,12.745105284280786,15.783967208723565,6850.824302627377,220.0,0.0029211518184887354,22.64431574120099,1.0,0.0,nan,nan,6.202,0.03972780852801182,0.20093948217589563,0.1998639189301084,0.0,"[100, 100, 300, 300, 300]","[0.006260693410093792, 0.008345065682349885, 0.0, 0.0, 0.0]",,0.03539826931493209,0.0386167484755223,5.0,1.96,nan,known-logging,sieve,frozen,neural-fore,known-uniform,0.8,1.0,0.0,0.02,0.0
10000,6670575,1000000,-0.3170054884673674,-0.3068630221265503,-0.2696340630668037,0.010142466340817113,0.047371425400563716,0.03477065448621628,-0.3377845458597876,-0.2014835802738198,1.0,0.13630096558596783,0.007977927834592394,0.002425315915397647,0.0030122077115029566,11.986877072505536,14.39247065230529,6976.68199665339,220.0,0.002431348662139849,23.371224742001505,1.0,0.0,nan,nan,4.204,0.03984050062136754,0.20033204960353457,0.19864788831185903,0.0,"[100, 300, 300, 300, 100]","[0.007647707987050088, 0.0, 0.0019734826657199075, 0.0, 0.002535552657929248]",,0.03477065448621628,0.04204986224302725,5.0,1.96,nan,known-logging,sieve,frozen,neural-fore,known-uniform,0.8,1.0,0.0,0.02,0.0
10000,6770578,1000000,-0.3170054884673674,-0.3189583727492076,-0.3303821050406569,-0.0019528842818401504,-0.01337661657328948,0.03585312603803103,-0.40065423207519774,-0.26010997800611607,1.0,0.14054425406908164,0.005290086207284506,0.002425315915397647,0.0030122077115029566,13.579374795336578,16.555285508350263,6689.055753899985,220.0,0.0022829489784303757,23.26672228399766,1.0,0.0,nan,nan,4.006000000000001,0.0409484645506694,0.2014258821220168,0.2032579231429586,0.0,"[300, 300, 300, 100, 100]","[0.0, 0.0015363988101252048, 0.0, 0.005520023610628151, 0.004358322471398521]",,0.03585312603803103,0.05569407590164272,5.0,1.96,nan,known-logging,sieve,frozen,neural-fore,known-uniform,0.8,1.0,0.0,0.02,0.0
10000,6870581,1000000,-0.3170054884673674,-0.29913550288552276,-0.26050770376471066,0.01786998558184466,0.05649778470265676,0.03501319831551028,-0.3291335724631108,-0.1918818350663105,1.0,0.1372517373968003,0.008454531786023591,0.002425315915397647,0.0030122077115029566,12.837871739060956,14.911265189609802,6761.776941864003,220.0,0.0019676669298118767,24.567992158398557,1.0,0.0,nan,nan,4.204,0.04033225098876765,0.20058704983201564,0.2025747856536791,0.0,"[100, 300, 300, 300, 100]","[0.0029851261288136406, 0.0, 0.0, 0.0, 0.006853208520245743]",,0.03501319831551028,0.038320523647781615,5.0,1.96,nan,known-logging,sieve,frozen,neural-fore,known-uniform,0.8,1.0,0.0,0.02,0.0
10000,6970584,1000000,-0.3170054884673674,-0.31209619654617343,-0.3418808668957347,0.004909291921193992,-0.02487537842836729,0.03621923435207294,-0.41287056622579765,-0.2708911675656718,1.0,0.14197939866012593,0.0065215220404418045,0.002425315915397647,0.0030122077115029566,12.709304133423997,15.52383933106816,6676.196428230444,300.0,0.0023451593258652947,26.159784683599717,1.0,0.0,nan,nan,6.4,0.0402889588597473,0.20058657224588625,0.19967760222432956,0.0,"[300, 300, 300, 300, 300]","[0.0013436708023441078, 0.008035854095285608, 0.0, 0.0, 0.0023462717316967575]",,0.03621923435207294,0.00892286967949817,5.0,1.96,nan,known-logging,sieve,frozen,neural-fore,known-uniform,0.8,1.0,0.0,0.02,0.0
10000,7070587,1000000,-0.3170054884673674,-0.3038712557925154,-0.3198222869580946,0.013134232674852031,-0.0028167984907271904,0.03615396598332685,-0.39068406028541525,-0.24896051363077398,1.0,0.14172354665464124,0.005706027309097848,0.002425315915397647,0.0030122077115029566,13.107478541057114,16.6856793894172,6774.1218662101055,220.0,0.00361663497389951,23.016301908799505,1.0,0.0,nan,nan,2.206,0.04046299523505368,0.20190947819849248,0.20144223407833078,0.0,"[300, 300, 100, 300, 100]","[0.0019958716037878736, 0.0, 0.00781763977406302, 0.0, 0.00826966349164666]",,0.03615396598332685,0.03816961446309512,5.0,1.96,nan,known-logging,sieve,frozen,neural-fore,known-uniform,0.8,1.0,0.0,0.02,0.0
10000,7170590,1000000,-0.3170054884673674,-0.3240522501995738,-0.3764815193944335,-0.007046761732206364,-0.05947603092706605,0.03625329469048483,-0.44753797698778375,-0.3054250618010832,1.0,0.14211291518670052,0.005438573615763339,0.002425315915397647,0.0030122077115029566,13.101366672624799,21.73777595809003,6664.730137695369,300.0,0.0013134612583131926,26.931062192000535,1.0,0.0,nan,nan,0.406,0.04043688809758385,0.20019270825751673,0.20090642173544143,0.0,"[300, 300, 300, 300, 300]","[0.0009225247434320807, 0.0038392684438277387, 1.3572432466486394e-05, 0.0017919406718396582, 0.0]",,0.03625329469048483,0.04497122747627615,5.0,1.96,nan,known-logging,sieve,frozen,neural-fore,known-uniform,0.8,1.0,0.0,0.02,0.0
10000,7270593,1000000,-0.3170054884673674,-0.3099425191693758,-0.27404389157238934,0.007062969297991606,0.04296159689497808,0.03493458231769552,-0.34251567291507257,-0.20557211022970612,1.0,0.13694356268536645,0.006815284854872924,0.002425315915397647,0.0030122077115029566,12.694811249342633,15.01329190957178,6815.372034052205,260.0,0.0016966361292216742,25.297618275599962,1.0,0.0,nan,nan,4.2219999999999995,0.040336937226786926,0.20269815006889388,0.19975378943366762,0.0,"[300, 300, 100, 300, 300]","[0.0, 0.0, 0.008483180646108372, 0.0, 0.0]",,0.03493458231769552,0.02110407664503271,5.0,1.96,nan,known-logging,sieve,frozen,neural-fore,known-uniform,0.8,1.0,0.0,0.02,0.0
10000,7370596,1000000,-0.3170054884673674,-0.31265290377153826,-0.27115702098452654,0.004352584695829165,0.04584846748284088,0.03467493344833873,-0.33911989054327046,-0.20319415142578262,1.0,0.13592573911748781,0.006400163691484448,0.002425315915397647,0.0030122077115029566,12.334346750019128,15.83542255175112,6902.722654553381,220.0,0.003464160202154132,22.231278291200578,1.0,0.0,nan,nan,4.2219999999999995,0.03936769834977065,0.19801828153543977,0.19719072216455807,0.0,"[300, 300, 100, 300, 100]","[0.0, 0.0063850151535989295, 0.004896474858282521, 0.0006419769464135832, 0.005397334052475625]",,0.03467493344833873,0.039173751903204115,5.0,1.96,nan,known-logging,sieve,frozen,neural-fore,known-uniform,0.8,1.0,0.0,0.02,0.0
10000,7470599,1000000,-0.3170054884673674,-0.3049063075467544,-0.30879918459739686,0.012099180920613017,0.008206303869970566,0.03573556055600787,-0.3788408832871723,-0.23875748590762141,1.0,0.14008339737955086,0.006646629868096265,0.002425315915397647,0.0030122077115029566,12.210435601138773,13.532517653239461,6831.97925890337,180.0,0.004481937042738297,20.837760858399996,1.0,0.0,nan,nan,2.8,0.04010959117986178,0.20140083904041192,0.19874219277213437,0.0,"[100, 100, 300, 100, 300]","[0.0112142589222592, 0.006130216411511809, 0.00021105843770668917, 0.004854151442213788, 0.0]",,0.03573556055600787,0.03679888310097836,5.0,1.96,nan,known-logging,sieve,frozen,neural-fore,known-uniform,0.8,1.0,0.0,0.02,0.0
10000,7570602,1000000,-0.3170054884673674,-0.31379001989687966,-0.27401283969105894,0.0032154685704877672,0.042992648776308484,0.034768376643599594,-0.34215885791251416,-0.20586682146960372,1.0,0.1362920364429104,0.007807250714716184,0.002425315915397647,0.0030122077115029566,12.755878791756945,19.17554867616338,6794.715577836384,220.0,0.0019224855388335995,22.74838151659933,1.0,0.0,nan,nan,6.220000000000001,0.039356654825610946,0.19852175502241376,0.19857030009631163,0.0,"[100, 300, 100, 300, 300]","[0.004474294539381949, 0.0, 0.0015050990118703547, 0.00015506410066965653, 0.003477970042246037]",,0.034768376643599594,0.03762743373819845,5.0,1.96,nan,known-logging,sieve,frozen,neural-fore,known-uniform,0.8,1.0,0.0,0.02,0.0
10000,7670605,1000000,-0.3170054884673674,-0.3158042807662964,-0.3289926276623525,0.0012012077010710165,-0.011987139194985064,0.03645688125686601,-0.4004481149258099,-0.2575371403988951,1.0,0.14291097452691476,0.006344428627229973,0.002425315915397647,0.0030122077115029566,13.640590830301493,19.21998799059223,6614.606785660547,300.0,0.0020479164130694115,26.548092474800796,1.0,0.0,nan,nan,2.404,0.041146935326769093,0.20474725794258233,0.20299517526652172,0.0,"[300, 300, 300, 300, 300]","[0.0, 0.0, 0.006205120403628422, 0.004034461661718636, 0.0]",,0.03645688125686601,0.08382873834374528,5.0,1.96,nan,known-logging,sieve,frozen,neural-fore,known-uniform,0.8,1.0,0.0,0.02,0.0
10000,7770608,1000000,-0.3170054884673674,-0.30086671302760176,-0.3635220496220256,0.016138775439765662,-0.04651656115465819,0.036812235454850545,-0.43567403111353264,-0.2913700681305186,1.0,0.14430396298301412,0.00542450367189491,0.002425315915397647,0.0030122077115029566,14.056719423802717,21.649277571328387,6647.630230829532,300.0,0.001700175711625649,26.365368741799465,1.0,0.0,nan,nan,6.004,0.04162622883641624,0.20306027120794362,0.2033397080258999,0.0,"[300, 300, 300, 300, 300]","[0.002775633087345528, 0.00048060539152561157, 0.005244640079257104, 0.0, 0.0]",,0.036812235454850545,0.024266700532740732,5.0,1.96,nan,known-logging,sieve,frozen,neural-fore,known-uniform,0.8,1.0,0.0,0.02,0.0
10000,7870611,1000000,-0.3170054884673674,-0.3059671134920436,-0.2979369670078853,0.01103837497532384,0.019068521459482124,0.03546104139614469,-0.3674406081443289,-0.22843332587144172,1.0,0.1390072822728872,0.006285814583354734,0.002425315915397647,0.0030122077115029566,12.87890492326688,14.314216869387721,6730.34655696499,220.0,0.003490593602424993,22.70247046679797,1.0,0.0,nan,nan,4.006,0.040323183670058944,0.20072622917975408,0.2017882881886539,0.0,"[300, 300, 300, 100, 100]","[0.003082762626218373, 0.0005315617384041617, 0.0016499497349860366, 0.009480240591686208, 0.0027084533208301836]",,0.03546104139614469,0.03074962486903294,5.0,1.96,nan,known-logging,sieve,frozen,neural-fore,known-uniform,0.8,1.0,0.0,0.02,0.0
10000,7970614,1000000,-0.3170054884673674,-0.31663719056834977,-0.32572843936999935,0.00036829789901765553,-0.00872295090263192,0.03592663252974834,-0.3961446391283061,-0.2553122396116926,1.0,0.1408323995166135,0.006771505996537237,0.002425315915397647,0.0030122077115029566,12.750336840610133,14.341321874221212,6759.960643873345,260.0,0.0018767584070336352,24.55209109199932,1.0,0.0,nan,nan,4.204,0.03940711171986862,0.19798943776713662,0.19746958350858915,0.0,"[300, 300, 300, 300, 100]","[0.0, 0.0, 0.002743579682586117, 0.0, 0.0066402123525820585]",,0.03592663252974834,0.03688095747599151,5.0,1.96,nan,known-logging,sieve,frozen,neural-fore,known-uniform,0.8,1.0,0.0,0.02,0.0
10000,8070617,1000000,-0.3170054884673674,-0.2990854803908789,-0.28824080619785536,0.017920008076488525,0.028764682269512065,0.03601672041652362,-0.35883357821424167,-0.21764803418146905,1.0,0.14118554403277261,0.006748961553865189,0.002425315915397647,0.0030122077115029566,13.983581726377158,17.03524148968425,6672.053906988258,300.0,0.003778825434956278,26.079020358001436,1.0,0.0,nan,nan,0.40599999999999997,0.040921577128199035,0.2017901338542616,0.2004023273117912,0.0,"[300, 300, 300, 300, 300]","[0.0, 0.006611017415885798, 0.008827077765530524, 0.0006329225271029565, 0.0028231094662621125]",,0.03601672041652362,0.038573803322226055,5.0,1.96,nan,known-logging,sieve,frozen,neural-fore,known-uniform,0.8,1.0,0.0,0.02,0.0
10000,8170620,1000000,-0.3170054884673674,-0.30734147954844043,-0.2670911063958792,0.009664008918926992,0.04991438207148824,0.035357874011079565,-0.3363925394575951,-0.19778967333416325,1.0,0.1386028661234319,0.008073368596051825,0.002425315915397647,0.0030122077115029566,13.701280099130642,18.763456369412953,6738.518302956398,260.0,0.0008869449471664563,22.933602498999242,1.0,0.0,nan,nan,4.204,0.04010525142921213,0.19920485550336736,0.20152678743524044,0.0,"[300, 300, 300, 300, 100]","[0.0, 6.109560111814854e-05, 0.0012303510827374308, 0.0, 0.0031432780519767027]",,0.035357874011079565,0.03125900081130545,5.0,1.96,nan,known-logging,sieve,frozen,neural-fore,known-uniform,0.8,1.0,0.0,0.02,0.0
10000,8270623,1000000,-0.3170054884673674,-0.30409674745210996,-0.3675851355780692,0.012908741015257463,-0.050579647110701786,0.03692504694763295,-0.4399582275954298,-0.2952120435607086,1.0,0.14474618403472114,0.0068940254226826266,0.002425315915397647,0.0030122077115029566,13.517035277857378,17.334761738690926,6610.963052714166,260.0,0.001687547775049842,23.049195091999717,1.0,0.0,nan,nan,2.404,0.040715243576236355,0.20011951664879227,0.20242955175210026,0.0,"[300, 300, 300, 300, 100]","[0.0, 0.0005095805538785685, 0.0, 0.004183422922048796, 0.0037447353993218463]",,0.03692504694763295,0.05499037814608252,5.0,1.96,nan,known-logging,sieve,frozen,neural-fore,known-uniform,0.8,1.0,0.0,0.02,0.0
10000,8370626,1000000,-0.3170054884673674,-0.31852983826381964,-0.3014902931338129,-0.001524349796452218,0.015515195333554499,0.035088693374945856,-0.3702641321487068,-0.23271645411891906,1.0,0.13754767802978776,0.006202462441533618,0.002425315915397647,0.0030122077115029566,12.63130791743839,17.347786861310848,6724.096710897224,220.0,0.0034526002419600814,21.27431159960033,1.0,0.0,nan,nan,6.202,0.03997765474534559,0.19958684371968466,0.19758007176912998,0.0,"[300, 100, 300, 300, 100]","[0.0, 0.01065956131783002, 0.0, 0.0, 0.006603439891970385]",,0.035088693374945856,0.03170729255450115,5.0,1.96,nan,known-logging,sieve,frozen,neural-fore,known-uniform,0.8,1.0,0.0,0.02,0.0
10000,8470629,1000000,-0.3170054884673674,-0.3148420871238736,-0.310964207824741,0.002163401343493798,0.006041280642626434,0.035492837691531845,-0.3805301697001434,-0.24139824594933856,1.0,0.13913192375080483,0.006939710407167891,0.002425315915397647,0.0030122077115029566,12.429336100160905,19.295024445122195,6868.7829147001,140.0,0.0057579322788195745,18.552673850399877,1.0,0.0,nan,nan,6.202,0.04020000936060539,0.19927047583135032,0.2018824656404179,0.0,"[100, 100, 100, 300, 100]","[0.007369591536403992, 0.0038805748835704875, 0.009396284541380702, 0.002373250678145833, 0.005769959754596863]",,0.035492837691531845,0.030661670315401825,5.0,1.96,nan,known-logging,sieve,frozen,neural-fore,known-uniform,0.8,1.0,0.0,0.02,0.0
10000,8570632,1000000,-0.3170054884673674,-0.31947700186269157,-0.3906988676398366,-0.002471513395324143,-0.07369337917246915,0.036486633876544154,-0.46221267003786315,-0.31918506524181,0.0,0.1430276047960531,0.007463305890088944,0.002425315915397647,0.0030122077115029566,12.891629536757453,16.766604138166766,6787.541179850882,140.0,0.004341541270281681,18.49324554139821,0.9999999999999998,0.0,nan,nan,2.206,0.03950550001650323,0.1987002594802892,0.19742035251930307,0.0,"[100, 100, 300, 100, 100]","[0.004390371911237537, 0.006228518723758137, 0.0, 0.006555341709046485, 0.004533474007366242]",,0.036486633876544154,0.03040337679687185,5.0,1.96,nan,known-logging,sieve,frozen,neural-fore,known-uniform,0.8,1.0,0.0,0.02,0.0
10000,8670635,1000000,-0.3170054884673674,-0.3133195108558155,-0.34612308420466686,0.003685977611551927,-0.02911759573729944,0.03613392214825045,-0.41694557161523776,-0.27530059679409596,1.0,0.14164497482114177,0.006249541332156466,0.002425315915397647,0.0030122077115029566,13.340332617453264,17.186001265220284,6774.303599363082,220.0,0.0016693143840172734,22.15064889179994,1.0,0.0,nan,nan,6.202,0.04073981632158782,0.1998155759402396,0.20278340405524245,0.0,"[300, 100, 300, 300, 100]","[0.0, 0.00420099082796813, 0.002487985515789024, 0.0, 0.0016575955763292126]",,0.03613392214825045,0.037323618687968706,5.0,1.96,nan,known-logging,sieve,frozen,neural-fore,known-uniform,0.8,1.0,0.0,0.02,0.0
10000,8770638,1000000,-0.3170054884673674,-0.3174844779013568,-0.3361270088253863,-0.0004789894339893852,-0.019121520358018895,0.03551932128518767,-0.40574487854435415,-0.2665091391064185,1.0,0.13923573943793566,0.00778512327039435,0.002425315915397647,0.0030122077115029566,12.95671240627063,20.035757451398425,6759.9729140762365,260.0,0.0015055533057079012,23.441684149600043,1.0,0.0,nan,nan,4.006,0.04005277897907204,0.19705465647158615,0.2038782524984682,0.0,"[100, 300, 300, 300, 300]","[0.005796610591174346, 0.0, 0.0015038794187535462, 0.00022727651861161364, 0.0]",,0.03551932128518767,0.0294380420729333,5.0,1.96,nan,known-logging,sieve,frozen,neural-fore,known-uniform,0.8,1.0,0.0,0.02,0.0
10000,8870641,1000000,-0.3170054884673674,-0.31213381141704966,-0.2696820137269826,0.004871677050317769,0.04732347474038484,0.03484088369528458,-0.3379701457697404,-0.20139388168422478,1.0,0.13657626408551557,0.006019952855735175,0.002425315915397647,0.0030122077115029566,12.272031337868617,17.029687208829284,6841.704564049924,260.0,0.0019075826472908005,24.06924037459903,1.0,0.0,nan,nan,4.401999999999999,0.04013107178008053,0.20157427349906368,0.19857724612244984,0.0,"[300, 300, 100, 300, 300]","[0.0, 0.0, 0.005845084011440867, 0.0036928292250131356, 0.0]",,0.03484088369528458,0.03858594225568986,5.0,1.96,nan,known-logging,sieve,frozen,neural-fore,known-uniform,0.8,1.0,0.0,0.02,0.0
10000,8970644,1000000,-0.3170054884673674,-0.3127153734441465,-0.34404307091157565,0.004290115023220908,-0.02703758244420823,0.03582506351863397,-0.4142601954080982,-0.2738259464150531,1.0,0.14043424899304519,0.0054254291308009975,0.002425315915397647,0.0030122077115029566,12.31574950432097,13.891961498395496,6845.817898097222,220.0,0.003950177550872865,21.486135108001328,1.0,0.0,nan,nan,0.406,0.04008394910154459,0.20020839180395966,0.19901022095239307,0.0,"[300, 100, 300, 100, 300]","[0.0, 0.001898836680345186, 0.007312562733428484, 0.007523517404440281, 0.0030159709361503714]",,0.03582506351863397,0.047497517725621705,5.0,1.96,nan,known-logging,sieve,frozen,neural-fore,known-uniform,0.8,1.0,0.0,0.02,0.0
10000,9070647,1000000,-0.3170054884673674,-0.3113495562473433,-0.34033334783255925,0.00565593222002414,-0.023327859365191828,0.03674717102453557,-0.41235780304064895,-0.26830889262446955,1.0,0.14404891041617943,0.007181078020107012,0.002425315915397647,0.0030122077115029566,14.531316729844821,21.668578570307268,6588.131551617541,260.0,0.002866559898364766,23.245795950199682,1.0,0.0,nan,nan,6.004,0.03991569330445581,0.19791616074446677,0.20169669211423039,0.0,"[300, 300, 100, 300, 300]","[0.0032589549401399434, 0.005824754050365126, 0.0052490905013187605, 0.0, 0.0]",,0.03674717102453557,0.039137005654867926,5.0,1.96,nan,known-logging,sieve,frozen,neural-fore,known-uniform,0.8,1.0,0.0,0.02,0.0
10000,9170650,1000000,-0.3170054884673674,-0.32039541965706375,-0.36845297766013246,-0.003389931189696327,-0.05144748919276504,0.03659257442174773,-0.440174423526758,-0.2967315317935069,1.0,0.1434428917332511,0.006821341087791281,0.002425315915397647,0.0030122077115029566,13.987507190990803,16.6990225605449,6588.840623152686,300.0,0.0022449037715005643,24.641445299601763,1.0,0.0,nan,nan,6.4,0.03960562927868301,0.19467309739618374,0.20344000820002664,0.0,"[300, 300, 300, 300, 300]","[0.0008325681249526563, 0.005622792302328616, 0.0007235054791072962, 0.0, 0.004045652951114252]",,0.03659257442174773,0.029107921029530453,5.0,1.96,nan,known-logging,sieve,frozen,neural-fore,known-uniform,0.8,1.0,0.0,0.02,0.0
10000,9270653,1000000,-0.3170054884673674,-0.312751907175491,-0.2980876002760761,0.004253581291876418,0.01891788819129131,0.035224844569908195,-0.3671282956330962,-0.22904690491905605,1.0,0.13808139071404013,0.007574288191152104,0.002425315915397647,0.0030122077115029566,13.133406236430469,15.23815062370484,6730.386888829727,300.0,0.0009204751766447595,25.05687091679938,1.0,0.0,nan,nan,0.406,0.03863131946132438,0.19657111483819475,0.19531754945241975,0.0,"[300, 300, 300, 300, 300]","[0.001741622068957397, 0.0028607538142664006, 0.0, 0.0, 0.0]",,0.035224844569908195,0.037172570463587525,5.0,1.96,nan,known-logging,sieve,frozen,neural-fore,known-uniform,0.8,1.0,0.0,0.02,0.0
10000,9370656,1000000,-0.3170054884673674,-0.3235018575938953,-0.30299367362303514,-0.006496369126527901,0.014011814844332282,0.034826473496208335,-0.37125356167560347,-0.2347337855704668,1.0,0.13651977610513666,0.006753621440131792,0.002425315915397647,0.0030122077115029566,12.569792919281339,14.279945231711919,6787.188389351359,300.0,0.0029969109635339924,23.666400883599273,1.0,0.0,nan,nan,4.222,0.040895857537897005,0.20301065307772367,0.2003538480114647,0.0,"[300, 300, 300, 300, 300]","[0.00313791092466017, 0.0, 0.009622085756256444, 0.00035519660565605884, 0.0018693615310972894]",,0.034826473496208335,0.04708235328743644,5.0,1.96,nan,known-logging,sieve,frozen,neural-fore,known-uniform,0.8,1.0,0.0,0.02,0.0
10000,9470659,1000000,-0.3170054884673674,-0.3092278631361787,-0.3631283397579552,0.007777625331188698,-0.046122851290587796,0.0364694881869052,-0.43460853660428944,-0.291648142911621,1.0,0.14296039369266839,0.007306054281383189,0.002425315915397647,0.0030122077115029566,13.385667489051514,19.041373368164766,6724.92662435638,260.0,0.001601560255741164,23.014534441801516,1.0,0.0,nan,nan,0.8019999999999999,0.040391599172344556,0.20103710155763554,0.20044224716173828,0.0,"[300, 300, 300, 100, 300]","[0.0, 0.0006434678386562384, 0.0, 0.0073643334400495825, 0.0]",,0.0364694881869052,0.030719343362585434,5.0,1.96,nan,known-logging,sieve,frozen,neural-fore,known-uniform,0.8,1.0,0.0,0.02,0.0
10000,9570662,1000000,-0.3170054884673674,-0.31998669765950744,-0.357298369550803,-0.002981209192140011,-0.040292881083435594,0.036135864212156504,-0.42812466340662975,-0.2864720756949763,1.0,0.14165258771165348,0.008917133623863371,0.002425315915397647,0.0030122077115029566,13.479537168129625,17.179096725520107,6736.776893535335,260.0,0.0015079125436758504,23.354257974800568,1.0,0.0,nan,nan,4.204,0.04013720998067205,0.19877330562074852,0.20322024173334863,0.0,"[300, 300, 300, 100, 300]","[0.0, 0.0, 0.0012750632210152008, 0.006264499497364051, 0.0]",,0.036135864212156504,0.01978786210782356,5.0,1.96,nan,known-logging,sieve,frozen,neural-fore,known-uniform,0.8,1.0,0.0,0.02,0.0
10000,9670665,1000000,-0.3170054884673674,-0.3071681732860501,-0.2639790475285505,0.009837315181317308,0.05302644093881692,0.03511072052372908,-0.3327960597550595,-0.19516203530204151,1.0,0.13763402445301798,0.0056838210306707285,0.002425315915397647,0.0030122077115029566,12.64506971181221,15.495059570697668,6831.351619628961,260.0,0.002763103782127,23.31815870040227,1.0,0.0,nan,nan,4.6,0.040377144858471305,0.20247921417681752,0.2000177311141289,0.0,"[300, 100, 300, 300, 300]","[0.0, 0.007757462358818413, 0.006058056551816587, 0.0, 0.0]",,0.03511072052372908,0.03553235619620848,5.0,1.96,nan,known-logging,sieve,frozen,neural-fore,known-uniform,0.8,1.0,0.0,0.02,0.0
10000,9770668,1000000,-0.3170054884673674,-0.31037899536845287,-0.34594303458770614,0.006626493098914554,-0.02893754612033872,0.036249901211641525,-0.41699284096252354,-0.27489322821288875,1.0,0.14209961274963478,0.004840409581842673,0.002425315915397647,0.0030122077115029566,13.009865155572603,14.581769222775284,6768.848312695841,260.0,0.0014122116955530876,22.70795559219987,1.0,0.0,nan,nan,2.404,0.040225078421522606,0.20265009705232137,0.19976424789671562,0.0,"[300, 300, 300, 300, 100]","[0.0, 0.0, 0.0008605703802089533, 0.0009005585658169841, 0.005299929531739501]",,0.036249901211641525,0.01099486657978222,5.0,1.96,nan,known-logging,sieve,frozen,neural-fore,known-uniform,0.8,1.0,0.0,0.02,0.0
10000,9870671,1000000,-0.3170054884673674,-0.310558899857629,-0.3105853131804731,0.006446588609738402,0.006420175286894314,0.03594131848015533,-0.38103029740157757,-0.24014032895936865,1.0,0.1408899684422089,0.006285217940942273,0.002425315915397647,0.0030122077115029566,13.337279794763093,14.688385645416567,6650.061337561931,260.0,0.002145922449464425,22.84018642459923,1.0000000000000002,0.0,nan,nan,0.01,0.04035664562125717,0.20320987874593244,0.19836079664315812,0.0,"[300, 300, 100, 300, 300]","[0.0023900148485556678, 0.0, 0.0062599948286651465, 0.0, 0.0020796025701013115]",,0.03594131848015533,0.023709354345239516,5.0,1.96,nan,known-logging,sieve,frozen,neural-fore,known-uniform,0.8,1.0,0.0,0.02,0.0
10000,9970674,1000000,-0.3170054884673674,-0.31944781618133566,-0.34153774633116624,-0.0024423277139682398,-0.024532257863798812,0.03622422133975344,-0.412537220157083,-0.2705382725052495,1.0,0.1419989476518335,0.006914473131832688,0.002425315915397647,0.0030122077115029566,13.135059809330926,17.26615502352252,6685.369098765206,300.0,0.004627908327014057,24.905069533801726,1.0,0.0,nan,nan,4.006,0.04117256322825077,0.20282833224268884,0.203278588038672,0.0,"[300, 300, 300, 300, 300]","[0.0, 0.0010330012198183508, 0.00656193047426183, 0.008518778809645834, 0.00702583113134427]",,0.03622422133975344,0.03574440003312104,5.0,1.96,nan,known-logging,sieve,frozen,neural-fore,known-uniform,0.8,1.0,0.0,0.02,0.0
10000,10070677,1000000,-0.3170054884673674,-0.31431431566417917,-0.3702526028218226,0.0026911728031882576,-0.05324711435445517,0.036596547165592755,-0.4419818352663844,-0.2985233703772608,1.0,0.1434584648891236,0.006953374796558477,0.002425315915397647,0.0030122077115029566,12.827792550633779,15.052635191252277,6737.384150668549,220.0,0.0021580935029800914,22.063375400002407,1.0000000000000002,0.0,nan,nan,6.004,0.04018504652788473,0.19917550163520756,0.2020383857697666,0.0,"[300, 100, 300, 100, 300]","[0.0, 0.003428118259083258, 0.004140614763555475, 0.003221734492261725, 0.0]",,0.036596547165592755,0.04127640760707445,5.0,1.96,nan,known-logging,sieve,frozen,neural-fore,known-uniform,0.8,1.0,0.0,0.02,0.0
10000,10170680,1000000,-0.3170054884673674,-0.31300086530795185,-0.28325893382931894,0.004004623159415577,0.03374655463804849,0.035086034015495426,-0.35202756049969,-0.2144903071589479,1.0,0.13753725334074207,0.006816821315799482,0.002425315915397647,0.0030122077115029566,12.334080061543718,13.1571328210149,6820.32998788674,260.0,0.002756058971450952,22.820597358799567,1.0,0.0,nan,nan,0.406,0.04060507723047316,0.20074155543910996,0.2011317103129513,0.0,"[300, 300, 300, 300, 100]","[0.0, 0.0052416070805052836, 0.001971303501802402, 0.0, 0.006567384274947072]",,0.035086034015495426,0.059048539149839756,5.0,1.96,nan,known-logging,sieve,frozen,neural-fore,known-uniform,0.8,1.0,0.0,0.02,0.0
10000,10270683,1000000,-0.3170054884673674,-0.3069090623899489,-0.3075696666844672,0.010096426077418508,0.0094358217829002,0.03604295282254214,-0.3782138542166498,-0.23692547915228462,1.0,0.1412883750643652,0.0093491693893451,0.002425315915397647,0.0030122077115029566,13.17789060912283,14.75496640261017,6653.843712634747,260.0,0.002096566787256471,23.40003603340083,1.0,0.0,nan,nan,0.406,0.04065368634714555,0.19781440324158306,0.20393235570631277,0.0,"[300, 300, 100, 300, 300]","[0.0, 0.0, 0.008682320257094872, 0.0, 0.0018005136791874841]",,0.03604295282254214,0.02968141257249962,5.0,1.96,nan,known-logging,sieve,frozen,neural-fore,known-uniform,0.8,1.0,0.0,0.02,0.0
10000,10370686,1000000,-0.3170054884673674,-0.3186556310272348,-0.2782130233762775,-0.0016501425598673958,0.03879246509108991,0.03489848331580505,-0.3466140506752554,-0.2098119960772996,1.0,0.1368020545979558,0.00607527030992047,0.002425315915397647,0.0030122077115029566,13.591583391078151,17.265079987094353,6725.969854322876,300.0,0.0007585676149497935,24.59355301620162,1.0,0.0,nan,nan,2.602,0.04039062291255836,0.20146526753056504,0.20071323668788826,0.0,"[300, 300, 300, 300, 300]","[0.003792838074748967, 0.0, 0.0, 0.0, 0.0]",,0.03489848331580505,0.02663112073987131,5.0,1.96,nan,known-logging,sieve,frozen,neural-fore,known-uniform,0.8,1.0,0.0,0.02,0.0
10000,10470689,1000000,-0.3170054884673674,-0.3061955975524409,-0.2439433802065046,0.010809890914926512,0.07306210826086282,0.03436771912676949,-0.3113041096949728,-0.17658265071803642,0.0,0.13472145897693638,0.00521229114060555,0.002425315915397647,0.0030122077115029566,12.777295099481004,20.884464795075196,6828.191506034299,300.0,0.0016989346973470029,25.60989979140286,1.0,0.0,nan,nan,2.008,0.04004867327037027,0.2028097231722561,0.19880358121675606,0.0,"[300, 300, 300, 300, 300]","[0.0, 0.0015363898721542008, 0.0013943666480870447, 0.0, 0.005563916966493769]",,0.03436771912676949,0.014049068390965093,5.0,1.96,nan,known-logging,sieve,frozen,neural-fore,known-uniform,0.8,1.0,0.0,0.02,0.0
10000,10570692,1000000,-0.3170054884673674,-0.3171150910665102,-0.29466932776273247,-0.00010960259914277737,0.022336160704634955,0.03497906256128177,-0.36322829038284477,-0.2261103651426202,1.0,0.13711792524022454,0.009218863528761227,0.002425315915397647,0.0030122077115029566,12.681489115332274,15.72859688256694,6742.501815659667,300.0,0.0032779803547373426,24.706851291598287,1.0,0.0,nan,nan,4.6,0.03878989845119217,0.19494552812068672,0.19805190084140228,0.0,"[300, 300, 300, 300, 300]","[0.002572134409647558, 0.00799969140498338, 0.0010104148454272073, 0.002446527813662473, 0.0023611332999660967]",,0.03497906256128177,0.036434697216305344,5.0,1.96,nan,known-logging,sieve,frozen,neural-fore,known-uniform,0.8,1.0,0.0,0.02,0.0
10000,10670695,1000000,-0.3170054884673674,-0.31500657793469367,-0.3271021815997861,0.001998910532673759,-0.010096693132418677,0.03562598993365036,-0.39692912186974083,-0.2572752413298314,1.0,0.13965388053990943,0.005671589552309878,0.002425315915397647,0.0030122077115029566,13.231309492324167,15.980489488793916,6719.516004246669,260.0,0.0010809859284923603,22.88813150019996,1.0,0.0,nan,nan,4.6,0.04086418062875042,0.20143158288760143,0.2018765691909187,0.0,"[300, 100, 300, 300, 300]","[0.0, 0.005404929642461801, 0.0, 0.0, 0.0]",,0.03562598993365036,0.03396526443720534,5.0,1.96,nan,known-logging,sieve,frozen,neural-fore,known-uniform,0.8,1.0,0.0,0.02,0.0
10000,10770698,1000000,-0.3170054884673674,-0.3066106191646195,-0.28233808080110223,0.010394869302747911,0.03466740766626519,0.03515819787026202,-0.3512481486268158,-0.21342801297538866,1.0,0.13782013565142712,0.009304982036561,0.002425315915397647,0.0030122077115029566,13.05353107666296,20.894380605643487,6786.720585703589,260.0,0.0011652495710652588,22.997880350000923,1.0,0.0,nan,nan,8.001999999999999,0.040589666997553606,0.198221858498454,0.20387939206707464,0.0,"[300, 300, 300, 100, 300]","[0.0, 0.0, 0.0, 0.005826247855326294, 0.0]",,0.03515819787026202,0.036195258079590883,5.0,1.96,nan,known-logging,sieve,frozen,neural-fore,known-uniform,0.8,1.0,0.0,0.02,0.0
10000,10870701,1000000,-0.3170054884673674,-0.30722627470070035,-0.3479514939415383,0.009779213766667072,-0.030946005474170868,0.03650043023169362,-0.4194923371956578,-0.27641065068741877,1.0,0.143081686508239,0.005855564180684095,0.002425315915397647,0.0030122077115029566,13.997300745330993,15.968875151659743,6635.035200686252,220.0,0.0028766152435014754,22.045051000201056,1.0,0.0,nan,nan,6.202,0.04062282380561033,0.20081974511341047,0.20132833316915377,0.0,"[100, 300, 300, 100, 300]","[0.005485552329111798, 0.004843425560863103, 0.0002707896692274441, 0.003783308658305031, 0.0]",,0.03650043023169362,0.03754004533907158,5.0,1.96,nan,known-logging,sieve,frozen,neural-fore,known-uniform,0.8,1.0,0.0,0.02,0.0
10000,10970704,1000000,-0.3170054884673674,-0.3088437451069486,-0.253717978790285,0.008161743360418805,0.06328750967708241,0.035093560075684295,-0.3225013565386262,-0.1849346010419438,1.0,0.13756675549668243,0.007269471356312161,0.002425315915397647,0.0030122077115029566,13.104319620709019,16.22466295603134,6744.562571100061,260.0,0.0026427767892896327,22.42483692460082,1.0,0.0,nan,nan,4.006,0.04069918666410584,0.2040750544535951,0.20034008522903585,0.0,"[300, 100, 300, 300, 300]","[5.976435668557248e-05, 0.007511542893415057, 0.0015726733175851933, 0.0030310063382885276, 0.001038897040473814]",,0.035093560075684295,0.02878962407668742,5.0,1.96,nan,known-logging,sieve,frozen,neural-fore,known-uniform,0.8,1.0,0.0,0.02,0.0
10000,11070707,1000000,-0.3170054884673674,-0.31098693144440226,-0.34852721336484777,0.006018557022965165,-0.03152172489748034,0.03618514932364622,-0.41945010603919436,-0.27760432069050117,1.0,0.1418457853486932,0.0077991425045162415,0.002425315915397647,0.0030122077115029566,13.745816791780383,19.869512073068996,6779.372584434998,300.0,0.0009668159408915477,24.669820908798282,1.0,0.0,nan,nan,4.402,0.040810454181203965,0.2009147733097118,0.20223347488564972,0.0,"[300, 300, 300, 300, 300]","[0.0007078543057009866, 0.002103983914316045, 0.0, 0.0, 0.002022241484440707]",,0.03618514932364622,0.0417850322129095,5.0,1.96,nan,known-logging,sieve,frozen,neural-fore,known-uniform,0.8,1.0,0.0,0.02,0.0
10000,11170710,1000000,-0.3170054884673674,-0.3179785419068945,-0.34353818453787166,-0.0009730534395270829,-0.026532696070504236,0.03594108474619594,-0.4139827106404157,-0.2730936584353276,1.0,0.1408890522050881,0.005814102985450741,0.002425315915397647,0.0030122077115029566,12.475096420196014,16.162498574253075,6878.574926972045,180.0,0.00440431385999103,20.009670032400027,1.0,0.0,nan,nan,4.402,0.03947231682026447,0.19673595029676072,0.20177117701682165,0.0,"[300, 100, 100, 300, 100]","[0.0, 0.008425756948111703, 0.0059596017896086815, 0.0, 0.007636210562234764]",,0.03594108474619594,0.024744736654728712,5.0,1.96,nan,known-logging,sieve,frozen,neural-fore,known-uniform,0.8,1.0,0.0,0.02,0.0
10000,11270713,1000000,-0.3170054884673674,-0.305576819477154,-0.3697931382638615,0.011428668990213442,-0.052787649796494085,0.037629983483306914,-0.44354790589114307,-0.29603837063657995,1.0,0.1475095352545631,0.008574758207770865,0.002425315915397647,0.0030122077115029566,13.84706001979,15.96742397753183,6554.179683291767,300.0,0.00274236274720526,26.325428266601374,1.0,0.0,nan,nan,2.602,0.03979178464165439,0.1991874342732665,0.20155723253254076,0.0,"[300, 300, 300, 300, 300]","[0.00029301776895301163, 0.0022673696292731032, 0.0008095335398149146, 0.0060877290422183825, 0.004254163755766887]",,0.037629983483306914,0.03290520609340151,5.0,1.96,nan,known-logging,sieve,frozen,neural-fore,known-uniform,0.8,1.0,0.0,0.02,0.0
10000,11370716,1000000,-0.3170054884673674,-0.3191201054350773,-0.2717254542219466,-0.0021146169677098703,0.04528003424542082,0.035043969385867846,-0.3404116342182476,-0.20303927422564563,1.0,0.13737235999260194,0.0052895134309158525,0.002425315915397647,0.0030122077115029566,13.732811805128723,16.84915505404562,6712.700006579504,300.0,0.00014319832167574947,25.74786792520026,1.0,0.0,nan,nan,4.006,0.04028114622023936,0.19969219530355614,0.20226637105069395,0.0,"[300, 300, 300, 300, 300]","[0.0, 0.0002927404624712195, 0.0, 0.0, 0.0004232511459075279]",,0.035043969385867846,0.0281942473072736,5.0,1.96,nan,known-logging,sieve,frozen,neural-fore,known-uniform,0.8,1.0,0.0,0.02,0.0
10000,11470719,1000000,-0.3170054884673674,-0.30543084571142465,-0.29632507783762013,0.011574642755942777,0.020680410629747292,0.03605510828982016,-0.36699309008566766,-0.2256570655895726,1.0,0.14133602449609503,0.00842072106589474,0.002425315915397647,0.0030122077115029566,14.245759970022116,19.461302488049903,6703.707317296806,260.0,0.0020890652252454414,23.64247426660004,1.0,0.0,nan,nan,6.004,0.04053876827384524,0.20133693808846406,0.20195972407400814,0.0,"[300, 300, 100, 300, 300]","[0.0, 0.0014354460243370744, 0.007946104694533072, 0.0010637754073570599, 0.0]",,0.03605510828982016,0.018579246397826113,5.0,1.96,nan,known-logging,sieve,frozen,neural-fore,known-uniform,0.8,1.0,0.0,0.02,0.0
10000,11570722,1000000,-0.3170054884673674,-0.316899140846269,-0.2513799617343342,0.00010634762109840157,0.06562552673303323,0.034800835857384964,-0.31958960001480874,-0.18317032345385967,1.0,0.13641927656094904,0.007841255123282716,0.002425315915397647,0.0030122077115029566,13.720250582186738,15.625728177270265,6748.433025375825,260.0,0.0034879420861463504,24.66182000819972,1.0,0.0,nan,nan,0.20800000000000002,0.03930646482923446,0.1992378716808911,0.19700158544563195,0.0,"[300, 300, 100, 300, 300]","[0.002518851376357431, 0.004744744363639313, 0.006555852882554482, 0.0, 0.0036202618081805278]",,0.034800835857384964,0.038408176064078765,5.0,1.96,nan,known-logging,sieve,frozen,neural-fore,known-uniform,0.8,1.0,0.0,0.02,0.0
10000,11670725,1000000,-0.3170054884673674,-0.3038822240567131,-0.2819029561133599,0.013123264410654312,0.03510253235400751,0.03564436074278904,-0.3517659031692264,-0.2120400090574934,1.0,0.13972589411173303,0.007836404272835324,0.002425315915397647,0.0030122077115029566,13.585070056958378,17.505269788223632,6742.2569714697465,300.0,0.002186388013959129,25.655645125202135,1.0,0.0,nan,nan,4.204,0.03935719075886879,0.19863603365888935,0.19890753236925968,0.0,"[300, 300, 300, 300, 300]","[0.002763084646734525, 0.006555793263711727, 0.0016130621593493915, 0.0, 0.0]",,0.03564436074278904,0.023367436664550753,5.0,1.96,nan,known-logging,sieve,frozen,neural-fore,known-uniform,0.8,1.0,0.0,0.02,0.0
10000,11770728,1000000,-0.3170054884673674,-0.3113987783504137,-0.3129174589680861,0.005606710116953739,0.0040880294992813315,0.035241485536487274,-0.3819907706196012,-0.24384414731657103,1.0,0.13814662330303012,0.004971547564793284,0.002425315915397647,0.0030122077115029566,12.24871399277592,16.745371352743735,6837.216774068617,260.0,0.0017661868139817027,25.150618050398045,1.0,0.0,nan,nan,6.0040000000000004,0.03964634366500604,0.20086981123254272,0.19768846334168272,0.0,"[300, 300, 100, 300, 300]","[0.0021596600175826284, 0.0007808282615967342, 0.005028956435024312, 0.0008614893557048384, 0.0]",,0.035241485536487274,0.0316951530001115,5.0,1.96,nan,known-logging,sieve,frozen,neural-fore,known-uniform,0.8,1.0,0.0,0.02,0.0
10000,11870731,1000000,-0.3170054884673674,-0.31397756467877885,-0.3044664803136701,0.0030279237885885713,0.01253900815369735,0.03531209393960554,-0.37367818443529693,-0.2352547761920432,1.0,0.13842340824325372,0.006847100105618763,0.002425315915397647,0.0030122077115029566,12.66175650696073,14.894973819345111,6765.626557353356,260.0,0.002245936563859325,23.868302700402275,1.0,0.0,nan,nan,4.204,0.04003108845584805,0.19956795943520153,0.19874202669977983,0.0,"[300, 300, 100, 300, 300]","[0.003160462582765124, 0.0, 0.007643057594167898, 0.0, 0.00042616264236360404]",,0.03531209393960554,0.02459948558612475,5.0,1.96,nan,known-logging,sieve,frozen,neural-fore,known-uniform,0.8,1.0,0.0,0.02,0.0
10000,11970734,1000000,-0.3170054884673674,-0.30685654913790833,-0.30908532788605086,0.010148939329459095,0.00792016058131656,0.0357978017308639,-0.3792490192785441,-0.23892163649355763,1.0,0.1403273827849865,0.008735206176545886,0.002425315915397647,0.0030122077115029566,12.803084821494409,14.640036320945933,6793.15118290323,220.0,0.003082934467085165,22.9379837167995,1.0,0.0,nan,nan,6.0040000000000004,0.04025660884390088,0.19863336101677392,0.2018596803560236,0.0,"[100, 300, 300, 300, 100]","[0.006714173112277874, 0.0026410357265238054, 0.0, 0.0021075341064447826, 0.003951929390179363]",,0.0357978017308639,0.04544999777300303,5.0,1.96,nan,known-logging,sieve,frozen,neural-fore,known-uniform,0.8,1.0,0.0,0.02,0.0
10000,12070737,1000000,-0.3170054884673674,-0.3107209818682748,-0.30982665801378956,0.006284506599092632,0.007178830453577867,0.036051874885261445,-0.380488332788902,-0.23916498323867713,1.0,0.14132334955022485,0.006273372091943963,0.002425315915397647,0.0030122077115029566,13.877645785020173,17.378292083335033,6658.88327875452,300.0,0.0011839219348702972,27.101302958800808,1.0,0.0,nan,nan,4.401999999999999,0.0393799859462838,0.2001785463736388,0.19658495287740374,0.0,"[300, 300, 300, 300, 300]","[0.0, 0.0, 0.0010583283423700688, 0.0011554484145625732, 0.0037058329174188436]",,0.036051874885261445,0.030158499839288273,5.0,1.96,nan,known-logging,sieve,frozen,neural-fore,known-uniform,0.8,1.0,0.0,0.02,0.0
10000,12170740,1000000,-0.3170054884673674,-0.31176530219641835,-0.2574169081345174,0.0052401862709490765,0.05958858033285003,0.034779052909799664,-0.32558385183772476,-0.18924996443131006,1.0,0.13633388740641467,0.008260672346835349,0.002425315915397647,0.0030122077115029566,13.45136267363302,16.736812754413922,6793.793105972125,220.0,0.005129516304169283,22.966494141802105,1.0,0.0,nan,nan,2.404,0.040155386486483854,0.19733795108428187,0.19962628501321214,0.0,"[100, 300, 300, 100, 300]","[0.005658484368638932, 0.003033113819008088, 0.0, 0.01154201225547362, 0.0054139710777257755]",,0.034779052909799664,0.0160205920299454,5.0,1.96,nan,known-logging,sieve,frozen,neural-fore,known-uniform,0.8,1.0,0.0,0.02,0.0
10000,12270743,1000000,-0.3170054884673674,-0.30634568953269775,-0.3467479932392633,0.010659798934669673,-0.029742504771895883,0.036357646055763956,-0.41800897950856064,-0.275487006969966,1.0,0.1425219725385947,0.005373101370495314,0.002425315915397647,0.0030122077115029566,13.314799266144707,15.502446105503756,6705.883188200082,220.0,0.0016033786701305536,22.891046583600108,1.0,0.0,nan,nan,10.0,0.04011436512805975,0.19910475255810003,0.2022842465896913,0.0,"[100, 300, 300, 100, 300]","[0.0033875616435580236, 0.0, 0.0, 0.004629331707094745, 0.0]",,0.036357646055763956,0.027511174802014017,5.0,1.96,nan,known-logging,sieve,frozen,neural-fore,known-uniform,0.8,1.0,0.0,0.02,0.0
10000,12370746,1000000,-0.3170054884673674,-0.3082413684023226,-0.26765688159276463,0.008764120065044845,0.049348606874602796,0.03503515719587849,-0.3363257896966865,-0.19898797348884278,1.0,0.1373378162078437,0.006989035340123903,0.002425315915397647,0.0030122077115029566,13.617756015391821,18.056100961570596,6777.650802239027,300.0,0.003190965640850759,26.221233733601547,1.0,0.0,nan,nan,4.6,0.04016027095680443,0.20016627800572553,0.20070470218600991,0.0,"[300, 300, 300, 300, 300]","[0.0, 0.0, 0.0, 0.00551355002504239, 0.010441278179211406]",,0.03503515719587849,0.021820512437477565,5.0,1.96,nan,known-logging,sieve,frozen,neural-fore,known-uniform,0.8,1.0,0.0,0.02,0.0
10000,12470749,1000000,-0.3170054884673674,-0.3277959996865855,-0.3332285926417819,-0.01079051121921809,-0.01622310417441447,0.035560593723750054,-0.402927356340332,-0.2635298289432318,1.0,0.1393975273971002,0.006410823948267489,0.002425315915397647,0.0030122077115029566,13.634900431795952,16.42173148615081,6686.311635699948,220.0,0.0037958871973471234,22.24602869960072,1.0,0.0,nan,nan,4.401999999999999,0.03929520913795527,0.19907353279606138,0.19523848162288893,0.0,"[100, 300, 100, 300, 300]","[0.008974969972315934, 0.004019093204644287, 0.005985372809775396, 0.0, 0.0]",,0.035560593723750054,0.05095389541640998,5.0,1.96,nan,known-logging,sieve,frozen,neural-fore,known-uniform,0.8,1.0,0.0,0.02,0.0
10000,12570752,1000000,-0.3170054884673674,-0.31314761345577163,-0.2942413554292331,0.0038578750115957905,0.02276413303813435,0.035146463014468346,-0.36312842293759107,-0.2253542879208751,1.0,0.13777413501671593,0.005309694571235335,0.002425315915397647,0.0030122077115029566,12.79161674540288,14.914564357589551,6743.44618381597,260.0,0.002835125396928046,25.550383067002258,1.0,0.0,nan,nan,2.602,0.04061548831432916,0.20241566623516288,0.2008036726817921,0.0,"[300, 100, 300, 300, 300]","[0.0, 0.005095491568456187, 0.0, 0.004495803865850858, 0.004584331550333186]",,0.035146463014468346,0.00690376048208276,5.0,1.96,nan,known-logging,sieve,frozen,neural-fore,known-uniform,0.8,1.0,0.0,0.02,0.0
10000,12670755,1000000,-0.3170054884673674,-0.3144714643252377,-0.28314257600553544,0.0025340241421297205,0.033862912461831984,0.03522936666290324,-0.3521921346648258,-0.21409301734624508,1.0,0.13809911731858068,0.006708717307495933,0.002425315915397647,0.0030122077115029566,12.571643514376406,14.20658390250063,6735.852855299178,260.0,0.0018601234348783325,24.47521513299798,1.0,0.0,nan,nan,6.004,0.04023519990651081,0.19899671857704287,0.202332359581154,0.0,"[300, 300, 300, 300, 100]","[0.006167291733796914, 0.0, 0.0011586518125504485, 0.0, 0.0019746736280443003]",,0.03522936666290324,0.03803502616285442,5.0,1.96,nan,known-logging,sieve,frozen,neural-fore,known-uniform,0.8,1.0,0.0,0.02,0.0
10000,12770758,1000000,-0.3170054884673674,-0.3119253442147166,-0.38738459738981484,0.005080144252650798,-0.07037910892244742,0.03700503967438774,-0.4599144751516148,-0.31485471962801487,1.0,0.14505975552359993,0.005753032439966077,0.002425315915397647,0.0030122077115029566,12.360266503412362,16.25984135786959,6633.511071567098,300.0,0.0021064404958029926,26.441335008600436,1.0,0.0,nan,nan,4.006,0.03985362288020121,0.19982256884880234,0.2011180856941805,0.0,"[300, 300, 300, 300, 300]","[0.005397165194059588, 0.0, 0.0, 0.003690278295672586, 0.0014447589892827893]",,0.03700503967438774,0.02568850517935979,5.0,1.96,nan,known-logging,sieve,frozen,neural-fore,known-uniform,0.8,1.0,0.0,0.02,0.0
10000,12870761,1000000,-0.3170054884673674,-0.3105178731739244,-0.2726128399973834,0.00648761529344305,0.04439264846998403,0.035346143814941604,-0.34189128187466894,-0.20333439812009785,1.0,0.1385568837545711,0.006487344556769285,0.002425315915397647,0.0030122077115029566,14.024499119006597,19.557023700713824,6725.147935510827,300.0,0.00037869805170767917,24.99001759159946,1.0,0.0,nan,nan,6.202,0.03999145856496046,0.19885375606687883,0.20058761125569347,0.0,"[300, 300, 300, 300, 300]","[0.0, 0.0013527697650568002, 0.0, 0.0005407204934815956, 0.0]",,0.035346143814941604,0.0328262111255641,5.0,1.96,nan,known-logging,sieve,frozen,neural-fore,known-uniform,0.8,1.0,0.0,0.02,0.0
10000,12970764,1000000,-0.3170054884673674,-0.31238202302502305,-0.28843785915336295,0.004623465442344377,0.028567629314004472,0.03523759855513161,-0.3575035523214209,-0.219372165985305,1.0,0.1381313863361159,0.009638694521459299,0.002425315915397647,0.0030122077115029566,12.515206288269793,14.405439773502946,6795.879861123442,300.0,0.0028651210353679976,25.386227675599365,1.0,0.0,nan,nan,4.2219999999999995,0.040450006507278376,0.20304213411227248,0.19796997011415138,0.0,"[300, 300, 300, 300, 300]","[0.007923058190710505, 0.0, 0.0, 0.006402546986129482, 0.0]",,0.03523759855513161,0.05796546588159097,5.0,1.96,nan,known-logging,sieve,frozen,neural-fore,known-uniform,0.8,1.0,0.0,0.02,0.0
10000,13070767,1000000,-0.3170054884673674,-0.3080017477528011,-0.2482921436714832,0.009003740714566333,0.06871334479588423,0.03481227035909742,-0.31652419357531414,-0.18006009376765225,0.0,0.1364640998076619,0.007490115015199235,0.002425315915397647,0.0030122077115029566,12.257056652108684,15.915563018053206,6806.052693412642,300.0,0.0028757163416705685,24.879068691400608,1.0,0.0,nan,nan,4.42,0.0411500069864269,0.20200287824001073,0.2023329212093464,0.0,"[300, 300, 300, 300, 300]","[0.007774432938917236, 0.0, 0.0017202813888211944, 0.00451218828628955, 0.00037167909432486387]",,0.03481227035909742,0.015271070715369523,5.0,1.96,nan,known-logging,sieve,frozen,neural-fore,known-uniform,0.8,1.0,0.0,0.02,0.0
10000,13170770,1000000,-0.3170054884673674,-0.3065867628320552,-0.27443927863991285,0.01041872563531221,0.04256620982745457,0.03526316487078868,-0.34355508178665867,-0.20532347549316704,1.0,0.1382316062934916,0.0062171347388901435,0.002425315915397647,0.0030122077115029566,14.075327441446351,17.014785255056193,6712.929641261219,300.0,0.0016059135849942874,24.549889499400887,1.0,0.0,nan,nan,0.20800000000000002,0.0400431709900789,0.19987876121156298,0.20044941796674154,0.0,"[300, 300, 300, 300, 300]","[0.0, 0.0008914854177194433, 0.003543745978985506, 0.003594336528266488, 0.0]",,0.03526316487078868,0.03723514401588472,5.0,1.96,nan,known-logging,sieve,frozen,neural-fore,known-uniform,0.8,1.0,0.0,0.02,0.0
10000,13270773,1000000,-0.3170054884673674,-0.3145670010811432,-0.29976669473171097,0.0024384873862242085,0.017238793735656455,0.035073609275034355,-0.3685109689107783,-0.23102242055264363,1.0,0.13748854835813468,0.005185133136288837,0.002425315915397647,0.0030122077115029566,13.349045997727577,16.354940824374676,6765.698777825174,300.0,0.0012610511571416795,24.2589445084006,1.0,0.0,nan,nan,6.004,0.04078847967561136,0.20039843315127243,0.20268033584435755,0.0,"[300, 300, 300, 300, 300]","[0.0032069130417548344, 0.0, 0.0, 0.0030983427439535624, 0.0]",,0.035073609275034355,0.02981474954675496,5.0,1.96,nan,known-logging,sieve,frozen,neural-fore,known-uniform,0.8,1.0,0.0,0.02,0.0
10000,13370776,1000000,-0.3170054884673674,-0.313775509687925,-0.3627817140763574,0.0032299787794424217,-0.04577622560898997,0.036475423252918006,-0.4342735436520767,-0.2912898845006381,1.0,0.14298365915143857,0.005443368599246934,0.002425315915397647,0.0030122077115029566,13.906011603548183,20.48099384204733,6671.265870618,260.0,0.001951510391541736,22.6598622082005,1.0,0.0,nan,nan,4.204,0.039646866251171795,0.20098856914401636,0.19832726075681906,0.0,"[300, 300, 100, 300, 300]","[0.0021641465389115326, 0.0, 0.007593405418797147, 0.0, 0.0]",,0.036475423252918006,0.037225757651746766,5.0,1.96,nan,known-logging,sieve,frozen,neural-fore,known-uniform,0.8,1.0,0.0,0.02,0.0
10000,13470779,1000000,-0.3170054884673674,-0.31295301680938253,-0.38812061462327657,0.004052471657984891,-0.07111512615590915,0.036763202008436295,-0.4601764905598117,-0.31606473868674145,1.0,0.14411175187307027,0.005324288896171288,0.002425315915397647,0.0030122077115029566,12.847791330008883,16.570907219048806,6684.472641477351,300.0,0.0018538066277450729,25.384521116800897,1.0,0.0,nan,nan,6.220000000000001,0.04041383384529473,0.1989300799354053,0.20283536548886763,0.0,"[300, 300, 300, 300, 300]","[0.0011727968669546583, 0.0, 0.006254087107193369, 0.0018421491645773357, 0.0]",,0.036763202008436295,0.022915164299717086,5.0,1.96,nan,known-logging,sieve,frozen,neural-fore,known-uniform,0.8,1.0,0.0,0.02,0.0
10000,13570782,1000000,-0.3170054884673674,-0.2999635377313897,-0.31650938209299617,0.01704195073597775,0.0004961063743712524,0.03584070502523959,-0.38675716394246573,-0.24626160024352658,1.0,0.14049556369893917,0.005991060775027306,0.002425315915397647,0.0030122077115029566,12.81496929383273,14.122278315371139,6764.667601899059,180.0,0.002661648034708311,20.135416483799055,1.0,0.0,nan,nan,2.8,0.0405935169536799,0.20119957965741458,0.20370771963002937,0.0,"[300, 100, 100, 100, 300]","[0.0, 0.007472360803282572, 0.0034453427671797443, 0.0023905366030792363, 0.0]",,0.03584070502523959,0.031226097036720614,5.0,1.96,nan,known-logging,sieve,frozen,neural-fore,known-uniform,0.8,1.0,0.0,0.02,0.0
10000,13670785,1000000,-0.3170054884673674,-0.313947631945899,-0.2544331546175611,0.0030578565214684494,0.06257233384980632,0.03419604397210373,-0.32145740080288443,-0.1874089084322378,1.0,0.13404849237064664,0.004980398138104397,0.002425315915397647,0.0030122077115029566,12.244152818492736,14.359686386696099,6888.616530375195,300.0,2.6054023960282726e-06,24.352081708401965,1.0,0.0,nan,nan,2.8,0.03968951041123143,0.1999926452397295,0.19982132031552063,0.0,"[300, 300, 300, 300, 300]","[0.0, 1.3027011980141362e-05, 0.0, 0.0, 0.0]",,0.03419604397210373,0.03036326644757562,5.0,1.96,nan,known-logging,sieve,frozen,neural-fore,known-uniform,0.8,1.0,0.0,0.02,0.0
10000,13770788,1000000,-0.3170054884673674,-0.3227539654305819,-0.3285453211769998,-0.005748476963214455,-0.01153983270963238,0.03570396125010851,-0.39852508522721247,-0.25856555712678714,1.0,0.13995952810042536,0.007364152509853587,0.002425315915397647,0.0030122077115029566,12.845463449810348,14.919085512065486,6833.89087130607,180.0,0.004862924219581014,19.70302460019666,1.0,0.0,nan,nan,4.204,0.039887804719133585,0.199468240315595,0.19873505658489204,0.0,"[300, 100, 100, 100, 300]","[0.0, 0.005462767303641421, 0.008092794927008956, 0.003979719281644576, 0.006779339585610119]",,0.03570396125010851,0.034478322681679906,5.0,1.96,nan,known-logging,sieve,frozen,neural-fore,known-uniform,0.8,1.0,0.0,0.02,0.0
10000,13870791,1000000,-0.3170054884673674,-0.32602206447862536,-0.3531758768748222,-0.009016576011257937,-0.03617038840745479,0.03658579885338986,-0.4248840426274664,-0.28146771112217805,1.0,0.14341633150528826,0.007789441564265011,0.002425315915397647,0.0030122077115029566,13.623942334299198,15.125326954988145,6641.683232791319,260.0,0.0016477907800672206,23.396305166798992,1.0,0.0,nan,nan,6.202,0.03947234690991217,0.19966064893145954,0.19880305952899874,0.0,"[300, 100, 300, 300, 300]","[0.0, 0.007762309962529117, 0.0, 0.0, 0.0004766439378069847]",,0.03658579885338986,0.01829967518437001,5.0,1.96,nan,known-logging,sieve,frozen,neural-fore,known-uniform,0.8,1.0,0.0,0.02,0.0
10000,13970794,1000000,-0.3170054884673674,-0.324946900235748,-0.3225550032767375,-0.00794141176838059,-0.005549514809370049,0.03550567526933992,-0.3921461268046437,-0.2529638797488312,1.0,0.13918224705581247,0.006588164928051843,0.002425315915397647,0.0030122077115029566,13.339008571510822,15.814819426840259,6842.1197144851385,220.0,0.00185213060485884,21.97127494140077,1.0,0.0,nan,nan,6.004,0.039664556789395275,0.1995384839889367,0.19844456644036684,0.0,"[300, 100, 100, 300, 300]","[0.0, 0.007367617599647451, 0.001893035424646749, 0.0, 0.0]",,0.03550567526933992,0.018530355409770986,5.0,1.96,nan,known-logging,sieve,frozen,neural-fore,known-uniform,0.8,1.0,0.0,0.02,0.0
10000,14070797,1000000,-0.3170054884673674,-0.31522872333831337,-0.33505164471204724,0.0017767651290540587,-0.018046156244679812,0.03642329408628651,-0.4064413011211688,-0.2636619883029257,1.0,0.1427793128182431,0.0062708125846019855,0.002425315915397647,0.0030122077115029566,13.82319292359745,18.993606992939505,6721.405973069601,300.0,0.00283077651221751,24.295477216400467,1.0,0.0,nan,nan,4.402,0.04173616306769492,0.2018004855849984,0.20527714738004313,0.0,"[300, 300, 300, 300, 300]","[0.0, 0.0, 0.001709958544079483, 0.0026849878060213116, 0.009758936210986755]",,0.03642329408628651,0.0368054227799949,5.0,1.96,nan,known-logging,sieve,frozen,neural-fore,known-uniform,0.8,1.0,0.0,0.02,0.0
10000,14170800,1000000,-0.3170054884673674,-0.3056559421010717,-0.3383629178722075,0.011349546366295704,-0.02135742940484009,0.03619858757517392,-0.4093121495195484,-0.2674136862248666,1.0,0.14189846329468175,0.007667336227847967,0.002425315915397647,0.0030122077115029566,12.863031840848041,15.948678939707154,6767.244589653427,180.0,0.0033683851726230675,19.70894238300025,1.0,0.0,nan,nan,6.202,0.039834447786538704,0.19956704432766942,0.19870673579871123,0.0,"[100, 100, 300, 300, 100]","[0.005554385274185794, 0.005148549490695775, 0.0008712271915419569, 0.0, 0.005267763906691814]",,0.03619858757517392,0.04358764963793324,5.0,1.96,nan,known-logging,sieve,frozen,neural-fore,known-uniform,0.8,1.0,0.0,0.02,0.0
10000,14270803,1000000,-0.3170054884673674,-0.31662815909968667,-0.305819031503488,0.00037732936768075653,0.011186456963879432,0.03519192840260604,-0.37479521117259584,-0.23684285183438014,1.0,0.13795235933821567,0.005588765433624047,0.002425315915397647,0.0030122077115029566,13.072982718415759,18.556371900284358,6748.524467294006,300.0,0.0023646621095551714,25.773866716201155,1.0,0.0,nan,nan,6.4,0.04115045985346147,0.20112636877986145,0.20356108845726,0.0,"[300, 300, 300, 300, 300]","[0.0040506354698069905, 0.002684459054410782, 0.005088216023558083, 0.0, 0.0]",,0.03519192840260604,0.0457939931680354,5.0,1.96,nan,known-logging,sieve,frozen,neural-fore,known-uniform,0.8,1.0,0.0,0.02,0.0
10000,14370806,1000000,-0.3170054884673674,-0.30426383761367615,-0.23605722337965518,0.012741650853691278,0.08094826508771225,0.03454788285842206,-0.3037710737821624,-0.16834337297714796,0.0,0.13542770080501446,0.005633120810252043,0.002425315915397647,0.0030122077115029566,13.84595536936176,18.973009590506127,6737.453389561598,300.0,0.0004390336312565522,25.227703733198723,1.0,0.0,nan,nan,4.6,0.040905569780346665,0.20425901167748228,0.20111013051093535,0.0,"[300, 300, 300, 300, 300]","[0.0, 0.0, 0.0018750139496403516, 0.00032015420664240936, 0.0]",,0.03454788285842206,0.026694609209385843,5.0,1.96,nan,known-logging,sieve,frozen,neural-fore,known-uniform,0.8,1.0,0.0,0.02,0.0
10000,14470809,1000000,-0.3170054884673674,-0.3146565774426854,-0.2787364449082838,0.0023489110246820433,0.038269043559083615,0.03492977938485024,-0.34719881250259027,-0.21027407731397735,1.0,0.13692473518861295,0.00670870389207864,0.002425315915397647,0.0030122077115029566,12.723954756688936,16.40587760987956,6888.252645063003,220.0,0.0012114071590029296,21.27040299999935,1.0,0.0,nan,nan,4.204,0.039736249807499784,0.19884511687178508,0.19991439704160638,0.0,"[100, 300, 300, 100, 300]","[0.003831697468850501, 0.0, 0.0, 0.0022253383261641472, 0.0]",,0.03492977938485024,0.03075486247868207,5.0,1.96,nan,known-logging,sieve,frozen,neural-fore,known-uniform,0.8,1.0,0.0,0.02,0.0
10000,14570812,1000000,-0.3170054884673674,-0.31611763335119875,-0.3702312483284122,0.0008878551161686787,-0.053225759861044775,0.03627978790742428,-0.4413396326269638,-0.2991228640298606,1.0,0.1422167685971032,0.0057372138857677115,0.002425315915397647,0.0030122077115029566,13.72821626384691,15.390055361651294,6678.525332584024,180.0,0.004282503798620128,19.199221615998976,1.0,0.0,nan,nan,10.0,0.04017356928294794,0.20002122923813354,0.20088679816546823,0.0,"[100, 300, 100, 300, 100]","[0.007593957326182383, 0.0016961902166945809, 0.006452302100798372, 0.0, 0.005670069349425305]",,0.03627978790742428,0.03271031021398864,5.0,1.96,nan,known-logging,sieve,frozen,neural-fore,known-uniform,0.8,1.0,0.0,0.02,0.0
10000,14670815,1000000,-0.3170054884673674,-0.3104775880715716,-0.26419372901110555,0.006527900395795816,0.052811759456261875,0.03477737559267987,-0.3323573851727581,-0.196030072849453,1.0,0.13632731232330508,0.007413256836340673,0.002425315915397647,0.0030122077115029566,13.4552234770327,16.899958647842357,6877.26511303382,300.0,0.0009370956624031243,25.44522703339826,1.0,0.0,nan,nan,6.202,0.03955612721658511,0.19956707666435136,0.19962859697499644,0.0,"[300, 300, 300, 300, 300]","[0.001515840763707389, 0.0, 0.0031572857705040626, 1.2351777804169803e-05, 0.0]",,0.03477737559267987,0.02480216944101894,5.0,1.96,nan,known-logging,sieve,frozen,neural-fore,known-uniform,0.8,1.0,0.0,0.02,0.0
10000,14770818,1000000,-0.3170054884673674,-0.3199635144209033,-0.3482658681306973,-0.002958025953535892,-0.031260379663329896,0.035953655473304286,-0.4187350328583737,-0.27779670340302093,1.0,0.14093832945535278,0.00582338451278414,0.002425315915397647,0.0030122077115029566,12.880460760736261,14.772279977088902,6777.2082332807795,300.0,0.0,24.8554527247994,1.0,0.0,nan,nan,4.6,0.04072368138241741,0.20372459076251262,0.2011683121492971,0.0,"[300, 300, 300, 300, 300]","[0.0, 0.0, 0.0, 0.0, 0.0]",,0.035953655473304286,0.02201726879968227,5.0,1.96,nan,known-logging,sieve,frozen,neural-fore,known-uniform,0.8,1.0,0.0,0.02,0.0
10000,14870821,1000000,-0.3170054884673674,-0.3075306716957509,-0.3153350634236147,0.009474816771616545,0.001670425043752699,0.036003180773911826,-0.3859012977404819,-0.24476882910674755,1.0,0.14113246863373435,0.006049234337977793,0.002425315915397647,0.0030122077115029566,13.012708090972172,19.428046890103502,6717.173611982557,220.0,0.0038009883172363717,21.598188766599925,1.0,0.0,nan,nan,2.206,0.04112341962795529,0.20215102097025225,0.20228604756022475,0.0,"[300, 300, 300, 100, 100]","[0.00398904929466527, 0.0, 0.0, 0.005684771226934304, 0.009331121064582283]",,0.036003180773911826,0.02441171460862276,5.0,1.96,nan,known-logging,sieve,frozen,neural-fore,known-uniform,0.8,1.0,0.0,0.02,0.0
10000,14970824,1000000,-0.3170054884673674,-0.3144183327890423,-0.3557235948751298,0.002587155678325126,-0.038718106407762354,0.03658279761831004,-0.42742587820701744,-0.2840213115432421,1.0,0.14340456666377535,0.007294405248462394,0.002425315915397647,0.0030122077115029566,12.44670432837232,14.545652577737254,6752.100062126488,300.0,0.0017528620823646767,24.781667124798695,1.0,0.0,nan,nan,0.8019999999999999,0.03961997426705809,0.1986107394167603,0.19819198598293306,0.0,"[300, 300, 300, 300, 300]","[0.0, 0.0012418753052996345, 0.00046213918115832394, 0.001241501380188792, 0.005818794545176633]",,0.03658279761831004,0.028347228561433555,5.0,1.96,nan,known-logging,sieve,frozen,neural-fore,known-uniform,0.8,1.0,0.0,0.02,0.0
10000,15070827,1000000,-0.3170054884673674,-0.310800772080726,-0.42014469222203316,0.00620471638664144,-0.10313920375466573,0.03798901935243581,-0.49460317015280736,-0.34568621429125895,0.0,0.14891695586154838,0.0066487120989658,0.002425315915397647,0.0030122077115029566,14.047943056805103,22.769948152405686,6518.52147568373,260.0,0.0021443878346089156,24.072488891999818,1.0,0.0,nan,nan,6.4,0.04038789815858667,0.2027328588767892,0.19792774642849514,0.0,"[300, 300, 300, 300, 100]","[0.0, 0.0, 0.002311615027244021, 0.0006706586844139914, 0.007739665461386567]",,0.03798901935243581,0.0449690085836102,5.0,1.96,nan,known-logging,sieve,frozen,neural-fore,known-uniform,0.8,1.0,0.0,0.02,0.0
10000,15170830,1000000,-0.3170054884673674,-0.3120800292998945,-0.29454478285007857,0.004925459167472945,0.022460705617288856,0.034771167297807506,-0.3626962707537813,-0.22639329494637586,1.0,0.1363029758074054,0.005548935590715062,0.002425315915397647,0.0030122077115029566,13.025481553945417,15.313735039977235,6859.949216123865,220.0,0.0026007697614570074,21.904515416597132,1.0,0.0,nan,nan,2.404,0.04007758494980045,0.1996509191245508,0.19933240149093093,0.0,"[300, 100, 300, 100, 300]","[0.0, 0.006650581721687242, 0.0, 0.0063532670855977955, 0.0]",,0.034771167297807506,0.02475731363496856,5.0,1.96,nan,known-logging,sieve,frozen,neural-fore,known-uniform,0.8,1.0,0.0,0.02,0.0
10000,15270833,1000000,-0.3170054884673674,-0.30603174730034527,-0.32345087583976617,0.010973741167022155,-0.006445387372398748,0.03599530079284988,-0.3940016653937519,-0.2529000862857804,1.0,0.14110157910797153,0.006230089225896455,0.002425315915397647,0.0030122077115029566,14.221393748658771,18.289836404319882,6689.777226176127,300.0,0.0005794326193434272,24.500613308399625,1.0,0.0,nan,nan,8.001999999999999,0.04081628119430307,0.2025907469621641,0.2000380835601181,0.0,"[300, 300, 300, 300, 300]","[0.0, 0.0, 0.0005587562913796167, 0.0023384068053375192, 0.0]",,0.03599530079284988,0.03700397915088614,5.0,1.96,nan,known-logging,sieve,frozen,neural-fore,known-uniform,0.8,1.0,0.0,0.02,0.0
10000,15370836,1000000,-0.3170054884673674,-0.3143767506955816,-0.24616619848321902,0.0026287377717858496,0.0708392899841484,0.03463349161754017,-0.31404784205359776,-0.1782845549128403,0.0,0.13576328714075744,0.008464106500454371,0.002425315915397647,0.0030122077115029566,13.314314181976808,14.43369896533828,6835.042781016316,260.0,0.004235092930528836,22.38606097560041,1.0,0.0,nan,nan,4.6,0.04015021344539593,0.20071956050452763,0.2004240011234139,0.0,"[300, 300, 100, 300, 300]","[0.0052488892102259856, 0.002977764348450383, 0.011868630210853442, 0.0, 0.0010801808831143662]",,0.03463349161754017,0.0204198568548995,5.0,1.96,nan,known-logging,sieve,frozen,neural-fore,known-uniform,0.8,1.0,0.0,0.02,0.0
10000,15470839,1000000,-0.3170054884673674,-0.31627344846086136,-0.27515928822977076,0.0007320400065060628,0.041846200237596665,0.034719187014317233,-0.34320889477783256,-0.20710968168170898,1.0,0.13609921309612355,0.006635417468739,0.002425315915397647,0.0030122077115029566,12.404340025219696,13.362794323043525,6899.7530151606725,220.0,0.0028577976150354575,22.089214307999647,1.0,0.0,nan,nan,10.0,0.03980123743194765,0.20103828777040406,0.19797403101310512,0.0,"[100, 100, 300, 300, 300]","[0.006029886831749056, 0.0054526182847393564, 0.0, 0.0028064829586888743, 0.0]",,0.034719187014317233,0.03848258902341131,5.0,1.96,nan,known-logging,sieve,frozen,neural-fore,known-uniform,0.8,1.0,0.0,0.02,0.0
10000,15570842,1000000,-0.3170054884673674,-0.3141212949166798,-0.24060127284446908,0.0028841935506876415,0.07640421562289834,0.033897147505280625,-0.3070396819548191,-0.17416286373411904,0.0,0.13287681822070005,0.0058440321914443195,0.002425315915397647,0.0030122077115029566,12.603197476830434,16.32413593747305,6823.156413352069,300.0,0.0015674417323260556,24.840959084001224,1.0,0.0,nan,nan,6.202,0.040979121683851004,0.20435272569259375,0.2004455559180079,0.0,"[300, 300, 300, 300, 300]","[0.007283254203654603, 0.0, 0.0, 0.0005539544579756756, 0.0]",,0.033897147505280625,0.0208892344419402,5.0,1.96,nan,known-logging,sieve,frozen,neural-fore,known-uniform,0.8,1.0,0.0,0.02,0.0
10000,15670845,1000000,-0.3170054884673674,-0.3087772059181556,-0.32595112217052447,0.008228282549211818,-0.008945633703157041,0.03578346369845772,-0.3960867110195016,-0.25581553332154733,1.0,0.14027117769795425,0.0052831361610582005,0.002425315915397647,0.0030122077115029566,13.60728016148126,16.411702081276253,6707.395963487141,260.0,0.0018498201101562815,23.933090016999632,1.0,0.0,nan,nan,2.404,0.04009035533178328,0.20034816153665225,0.19979016425939036,0.0,"[100, 300, 300, 300, 300]","[0.006423449071360408, 0.0, 0.0, 0.002789848497892801, 3.580298152819876e-05]",,0.03578346369845772,0.045377410533581165,5.0,1.96,nan,known-logging,sieve,frozen,neural-fore,known-uniform,0.8,1.0,0.0,0.02,0.0
10000,15770848,1000000,-0.3170054884673674,-0.3052413467899885,-0.34495669358736714,0.011764141677378936,-0.02795120511999971,0.036280167479278,-0.416065821846752,-0.27384756532798227,1.0,0.14221825651876976,0.006660101251625172,0.002425315915397647,0.0030122077115029566,12.356163097823394,14.370080873351748,6748.002305350543,260.0,0.00149578417774446,24.920180467001046,1.0,0.0,nan,nan,6.4,0.041169587361770024,0.20334095951167025,0.20107185428877572,0.0,"[300, 300, 300, 300, 100]","[0.0023131217394403597, 0.0007890241114514215, 0.0, 0.0, 0.0043767750378305185]",,0.036280167479278,0.029830472722666448,5.0,1.96,nan,known-logging,sieve,frozen,neural-fore,known-uniform,0.8,1.0,0.0,0.02,0.0
10000,15870851,1000000,-0.3170054884673674,-0.30869227320578213,-0.28590735306842896,0.008313215261585294,0.031098135398938465,0.035382313824895144,-0.35525668816522343,-0.2165580179716345,1.0,0.13869867019358897,0.007254730634277871,0.002425315915397647,0.0030122077115029566,12.966466708808301,19.001470887915627,6764.1496660716575,220.0,0.0017393304097872088,33.01640678340118,1.0,0.0,nan,nan,10.0,0.03993821689939601,0.1986539465442682,0.19917584160654328,0.0,"[100, 300, 100, 300, 300]","[0.00222133421386469, 0.0, 0.00611169400568678, 0.0, 0.0003636238293845737]",,0.035382313824895144,0.04370564736431886,5.0,1.96,nan,known-logging,sieve,frozen,neural-fore,known-uniform,0.8,1.0,0.0,0.02,0.0
10000,15970854,1000000,-0.3170054884673674,-0.31155431826393526,-0.3386048751562591,0.005451170203432165,-0.021599386688891664,0.03621169665841139,-0.4095798006067454,-0.26762994970577275,1.0,0.14194985090097265,0.007291213448131695,0.002425315915397647,0.0030122077115029566,13.559714580762833,15.339911231006496,6675.03545378865,300.0,0.0,41.08086583300028,1.0,0.0,nan,nan,4.401999999999999,0.040957379065522756,0.20310971295054947,0.20284485748703718,0.0,"[300, 300, 300, 300, 300]","[0.0, 0.0, 0.0, 0.0, 0.0]",,0.03621169665841139,0.051412566422983905,5.0,1.96,nan,known-logging,sieve,frozen,neural-fore,known-uniform,0.8,1.0,0.0,0.02,0.0
10000,16070857,1000000,-0.3170054884673674,-0.3142299113551525,-0.30004361520845274,0.002775577112214933,0.016961873258914684,0.03552827682501719,-0.36967903778548644,-0.23040819263141904,1.0,0.13927084515406737,0.007185729946865497,0.002425315915397647,0.0030122077115029566,13.967768957268362,19.222490370711316,6756.459038200287,260.0,0.0019590872639993653,38.19894105880085,1.0,0.0,nan,nan,2.008,0.04043801581801982,0.20149551277756378,0.20091062661172074,0.0,"[300, 300, 300, 300, 100]","[0.0008453901572601785, 0.0, 0.002839915168814274, 0.00328484776490376, 0.002825283229018614]",,0.03552827682501719,0.027931791428954994,5.0,1.96,nan,known-logging,sieve,frozen,neural-fore,known-uniform,0.8,1.0,0.0,0.02,0.0
10000,16170860,1000000,-0.3170054884673674,-0.30967698299347957,-0.28841719041723707,0.0073285054738878586,0.028588298050130356,0.03543140224152921,-0.3578627388106343,-0.21897164202383984,1.0,0.13889109678679448,0.007795130873523082,0.002425315915397647,0.0030122077115029566,13.20533028279376,16.791123519298715,6684.967941396501,260.0,0.0010570662232394657,38.650140041804114,1.0,0.0,nan,nan,2.602,0.040239836290764205,0.20307647262366046,0.19771949881748582,0.0,"[300, 300, 100, 300, 300]","[0.0004712972146852625, 0.0, 0.0034463598322692452, 0.0013676740692428208, 0.0]",,0.03543140224152921,0.04200718817917461,5.0,1.96,nan,known-logging,sieve,frozen,neural-fore,known-uniform,0.8,1.0,0.0,0.02,0.0
10000,16270863,1000000,-0.3170054884673674,-0.31103045358680126,-0.3284338279003745,0.005975034880566166,-0.011428339433007084,0.03616104245230602,-0.3993094711068943,-0.2575581846938547,1.0,0.1417512864130396,0.007496612000854831,0.002425315915397647,0.0030122077115029566,12.50268967482596,14.740545705860036,6800.557782152879,260.0,0.0009441631126852586,37.06413411640169,1.0,0.0,nan,nan,6.202,0.03969847312003417,0.2008920319117064,0.1970092082811708,0.0,"[300, 300, 300, 300, 100]","[0.0, 0.0, 0.00010078013902792415, 0.0, 0.004620035424398369]",,0.03616104245230602,0.028727036962768248,5.0,1.96,nan,known-logging,sieve,frozen,neural-fore,known-uniform,0.8,1.0,0.0,0.02,0.0
10000,16370866,1000000,-0.3170054884673674,-0.3099121417332052,-0.3365520707881385,0.007093346734162231,-0.019546582320771055,0.03611432761647605,-0.40733615291643155,-0.2657679886598454,1.0,0.1415681642565861,0.005838916999955359,0.002425315915397647,0.0030122077115029566,13.266802223992965,16.24802026341375,6748.389479541903,260.0,0.001664757901458903,35.92048715019992,1.0,0.0,nan,nan,6.4,0.0393188946659873,0.19479549852464553,0.19861325346454864,0.0,"[300, 300, 300, 300, 100]","[0.006057086750521705, 0.0, 0.0, 0.0, 0.0022667027567728104]",,0.03611432761647605,0.045497318539351135,5.0,1.96,nan,known-logging,sieve,frozen,neural-fore,known-uniform,0.8,1.0,0.0,0.02,0.0
10000,16470869,1000000,-0.3170054884673674,-0.30275260872448717,-0.3113772818930779,0.014252879742880253,0.005628206574289529,0.03587328158740589,-0.3816889138043934,-0.24106564998176236,1.0,0.14062326382263107,0.009076942448463656,0.002425315915397647,0.0030122077115029566,13.655961997323683,16.013138520530923,6701.827609508921,300.0,0.0023124499768090666,37.800442542399836,1.0,0.0,nan,nan,4.204,0.04024143021641162,0.2010619115556893,0.20251125173818213,0.0,"[300, 300, 300, 300, 300]","[0.0, 0.0042921925884316535, 0.001973578201947815, 0.0, 0.005296479093665864]",,0.03587328158740589,0.024702970001806324,5.0,1.96,nan,known-logging,sieve,frozen,neural-fore,known-uniform,0.8,1.0,0.0,0.02,0.0
10000,16570872,1000000,-0.3170054884673674,-0.310899817307115,-0.26652791148350613,0.006105671160252402,0.050477576983861294,0.035020341076652764,-0.33516777999374553,-0.19788804297326673,1.0,0.13727973702047883,0.007248720958986434,0.002425315915397647,0.0030122077115029566,12.981124558445677,16.109396585777937,6768.03089997663,300.0,0.0025725328737451376,38.56727472499697,1.0,0.0,nan,nan,4.6,0.040889269221267316,0.20129599238508517,0.20361304684930173,0.0,"[300, 300, 300, 300, 300]","[0.0010390335019969787, 0.0005560160681543916, 0.0009407087521929914, 0.0023868687977601525, 0.007940037248621174]",,0.035020341076652764,0.028872078616973124,5.0,1.96,nan,known-logging,sieve,frozen,neural-fore,known-uniform,0.8,1.0,0.0,0.02,0.0
10000,16670875,1000000,-0.3170054884673674,-0.3087605958391513,-0.33561726333859154,0.00824489262821615,-0.018611774871224118,0.03640962669447127,-0.4069801316597552,-0.26425439501742787,1.0,0.14272573664232738,0.008298131578015953,0.002425315915397647,0.0030122077115029566,13.765936349687989,15.384706068136364,6626.002541396361,300.0,0.003029702668836047,36.56882925860045,1.0,0.0,nan,nan,4.204,0.040548835725355,0.20156576620350472,0.2008335978962145,0.0,"[300, 300, 300, 300, 300]","[0.001251221480250407, 0.0, 0.011752015095444046, 0.00214527676848578, 0.0]",,0.03640962669447127,0.028056464909556204,5.0,1.96,nan,known-logging,sieve,frozen,neural-fore,known-uniform,0.8,1.0,0.0,0.02,0.0
10000,16770878,1000000,-0.3170054884673674,-0.2971875823954645,-0.31918241720016755,0.019817906071902924,-0.0021769287328001208,0.036422267199071906,-0.39057006091034846,-0.24779477348998663,1.0,0.14277528742036186,0.007671394710892629,0.002425315915397647,0.0030122077115029566,14.222396782301505,17.11034551324523,6604.993890372021,300.0,0.002406426695500782,32.93637770779897,1.0,0.0,nan,nan,6.202,0.040423288354324946,0.20244062571779714,0.1978147833650251,0.0,"[300, 300, 300, 300, 300]","[0.005519382637512746, 0.0, 0.0, 0.0044231353031498385, 0.0020896155368413257]",,0.036422267199071906,0.04621600677100561,5.0,1.96,nan,known-logging,sieve,frozen,neural-fore,known-uniform,0.8,1.0,0.0,0.02,0.0
10000,16870881,1000000,-0.3170054884673674,-0.31918495506858774,-0.3390132573492883,-0.0021794666012203145,-0.022007768881920853,0.03567159849496295,-0.4089295903994157,-0.2690969242991609,1.0,0.13983266610025477,0.005303193977947533,0.002425315915397647,0.0030122077115029566,13.046723608713572,16.05048426625563,6839.3340176358115,220.0,0.0033871652718568033,28.758708699997804,1.0,0.0,nan,nan,4.204,0.03991370029920347,0.2015977428408259,0.19957691467382874,0.0,"[300, 300, 100, 300, 100]","[0.0, 0.00020811002836683713, 0.008020190063152743, 0.00041993375499354326, 0.008287592512770893]",,0.03567159849496295,0.026984764963323436,5.0,1.96,nan,known-logging,sieve,frozen,neural-fore,known-uniform,0.8,1.0,0.0,0.02,0.0
10000,16970884,1000000,-0.3170054884673674,-0.3153718353770945,-0.3675256165998096,0.001633653090272913,-0.050520128132442166,0.03627926496153463,-0.43863297592441747,-0.2964182572752017,1.0,0.14221471864921573,0.005736779237599987,0.002425315915397647,0.0030122077115029566,13.124516911490153,15.462789317197274,6827.422555973841,140.0,0.007856975609202507,23.30878315820155,1.0,0.0,nan,nan,8.2,0.04026495144453145,0.19892765786888583,0.19922837330093787,0.0,"[100, 300, 100, 100, 100]","[0.008022203658024061, 0.007613123727642329, 0.007350994756295518, 0.008324301799520387, 0.00797425410453024]",,0.03627926496153463,0.02974569047357197,5.0,1.96,nan,known-logging,sieve,frozen,neural-fore,known-uniform,0.8,1.0,0.0,0.02,0.0
10000,17070887,1000000,-0.3170054884673674,-0.3012233674972268,-0.2845630257061569,0.015782120970140645,0.032442462761210544,0.035505983900486225,-0.35415475415110986,-0.2149712972612039,1.0,0.139183456889906,0.006861089550593855,0.002425315915397647,0.0030122077115029566,13.053929068779865,15.323815786088877,6693.267111162927,300.0,0.004009156457168077,26.170223691801947,1.0,0.0,nan,nan,4.204,0.04047653450408827,0.20130755670409525,0.19945837453838994,0.0,"[300, 300, 300, 300, 300]","[0.0010756565186381055, 0.0049473035107609874, 0.00935025390282964, 0.0011922292978068043, 0.0034803390558048476]",,0.035505983900486225,0.022251725286920907,5.0,1.96,nan,known-logging,sieve,frozen,neural-fore,known-uniform,0.8,1.0,0.0,0.02,0.0
10000,17170890,1000000,-0.3170054884673674,-0.3165956957457676,-0.32872292109902057,0.00040979272159979985,-0.011717432631653146,0.03602142133358177,-0.39932490691284084,-0.2581209352852003,1.0,0.14120397162764053,0.0074416462413237575,0.002425315915397647,0.0030122077115029566,12.673725401991604,18.238778774347825,6784.257484268024,300.0,0.0012541390374136649,24.942098316798365,1.0,0.0,nan,nan,8.2,0.039604364993669386,0.19894883748687658,0.19928587905833467,0.0,"[300, 300, 300, 300, 300]","[0.0026144080929249225, 0.0, 0.0, 0.0, 0.003656287094143402]",,0.03602142133358177,0.04455128144908506,5.0,1.96,nan,known-logging,sieve,frozen,neural-fore,known-uniform,0.8,1.0,0.0,0.02,0.0
10000,17270893,1000000,-0.3170054884673674,-0.3115130037940741,-0.25839120208741395,0.00549248467329333,0.05861428637995347,0.03476927336527783,-0.3265389778833585,-0.1902434262914694,1.0,0.1362955515918891,0.005294171411025178,0.002425315915397647,0.0030122077115029566,12.870157862024898,15.39136912294688,6829.08101156952,260.0,0.0051717915145775275,23.367506491799578,1.0,0.0,nan,nan,2.4219999999999997,0.03971237627333541,0.19703343634850143,0.2005171851495764,0.0,"[300, 300, 300, 300, 100]","[0.013435014209651895, 0.0034761871606017957, 0.0018649518737564393, 0.0, 0.007082804328877509]",,0.03476927336527783,0.02093050960538657,5.0,1.96,nan,known-logging,sieve,frozen,neural-fore,known-uniform,0.8,1.0,0.0,0.02,0.0
10000,17370896,1000000,-0.3170054884673674,-0.3117213412514988,-0.2921998581288622,0.005284147215868618,0.024805630338505247,0.035403483545025004,-0.3615906858771112,-0.22280903038061317,1.0,0.138781655496498,0.006385188406430074,0.002425315915397647,0.0030122077115029566,13.680002991242793,18.666231824279677,6721.3387177519735,260.0,0.002129060950641391,23.171457908400043,1.0,0.0,nan,nan,0.6039999999999999,0.039931908013968426,0.2000888755046021,0.1990998469858188,0.0,"[300, 300, 300, 100, 300]","[0.0017091096285624667, 0.0007097966628749367, 0.0020191249461904114, 0.006132317332896499, 7.495618268263914e-05]",,0.035403483545025004,0.019141082897907006,5.0,1.96,nan,known-logging,sieve,frozen,neural-fore,known-uniform,0.8,1.0,0.0,0.02,0.0
10000,17470899,1000000,-0.3170054884673674,-0.31025468839899506,-0.32827691937027453,0.006750800068372365,-0.01127143090290711,0.03601871053173863,-0.39887359201248224,-0.25768024672806683,1.0,0.1411933452844154,0.005235953232181232,0.002425315915397647,0.0030122077115029566,13.239054142165724,16.830207310397327,6728.524217041919,300.0,0.0022700626208347406,24.978555491798033,1.0,0.0,nan,nan,6.004,0.040618611641169595,0.20417725678678317,0.20007740149422645,0.0,"[300, 300, 300, 300, 300]","[0.0, 0.0, 0.0, 0.0017639624083732445, 0.00958635069580046]",,0.03601871053173863,0.031844284571352965,5.0,1.96,nan,known-logging,sieve,frozen,neural-fore,known-uniform,0.8,1.0,0.0,0.02,0.0
10000,17570902,1000000,-0.3170054884673674,-0.3175825508757767,-0.3391907905202784,-0.0005770624084092679,-0.02218530205291097,0.03611872416681497,-0.40998348988723576,-0.26839809115332103,1.0,0.14158539873391468,0.006923758785676683,0.002425315915397647,0.0030122077115029566,13.224816427387617,15.543833328144437,6740.181142261498,220.0,0.0036067038702142797,21.20871028360125,1.0,0.0,nan,nan,6.4,0.04064784821442298,0.20557593513252992,0.19934204861112045,0.0,"[100, 300, 300, 100, 300]","[0.012429904842968367, 0.00030045724563512884, 0.0, 0.0021302328986162605, 0.0031729243638516417]",,0.03611872416681497,0.01916760174692433,5.0,1.96,nan,known-logging,sieve,frozen,neural-fore,known-uniform,0.8,1.0,0.0,0.02,0.0
10000,17670905,1000000,-0.3170054884673674,-0.3111948694286423,-0.26808333910986654,0.005810619038725151,0.04892214935750089,0.03477916772396464,-0.33625050784883725,-0.19991617037089585,1.0,0.13633433747794138,0.004501979499102182,0.002425315915397647,0.0030122077115029566,13.132477989098687,14.780127587592093,6764.348453579922,300.0,0.0006704169279662356,24.803693966401624,1.0,0.0,nan,nan,2.404,0.04083071351232588,0.2009743823297135,0.20329868841602447,0.0,"[300, 300, 300, 300, 300]","[0.0010879240005151041, 0.0, 0.0, 0.0, 0.002264160639316074]",,0.03477916772396464,0.03801678412688514,5.0,1.96,nan,known-logging,sieve,frozen,neural-fore,known-uniform,0.8,1.0,0.0,0.02,0.0
10000,17770908,1000000,-0.3170054884673674,-0.31806605109469155,-0.326581610840737,-0.0010605626273241242,-0.009576122373369578,0.03595969230931822,-0.3970626077670007,-0.2561006139144733,1.0,0.14096199385252742,0.006946114846833408,0.002425315915397647,0.0030122077115029566,12.415205047505925,22.889245150063573,6749.397182896485,220.0,0.00305243902751257,20.997811791799176,1.0,0.0,nan,nan,2.206,0.039637588137043434,0.19852119706211163,0.19832745411941008,0.0,"[300, 300, 100, 100, 300]","[0.0, 0.0, 0.003683929850117093, 0.004602931490328709, 0.006975333797117045]",,0.03595969230931822,0.01425526974532723,5.0,1.96,nan,known-logging,sieve,frozen,neural-fore,known-uniform,0.8,1.0,0.0,0.02,0.0
10000,17870911,1000000,-0.3170054884673674,-0.29774695461053347,-0.34796839137904695,0.01925853385683396,-0.030962902911679524,0.037156883278582645,-0.42079588260506895,-0.27514090015302495,1.0,0.14565498245204397,0.006551724396215926,0.002425315915397647,0.0030122077115029566,13.757141800680566,19.67091582141933,6689.729377971372,220.0,0.003947799102715692,21.511459816600837,1.0,0.0,nan,nan,4.401999999999999,0.04062990493025831,0.202369105913547,0.20063887882862902,0.0,"[300, 300, 100, 300, 100]","[0.0038606922391797105, 0.004748279391137173, 0.006111951052100363, 0.0, 0.005018072831161214]",,0.037156883278582645,0.034309596380237284,5.0,1.96,nan,known-logging,sieve,frozen,neural-fore,known-uniform,0.8,1.0,0.0,0.02,0.0
10000,17970914,1000000,-0.3170054884673674,-0.3149828263681234,-0.3420812986976675,0.0020226620992440103,-0.02507581023030009,0.03674097065865365,-0.41409360118862865,-0.2700689962067064,1.0,0.1440246049819223,0.005113346790114929,0.002425315915397647,0.0030122077115029566,13.9858386403841,17.766092365403154,6706.054021796449,220.0,0.003008094182661618,22.234780483399664,1.0,0.0,nan,nan,4.402,0.04058068823974999,0.19905566802712854,0.20284908836224824,0.0,"[300, 100, 300, 300, 100]","[0.0019899877822286724, 0.005849626337858057, 0.0019532744511754274, 0.0, 0.005247582342045934]",,0.03674097065865365,0.03533926326813679,5.0,1.96,nan,known-logging,sieve,frozen,neural-fore,known-uniform,0.8,1.0,0.0,0.02,0.0
10000,18070917,1000000,-0.3170054884673674,-0.30964686283829934,-0.27372188611598663,0.007358625629068083,0.04328360235138079,0.035551375430020314,-0.34340258195882645,-0.20404119027314682,1.0,0.13936139168567963,0.006418103519086944,0.002425315915397647,0.0030122077115029566,13.622044626461213,17.96715735914261,6699.8489890495275,260.0,0.002053742002385196,22.695381766798526,1.0,0.0,nan,nan,4.6,0.040711622730896305,0.19801504823240584,0.20520590005075032,0.0,"[300, 300, 300, 100, 300]","[0.0027797666570577263, 0.0012742054330964793, 0.0013895653269554347, 0.004825172594816339, 0.0]",,0.035551375430020314,0.04179305592636978,5.0,1.96,nan,known-logging,sieve,frozen,neural-fore,known-uniform,0.8,1.0,0.0,0.02,0.0
10000,18170920,1000000,-0.3170054884673674,-0.31832513346578906,-0.3577122050182736,-0.0013196449984216319,-0.040706716550906186,0.03607928552912041,-0.4284276046553496,-0.2869968053811976,1.0,0.141430799274152,0.006471302103443735,0.002425315915397647,0.0030122077115029566,12.804306952378303,15.105171420668528,6780.971574999951,260.0,0.003078517622548547,22.68889399179825,1.0,0.0,nan,nan,0.6039999999999999,0.039957207061626046,0.1979820702550798,0.20150871828672406,0.0,"[300, 100, 300, 300, 300]","[0.004872094331740495, 0.003182585559809214, 0.0045778311397116625, 0.0023022528909501312, 0.00045782419053123143]",,0.03607928552912041,0.022720563767123347,5.0,1.96,nan,known-logging,sieve,frozen,neural-fore,known-uniform,0.8,1.0,0.0,0.02,0.0
10000,18270923,1000000,-0.3170054884673674,-0.3073044791004311,-0.2800845256073822,0.009701009366936297,0.03692096285998525,0.03463653260864438,-0.3479721295203252,-0.21219692169443918,1.0,0.13577520782588598,0.00776035174230631,0.002425315915397647,0.0030122077115029566,13.04348334608508,14.17346189441894,6903.146173547919,260.0,0.0021396362404625265,22.659514317000866,1.0,0.0,nan,nan,4.401999999999999,0.04091876890435779,0.20297070714132945,0.20376500922963242,0.0,"[300, 100, 300, 300, 300]","[0.0, 0.00843236690643318, 0.0, 0.0022658142958794517, 0.0]",,0.03463653260864438,0.04248149149575804,5.0,1.96,nan,known-logging,sieve,frozen,neural-fore,known-uniform,0.8,1.0,0.0,0.02,0.0
10000,18370926,1000000,-0.3170054884673674,-0.3162556050516453,-0.3546314918525553,0.0007498834157221301,-0.0376260033851879,0.03636232508208993,-0.4259016490134516,-0.28336133469165903,1.0,0.14254031432179254,0.005693612768037226,0.002425315915397647,0.0030122077115029566,13.168477646926945,17.843634560072804,6748.153558496176,220.0,0.0029038457262206612,21.70012731680108,1.0,0.0,nan,nan,2.8,0.0403270895488365,0.2052481693169196,0.19663596496364222,0.0,"[300, 300, 300, 100, 100]","[0.0, 0.0, 0.002186402274472583, 0.00583847745386029, 0.006494348902770432]",,0.03636232508208993,0.04443745372195973,5.0,1.96,nan,known-logging,sieve,frozen,neural-fore,known-uniform,0.8,1.0,0.0,0.02,0.0
10000,18470929,1000000,-0.3170054884673674,-0.2992762908530323,-0.2777808090597583,0.017729197614335113,0.0392246794076091,0.03524636583048008,-0.3468636860874993,-0.20869793203201736,1.0,0.13816575405548193,0.005124900047885817,0.002425315915397647,0.0030122077115029566,13.280585874488358,17.97565538638164,6802.977942652024,260.0,0.0015636733190011781,22.777667341402413,1.0,0.0,nan,nan,0.20800000000000002,0.0403502832334197,0.20064492212989124,0.201721147349858,0.0,"[100, 300, 300, 300, 300]","[0.00781836659500589, 0.0, 0.0, 0.0, 0.0]",,0.03524636583048008,0.024433952829377648,5.0,1.96,nan,known-logging,sieve,frozen,neural-fore,known-uniform,0.8,1.0,0.0,0.02,0.0
10000,18570932,1000000,-0.3170054884673674,-0.3079772298624797,-0.29049390445997264,0.009028258604887707,0.026511584007394784,0.0358883335443576,-0.36083503820691354,-0.22015277071303174,1.0,0.1406822674938818,0.006304970836702541,0.002425315915397647,0.0030122077115029566,13.389762071619174,18.105969162519905,6698.256996330345,220.0,0.004564915291841816,21.111776941799327,1.0,0.0,nan,nan,6.004,0.041976171967189106,0.20469586247773847,0.2052434455989284,0.0,"[100, 300, 300, 300, 100]","[0.006928681195042011, 0.0, 0.005391582516631956, 0.0, 0.010504312747535112]",,0.0358883335443576,0.017662847933600425,5.0,1.96,nan,known-logging,sieve,frozen,neural-fore,known-uniform,0.8,1.0,0.0,0.02,0.0
10000,18670935,1000000,-0.3170054884673674,-0.30951649827619737,-0.2783744372723758,0.007488990191170053,0.038631051194991606,0.03509701393203988,-0.347164584579174,-0.20958428996557765,1.0,0.13758029461359633,0.0048388811893816394,0.002425315915397647,0.0030122077115029566,13.013344888765435,15.014355676824861,6800.669703767887,260.0,0.0012416057473284385,24.913651466800367,1.0,0.0,nan,nan,2.602,0.039579823583720516,0.19838812074382414,0.19861007611269463,0.0,"[300, 300, 300, 100, 300]","[0.0, 0.0004891299039584111, 0.0, 0.005718898832683781, 0.0]",,0.03509701393203988,0.03016713067769476,5.0,1.96,nan,known-logging,sieve,frozen,neural-fore,known-uniform,0.8,1.0,0.0,0.02,0.0
10000,18770938,1000000,-0.3170054884673674,-0.31469917660162444,-0.32349026987250856,0.0023063118657429826,-0.006484781405141138,0.035472614378292126,-0.3930165940539611,-0.253963945691056,1.0,0.13905264836290512,0.005884370198023201,0.002425315915397647,0.0030122077115029566,13.034072381198971,15.900114225330208,6840.43740152997,220.0,0.003234016387781423,23.6754646329995,1.0,0.0,nan,nan,4.204,0.04046374367511864,0.20157718298343985,0.20129037660017568,0.0,"[100, 300, 100, 300, 300]","[0.00805882559761307, 0.0014917014511533172, 0.0057568391071398176, 0.00024886566039025146, 0.0006138501226106563]",,0.035472614378292126,0.04902632702148317,5.0,1.96,nan,known-logging,sieve,frozen,neural-fore,known-uniform,0.8,1.0,0.0,0.02,0.0
10000,18870941,1000000,-0.3170054884673674,-0.32080801450862984,-0.2856607335962412,-0.0038025260412624107,0.0313447548711262,0.034731782443715845,-0.3537350271859243,-0.21758644000655816,1.0,0.13614858717936612,0.00646548374910573,0.002425315915397647,0.0030122077115029566,12.707661760688008,15.105829540313996,6794.912006093239,220.0,0.0021502908369240314,23.49799112420078,1.0,0.0,nan,nan,6.220000000000001,0.04120264594297215,0.20330855740908485,0.20081824176636784,0.0,"[100, 300, 100, 300, 300]","[0.006842612998287179, 0.0, 0.003908841186332977, 0.0, 0.0]",,0.034731782443715845,0.04034001481532961,5.0,1.96,nan,known-logging,sieve,frozen,neural-fore,known-uniform,0.8,1.0,0.0,0.02,0.0
10000,18970944,1000000,-0.3170054884673674,-0.31424365400012766,-0.3887288326674866,0.0027618344672397654,-0.07172334420011917,0.03662790550027084,-0.46051952744801744,-0.31693813788695574,1.0,0.1435813895610617,0.006131694927400214,0.002425315915397647,0.0030122077115029566,13.898214715240567,15.748067431140413,6595.712205302871,300.0,0.000829428586214573,26.17933937499911,1.0,0.0,nan,nan,6.202,0.040441264036714206,0.20220380900057341,0.2002132670063234,0.0,"[300, 300, 300, 300, 300]","[0.0, 0.0, 0.0012331949761969462, 0.0, 0.002913947954875919]",,0.03662790550027084,0.02665248731632451,5.0,1.96,nan,known-logging,sieve,frozen,neural-fore,known-uniform,0.8,1.0,0.0,0.02,0.0
10000,19070947,1000000,-0.3170054884673674,-0.3060069277619049,-0.3214236103918199,0.010998560705462512,-0.004418121924452456,0.0363071346345485,-0.39258559427553497,-0.2502616265081048,1.0,0.14232396776743012,0.009261130655788144,0.002425315915397647,0.0030122077115029566,13.152213238630164,16.589200434021016,6755.398088964455,260.0,0.0013988497399544733,24.560246075400936,1.0,0.0,nan,nan,4.204,0.04099700261215091,0.19945577049964444,0.20506219887786603,0.0,"[300, 100, 300, 300, 300]","[0.00026704203083352995, 0.003358934333749111, 0.002607692822897451, 0.0, 0.0007605795122922743]",,0.0363071346345485,0.03263262595749801,5.0,1.96,nan,known-logging,sieve,frozen,neural-fore,known-uniform,0.8,1.0,0.0,0.02,0.0
10000,19170950,1000000,-0.3170054884673674,-0.3151139344931147,-0.3367854666352101,0.0018915539742527243,-0.01977997816784266,0.03625311968789352,-0.40784158122348135,-0.2657293520469388,1.0,0.1421122291765426,0.007667445544362402,0.002425315915397647,0.0030122077115029566,13.553091360829667,17.77091993474607,6669.140231960882,260.0,0.0025270737586591463,23.60494385020138,1.0,0.0,nan,nan,4.401999999999999,0.04051784270927384,0.2011308152162065,0.201493643944538,0.0,"[300, 100, 300, 300, 300]","[0.006590173734639554, 0.004914268892193557, 0.0011309261664626219, 0.0, 0.0]",,0.03625311968789352,0.07182420983966563,5.0,1.96,nan,known-logging,sieve,frozen,neural-fore,known-uniform,0.8,1.0,0.0,0.02,0.0
10000,19270953,1000000,-0.3170054884673674,-0.317707898702138,-0.3483787273441544,-0.0007024102347705785,-0.031373238876787,0.03649453264654886,-0.4199080113313902,-0.27684944335691863,1.0,0.14305856797447153,0.005306797572831823,0.002425315915397647,0.0030122077115029566,13.79059295279574,16.68021909366135,6677.1345988075245,180.0,0.0031229627701345707,20.496449725599813,1.0,0.0,nan,nan,4.204,0.04011593942724293,0.20117883865818414,0.20119082560503604,0.0,"[100, 300, 100, 300, 100]","[0.004537027377735079, 0.0008806161048323961, 0.005443676902893943, 0.0, 0.004753493465211434]",,0.03649453264654886,0.021544157651036015,5.0,1.96,nan,known-logging,sieve,frozen,neural-fore,known-uniform,0.8,1.0,0.0,0.02,0.0
10000,19370956,1000000,-0.3170054884673674,-0.31551889867985194,-0.3005054876898462,0.0014865897875154799,0.01650000077752123,0.0353271103901768,-0.36974662405459274,-0.23126435132509965,1.0,0.13848227272949307,0.007420986107456387,0.002425315915397647,0.0030122077115029566,12.677354821150386,14.747976811976978,6718.692227070328,300.0,0.0009699156371348602,25.086695400202007,1.0,0.0,nan,nan,6.202,0.03960744154697232,0.1959143770346062,0.20168760765522648,0.0,"[300, 300, 300, 300, 300]","[0.0, 0.0, 0.0004982554390800952, 0.0, 0.004351322746594206]",,0.0353271103901768,0.058359278457997904,5.0,1.96,nan,known-logging,sieve,frozen,neural-fore,known-uniform,0.8,1.0,0.0,0.02,0.0
10000,19470959,1000000,-0.3170054884673674,-0.3160841533204113,-0.2947687383661493,0.000921335146956137,0.022236750101218117,0.03559917829990288,-0.3645431278339589,-0.22499434889833966,1.0,0.1395487789356193,0.006004528725859341,0.002425315915397647,0.0030122077115029566,13.041390711490125,14.668153058378898,6778.318511345066,260.0,0.0006262551394456515,23.743067683600383,1.0000000000000002,0.0,nan,nan,8.2,0.03947361265836129,0.19966987620612525,0.19806035731401733,0.0,"[100, 300, 300, 300, 300]","[0.0015218029510598895, 0.0, 0.0, 0.0016094727461683674, 0.0]",,0.03559917829990288,0.011588842167157255,5.0,1.96,nan,known-logging,sieve,frozen,neural-fore,known-uniform,0.8,1.0,0.0,0.02,0.0
10000,19570962,1000000,-0.3170054884673674,-0.3105268498438705,-0.3521842409021101,0.006478638623496902,-0.035178752434742666,0.03653443003079601,-0.42379172376247026,-0.2805767580417499,1.0,0.14321496572072037,0.008830586745336395,0.002425315915397647,0.0030122077115029566,13.134689179987605,13.970150883087642,6665.0052860501055,180.0,0.005349762213874553,20.50192907520104,1.0,0.0,nan,nan,4.204,0.039768928301871245,0.19804305854400842,0.19991806802918893,0.0,"[300, 100, 300, 100, 100]","[0.003868973139363484, 0.003092055365476949, 0.0, 0.01473051533944715, 0.005057267225085178]",,0.03653443003079601,0.042168351346689864,5.0,1.96,nan,known-logging,sieve,frozen,neural-fore,known-uniform,0.8,1.0,0.0,0.02,0.0
10000,19670965,1000000,-0.3170054884673674,-0.3055714395859774,-0.33752089456250794,0.011434048881390046,-0.02051540609514052,0.03688517100119551,-0.40981582972485114,-0.26522595940016475,1.0,0.1445898703246864,0.006909664533821534,0.002425315915397647,0.0030122077115029566,14.01715176011597,20.466841883549485,6636.567274584777,260.0,0.0011960952054598766,24.981948374996865,1.0,0.0,nan,nan,6.202,0.03985365377383188,0.2001247787393364,0.20173563807818776,0.0,"[100, 300, 300, 300, 300]","[0.004773096993453655, 0.0, 0.0, 0.0, 0.0012073790338457285]",,0.03688517100119551,0.022517607209958306,5.0,1.96,nan,known-logging,sieve,frozen,neural-fore,known-uniform,0.8,1.0,0.0,0.02,0.0
10000,19770968,1000000,-0.3170054884673674,-0.3123826908756933,-0.36848727765854467,0.00462279759167411,-0.05148178919117724,0.036144116405522786,-0.4393297458133693,-0.29764480950372,1.0,0.14168493630964932,0.006886652890813142,0.002425315915397647,0.0030122077115029566,12.917002113148241,16.27708973454851,6721.179018734641,260.0,0.002451255224044704,24.15034038340018,1.0,0.0,nan,nan,4.401999999999999,0.03972593783867175,0.19794127712890613,0.1985747325659106,0.0,"[100, 300, 300, 300, 300]","[0.005173528713124008, 0.0004081992951937045, 0.0, 0.005528653379350731, 0.0011458947325550773]",,0.036144116405522786,0.024226554930530313,5.0,1.96,nan,known-logging,sieve,frozen,neural-fore,known-uniform,0.8,1.0,0.0,0.02,0.0
10000,19870971,1000000,-0.3170054884673674,-0.3028613479961534,-0.333145199488366,0.01414414047121404,-0.016139711020998593,0.03652258351527896,-0.40472946317831276,-0.26156093579841927,1.0,0.14316852737989352,0.006273507933316361,0.002425315915397647,0.0030122077115029566,13.351417220975316,17.939807115144333,6700.200588019445,300.0,0.0030124317178822106,25.72006314140308,1.0000000000000002,0.0,nan,nan,4.222,0.04040297547171462,0.20248633465824803,0.19799790410877052,0.0,"[300, 300, 300, 300, 300]","[0.0030461526349195253, 0.007675995959389065, 0.0015959855368467986, 0.0018194102625916015, 0.0009246141956640621]",,0.03652258351527896,0.04764979056514934,5.0,1.96,nan,known-logging,sieve,frozen,neural-fore,known-uniform,0.8,1.0,0.0,0.02,0.0
10000,19970974,1000000,-0.3170054884673674,-0.3154431680759442,-0.29166020908112544,0.001562320391423233,0.02534527938624198,0.03523621303542948,-0.36072318663056724,-0.22259723153168365,1.0,0.13812595509888356,0.006220964111458151,0.002425315915397647,0.0030122077115029566,13.641860525940965,19.412552699451158,6743.401127078471,260.0,0.003026997495363223,24.42695863300105,1.0,0.0,nan,nan,4.401999999999999,0.04063206436513885,0.20327784715336294,0.19974129245491165,0.0,"[300, 300, 300, 300, 100]","[0.0, 0.006604516441357563, 0.004634256226153379, 0.0, 0.003896214809305174]",,0.03523621303542948,0.05744540138623012,5.0,1.96,nan,known-logging,sieve,frozen,neural-fore,known-uniform,0.8,1.0,0.0,0.02,0.0
10000,20070977,1000000,-0.3170054884673674,-0.3184507554149412,-0.30313857360498536,-0.0014452669475737978,0.013866914862382063,0.03519862597510005,-0.37212788051618145,-0.23414926669378927,1.0,0.13797861382239218,0.006083303382018744,0.002425315915397647,0.0030122077115029566,12.741716735077892,14.452467168603295,6789.040124025959,260.0,0.0023963865474770493,24.440871825999057,1.0,0.0,nan,nan,4.204000000000001,0.0412216230991884,0.20033427695582304,0.20452817334558365,0.0,"[300, 100, 300, 300, 300]","[0.0, 0.010735445150859824, 0.0, 0.0, 0.0012464875865254219]",,0.03519862597510005,0.04306917238305455,5.0,1.96,nan,known-logging,sieve,frozen,neural-fore,known-uniform,0.8,1.0,0.0,0.02,0.0
10000,20170980,1000000,-0.3170054884673674,-0.3104993492802721,-0.3542244585993216,0.006506139187095306,-0.03721897013195419,0.03635701431402502,-0.4254842066548107,-0.28296471054383254,1.0,0.14251949611097808,0.006838880840409064,0.002425315915397647,0.0030122077115029566,12.852540164710176,16.02464858477782,6686.913055653118,220.0,0.001758384075068525,22.247213183200802,1.0,0.0,nan,nan,4.6,0.04065586762963906,0.20527411281878857,0.1986474596573485,0.0,"[100, 100, 300, 300, 300]","[0.005606012016217562, 0.003185908359125063, 0.0, 0.0, 0.0]",,0.03635701431402502,0.028480670208131234,5.0,1.96,nan,known-logging,sieve,frozen,neural-fore,known-uniform,0.8,1.0,0.0,0.02,0.0
10000,20270983,1000000,-0.3170054884673674,-0.31947906440900165,-0.24062930819993766,-0.0024735759416342207,0.07637618026742976,0.034205637808448076,-0.3076723583044959,-0.17358625809537942,0.0,0.13408610020911646,0.005554778605688729,0.002425315915397647,0.0030122077115029566,12.89241032896098,16.851536352576407,6918.790972510313,260.0,0.002591602594065818,23.936285134200443,1.0,0.0,nan,nan,4.204,0.0395117137555208,0.19706595070309332,0.19778923112306915,0.0,"[300, 300, 300, 300, 100]","[0.003642411115037013, 0.0, 0.0, 0.0, 0.009315601855292076]",,0.034205637808448076,0.018034727507359054,5.0,1.96,nan,known-logging,sieve,frozen,neural-fore,known-uniform,0.8,1.0,0.0,0.02,0.0
10000,20370986,1000000,-0.3170054884673674,-0.30496806370593366,-0.3541551615114586,0.012037424761433768,-0.03714967304409117,0.03670195980336475,-0.4260910027260535,-0.2822193202968637,1.0,0.14387168242918982,0.009246690159541484,0.002425315915397647,0.0030122077115029566,14.476617389540916,18.902490821361194,6534.803523763596,260.0,0.0034679359954776683,24.109677083199493,1.0,0.0,nan,nan,0.6039999999999999,0.039856876237572475,0.19925681363729186,0.19913384059809353,0.0,"[300, 300, 300, 300, 100]","[0.006571572594802615, 0.0, 0.0019938481449199123, 0.0, 0.008774259237665815]",,0.03670195980336475,0.026269631462189854,5.0,1.96,nan,known-logging,sieve,frozen,neural-fore,known-uniform,0.8,1.0,0.0,0.02,0.0
10000,20470989,1000000,-0.3170054884673674,-0.3116779543261549,-0.2845837192747039,0.005327534141212509,0.03242176919266354,0.03491185665500578,-0.3530109583185152,-0.21615648023089257,1.0,0.13685447808762263,0.006735782710301734,0.002425315915397647,0.0030122077115029566,13.416256520753889,20.218467125686036,6848.60075157209,260.0,0.0022714456318138434,24.927560033398912,1.0,0.0,nan,nan,2.602,0.04085279332259428,0.20373236114839485,0.2021442406545364,0.0,"[300, 100, 300, 300, 300]","[0.0025556291566520986, 0.007385161302393918, 0.001416437700023198, 0.0, 0.0]",,0.03491185665500578,0.03857253435528814,5.0,1.96,nan,known-logging,sieve,frozen,neural-fore,known-uniform,0.8,1.0,0.0,0.02,0.0
10000,20570992,1000000,-0.3170054884673674,-0.31207277397730215,-0.2710939150305047,0.004932714490065271,0.04591157343686275,0.03454471358005447,-0.33880155364741144,-0.2033862764135979,1.0,0.1354152772338135,0.005957744348848221,0.002425315915397647,0.0030122077115029566,12.093409611460661,14.228705999944046,6883.215526341151,300.0,0.000599576916241851,25.1789453756006,1.0,0.0,nan,nan,6.202,0.03952662937924054,0.19638986116842175,0.20037304071537906,0.0,"[300, 300, 300, 300, 300]","[0.0, 0.0, 0.0008137333593413384, 0.0020492609964988485, 0.0001348902253690686]",,0.03454471358005447,0.04617369296620741,5.0,1.96,nan,known-logging,sieve,frozen,neural-fore,known-uniform,0.8,1.0,0.0,0.02,0.0
10000,20670995,1000000,-0.3170054884673674,-0.31153023111334255,-0.35287564220942486,0.005475257354024876,-0.03587015374205743,0.036331522824031494,-0.42408542694452656,-0.28166585747432316,1.0,0.14241956947020346,0.006060780517626832,0.002425315915397647,0.0030122077115029566,12.972421940780519,16.323647696734845,6694.739588271674,220.0,0.003679114271934582,22.561487266201585,1.0,0.0,nan,nan,4.401999999999999,0.03978047413329117,0.19721986395821572,0.20184620007517937,0.0,"[300, 100, 100, 300, 300]","[0.0, 0.004039586953540529, 0.00808700579729452, 0.0, 0.006268978608837858]",,0.036331522824031494,0.028815099105950186,5.0,1.96,nan,known-logging,sieve,frozen,neural-fore,known-uniform,0.8,1.0,0.0,0.02,0.0
10000,20770998,1000000,-0.3170054884673674,-0.31906202838745723,-0.33924625710017536,-0.002056539920089806,-0.02224076863280794,0.035976887607243754,-0.4097609568103731,-0.2687315573899776,1.0,0.14102939942039552,0.00472859632120361,0.002425315915397647,0.0030122077115029566,13.107371834303915,13.878746555686266,6764.019265940093,300.0,0.0023277778475475934,27.387681933200657,1.0,0.0,nan,nan,8.2,0.040033858946921186,0.19856123608777362,0.2016181655457995,0.0,"[300, 300, 300, 300, 300]","[0.0016497376766970843, 0.006101131084195127, 0.0038880204768457546, 0.0, 0.0]",,0.035976887607243754,0.046470757024182185,5.0,1.96,nan,known-logging,sieve,frozen,neural-fore,known-uniform,0.8,1.0,0.0,0.02,0.0
10000,20871001,1000000,-0.3170054884673674,-0.3126409514132973,-0.40292080052127427,0.004364537054070139,-0.08591531205390684,0.03781539130239749,-0.47703896747397334,-0.3288026335685752,0.0,0.14823633390539817,0.0061744511243669795,0.002425315915397647,0.0030122077115029566,13.81980409000798,16.449141263556076,6578.813900841175,300.0,0.0006334166860879869,28.011847416798265,1.0,0.0,nan,nan,6.004,0.04065465614948931,0.20014361318797141,0.2034501843280498,0.0,"[300, 300, 300, 300, 300]","[0.0010391536448423424, 0.0, 0.0, 0.0, 0.002127929785597592]",,0.03781539130239749,0.029934634543783895,5.0,1.96,nan,known-logging,sieve,frozen,neural-fore,known-uniform,0.8,1.0,0.0,0.02,0.0
10000,20971004,1000000,-0.3170054884673674,-0.31628849907417494,-0.3793317461819455,0.0007169893931924798,-0.06232625771457806,0.03736619068610047,-0.4525694799267024,-0.3060940124371886,1.0,0.14647546748951384,0.006277686088507081,0.002425315915397647,0.0030122077115029566,14.00594655266064,17.179473095411645,6572.939208676792,260.0,0.0015847391858209482,25.755423074399733,1.0,0.0,nan,nan,6.004,0.040207382528607845,0.201167504925454,0.20224281454360987,0.0,"[300, 300, 100, 300, 300]","[0.0, 0.00038599315322810485, 0.0054315707037936815, 0.0016438861207386558, 0.00046224595134429806]",,0.03736619068610047,0.050257297500793226,5.0,1.96,nan,known-logging,sieve,frozen,neural-fore,known-uniform,0.8,1.0,0.0,0.02,0.0
10000,21071007,1000000,-0.3170054884673674,-0.3080365552992501,-0.29300438361925724,0.00896893316811731,0.02400110484811019,0.03556732987439866,-0.3627163501730786,-0.22329241706543584,1.0,0.13942393310764276,0.006365798139624767,0.002425315915397647,0.0030122077115029566,13.334010600880182,16.399611558474376,6800.680311574001,220.0,0.0035053521189720447,26.351950566997402,1.0,0.0,nan,nan,2.008,0.04104993138608827,0.20375532872604304,0.20106522335194915,0.0,"[300, 300, 100, 300, 100]","[0.0, 0.0, 0.003469945393209097, 0.00444818125569411, 0.009608633945957016]",,0.03556732987439866,0.038085593666630856,5.0,1.96,nan,known-logging,sieve,frozen,neural-fore,known-uniform,0.8,1.0,0.0,0.02,0.0
10000,21171010,1000000,-0.3170054884673674,-0.31690091358376443,-0.22071319662450678,0.0001045748836029925,0.09629229184286064,0.034432494125195424,-0.28820088510988984,-0.15322550813912375,0.0,0.13497537697076606,0.006881119137074965,0.002425315915397647,0.0030122077115029566,12.642422193715676,15.848849485665058,6808.668497490224,260.0,0.0018312673856174261,30.163939400201343,1.0,0.0,nan,nan,6.0040000000000004,0.04031799627926063,0.2030232046702724,0.19786456060793442,0.0,"[300, 100, 300, 300, 300]","[0.0, 0.007811285489101921, 0.0, 0.0, 0.0013450514389852096]",,0.034432494125195424,0.053828693425514045,5.0,1.96,nan,known-logging,sieve,frozen,neural-fore,known-uniform,0.8,1.0,0.0,0.02,0.0
10000,21271013,1000000,-0.3170054884673674,-0.31816451727303713,-0.3071818149006342,-0.001159028805669704,0.009823673566733249,0.03528751253724942,-0.376345339473643,-0.23801829032762534,1.0,0.1383270491460177,0.005377635743039308,0.002425315915397647,0.0030122077115029566,13.443342435270374,17.160738593593212,6836.276406912624,220.0,0.0041272922261745195,30.04716700900026,1.0,0.0,nan,nan,0.6039999999999999,0.04061653304905412,0.19810145069348134,0.2039921921818717,0.0,"[300, 300, 300, 100, 100]","[0.0016911423025814352, 0.006171361766472633, 0.0001444006675672203, 0.0034866869781197945, 0.009142869416131516]",,0.03528751253724942,0.02638120534859787,5.0,1.96,nan,known-logging,sieve,frozen,neural-fore,known-uniform,0.8,1.0,0.0,0.02,0.0
10000,21371016,1000000,-0.3170054884673674,-0.30502977601427583,-0.2311665075973107,0.011975712453091591,0.08583898087005673,0.03424130169141562,-0.2982794589124853,-0.16405355628213608,0.0,0.13422590263034923,0.005313552446731249,0.002425315915397647,0.0030122077115029566,12.739341154950697,17.95824194663482,6880.531527895848,220.0,0.0034924269485840016,28.438192466000327,1.0,0.0,nan,nan,4.222,0.04082730908152682,0.20092020091501409,0.20214437294469834,0.0,"[100, 100, 300, 300, 300]","[0.0030203480573890574, 0.004391067740496955, 0.007527678368753538, 0.0025230405762804594, 0.0]",,0.03424130169141562,0.031089195460137643,5.0,1.96,nan,known-logging,sieve,frozen,neural-fore,known-uniform,0.8,1.0,0.0,0.02,0.0
10000,21471019,1000000,-0.3170054884673674,-0.3226790962483236,-0.364085438583212,-0.005673607780956158,-0.04707995011584459,0.03658276221013199,-0.43578765251507073,-0.2923832246513533,1.0,0.1434044278637174,0.005390410314080388,0.002425315915397647,0.0030122077115029566,12.774799037387222,16.277829333161744,6695.324566460265,300.0,0.0022386271469848015,33.65628867479827,1.0,0.0,nan,nan,6.202,0.03936876991556839,0.19743679646648118,0.19887314998743555,0.0,"[300, 300, 300, 300, 300]","[0.0010523746673435403, 0.0, 0.0055004727600378184, 0.0, 0.004640288307542649]",,0.03658276221013199,0.03788722138820212,5.0,1.96,nan,known-logging,sieve,frozen,neural-fore,known-uniform,0.8,1.0,0.0,0.02,0.0
10000,21571022,1000000,-0.3170054884673674,-0.31493164912591937,-0.32430047524817207,0.0020738393414480583,-0.0072949867808046465,0.035693193565687724,-0.39425913463692003,-0.2543418158594241,1.0,0.13991731877749589,0.006970628244198488,0.002425315915397647,0.0030122077115029566,12.751318022114242,15.434065571569523,6704.868380121193,260.0,0.0019216392751181571,30.961300732997916,1.0,0.0,nan,nan,2.008,0.04044588167466111,0.20004321705749212,0.20057622338191047,0.0,"[300, 100, 300, 300, 300]","[0.003074308906360658, 0.005467995329802706, 0.0010658921394274211, 0.0, 0.0]",,0.035693193565687724,0.03180622871464337,5.0,1.96,nan,known-logging,sieve,frozen,neural-fore,known-uniform,0.8,1.0,0.0,0.02,0.0
10000,21671025,1000000,-0.3170054884673674,-0.3137523764790713,-0.3055436285545546,0.0032531119882961423,0.011461859912812844,0.03542551634478396,-0.3749776405903311,-0.23610961651877801,1.0,0.13886802407155313,0.0048811422017219505,0.002425315915397647,0.0030122077115029566,13.720176348393162,17.87638877831292,6787.649001662231,260.0,0.0010874837872769058,29.14661279919674,0.9999999999999998,0.0,nan,nan,6.0040000000000004,0.039290998971977915,0.19820978101937917,0.19863973748191155,0.0,"[100, 300, 300, 300, 300]","[0.0024605904483187614, 0.0029768284880657674, 0.0, 0.0, 0.0]",,0.03542551634478396,0.030118356565510193,5.0,1.96,nan,known-logging,sieve,frozen,neural-fore,known-uniform,0.8,1.0,0.0,0.02,0.0
10000,21771028,1000000,-0.3170054884673674,-0.31670780003650967,-0.34101234962965166,0.00029768843085775654,-0.024006861162284232,0.03589525603364128,-0.41136705145558855,-0.27065764780371476,1.0,0.14070940365187382,0.005677489030883596,0.002425315915397647,0.0030122077115029566,13.140121710828149,16.079452270374937,6680.061188453651,260.0,0.0012549564531280613,30.434497724600078,1.0,0.0,nan,nan,4.204,0.04053060941945806,0.20404648007373427,0.1980752857488411,0.0,"[300, 300, 100, 300, 300]","[0.0, 0.0, 0.004318020987045714, 0.0019567612785945923, 0.0]",,0.03589525603364128,0.05611189168774976,5.0,1.96,nan,known-logging,sieve,frozen,neural-fore,known-uniform,0.8,1.0,0.0,0.02,0.0
10000,21871031,1000000,-0.3170054884673674,-0.3089973651343235,-0.3296865214456284,0.008008123333043904,-0.012681032978260953,0.03567350051184798,-0.3996065824488504,-0.25976646044240637,1.0,0.13984012200644408,0.006628566787304595,0.002425315915397647,0.0030122077115029566,13.207488860838193,15.578925090947356,6690.984370870217,260.0,0.0016611517043059552,30.669178783999815,1.0,0.0,nan,nan,8.2,0.040620956680838066,0.20229153777230988,0.2013826485541038,0.0,"[300, 300, 300, 300, 100]","[0.0036018313378685727, 0.0, 0.0, 0.0, 0.0047039271836612035]",,0.03567350051184798,0.03390092306376839,5.0,1.96,nan,known-logging,sieve,frozen,neural-fore,known-uniform,0.8,1.0,0.0,0.02,0.0
10000,21971034,1000000,-0.3170054884673674,-0.31155488856050895,-0.350426995295794,0.005450599906858478,-0.033421506828426595,0.0362439373949951,-0.4214651125899844,-0.2793888780016036,1.0,0.1420762345883808,0.005635537696688269,0.002425315915397647,0.0030122077115029566,13.071499914575025,15.08305139211005,6658.245312075645,300.0,0.0021516581659191134,31.49997017479982,1.0,0.0,nan,nan,2.404,0.04008351032632064,0.19926605348391171,0.19761288794956505,0.0,"[300, 300, 300, 300, 300]","[0.0030471368407861753, 0.0, 0.002434127434915639, 0.0027091134167287387, 0.0025679131371650152]",,0.0362439373949951,0.01994678540745736,5.0,1.96,nan,known-logging,sieve,frozen,neural-fore,known-uniform,0.8,1.0,0.0,0.02,0.0
10000,22071037,1000000,-0.3170054884673674,-0.30971805955070747,-0.2926969771641794,0.007287428916659955,0.024308511303188007,0.03582744208320668,-0.3629187636472645,-0.22247519068109434,1.0,0.1404435729661702,0.005913876638295085,0.002425315915397647,0.0030122077115029566,12.458885565812052,15.459989667837121,6855.861318501864,180.0,0.0026425880159828647,25.476462075200835,1.0,0.0,nan,nan,4.204,0.040203733790846304,0.19696388451328856,0.20246511432550443,0.0,"[300, 100, 100, 100, 300]","[0.0, 0.007210562086645692, 0.003239001944771973, 0.002197072270723848, 0.0005663037777728123]",,0.03582744208320668,0.0296114803428952,5.0,1.96,nan,known-logging,sieve,frozen,neural-fore,known-uniform,0.8,1.0,0.0,0.02,0.0
10000,22171040,1000000,-0.3170054884673674,-0.30781820015837336,-0.2783050061492054,0.009187288308994068,0.03870048231816203,0.035134636913758996,-0.347168894500173,-0.20944111779823776,1.0,0.13772777670193526,0.00601444507392689,0.002425315915397647,0.0030122077115029566,13.338342757761097,17.225998976192614,6754.425215570638,260.0,0.0027639288496244183,30.585180349799337,1.0,0.0,nan,nan,4.204,0.03961419134524359,0.20124768973522347,0.1976075151256906,0.0,"[300, 100, 300, 300, 300]","[0.0, 0.010537859909910683, 0.0, 0.0, 0.003281784338211409]",,0.035134636913758996,0.026697470321153893,5.0,1.96,nan,known-logging,sieve,frozen,neural-fore,known-uniform,0.8,1.0,0.0,0.02,0.0
10000,22271043,1000000,-0.3170054884673674,-0.3098307836541815,-0.24385717620110267,0.007174704813185939,0.07314831226626475,0.03401678488745238,-0.3105300745805093,-0.17718427782169602,0.0,0.1333457967588133,0.008731766868600697,0.002425315915397647,0.0030122077115029566,12.27152958994462,18.4569783303562,6917.85951254983,260.0,0.0030442526708332777,32.31949020879838,1.0,0.0,nan,nan,2.008,0.04089682915651479,0.19977125335941742,0.2033237146910432,0.0,"[300, 300, 300, 300, 100]","[0.0010740855599938872, 0.004725604338792754, 0.0, 0.0, 0.009421573455379749]",,0.03401678488745238,0.04356925233773698,5.0,1.96,nan,known-logging,sieve,frozen,neural-fore,known-uniform,0.8,1.0,0.0,0.02,0.0
10000,22371046,1000000,-0.3170054884673674,-0.32086043810437626,-0.3149410692819465,-0.003854949637008831,0.0020644191854209404,0.0355566315216686,-0.38463206706441694,-0.24525007149947603,1.0,0.1393819955649409,0.0067008845924254904,0.002425315915397647,0.0030122077115029566,12.65729424247875,15.911142239095183,6812.889798852984,180.0,0.004480323586230832,27.631979849399794,1.0,0.0,nan,nan,6.202,0.041292268152640775,0.20059676394773723,0.2053618226248534,0.0,"[100, 100, 300, 300, 100]","[0.004809685040540021, 0.006734586378991471, 0.0066899949016741055, 0.0, 0.004167351609948564]",,0.0355566315216686,0.058930876658666316,5.0,1.96,nan,known-logging,sieve,frozen,neural-fore,known-uniform,0.8,1.0,0.0,0.02,0.0
10000,22471049,1000000,-0.3170054884673674,-0.3042528047102768,-0.2903953320613866,0.0127526837570906,0.0266101564059808,0.03557704982609318,-0.36012634972052926,-0.220664314402244,1.0,0.13946203531828527,0.006107763411185174,0.002425315915397647,0.0030122077115029566,13.732095948437742,22.39742013769043,6647.2384666433145,300.0,0.0004794634533528191,35.17171684079949,1.0,0.0,nan,nan,2.0260000000000002,0.041030382657457634,0.2003385843089836,0.20351650667132043,0.0,"[300, 300, 300, 300, 300]","[0.0, 0.0022245816189376726, 0.00017273564782642302, 0.0, 0.0]",,0.03557704982609318,0.02319461316829288,5.0,1.96,nan,known-logging,sieve,frozen,neural-fore,known-uniform,0.8,1.0,0.0,0.02,0.0
10000,22571052,1000000,-0.3170054884673674,-0.32027914208069913,-0.36189299398869595,-0.0032736536133317062,-0.04488750552132853,0.03611961013297092,-0.43268742984931896,-0.29109855812807295,1.0,0.141588871721246,0.007123526952859849,0.002425315915397647,0.0030122077115029566,13.486859292578348,18.593414829274217,6745.7892451253065,260.0,0.002680587881929858,32.37829882480073,1.0,0.0,nan,nan,6.202,0.04046892772593978,0.19990635668363316,0.2019550868560988,0.0,"[100, 300, 300, 300, 300]","[0.000756886810564534, 0.00031060488915528447, 0.009068847599371928, 0.0, 0.0032666001105575437]",,0.03611961013297092,0.027980120529630535,5.0,1.96,nan,known-logging,sieve,frozen,neural-fore,known-uniform,0.8,1.0,0.0,0.02,0.0
10000,22671055,1000000,-0.3170054884673674,-0.3176940351427383,-0.3121536592380549,-0.0006885466753708824,0.004851829229312543,0.035706042533033264,-0.3821375026028001,-0.24216981587330969,1.0,0.1399676867294904,0.006491761403167146,0.002425315915397647,0.0030122077115029566,12.83180312947437,18.050254330766723,6761.287413426817,260.0,0.0024258262824976224,29.412816283600115,1.0,0.0,nan,nan,2.602,0.03936663015742704,0.19779166389484393,0.20044919640517156,0.0,"[100, 300, 300, 300, 300]","[0.005188476736859392, 0.0, 0.001043208836813864, 0.0058974458388148555, 0.0]",,0.035706042533033264,0.018477944692250354,5.0,1.96,nan,known-logging,sieve,frozen,neural-fore,known-uniform,0.8,1.0,0.0,0.02,0.0
10000,22771058,1000000,-0.3170054884673674,-0.30608077207844886,-0.3210437565230721,0.010924716388918565,-0.004038268055704675,0.03574400199836871,-0.39110200043987475,-0.25098551260626945,1.0,0.14011648783360534,0.011217252634680819,0.002425315915397647,0.0030122077115029566,13.20931994620631,16.01039668232156,6736.651718314982,260.0,0.002018816113195588,30.192558449999343,1.0,0.0,nan,nan,4.204,0.04060115210788922,0.20033628767803954,0.20323418938723484,0.0,"[300, 300, 300, 100, 300]","[2.2660653324312296e-05, 0.0020795189159199473, 0.004116114906404897, 0.0035426718144374483, 0.0003331142758913352]",,0.03574400199836871,0.029039703226997705,5.0,1.96,nan,known-logging,sieve,frozen,neural-fore,known-uniform,0.8,1.0,0.0,0.02,0.0
10000,22871061,1000000,-0.3170054884673674,-0.31085037323524756,-0.3483061326894788,0.006155115232119868,-0.03130064422211137,0.03652593726993269,-0.41989696973854684,-0.27671529564041075,1.0,0.14318167409813615,0.007105383834364543,0.002425315915397647,0.0030122077115029566,13.50581740137333,16.425734045453805,6608.555816668108,300.0,0.0007872764286603353,31.399159599797713,1.0,0.0,nan,nan,2.404,0.04009072382575456,0.20055380086929672,0.19886493464232805,0.0,"[300, 300, 300, 300, 300]","[0.0, 0.0, 0.001442613887240864, 0.0024937682560608123, 0.0]",,0.03652593726993269,0.025492522631415503,5.0,1.96,nan,known-logging,sieve,frozen,neural-fore,known-uniform,0.8,1.0,0.0,0.02,0.0
10000,22971064,1000000,-0.3170054884673674,-0.3060587349873448,-0.3017478035027707,0.010946753480022609,0.01525768496459673,0.03631920908817787,-0.37293345331559935,-0.23056215368994207,1.0,0.14237129962565725,0.008018348486873739,0.002425315915397647,0.0030122077115029566,13.790922918370176,18.64860353948958,6602.94019809027,300.0,0.0011530210594893422,32.577591266199306,1.0,0.0,nan,nan,4.6,0.04126269190540711,0.20283613024093766,0.20327640100326622,0.0,"[300, 300, 300, 300, 300]","[4.8029485681956564e-05, 0.0007025309592503489, 0.002650719068878492, 0.0023638257836359135, 0.0]",,0.03631920908817787,0.03455399031355076,5.0,1.96,nan,known-logging,sieve,frozen,neural-fore,known-uniform,0.8,1.0,0.0,0.02,0.0
10000,23071067,1000000,-0.3170054884673674,-0.31850102222361926,-0.3606000957972344,-0.0014955337562518323,-0.043594607329866975,0.03605389696518433,-0.4312657338489957,-0.2899344577454731,1.0,0.14133127610352259,0.007251260533634283,0.002425315915397647,0.0030122077115029566,12.890482689282935,14.3931712936005,6822.0697057140005,260.0,0.0019132419755414898,30.783410133198778,1.0,0.0,nan,nan,4.023999999999999,0.040651655247462164,0.19839115517970068,0.2026379864259502,0.0,"[300, 100, 300, 300, 300]","[0.0, 0.005901125748268726, 0.0027275725218135678, 0.0008665800999740318, 7.093150765112468e-05]",,0.03605389696518433,0.02571395973116903,5.0,1.96,nan,known-logging,sieve,frozen,neural-fore,known-uniform,0.8,1.0,0.0,0.02,0.0
10000,23171070,1000000,-0.3170054884673674,-0.30966905456862165,-0.30964968123903963,0.0073364338987457756,0.007355807228327793,0.03557289008901119,-0.37937254581350155,-0.2399268166645777,1.0,0.13944572914892386,0.005608100429954268,0.002425315915397647,0.0030122077115029566,12.86131202122723,16.960642835168343,6775.078876879779,220.0,0.004513691123873372,28.54618232480061,1.0,0.0,nan,nan,2.206,0.04051629048563056,0.19967516498910753,0.20309394683517817,0.0,"[300, 100, 100, 300, 300]","[0.00797544558316092, 0.00721774352287614, 0.007375266513329799, 0.0, 0.0]",,0.03557289008901119,0.036893504528379056,5.0,1.96,nan,known-logging,sieve,frozen,neural-fore,known-uniform,0.8,1.0,0.0,0.02,0.0
10000,23271073,1000000,-0.3170054884673674,-0.3157131308847142,-0.32665591880155187,0.0012923575826532252,-0.009650430334184446,0.03655488467511719,-0.39830349276478155,-0.2550083448383222,1.0,0.14329514792645937,0.006167266055131828,0.002425315915397647,0.0030122077115029566,13.47891222238597,16.16791613842375,6746.961715322785,260.0,0.0028220403056873323,29.617730216800556,1.0,0.0,nan,nan,4.401999999999999,0.03970935610456199,0.19628991568172466,0.20119650252072882,0.0,"[300, 300, 300, 300, 100]","[0.004479895098292611, 0.004119864248344419, 0.0, 0.0001427925435434582, 0.005367649638256175]",,0.03655488467511719,0.03316745912226826,5.0,1.96,nan,known-logging,sieve,frozen,neural-fore,known-uniform,0.8,1.0,0.0,0.02,0.0
10000,23371076,1000000,-0.3170054884673674,-0.3122627447376131,-0.28152560226875173,0.004742743729754306,0.035479886198615695,0.03549161429113879,-0.35108916627938375,-0.2119620382581197,1.0,0.13912712802126406,0.0052506347524708605,0.002425315915397647,0.0030122077115029566,12.094776240190908,13.234665484072146,6901.808380862645,260.0,0.0020411816856214875,31.01519343359978,1.0,0.0,nan,nan,2.206,0.0392591464236919,0.20089971902005166,0.19581924860160266,0.0,"[300, 100, 300, 300, 300]","[0.0, 0.0066024783704262055, 0.0036034300576812334, 0.0, 0.0]",,0.03549161429113879,0.02454559653502808,5.0,1.96,nan,known-logging,sieve,frozen,neural-fore,known-uniform,0.8,1.0,0.0,0.02,0.0
10000,23471079,1000000,-0.3170054884673674,-0.3089557764990028,-0.355155874517766,0.008049711968364626,-0.038150386050398555,0.0364164740465469,-0.42653216364899793,-0.28377958538653403,1.0,0.14275257826246385,0.00665614142501798,0.002425315915397647,0.0030122077115029566,13.377208506711876,15.74869653042612,6765.355960291411,260.0,0.004460561000434756,28.6899126412005,1.0,0.0,nan,nan,4.401999999999999,0.0400355003807925,0.20067748563290744,0.19715116388630666,0.0,"[300, 300, 100, 300, 300]","[0.0032888378502445026, 0.005410114048606933, 0.006550402184792847, 0.0015011408543012478, 0.005552310064228247]",,0.0364164740465469,0.044044266921675415,5.0,1.96,nan,known-logging,sieve,frozen,neural-fore,known-uniform,0.8,1.0,0.0,0.02,0.0
10000,23571082,1000000,-0.3170054884673674,-0.3040839863021898,-0.33913930796066183,0.012921502165177623,-0.022133819493294404,0.036394294162690854,-0.4104721245195359,-0.26780649140178775,1.0,0.14266563311774816,0.005821914115416645,0.002425315915397647,0.0030122077115029566,13.982923015534451,20.507933068594586,6687.870361718866,300.0,0.003227335647712843,30.69776052440211,1.0000000000000002,0.0,nan,nan,4.204,0.04024517768635455,0.20049447104783166,0.20116058060295314,0.0,"[300, 300, 300, 300, 300]","[0.0016850748220092206, 0.0, 0.0, 0.011201810186235166, 0.0032497932303198287]",,0.036394294162690854,0.043483857666000665,5.0,1.96,nan,known-logging,sieve,frozen,neural-fore,known-uniform,0.8,1.0,0.0,0.02,0.0
10000,23671085,1000000,-0.3170054884673674,-0.31690903548563376,-0.2888990356682676,9.645298173366346e-05,0.028106452799099846,0.03516863288219617,-0.35782955611737205,-0.2199685152191631,1.0,0.13786104089820897,0.008558014799428281,0.002425315915397647,0.0030122077115029566,13.389637617750719,16.012509787476827,6802.170069793021,220.0,0.002405623646835096,28.68759462519811,1.0,0.0,nan,nan,0.40599999999999986,0.03994533338824152,0.20107136208767878,0.19809385931739942,0.0,"[300, 300, 100, 300, 100]","[0.0, 0.00029171159812315224, 0.005979791280584117, 0.0, 0.005756615355468209]",,0.03516863288219617,0.023638724999984467,5.0,1.96,nan,known-logging,sieve,frozen,neural-fore,known-uniform,0.8,1.0,0.0,0.02,0.0
10000,23771088,1000000,-0.3170054884673674,-0.3036263550724849,-0.31594362259769176,0.013379133394882503,0.00106186586967566,0.0362752027214148,-0.3870430199316648,-0.24484422526371874,1.0,0.14219879466794602,0.0076310571378170764,0.002425315915397647,0.0030122077115029566,13.8021549937113,18.174780171068793,6726.225126783542,260.0,0.0024905383277896696,31.20850933279944,1.0,0.0,nan,nan,8.002,0.040854553526900296,0.20367353462735105,0.2006924103051828,0.0,"[300, 100, 300, 300, 300]","[0.0, 0.005215599600760052, 0.005302010698521563, 0.0019350813396667313, 0.0]",,0.0362752027214148,0.03158899840967671,5.0,1.96,nan,known-logging,sieve,frozen,neural-fore,known-uniform,0.8,1.0,0.0,0.02,0.0
10000,23871091,1000000,-0.3170054884673674,-0.31806621117513184,-0.37000306066937116,-0.0010607227077644166,-0.05299757220200374,0.036098974131707366,-0.44075704996751763,-0.2992490713712247,1.0,0.14150797859629288,0.006930849467725745,0.002425315915397647,0.0030122077115029566,12.60816184375732,16.344619311573712,6862.632739809642,220.0,0.004600925376441856,28.12022286680003,1.0,0.0,nan,nan,0.22600000000000003,0.041484676930802086,0.2008216048399583,0.20597795122134147,0.0,"[100, 300, 300, 100, 300]","[0.007412579892181669, 0.007222368722644799, 0.00439632852131114, 0.0029783589255065945, 0.0009949908205650756]",,0.036098974131707366,0.01466008145600683,5.0,1.96,nan,known-logging,sieve,frozen,neural-fore,known-uniform,0.8,1.0,0.0,0.02,0.0
10000,23971094,1000000,-0.3170054884673674,-0.30806259192885443,-0.2664751688750347,0.00894289653851299,0.05053031959233273,0.035080385259123006,-0.3352327239829158,-0.1977176137671536,1.0,0.13751511021576218,0.00707026435708614,0.002425315915397647,0.0030122077115029566,13.360674892405273,16.699284836729067,6865.005156153258,260.0,0.0007793689657733646,28.31590099140085,1.0,0.0,nan,nan,4.6,0.04025806689523675,0.20007414091619782,0.19961747856085493,0.0,"[300, 300, 300, 100, 300]","[0.0, 0.0, 0.0, 0.0038968448288668233, 0.0]",,0.035080385259123006,0.027677051004143298,5.0,1.96,nan,known-logging,sieve,frozen,neural-fore,known-uniform,0.8,1.0,0.0,0.02,0.0
10000,24071097,1000000,-0.3170054884673674,-0.2977959688362982,-0.26227002181391934,0.019209519631069205,0.054735466653448084,0.035980002741833925,-0.33279082718791386,-0.19174921643992485,1.0,0.141041610747989,0.006853579152429784,0.002425315915397647,0.0030122077115029566,13.157681080860359,15.681679275000894,6592.955536694059,300.0,0.0018736719269511468,30.138827533800214,1.0,0.0,nan,nan,2.404,0.041735363525652346,0.20260279329224135,0.20480366826322075,0.0,"[300, 300, 300, 300, 300]","[0.003007675319071472, 0.0, 0.0, 0.0013710287689331143, 0.004989655546751148]",,0.035980002741833925,0.03135878774416402,5.0,1.96,nan,known-logging,sieve,frozen,neural-fore,known-uniform,0.8,1.0,0.0,0.02,0.0
10000,24171100,1000000,-0.3170054884673674,-0.31187188975262164,-0.366948341776282,0.0051335987147457796,-0.04994285330891457,0.03683855135829293,-0.43915190243853613,-0.29474478111402785,1.0,0.14440712132450828,0.0050304353007791834,0.002425315915397647,0.0030122077115029566,13.204351827692605,16.785272023797457,6649.319652926842,300.0,0.0005920071432754429,32.68046884179857,1.0,0.0,nan,nan,4.204,0.039414951032937816,0.19931225342020623,0.19915204686887147,0.0,"[300, 300, 300, 300, 300]","[0.002867352542155683, 9.268317422153166e-05, 0.0, 0.0, 0.0]",,0.03683855135829293,0.02446057351581656,5.0,1.96,nan,known-logging,sieve,frozen,neural-fore,known-uniform,0.8,1.0,0.0,0.02,0.0
10000,24271103,1000000,-0.3170054884673674,-0.3038856070437732,-0.323760999567263,0.013119881423594215,-0.006755511099895584,0.036329495549820845,-0.39496681084491186,-0.25255518828961415,1.0,0.1424116225552977,0.005979123816331896,0.002425315915397647,0.0030122077115029566,13.823165312037741,16.314756928161955,6648.393556375571,260.0,0.0038238257431836274,28.595977083000616,1.0,0.0,nan,nan,2.602,0.039883877173014594,0.197534431579981,0.2028204576010697,0.0,"[300, 100, 300, 300, 300]","[0.003064682074296097, 0.008383787256077501, 8.46953608477437e-05, 0.0038923927221226015, 0.0036935713025741915]",,0.036329495549820845,0.02897317973401445,5.0,1.96,nan,known-logging,sieve,frozen,neural-fore,known-uniform,0.8,1.0,0.0,0.02,0.0
10000,24371106,1000000,-0.3170054884673674,-0.3181560891640974,-0.3368320192507418,-0.0011506006967299531,-0.019826530783374374,0.03558881724084992,-0.4065861010428076,-0.267077937458676,1.0,0.13950816358413168,0.005231820786045459,0.002425315915397647,0.0030122077115029566,12.353627974806459,13.301130582054158,6778.2609936670815,220.0,0.00349859417646903,27.096106691200838,1.0,0.0,nan,nan,6.202,0.039793953559881315,0.20050273442132535,0.19881896611576977,0.0,"[100, 300, 100, 300, 300]","[0.00700432494766989, 0.0, 0.007384335300027483, 0.0012170506209848437, 0.0018872600136629345]",,0.03558881724084992,0.03465366520204306,5.0,1.96,nan,known-logging,sieve,frozen,neural-fore,known-uniform,0.8,1.0,0.0,0.02,0.0
10000,24471109,1000000,-0.3170054884673674,-0.30422217920593925,-0.3333034557545171,0.012783309261428177,-0.01629796728714966,0.03632540558127832,-0.4045012506938226,-0.2621056608152116,1.0,0.14239558987861103,0.0053706807848569,0.002425315915397647,0.0030122077115029566,13.850104408977653,17.87543824621078,6736.046426164579,260.0,0.004645819786011024,29.382937141800358,1.0,0.0,nan,nan,2.404,0.04023933577674734,0.20170058576909736,0.1976795762069683,0.0,"[300, 300, 100, 300, 300]","[0.004024706021497143, 0.0, 0.006768517708378117, 0.01243587520017986, 0.0]",,0.03632540558127832,0.06907860187613028,5.0,1.96,nan,known-logging,sieve,frozen,neural-fore,known-uniform,0.8,1.0,0.0,0.02,0.0
10000,24571112,1000000,-0.3170054884673674,-0.3116418689673012,-0.36083743381938926,0.005363619500066197,-0.04383194535202184,0.036430926477955844,-0.43224204971618274,-0.2894328179225958,1.0,0.1428092317935869,0.007168933272133035,0.002425315915397647,0.0030122077115029566,13.429011181575182,15.81951800633653,6599.693792365448,260.0,0.0016485248054190255,29.170486467001318,1.0,0.0,nan,nan,4.006,0.040269830156532606,0.20063444477486087,0.19993857137462911,0.0,"[300, 300, 300, 100, 300]","[0.0030409197961626146, 0.0, 0.0, 0.004537304520988545, 0.0006643997099439682]",,0.036430926477955844,0.02307847239772254,5.0,1.96,nan,known-logging,sieve,frozen,neural-fore,known-uniform,0.8,1.0,0.0,0.02,0.0
10000,24671115,1000000,-0.3170054884673674,-0.30495006006319025,-0.32059549902870615,0.012055428404177171,-0.00359001056133873,0.036538684602339326,-0.3922113208492912,-0.2489796772081211,1.0,0.14323164364117016,0.0072229064154935825,0.002425315915397647,0.0030122077115029566,13.838828868878185,19.358777697752583,6646.547618438906,260.0,0.0036477675429824677,28.77703283359879,1.0,0.0,nan,nan,4.401999999999999,0.03956481487090715,0.19590869209043435,0.20075665297882156,0.0,"[300, 300, 100, 300, 300]","[0.0, 0.0009520731274415572, 0.007995748132564668, 0.004971593734585059, 0.004319422720321054]",,0.036538684602339326,0.02707267045117054,5.0,1.96,nan,known-logging,sieve,frozen,neural-fore,known-uniform,0.8,1.0,0.0,0.02,0.0
10000,24771118,1000000,-0.3170054884673674,-0.31175450155230294,-0.2696318957224633,0.005250986915064482,0.0473735927449041,0.03577217434060975,-0.3397453574300584,-0.1995184340148682,1.0,0.14022692341519022,0.006343644576147069,0.002425315915397647,0.0030122077115029566,13.536396762578233,16.517648287843723,6740.861459903824,260.0,0.0012082240405537716,28.031040758799644,1.0,0.0,nan,nan,4.204,0.041169498434852694,0.20327975350797273,0.20245933029236518,0.0,"[300, 300, 300, 300, 100]","[0.0030658974089365575, 0.0, 0.0, 0.0, 0.0029752227938323007]",,0.03577217434060975,0.04763531097316034,5.0,1.96,nan,known-logging,sieve,frozen,neural-fore,known-uniform,0.8,1.0,0.0,0.02,0.0
10000,24871121,1000000,-0.3170054884673674,-0.30573824376326436,-0.2207079398713554,0.011267244704103063,0.09629754859601203,0.034065714443979475,-0.28747674018155517,-0.15393913956115562,0.0,0.13353760062039954,0.005956575781332119,0.002425315915397647,0.0030122077115029566,12.812988927275166,16.91807443828633,6916.87182883475,260.0,0.0019135940691462614,30.377444691798882,1.0,0.0,nan,nan,6.202,0.040744772836169126,0.20206617668426669,0.20004744189696266,0.0,"[300, 300, 300, 100, 300]","[0.0038323001871458143, 0.0, 0.0025811703613757933, 0.0031544997972097, 0.0]",,0.034065714443979475,0.023476885576207838,5.0,1.96,nan,known-logging,sieve,frozen,neural-fore,known-uniform,0.8,1.0,0.0,0.02,0.0
10000,24971124,1000000,-0.3170054884673674,-0.3155620009676785,-0.31137683741992334,0.0014434874996889224,0.005628651047444089,0.03592199478598361,-0.3817839472004512,-0.24096972763939545,1.0,0.14081421956105575,0.006226349483088093,0.002425315915397647,0.0030122077115029566,13.143381638456662,18.272025595970536,6691.930710777279,260.0,0.0028060491142685045,32.35762504999875,1.0,0.0,nan,nan,4.006,0.0400837573205407,0.19915589826147057,0.20118240093128134,0.0,"[300, 300, 100, 300, 300]","[0.0, 0.0005932785876007207, 0.009765550359006071, 0.0011542560468499842, 0.0025171605778857463]",,0.03592199478598361,0.05723577326347594,5.0,1.96,nan,known-logging,sieve,frozen,neural-fore,known-uniform,0.8,1.0,0.0,0.02,0.0
10000,25071127,1000000,-0.3170054884673674,-0.30587231432510276,-0.3487951008590914,0.011133174142264668,-0.031789612391723954,0.03659589459261933,-0.42052305426062525,-0.2770671474575575,1.0,0.14345590680306777,0.005945688170654525,0.002425315915397647,0.0030122077115029566,12.704693156760001,14.756473628380943,6742.601195887759,260.0,0.0025948765073650843,32.10196290899912,1.0,0.0,nan,nan,2.602,0.03898858446222589,0.197657829828757,0.19681576812938978,0.0,"[300, 300, 300, 100, 300]","[0.0, 0.0, 0.001233279523954996, 0.00782255901466373, 0.003918543998206695]",,0.03659589459261933,0.033566176297389005,5.0,1.96,nan,known-logging,sieve,frozen,neural-fore,known-uniform,0.8,1.0,0.0,0.02,0.0
10000,25171130,1000000,-0.3170054884673674,-0.31675788490902057,-0.2894587749442358,0.0002476035583468539,0.02754671352313165,0.03533409574022393,-0.3587136025950747,-0.22020394729339687,1.0,0.1385096553016778,0.005853893137514169,0.002425315915397647,0.0030122077115029566,13.121704540128366,15.646925625656596,6736.571113555608,220.0,0.004526303511332961,29.58010684980036,0.9999999999999998,0.0,nan,nan,4.401999999999999,0.0405146677906388,0.20167962695634056,0.20241597745803602,0.0,"[300, 100, 300, 100, 300]","[0.0, 0.009161473411835926, 0.001476339361742554, 0.008011440684648676, 0.003982264098437649]",,0.03533409574022393,0.06269167119612709,5.0,1.96,nan,known-logging,sieve,frozen,neural-fore,known-uniform,0.8,1.0,0.0,0.02,0.0
10000,25271133,1000000,-0.3170054884673674,-0.3138132504289587,-0.37865105523088505,0.0031922380384087345,-0.06164556676351762,0.03719048975230755,-0.45154441514540783,-0.30575769531636227,1.0,0.1457867198290456,0.006122899828934319,0.002425315915397647,0.0030122077115029566,13.113945092025384,15.740782686683989,6714.819428703616,260.0,0.001516216493882202,30.95604170000079,1.0,0.0,nan,nan,8.001999999999999,0.040631625832726406,0.20328790046282802,0.19946603204360464,0.0,"[300, 100, 300, 300, 300]","[0.0, 0.005551632761713293, 0.0006331384921736211, 0.0, 0.0013963112155240946]",,0.03719048975230755,0.0543088387366966,5.0,1.96,nan,known-logging,sieve,frozen,neural-fore,known-uniform,0.8,1.0,0.0,0.02,0.0
10000,25371136,1000000,-0.3170054884673674,-0.29804849369022424,-0.31936596166504994,0.018956994777143188,-0.002360473197682511,0.03598959981417632,-0.3899055773008355,-0.24882634602926434,1.0,0.14107923127157118,0.009700053847995594,0.002425315915397647,0.0030122077115029566,12.833462548306224,14.877173152733214,6760.544860314027,260.0,0.0012044560276682971,32.24466765840261,1.0,0.0,nan,nan,4.006,0.0398935031244276,0.20017271520373442,0.19856933247793415,0.0,"[300, 300, 300, 100, 300]","[0.0, 0.0, 0.0006516669826083935, 0.005370613155733092, 0.0]",,0.03598959981417632,0.02075483838528172,5.0,1.96,nan,known-logging,sieve,frozen,neural-fore,known-uniform,0.8,1.0,0.0,0.02,0.0
10000,25471139,1000000,-0.3170054884673674,-0.3113304585238367,-0.3141316378740003,0.005675029943530752,0.0028738505933671443,0.03617130390111766,-0.3850273935201909,-0.24323588222780967,1.0,0.14179151129238124,0.006107268265065998,0.002425315915397647,0.0030122077115029566,13.536870769607773,16.663860015105776,6625.771082696581,300.0,0.0007499613882525287,34.159284575399944,1.0000000000000002,0.0,nan,nan,2.404,0.041171166463605684,0.19808917165334655,0.2041836404920827,0.0,"[300, 300, 300, 300, 300]","[0.0, 0.0037498069412626434, 0.0, 0.0, 0.0]",,0.03617130390111766,0.028721965304525837,5.0,1.96,nan,known-logging,sieve,frozen,neural-fore,known-uniform,0.8,1.0,0.0,0.02,0.0
10000,25571142,1000000,-0.3170054884673674,-0.31253261223692436,-0.27334148700282523,0.004472876230443068,0.04366400146454219,0.03484431303354954,-0.34163634054858233,-0.20504663345706814,1.0,0.1365897070915142,0.005907429174529968,0.002425315915397647,0.0030122077115029566,12.91635011880515,16.393783755184135,6843.37681273669,180.0,0.003910611276922769,26.381270016398776,1.0,0.0,nan,nan,4.204,0.041004236031594324,0.2005020067394431,0.20349661677390082,0.0,"[100, 100, 300, 100, 300]","[0.007179375702686016, 0.003561063209256525, 0.0, 0.007352077166357268, 0.001460540306314039]",,0.03484431303354954,0.024919352658165802,5.0,1.96,nan,known-logging,sieve,frozen,neural-fore,known-uniform,0.8,1.0,0.0,0.02,0.0
10000,25671145,1000000,-0.3170054884673674,-0.30992128288769116,-0.2887868312092582,0.0070842055796762615,0.028218657258109237,0.035011867515561554,-0.35741009153975883,-0.22016357087875754,1.0,0.1372465206610013,0.004915387640556752,0.002425315915397647,0.0030122077115029566,12.130304469871756,13.530131689302292,6788.250057237581,220.0,0.0025067051086577223,29.13728624159994,1.0,0.0,nan,nan,4.2219999999999995,0.04013068497665896,0.19752653407333917,0.20279246264089296,0.0,"[100, 300, 100, 300, 300]","[0.004925200456764854, 0.0, 0.005174003473349079, 0.0, 0.0024343216131746817]",,0.035011867515561554,0.010191262544628613,5.0,1.96,nan,known-logging,sieve,frozen,neural-fore,known-uniform,0.8,1.0,0.0,0.02,0.0
10000,25771148,1000000,-0.3170054884673674,-0.3057646310488247,-0.34255478000522055,0.011240857418542749,-0.025549291537853125,0.03595924160185798,-0.4130348935448622,-0.2720746664655789,1.0,0.1409602270792833,0.007718826550887542,0.002425315915397647,0.0030122077115029566,12.996970759040135,13.950683951763068,6779.074451311759,220.0,0.0027276230401011925,28.38055130879875,1.0,0.0,nan,nan,6.202,0.04050923591333299,0.2022586231221685,0.2006228031903418,0.0,"[300, 100, 300, 300, 100]","[0.0, 0.01161262375154282, 0.0, 0.0, 0.0020254914489631435]",,0.03595924160185798,0.04589755049745002,5.0,1.96,nan,known-logging,sieve,frozen,neural-fore,known-uniform,0.8,1.0,0.0,0.02,0.0
10000,25871151,1000000,-0.3170054884673674,-0.31690900972297775,-0.2776571989535833,9.647874438967197e-05,0.03934828951378411,0.03548542986823724,-0.3472086414953283,-0.20810575641183832,1.0,0.13910288508348997,0.008581169114131652,0.002425315915397647,0.0030122077115029566,13.563933426510586,16.296083599133553,6733.6868056741905,260.0,0.0030509122350450596,31.76642762479969,1.0,0.0,nan,nan,6.004,0.04022872836566998,0.19984300862099813,0.2021494062839182,0.0,"[300, 300, 100, 300, 300]","[0.002617876206173592, 0.0018907301534143981, 0.005699834280834186, 0.005046120534803121, 0.0]",,0.03548542986823724,0.028849778565971984,5.0,1.96,nan,known-logging,sieve,frozen,neural-fore,known-uniform,0.8,1.0,0.0,0.02,0.0
10000,25971154,1000000,-0.3170054884673674,-0.3025217235435156,-0.29266466653569806,0.014483764923851838,0.024340821931669365,0.03533706731390143,-0.3619253184709449,-0.22340401460045126,1.0,0.1385213038704936,0.005308525406895065,0.002425315915397647,0.0030122077115029566,13.544450757303318,17.639208295732686,6775.816201040248,300.0,0.0,31.425936792002176,1.0,0.0,nan,nan,0.20800000000000002,0.04075037152546551,0.2026749475445278,0.20067060855035335,0.0,"[300, 300, 300, 300, 300]","[0.0, 0.0, 0.0, 0.0, 0.0]",,0.03533706731390143,0.04478066836715439,5.0,1.96,nan,known-logging,sieve,frozen,neural-fore,known-uniform,0.8,1.0,0.0,0.02,0.0
10000,26071157,1000000,-0.3170054884673674,-0.30645440660554735,-0.29934203730511144,0.010551081861820077,0.017663451162255983,0.035188061524523084,-0.3683106378931767,-0.2303734367170462,1.0,0.13793720117613048,0.007642128474172394,0.002425315915397647,0.0030122077115029566,12.938427128283703,18.41128577514254,6857.169362902814,220.0,0.0028068760278869864,26.80482256620162,1.0,0.0,nan,nan,2.206,0.039078478770313584,0.1967703416519922,0.1968895130257142,0.0,"[300, 300, 100, 100, 300]","[0.0, 0.0, 0.006396288854776037, 0.007638091284658895, 0.0]",,0.035188061524523084,0.0382597568759684,5.0,1.96,nan,known-logging,sieve,frozen,neural-fore,known-uniform,0.8,1.0,0.0,0.02,0.0
10000,26171160,1000000,-0.3170054884673674,-0.3151886214651914,-0.3052150166411182,0.001816867002176037,0.011790471826249205,0.03553587893928406,-0.37486533936211497,-0.23556469392012147,1.0,0.13930064544199353,0.005153539246688681,0.002425315915397647,0.0030122077115029566,13.753861469903995,17.614641626505826,6732.597363877575,300.0,0.0007028304072830177,29.738646525199147,1.0,0.0,nan,nan,6.202,0.04175248533631039,0.2005963880912162,0.20541473309175662,0.0,"[300, 300, 300, 300, 300]","[0.0, 0.0, 0.002194659907300935, 0.0, 0.0013194921291141536]",,0.03553587893928406,0.03221168893681115,5.0,1.96,nan,known-logging,sieve,frozen,neural-fore,known-uniform,0.8,1.0,0.0,0.02,0.0
10000,26271163,1000000,-0.3170054884673674,-0.3079536913595123,-0.29996865191640343,0.009051797107855142,0.017036836550963996,0.035331123716649905,-0.36921765440103727,-0.23071964943176962,1.0,0.13849800496926762,0.007431904117969591,0.002425315915397647,0.0030122077115029566,12.867787756534364,15.29066531127643,6741.802608946619,220.0,0.002709095589618485,27.27727448279984,1.0,0.0,nan,nan,6.202,0.040027899207899044,0.2019686501770659,0.197811712049862,0.0,"[300, 100, 100, 300, 300]","[0.0031919479105082483, 0.0017699992419940834, 0.0041336723435075285, 0.004449858452082563, 0.0]",,0.035331123716649905,0.04830070117689405,5.0,1.96,nan,known-logging,sieve,frozen,neural-fore,known-uniform,0.8,1.0,0.0,0.02,0.0
10000,26371166,1000000,-0.3170054884673674,-0.3122794327269879,-0.3652405083939576,0.004726055740379542,-0.048235019926590184,0.03663302190119705,-0.4370412313203038,-0.2934397854676114,1.0,0.14360144585269244,0.008577955242179058,0.002425315915397647,0.0030122077115029566,13.068712340805222,15.473131693598152,6529.688837550748,300.0,0.0011101962723860724,31.446666099999856,1.0,0.0,nan,nan,8.001999999999999,0.04082705790423673,0.2012645443116364,0.2017455962573902,0.0,"[300, 300, 300, 300, 300]","[0.0020993127923151214, 0.0, 0.0031274951267658765, 0.00032417344284936447, 0.0]",,0.03663302190119705,0.04435308875882471,5.0,1.96,nan,known-logging,sieve,frozen,neural-fore,known-uniform,0.8,1.0,0.0,0.02,0.0
10000,26471169,1000000,-0.3170054884673674,-0.30443935706075587,-0.26873191385245193,0.012566131406611558,0.04827357461491549,0.03544350266653669,-0.3382011790788638,-0.19926264862604004,1.0,0.1389385304528238,0.009295075430780677,0.002425315915397647,0.0030122077115029566,13.021191115730474,16.05569221447832,6791.309056019832,220.0,0.0026089984999062604,28.965098174800367,1.0,0.0,nan,nan,6.202,0.0407362658869799,0.20166770692089991,0.20108272764161256,0.0,"[300, 100, 300, 100, 300]","[0.0, 0.008506440562703181, 0.0, 0.0031010700953563288, 0.0014374818414717905]",,0.03544350266653669,0.01472062724131933,5.0,1.96,nan,known-logging,sieve,frozen,neural-fore,known-uniform,0.8,1.0,0.0,0.02,0.0
10000,26571172,1000000,-0.3170054884673674,-0.3147818750768082,-0.31857192706820886,0.0022236133905592093,-0.0015664386008414355,0.03634589401543903,-0.38980987933846933,-0.24733397479794836,1.0,0.142475904540521,0.006735809793651817,0.002425315915397647,0.0030122077115029566,14.545455961423093,18.2577085339409,6636.219651493464,260.0,0.0043002658419902294,31.958078950201887,1.0000000000000002,0.0,nan,nan,2.206,0.039741803655302166,0.2008246781135595,0.19953828599744952,0.0,"[100, 300, 300, 300, 300]","[0.009450935172563834, 0.006400346458870261, 0.005650047578517054, 0.0, 0.0]",,0.03634589401543903,0.03121085600545085,5.0,1.96,nan,known-logging,sieve,frozen,neural-fore,known-uniform,0.8,1.0,0.0,0.02,0.0
10000,26671175,1000000,-0.3170054884673674,-0.30824687264945333,-0.34025323666264795,0.008758615817914095,-0.023247748195280526,0.036306915591593464,-0.4114147912221712,-0.26909168210312473,1.0,0.1423231091190464,0.006281374120147753,0.002425315915397647,0.0030122077115029566,12.959819660697478,16.651657424757328,6728.118277866222,260.0,0.0020708676363022293,31.734706717399966,1.0,0.0,nan,nan,4.024,0.039888402412113284,0.20051786131538996,0.19945220546543338,0.0,"[300, 100, 300, 300, 300]","[0.0, 0.008363155976014466, 0.0003675472239045412, 0.0, 0.0016236349815921401]",,0.036306915591593464,0.033816493002018645,5.0,1.96,nan,known-logging,sieve,frozen,neural-fore,known-uniform,0.8,1.0,0.0,0.02,0.0
10000,26771178,1000000,-0.3170054884673674,-0.3140172224318616,-0.28819993536074223,0.0029882660355058377,0.028805553106625192,0.03480070161149836,-0.35640931051927904,-0.21999056020220545,1.0,0.13641875031707357,0.006270266901665453,0.002425315915397647,0.0030122077115029566,12.221240986699954,14.120094956802516,6880.562047684457,180.0,0.00544693639979103,25.227927499800717,1.0,0.0,nan,nan,2.206,0.04055676734239043,0.2019058340510434,0.20002062988570088,0.0,"[300, 100, 300, 100, 100]","[0.005102609032095307, 0.006655607080189161, 0.0007898836850748791, 0.006620552744054037, 0.008066029457541764]",,0.03480070161149836,0.04695701042618995,5.0,1.96,nan,known-logging,sieve,frozen,neural-fore,known-uniform,0.8,1.0,0.0,0.02,0.0
10000,26871181,1000000,-0.3170054884673674,-0.32908824570427025,-0.34484262092183715,-0.01208275723690283,-0.027837132454469726,0.03526834290938632,-0.41396857302423434,-0.27571666881943996,1.0,0.13825190420479436,0.007441146499407273,0.002425315915397647,0.0030122077115029566,12.802166531253269,17.30471280149638,6719.6129366951745,260.0,0.002930941573442242,30.585863233398413,1.0,0.0,nan,nan,4.023999999999999,0.04009902714015558,0.20310189389847597,0.19863352665221812,0.0,"[300, 300, 300, 100, 300]","[0.00486169093808241, 0.0, 0.0, 0.0097930169291288, 0.0]",,0.03526834290938632,0.040696613300684366,5.0,1.96,nan,known-logging,sieve,frozen,neural-fore,known-uniform,0.8,1.0,0.0,0.02,0.0
10000,26971184,1000000,-0.3170054884673674,-0.3064642778730023,-0.269807041316833,0.010541210594365136,0.04719844715053445,0.03531656061700042,-0.3390275001261538,-0.20058658250751216,1.0,0.13844091761864163,0.006478333564071569,0.002425315915397647,0.0030122077115029566,12.669584607386122,16.7666760114906,6802.957959465125,260.0,0.001508504454682046,28.275297516200226,1.0,0.0,nan,nan,0.406,0.04045685499006686,0.20021368386427318,0.20121821430670256,0.0,"[300, 100, 300, 300, 300]","[0.00023794526278990348, 0.0016714236168410572, 0.0, 0.0008609210406733707, 0.004772232353105899]",,0.03531656061700042,0.0517856036789116,5.0,1.96,nan,known-logging,sieve,frozen,neural-fore,known-uniform,0.8,1.0,0.0,0.02,0.0
10000,27071187,1000000,-0.3170054884673674,-0.3186237643667733,-0.32850321241656966,-0.0016182758994058855,-0.011497723949202232,0.03559666413546802,-0.398272674122087,-0.2587337507110523,1.0,0.13953892341103463,0.006409711931665216,0.002425315915397647,0.0030122077115029566,13.915053872395779,22.029028108812835,6755.016176647613,260.0,0.0023363271831219135,29.649618882998038,1.0,0.0,nan,nan,4.401999999999999,0.04060013570277958,0.20368209399568435,0.20009060546744273,0.0,"[300, 300, 300, 100, 300]","[0.0006664770954175972, 0.0004648162073672894, 0.0, 0.01055034261282468, 0.0]",,0.03559666413546802,0.03656478920223949,5.0,1.96,nan,known-logging,sieve,frozen,neural-fore,known-uniform,0.8,1.0,0.0,0.02,0.0
10000,27171190,1000000,-0.3170054884673674,-0.3092484727373689,-0.30739285152221146,0.00775701572999854,0.009612636945155961,0.0351576062803467,-0.376301759831691,-0.23848394321273192,1.0,0.13781781661895906,0.007416457880115286,0.002425315915397647,0.0030122077115029566,13.00372049234266,17.81816542321623,6803.461951980668,260.0,0.002442030231479318,27.038880716399582,1.0,0.0,nan,nan,6.004,0.03921705365671383,0.19868378671040912,0.19807353697890306,0.0,"[300, 100, 300, 300, 300]","[0.0023934512964793615, 0.007150251364520163, 0.0007823838071343038, 0.0, 0.0018840646892627631]",,0.0351576062803467,0.06829317542414115,5.0,1.96,nan,known-logging,sieve,frozen,neural-fore,known-uniform,0.8,1.0,0.0,0.02,0.0
10000,27271193,1000000,-0.3170054884673674,-0.322473444859941,-0.2759188294583647,-0.005467956392573581,0.04108665900900271,0.03497825337081614,-0.3444762060651644,-0.20736145285156507,1.0,0.13711475321359928,0.006366331525195522,0.002425315915397647,0.0030122077115029566,12.926590364332645,20.373903933057417,6796.079805979179,220.0,0.0027747195696280736,25.345431475198712,1.0,0.0,nan,nan,4.204,0.041159702957684764,0.2013493923403938,0.20563513212759182,0.0,"[300, 100, 300, 100, 300]","[0.003673421873318703, 0.006567087991004104, 0.0006845790061884372, 0.0029485089776291216, 0.0]",,0.03497825337081614,0.0335886442544164,5.0,1.96,nan,known-logging,sieve,frozen,neural-fore,known-uniform,0.8,1.0,0.0,0.02,0.0
10000,27371196,1000000,-0.3170054884673674,-0.30589293765810655,-0.2788080023875963,0.01111255080926088,0.03819748607977114,0.03534889845311807,-0.3480918433557077,-0.20952416141948488,1.0,0.13856768193622282,0.0070381053746668325,0.002425315915397647,0.0030122077115029566,12.902132464890844,15.653429213625062,6758.434763131542,220.0,0.0023198281437994787,24.89376884180092,1.0,0.0,nan,nan,6.202,0.040662876948500834,0.19952137676230103,0.20296127545850662,0.0,"[100, 300, 100, 300, 300]","[0.0018272393531548231, 0.0010653330383307313, 0.00870656832751184, 0.0, 0.0]",,0.03534889845311807,0.02219014567981707,5.0,1.96,nan,known-logging,sieve,frozen,neural-fore,known-uniform,0.8,1.0,0.0,0.02,0.0
10000,27471199,1000000,-0.3170054884673674,-0.3024315585938777,-0.35243121911442354,0.01457392987348971,-0.03542573064705612,0.03721701771282077,-0.42537657383155225,-0.27948586439729484,1.0,0.14589070943425742,0.0077140845364733444,0.002425315915397647,0.0030122077115029566,14.198327510907388,21.335558755258994,6631.306518949942,260.0,0.0009316722412805043,27.286812808398828,1.0,0.0,nan,nan,4.204,0.0403194709485785,0.20045493613776605,0.19912933381367068,0.0,"[300, 300, 100, 300, 300]","[0.0, 0.0, 0.0046583612064025216, 0.0, 0.0]",,0.03721701771282077,0.027807007751781253,5.0,1.96,nan,known-logging,sieve,frozen,neural-fore,known-uniform,0.8,1.0,0.0,0.02,0.0
10000,27571202,1000000,-0.3170054884673674,-0.30867333176415174,-0.3370941850615488,0.008332156703215687,-0.020088696594181388,0.03622370775624992,-0.40809265226379865,-0.266095717859299,1.0,0.14199693440449968,0.006638308581264503,0.002425315915397647,0.0030122077115029566,13.240742929772665,14.228655914118841,6672.5321377193995,300.0,0.0026494332925669664,28.50109981699861,1.0,0.0,nan,nan,2.206,0.04052014438418359,0.2010531087317824,0.20382430618688155,0.0,"[300, 300, 300, 300, 300]","[0.002266702275797417, 0.0, 0.003882279738873389, 0.0, 0.007098184448164027]",,0.03622370775624992,0.012342738478704074,5.0,1.96,nan,known-logging,sieve,frozen,neural-fore,known-uniform,0.8,1.0,0.0,0.02,0.0
10000,27671205,1000000,-0.3170054884673674,-0.306744183330984,-0.2896829906138318,0.010261305136383403,0.027322497853535632,0.035875035448783475,-0.35999806009344737,-0.2193679211342162,1.0,0.1406301389592312,0.00696899549345468,0.002425315915397647,0.0030122077115029566,13.234788562517876,16.8505010483972,6712.464497548728,260.0,0.0008859148203184374,26.62708608380053,1.0,0.0,nan,nan,2.44,0.040713157278437814,0.2033427628033186,0.19917472148845913,0.0,"[300, 300, 300, 300, 100]","[0.0, 0.0, 0.0, 0.0003491959769987387, 0.004080378124593448]",,0.035875035448783475,0.024654426822620874,5.0,1.96,nan,known-logging,sieve,frozen,neural-fore,known-uniform,0.8,1.0,0.0,0.02,0.0
10000,27771208,1000000,-0.3170054884673674,-0.314369723716984,-0.26979300843168563,0.002635764750383407,0.04721248003568179,0.03515969415605421,-0.3387060089775519,-0.2008800078858194,1.0,0.1378260010917325,0.006430861539917813,0.002425315915397647,0.0030122077115029566,14.05199219555311,16.40082334028362,6712.5105509414425,300.0,0.0010880068629904951,30.494479892003437,1.0,0.0,nan,nan,4.006,0.039914765949398405,0.20001451624581681,0.1985203125229194,0.0,"[300, 300, 300, 300, 300]","[0.0, 0.0, 0.0, 0.0015742811068408938, 0.0038657532081115818]",,0.03515969415605421,0.03998543638209366,5.0,1.96,nan,known-logging,sieve,frozen,neural-fore,known-uniform,0.8,1.0,0.0,0.02,0.0
10000,27871211,1000000,-0.3170054884673674,-0.3092448552763297,-0.33262782560132476,0.0077606331910377024,-0.015622337133957331,0.03591669944319029,-0.4030245565099777,-0.2622310946926718,1.0,0.14079346181730595,0.008403847946689708,0.002425315915397647,0.0030122077115029566,13.358184032437823,15.314618631966262,6716.265524146144,260.0,0.0012035666539905233,29.013082458602003,1.0,0.0,nan,nan,2.206,0.04037851883591223,0.20329357667475328,0.19932253442745795,0.0,"[300, 100, 300, 300, 300]","[0.0021853726156827744, 0.0035141632052764923, 0.0, 0.0003182974489933505, 0.0]",,0.03591669944319029,0.024914721267369558,5.0,1.96,nan,known-logging,sieve,frozen,neural-fore,known-uniform,0.8,1.0,0.0,0.02,0.0
10000,27971214,1000000,-0.3170054884673674,-0.31157207643964385,-0.2879126602853262,0.005433412027723572,0.02909282818204123,0.0352162583259719,-0.35693652660423114,-0.21888879396642125,1.0,0.13804773263780987,0.0056262639233011415,0.002425315915397647,0.0030122077115029566,13.315676082777617,15.02865730166446,6694.9377199999535,260.0,0.001783583025753615,28.534174108001025,1.0,0.0,nan,nan,2.206,0.04067768038679296,0.20338050204640465,0.1998396036643462,0.0,"[100, 300, 300, 300, 300]","[0.006169914795587821, 0.002748000333180254, 0.0, 0.0, 0.0]",,0.0352162583259719,0.01425088111366856,5.0,1.96,nan,known-logging,sieve,frozen,neural-fore,known-uniform,0.8,1.0,0.0,0.02,0.0
10000,28071217,1000000,-0.3170054884673674,-0.31241387068478105,-0.34682791945074803,0.004591617782586377,-0.02982243098338061,0.03608339995219611,-0.4175513833570524,-0.2761044555444437,1.0,0.14144692781260873,0.008003229090525366,0.002425315915397647,0.0030122077115029566,13.2749145659482,15.88008124000302,6759.082575571334,220.0,0.0030550394664204776,27.976392674398813,1.0,0.0,nan,nan,6.004,0.039643475951787126,0.19981930846654916,0.19837229718916433,0.0,"[300, 100, 300, 100, 300]","[0.0, 0.00582400811089163, 0.004491281948436972, 0.0038479862367646733, 0.001111921036009112]",,0.03608339995219611,0.03419536402436509,5.0,1.96,nan,known-logging,sieve,frozen,neural-fore,known-uniform,0.8,1.0,0.0,0.02,0.0
10000,28171220,1000000,-0.3170054884673674,-0.3171976717679303,-0.3617445355808428,-0.0001921833005628648,-0.04473904711347537,0.03663114269276662,-0.4335415752586654,-0.2899474959030202,1.0,0.14359407935564514,0.005761669458946246,0.002425315915397647,0.0030122077115029566,13.771718224000557,14.634049276617846,6568.771668669942,300.0,0.0006241110995142459,32.507215849997735,1.0,0.0,nan,nan,6.022,0.040250207672065996,0.2009145010438121,0.19970189575945313,0.0,"[300, 300, 300, 300, 300]","[0.0, 0.003067420513814442, 0.0, 1.5945113631048727e-05, 3.718987012573862e-05]",,0.03663114269276662,0.021470665384056252,5.0,1.96,nan,known-logging,sieve,frozen,neural-fore,known-uniform,0.8,1.0,0.0,0.02,0.0
10000,28271223,1000000,-0.3170054884673674,-0.3115753729476921,-0.36835535959614074,0.005430115519675316,-0.05134987112877332,0.03731393524182197,-0.4414906726701118,-0.2952200465221697,1.0,0.14627062614794212,0.00672529725727857,0.002425315915397647,0.0030122077115029566,14.406147625057901,19.36607069845731,6597.851701257955,300.0,0.0016247981294851028,33.28728364999843,1.0,0.0,nan,nan,6.004,0.040743583051118186,0.20327498805276578,0.20236263383263237,0.0,"[300, 300, 300, 300, 300]","[0.0, 0.0004263444376010842, 0.0037779558938738056, 0.0005611181508953416, 0.0033585721650552813]",,0.03731393524182197,0.06172560605891952,5.0,1.96,nan,known-logging,sieve,frozen,neural-fore,known-uniform,0.8,1.0,0.0,0.02,0.0
10000,28371226,1000000,-0.3170054884673674,-0.31226488710440997,-0.3162912756133754,0.004740601362957453,0.0007142128539920356,0.03575010441960165,-0.38636148027579464,-0.24622107095095616,1.0,0.14014040932483846,0.006389860237764758,0.002425315915397647,0.0030122077115029566,12.927370379334132,15.106591385138929,6845.782015227397,180.0,0.004349440172880583,25.86366961660169,1.0,0.0,nan,nan,4.024,0.04028648753780532,0.19907448288984925,0.20278457127206667,0.0,"[100, 100, 300, 300, 100]","[0.006013695781640537, 0.0048608690498834995, 0.0025467450994538176, 0.0, 0.00832589093342506]",,0.03575010441960165,0.030691083257279084,5.0,1.96,nan,known-logging,sieve,frozen,neural-fore,known-uniform,0.8,1.0,0.0,0.02,0.0
10000,28471229,1000000,-0.3170054884673674,-0.31276386495557146,-0.3287663411470163,0.004241623511795967,-0.011760852679648881,0.03581040058995816,-0.3989547263033343,-0.2585779559906983,1.0,0.14037677031263598,0.006309026225094617,0.002425315915397647,0.0030122077115029566,12.232843615622803,13.26452285576362,6807.343412020277,180.0,0.0027944350664180807,25.5312996998,1.0,0.0,nan,nan,4.204,0.03978649118344259,0.20207162234607973,0.19527203520043268,0.0,"[100, 300, 300, 100, 100]","[0.005400589185657738, 0.0, 0.0019157884855112012, 0.00553634891355666, 0.0011194487473648045]",,0.03581040058995816,0.03211145781850081,5.0,1.96,nan,known-logging,sieve,frozen,neural-fore,known-uniform,0.8,1.0,0.0,0.02,0.0
10000,28571232,1000000,-0.3170054884673674,-0.3140568339250582,-0.38921648746090587,0.002948654542309248,-0.07221099899353844,0.03661712030380976,-0.460986043256373,-0.31744693166543875,0.0,0.14353911159093424,0.0076892290121401835,0.002425315915397647,0.0030122077115029566,12.762429116338922,15.976818281390168,6671.538492686051,300.0,0.0015753551565464649,32.86049402499848,1.0,0.0,nan,nan,4.401999999999999,0.04127481865490446,0.20111598715721762,0.2047953379181438,0.0,"[300, 300, 300, 300, 300]","[0.0009348179821227468, 0.0, 0.0004006223349356115, 0.006385599767704916, 0.00015573569796905072]",,0.03661712030380976,0.03006901664506038,5.0,1.96,nan,known-logging,sieve,frozen,neural-fore,known-uniform,0.8,1.0,0.0,0.02,0.0
10000,28671235,1000000,-0.3170054884673674,-0.3104116850526711,-0.3010046715893934,0.006593803414696342,0.016000816877974,0.03542304401916551,-0.3704338378669578,-0.23157550531182902,1.0,0.1388583325551288,0.007415908282538809,0.002425315915397647,0.0030122077115029566,11.999250730845246,14.328647309905989,6768.492273218312,300.0,0.0031026600140682823,33.63744030820162,1.0,0.0,nan,nan,4.204,0.040657853418072466,0.20409749916809292,0.20181703679979662,0.0,"[300, 300, 300, 300, 300]","[0.0009649953411722059, 0.002880657653769529, 0.0, 0.005094513770538401, 0.006573133304861275]",,0.03542304401916551,0.018741002637192982,5.0,1.96,nan,known-logging,sieve,frozen,neural-fore,known-uniform,0.8,1.0,0.0,0.02,0.0
10000,28771238,1000000,-0.3170054884673674,-0.3182315668443864,-0.3847919236557149,-0.001226078377018991,-0.06778643518834748,0.03733386967986572,-0.4579663082282517,-0.31161753908317813,1.0,0.1463487691450736,0.007169123550422147,0.002425315915397647,0.0030122077115029566,13.938897289430722,19.181296839891115,6555.418411274677,300.0,0.0014843062924670516,31.616430325200053,1.0,0.0,nan,nan,4.6,0.03911036336573698,0.1948441828129974,0.19885717165548428,0.0,"[300, 300, 300, 300, 300]","[0.0, 0.0, 0.0, 0.0050323116408361075, 0.0023892198214991505]",,0.03733386967986572,0.05144242250863526,5.0,1.96,nan,known-logging,sieve,frozen,neural-fore,known-uniform,0.8,1.0,0.0,0.02,0.0
10000,28871241,1000000,-0.3170054884673674,-0.31802488063739737,-0.32687160284537475,-0.0010193921700299424,-0.009866114378007329,0.03615539949373479,-0.39773618585309495,-0.25600701983765456,1.0,0.14172916601544036,0.006305927598866358,0.002425315915397647,0.0030122077115029566,13.345947993318068,26.68747828238377,6718.628124203682,300.0,0.0012773608078849984,33.72133977500198,1.0,0.0,nan,nan,4.006000000000001,0.04067650532306143,0.2041274208924137,0.1972857116299193,0.0,"[300, 300, 300, 300, 300]","[0.0, 0.0022216014935864336, 0.001806169708331026, 0.00013060427491397254, 0.0022284285625935596]",,0.03615539949373479,0.021834069898961972,5.0,1.96,nan,known-logging,sieve,frozen,neural-fore,known-uniform,0.8,1.0,0.0,0.02,0.0
10000,28971244,1000000,-0.3170054884673674,-0.3020326181199991,-0.33232748236217047,0.014972870347368328,-0.015321993894803043,0.036861364572265874,-0.4045757569238116,-0.26007920780052934,1.0,0.14449654912328222,0.007748966221609082,0.002425315915397647,0.0030122077115029566,13.975056782664907,16.45001313847821,6630.874570169216,260.0,0.0019527081560943046,27.56718934119999,1.0,0.0,nan,nan,2.206,0.040743661082225054,0.20140191595354792,0.20326682739617818,0.0,"[300, 300, 300, 300, 100]","[0.0, 0.000489203232346332, 0.00039616028759491696, 0.0014583155202441268, 0.007419861740286148]",,0.036861364572265874,0.02160339137749783,5.0,1.96,nan,known-logging,sieve,frozen,neural-fore,known-uniform,0.8,1.0,0.0,0.02,0.0
10000,29071247,1000000,-0.3170054884673674,-0.3132578287181897,-0.30575784580772963,0.003747659749177734,0.011247642659637791,0.03564900326551338,-0.37562989220813586,-0.2358857994073234,1.0,0.13974409280081246,0.005027907151877498,0.002425315915397647,0.0030122077115029566,13.077375743349991,18.59527884853496,6805.25359573105,300.0,0.0,30.293450308600587,1.0,0.0,nan,nan,0.6039999999999999,0.04006558412122925,0.19922586731646613,0.19962268283378873,0.0,"[300, 300, 300, 300, 300]","[0.0, 0.0, 0.0, 0.0, 0.0]",,0.03564900326551338,0.019240964972652045,5.0,1.96,nan,known-logging,sieve,frozen,neural-fore,known-uniform,0.8,1.0,0.0,0.02,0.0
10000,29171250,1000000,-0.3170054884673674,-0.3072558595009825,-0.31733493421684267,0.009749628966384927,-0.0003294457494752434,0.03569053534166605,-0.3872883834865081,-0.2473814849471772,1.0,0.13990689853933092,0.0065395515841548645,0.002425315915397647,0.0030122077115029566,12.579923263368762,15.271984524004184,6815.461893079103,260.0,0.002737245385995308,28.132101675002197,1.0,0.0,nan,nan,2.602,0.041151480636562994,0.20514916770670402,0.19997345249693985,0.0,"[300, 300, 300, 300, 100]","[0.0, 0.0, 0.0023943196219461684, 0.005334671581120637, 0.005957235726909734]",,0.03569053534166605,0.03564233657527119,5.0,1.96,nan,known-logging,sieve,frozen,neural-fore,known-uniform,0.8,1.0,0.0,0.02,0.0
10000,29271253,1000000,-0.3170054884673674,-0.3158877044464063,-0.3882371699576452,0.0011177840209611323,-0.07123168149027775,0.03721745220606349,-0.4611833762815296,-0.31529096363376075,1.0,0.1458924126477689,0.006291859986400827,0.002425315915397647,0.0030122077115029566,13.905646378126551,17.02174625759486,6612.462958604668,220.0,0.0037150686077535673,28.131968200198752,1.0,0.0,nan,nan,2.4219999999999997,0.04074500655898923,0.20023120195439206,0.2030839240802346,0.0,"[100, 300, 100, 300, 300]","[0.010589052974241628, 0.0, 0.0033458108063661217, 0.004640479258160088, 0.0]",,0.03721745220606349,0.02100312064508525,5.0,1.96,nan,known-logging,sieve,frozen,neural-fore,known-uniform,0.8,1.0,0.0,0.02,0.0
10000,29371256,1000000,-0.3170054884673674,-0.31337224613609327,-0.295483319231024,0.0036332423312741557,0.021522169236343425,0.03506972577959914,-0.3642199817590383,-0.2267466567030097,1.0,0.1374733250560286,0.005988046964845547,0.002425315915397647,0.0030122077115029566,12.423052580369465,14.216204339070188,6772.339803512839,220.0,0.0031569824784631953,28.098337024198553,1.0,0.0,nan,nan,4.204000000000001,0.03916075737066804,0.19760518131877108,0.19814532892576264,0.0,"[300, 300, 300, 100, 100]","[0.0, 0.0007572151902779747, 0.0, 0.008028543556804034, 0.006999153645233966]",,0.03506972577959914,0.025772299848699907,5.0,1.96,nan,known-logging,sieve,frozen,neural-fore,known-uniform,0.8,1.0,0.0,0.02,0.0
10000,29471259,1000000,-0.3170054884673674,-0.31444875724076493,-0.29590828892500276,0.0025567312266024933,0.021097199542364664,0.03537089981183579,-0.36523525255620093,-0.2265813252938046,1.0,0.1386539272623963,0.006415660490059801,0.002425315915397647,0.0030122077115029566,13.069470752483232,17.532347246921553,6752.121055715806,300.0,0.0007762096244482795,32.83083426640151,1.0,0.0,nan,nan,4.204,0.04132423729080213,0.20238637686637384,0.20170344790873923,0.0,"[300, 300, 300, 300, 300]","[0.0, 0.0, 0.000201531699838711, 0.0036795164224026865, 0.0]",,0.03537089981183579,0.02510726373692271,5.0,1.96,nan,known-logging,sieve,frozen,neural-fore,known-uniform,0.8,1.0,0.0,0.02,0.0
10000,29571262,1000000,-0.3170054884673674,-0.30984787206072667,-0.3526628296704513,0.007157616406640754,-0.03565734120308389,0.03698497823450961,-0.42515338701009014,-0.2801722723308125,1.0,0.14498111467927766,0.00606777561611113,0.002425315915397647,0.0030122077115029566,13.7007145820993,15.99635062064307,6581.885694917553,260.0,0.0024719258891530804,30.81684672479969,1.0,0.0,nan,nan,8.001999999999999,0.040369613410166774,0.20061500476463587,0.20057049369300622,0.0,"[300, 300, 100, 300, 300]","[0.003166457567405719, 0.0, 0.005486593198343714, 0.0037065786800159688, 0.0]",,0.03698497823450961,0.036300149804880694,5.0,1.96,nan,known-logging,sieve,frozen,neural-fore,known-uniform,0.8,1.0,0.0,0.02,0.0
10000,29671265,1000000,-0.3170054884673674,-0.309023016870635,-0.2881473600194909,0.007982471596732432,0.028858128447876552,0.035876871407648524,-0.358466027978482,-0.21782869206049976,1.0,0.14063733591798222,0.006689040181604878,0.002425315915397647,0.0030122077115029566,13.54816203759257,19.538456249573002,6686.530077995509,300.0,0.0016924278741240445,33.25701206720187,1.0,0.0,nan,nan,2.404,0.03949673510190755,0.1956848945763265,0.2002379261629003,0.0,"[300, 300, 300, 300, 300]","[0.0, 0.005242837975492065, 0.0032193013951281584, 0.0, 0.0]",,0.035876871407648524,0.045980316267331844,5.0,1.96,nan,known-logging,sieve,frozen,neural-fore,known-uniform,0.8,1.0,0.0,0.02,0.0
10000,29771268,1000000,-0.3170054884673674,-0.3035205334163545,-0.3701581185463943,0.013484955051012937,-0.053152630079026875,0.03728614607888141,-0.44323896486100184,-0.29707727223178676,1.0,0.1461616926292151,0.008695349509048465,0.002425315915397647,0.0030122077115029566,13.600465885261274,15.65434191121388,6559.537126712185,300.0,0.0014340829225816612,30.762256982998224,1.0,0.0,nan,nan,2.602,0.038831100620270585,0.1968701435541484,0.19768620485132987,0.0,"[300, 300, 300, 300, 300]","[0.004369700632652005, 0.0, 0.002366414392525369, 0.0, 0.00043429958773093187]",,0.03728614607888141,0.016452310668674495,5.0,1.96,nan,known-logging,sieve,frozen,neural-fore,known-uniform,0.8,1.0,0.0,0.02,0.0
10000,29871271,1000000,-0.3170054884673674,-0.314369143282362,-0.3702181834144496,0.00263634518500544,-0.053212694947082195,0.036834045480115304,-0.4424129125554756,-0.29802345427342364,1.0,0.144389458282052,0.007638282234688775,0.002425315915397647,0.0030122077115029566,14.116410584706669,18.724256448525512,6554.430649451781,300.0,0.0012467503799883353,31.458234949197504,1.0,0.0,nan,nan,6.4,0.03999658982357401,0.1986021082947749,0.20006930880182217,0.0,"[300, 300, 300, 300, 300]","[0.00042638583348681726, 0.0019776372620375743, 0.0, 0.0, 0.003829728804417285]",,0.036834045480115304,0.04774978498614837,5.0,1.96,nan,known-logging,sieve,frozen,neural-fore,known-uniform,0.8,1.0,0.0,0.02,0.0
10000,29971274,1000000,-0.3170054884673674,-0.30307913969084427,-0.29756352104015726,0.013926348776523156,0.01944196742721016,0.03532730903271404,-0.3668050467442768,-0.22832199533603775,1.0,0.13848305140823905,0.007437178251593609,0.002425315915397647,0.0030122077115029566,12.968282101195367,15.759032893915077,6764.120358385984,260.0,0.0030621199529202317,29.803280816800545,1.0,0.0,nan,nan,2.008,0.03946840439247568,0.19732033539541596,0.19963164475385914,0.0,"[300, 300, 300, 100, 300]","[0.0016542768544047823, 0.005167847289127572, 0.001113343307081685, 0.006311957955169344, 0.0010631743588177766]",,0.03532730903271404,0.04729384203620079,5.0,1.96,nan,known-logging,sieve,frozen,neural-fore,known-uniform,0.8,1.0,0.0,0.02,0.0
10000,30071277,1000000,-0.3170054884673674,-0.3278460544315934,-0.3866580811194175,-0.010840565964226001,-0.0696525926520501,0.03655784465131478,-0.4583114566359945,-0.31500470560284055,1.0,0.14330675103315393,0.007524380614798797,0.002425315915397647,0.0030122077115029566,13.557195697062879,17.446583277344104,6729.302318979602,180.0,0.005966142626507241,26.390845774600166,0.9999999999999998,0.0,nan,nan,8.001999999999999,0.040750108856991235,0.20099683001457813,0.20308516868884588,0.0,"[300, 100, 100, 300, 100]","[0.00040453428708024197, 0.010614898500788169, 0.006951430458710847, 0.0037727774705017684, 0.008087072415455178]",,0.03655784465131478,0.025238458269972987,5.0,1.96,nan,known-logging,sieve,frozen,neural-fore,known-uniform,0.8,1.0,0.0,0.02,0.0
10000,30171280,1000000,-0.3170054884673674,-0.3088874567560865,-0.26564128876296994,0.008118031711280949,0.051364199704397484,0.03491093301402592,-0.33406671747046074,-0.19721586005547914,1.0,0.1368508574149816,0.007711451435447021,0.002425315915397647,0.0030122077115029566,13.414687076801927,15.247548641873609,6601.760508499995,300.0,0.005030522346696037,31.211767775195767,1.0,0.0,nan,nan,4.2219999999999995,0.03860121469421589,0.19587668731171234,0.19721841208402174,0.0,"[300, 300, 300, 300, 300]","[0.0039150420849912776, 0.0021174230210318, 0.0, 0.01912014662745711, 0.0]",,0.03491093301402592,0.018551053511973368,5.0,1.96,nan,known-logging,sieve,frozen,neural-fore,known-uniform,0.8,1.0,0.0,0.02,0.0
10000,30271283,1000000,-0.3170054884673674,-0.3092564348976428,-0.390196068932761,0.007749053569724607,-0.07319058046539356,0.03722681903637371,-0.46316063424405346,-0.3172315036214685,0.0,0.14592913062258495,0.00671747543852314,0.002425315915397647,0.0030122077115029566,13.865009855328003,17.76382260187398,6540.651025650001,300.0,0.0018820722380354308,30.82031790039982,1.0,0.0,nan,nan,4.2219999999999995,0.040890677428683214,0.20111585027410098,0.20087158541298997,0.0,"[300, 300, 300, 300, 300]","[0.0017591261716630733, 0.006229531601341611, 0.0, 0.0, 0.0014217034171724696]",,0.03722681903637371,0.031679586556206236,5.0,1.96,nan,known-logging,sieve,frozen,neural-fore,known-uniform,0.8,1.0,0.0,0.02,0.0
10000,30371286,1000000,-0.3170054884673674,-0.3065922949840138,-0.3201008286643755,0.010413193483353622,-0.0030953401970080785,0.035861736093741776,-0.3903898314081094,-0.2498118259206416,1.0,0.14057800548746777,0.005779871983656178,0.002425315915397647,0.0030122077115029566,12.701100385863569,15.075140161239807,6729.422390982492,220.0,0.0021927624795098077,26.59985329960109,1.0,0.0,nan,nan,2.404,0.04104490647797968,0.20349514396448543,0.20132573648147267,0.0,"[300, 100, 300, 300, 100]","[0.0, 0.002924386229800544, 0.0, 0.0, 0.008039426167748494]",,0.035861736093741776,0.02417891159414167,5.0,1.96,nan,known-logging,sieve,frozen,neural-fore,known-uniform,0.8,1.0,0.0,0.02,0.0
10000,30471289,1000000,-0.3170054884673674,-0.314046575802634,-0.33576893508288497,0.002958912664733415,-0.018763446615517543,0.03583842397927324,-0.4060122460822605,-0.26552562408350944,1.0,0.1404866219987511,0.008119506791185118,0.002425315915397647,0.0030122077115029566,12.432664822591969,14.05317416605765,6712.702682343676,260.0,0.0016830739058731272,28.58032888339949,1.0,0.0,nan,nan,6.202,0.04059177737662057,0.20362517442221967,0.19857769858244517,0.0,"[100, 300, 300, 300, 300]","[0.006410191636827271, 0.000633701588000953, 0.0006631344180568579, 0.0, 0.000708341886480554]",,0.03583842397927324,0.056643633789012916,5.0,1.96,nan,known-logging,sieve,frozen,neural-fore,known-uniform,0.8,1.0,0.0,0.02,0.0
10000,30571292,1000000,-0.3170054884673674,-0.31729959832767884,-0.3253389376444194,-0.00029410986031142006,-0.008333449177051977,0.03583835964365592,-0.395582122545985,-0.2550957527428538,1.0,0.1404863698031312,0.006147329245774567,0.002425315915397647,0.0030122077115029566,13.73214309750535,18.40737391057032,6627.547913811285,260.0,0.0032695602792519223,26.45170185020106,1.0,0.0,nan,nan,2.602,0.04009055290554878,0.20080875380379687,0.2012775788292521,0.0,"[100, 300, 300, 300, 300]","[0.006106311385032127, 0.008812274155399372, 0.0014292158558281125, 0.0, 0.0]",,0.03583835964365592,0.027189458855663765,5.0,1.96,nan,known-logging,sieve,frozen,neural-fore,known-uniform,0.8,1.0,0.0,0.02,0.0
10000,30671295,1000000,-0.3170054884673674,-0.3105321039973924,-0.2704200810385681,0.00647338446997503,0.0465854074287993,0.03533718371898342,-0.3396809611277756,-0.20115920094936063,1.0,0.13852176017841503,0.0056572324753014725,0.002425315915397647,0.0030122077115029566,12.814913829535174,15.448696644995936,6721.004344342409,300.0,0.0008388160403334628,28.450707667401,1.0,0.0,nan,nan,2.206,0.04024421239973083,0.199550826858166,0.20096993259417406,0.0,"[300, 300, 300, 300, 300]","[0.0018719334506594877, 0.0023221467510078264, 0.0, 0.0, 0.0]",,0.03533718371898342,0.05398943776761319,5.0,1.96,nan,known-logging,sieve,frozen,neural-fore,known-uniform,0.8,1.0,0.0,0.02,0.0
10000,30771298,1000000,-0.3170054884673674,-0.3052754749611045,-0.2912561060096462,0.011730013506262904,0.025749382457721237,0.035875348025704475,-0.36157178814002694,-0.22094042387926544,1.0,0.14063136426076153,0.0076722426584864434,0.002425315915397647,0.0030122077115029566,13.734892494025425,17.101676652821183,6673.368108504441,300.0,0.006924026306127038,27.835143232798874,1.0,0.0,nan,nan,4.204,0.039662608009795264,0.19836549480608012,0.20154113162064893,0.0,"[300, 300, 300, 300, 300]","[0.005637532379649204, 0.006171547753756465, 0.007340107055445416, 0.011136844661528872, 0.004334099680255231]",,0.035875348025704475,0.03412004747584467,5.0,1.96,nan,known-logging,sieve,frozen,neural-fore,known-uniform,0.8,1.0,0.0,0.02,0.0
10000,30871301,1000000,-0.3170054884673674,-0.3151635299490863,-0.27627388518906926,0.0018419585182811171,0.04073160327829817,0.03508149780280198,-0.3450336208825611,-0.2075141494955774,1.0,0.13751947138698375,0.005239356592178466,0.002425315915397647,0.0030122077115029566,12.832457399567048,16.70102124407105,6816.493162643649,300.0,0.002219858694857494,28.095771866801805,1.0,0.0,nan,nan,6.202,0.041109867906881425,0.20112744381085182,0.201740885259908,0.0,"[300, 300, 300, 300, 300]","[0.0, 0.0010606718804546862, 0.003889131556493253, 0.0, 0.00614949003733953]",,0.03508149780280198,0.03464074381477059,5.0,1.96,nan,known-logging,sieve,frozen,neural-fore,known-uniform,0.8,1.0,0.0,0.02,0.0
