n,seed,outcome_sample_size,truth,plugin_estimate,if_estimate,plugin_error,if_error,estimated_se,ci_lower,ci_upper,covered,ci_length,reward_rmse,g_rmse,g_estimand_shift,ratio_q99,ratio_max,ratio_ess,fore_selected_iterations,fore_apbv_score,fore_fit_seconds,fore_normalized_mass,fore_logit_cap_fraction,behavior_policy_selected_c,behavior_policy_validation_nll,transition_selected_alpha,transition_validation_mse,transition_residual_sd_x,transition_residual_sd_z,ratio_failure,fore_selected_iterations_by_fold,fore_apbv_scores_by_fold,failure_message,iid_estimated_se,fold_cluster_estimated_se,crossfit_fold_count,ci_critical_value,behavior_policy_selected_degree,data_fusion_policy_mode,data_fusion_transition_mode,data_fusion_g_mode,data_fusion_ratio_mode,normalization_policy_mode,data_fusion_target_gamma,data_fusion_repeated_splits,split_estimate_sd,behavior_probability_floor,behavior_probability_clipping_fraction
10000,970404,1000000,-0.3170054884673674,-0.3053902223446583,-0.2971441889031562,0.011615266122709134,0.019861299564211232,0.03511870039694526,-0.3659768416811689,-0.2283115361251435,1.0,0.1376653055560254,0.009494916562957706,0.002425315915397647,0.0030122077115029566,12.90348390927841,14.654049007375733,6770.921982543969,300.0,0.0014771114859263475,36.89592376599903,1.0,0.0,nan,nan,2.2239999999999998,0.03985476542717859,0.19994223532291647,0.20094612862285016,0.0,"[300, 300, 300, 300, 300]","[0.0, 0.0030601496262792965, 0.004325407803352441, 0.0, 0.0]",,0.03511870039694526,0.03454331635061263,5.0,1.96,nan,known-logging,sieve,frozen,neural-fore,known-uniform,0.8,1.0,0.0,0.02,0.0
10000,1070407,1000000,-0.3170054884673674,-0.3196308307456342,-0.3304072483639604,-0.0026253422782667735,-0.01340175989659298,0.03585624804350881,-0.4006854945292377,-0.2601290021986831,1.0,0.14055649233055453,0.007637348369877837,0.002425315915397647,0.0030122077115029566,12.575323660607147,13.156569552255913,6748.552523205943,260.0,0.0014212916188085373,35.49062191660196,1.0,0.0,nan,nan,0.6039999999999999,0.04003980892008976,0.19903245988892998,0.19890577315363506,0.0,"[300, 300, 300, 100, 300]","[0.0, 0.0, 0.0, 0.007106458094042686, 0.0]",,0.03585624804350881,0.03073813106614246,5.0,1.96,nan,known-logging,sieve,frozen,neural-fore,known-uniform,0.8,1.0,0.0,0.02,0.0
10000,1170410,1000000,-0.3170054884673674,-0.3177608455113752,-0.2975230833825322,-0.0007553570440077539,0.01948240508483523,0.035451965251467904,-0.3670089352754093,-0.2280372314896551,1.0,0.13897170378575419,0.009952638528977995,0.002425315915397647,0.0030122077115029566,12.61572491208092,13.707698582971231,6806.102863338487,260.0,0.003004768181770058,35.982335567198604,1.0,0.0,nan,nan,0.42400000000000004,0.040928292030935794,0.20244034518599457,0.20429442457051072,0.0,"[300, 300, 100, 300, 300]","[0.0037611979132412356, 0.009675670140903236, 0.0015869728547058177, 0.0, 0.0]",,0.035451965251467904,0.04354528605052842,5.0,1.96,nan,known-logging,sieve,frozen,neural-fore,known-uniform,0.8,1.0,0.0,0.02,0.0
10000,1270413,1000000,-0.3170054884673674,-0.31918213223730024,-0.3069488151541581,-0.002176643769932818,0.010056673313209308,0.034777402378311804,-0.37511252381564925,-0.238785106492667,1.0,0.13632741732298226,0.005671268751546289,0.002425315915397647,0.0030122077115029566,12.800425601769918,16.400107486828993,6764.993682978139,260.0,0.003997266681768941,34.68939669140091,1.0,0.0,nan,nan,6.202,0.03977891592860773,0.1984173470672125,0.1997945174776977,0.0,"[300, 300, 300, 300, 100]","[0.0, 0.008338206665410016, 0.003797595240354808, 0.0005896722652822648, 0.007260859237797616]",,0.034777402378311804,0.02938600293484032,5.0,1.96,nan,known-logging,sieve,frozen,neural-fore,known-uniform,0.8,1.0,0.0,0.02,0.0
10000,1370416,1000000,-0.3170054884673674,-0.31868474672843544,-0.37125861508294344,-0.0016792582610680173,-0.05425312661557602,0.0366557674746212,-0.443103919333201,-0.2994133108326859,1.0,0.1436906085005151,0.006497029992149405,0.002425315915397647,0.0030122077115029566,12.86215573713548,19.760640056739785,6647.592980780061,300.0,0.00027758227320941886,27.46887553359993,1.0,0.0,nan,nan,2.602,0.04036547840477641,0.19890992109002323,0.2034077011446005,0.0,"[300, 300, 300, 300, 300]","[0.0, 0.0, 0.0013239585464771564, 6.395281956993789e-05, 0.0]",,0.0366557674746212,0.04189215752016496,5.0,1.96,nan,known-logging,sieve,frozen,neural-fore,known-uniform,0.8,1.0,0.0,0.02,0.0
10000,1470419,1000000,-0.3170054884673674,-0.3163021898236003,-0.33247976738804413,0.000703298643767114,-0.01547427892067671,0.03596379429109156,-0.4029688041985836,-0.26199073057750466,1.0,0.14097807362107892,0.006328733245676282,0.002425315915397647,0.0030122077115029566,13.083016531339123,15.567473429577584,6695.791930863652,300.0,0.0010238640612368496,28.88351900879934,1.0,0.0,nan,nan,8.001999999999999,0.04177592888090688,0.20435438463729194,0.20357627016849222,0.0,"[300, 300, 300, 300, 300]","[0.0, 0.002666170557341239, 0.0024531497488430084, 0.0, 0.0]",,0.03596379429109156,0.031067060281227982,5.0,1.96,nan,known-logging,sieve,frozen,neural-fore,known-uniform,0.8,1.0,0.0,0.02,0.0
10000,1570422,1000000,-0.3170054884673674,-0.31381363537325235,-0.3416775049372296,0.0031918530941150713,-0.024672016469862168,0.035864324543325894,-0.41197158104214837,-0.2713834288323108,1.0,0.1405881522098375,0.007183758565124736,0.002425315915397647,0.0030122077115029566,13.07522866562106,15.034030839754637,6657.920217640035,300.0,0.0008609193076300363,28.971712740999646,1.0,0.0,nan,nan,2.206,0.040167542955848054,0.19924641338930202,0.20192961642912638,0.0,"[300, 300, 300, 300, 300]","[0.0, 0.0, 0.0043045965381501815, 0.0, 0.0]",,0.035864324543325894,0.026907752735901198,5.0,1.96,nan,known-logging,sieve,frozen,neural-fore,known-uniform,0.8,1.0,0.0,0.02,0.0
10000,1670425,1000000,-0.3170054884673674,-0.3134585994204784,-0.31572567075951674,0.0035468890468890457,0.0012798177078506834,0.0351802906081997,-0.3846790403515882,-0.2467723011674453,1.0,0.13790673918414284,0.007890816464992912,0.002425315915397647,0.0030122077115029566,12.793030006680723,15.9426892410278,6886.607844199838,220.0,0.005792759980397566,24.307698042000265,1.0,0.0,nan,nan,4.401999999999999,0.039488493788865285,0.1999302352166235,0.19813972937761798,0.0,"[300, 100, 100, 300, 300]","[0.004856251944491137, 0.010113027390218224, 0.005832609929597738, 0.0, 0.00816191063768073]",,0.0351802906081997,0.03676790369188985,5.0,1.96,nan,known-logging,sieve,frozen,neural-fore,known-uniform,0.8,1.0,0.0,0.02,0.0
10000,1770428,1000000,-0.3170054884673674,-0.31902740765146154,-0.41702336967872333,-0.002021919184094112,-0.10001788121135591,0.037402831234114406,-0.49033291889758757,-0.3437138204598591,0.0,0.14661909843772847,0.00562096832157254,0.002425315915397647,0.0030122077115029566,13.0547394522539,14.325928056967346,6631.0093132682605,220.0,0.0035653606887140776,24.623397066396866,0.9999999999999998,0.0,nan,nan,2.008,0.04030221383426652,0.20006200595220403,0.20061755862308012,0.0,"[100, 300, 300, 100, 300]","[0.00467264910830941, 0.004444949138073295, 0.0006149864056492207, 0.005277628790729459, 0.0028165900008090016]",,0.037402831234114406,0.03984817693962234,5.0,1.96,nan,known-logging,sieve,frozen,neural-fore,known-uniform,0.8,1.0,0.0,0.02,0.0
10000,1870431,1000000,-0.3170054884673674,-0.3175321025313322,-0.24842812646826193,-0.0005266140639647587,0.0685773619991055,0.0340205566775681,-0.3151084175562954,-0.18174783538022846,0.0,0.13336058217606694,0.005628452481220187,0.002425315915397647,0.0030122077115029566,12.597271348180403,20.120282035177176,6832.034031656119,260.0,0.0037343546307162774,26.227614591799647,1.0,0.0,nan,nan,4.222,0.03941675436919238,0.19956587757023753,0.19851297922796726,0.0,"[300, 300, 300, 300, 100]","[0.0012159986497808821, 0.0032939997697001636, 0.0, 0.006896740141427139, 0.0072650345926732005]",,0.0340205566775681,0.018330867017862653,5.0,1.96,nan,known-logging,sieve,frozen,neural-fore,known-uniform,0.8,1.0,0.0,0.02,0.0
10000,1970434,1000000,-0.3170054884673674,-0.3050929836876961,-0.3728023123593856,0.011912504779671318,-0.05579682389201818,0.03652694399668552,-0.4443951225928892,-0.301209502125882,1.0,0.14318562046700722,0.006979892938827265,0.002425315915397647,0.0030122077115029566,13.007241288481222,15.551784481109488,6644.774058067755,260.0,0.00263695871244961,27.056452758399974,1.0,0.0,nan,nan,2.602,0.04112545979946203,0.20644616771150598,0.2021006765155149,0.0,"[100, 300, 300, 300, 300]","[0.003949550069719235, 0.0020884699855375963, 0.004347901684902884, 0.0017260041831972288, 0.0010728676388911055]",,0.03652694399668552,0.02844432596027593,5.0,1.96,nan,known-logging,sieve,frozen,neural-fore,known-uniform,0.8,1.0,0.0,0.02,0.0
10000,2070437,1000000,-0.3170054884673674,-0.30888746662314426,-0.39611348053366346,0.008118021844223167,-0.07910799206629604,0.036622343029967024,-0.46789327287239885,-0.3243336881949281,0.0,0.14355958467747074,0.006004994317273617,0.002425315915397647,0.0030122077115029566,13.248858720139685,17.68509105001132,6719.19745576463,260.0,0.004295500022707529,27.30713942539951,1.0,0.0,nan,nan,2.404,0.03962670501451372,0.1986260054881939,0.19858053454060318,0.0,"[300, 300, 100, 300, 300]","[0.009489970422900524, 0.0029737354686006027, 0.007347742001280478, 0.0, 0.0016660522207560392]",,0.036622343029967024,0.03343841443587181,5.0,1.96,nan,known-logging,sieve,frozen,neural-fore,known-uniform,0.8,1.0,0.0,0.02,0.0
10000,2170440,1000000,-0.3170054884673674,-0.30721306661792896,-0.3214454573412669,0.00979242184943846,-0.004439968873899469,0.03613508094260194,-0.3922702159887667,-0.2506206986937671,1.0,0.1416495172949996,0.004891200682096207,0.002425315915397647,0.0030122077115029566,14.230369926482485,16.659069787202714,6590.435564185878,220.0,0.0034105107050717274,25.967761966001852,1.0,0.0,nan,nan,2.404,0.04092222178064741,0.2005078927228734,0.20380664381393038,0.0,"[100, 100, 300, 300, 300]","[0.007031014171243284, 0.010021539354115353, 0.0, 0.0, 0.0]",,0.03613508094260194,0.027362620382697815,5.0,1.96,nan,known-logging,sieve,frozen,neural-fore,known-uniform,0.8,1.0,0.0,0.02,0.0
10000,2270443,1000000,-0.3170054884673674,-0.3129543341124868,-0.2987457678751133,0.004051154354880626,0.018259720592254114,0.03573574039517717,-0.36878781904966057,-0.22870371670056605,1.0,0.14008410234909452,0.005729069991698879,0.002425315915397647,0.0030122077115029566,13.63650592170282,17.04521585276074,6641.267876573647,260.0,0.00311842973038601,27.75103614159743,1.0,0.0,nan,nan,2.62,0.03971886231420409,0.19669876142299342,0.20227910893368556,0.0,"[300, 300, 300, 100, 300]","[0.0066161271087671145, 0.0016711776773895525, 0.0014321555336789457, 0.0058726883320944405, 0.0]",,0.03573574039517717,0.029089673878372798,5.0,1.96,nan,known-logging,sieve,frozen,neural-fore,known-uniform,0.8,1.0,0.0,0.02,0.0
10000,2370446,1000000,-0.3170054884673674,-0.3202909876959944,-0.27690842531676746,-0.0032854992286269757,0.040097063150599965,0.034854978266063916,-0.3452241827182527,-0.2085926679152822,1.0,0.13663151480297056,0.00743249113354301,0.002425315915397647,0.0030122077115029566,13.323048548552531,15.777162838402491,6820.268105066146,260.0,0.001249743094430224,28.484879283401096,1.0,0.0,nan,nan,2.206,0.039929984035849936,0.1991700446715712,0.20250413496656527,0.0,"[300, 100, 300, 300, 300]","[0.0, 0.005026891119797437, 0.001221824352353683, 0.0, 0.0]",,0.034854978266063916,0.029419237953315833,5.0,1.96,nan,known-logging,sieve,frozen,neural-fore,known-uniform,0.8,1.0,0.0,0.02,0.0
10000,2470449,1000000,-0.3170054884673674,-0.3135930048006289,-0.3100718174954416,0.0034124836667385194,0.0069336709719258205,0.03589766822568153,-0.38043124721777744,-0.2397123877731058,1.0,0.1407188594446716,0.005414164699097889,0.002425315915397647,0.0030122077115029566,12.748716926866557,14.86451600223169,6740.515270220251,300.0,0.0009996771746019865,29.73752453379857,1.0,0.0,nan,nan,4.023999999999999,0.04006530169010855,0.199611954522261,0.2005808696636242,0.0,"[300, 300, 300, 300, 300]","[0.0, 0.0021951540247273104, 0.0, 0.0015491063229236077, 0.0012541255253590141]",,0.03589766822568153,0.018442542115036768,5.0,1.96,nan,known-logging,sieve,frozen,neural-fore,known-uniform,0.8,1.0,0.0,0.02,0.0
10000,2570452,1000000,-0.3170054884673674,-0.313722675615188,-0.34596494434780445,0.0032828128521794064,-0.028959455880437024,0.03652585514197444,-0.41755562042607436,-0.27437426826953454,1.0,0.14318135215653982,0.006308502681098004,0.002425315915397647,0.0030122077115029566,12.803880178273694,14.144958242844567,6704.340668753859,260.0,0.002385521111111678,30.814351908600656,1.0,0.0,nan,nan,0.6039999999999999,0.0406443680553749,0.2011420092624329,0.20309514216619312,0.0,"[100, 300, 300, 300, 300]","[0.004753432999710248, 0.0, 0.001082983865303791, 0.000348184505776247, 0.005743004184768105]",,0.03652585514197444,0.02493596341189278,5.0,1.96,nan,known-logging,sieve,frozen,neural-fore,known-uniform,0.8,1.0,0.0,0.02,0.0
10000,2670455,1000000,-0.3170054884673674,-0.3138283671026008,-0.37154938684227584,0.0031771213647666108,-0.05454389837490842,0.03677940306939127,-0.4436370168582827,-0.29946175682626897,1.0,0.14417526003201378,0.0071422798835040656,0.002425315915397647,0.0030122077115029566,13.790509877650978,22.082251223027157,6714.48943759995,180.0,0.0037876106073983424,26.83419539160095,1.0,0.0,nan,nan,4.6,0.038762719328672035,0.19574154721700404,0.19855160507961128,0.0,"[100, 300, 300, 100, 100]","[0.006952363229838773, 0.0, 0.002222840792291392, 0.004731226943826809, 0.005031622071034736]",,0.03677940306939127,0.021103306470651593,5.0,1.96,nan,known-logging,sieve,frozen,neural-fore,known-uniform,0.8,1.0,0.0,0.02,0.0
10000,2770458,1000000,-0.3170054884673674,-0.3123250533939654,-0.3348820806967061,0.004680435073402045,-0.017876592229338684,0.03603844767237622,-0.4055174381345635,-0.26424672325884874,1.0,0.14127071487571477,0.005614077503254286,0.002425315915397647,0.0030122077115029566,13.25986522218162,14.65081107976442,6675.226116647477,220.0,0.0030019570262882983,30.136358591598402,1.0,0.0,nan,nan,2.602,0.03930688057565427,0.19744488816735997,0.20053044448030172,0.0,"[300, 300, 100, 100, 300]","[0.0, 0.0, 0.006358660601153731, 0.007262555026448003, 0.0013885695038397586]",,0.03603844767237622,0.027906887024919655,5.0,1.96,nan,known-logging,sieve,frozen,neural-fore,known-uniform,0.8,1.0,0.0,0.02,0.0
10000,2870461,1000000,-0.3170054884673674,-0.319197544066869,-0.30376084889309934,-0.0021920555995015856,0.01324463957426808,0.03512450438455543,-0.37260487748682797,-0.23491682029937072,1.0,0.13768805718745727,0.005475772576004641,0.002425315915397647,0.0030122077115029566,12.164974278799235,13.28273448209584,6842.367472297254,260.0,0.0038319165371434026,32.19483445819933,1.0,0.0,nan,nan,2.404,0.03940992097985054,0.1963414150228769,0.19846763724100341,0.0,"[100, 300, 300, 300, 300]","[0.008702431375683205, 0.009121058883978194, 0.0, 0.0, 0.001336092426055611]",,0.03512450438455543,0.04854808339923571,5.0,1.96,nan,known-logging,sieve,frozen,neural-fore,known-uniform,0.8,1.0,0.0,0.02,0.0
10000,2970464,1000000,-0.3170054884673674,-0.29815593433189785,-0.28674416328956837,0.01884955413546957,0.03026132517779906,0.03557803646881139,-0.3564771147684387,-0.21701121181069805,1.0,0.13946590295774067,0.011784340650916433,0.002425315915397647,0.0030122077115029566,12.99988233028845,16.721522427715026,6777.7568444160115,260.0,0.0011223091202554986,30.563591958799954,1.0,0.0,nan,nan,4.204000000000001,0.03945913614390262,0.19871004816706733,0.19743399280584695,0.0,"[300, 100, 300, 300, 300]","[0.0, 0.001901656897563675, 0.0, 0.0, 0.0037098887037138183]",,0.03557803646881139,0.024047520590103028,5.0,1.96,nan,known-logging,sieve,frozen,neural-fore,known-uniform,0.8,1.0,0.0,0.02,0.0
10000,3070467,1000000,-0.3170054884673674,-0.31457654158768944,-0.3875149591926257,0.0024289468796779845,-0.07050947072525826,0.03699483228153306,-0.4600248304644305,-0.3150050879208209,1.0,0.14501974254360958,0.006580153371646908,0.002425315915397647,0.0030122077115029566,13.525081565391481,14.973207953740506,6699.158623682992,260.0,0.002184060051505965,30.208499225199194,1.0,0.0,nan,nan,2.206,0.040436684116475476,0.20135633306867837,0.20116418441659087,0.0,"[100, 300, 300, 300, 300]","[0.0013651392839152533, 0.005382331998081668, 0.002083573090265122, 0.0, 0.002089255885267783]",,0.03699483228153306,0.04536820374619794,5.0,1.96,nan,known-logging,sieve,frozen,neural-fore,known-uniform,0.8,1.0,0.0,0.02,0.0
10000,3170470,1000000,-0.3170054884673674,-0.31302149460657286,-0.3479858697022865,0.003983993860794566,-0.030980381234919085,0.03607927644571404,-0.418701251535886,-0.277270487868687,1.0,0.14143076366719903,0.006583941897344363,0.002425315915397647,0.0030122077115029566,12.585272141952904,14.635263828566854,6776.423547315231,260.0,0.001162595927388467,29.47506652440061,1.0,0.0,nan,nan,4.6,0.039374187707278886,0.1974573132879124,0.19997470086531768,0.0,"[300, 100, 300, 300, 300]","[0.0, 0.005812979636942335, 0.0, 0.0, 0.0]",,0.03607927644571404,0.027349574532602162,5.0,1.96,nan,known-logging,sieve,frozen,neural-fore,known-uniform,0.8,1.0,0.0,0.02,0.0
10000,3270473,1000000,-0.3170054884673674,-0.31135686356647263,-0.26102437808469475,0.005648624900894794,0.05598111038267267,0.03442844904314005,-0.32850413820924923,-0.19354461796014027,1.0,0.13495952024910898,0.006670353676755394,0.002425315915397647,0.0030122077115029566,12.743410084697741,18.322153750617925,6872.332736101049,180.0,0.0035121057362686543,25.04534624199805,1.0,0.0,nan,nan,4.204,0.04010628533724169,0.20081394787799378,0.19939056582006492,0.0,"[100, 100, 100, 300, 300]","[0.004397324056164633, 0.0052769170933547735, 0.004355323674002868, 0.0035309638578209976, 0.0]",,0.03442844904314005,0.03407793714592701,5.0,1.96,nan,known-logging,sieve,frozen,neural-fore,known-uniform,0.8,1.0,0.0,0.02,0.0
10000,3370476,1000000,-0.3170054884673674,-0.3185904343665794,-0.30933048555890474,-0.001584945899211987,0.00767500290846268,0.035018401793286545,-0.3779665530737464,-0.2406944180440631,1.0,0.13727213502968325,0.00713170613102107,0.002425315915397647,0.0030122077115029566,13.151528603182532,14.470369221228745,6662.9288287007075,300.0,0.002287845268313672,25.322159675600414,1.0,0.0,nan,nan,2.2239999999999998,0.041070428658584124,0.20221030246061736,0.20507454633229907,0.0,"[300, 300, 300, 300, 300]","[0.0, 0.006131345377092801, 0.0, 0.0025879535921703328, 0.0027199273723052257]",,0.035018401793286545,0.012556937360858717,5.0,1.96,nan,known-logging,sieve,frozen,neural-fore,known-uniform,0.8,1.0,0.0,0.02,0.0
10000,3470479,1000000,-0.3170054884673674,-0.3150387484817266,-0.34239558672507836,0.001966739985640842,-0.025390098257710936,0.03657332780921636,-0.41407930923114245,-0.2707118642190143,1.0,0.14336744501212814,0.00556217295202283,0.002425315915397647,0.0030122077115029566,13.890286638971757,18.425016521977494,6646.0305211834075,260.0,0.0028690034611377853,23.038969265999185,1.0,0.0,nan,nan,0.20800000000000002,0.03946685321070438,0.19807222883607029,0.1990881638952337,0.0,"[300, 100, 300, 300, 300]","[0.007575324254532173, 0.006769693051156754, 0.0, 0.0, 0.0]",,0.03657332780921636,0.01760071424025606,5.0,1.96,nan,known-logging,sieve,frozen,neural-fore,known-uniform,0.8,1.0,0.0,0.02,0.0
10000,3570482,1000000,-0.3170054884673674,-0.3082591861138726,-0.28193878642450754,0.008746302353494828,0.03506670204285989,0.035130621610030596,-0.3507948047801675,-0.21308276806884757,1.0,0.13771203671131993,0.006881733796521424,0.002425315915397647,0.0030122077115029566,12.231152754755795,13.615719501568252,6873.495018149143,260.0,0.0038111801210150703,23.687320100601937,1.0,0.0,nan,nan,2.206,0.04046980084338028,0.20050797294583225,0.20032097786787467,0.0,"[300, 300, 100, 300, 300]","[0.0035489341673266487, 0.0016789899267561918, 0.0065044715944443405, 0.0, 0.007323504916548172]",,0.035130621610030596,0.0338975533010636,5.0,1.96,nan,known-logging,sieve,frozen,neural-fore,known-uniform,0.8,1.0,0.0,0.02,0.0
10000,3670485,1000000,-0.3170054884673674,-0.317662426783552,-0.3332814178922724,-0.0006569383161845743,-0.016275929424904967,0.03571733003926678,-0.4032873847692353,-0.26327545101530947,1.0,0.1400119337539258,0.008957807028551045,0.002425315915397647,0.0030122077115029566,13.581138880954196,16.977174968233467,6700.159563155352,180.0,0.002816689465842989,20.8764492495975,1.0,0.0,nan,nan,6.202,0.03937925398208063,0.1981426143148702,0.20068338473298014,0.0,"[100, 100, 100, 300, 300]","[0.005156647206307421, 0.0034550041782321793, 0.005160366689645477, 0.0, 0.00031142925502987157]",,0.03571733003926678,0.03213963878296452,5.0,1.96,nan,known-logging,sieve,frozen,neural-fore,known-uniform,0.8,1.0,0.0,0.02,0.0
10000,3770488,1000000,-0.3170054884673674,-0.3192346846089223,-0.38046498260013606,-0.0022291961415548678,-0.06345949413276863,0.03645237547744817,-0.45191163853593447,-0.30901832666433765,1.0,0.14289331187159685,0.007057109192793206,0.002425315915397647,0.0030122077115029566,13.71566387402411,15.942585197930542,6652.039408712447,260.0,0.002867574058861398,23.16108845819981,1.0,0.0,nan,nan,4.006,0.040253126696428436,0.19920492924965777,0.20137432181716663,0.0,"[300, 100, 300, 300, 300]","[0.0, 0.00603035881020802, 0.0, 0.007772463009437541, 0.000535048474661428]",,0.03645237547744817,0.026411318410176805,5.0,1.96,nan,known-logging,sieve,frozen,neural-fore,known-uniform,0.8,1.0,0.0,0.02,0.0
10000,3870491,1000000,-0.3170054884673674,-0.31455280747154896,-0.26757503227512824,0.002452680995818468,0.04943045619223918,0.034838430250327956,-0.33585835556577104,-0.19929170898448545,1.0,0.1365666465812856,0.007261398811776606,0.002425315915397647,0.0030122077115029566,12.865277709846819,14.355183690994316,6773.665773411994,220.0,0.003929457610794504,21.444546866601012,1.0,0.0,nan,nan,2.8,0.040482354083368574,0.20205613560605715,0.20149209619680422,0.0,"[300, 300, 100, 100, 300]","[0.0, 0.008339612032395837, 0.007988180885556893, 0.0033194951360197944, 0.0]",,0.034838430250327956,0.014577537406058516,5.0,1.96,nan,known-logging,sieve,frozen,neural-fore,known-uniform,0.8,1.0,0.0,0.02,0.0
10000,3970494,1000000,-0.3170054884673674,-0.30717200407448086,-0.3042706267402601,0.00983348439288656,0.012734861727107305,0.03488316201091651,-0.3726416242816565,-0.23589962919886376,1.0,0.13674199508279272,0.0073777499380443074,0.002425315915397647,0.0030122077115029566,11.804421986906407,15.903759535372824,6833.65493249996,260.0,0.0012757363923505533,23.09572839160173,1.0000000000000002,0.0,nan,nan,4.42,0.04036188887245097,0.19860210465908185,0.20315600232357442,0.0,"[300, 100, 300, 300, 300]","[0.0, 0.006378681961752767, 0.0, 0.0, 0.0]",,0.03488316201091651,0.025791602748294323,5.0,1.96,nan,known-logging,sieve,frozen,neural-fore,known-uniform,0.8,1.0,0.0,0.02,0.0
10000,4070497,1000000,-0.3170054884673674,-0.3127650141685169,-0.3685354293127099,0.0042404742988505495,-0.05152994084534246,0.03687517585250164,-0.4408107739836131,-0.29626008464180664,1.0,0.14455068934180643,0.007216809421899248,0.002425315915397647,0.0030122077115029566,13.236584149192607,15.943374396509535,6595.798162642882,300.0,0.0,24.538712049999596,1.0,0.0,nan,nan,4.204,0.040649401471551425,0.20202838236241544,0.20124055899605633,0.0,"[300, 300, 300, 300, 300]","[0.0, 0.0, 0.0, 0.0, 0.0]",,0.03687517585250164,0.08284605777480612,5.0,1.96,nan,known-logging,sieve,frozen,neural-fore,known-uniform,0.8,1.0,0.0,0.02,0.0
10000,4170500,1000000,-0.3170054884673674,-0.3056747060997889,-0.310567612720324,0.011330782367578507,0.006437875747043409,0.03598929366653819,-0.38110662830673886,-0.24002859713390917,1.0,0.14107803117282972,0.009696255400616511,0.002425315915397647,0.0030122077115029566,13.793218887160217,16.36100141561762,6692.28038410409,260.0,0.0022657859757972422,22.63520937479989,1.0,0.0,nan,nan,0.40599999999999986,0.04035840597854583,0.20400541388763926,0.1982709516949955,0.0,"[300, 300, 300, 300, 100]","[0.0004355424416677995, 0.0, 0.0, 0.004793794836215876, 0.006099592601102538]",,0.03598929366653819,0.05725096038761627,5.0,1.96,nan,known-logging,sieve,frozen,neural-fore,known-uniform,0.8,1.0,0.0,0.02,0.0
10000,4270503,1000000,-0.3170054884673674,-0.3104488110486675,-0.28859568603399277,0.006556677418699919,0.028409802433374653,0.03576741214099208,-0.3586998138303372,-0.21849155823764832,1.0,0.14020825559268893,0.008431058539252015,0.002425315915397647,0.0030122077115029566,13.079664234981047,19.413486459143147,6633.36398597665,260.0,0.0007469625948261721,22.20382042500132,1.0,0.0,nan,nan,0.22600000000000003,0.03943913022908576,0.1967036343898912,0.19973342299772226,0.0,"[100, 300, 300, 300, 300]","[0.0037348129741308607, 0.0, 0.0, 0.0, 0.0]",,0.03576741214099208,0.04595632325626455,5.0,1.96,nan,known-logging,sieve,frozen,neural-fore,known-uniform,0.8,1.0,0.0,0.02,0.0
10000,4370506,1000000,-0.3170054884673674,-0.31657905295155747,-0.3435994140801269,0.0004264355158099531,-0.026593925612759473,0.03637153655278573,-0.41488762572358695,-0.27231120243666684,1.0,0.14257642328692005,0.007105481879486442,0.002425315915397647,0.0030122077115029566,12.885683468912413,15.23642271586352,6744.337799189851,260.0,0.0012740839673683214,22.900914050000573,1.0,0.0,nan,nan,4.402,0.04111727861066885,0.2026927639973067,0.20235369051818886,0.0,"[300, 100, 300, 300, 300]","[0.0, 0.004743360013586306, 0.0016270598232553013, 0.0, 0.0]",,0.03637153655278573,0.024104941296612586,5.0,1.96,nan,known-logging,sieve,frozen,neural-fore,known-uniform,0.8,1.0,0.0,0.02,0.0
10000,4470509,1000000,-0.3170054884673674,-0.3204797754561532,-0.2971229205271699,-0.0034742869887857686,0.01988256794019755,0.03544374049436307,-0.3665926518961215,-0.22765318915821825,1.0,0.13893946273790325,0.0070093791833209206,0.002425315915397647,0.0030122077115029566,12.889862197496004,16.593244841988888,6802.371978942276,220.0,0.002382854052360555,21.760336092200305,1.0,0.0,nan,nan,0.20800000000000002,0.040867995877158204,0.20062710656724506,0.2033102583693621,0.0,"[100, 100, 300, 300, 300]","[0.0018663246554901122, 0.004503219629075373, 0.00044296137613530505, 0.005101764601101986, 0.0]",,0.03544374049436307,0.041288949677747884,5.0,1.96,nan,known-logging,sieve,frozen,neural-fore,known-uniform,0.8,1.0,0.0,0.02,0.0
10000,4570512,1000000,-0.3170054884673674,-0.3247932668495574,-0.4252265642941144,-0.007787778382189969,-0.10822107582674695,0.0376171314220762,-0.4989561418813837,-0.35149698670684504,0.0,0.1474591551745387,0.0062878667372270386,0.002425315915397647,0.0030122077115029566,13.866631084986922,17.983403099656353,6513.328674392529,300.0,0.0016207576453710778,24.08629662559906,1.0,0.0,nan,nan,2.206,0.04118949856250313,0.2035863094842718,0.2017826178964123,0.0,"[300, 300, 300, 300, 300]","[0.0038896248670387576, 0.0, 0.0, 0.004214163359816631, 0.0]",,0.0376171314220762,0.043882320946354435,5.0,1.96,nan,known-logging,sieve,frozen,neural-fore,known-uniform,0.8,1.0,0.0,0.02,0.0
10000,4670515,1000000,-0.3170054884673674,-0.30703170607820623,-0.3360524562651575,0.00997378238916119,-0.019046967797790082,0.036361675006759284,-0.4073213392784057,-0.2647835732519093,1.0,0.1425377660264964,0.0053375050339518355,0.002425315915397647,0.0030122077115029566,13.291832763859388,15.29060555465629,6704.278406023357,300.0,0.001990027232429358,24.23560646699916,1.0,0.0,nan,nan,4.006,0.04093540910749506,0.20171116599518552,0.20250045366483455,0.0,"[300, 300, 300, 300, 300]","[0.0, 0.004395317220673292, 0.0, 0.0055548189414734985, 0.0]",,0.036361675006759284,0.026023355308356005,5.0,1.96,nan,known-logging,sieve,frozen,neural-fore,known-uniform,0.8,1.0,0.0,0.02,0.0
10000,4770518,1000000,-0.3170054884673674,-0.31062612268981027,-0.31429991017234926,0.0063793657775571555,0.002705578295018163,0.03566027681006886,-0.3841940527200842,-0.2444057676246143,1.0,0.13978828509546992,0.006215510429575207,0.002425315915397647,0.0030122077115029566,13.551777686547423,19.101462329421974,6788.794237215311,220.0,0.005454637574237526,22.03482464980043,1.0,0.0,nan,nan,4.204,0.040034892672029254,0.19586261081732342,0.2028800103545468,0.0,"[300, 100, 100, 300, 300]","[0.0014471696995252662, 0.010584211798637994, 0.0073390284373575174, 0.007149308959781282, 0.0007534689758855694]",,0.03566027681006886,0.02769305272584558,5.0,1.96,nan,known-logging,sieve,frozen,neural-fore,known-uniform,0.8,1.0,0.0,0.02,0.0
10000,4870521,1000000,-0.3170054884673674,-0.31391513862006976,-0.3135244991015265,0.0030903498472976687,0.003480989365840903,0.03574555151061394,-0.38358578006232985,-0.2434632181407232,1.0,0.14012256192160663,0.008098932871834533,0.002425315915397647,0.0030122077115029566,12.611939707972633,14.126278908835264,6825.814684740381,180.0,0.002992078199388227,20.43887536679831,1.0,0.0,nan,nan,2.404,0.0412325528344332,0.20703651467238338,0.20034668882768591,0.0,"[300, 100, 100, 300, 100]","[0.0, 0.0037952788597890967, 0.0023768546740945613, 0.0007937887340123573, 0.00799446872904512]",,0.03574555151061394,0.023160085689801834,5.0,1.96,nan,known-logging,sieve,frozen,neural-fore,known-uniform,0.8,1.0,0.0,0.02,0.0
10000,4970524,1000000,-0.3170054884673674,-0.307324555922068,-0.34552678252780467,0.009680932545299448,-0.02852129406043724,0.0366060713945584,-0.41727468246113913,-0.2737788825944702,1.0,0.1434957998666689,0.0065742290774360645,0.002425315915397647,0.0030122077115029566,12.712084585607986,13.451779107678274,6620.738831255248,220.0,0.002774871368152787,21.07776940019976,1.0,0.0,nan,nan,4.204,0.03993111823416029,0.19947659357084652,0.19992555543889579,0.0,"[300, 100, 100, 300, 300]","[0.0008093420748023665, 0.0033234827224418294, 0.009365901476134543, 0.0, 0.00037563056738519705]",,0.0366060713945584,0.008606388428120735,5.0,1.96,nan,known-logging,sieve,frozen,neural-fore,known-uniform,0.8,1.0,0.0,0.02,0.0
10000,5070527,1000000,-0.3170054884673674,-0.3151390934307366,-0.3423798521875342,0.0018663950366308302,-0.02537436372016677,0.03662943356321549,-0.4141735419714366,-0.2705861624036318,1.0,0.14358737956780473,0.005987754530955307,0.002425315915397647,0.0030122077115029566,12.87163471766492,14.673414583098653,6627.431463473715,300.0,0.0010033522169305097,24.315900824600977,1.0,0.0,nan,nan,6.004,0.03908837234485102,0.19608688279071734,0.19809085151367428,0.0,"[300, 300, 300, 300, 300]","[0.0, 0.004069599244526628, 0.0, 0.0, 0.0009471618401259204]",,0.03662943356321549,0.026295041178863564,5.0,1.96,nan,known-logging,sieve,frozen,neural-fore,known-uniform,0.8,1.0,0.0,0.02,0.0
10000,5170530,1000000,-0.3170054884673674,-0.307843302715169,-0.3474194413935141,0.009162185752198404,-0.03041395292614668,0.036651255872253846,-0.41925590290313164,-0.2755829798838966,1.0,0.14367292301923507,0.007960132280774754,0.002425315915397647,0.0030122077115029566,13.284243378471361,15.361452844765958,6583.106860262242,300.0,0.0014770972105066474,24.968335391597794,1.0,0.0,nan,nan,6.0040000000000004,0.039400173901302286,0.19800718773475698,0.1983601594016592,0.0,"[300, 300, 300, 300, 300]","[0.0, 0.005223652830907419, 0.002161833221625818, 0.0, 0.0]",,0.036651255872253846,0.01371667240860189,5.0,1.96,nan,known-logging,sieve,frozen,neural-fore,known-uniform,0.8,1.0,0.0,0.02,0.0
10000,5270533,1000000,-0.3170054884673674,-0.31633006869641583,-0.3510664076020139,0.0006754197709515908,-0.03406091913464648,0.035805569985585414,-0.4212453247737613,-0.2808874904302665,1.0,0.14035783434349483,0.005320947254584672,0.002425315915397647,0.0030122077115029566,13.097943197532846,19.028892066801752,6782.89760203329,180.0,0.0038245254331875033,19.79582608359997,1.0,0.0,nan,nan,4.401999999999999,0.040546987119887246,0.20199974829589523,0.1999094557507427,0.0,"[100, 100, 300, 300, 100]","[0.0035384617519776083, 0.007116842820167781, 0.0, 0.0, 0.00846732259379213]",,0.035805569985585414,0.024782260875366956,5.0,1.96,nan,known-logging,sieve,frozen,neural-fore,known-uniform,0.8,1.0,0.0,0.02,0.0
10000,5370536,1000000,-0.3170054884673674,-0.30547200806770597,-0.2601591214061537,0.011533480399661455,0.05684636706121371,0.03541941639337021,-0.3295811775371593,-0.1907370652751481,1.0,0.1388441122620112,0.007744950737543886,0.002425315915397647,0.0030122077115029566,13.145759465958179,15.63103279106357,6790.346722894399,260.0,0.0037934345766896444,22.58483091660164,1.0,0.0,nan,nan,6.4,0.0398583940425158,0.2001749314894953,0.1993050217084827,0.0,"[300, 300, 100, 300, 300]","[0.0, 0.004584964550587142, 0.0009109459196640825, 0.0036251901871158037, 0.009846072226081195]",,0.03541941639337021,0.03594447835801688,5.0,1.96,nan,known-logging,sieve,frozen,neural-fore,known-uniform,0.8,1.0,0.0,0.02,0.0
10000,5470539,1000000,-0.3170054884673674,-0.3147967259737442,-0.3779589012361151,0.0022087624936232286,-0.06095341276874766,0.037002683590081714,-0.45048416107267525,-0.3054336413995549,1.0,0.14505051967312033,0.007074946793744027,0.002425315915397647,0.0030122077115029566,14.496868080876267,19.11915239512512,6647.277319297775,260.0,0.0019492003123598631,22.949014158199862,1.0,0.0,nan,nan,2.404,0.0395087453256044,0.19863757713685087,0.1972541512705813,0.0,"[100, 300, 300, 300, 300]","[0.008296468133345796, 0.0004306549349132843, 0.0, 0.0, 0.0010188784935402358]",,0.037002683590081714,0.03514863430393229,5.0,1.96,nan,known-logging,sieve,frozen,neural-fore,known-uniform,0.8,1.0,0.0,0.02,0.0
10000,5570542,1000000,-0.3170054884673674,-0.30813162143802464,-0.3379952582712471,0.008873867029342786,-0.020989769803879677,0.036420169863517954,-0.4093787912037423,-0.2666117253387519,1.0,0.14276706586499038,0.005109380758042145,0.002425315915397647,0.0030122077115029566,13.834411231775963,19.035973816271248,6706.329535358799,300.0,0.0025837251465726254,23.814831758600484,1.0,0.0,nan,nan,2.206,0.040255144910001685,0.1978660874952718,0.20346131697475944,0.0,"[300, 300, 300, 300, 300]","[0.0, 0.00020496549802338445, 0.007676221461935674, 0.0, 0.00503743877290407]",,0.036420169863517954,0.007245766095131623,5.0,1.96,nan,known-logging,sieve,frozen,neural-fore,known-uniform,0.8,1.0,0.0,0.02,0.0
10000,5670545,1000000,-0.3170054884673674,-0.32997355996812944,-0.3135498716026231,-0.012968071500762013,0.0034556168647443264,0.03506020170906298,-0.38226786695238657,-0.24483187625285965,1.0,0.1374359906995269,0.006783116145177584,0.002425315915397647,0.0030122077115029566,12.289115516753823,13.966736622735198,6818.416032947104,220.0,0.0019800345257277837,21.1976197916003,1.0,0.0,nan,nan,4.204,0.03998442006052784,0.20159501554867756,0.20069774558240577,0.0,"[300, 100, 300, 100, 300]","[0.0001491330157273455, 0.00442854261600003, 0.0, 0.005090678267189175, 0.00023181872972236842]",,0.03506020170906298,0.05048187867079978,5.0,1.96,nan,known-logging,sieve,frozen,neural-fore,known-uniform,0.8,1.0,0.0,0.02,0.0
10000,5770548,1000000,-0.3170054884673674,-0.3129787359392292,-0.3111344429106163,0.004026752528138222,0.005871045556751109,0.03605357997183547,-0.38179945965541384,-0.2404694261658188,1.0,0.14133003348959502,0.007612226997306629,0.002425315915397647,0.0030122077115029566,13.804841884038945,15.280582541633947,6689.848924079132,260.0,0.003408093534974118,22.64811519120267,1.0,0.0,nan,nan,4.6,0.040195621254454084,0.20032312816880404,0.2006758711296658,0.0,"[100, 300, 300, 300, 300]","[0.0067373928733096555, 0.0, 0.003799348231279232, 0.0038505809788642415, 0.0026531455914174597]",,0.03605357997183547,0.019069752184576738,5.0,1.96,nan,known-logging,sieve,frozen,neural-fore,known-uniform,0.8,1.0,0.0,0.02,0.0
10000,5870551,1000000,-0.3170054884673674,-0.3047913425304673,-0.251147521865993,0.012214145936900123,0.06585796660137444,0.03474011587234622,-0.31923814897579156,-0.1830568947561944,1.0,0.13618125421959718,0.0067761672520616194,0.002425315915397647,0.0030122077115029566,13.71415973668461,16.223168470703758,6777.544496239405,260.0,0.0018992164861539637,23.616602475200487,1.0,0.0,nan,nan,4.006,0.04014424182791782,0.2016031456289505,0.19722639429796607,0.0,"[300, 300, 300, 100, 300]","[0.0, 0.004721346480567131, 0.00283744764918768, 0.0019372883010150077, 0.0]",,0.03474011587234622,0.03590665948951699,5.0,1.96,nan,known-logging,sieve,frozen,neural-fore,known-uniform,0.8,1.0,0.0,0.02,0.0
10000,5970554,1000000,-0.3170054884673674,-0.3085501558993398,-0.3140478650634392,0.008455332568027607,0.0029576234039282445,0.03574697077790867,-0.3841119277881402,-0.24398380233873818,1.0,0.14012812544940198,0.006539172763313215,0.002425315915397647,0.0030122077115029566,12.957561177675526,15.247565658619926,6814.58051741362,220.0,0.0044417368827660885,21.70785605819983,1.0,0.0,nan,nan,4.401999999999999,0.040183346834089126,0.20111608863762123,0.20136202570745504,0.0,"[100, 300, 300, 300, 100]","[0.004678620834485565, 0.005540531217686177, 0.00678428150336439, 0.0, 0.00520525085829431]",,0.03574697077790867,0.04030978155825509,5.0,1.96,nan,known-logging,sieve,frozen,neural-fore,known-uniform,0.8,1.0,0.0,0.02,0.0
10000,6070557,1000000,-0.3170054884673674,-0.31881141963838,-0.34239787681678047,-0.0018059311710125758,-0.025392388349413042,0.036377736825055663,-0.4136982409938896,-0.27109751263967136,1.0,0.1426007283542182,0.007752858783749008,0.002425315915397647,0.0030122077115029566,13.058255740722254,17.461474838033254,6717.95788627345,260.0,0.0020453837983767246,23.722211783799867,1.0,0.0,nan,nan,6.202,0.04049820228633198,0.2024075616857523,0.1983504763319833,0.0,"[300, 300, 300, 100, 300]","[0.001390422119173432, 0.0026330240000355318, 0.0, 0.0032496445645759605, 0.002953828308098697]",,0.036377736825055663,0.050148352419067996,5.0,1.96,nan,known-logging,sieve,frozen,neural-fore,known-uniform,0.8,1.0,0.0,0.02,0.0
10000,6170560,1000000,-0.3170054884673674,-0.31030729460808987,-0.3161507808511112,0.006698193859277557,0.0008547076162562228,0.035854509378010005,-0.3864256192320108,-0.2458759424702116,1.0,0.14054967676179922,0.008218418382089428,0.002425315915397647,0.0030122077115029566,13.187920081743046,16.299913187728475,6734.1133205024225,220.0,0.003775777472619233,21.337228791399685,1.0,0.0,nan,nan,8.2,0.04019153344234471,0.198729245966014,0.1990874682990954,0.0,"[300, 300, 100, 100, 300]","[0.0015045433161368492, 7.379670886287286e-05, 0.006359970112544528, 0.008493935354615373, 0.0024466418709365406]",,0.035854509378010005,0.03661397111583916,5.0,1.96,nan,known-logging,sieve,frozen,neural-fore,known-uniform,0.8,1.0,0.0,0.02,0.0
10000,6270563,1000000,-0.3170054884673674,-0.3086330468423011,-0.31505557151792535,0.00837244162506634,0.0019499169494420765,0.036035626367684134,-0.38568539919858624,-0.24442574383726445,1.0,0.14125965536132182,0.006104018134284871,0.002425315915397647,0.0030122077115029566,13.598648727180214,15.457898890483092,6583.407426998154,260.0,0.0017269936466531143,23.5232535835974,1.0,0.0,nan,nan,2.008,0.04049963243163976,0.2002903939927636,0.2011733084608483,0.0,"[300, 300, 100, 300, 300]","[0.0, 0.0, 0.005787204302782954, 0.0, 0.0028477639304826177]",,0.036035626367684134,0.026578307150423336,5.0,1.96,nan,known-logging,sieve,frozen,neural-fore,known-uniform,0.8,1.0,0.0,0.02,0.0
10000,6370566,1000000,-0.3170054884673674,-0.31373637143654703,-0.3305295500800063,0.00326911703082039,-0.01352406161263886,0.03581731670482299,-0.40073149082145937,-0.2603276093385532,1.0,0.14040388148290614,0.00704388343680263,0.002425315915397647,0.0030122077115029566,13.160083707766834,15.39104210506839,6816.737298133608,220.0,0.0026083996937335944,21.09724437499972,1.0,0.0,nan,nan,4.204,0.04064954436151888,0.20255613557726027,0.20076248368996064,0.0,"[300, 300, 100, 300, 100]","[0.0, 0.0014482009849337205, 0.001991192636199155, 0.004306863237014565, 0.005295741610520531]",,0.03581731670482299,0.020410043235224905,5.0,1.96,nan,known-logging,sieve,frozen,neural-fore,known-uniform,0.8,1.0,0.0,0.02,0.0
10000,6470569,1000000,-0.3170054884673674,-0.31557514322950037,-0.36503225212002083,0.001430345237867059,-0.048026763652653404,0.03624799643301177,-0.4360783251287239,-0.29398617911131775,1.0,0.14209214601740613,0.005859548620934373,0.002425315915397647,0.0030122077115029566,13.422032523474158,15.483403173124447,6667.936937075566,300.0,0.0034391999440892577,25.312863799599292,1.0,0.0,nan,nan,8.2,0.04159692102258784,0.2062412601768097,0.20097772109591064,0.0,"[300, 300, 300, 300, 300]","[0.0024973984626998915, 0.006134187363234748, 0.0, 0.004579295007519153, 0.003985118886992498]",,0.03624799643301177,0.024785768438756475,5.0,1.96,nan,known-logging,sieve,frozen,neural-fore,known-uniform,0.8,1.0,0.0,0.02,0.0
10000,6570572,1000000,-0.3170054884673674,-0.31501242643939237,-0.32423196880197386,0.0019930620279750566,-0.007226480334606433,0.03539826931493209,-0.39361257665924076,-0.25485136094470695,1.0,0.1387612157145338,0.006489117786881167,0.002425315915397647,0.0030122077115029566,12.745105284280786,15.783967208723565,6850.824302627377,220.0,0.0029211518184887354,22.64431574120099,1.0,0.0,nan,nan,6.202,0.03972780852801182,0.20093948217589563,0.1998639189301084,0.0,"[100, 100, 300, 300, 300]","[0.006260693410093792, 0.008345065682349885, 0.0, 0.0, 0.0]",,0.03539826931493209,0.0386167484755223,5.0,1.96,nan,known-logging,sieve,frozen,neural-fore,known-uniform,0.8,1.0,0.0,0.02,0.0
10000,6670575,1000000,-0.3170054884673674,-0.3068630221265503,-0.2696340630668037,0.010142466340817113,0.047371425400563716,0.03477065448621628,-0.3377845458597876,-0.2014835802738198,1.0,0.13630096558596783,0.007977927834592394,0.002425315915397647,0.0030122077115029566,11.986877072505536,14.39247065230529,6976.68199665339,220.0,0.002431348662139849,23.371224742001505,1.0,0.0,nan,nan,4.204,0.03984050062136754,0.20033204960353457,0.19864788831185903,0.0,"[100, 300, 300, 300, 100]","[0.007647707987050088, 0.0, 0.0019734826657199075, 0.0, 0.002535552657929248]",,0.03477065448621628,0.04204986224302725,5.0,1.96,nan,known-logging,sieve,frozen,neural-fore,known-uniform,0.8,1.0,0.0,0.02,0.0
10000,6770578,1000000,-0.3170054884673674,-0.3189583727492076,-0.3303821050406569,-0.0019528842818401504,-0.01337661657328948,0.03585312603803103,-0.40065423207519774,-0.26010997800611607,1.0,0.14054425406908164,0.005290086207284506,0.002425315915397647,0.0030122077115029566,13.579374795336578,16.555285508350263,6689.055753899985,220.0,0.0022829489784303757,23.26672228399766,1.0,0.0,nan,nan,4.006000000000001,0.0409484645506694,0.2014258821220168,0.2032579231429586,0.0,"[300, 300, 300, 100, 100]","[0.0, 0.0015363988101252048, 0.0, 0.005520023610628151, 0.004358322471398521]",,0.03585312603803103,0.05569407590164272,5.0,1.96,nan,known-logging,sieve,frozen,neural-fore,known-uniform,0.8,1.0,0.0,0.02,0.0
10000,6870581,1000000,-0.3170054884673674,-0.29913550288552276,-0.26050770376471066,0.01786998558184466,0.05649778470265676,0.03501319831551028,-0.3291335724631108,-0.1918818350663105,1.0,0.1372517373968003,0.008454531786023591,0.002425315915397647,0.0030122077115029566,12.837871739060956,14.911265189609802,6761.776941864003,220.0,0.0019676669298118767,24.567992158398557,1.0,0.0,nan,nan,4.204,0.04033225098876765,0.20058704983201564,0.2025747856536791,0.0,"[100, 300, 300, 300, 100]","[0.0029851261288136406, 0.0, 0.0, 0.0, 0.006853208520245743]",,0.03501319831551028,0.038320523647781615,5.0,1.96,nan,known-logging,sieve,frozen,neural-fore,known-uniform,0.8,1.0,0.0,0.02,0.0
10000,6970584,1000000,-0.3170054884673674,-0.31209619654617343,-0.3418808668957347,0.004909291921193992,-0.02487537842836729,0.03621923435207294,-0.41287056622579765,-0.2708911675656718,1.0,0.14197939866012593,0.0065215220404418045,0.002425315915397647,0.0030122077115029566,12.709304133423997,15.52383933106816,6676.196428230444,300.0,0.0023451593258652947,26.159784683599717,1.0,0.0,nan,nan,6.4,0.0402889588597473,0.20058657224588625,0.19967760222432956,0.0,"[300, 300, 300, 300, 300]","[0.0013436708023441078, 0.008035854095285608, 0.0, 0.0, 0.0023462717316967575]",,0.03621923435207294,0.00892286967949817,5.0,1.96,nan,known-logging,sieve,frozen,neural-fore,known-uniform,0.8,1.0,0.0,0.02,0.0
10000,7070587,1000000,-0.3170054884673674,-0.3038712557925154,-0.3198222869580946,0.013134232674852031,-0.0028167984907271904,0.03615396598332685,-0.39068406028541525,-0.24896051363077398,1.0,0.14172354665464124,0.005706027309097848,0.002425315915397647,0.0030122077115029566,13.107478541057114,16.6856793894172,6774.1218662101055,220.0,0.00361663497389951,23.016301908799505,1.0,0.0,nan,nan,2.206,0.04046299523505368,0.20190947819849248,0.20144223407833078,0.0,"[300, 300, 100, 300, 100]","[0.0019958716037878736, 0.0, 0.00781763977406302, 0.0, 0.00826966349164666]",,0.03615396598332685,0.03816961446309512,5.0,1.96,nan,known-logging,sieve,frozen,neural-fore,known-uniform,0.8,1.0,0.0,0.02,0.0
10000,7170590,1000000,-0.3170054884673674,-0.3240522501995738,-0.3764815193944335,-0.007046761732206364,-0.05947603092706605,0.03625329469048483,-0.44753797698778375,-0.3054250618010832,1.0,0.14211291518670052,0.005438573615763339,0.002425315915397647,0.0030122077115029566,13.101366672624799,21.73777595809003,6664.730137695369,300.0,0.0013134612583131926,26.931062192000535,1.0,0.0,nan,nan,0.406,0.04043688809758385,0.20019270825751673,0.20090642173544143,0.0,"[300, 300, 300, 300, 300]","[0.0009225247434320807, 0.0038392684438277387, 1.3572432466486394e-05, 0.0017919406718396582, 0.0]",,0.03625329469048483,0.04497122747627615,5.0,1.96,nan,known-logging,sieve,frozen,neural-fore,known-uniform,0.8,1.0,0.0,0.02,0.0
10000,7270593,1000000,-0.3170054884673674,-0.3099425191693758,-0.27404389157238934,0.007062969297991606,0.04296159689497808,0.03493458231769552,-0.34251567291507257,-0.20557211022970612,1.0,0.13694356268536645,0.006815284854872924,0.002425315915397647,0.0030122077115029566,12.694811249342633,15.01329190957178,6815.372034052205,260.0,0.0016966361292216742,25.297618275599962,1.0,0.0,nan,nan,4.2219999999999995,0.040336937226786926,0.20269815006889388,0.19975378943366762,0.0,"[300, 300, 100, 300, 300]","[0.0, 0.0, 0.008483180646108372, 0.0, 0.0]",,0.03493458231769552,0.02110407664503271,5.0,1.96,nan,known-logging,sieve,frozen,neural-fore,known-uniform,0.8,1.0,0.0,0.02,0.0
10000,7370596,1000000,-0.3170054884673674,-0.31265290377153826,-0.27115702098452654,0.004352584695829165,0.04584846748284088,0.03467493344833873,-0.33911989054327046,-0.20319415142578262,1.0,0.13592573911748781,0.006400163691484448,0.002425315915397647,0.0030122077115029566,12.334346750019128,15.83542255175112,6902.722654553381,220.0,0.003464160202154132,22.231278291200578,1.0,0.0,nan,nan,4.2219999999999995,0.03936769834977065,0.19801828153543977,0.19719072216455807,0.0,"[300, 300, 100, 300, 100]","[0.0, 0.0063850151535989295, 0.004896474858282521, 0.0006419769464135832, 0.005397334052475625]",,0.03467493344833873,0.039173751903204115,5.0,1.96,nan,known-logging,sieve,frozen,neural-fore,known-uniform,0.8,1.0,0.0,0.02,0.0
10000,7470599,1000000,-0.3170054884673674,-0.3049063075467544,-0.30879918459739686,0.012099180920613017,0.008206303869970566,0.03573556055600787,-0.3788408832871723,-0.23875748590762141,1.0,0.14008339737955086,0.006646629868096265,0.002425315915397647,0.0030122077115029566,12.210435601138773,13.532517653239461,6831.97925890337,180.0,0.004481937042738297,20.837760858399996,1.0,0.0,nan,nan,2.8,0.04010959117986178,0.20140083904041192,0.19874219277213437,0.0,"[100, 100, 300, 100, 300]","[0.0112142589222592, 0.006130216411511809, 0.00021105843770668917, 0.004854151442213788, 0.0]",,0.03573556055600787,0.03679888310097836,5.0,1.96,nan,known-logging,sieve,frozen,neural-fore,known-uniform,0.8,1.0,0.0,0.02,0.0
10000,7570602,1000000,-0.3170054884673674,-0.31379001989687966,-0.27401283969105894,0.0032154685704877672,0.042992648776308484,0.034768376643599594,-0.34215885791251416,-0.20586682146960372,1.0,0.1362920364429104,0.007807250714716184,0.002425315915397647,0.0030122077115029566,12.755878791756945,19.17554867616338,6794.715577836384,220.0,0.0019224855388335995,22.74838151659933,1.0,0.0,nan,nan,6.220000000000001,0.039356654825610946,0.19852175502241376,0.19857030009631163,0.0,"[100, 300, 100, 300, 300]","[0.004474294539381949, 0.0, 0.0015050990118703547, 0.00015506410066965653, 0.003477970042246037]",,0.034768376643599594,0.03762743373819845,5.0,1.96,nan,known-logging,sieve,frozen,neural-fore,known-uniform,0.8,1.0,0.0,0.02,0.0
10000,7670605,1000000,-0.3170054884673674,-0.3158042807662964,-0.3289926276623525,0.0012012077010710165,-0.011987139194985064,0.03645688125686601,-0.4004481149258099,-0.2575371403988951,1.0,0.14291097452691476,0.006344428627229973,0.002425315915397647,0.0030122077115029566,13.640590830301493,19.21998799059223,6614.606785660547,300.0,0.0020479164130694115,26.548092474800796,1.0,0.0,nan,nan,2.404,0.041146935326769093,0.20474725794258233,0.20299517526652172,0.0,"[300, 300, 300, 300, 300]","[0.0, 0.0, 0.006205120403628422, 0.004034461661718636, 0.0]",,0.03645688125686601,0.08382873834374528,5.0,1.96,nan,known-logging,sieve,frozen,neural-fore,known-uniform,0.8,1.0,0.0,0.02,0.0
10000,7770608,1000000,-0.3170054884673674,-0.30086671302760176,-0.3635220496220256,0.016138775439765662,-0.04651656115465819,0.036812235454850545,-0.43567403111353264,-0.2913700681305186,1.0,0.14430396298301412,0.00542450367189491,0.002425315915397647,0.0030122077115029566,14.056719423802717,21.649277571328387,6647.630230829532,300.0,0.001700175711625649,26.365368741799465,1.0,0.0,nan,nan,6.004,0.04162622883641624,0.20306027120794362,0.2033397080258999,0.0,"[300, 300, 300, 300, 300]","[0.002775633087345528, 0.00048060539152561157, 0.005244640079257104, 0.0, 0.0]",,0.036812235454850545,0.024266700532740732,5.0,1.96,nan,known-logging,sieve,frozen,neural-fore,known-uniform,0.8,1.0,0.0,0.02,0.0
10000,7870611,1000000,-0.3170054884673674,-0.3059671134920436,-0.2979369670078853,0.01103837497532384,0.019068521459482124,0.03546104139614469,-0.3674406081443289,-0.22843332587144172,1.0,0.1390072822728872,0.006285814583354734,0.002425315915397647,0.0030122077115029566,12.87890492326688,14.314216869387721,6730.34655696499,220.0,0.003490593602424993,22.70247046679797,1.0,0.0,nan,nan,4.006,0.040323183670058944,0.20072622917975408,0.2017882881886539,0.0,"[300, 300, 300, 100, 100]","[0.003082762626218373, 0.0005315617384041617, 0.0016499497349860366, 0.009480240591686208, 0.0027084533208301836]",,0.03546104139614469,0.03074962486903294,5.0,1.96,nan,known-logging,sieve,frozen,neural-fore,known-uniform,0.8,1.0,0.0,0.02,0.0
10000,7970614,1000000,-0.3170054884673674,-0.31663719056834977,-0.32572843936999935,0.00036829789901765553,-0.00872295090263192,0.03592663252974834,-0.3961446391283061,-0.2553122396116926,1.0,0.1408323995166135,0.006771505996537237,0.002425315915397647,0.0030122077115029566,12.750336840610133,14.341321874221212,6759.960643873345,260.0,0.0018767584070336352,24.55209109199932,1.0,0.0,nan,nan,4.204,0.03940711171986862,0.19798943776713662,0.19746958350858915,0.0,"[300, 300, 300, 300, 100]","[0.0, 0.0, 0.002743579682586117, 0.0, 0.0066402123525820585]",,0.03592663252974834,0.03688095747599151,5.0,1.96,nan,known-logging,sieve,frozen,neural-fore,known-uniform,0.8,1.0,0.0,0.02,0.0
10000,8070617,1000000,-0.3170054884673674,-0.2990854803908789,-0.28824080619785536,0.017920008076488525,0.028764682269512065,0.03601672041652362,-0.35883357821424167,-0.21764803418146905,1.0,0.14118554403277261,0.006748961553865189,0.002425315915397647,0.0030122077115029566,13.983581726377158,17.03524148968425,6672.053906988258,300.0,0.003778825434956278,26.079020358001436,1.0,0.0,nan,nan,0.40599999999999997,0.040921577128199035,0.2017901338542616,0.2004023273117912,0.0,"[300, 300, 300, 300, 300]","[0.0, 0.006611017415885798, 0.008827077765530524, 0.0006329225271029565, 0.0028231094662621125]",,0.03601672041652362,0.038573803322226055,5.0,1.96,nan,known-logging,sieve,frozen,neural-fore,known-uniform,0.8,1.0,0.0,0.02,0.0
10000,8170620,1000000,-0.3170054884673674,-0.30734147954844043,-0.2670911063958792,0.009664008918926992,0.04991438207148824,0.035357874011079565,-0.3363925394575951,-0.19778967333416325,1.0,0.1386028661234319,0.008073368596051825,0.002425315915397647,0.0030122077115029566,13.701280099130642,18.763456369412953,6738.518302956398,260.0,0.0008869449471664563,22.933602498999242,1.0,0.0,nan,nan,4.204,0.04010525142921213,0.19920485550336736,0.20152678743524044,0.0,"[300, 300, 300, 300, 100]","[0.0, 6.109560111814854e-05, 0.0012303510827374308, 0.0, 0.0031432780519767027]",,0.035357874011079565,0.03125900081130545,5.0,1.96,nan,known-logging,sieve,frozen,neural-fore,known-uniform,0.8,1.0,0.0,0.02,0.0
10000,8270623,1000000,-0.3170054884673674,-0.30409674745210996,-0.3675851355780692,0.012908741015257463,-0.050579647110701786,0.03692504694763295,-0.4399582275954298,-0.2952120435607086,1.0,0.14474618403472114,0.0068940254226826266,0.002425315915397647,0.0030122077115029566,13.517035277857378,17.334761738690926,6610.963052714166,260.0,0.001687547775049842,23.049195091999717,1.0,0.0,nan,nan,2.404,0.040715243576236355,0.20011951664879227,0.20242955175210026,0.0,"[300, 300, 300, 300, 100]","[0.0, 0.0005095805538785685, 0.0, 0.004183422922048796, 0.0037447353993218463]",,0.03692504694763295,0.05499037814608252,5.0,1.96,nan,known-logging,sieve,frozen,neural-fore,known-uniform,0.8,1.0,0.0,0.02,0.0
10000,8370626,1000000,-0.3170054884673674,-0.31852983826381964,-0.3014902931338129,-0.001524349796452218,0.015515195333554499,0.035088693374945856,-0.3702641321487068,-0.23271645411891906,1.0,0.13754767802978776,0.006202462441533618,0.002425315915397647,0.0030122077115029566,12.63130791743839,17.347786861310848,6724.096710897224,220.0,0.0034526002419600814,21.27431159960033,1.0,0.0,nan,nan,6.202,0.03997765474534559,0.19958684371968466,0.19758007176912998,0.0,"[300, 100, 300, 300, 100]","[0.0, 0.01065956131783002, 0.0, 0.0, 0.006603439891970385]",,0.035088693374945856,0.03170729255450115,5.0,1.96,nan,known-logging,sieve,frozen,neural-fore,known-uniform,0.8,1.0,0.0,0.02,0.0
10000,8470629,1000000,-0.3170054884673674,-0.3148420871238736,-0.310964207824741,0.002163401343493798,0.006041280642626434,0.035492837691531845,-0.3805301697001434,-0.24139824594933856,1.0,0.13913192375080483,0.006939710407167891,0.002425315915397647,0.0030122077115029566,12.429336100160905,19.295024445122195,6868.7829147001,140.0,0.0057579322788195745,18.552673850399877,1.0,0.0,nan,nan,6.202,0.04020000936060539,0.19927047583135032,0.2018824656404179,0.0,"[100, 100, 100, 300, 100]","[0.007369591536403992, 0.0038805748835704875, 0.009396284541380702, 0.002373250678145833, 0.005769959754596863]",,0.035492837691531845,0.030661670315401825,5.0,1.96,nan,known-logging,sieve,frozen,neural-fore,known-uniform,0.8,1.0,0.0,0.02,0.0
10000,8570632,1000000,-0.3170054884673674,-0.31947700186269157,-0.3906988676398366,-0.002471513395324143,-0.07369337917246915,0.036486633876544154,-0.46221267003786315,-0.31918506524181,0.0,0.1430276047960531,0.007463305890088944,0.002425315915397647,0.0030122077115029566,12.891629536757453,16.766604138166766,6787.541179850882,140.0,0.004341541270281681,18.49324554139821,0.9999999999999998,0.0,nan,nan,2.206,0.03950550001650323,0.1987002594802892,0.19742035251930307,0.0,"[100, 100, 300, 100, 100]","[0.004390371911237537, 0.006228518723758137, 0.0, 0.006555341709046485, 0.004533474007366242]",,0.036486633876544154,0.03040337679687185,5.0,1.96,nan,known-logging,sieve,frozen,neural-fore,known-uniform,0.8,1.0,0.0,0.02,0.0
10000,8670635,1000000,-0.3170054884673674,-0.3133195108558155,-0.34612308420466686,0.003685977611551927,-0.02911759573729944,0.03613392214825045,-0.41694557161523776,-0.27530059679409596,1.0,0.14164497482114177,0.006249541332156466,0.002425315915397647,0.0030122077115029566,13.340332617453264,17.186001265220284,6774.303599363082,220.0,0.0016693143840172734,22.15064889179994,1.0,0.0,nan,nan,6.202,0.04073981632158782,0.1998155759402396,0.20278340405524245,0.0,"[300, 100, 300, 300, 100]","[0.0, 0.00420099082796813, 0.002487985515789024, 0.0, 0.0016575955763292126]",,0.03613392214825045,0.037323618687968706,5.0,1.96,nan,known-logging,sieve,frozen,neural-fore,known-uniform,0.8,1.0,0.0,0.02,0.0
10000,8770638,1000000,-0.3170054884673674,-0.3174844779013568,-0.3361270088253863,-0.0004789894339893852,-0.019121520358018895,0.03551932128518767,-0.40574487854435415,-0.2665091391064185,1.0,0.13923573943793566,0.00778512327039435,0.002425315915397647,0.0030122077115029566,12.95671240627063,20.035757451398425,6759.9729140762365,260.0,0.0015055533057079012,23.441684149600043,1.0,0.0,nan,nan,4.006,0.04005277897907204,0.19705465647158615,0.2038782524984682,0.0,"[100, 300, 300, 300, 300]","[0.005796610591174346, 0.0, 0.0015038794187535462, 0.00022727651861161364, 0.0]",,0.03551932128518767,0.0294380420729333,5.0,1.96,nan,known-logging,sieve,frozen,neural-fore,known-uniform,0.8,1.0,0.0,0.02,0.0
10000,8870641,1000000,-0.3170054884673674,-0.31213381141704966,-0.2696820137269826,0.004871677050317769,0.04732347474038484,0.03484088369528458,-0.3379701457697404,-0.20139388168422478,1.0,0.13657626408551557,0.006019952855735175,0.002425315915397647,0.0030122077115029566,12.272031337868617,17.029687208829284,6841.704564049924,260.0,0.0019075826472908005,24.06924037459903,1.0,0.0,nan,nan,4.401999999999999,0.04013107178008053,0.20157427349906368,0.19857724612244984,0.0,"[300, 300, 100, 300, 300]","[0.0, 0.0, 0.005845084011440867, 0.0036928292250131356, 0.0]",,0.03484088369528458,0.03858594225568986,5.0,1.96,nan,known-logging,sieve,frozen,neural-fore,known-uniform,0.8,1.0,0.0,0.02,0.0
10000,8970644,1000000,-0.3170054884673674,-0.3127153734441465,-0.34404307091157565,0.004290115023220908,-0.02703758244420823,0.03582506351863397,-0.4142601954080982,-0.2738259464150531,1.0,0.14043424899304519,0.0054254291308009975,0.002425315915397647,0.0030122077115029566,12.31574950432097,13.891961498395496,6845.817898097222,220.0,0.003950177550872865,21.486135108001328,1.0,0.0,nan,nan,0.406,0.04008394910154459,0.20020839180395966,0.19901022095239307,0.0,"[300, 100, 300, 100, 300]","[0.0, 0.001898836680345186, 0.007312562733428484, 0.007523517404440281, 0.0030159709361503714]",,0.03582506351863397,0.047497517725621705,5.0,1.96,nan,known-logging,sieve,frozen,neural-fore,known-uniform,0.8,1.0,0.0,0.02,0.0
10000,9070647,1000000,-0.3170054884673674,-0.3113495562473433,-0.34033334783255925,0.00565593222002414,-0.023327859365191828,0.03674717102453557,-0.41235780304064895,-0.26830889262446955,1.0,0.14404891041617943,0.007181078020107012,0.002425315915397647,0.0030122077115029566,14.531316729844821,21.668578570307268,6588.131551617541,260.0,0.002866559898364766,23.245795950199682,1.0,0.0,nan,nan,6.004,0.03991569330445581,0.19791616074446677,0.20169669211423039,0.0,"[300, 300, 100, 300, 300]","[0.0032589549401399434, 0.005824754050365126, 0.0052490905013187605, 0.0, 0.0]",,0.03674717102453557,0.039137005654867926,5.0,1.96,nan,known-logging,sieve,frozen,neural-fore,known-uniform,0.8,1.0,0.0,0.02,0.0
10000,9170650,1000000,-0.3170054884673674,-0.32039541965706375,-0.36845297766013246,-0.003389931189696327,-0.05144748919276504,0.03659257442174773,-0.440174423526758,-0.2967315317935069,1.0,0.1434428917332511,0.006821341087791281,0.002425315915397647,0.0030122077115029566,13.987507190990803,16.6990225605449,6588.840623152686,300.0,0.0022449037715005643,24.641445299601763,1.0,0.0,nan,nan,6.4,0.03960562927868301,0.19467309739618374,0.20344000820002664,0.0,"[300, 300, 300, 300, 300]","[0.0008325681249526563, 0.005622792302328616, 0.0007235054791072962, 0.0, 0.004045652951114252]",,0.03659257442174773,0.029107921029530453,5.0,1.96,nan,known-logging,sieve,frozen,neural-fore,known-uniform,0.8,1.0,0.0,0.02,0.0
10000,9270653,1000000,-0.3170054884673674,-0.312751907175491,-0.2980876002760761,0.004253581291876418,0.01891788819129131,0.035224844569908195,-0.3671282956330962,-0.22904690491905605,1.0,0.13808139071404013,0.007574288191152104,0.002425315915397647,0.0030122077115029566,13.133406236430469,15.23815062370484,6730.386888829727,300.0,0.0009204751766447595,25.05687091679938,1.0,0.0,nan,nan,0.406,0.03863131946132438,0.19657111483819475,0.19531754945241975,0.0,"[300, 300, 300, 300, 300]","[0.001741622068957397, 0.0028607538142664006, 0.0, 0.0, 0.0]",,0.035224844569908195,0.037172570463587525,5.0,1.96,nan,known-logging,sieve,frozen,neural-fore,known-uniform,0.8,1.0,0.0,0.02,0.0
10000,9370656,1000000,-0.3170054884673674,-0.3235018575938953,-0.30299367362303514,-0.006496369126527901,0.014011814844332282,0.034826473496208335,-0.37125356167560347,-0.2347337855704668,1.0,0.13651977610513666,0.006753621440131792,0.002425315915397647,0.0030122077115029566,12.569792919281339,14.279945231711919,6787.188389351359,300.0,0.0029969109635339924,23.666400883599273,1.0,0.0,nan,nan,4.222,0.040895857537897005,0.20301065307772367,0.2003538480114647,0.0,"[300, 300, 300, 300, 300]","[0.00313791092466017, 0.0, 0.009622085756256444, 0.00035519660565605884, 0.0018693615310972894]",,0.034826473496208335,0.04708235328743644,5.0,1.96,nan,known-logging,sieve,frozen,neural-fore,known-uniform,0.8,1.0,0.0,0.02,0.0
10000,9470659,1000000,-0.3170054884673674,-0.3092278631361787,-0.3631283397579552,0.007777625331188698,-0.046122851290587796,0.0364694881869052,-0.43460853660428944,-0.291648142911621,1.0,0.14296039369266839,0.007306054281383189,0.002425315915397647,0.0030122077115029566,13.385667489051514,19.041373368164766,6724.92662435638,260.0,0.001601560255741164,23.014534441801516,1.0,0.0,nan,nan,0.8019999999999999,0.040391599172344556,0.20103710155763554,0.20044224716173828,0.0,"[300, 300, 300, 100, 300]","[0.0, 0.0006434678386562384, 0.0, 0.0073643334400495825, 0.0]",,0.0364694881869052,0.030719343362585434,5.0,1.96,nan,known-logging,sieve,frozen,neural-fore,known-uniform,0.8,1.0,0.0,0.02,0.0
10000,9570662,1000000,-0.3170054884673674,-0.31998669765950744,-0.357298369550803,-0.002981209192140011,-0.040292881083435594,0.036135864212156504,-0.42812466340662975,-0.2864720756949763,1.0,0.14165258771165348,0.008917133623863371,0.002425315915397647,0.0030122077115029566,13.479537168129625,17.179096725520107,6736.776893535335,260.0,0.0015079125436758504,23.354257974800568,1.0,0.0,nan,nan,4.204,0.04013720998067205,0.19877330562074852,0.20322024173334863,0.0,"[300, 300, 300, 100, 300]","[0.0, 0.0, 0.0012750632210152008, 0.006264499497364051, 0.0]",,0.036135864212156504,0.01978786210782356,5.0,1.96,nan,known-logging,sieve,frozen,neural-fore,known-uniform,0.8,1.0,0.0,0.02,0.0
10000,9670665,1000000,-0.3170054884673674,-0.3071681732860501,-0.2639790475285505,0.009837315181317308,0.05302644093881692,0.03511072052372908,-0.3327960597550595,-0.19516203530204151,1.0,0.13763402445301798,0.0056838210306707285,0.002425315915397647,0.0030122077115029566,12.64506971181221,15.495059570697668,6831.351619628961,260.0,0.002763103782127,23.31815870040227,1.0,0.0,nan,nan,4.6,0.040377144858471305,0.20247921417681752,0.2000177311141289,0.0,"[300, 100, 300, 300, 300]","[0.0, 0.007757462358818413, 0.006058056551816587, 0.0, 0.0]",,0.03511072052372908,0.03553235619620848,5.0,1.96,nan,known-logging,sieve,frozen,neural-fore,known-uniform,0.8,1.0,0.0,0.02,0.0
10000,9770668,1000000,-0.3170054884673674,-0.31037899536845287,-0.34594303458770614,0.006626493098914554,-0.02893754612033872,0.036249901211641525,-0.41699284096252354,-0.27489322821288875,1.0,0.14209961274963478,0.004840409581842673,0.002425315915397647,0.0030122077115029566,13.009865155572603,14.581769222775284,6768.848312695841,260.0,0.0014122116955530876,22.70795559219987,1.0,0.0,nan,nan,2.404,0.040225078421522606,0.20265009705232137,0.19976424789671562,0.0,"[300, 300, 300, 300, 100]","[0.0, 0.0, 0.0008605703802089533, 0.0009005585658169841, 0.005299929531739501]",,0.036249901211641525,0.01099486657978222,5.0,1.96,nan,known-logging,sieve,frozen,neural-fore,known-uniform,0.8,1.0,0.0,0.02,0.0
10000,9870671,1000000,-0.3170054884673674,-0.310558899857629,-0.3105853131804731,0.006446588609738402,0.006420175286894314,0.03594131848015533,-0.38103029740157757,-0.24014032895936865,1.0,0.1408899684422089,0.006285217940942273,0.002425315915397647,0.0030122077115029566,13.337279794763093,14.688385645416567,6650.061337561931,260.0,0.002145922449464425,22.84018642459923,1.0000000000000002,0.0,nan,nan,0.01,0.04035664562125717,0.20320987874593244,0.19836079664315812,0.0,"[300, 300, 100, 300, 300]","[0.0023900148485556678, 0.0, 0.0062599948286651465, 0.0, 0.0020796025701013115]",,0.03594131848015533,0.023709354345239516,5.0,1.96,nan,known-logging,sieve,frozen,neural-fore,known-uniform,0.8,1.0,0.0,0.02,0.0
10000,9970674,1000000,-0.3170054884673674,-0.31944781618133566,-0.34153774633116624,-0.0024423277139682398,-0.024532257863798812,0.03622422133975344,-0.412537220157083,-0.2705382725052495,1.0,0.1419989476518335,0.006914473131832688,0.002425315915397647,0.0030122077115029566,13.135059809330926,17.26615502352252,6685.369098765206,300.0,0.004627908327014057,24.905069533801726,1.0,0.0,nan,nan,4.006,0.04117256322825077,0.20282833224268884,0.203278588038672,0.0,"[300, 300, 300, 300, 300]","[0.0, 0.0010330012198183508, 0.00656193047426183, 0.008518778809645834, 0.00702583113134427]",,0.03622422133975344,0.03574440003312104,5.0,1.96,nan,known-logging,sieve,frozen,neural-fore,known-uniform,0.8,1.0,0.0,0.02,0.0
10000,10070677,1000000,-0.3170054884673674,-0.31431431566417917,-0.3702526028218226,0.0026911728031882576,-0.05324711435445517,0.036596547165592755,-0.4419818352663844,-0.2985233703772608,1.0,0.1434584648891236,0.006953374796558477,0.002425315915397647,0.0030122077115029566,12.827792550633779,15.052635191252277,6737.384150668549,220.0,0.0021580935029800914,22.063375400002407,1.0000000000000002,0.0,nan,nan,6.004,0.04018504652788473,0.19917550163520756,0.2020383857697666,0.0,"[300, 100, 300, 100, 300]","[0.0, 0.003428118259083258, 0.004140614763555475, 0.003221734492261725, 0.0]",,0.036596547165592755,0.04127640760707445,5.0,1.96,nan,known-logging,sieve,frozen,neural-fore,known-uniform,0.8,1.0,0.0,0.02,0.0
10000,10170680,1000000,-0.3170054884673674,-0.31300086530795185,-0.28325893382931894,0.004004623159415577,0.03374655463804849,0.035086034015495426,-0.35202756049969,-0.2144903071589479,1.0,0.13753725334074207,0.006816821315799482,0.002425315915397647,0.0030122077115029566,12.334080061543718,13.1571328210149,6820.32998788674,260.0,0.002756058971450952,22.820597358799567,1.0,0.0,nan,nan,0.406,0.04060507723047316,0.20074155543910996,0.2011317103129513,0.0,"[300, 300, 300, 300, 100]","[0.0, 0.0052416070805052836, 0.001971303501802402, 0.0, 0.006567384274947072]",,0.035086034015495426,0.059048539149839756,5.0,1.96,nan,known-logging,sieve,frozen,neural-fore,known-uniform,0.8,1.0,0.0,0.02,0.0
10000,10270683,1000000,-0.3170054884673674,-0.3069090623899489,-0.3075696666844672,0.010096426077418508,0.0094358217829002,0.03604295282254214,-0.3782138542166498,-0.23692547915228462,1.0,0.1412883750643652,0.0093491693893451,0.002425315915397647,0.0030122077115029566,13.17789060912283,14.75496640261017,6653.843712634747,260.0,0.002096566787256471,23.40003603340083,1.0,0.0,nan,nan,0.406,0.04065368634714555,0.19781440324158306,0.20393235570631277,0.0,"[300, 300, 100, 300, 300]","[0.0, 0.0, 0.008682320257094872, 0.0, 0.0018005136791874841]",,0.03604295282254214,0.02968141257249962,5.0,1.96,nan,known-logging,sieve,frozen,neural-fore,known-uniform,0.8,1.0,0.0,0.02,0.0
10000,10370686,1000000,-0.3170054884673674,-0.3186556310272348,-0.2782130233762775,-0.0016501425598673958,0.03879246509108991,0.03489848331580505,-0.3466140506752554,-0.2098119960772996,1.0,0.1368020545979558,0.00607527030992047,0.002425315915397647,0.0030122077115029566,13.591583391078151,17.265079987094353,6725.969854322876,300.0,0.0007585676149497935,24.59355301620162,1.0,0.0,nan,nan,2.602,0.04039062291255836,0.20146526753056504,0.20071323668788826,0.0,"[300, 300, 300, 300, 300]","[0.003792838074748967, 0.0, 0.0, 0.0, 0.0]",,0.03489848331580505,0.02663112073987131,5.0,1.96,nan,known-logging,sieve,frozen,neural-fore,known-uniform,0.8,1.0,0.0,0.02,0.0
10000,10470689,1000000,-0.3170054884673674,-0.3061955975524409,-0.2439433802065046,0.010809890914926512,0.07306210826086282,0.03436771912676949,-0.3113041096949728,-0.17658265071803642,0.0,0.13472145897693638,0.00521229114060555,0.002425315915397647,0.0030122077115029566,12.777295099481004,20.884464795075196,6828.191506034299,300.0,0.0016989346973470029,25.60989979140286,1.0,0.0,nan,nan,2.008,0.04004867327037027,0.2028097231722561,0.19880358121675606,0.0,"[300, 300, 300, 300, 300]","[0.0, 0.0015363898721542008, 0.0013943666480870447, 0.0, 0.005563916966493769]",,0.03436771912676949,0.014049068390965093,5.0,1.96,nan,known-logging,sieve,frozen,neural-fore,known-uniform,0.8,1.0,0.0,0.02,0.0
10000,10570692,1000000,-0.3170054884673674,-0.3171150910665102,-0.29466932776273247,-0.00010960259914277737,0.022336160704634955,0.03497906256128177,-0.36322829038284477,-0.2261103651426202,1.0,0.13711792524022454,0.009218863528761227,0.002425315915397647,0.0030122077115029566,12.681489115332274,15.72859688256694,6742.501815659667,300.0,0.0032779803547373426,24.706851291598287,1.0,0.0,nan,nan,4.6,0.03878989845119217,0.19494552812068672,0.19805190084140228,0.0,"[300, 300, 300, 300, 300]","[0.002572134409647558, 0.00799969140498338, 0.0010104148454272073, 0.002446527813662473, 0.0023611332999660967]",,0.03497906256128177,0.036434697216305344,5.0,1.96,nan,known-logging,sieve,frozen,neural-fore,known-uniform,0.8,1.0,0.0,0.02,0.0
10000,10670695,1000000,-0.3170054884673674,-0.31500657793469367,-0.3271021815997861,0.001998910532673759,-0.010096693132418677,0.03562598993365036,-0.39692912186974083,-0.2572752413298314,1.0,0.13965388053990943,0.005671589552309878,0.002425315915397647,0.0030122077115029566,13.231309492324167,15.980489488793916,6719.516004246669,260.0,0.0010809859284923603,22.88813150019996,1.0,0.0,nan,nan,4.6,0.04086418062875042,0.20143158288760143,0.2018765691909187,0.0,"[300, 100, 300, 300, 300]","[0.0, 0.005404929642461801, 0.0, 0.0, 0.0]",,0.03562598993365036,0.03396526443720534,5.0,1.96,nan,known-logging,sieve,frozen,neural-fore,known-uniform,0.8,1.0,0.0,0.02,0.0
10000,10770698,1000000,-0.3170054884673674,-0.3066106191646195,-0.28233808080110223,0.010394869302747911,0.03466740766626519,0.03515819787026202,-0.3512481486268158,-0.21342801297538866,1.0,0.13782013565142712,0.009304982036561,0.002425315915397647,0.0030122077115029566,13.05353107666296,20.894380605643487,6786.720585703589,260.0,0.0011652495710652588,22.997880350000923,1.0,0.0,nan,nan,8.001999999999999,0.040589666997553606,0.198221858498454,0.20387939206707464,0.0,"[300, 300, 300, 100, 300]","[0.0, 0.0, 0.0, 0.005826247855326294, 0.0]",,0.03515819787026202,0.036195258079590883,5.0,1.96,nan,known-logging,sieve,frozen,neural-fore,known-uniform,0.8,1.0,0.0,0.02,0.0
10000,10870701,1000000,-0.3170054884673674,-0.30722627470070035,-0.3479514939415383,0.009779213766667072,-0.030946005474170868,0.03650043023169362,-0.4194923371956578,-0.27641065068741877,1.0,0.143081686508239,0.005855564180684095,0.002425315915397647,0.0030122077115029566,13.997300745330993,15.968875151659743,6635.035200686252,220.0,0.0028766152435014754,22.045051000201056,1.0,0.0,nan,nan,6.202,0.04062282380561033,0.20081974511341047,0.20132833316915377,0.0,"[100, 300, 300, 100, 300]","[0.005485552329111798, 0.004843425560863103, 0.0002707896692274441, 0.003783308658305031, 0.0]",,0.03650043023169362,0.03754004533907158,5.0,1.96,nan,known-logging,sieve,frozen,neural-fore,known-uniform,0.8,1.0,0.0,0.02,0.0
10000,10970704,1000000,-0.3170054884673674,-0.3088437451069486,-0.253717978790285,0.008161743360418805,0.06328750967708241,0.035093560075684295,-0.3225013565386262,-0.1849346010419438,1.0,0.13756675549668243,0.007269471356312161,0.002425315915397647,0.0030122077115029566,13.104319620709019,16.22466295603134,6744.562571100061,260.0,0.0026427767892896327,22.42483692460082,1.0,0.0,nan,nan,4.006,0.04069918666410584,0.2040750544535951,0.20034008522903585,0.0,"[300, 100, 300, 300, 300]","[5.976435668557248e-05, 0.007511542893415057, 0.0015726733175851933, 0.0030310063382885276, 0.001038897040473814]",,0.035093560075684295,0.02878962407668742,5.0,1.96,nan,known-logging,sieve,frozen,neural-fore,known-uniform,0.8,1.0,0.0,0.02,0.0
10000,11070707,1000000,-0.3170054884673674,-0.31098693144440226,-0.34852721336484777,0.006018557022965165,-0.03152172489748034,0.03618514932364622,-0.41945010603919436,-0.27760432069050117,1.0,0.1418457853486932,0.0077991425045162415,0.002425315915397647,0.0030122077115029566,13.745816791780383,19.869512073068996,6779.372584434998,300.0,0.0009668159408915477,24.669820908798282,1.0,0.0,nan,nan,4.402,0.040810454181203965,0.2009147733097118,0.20223347488564972,0.0,"[300, 300, 300, 300, 300]","[0.0007078543057009866, 0.002103983914316045, 0.0, 0.0, 0.002022241484440707]",,0.03618514932364622,0.0417850322129095,5.0,1.96,nan,known-logging,sieve,frozen,neural-fore,known-uniform,0.8,1.0,0.0,0.02,0.0
10000,11170710,1000000,-0.3170054884673674,-0.3179785419068945,-0.34353818453787166,-0.0009730534395270829,-0.026532696070504236,0.03594108474619594,-0.4139827106404157,-0.2730936584353276,1.0,0.1408890522050881,0.005814102985450741,0.002425315915397647,0.0030122077115029566,12.475096420196014,16.162498574253075,6878.574926972045,180.0,0.00440431385999103,20.009670032400027,1.0,0.0,nan,nan,4.402,0.03947231682026447,0.19673595029676072,0.20177117701682165,0.0,"[300, 100, 100, 300, 100]","[0.0, 0.008425756948111703, 0.0059596017896086815, 0.0, 0.007636210562234764]",,0.03594108474619594,0.024744736654728712,5.0,1.96,nan,known-logging,sieve,frozen,neural-fore,known-uniform,0.8,1.0,0.0,0.02,0.0
10000,11270713,1000000,-0.3170054884673674,-0.305576819477154,-0.3697931382638615,0.011428668990213442,-0.052787649796494085,0.037629983483306914,-0.44354790589114307,-0.29603837063657995,1.0,0.1475095352545631,0.008574758207770865,0.002425315915397647,0.0030122077115029566,13.84706001979,15.96742397753183,6554.179683291767,300.0,0.00274236274720526,26.325428266601374,1.0,0.0,nan,nan,2.602,0.03979178464165439,0.1991874342732665,0.20155723253254076,0.0,"[300, 300, 300, 300, 300]","[0.00029301776895301163, 0.0022673696292731032, 0.0008095335398149146, 0.0060877290422183825, 0.004254163755766887]",,0.037629983483306914,0.03290520609340151,5.0,1.96,nan,known-logging,sieve,frozen,neural-fore,known-uniform,0.8,1.0,0.0,0.02,0.0
10000,11370716,1000000,-0.3170054884673674,-0.3191201054350773,-0.2717254542219466,-0.0021146169677098703,0.04528003424542082,0.035043969385867846,-0.3404116342182476,-0.20303927422564563,1.0,0.13737235999260194,0.0052895134309158525,0.002425315915397647,0.0030122077115029566,13.732811805128723,16.84915505404562,6712.700006579504,300.0,0.00014319832167574947,25.74786792520026,1.0,0.0,nan,nan,4.006,0.04028114622023936,0.19969219530355614,0.20226637105069395,0.0,"[300, 300, 300, 300, 300]","[0.0, 0.0002927404624712195, 0.0, 0.0, 0.0004232511459075279]",,0.035043969385867846,0.0281942473072736,5.0,1.96,nan,known-logging,sieve,frozen,neural-fore,known-uniform,0.8,1.0,0.0,0.02,0.0
10000,11470719,1000000,-0.3170054884673674,-0.30543084571142465,-0.29632507783762013,0.011574642755942777,0.020680410629747292,0.03605510828982016,-0.36699309008566766,-0.2256570655895726,1.0,0.14133602449609503,0.00842072106589474,0.002425315915397647,0.0030122077115029566,14.245759970022116,19.461302488049903,6703.707317296806,260.0,0.0020890652252454414,23.64247426660004,1.0,0.0,nan,nan,6.004,0.04053876827384524,0.20133693808846406,0.20195972407400814,0.0,"[300, 300, 100, 300, 300]","[0.0, 0.0014354460243370744, 0.007946104694533072, 0.0010637754073570599, 0.0]",,0.03605510828982016,0.018579246397826113,5.0,1.96,nan,known-logging,sieve,frozen,neural-fore,known-uniform,0.8,1.0,0.0,0.02,0.0
10000,11570722,1000000,-0.3170054884673674,-0.316899140846269,-0.2513799617343342,0.00010634762109840157,0.06562552673303323,0.034800835857384964,-0.31958960001480874,-0.18317032345385967,1.0,0.13641927656094904,0.007841255123282716,0.002425315915397647,0.0030122077115029566,13.720250582186738,15.625728177270265,6748.433025375825,260.0,0.0034879420861463504,24.66182000819972,1.0,0.0,nan,nan,0.20800000000000002,0.03930646482923446,0.1992378716808911,0.19700158544563195,0.0,"[300, 300, 100, 300, 300]","[0.002518851376357431, 0.004744744363639313, 0.006555852882554482, 0.0, 0.0036202618081805278]",,0.034800835857384964,0.038408176064078765,5.0,1.96,nan,known-logging,sieve,frozen,neural-fore,known-uniform,0.8,1.0,0.0,0.02,0.0
10000,11670725,1000000,-0.3170054884673674,-0.3038822240567131,-0.2819029561133599,0.013123264410654312,0.03510253235400751,0.03564436074278904,-0.3517659031692264,-0.2120400090574934,1.0,0.13972589411173303,0.007836404272835324,0.002425315915397647,0.0030122077115029566,13.585070056958378,17.505269788223632,6742.2569714697465,300.0,0.002186388013959129,25.655645125202135,1.0,0.0,nan,nan,4.204,0.03935719075886879,0.19863603365888935,0.19890753236925968,0.0,"[300, 300, 300, 300, 300]","[0.002763084646734525, 0.006555793263711727, 0.0016130621593493915, 0.0, 0.0]",,0.03564436074278904,0.023367436664550753,5.0,1.96,nan,known-logging,sieve,frozen,neural-fore,known-uniform,0.8,1.0,0.0,0.02,0.0
10000,11770728,1000000,-0.3170054884673674,-0.3113987783504137,-0.3129174589680861,0.005606710116953739,0.0040880294992813315,0.035241485536487274,-0.3819907706196012,-0.24384414731657103,1.0,0.13814662330303012,0.004971547564793284,0.002425315915397647,0.0030122077115029566,12.24871399277592,16.745371352743735,6837.216774068617,260.0,0.0017661868139817027,25.150618050398045,1.0,0.0,nan,nan,6.0040000000000004,0.03964634366500604,0.20086981123254272,0.19768846334168272,0.0,"[300, 300, 100, 300, 300]","[0.0021596600175826284, 0.0007808282615967342, 0.005028956435024312, 0.0008614893557048384, 0.0]",,0.035241485536487274,0.0316951530001115,5.0,1.96,nan,known-logging,sieve,frozen,neural-fore,known-uniform,0.8,1.0,0.0,0.02,0.0
10000,11870731,1000000,-0.3170054884673674,-0.31397756467877885,-0.3044664803136701,0.0030279237885885713,0.01253900815369735,0.03531209393960554,-0.37367818443529693,-0.2352547761920432,1.0,0.13842340824325372,0.006847100105618763,0.002425315915397647,0.0030122077115029566,12.66175650696073,14.894973819345111,6765.626557353356,260.0,0.002245936563859325,23.868302700402275,1.0,0.0,nan,nan,4.204,0.04003108845584805,0.19956795943520153,0.19874202669977983,0.0,"[300, 300, 100, 300, 300]","[0.003160462582765124, 0.0, 0.007643057594167898, 0.0, 0.00042616264236360404]",,0.03531209393960554,0.02459948558612475,5.0,1.96,nan,known-logging,sieve,frozen,neural-fore,known-uniform,0.8,1.0,0.0,0.02,0.0
10000,11970734,1000000,-0.3170054884673674,-0.30685654913790833,-0.30908532788605086,0.010148939329459095,0.00792016058131656,0.0357978017308639,-0.3792490192785441,-0.23892163649355763,1.0,0.1403273827849865,0.008735206176545886,0.002425315915397647,0.0030122077115029566,12.803084821494409,14.640036320945933,6793.15118290323,220.0,0.003082934467085165,22.9379837167995,1.0,0.0,nan,nan,6.0040000000000004,0.04025660884390088,0.19863336101677392,0.2018596803560236,0.0,"[100, 300, 300, 300, 100]","[0.006714173112277874, 0.0026410357265238054, 0.0, 0.0021075341064447826, 0.003951929390179363]",,0.0357978017308639,0.04544999777300303,5.0,1.96,nan,known-logging,sieve,frozen,neural-fore,known-uniform,0.8,1.0,0.0,0.02,0.0
10000,12070737,1000000,-0.3170054884673674,-0.3107209818682748,-0.30982665801378956,0.006284506599092632,0.007178830453577867,0.036051874885261445,-0.380488332788902,-0.23916498323867713,1.0,0.14132334955022485,0.006273372091943963,0.002425315915397647,0.0030122077115029566,13.877645785020173,17.378292083335033,6658.88327875452,300.0,0.0011839219348702972,27.101302958800808,1.0,0.0,nan,nan,4.401999999999999,0.0393799859462838,0.2001785463736388,0.19658495287740374,0.0,"[300, 300, 300, 300, 300]","[0.0, 0.0, 0.0010583283423700688, 0.0011554484145625732, 0.0037058329174188436]",,0.036051874885261445,0.030158499839288273,5.0,1.96,nan,known-logging,sieve,frozen,neural-fore,known-uniform,0.8,1.0,0.0,0.02,0.0
10000,12170740,1000000,-0.3170054884673674,-0.31176530219641835,-0.2574169081345174,0.0052401862709490765,0.05958858033285003,0.034779052909799664,-0.32558385183772476,-0.18924996443131006,1.0,0.13633388740641467,0.008260672346835349,0.002425315915397647,0.0030122077115029566,13.45136267363302,16.736812754413922,6793.793105972125,220.0,0.005129516304169283,22.966494141802105,1.0,0.0,nan,nan,2.404,0.040155386486483854,0.19733795108428187,0.19962628501321214,0.0,"[100, 300, 300, 100, 300]","[0.005658484368638932, 0.003033113819008088, 0.0, 0.01154201225547362, 0.0054139710777257755]",,0.034779052909799664,0.0160205920299454,5.0,1.96,nan,known-logging,sieve,frozen,neural-fore,known-uniform,0.8,1.0,0.0,0.02,0.0
10000,12270743,1000000,-0.3170054884673674,-0.30634568953269775,-0.3467479932392633,0.010659798934669673,-0.029742504771895883,0.036357646055763956,-0.41800897950856064,-0.275487006969966,1.0,0.1425219725385947,0.005373101370495314,0.002425315915397647,0.0030122077115029566,13.314799266144707,15.502446105503756,6705.883188200082,220.0,0.0016033786701305536,22.891046583600108,1.0,0.0,nan,nan,10.0,0.04011436512805975,0.19910475255810003,0.2022842465896913,0.0,"[100, 300, 300, 100, 300]","[0.0033875616435580236, 0.0, 0.0, 0.004629331707094745, 0.0]",,0.036357646055763956,0.027511174802014017,5.0,1.96,nan,known-logging,sieve,frozen,neural-fore,known-uniform,0.8,1.0,0.0,0.02,0.0
10000,12370746,1000000,-0.3170054884673674,-0.3082413684023226,-0.26765688159276463,0.008764120065044845,0.049348606874602796,0.03503515719587849,-0.3363257896966865,-0.19898797348884278,1.0,0.1373378162078437,0.006989035340123903,0.002425315915397647,0.0030122077115029566,13.617756015391821,18.056100961570596,6777.650802239027,300.0,0.003190965640850759,26.221233733601547,1.0,0.0,nan,nan,4.6,0.04016027095680443,0.20016627800572553,0.20070470218600991,0.0,"[300, 300, 300, 300, 300]","[0.0, 0.0, 0.0, 0.00551355002504239, 0.010441278179211406]",,0.03503515719587849,0.021820512437477565,5.0,1.96,nan,known-logging,sieve,frozen,neural-fore,known-uniform,0.8,1.0,0.0,0.02,0.0
10000,12470749,1000000,-0.3170054884673674,-0.3277959996865855,-0.3332285926417819,-0.01079051121921809,-0.01622310417441447,0.035560593723750054,-0.402927356340332,-0.2635298289432318,1.0,0.1393975273971002,0.006410823948267489,0.002425315915397647,0.0030122077115029566,13.634900431795952,16.42173148615081,6686.311635699948,220.0,0.0037958871973471234,22.24602869960072,1.0,0.0,nan,nan,4.401999999999999,0.03929520913795527,0.19907353279606138,0.19523848162288893,0.0,"[100, 300, 100, 300, 300]","[0.008974969972315934, 0.004019093204644287, 0.005985372809775396, 0.0, 0.0]",,0.035560593723750054,0.05095389541640998,5.0,1.96,nan,known-logging,sieve,frozen,neural-fore,known-uniform,0.8,1.0,0.0,0.02,0.0
10000,12570752,1000000,-0.3170054884673674,-0.31314761345577163,-0.2942413554292331,0.0038578750115957905,0.02276413303813435,0.035146463014468346,-0.36312842293759107,-0.2253542879208751,1.0,0.13777413501671593,0.005309694571235335,0.002425315915397647,0.0030122077115029566,12.79161674540288,14.914564357589551,6743.44618381597,260.0,0.002835125396928046,25.550383067002258,1.0,0.0,nan,nan,2.602,0.04061548831432916,0.20241566623516288,0.2008036726817921,0.0,"[300, 100, 300, 300, 300]","[0.0, 0.005095491568456187, 0.0, 0.004495803865850858, 0.004584331550333186]",,0.035146463014468346,0.00690376048208276,5.0,1.96,nan,known-logging,sieve,frozen,neural-fore,known-uniform,0.8,1.0,0.0,0.02,0.0
10000,12670755,1000000,-0.3170054884673674,-0.3144714643252377,-0.28314257600553544,0.0025340241421297205,0.033862912461831984,0.03522936666290324,-0.3521921346648258,-0.21409301734624508,1.0,0.13809911731858068,0.006708717307495933,0.002425315915397647,0.0030122077115029566,12.571643514376406,14.20658390250063,6735.852855299178,260.0,0.0018601234348783325,24.47521513299798,1.0,0.0,nan,nan,6.004,0.04023519990651081,0.19899671857704287,0.202332359581154,0.0,"[300, 300, 300, 300, 100]","[0.006167291733796914, 0.0, 0.0011586518125504485, 0.0, 0.0019746736280443003]",,0.03522936666290324,0.03803502616285442,5.0,1.96,nan,known-logging,sieve,frozen,neural-fore,known-uniform,0.8,1.0,0.0,0.02,0.0
10000,12770758,1000000,-0.3170054884673674,-0.3119253442147166,-0.38738459738981484,0.005080144252650798,-0.07037910892244742,0.03700503967438774,-0.4599144751516148,-0.31485471962801487,1.0,0.14505975552359993,0.005753032439966077,0.002425315915397647,0.0030122077115029566,12.360266503412362,16.25984135786959,6633.511071567098,300.0,0.0021064404958029926,26.441335008600436,1.0,0.0,nan,nan,4.006,0.03985362288020121,0.19982256884880234,0.2011180856941805,0.0,"[300, 300, 300, 300, 300]","[0.005397165194059588, 0.0, 0.0, 0.003690278295672586, 0.0014447589892827893]",,0.03700503967438774,0.02568850517935979,5.0,1.96,nan,known-logging,sieve,frozen,neural-fore,known-uniform,0.8,1.0,0.0,0.02,0.0
10000,12870761,1000000,-0.3170054884673674,-0.3105178731739244,-0.2726128399973834,0.00648761529344305,0.04439264846998403,0.035346143814941604,-0.34189128187466894,-0.20333439812009785,1.0,0.1385568837545711,0.006487344556769285,0.002425315915397647,0.0030122077115029566,14.024499119006597,19.557023700713824,6725.147935510827,300.0,0.00037869805170767917,24.99001759159946,1.0,0.0,nan,nan,6.202,0.03999145856496046,0.19885375606687883,0.20058761125569347,0.0,"[300, 300, 300, 300, 300]","[0.0, 0.0013527697650568002, 0.0, 0.0005407204934815956, 0.0]",,0.035346143814941604,0.0328262111255641,5.0,1.96,nan,known-logging,sieve,frozen,neural-fore,known-uniform,0.8,1.0,0.0,0.02,0.0
10000,12970764,1000000,-0.3170054884673674,-0.31238202302502305,-0.28843785915336295,0.004623465442344377,0.028567629314004472,0.03523759855513161,-0.3575035523214209,-0.219372165985305,1.0,0.1381313863361159,0.009638694521459299,0.002425315915397647,0.0030122077115029566,12.515206288269793,14.405439773502946,6795.879861123442,300.0,0.0028651210353679976,25.386227675599365,1.0,0.0,nan,nan,4.2219999999999995,0.040450006507278376,0.20304213411227248,0.19796997011415138,0.0,"[300, 300, 300, 300, 300]","[0.007923058190710505, 0.0, 0.0, 0.006402546986129482, 0.0]",,0.03523759855513161,0.05796546588159097,5.0,1.96,nan,known-logging,sieve,frozen,neural-fore,known-uniform,0.8,1.0,0.0,0.02,0.0
10000,13070767,1000000,-0.3170054884673674,-0.3080017477528011,-0.2482921436714832,0.009003740714566333,0.06871334479588423,0.03481227035909742,-0.31652419357531414,-0.18006009376765225,0.0,0.1364640998076619,0.007490115015199235,0.002425315915397647,0.0030122077115029566,12.257056652108684,15.915563018053206,6806.052693412642,300.0,0.0028757163416705685,24.879068691400608,1.0,0.0,nan,nan,4.42,0.0411500069864269,0.20200287824001073,0.2023329212093464,0.0,"[300, 300, 300, 300, 300]","[0.007774432938917236, 0.0, 0.0017202813888211944, 0.00451218828628955, 0.00037167909432486387]",,0.03481227035909742,0.015271070715369523,5.0,1.96,nan,known-logging,sieve,frozen,neural-fore,known-uniform,0.8,1.0,0.0,0.02,0.0
10000,13170770,1000000,-0.3170054884673674,-0.3065867628320552,-0.27443927863991285,0.01041872563531221,0.04256620982745457,0.03526316487078868,-0.34355508178665867,-0.20532347549316704,1.0,0.1382316062934916,0.0062171347388901435,0.002425315915397647,0.0030122077115029566,14.075327441446351,17.014785255056193,6712.929641261219,300.0,0.0016059135849942874,24.549889499400887,1.0,0.0,nan,nan,0.20800000000000002,0.0400431709900789,0.19987876121156298,0.20044941796674154,0.0,"[300, 300, 300, 300, 300]","[0.0, 0.0008914854177194433, 0.003543745978985506, 0.003594336528266488, 0.0]",,0.03526316487078868,0.03723514401588472,5.0,1.96,nan,known-logging,sieve,frozen,neural-fore,known-uniform,0.8,1.0,0.0,0.02,0.0
10000,13270773,1000000,-0.3170054884673674,-0.3145670010811432,-0.29976669473171097,0.0024384873862242085,0.017238793735656455,0.035073609275034355,-0.3685109689107783,-0.23102242055264363,1.0,0.13748854835813468,0.005185133136288837,0.002425315915397647,0.0030122077115029566,13.349045997727577,16.354940824374676,6765.698777825174,300.0,0.0012610511571416795,24.2589445084006,1.0,0.0,nan,nan,6.004,0.04078847967561136,0.20039843315127243,0.20268033584435755,0.0,"[300, 300, 300, 300, 300]","[0.0032069130417548344, 0.0, 0.0, 0.0030983427439535624, 0.0]",,0.035073609275034355,0.02981474954675496,5.0,1.96,nan,known-logging,sieve,frozen,neural-fore,known-uniform,0.8,1.0,0.0,0.02,0.0
10000,13370776,1000000,-0.3170054884673674,-0.313775509687925,-0.3627817140763574,0.0032299787794424217,-0.04577622560898997,0.036475423252918006,-0.4342735436520767,-0.2912898845006381,1.0,0.14298365915143857,0.005443368599246934,0.002425315915397647,0.0030122077115029566,13.906011603548183,20.48099384204733,6671.265870618,260.0,0.001951510391541736,22.6598622082005,1.0,0.0,nan,nan,4.204,0.039646866251171795,0.20098856914401636,0.19832726075681906,0.0,"[300, 300, 100, 300, 300]","[0.0021641465389115326, 0.0, 0.007593405418797147, 0.0, 0.0]",,0.036475423252918006,0.037225757651746766,5.0,1.96,nan,known-logging,sieve,frozen,neural-fore,known-uniform,0.8,1.0,0.0,0.02,0.0
10000,13470779,1000000,-0.3170054884673674,-0.31295301680938253,-0.38812061462327657,0.004052471657984891,-0.07111512615590915,0.036763202008436295,-0.4601764905598117,-0.31606473868674145,1.0,0.14411175187307027,0.005324288896171288,0.002425315915397647,0.0030122077115029566,12.847791330008883,16.570907219048806,6684.472641477351,300.0,0.0018538066277450729,25.384521116800897,1.0,0.0,nan,nan,6.220000000000001,0.04041383384529473,0.1989300799354053,0.20283536548886763,0.0,"[300, 300, 300, 300, 300]","[0.0011727968669546583, 0.0, 0.006254087107193369, 0.0018421491645773357, 0.0]",,0.036763202008436295,0.022915164299717086,5.0,1.96,nan,known-logging,sieve,frozen,neural-fore,known-uniform,0.8,1.0,0.0,0.02,0.0
10000,13570782,1000000,-0.3170054884673674,-0.2999635377313897,-0.31650938209299617,0.01704195073597775,0.0004961063743712524,0.03584070502523959,-0.38675716394246573,-0.24626160024352658,1.0,0.14049556369893917,0.005991060775027306,0.002425315915397647,0.0030122077115029566,12.81496929383273,14.122278315371139,6764.667601899059,180.0,0.002661648034708311,20.135416483799055,1.0,0.0,nan,nan,2.8,0.0405935169536799,0.20119957965741458,0.20370771963002937,0.0,"[300, 100, 100, 100, 300]","[0.0, 0.007472360803282572, 0.0034453427671797443, 0.0023905366030792363, 0.0]",,0.03584070502523959,0.031226097036720614,5.0,1.96,nan,known-logging,sieve,frozen,neural-fore,known-uniform,0.8,1.0,0.0,0.02,0.0
10000,13670785,1000000,-0.3170054884673674,-0.313947631945899,-0.2544331546175611,0.0030578565214684494,0.06257233384980632,0.03419604397210373,-0.32145740080288443,-0.1874089084322378,1.0,0.13404849237064664,0.004980398138104397,0.002425315915397647,0.0030122077115029566,12.244152818492736,14.359686386696099,6888.616530375195,300.0,2.6054023960282726e-06,24.352081708401965,1.0,0.0,nan,nan,2.8,0.03968951041123143,0.1999926452397295,0.19982132031552063,0.0,"[300, 300, 300, 300, 300]","[0.0, 1.3027011980141362e-05, 0.0, 0.0, 0.0]",,0.03419604397210373,0.03036326644757562,5.0,1.96,nan,known-logging,sieve,frozen,neural-fore,known-uniform,0.8,1.0,0.0,0.02,0.0
10000,13770788,1000000,-0.3170054884673674,-0.3227539654305819,-0.3285453211769998,-0.005748476963214455,-0.01153983270963238,0.03570396125010851,-0.39852508522721247,-0.25856555712678714,1.0,0.13995952810042536,0.007364152509853587,0.002425315915397647,0.0030122077115029566,12.845463449810348,14.919085512065486,6833.89087130607,180.0,0.004862924219581014,19.70302460019666,1.0,0.0,nan,nan,4.204,0.039887804719133585,0.199468240315595,0.19873505658489204,0.0,"[300, 100, 100, 100, 300]","[0.0, 0.005462767303641421, 0.008092794927008956, 0.003979719281644576, 0.006779339585610119]",,0.03570396125010851,0.034478322681679906,5.0,1.96,nan,known-logging,sieve,frozen,neural-fore,known-uniform,0.8,1.0,0.0,0.02,0.0
10000,13870791,1000000,-0.3170054884673674,-0.32602206447862536,-0.3531758768748222,-0.009016576011257937,-0.03617038840745479,0.03658579885338986,-0.4248840426274664,-0.28146771112217805,1.0,0.14341633150528826,0.007789441564265011,0.002425315915397647,0.0030122077115029566,13.623942334299198,15.125326954988145,6641.683232791319,260.0,0.0016477907800672206,23.396305166798992,1.0,0.0,nan,nan,6.202,0.03947234690991217,0.19966064893145954,0.19880305952899874,0.0,"[300, 100, 300, 300, 300]","[0.0, 0.007762309962529117, 0.0, 0.0, 0.0004766439378069847]",,0.03658579885338986,0.01829967518437001,5.0,1.96,nan,known-logging,sieve,frozen,neural-fore,known-uniform,0.8,1.0,0.0,0.02,0.0
10000,13970794,1000000,-0.3170054884673674,-0.324946900235748,-0.3225550032767375,-0.00794141176838059,-0.005549514809370049,0.03550567526933992,-0.3921461268046437,-0.2529638797488312,1.0,0.13918224705581247,0.006588164928051843,0.002425315915397647,0.0030122077115029566,13.339008571510822,15.814819426840259,6842.1197144851385,220.0,0.00185213060485884,21.97127494140077,1.0,0.0,nan,nan,6.004,0.039664556789395275,0.1995384839889367,0.19844456644036684,0.0,"[300, 100, 100, 300, 300]","[0.0, 0.007367617599647451, 0.001893035424646749, 0.0, 0.0]",,0.03550567526933992,0.018530355409770986,5.0,1.96,nan,known-logging,sieve,frozen,neural-fore,known-uniform,0.8,1.0,0.0,0.02,0.0
10000,14070797,1000000,-0.3170054884673674,-0.31522872333831337,-0.33505164471204724,0.0017767651290540587,-0.018046156244679812,0.03642329408628651,-0.4064413011211688,-0.2636619883029257,1.0,0.1427793128182431,0.0062708125846019855,0.002425315915397647,0.0030122077115029566,13.82319292359745,18.993606992939505,6721.405973069601,300.0,0.00283077651221751,24.295477216400467,1.0,0.0,nan,nan,4.402,0.04173616306769492,0.2018004855849984,0.20527714738004313,0.0,"[300, 300, 300, 300, 300]","[0.0, 0.0, 0.001709958544079483, 0.0026849878060213116, 0.009758936210986755]",,0.03642329408628651,0.0368054227799949,5.0,1.96,nan,known-logging,sieve,frozen,neural-fore,known-uniform,0.8,1.0,0.0,0.02,0.0
10000,14170800,1000000,-0.3170054884673674,-0.3056559421010717,-0.3383629178722075,0.011349546366295704,-0.02135742940484009,0.03619858757517392,-0.4093121495195484,-0.2674136862248666,1.0,0.14189846329468175,0.007667336227847967,0.002425315915397647,0.0030122077115029566,12.863031840848041,15.948678939707154,6767.244589653427,180.0,0.0033683851726230675,19.70894238300025,1.0,0.0,nan,nan,6.202,0.039834447786538704,0.19956704432766942,0.19870673579871123,0.0,"[100, 100, 300, 300, 100]","[0.005554385274185794, 0.005148549490695775, 0.0008712271915419569, 0.0, 0.005267763906691814]",,0.03619858757517392,0.04358764963793324,5.0,1.96,nan,known-logging,sieve,frozen,neural-fore,known-uniform,0.8,1.0,0.0,0.02,0.0
10000,14270803,1000000,-0.3170054884673674,-0.31662815909968667,-0.305819031503488,0.00037732936768075653,0.011186456963879432,0.03519192840260604,-0.37479521117259584,-0.23684285183438014,1.0,0.13795235933821567,0.005588765433624047,0.002425315915397647,0.0030122077115029566,13.072982718415759,18.556371900284358,6748.524467294006,300.0,0.0023646621095551714,25.773866716201155,1.0,0.0,nan,nan,6.4,0.04115045985346147,0.20112636877986145,0.20356108845726,0.0,"[300, 300, 300, 300, 300]","[0.0040506354698069905, 0.002684459054410782, 0.005088216023558083, 0.0, 0.0]",,0.03519192840260604,0.0457939931680354,5.0,1.96,nan,known-logging,sieve,frozen,neural-fore,known-uniform,0.8,1.0,0.0,0.02,0.0
10000,14370806,1000000,-0.3170054884673674,-0.30426383761367615,-0.23605722337965518,0.012741650853691278,0.08094826508771225,0.03454788285842206,-0.3037710737821624,-0.16834337297714796,0.0,0.13542770080501446,0.005633120810252043,0.002425315915397647,0.0030122077115029566,13.84595536936176,18.973009590506127,6737.453389561598,300.0,0.0004390336312565522,25.227703733198723,1.0,0.0,nan,nan,4.6,0.040905569780346665,0.20425901167748228,0.20111013051093535,0.0,"[300, 300, 300, 300, 300]","[0.0, 0.0, 0.0018750139496403516, 0.00032015420664240936, 0.0]",,0.03454788285842206,0.026694609209385843,5.0,1.96,nan,known-logging,sieve,frozen,neural-fore,known-uniform,0.8,1.0,0.0,0.02,0.0
10000,14470809,1000000,-0.3170054884673674,-0.3146565774426854,-0.2787364449082838,0.0023489110246820433,0.038269043559083615,0.03492977938485024,-0.34719881250259027,-0.21027407731397735,1.0,0.13692473518861295,0.00670870389207864,0.002425315915397647,0.0030122077115029566,12.723954756688936,16.40587760987956,6888.252645063003,220.0,0.0012114071590029296,21.27040299999935,1.0,0.0,nan,nan,4.204,0.039736249807499784,0.19884511687178508,0.19991439704160638,0.0,"[100, 300, 300, 100, 300]","[0.003831697468850501, 0.0, 0.0, 0.0022253383261641472, 0.0]",,0.03492977938485024,0.03075486247868207,5.0,1.96,nan,known-logging,sieve,frozen,neural-fore,known-uniform,0.8,1.0,0.0,0.02,0.0
10000,14570812,1000000,-0.3170054884673674,-0.31611763335119875,-0.3702312483284122,0.0008878551161686787,-0.053225759861044775,0.03627978790742428,-0.4413396326269638,-0.2991228640298606,1.0,0.1422167685971032,0.0057372138857677115,0.002425315915397647,0.0030122077115029566,13.72821626384691,15.390055361651294,6678.525332584024,180.0,0.004282503798620128,19.199221615998976,1.0,0.0,nan,nan,10.0,0.04017356928294794,0.20002122923813354,0.20088679816546823,0.0,"[100, 300, 100, 300, 100]","[0.007593957326182383, 0.0016961902166945809, 0.006452302100798372, 0.0, 0.005670069349425305]",,0.03627978790742428,0.03271031021398864,5.0,1.96,nan,known-logging,sieve,frozen,neural-fore,known-uniform,0.8,1.0,0.0,0.02,0.0
10000,14670815,1000000,-0.3170054884673674,-0.3104775880715716,-0.26419372901110555,0.006527900395795816,0.052811759456261875,0.03477737559267987,-0.3323573851727581,-0.196030072849453,1.0,0.13632731232330508,0.007413256836340673,0.002425315915397647,0.0030122077115029566,13.4552234770327,16.899958647842357,6877.26511303382,300.0,0.0009370956624031243,25.44522703339826,1.0,0.0,nan,nan,6.202,0.03955612721658511,0.19956707666435136,0.19962859697499644,0.0,"[300, 300, 300, 300, 300]","[0.001515840763707389, 0.0, 0.0031572857705040626, 1.2351777804169803e-05, 0.0]",,0.03477737559267987,0.02480216944101894,5.0,1.96,nan,known-logging,sieve,frozen,neural-fore,known-uniform,0.8,1.0,0.0,0.02,0.0
10000,14770818,1000000,-0.3170054884673674,-0.3199635144209033,-0.3482658681306973,-0.002958025953535892,-0.031260379663329896,0.035953655473304286,-0.4187350328583737,-0.27779670340302093,1.0,0.14093832945535278,0.00582338451278414,0.002425315915397647,0.0030122077115029566,12.880460760736261,14.772279977088902,6777.2082332807795,300.0,0.0,24.8554527247994,1.0,0.0,nan,nan,4.6,0.04072368138241741,0.20372459076251262,0.2011683121492971,0.0,"[300, 300, 300, 300, 300]","[0.0, 0.0, 0.0, 0.0, 0.0]",,0.035953655473304286,0.02201726879968227,5.0,1.96,nan,known-logging,sieve,frozen,neural-fore,known-uniform,0.8,1.0,0.0,0.02,0.0
10000,14870821,1000000,-0.3170054884673674,-0.3075306716957509,-0.3153350634236147,0.009474816771616545,0.001670425043752699,0.036003180773911826,-0.3859012977404819,-0.24476882910674755,1.0,0.14113246863373435,0.006049234337977793,0.002425315915397647,0.0030122077115029566,13.012708090972172,19.428046890103502,6717.173611982557,220.0,0.0038009883172363717,21.598188766599925,1.0,0.0,nan,nan,2.206,0.04112341962795529,0.20215102097025225,0.20228604756022475,0.0,"[300, 300, 300, 100, 100]","[0.00398904929466527, 0.0, 0.0, 0.005684771226934304, 0.009331121064582283]",,0.036003180773911826,0.02441171460862276,5.0,1.96,nan,known-logging,sieve,frozen,neural-fore,known-uniform,0.8,1.0,0.0,0.02,0.0
10000,14970824,1000000,-0.3170054884673674,-0.3144183327890423,-0.3557235948751298,0.002587155678325126,-0.038718106407762354,0.03658279761831004,-0.42742587820701744,-0.2840213115432421,1.0,0.14340456666377535,0.007294405248462394,0.002425315915397647,0.0030122077115029566,12.44670432837232,14.545652577737254,6752.100062126488,300.0,0.0017528620823646767,24.781667124798695,1.0,0.0,nan,nan,0.8019999999999999,0.03961997426705809,0.1986107394167603,0.19819198598293306,0.0,"[300, 300, 300, 300, 300]","[0.0, 0.0012418753052996345, 0.00046213918115832394, 0.001241501380188792, 0.005818794545176633]",,0.03658279761831004,0.028347228561433555,5.0,1.96,nan,known-logging,sieve,frozen,neural-fore,known-uniform,0.8,1.0,0.0,0.02,0.0
10000,15070827,1000000,-0.3170054884673674,-0.310800772080726,-0.42014469222203316,0.00620471638664144,-0.10313920375466573,0.03798901935243581,-0.49460317015280736,-0.34568621429125895,0.0,0.14891695586154838,0.0066487120989658,0.002425315915397647,0.0030122077115029566,14.047943056805103,22.769948152405686,6518.52147568373,260.0,0.0021443878346089156,24.072488891999818,1.0,0.0,nan,nan,6.4,0.04038789815858667,0.2027328588767892,0.19792774642849514,0.0,"[300, 300, 300, 300, 100]","[0.0, 0.0, 0.002311615027244021, 0.0006706586844139914, 0.007739665461386567]",,0.03798901935243581,0.0449690085836102,5.0,1.96,nan,known-logging,sieve,frozen,neural-fore,known-uniform,0.8,1.0,0.0,0.02,0.0
10000,15170830,1000000,-0.3170054884673674,-0.3120800292998945,-0.29454478285007857,0.004925459167472945,0.022460705617288856,0.034771167297807506,-0.3626962707537813,-0.22639329494637586,1.0,0.1363029758074054,0.005548935590715062,0.002425315915397647,0.0030122077115029566,13.025481553945417,15.313735039977235,6859.949216123865,220.0,0.0026007697614570074,21.904515416597132,1.0,0.0,nan,nan,2.404,0.04007758494980045,0.1996509191245508,0.19933240149093093,0.0,"[300, 100, 300, 100, 300]","[0.0, 0.006650581721687242, 0.0, 0.0063532670855977955, 0.0]",,0.034771167297807506,0.02475731363496856,5.0,1.96,nan,known-logging,sieve,frozen,neural-fore,known-uniform,0.8,1.0,0.0,0.02,0.0
10000,15270833,1000000,-0.3170054884673674,-0.30603174730034527,-0.32345087583976617,0.010973741167022155,-0.006445387372398748,0.03599530079284988,-0.3940016653937519,-0.2529000862857804,1.0,0.14110157910797153,0.006230089225896455,0.002425315915397647,0.0030122077115029566,14.221393748658771,18.289836404319882,6689.777226176127,300.0,0.0005794326193434272,24.500613308399625,1.0,0.0,nan,nan,8.001999999999999,0.04081628119430307,0.2025907469621641,0.2000380835601181,0.0,"[300, 300, 300, 300, 300]","[0.0, 0.0, 0.0005587562913796167, 0.0023384068053375192, 0.0]",,0.03599530079284988,0.03700397915088614,5.0,1.96,nan,known-logging,sieve,frozen,neural-fore,known-uniform,0.8,1.0,0.0,0.02,0.0
10000,15370836,1000000,-0.3170054884673674,-0.3143767506955816,-0.24616619848321902,0.0026287377717858496,0.0708392899841484,0.03463349161754017,-0.31404784205359776,-0.1782845549128403,0.0,0.13576328714075744,0.008464106500454371,0.002425315915397647,0.0030122077115029566,13.314314181976808,14.43369896533828,6835.042781016316,260.0,0.004235092930528836,22.38606097560041,1.0,0.0,nan,nan,4.6,0.04015021344539593,0.20071956050452763,0.2004240011234139,0.0,"[300, 300, 100, 300, 300]","[0.0052488892102259856, 0.002977764348450383, 0.011868630210853442, 0.0, 0.0010801808831143662]",,0.03463349161754017,0.0204198568548995,5.0,1.96,nan,known-logging,sieve,frozen,neural-fore,known-uniform,0.8,1.0,0.0,0.02,0.0
10000,15470839,1000000,-0.3170054884673674,-0.31627344846086136,-0.27515928822977076,0.0007320400065060628,0.041846200237596665,0.034719187014317233,-0.34320889477783256,-0.20710968168170898,1.0,0.13609921309612355,0.006635417468739,0.002425315915397647,0.0030122077115029566,12.404340025219696,13.362794323043525,6899.7530151606725,220.0,0.0028577976150354575,22.089214307999647,1.0,0.0,nan,nan,10.0,0.03980123743194765,0.20103828777040406,0.19797403101310512,0.0,"[100, 100, 300, 300, 300]","[0.006029886831749056, 0.0054526182847393564, 0.0, 0.0028064829586888743, 0.0]",,0.034719187014317233,0.03848258902341131,5.0,1.96,nan,known-logging,sieve,frozen,neural-fore,known-uniform,0.8,1.0,0.0,0.02,0.0
10000,15570842,1000000,-0.3170054884673674,-0.3141212949166798,-0.24060127284446908,0.0028841935506876415,0.07640421562289834,0.033897147505280625,-0.3070396819548191,-0.17416286373411904,0.0,0.13287681822070005,0.0058440321914443195,0.002425315915397647,0.0030122077115029566,12.603197476830434,16.32413593747305,6823.156413352069,300.0,0.0015674417323260556,24.840959084001224,1.0,0.0,nan,nan,6.202,0.040979121683851004,0.20435272569259375,0.2004455559180079,0.0,"[300, 300, 300, 300, 300]","[0.007283254203654603, 0.0, 0.0, 0.0005539544579756756, 0.0]",,0.033897147505280625,0.0208892344419402,5.0,1.96,nan,known-logging,sieve,frozen,neural-fore,known-uniform,0.8,1.0,0.0,0.02,0.0
10000,15670845,1000000,-0.3170054884673674,-0.3087772059181556,-0.32595112217052447,0.008228282549211818,-0.008945633703157041,0.03578346369845772,-0.3960867110195016,-0.25581553332154733,1.0,0.14027117769795425,0.0052831361610582005,0.002425315915397647,0.0030122077115029566,13.60728016148126,16.411702081276253,6707.395963487141,260.0,0.0018498201101562815,23.933090016999632,1.0,0.0,nan,nan,2.404,0.04009035533178328,0.20034816153665225,0.19979016425939036,0.0,"[100, 300, 300, 300, 300]","[0.006423449071360408, 0.0, 0.0, 0.002789848497892801, 3.580298152819876e-05]",,0.03578346369845772,0.045377410533581165,5.0,1.96,nan,known-logging,sieve,frozen,neural-fore,known-uniform,0.8,1.0,0.0,0.02,0.0
10000,15770848,1000000,-0.3170054884673674,-0.3052413467899885,-0.34495669358736714,0.011764141677378936,-0.02795120511999971,0.036280167479278,-0.416065821846752,-0.27384756532798227,1.0,0.14221825651876976,0.006660101251625172,0.002425315915397647,0.0030122077115029566,12.356163097823394,14.370080873351748,6748.002305350543,260.0,0.00149578417774446,24.920180467001046,1.0,0.0,nan,nan,6.4,0.041169587361770024,0.20334095951167025,0.20107185428877572,0.0,"[300, 300, 300, 300, 100]","[0.0023131217394403597, 0.0007890241114514215, 0.0, 0.0, 0.0043767750378305185]",,0.036280167479278,0.029830472722666448,5.0,1.96,nan,known-logging,sieve,frozen,neural-fore,known-uniform,0.8,1.0,0.0,0.02,0.0
10000,15870851,1000000,-0.3170054884673674,-0.30869227320578213,-0.28590735306842896,0.008313215261585294,0.031098135398938465,0.035382313824895144,-0.35525668816522343,-0.2165580179716345,1.0,0.13869867019358897,0.007254730634277871,0.002425315915397647,0.0030122077115029566,12.966466708808301,19.001470887915627,6764.1496660716575,220.0,0.0017393304097872088,33.01640678340118,1.0,0.0,nan,nan,10.0,0.03993821689939601,0.1986539465442682,0.19917584160654328,0.0,"[100, 300, 100, 300, 300]","[0.00222133421386469, 0.0, 0.00611169400568678, 0.0, 0.0003636238293845737]",,0.035382313824895144,0.04370564736431886,5.0,1.96,nan,known-logging,sieve,frozen,neural-fore,known-uniform,0.8,1.0,0.0,0.02,0.0
10000,15970854,1000000,-0.3170054884673674,-0.31155431826393526,-0.3386048751562591,0.005451170203432165,-0.021599386688891664,0.03621169665841139,-0.4095798006067454,-0.26762994970577275,1.0,0.14194985090097265,0.007291213448131695,0.002425315915397647,0.0030122077115029566,13.559714580762833,15.339911231006496,6675.03545378865,300.0,0.0,41.08086583300028,1.0,0.0,nan,nan,4.401999999999999,0.040957379065522756,0.20310971295054947,0.20284485748703718,0.0,"[300, 300, 300, 300, 300]","[0.0, 0.0, 0.0, 0.0, 0.0]",,0.03621169665841139,0.051412566422983905,5.0,1.96,nan,known-logging,sieve,frozen,neural-fore,known-uniform,0.8,1.0,0.0,0.02,0.0
10000,16070857,1000000,-0.3170054884673674,-0.3142299113551525,-0.30004361520845274,0.002775577112214933,0.016961873258914684,0.03552827682501719,-0.36967903778548644,-0.23040819263141904,1.0,0.13927084515406737,0.007185729946865497,0.002425315915397647,0.0030122077115029566,13.967768957268362,19.222490370711316,6756.459038200287,260.0,0.0019590872639993653,38.19894105880085,1.0,0.0,nan,nan,2.008,0.04043801581801982,0.20149551277756378,0.20091062661172074,0.0,"[300, 300, 300, 300, 100]","[0.0008453901572601785, 0.0, 0.002839915168814274, 0.00328484776490376, 0.002825283229018614]",,0.03552827682501719,0.027931791428954994,5.0,1.96,nan,known-logging,sieve,frozen,neural-fore,known-uniform,0.8,1.0,0.0,0.02,0.0
10000,16170860,1000000,-0.3170054884673674,-0.30967698299347957,-0.28841719041723707,0.0073285054738878586,0.028588298050130356,0.03543140224152921,-0.3578627388106343,-0.21897164202383984,1.0,0.13889109678679448,0.007795130873523082,0.002425315915397647,0.0030122077115029566,13.20533028279376,16.791123519298715,6684.967941396501,260.0,0.0010570662232394657,38.650140041804114,1.0,0.0,nan,nan,2.602,0.040239836290764205,0.20307647262366046,0.19771949881748582,0.0,"[300, 300, 100, 300, 300]","[0.0004712972146852625, 0.0, 0.0034463598322692452, 0.0013676740692428208, 0.0]",,0.03543140224152921,0.04200718817917461,5.0,1.96,nan,known-logging,sieve,frozen,neural-fore,known-uniform,0.8,1.0,0.0,0.02,0.0
10000,16270863,1000000,-0.3170054884673674,-0.31103045358680126,-0.3284338279003745,0.005975034880566166,-0.011428339433007084,0.03616104245230602,-0.3993094711068943,-0.2575581846938547,1.0,0.1417512864130396,0.007496612000854831,0.002425315915397647,0.0030122077115029566,12.50268967482596,14.740545705860036,6800.557782152879,260.0,0.0009441631126852586,37.06413411640169,1.0,0.0,nan,nan,6.202,0.03969847312003417,0.2008920319117064,0.1970092082811708,0.0,"[300, 300, 300, 300, 100]","[0.0, 0.0, 0.00010078013902792415, 0.0, 0.004620035424398369]",,0.03616104245230602,0.028727036962768248,5.0,1.96,nan,known-logging,sieve,frozen,neural-fore,known-uniform,0.8,1.0,0.0,0.02,0.0
10000,16370866,1000000,-0.3170054884673674,-0.3099121417332052,-0.3365520707881385,0.007093346734162231,-0.019546582320771055,0.03611432761647605,-0.40733615291643155,-0.2657679886598454,1.0,0.1415681642565861,0.005838916999955359,0.002425315915397647,0.0030122077115029566,13.266802223992965,16.24802026341375,6748.389479541903,260.0,0.001664757901458903,35.92048715019992,1.0,0.0,nan,nan,6.4,0.0393188946659873,0.19479549852464553,0.19861325346454864,0.0,"[300, 300, 300, 300, 100]","[0.006057086750521705, 0.0, 0.0, 0.0, 0.0022667027567728104]",,0.03611432761647605,0.045497318539351135,5.0,1.96,nan,known-logging,sieve,frozen,neural-fore,known-uniform,0.8,1.0,0.0,0.02,0.0
10000,16470869,1000000,-0.3170054884673674,-0.30275260872448717,-0.3113772818930779,0.014252879742880253,0.005628206574289529,0.03587328158740589,-0.3816889138043934,-0.24106564998176236,1.0,0.14062326382263107,0.009076942448463656,0.002425315915397647,0.0030122077115029566,13.655961997323683,16.013138520530923,6701.827609508921,300.0,0.0023124499768090666,37.800442542399836,1.0,0.0,nan,nan,4.204,0.04024143021641162,0.2010619115556893,0.20251125173818213,0.0,"[300, 300, 300, 300, 300]","[0.0, 0.0042921925884316535, 0.001973578201947815, 0.0, 0.005296479093665864]",,0.03587328158740589,0.024702970001806324,5.0,1.96,nan,known-logging,sieve,frozen,neural-fore,known-uniform,0.8,1.0,0.0,0.02,0.0
10000,16570872,1000000,-0.3170054884673674,-0.310899817307115,-0.26652791148350613,0.006105671160252402,0.050477576983861294,0.035020341076652764,-0.33516777999374553,-0.19788804297326673,1.0,0.13727973702047883,0.007248720958986434,0.002425315915397647,0.0030122077115029566,12.981124558445677,16.109396585777937,6768.03089997663,300.0,0.0025725328737451376,38.56727472499697,1.0,0.0,nan,nan,4.6,0.040889269221267316,0.20129599238508517,0.20361304684930173,0.0,"[300, 300, 300, 300, 300]","[0.0010390335019969787, 0.0005560160681543916, 0.0009407087521929914, 0.0023868687977601525, 0.007940037248621174]",,0.035020341076652764,0.028872078616973124,5.0,1.96,nan,known-logging,sieve,frozen,neural-fore,known-uniform,0.8,1.0,0.0,0.02,0.0
10000,16670875,1000000,-0.3170054884673674,-0.3087605958391513,-0.33561726333859154,0.00824489262821615,-0.018611774871224118,0.03640962669447127,-0.4069801316597552,-0.26425439501742787,1.0,0.14272573664232738,0.008298131578015953,0.002425315915397647,0.0030122077115029566,13.765936349687989,15.384706068136364,6626.002541396361,300.0,0.003029702668836047,36.56882925860045,1.0,0.0,nan,nan,4.204,0.040548835725355,0.20156576620350472,0.2008335978962145,0.0,"[300, 300, 300, 300, 300]","[0.001251221480250407, 0.0, 0.011752015095444046, 0.00214527676848578, 0.0]",,0.03640962669447127,0.028056464909556204,5.0,1.96,nan,known-logging,sieve,frozen,neural-fore,known-uniform,0.8,1.0,0.0,0.02,0.0
10000,16770878,1000000,-0.3170054884673674,-0.2971875823954645,-0.31918241720016755,0.019817906071902924,-0.0021769287328001208,0.036422267199071906,-0.39057006091034846,-0.24779477348998663,1.0,0.14277528742036186,0.007671394710892629,0.002425315915397647,0.0030122077115029566,14.222396782301505,17.11034551324523,6604.993890372021,300.0,0.002406426695500782,32.93637770779897,1.0,0.0,nan,nan,6.202,0.040423288354324946,0.20244062571779714,0.1978147833650251,0.0,"[300, 300, 300, 300, 300]","[0.005519382637512746, 0.0, 0.0, 0.0044231353031498385, 0.0020896155368413257]",,0.036422267199071906,0.04621600677100561,5.0,1.96,nan,known-logging,sieve,frozen,neural-fore,known-uniform,0.8,1.0,0.0,0.02,0.0
10000,16870881,1000000,-0.3170054884673674,-0.31918495506858774,-0.3390132573492883,-0.0021794666012203145,-0.022007768881920853,0.03567159849496295,-0.4089295903994157,-0.2690969242991609,1.0,0.13983266610025477,0.005303193977947533,0.002425315915397647,0.0030122077115029566,13.046723608713572,16.05048426625563,6839.3340176358115,220.0,0.0033871652718568033,28.758708699997804,1.0,0.0,nan,nan,4.204,0.03991370029920347,0.2015977428408259,0.19957691467382874,0.0,"[300, 300, 100, 300, 100]","[0.0, 0.00020811002836683713, 0.008020190063152743, 0.00041993375499354326, 0.008287592512770893]",,0.03567159849496295,0.026984764963323436,5.0,1.96,nan,known-logging,sieve,frozen,neural-fore,known-uniform,0.8,1.0,0.0,0.02,0.0
10000,16970884,1000000,-0.3170054884673674,-0.3153718353770945,-0.3675256165998096,0.001633653090272913,-0.050520128132442166,0.03627926496153463,-0.43863297592441747,-0.2964182572752017,1.0,0.14221471864921573,0.005736779237599987,0.002425315915397647,0.0030122077115029566,13.124516911490153,15.462789317197274,6827.422555973841,140.0,0.007856975609202507,23.30878315820155,1.0,0.0,nan,nan,8.2,0.04026495144453145,0.19892765786888583,0.19922837330093787,0.0,"[100, 300, 100, 100, 100]","[0.008022203658024061, 0.007613123727642329, 0.007350994756295518, 0.008324301799520387, 0.00797425410453024]",,0.03627926496153463,0.02974569047357197,5.0,1.96,nan,known-logging,sieve,frozen,neural-fore,known-uniform,0.8,1.0,0.0,0.02,0.0
10000,17070887,1000000,-0.3170054884673674,-0.3012233674972268,-0.2845630257061569,0.015782120970140645,0.032442462761210544,0.035505983900486225,-0.35415475415110986,-0.2149712972612039,1.0,0.139183456889906,0.006861089550593855,0.002425315915397647,0.0030122077115029566,13.053929068779865,15.323815786088877,6693.267111162927,300.0,0.004009156457168077,26.170223691801947,1.0,0.0,nan,nan,4.204,0.04047653450408827,0.20130755670409525,0.19945837453838994,0.0,"[300, 300, 300, 300, 300]","[0.0010756565186381055, 0.0049473035107609874, 0.00935025390282964, 0.0011922292978068043, 0.0034803390558048476]",,0.035505983900486225,0.022251725286920907,5.0,1.96,nan,known-logging,sieve,frozen,neural-fore,known-uniform,0.8,1.0,0.0,0.02,0.0
10000,17170890,1000000,-0.3170054884673674,-0.3165956957457676,-0.32872292109902057,0.00040979272159979985,-0.011717432631653146,0.03602142133358177,-0.39932490691284084,-0.2581209352852003,1.0,0.14120397162764053,0.0074416462413237575,0.002425315915397647,0.0030122077115029566,12.673725401991604,18.238778774347825,6784.257484268024,300.0,0.0012541390374136649,24.942098316798365,1.0,0.0,nan,nan,8.2,0.039604364993669386,0.19894883748687658,0.19928587905833467,0.0,"[300, 300, 300, 300, 300]","[0.0026144080929249225, 0.0, 0.0, 0.0, 0.003656287094143402]",,0.03602142133358177,0.04455128144908506,5.0,1.96,nan,known-logging,sieve,frozen,neural-fore,known-uniform,0.8,1.0,0.0,0.02,0.0
10000,17270893,1000000,-0.3170054884673674,-0.3115130037940741,-0.25839120208741395,0.00549248467329333,0.05861428637995347,0.03476927336527783,-0.3265389778833585,-0.1902434262914694,1.0,0.1362955515918891,0.005294171411025178,0.002425315915397647,0.0030122077115029566,12.870157862024898,15.39136912294688,6829.08101156952,260.0,0.0051717915145775275,23.367506491799578,1.0,0.0,nan,nan,2.4219999999999997,0.03971237627333541,0.19703343634850143,0.2005171851495764,0.0,"[300, 300, 300, 300, 100]","[0.013435014209651895, 0.0034761871606017957, 0.0018649518737564393, 0.0, 0.007082804328877509]",,0.03476927336527783,0.02093050960538657,5.0,1.96,nan,known-logging,sieve,frozen,neural-fore,known-uniform,0.8,1.0,0.0,0.02,0.0
10000,17370896,1000000,-0.3170054884673674,-0.3117213412514988,-0.2921998581288622,0.005284147215868618,0.024805630338505247,0.035403483545025004,-0.3615906858771112,-0.22280903038061317,1.0,0.138781655496498,0.006385188406430074,0.002425315915397647,0.0030122077115029566,13.680002991242793,18.666231824279677,6721.3387177519735,260.0,0.002129060950641391,23.171457908400043,1.0,0.0,nan,nan,0.6039999999999999,0.039931908013968426,0.2000888755046021,0.1990998469858188,0.0,"[300, 300, 300, 100, 300]","[0.0017091096285624667, 0.0007097966628749367, 0.0020191249461904114, 0.006132317332896499, 7.495618268263914e-05]",,0.035403483545025004,0.019141082897907006,5.0,1.96,nan,known-logging,sieve,frozen,neural-fore,known-uniform,0.8,1.0,0.0,0.02,0.0
10000,17470899,1000000,-0.3170054884673674,-0.31025468839899506,-0.32827691937027453,0.006750800068372365,-0.01127143090290711,0.03601871053173863,-0.39887359201248224,-0.25768024672806683,1.0,0.1411933452844154,0.005235953232181232,0.002425315915397647,0.0030122077115029566,13.239054142165724,16.830207310397327,6728.524217041919,300.0,0.0022700626208347406,24.978555491798033,1.0,0.0,nan,nan,6.004,0.040618611641169595,0.20417725678678317,0.20007740149422645,0.0,"[300, 300, 300, 300, 300]","[0.0, 0.0, 0.0, 0.0017639624083732445, 0.00958635069580046]",,0.03601871053173863,0.031844284571352965,5.0,1.96,nan,known-logging,sieve,frozen,neural-fore,known-uniform,0.8,1.0,0.0,0.02,0.0
10000,17570902,1000000,-0.3170054884673674,-0.3175825508757767,-0.3391907905202784,-0.0005770624084092679,-0.02218530205291097,0.03611872416681497,-0.40998348988723576,-0.26839809115332103,1.0,0.14158539873391468,0.006923758785676683,0.002425315915397647,0.0030122077115029566,13.224816427387617,15.543833328144437,6740.181142261498,220.0,0.0036067038702142797,21.20871028360125,1.0,0.0,nan,nan,6.4,0.04064784821442298,0.20557593513252992,0.19934204861112045,0.0,"[100, 300, 300, 100, 300]","[0.012429904842968367, 0.00030045724563512884, 0.0, 0.0021302328986162605, 0.0031729243638516417]",,0.03611872416681497,0.01916760174692433,5.0,1.96,nan,known-logging,sieve,frozen,neural-fore,known-uniform,0.8,1.0,0.0,0.02,0.0
10000,17670905,1000000,-0.3170054884673674,-0.3111948694286423,-0.26808333910986654,0.005810619038725151,0.04892214935750089,0.03477916772396464,-0.33625050784883725,-0.19991617037089585,1.0,0.13633433747794138,0.004501979499102182,0.002425315915397647,0.0030122077115029566,13.132477989098687,14.780127587592093,6764.348453579922,300.0,0.0006704169279662356,24.803693966401624,1.0,0.0,nan,nan,2.404,0.04083071351232588,0.2009743823297135,0.20329868841602447,0.0,"[300, 300, 300, 300, 300]","[0.0010879240005151041, 0.0, 0.0, 0.0, 0.002264160639316074]",,0.03477916772396464,0.03801678412688514,5.0,1.96,nan,known-logging,sieve,frozen,neural-fore,known-uniform,0.8,1.0,0.0,0.02,0.0
10000,17770908,1000000,-0.3170054884673674,-0.31806605109469155,-0.326581610840737,-0.0010605626273241242,-0.009576122373369578,0.03595969230931822,-0.3970626077670007,-0.2561006139144733,1.0,0.14096199385252742,0.006946114846833408,0.002425315915397647,0.0030122077115029566,12.415205047505925,22.889245150063573,6749.397182896485,220.0,0.00305243902751257,20.997811791799176,1.0,0.0,nan,nan,2.206,0.039637588137043434,0.19852119706211163,0.19832745411941008,0.0,"[300, 300, 100, 100, 300]","[0.0, 0.0, 0.003683929850117093, 0.004602931490328709, 0.006975333797117045]",,0.03595969230931822,0.01425526974532723,5.0,1.96,nan,known-logging,sieve,frozen,neural-fore,known-uniform,0.8,1.0,0.0,0.02,0.0
10000,17870911,1000000,-0.3170054884673674,-0.29774695461053347,-0.34796839137904695,0.01925853385683396,-0.030962902911679524,0.037156883278582645,-0.42079588260506895,-0.27514090015302495,1.0,0.14565498245204397,0.006551724396215926,0.002425315915397647,0.0030122077115029566,13.757141800680566,19.67091582141933,6689.729377971372,220.0,0.003947799102715692,21.511459816600837,1.0,0.0,nan,nan,4.401999999999999,0.04062990493025831,0.202369105913547,0.20063887882862902,0.0,"[300, 300, 100, 300, 100]","[0.0038606922391797105, 0.004748279391137173, 0.006111951052100363, 0.0, 0.005018072831161214]",,0.037156883278582645,0.034309596380237284,5.0,1.96,nan,known-logging,sieve,frozen,neural-fore,known-uniform,0.8,1.0,0.0,0.02,0.0
10000,17970914,1000000,-0.3170054884673674,-0.3149828263681234,-0.3420812986976675,0.0020226620992440103,-0.02507581023030009,0.03674097065865365,-0.41409360118862865,-0.2700689962067064,1.0,0.1440246049819223,0.005113346790114929,0.002425315915397647,0.0030122077115029566,13.9858386403841,17.766092365403154,6706.054021796449,220.0,0.003008094182661618,22.234780483399664,1.0,0.0,nan,nan,4.402,0.04058068823974999,0.19905566802712854,0.20284908836224824,0.0,"[300, 100, 300, 300, 100]","[0.0019899877822286724, 0.005849626337858057, 0.0019532744511754274, 0.0, 0.005247582342045934]",,0.03674097065865365,0.03533926326813679,5.0,1.96,nan,known-logging,sieve,frozen,neural-fore,known-uniform,0.8,1.0,0.0,0.02,0.0
10000,18070917,1000000,-0.3170054884673674,-0.30964686283829934,-0.27372188611598663,0.007358625629068083,0.04328360235138079,0.035551375430020314,-0.34340258195882645,-0.20404119027314682,1.0,0.13936139168567963,0.006418103519086944,0.002425315915397647,0.0030122077115029566,13.622044626461213,17.96715735914261,6699.8489890495275,260.0,0.002053742002385196,22.695381766798526,1.0,0.0,nan,nan,4.6,0.040711622730896305,0.19801504823240584,0.20520590005075032,0.0,"[300, 300, 300, 100, 300]","[0.0027797666570577263, 0.0012742054330964793, 0.0013895653269554347, 0.004825172594816339, 0.0]",,0.035551375430020314,0.04179305592636978,5.0,1.96,nan,known-logging,sieve,frozen,neural-fore,known-uniform,0.8,1.0,0.0,0.02,0.0
10000,18170920,1000000,-0.3170054884673674,-0.31832513346578906,-0.3577122050182736,-0.0013196449984216319,-0.040706716550906186,0.03607928552912041,-0.4284276046553496,-0.2869968053811976,1.0,0.141430799274152,0.006471302103443735,0.002425315915397647,0.0030122077115029566,12.804306952378303,15.105171420668528,6780.971574999951,260.0,0.003078517622548547,22.68889399179825,1.0,0.0,nan,nan,0.6039999999999999,0.039957207061626046,0.1979820702550798,0.20150871828672406,0.0,"[300, 100, 300, 300, 300]","[0.004872094331740495, 0.003182585559809214, 0.0045778311397116625, 0.0023022528909501312, 0.00045782419053123143]",,0.03607928552912041,0.022720563767123347,5.0,1.96,nan,known-logging,sieve,frozen,neural-fore,known-uniform,0.8,1.0,0.0,0.02,0.0
10000,18270923,1000000,-0.3170054884673674,-0.3073044791004311,-0.2800845256073822,0.009701009366936297,0.03692096285998525,0.03463653260864438,-0.3479721295203252,-0.21219692169443918,1.0,0.13577520782588598,0.00776035174230631,0.002425315915397647,0.0030122077115029566,13.04348334608508,14.17346189441894,6903.146173547919,260.0,0.0021396362404625265,22.659514317000866,1.0,0.0,nan,nan,4.401999999999999,0.04091876890435779,0.20297070714132945,0.20376500922963242,0.0,"[300, 100, 300, 300, 300]","[0.0, 0.00843236690643318, 0.0, 0.0022658142958794517, 0.0]",,0.03463653260864438,0.04248149149575804,5.0,1.96,nan,known-logging,sieve,frozen,neural-fore,known-uniform,0.8,1.0,0.0,0.02,0.0
10000,18370926,1000000,-0.3170054884673674,-0.3162556050516453,-0.3546314918525553,0.0007498834157221301,-0.0376260033851879,0.03636232508208993,-0.4259016490134516,-0.28336133469165903,1.0,0.14254031432179254,0.005693612768037226,0.002425315915397647,0.0030122077115029566,13.168477646926945,17.843634560072804,6748.153558496176,220.0,0.0029038457262206612,21.70012731680108,1.0,0.0,nan,nan,2.8,0.0403270895488365,0.2052481693169196,0.19663596496364222,0.0,"[300, 300, 300, 100, 100]","[0.0, 0.0, 0.002186402274472583, 0.00583847745386029, 0.006494348902770432]",,0.03636232508208993,0.04443745372195973,5.0,1.96,nan,known-logging,sieve,frozen,neural-fore,known-uniform,0.8,1.0,0.0,0.02,0.0
10000,18470929,1000000,-0.3170054884673674,-0.2992762908530323,-0.2777808090597583,0.017729197614335113,0.0392246794076091,0.03524636583048008,-0.3468636860874993,-0.20869793203201736,1.0,0.13816575405548193,0.005124900047885817,0.002425315915397647,0.0030122077115029566,13.280585874488358,17.97565538638164,6802.977942652024,260.0,0.0015636733190011781,22.777667341402413,1.0,0.0,nan,nan,0.20800000000000002,0.0403502832334197,0.20064492212989124,0.201721147349858,0.0,"[100, 300, 300, 300, 300]","[0.00781836659500589, 0.0, 0.0, 0.0, 0.0]",,0.03524636583048008,0.024433952829377648,5.0,1.96,nan,known-logging,sieve,frozen,neural-fore,known-uniform,0.8,1.0,0.0,0.02,0.0
10000,18570932,1000000,-0.3170054884673674,-0.3079772298624797,-0.29049390445997264,0.009028258604887707,0.026511584007394784,0.0358883335443576,-0.36083503820691354,-0.22015277071303174,1.0,0.1406822674938818,0.006304970836702541,0.002425315915397647,0.0030122077115029566,13.389762071619174,18.105969162519905,6698.256996330345,220.0,0.004564915291841816,21.111776941799327,1.0,0.0,nan,nan,6.004,0.041976171967189106,0.20469586247773847,0.2052434455989284,0.0,"[100, 300, 300, 300, 100]","[0.006928681195042011, 0.0, 0.005391582516631956, 0.0, 0.010504312747535112]",,0.0358883335443576,0.017662847933600425,5.0,1.96,nan,known-logging,sieve,frozen,neural-fore,known-uniform,0.8,1.0,0.0,0.02,0.0
10000,18670935,1000000,-0.3170054884673674,-0.30951649827619737,-0.2783744372723758,0.007488990191170053,0.038631051194991606,0.03509701393203988,-0.347164584579174,-0.20958428996557765,1.0,0.13758029461359633,0.0048388811893816394,0.002425315915397647,0.0030122077115029566,13.013344888765435,15.014355676824861,6800.669703767887,260.0,0.0012416057473284385,24.913651466800367,1.0,0.0,nan,nan,2.602,0.039579823583720516,0.19838812074382414,0.19861007611269463,0.0,"[300, 300, 300, 100, 300]","[0.0, 0.0004891299039584111, 0.0, 0.005718898832683781, 0.0]",,0.03509701393203988,0.03016713067769476,5.0,1.96,nan,known-logging,sieve,frozen,neural-fore,known-uniform,0.8,1.0,0.0,0.02,0.0
10000,18770938,1000000,-0.3170054884673674,-0.31469917660162444,-0.32349026987250856,0.0023063118657429826,-0.006484781405141138,0.035472614378292126,-0.3930165940539611,-0.253963945691056,1.0,0.13905264836290512,0.005884370198023201,0.002425315915397647,0.0030122077115029566,13.034072381198971,15.900114225330208,6840.43740152997,220.0,0.003234016387781423,23.6754646329995,1.0,0.0,nan,nan,4.204,0.04046374367511864,0.20157718298343985,0.20129037660017568,0.0,"[100, 300, 100, 300, 300]","[0.00805882559761307, 0.0014917014511533172, 0.0057568391071398176, 0.00024886566039025146, 0.0006138501226106563]",,0.035472614378292126,0.04902632702148317,5.0,1.96,nan,known-logging,sieve,frozen,neural-fore,known-uniform,0.8,1.0,0.0,0.02,0.0
10000,18870941,1000000,-0.3170054884673674,-0.32080801450862984,-0.2856607335962412,-0.0038025260412624107,0.0313447548711262,0.034731782443715845,-0.3537350271859243,-0.21758644000655816,1.0,0.13614858717936612,0.00646548374910573,0.002425315915397647,0.0030122077115029566,12.707661760688008,15.105829540313996,6794.912006093239,220.0,0.0021502908369240314,23.49799112420078,1.0,0.0,nan,nan,6.220000000000001,0.04120264594297215,0.20330855740908485,0.20081824176636784,0.0,"[100, 300, 100, 300, 300]","[0.006842612998287179, 0.0, 0.003908841186332977, 0.0, 0.0]",,0.034731782443715845,0.04034001481532961,5.0,1.96,nan,known-logging,sieve,frozen,neural-fore,known-uniform,0.8,1.0,0.0,0.02,0.0
10000,18970944,1000000,-0.3170054884673674,-0.31424365400012766,-0.3887288326674866,0.0027618344672397654,-0.07172334420011917,0.03662790550027084,-0.46051952744801744,-0.31693813788695574,1.0,0.1435813895610617,0.006131694927400214,0.002425315915397647,0.0030122077115029566,13.898214715240567,15.748067431140413,6595.712205302871,300.0,0.000829428586214573,26.17933937499911,1.0,0.0,nan,nan,6.202,0.040441264036714206,0.20220380900057341,0.2002132670063234,0.0,"[300, 300, 300, 300, 300]","[0.0, 0.0, 0.0012331949761969462, 0.0, 0.002913947954875919]",,0.03662790550027084,0.02665248731632451,5.0,1.96,nan,known-logging,sieve,frozen,neural-fore,known-uniform,0.8,1.0,0.0,0.02,0.0
10000,19070947,1000000,-0.3170054884673674,-0.3060069277619049,-0.3214236103918199,0.010998560705462512,-0.004418121924452456,0.0363071346345485,-0.39258559427553497,-0.2502616265081048,1.0,0.14232396776743012,0.009261130655788144,0.002425315915397647,0.0030122077115029566,13.152213238630164,16.589200434021016,6755.398088964455,260.0,0.0013988497399544733,24.560246075400936,1.0,0.0,nan,nan,4.204,0.04099700261215091,0.19945577049964444,0.20506219887786603,0.0,"[300, 100, 300, 300, 300]","[0.00026704203083352995, 0.003358934333749111, 0.002607692822897451, 0.0, 0.0007605795122922743]",,0.0363071346345485,0.03263262595749801,5.0,1.96,nan,known-logging,sieve,frozen,neural-fore,known-uniform,0.8,1.0,0.0,0.02,0.0
10000,19170950,1000000,-0.3170054884673674,-0.3151139344931147,-0.3367854666352101,0.0018915539742527243,-0.01977997816784266,0.03625311968789352,-0.40784158122348135,-0.2657293520469388,1.0,0.1421122291765426,0.007667445544362402,0.002425315915397647,0.0030122077115029566,13.553091360829667,17.77091993474607,6669.140231960882,260.0,0.0025270737586591463,23.60494385020138,1.0,0.0,nan,nan,4.401999999999999,0.04051784270927384,0.2011308152162065,0.201493643944538,0.0,"[300, 100, 300, 300, 300]","[0.006590173734639554, 0.004914268892193557, 0.0011309261664626219, 0.0, 0.0]",,0.03625311968789352,0.07182420983966563,5.0,1.96,nan,known-logging,sieve,frozen,neural-fore,known-uniform,0.8,1.0,0.0,0.02,0.0
10000,19270953,1000000,-0.3170054884673674,-0.317707898702138,-0.3483787273441544,-0.0007024102347705785,-0.031373238876787,0.03649453264654886,-0.4199080113313902,-0.27684944335691863,1.0,0.14305856797447153,0.005306797572831823,0.002425315915397647,0.0030122077115029566,13.79059295279574,16.68021909366135,6677.1345988075245,180.0,0.0031229627701345707,20.496449725599813,1.0,0.0,nan,nan,4.204,0.04011593942724293,0.20117883865818414,0.20119082560503604,0.0,"[100, 300, 100, 300, 100]","[0.004537027377735079, 0.0008806161048323961, 0.005443676902893943, 0.0, 0.004753493465211434]",,0.03649453264654886,0.021544157651036015,5.0,1.96,nan,known-logging,sieve,frozen,neural-fore,known-uniform,0.8,1.0,0.0,0.02,0.0
10000,19370956,1000000,-0.3170054884673674,-0.31551889867985194,-0.3005054876898462,0.0014865897875154799,0.01650000077752123,0.0353271103901768,-0.36974662405459274,-0.23126435132509965,1.0,0.13848227272949307,0.007420986107456387,0.002425315915397647,0.0030122077115029566,12.677354821150386,14.747976811976978,6718.692227070328,300.0,0.0009699156371348602,25.086695400202007,1.0,0.0,nan,nan,6.202,0.03960744154697232,0.1959143770346062,0.20168760765522648,0.0,"[300, 300, 300, 300, 300]","[0.0, 0.0, 0.0004982554390800952, 0.0, 0.004351322746594206]",,0.0353271103901768,0.058359278457997904,5.0,1.96,nan,known-logging,sieve,frozen,neural-fore,known-uniform,0.8,1.0,0.0,0.02,0.0
10000,19470959,1000000,-0.3170054884673674,-0.3160841533204113,-0.2947687383661493,0.000921335146956137,0.022236750101218117,0.03559917829990288,-0.3645431278339589,-0.22499434889833966,1.0,0.1395487789356193,0.006004528725859341,0.002425315915397647,0.0030122077115029566,13.041390711490125,14.668153058378898,6778.318511345066,260.0,0.0006262551394456515,23.743067683600383,1.0000000000000002,0.0,nan,nan,8.2,0.03947361265836129,0.19966987620612525,0.19806035731401733,0.0,"[100, 300, 300, 300, 300]","[0.0015218029510598895, 0.0, 0.0, 0.0016094727461683674, 0.0]",,0.03559917829990288,0.011588842167157255,5.0,1.96,nan,known-logging,sieve,frozen,neural-fore,known-uniform,0.8,1.0,0.0,0.02,0.0
10000,19570962,1000000,-0.3170054884673674,-0.3105268498438705,-0.3521842409021101,0.006478638623496902,-0.035178752434742666,0.03653443003079601,-0.42379172376247026,-0.2805767580417499,1.0,0.14321496572072037,0.008830586745336395,0.002425315915397647,0.0030122077115029566,13.134689179987605,13.970150883087642,6665.0052860501055,180.0,0.005349762213874553,20.50192907520104,1.0,0.0,nan,nan,4.204,0.039768928301871245,0.19804305854400842,0.19991806802918893,0.0,"[300, 100, 300, 100, 100]","[0.003868973139363484, 0.003092055365476949, 0.0, 0.01473051533944715, 0.005057267225085178]",,0.03653443003079601,0.042168351346689864,5.0,1.96,nan,known-logging,sieve,frozen,neural-fore,known-uniform,0.8,1.0,0.0,0.02,0.0
10000,19670965,1000000,-0.3170054884673674,-0.3055714395859774,-0.33752089456250794,0.011434048881390046,-0.02051540609514052,0.03688517100119551,-0.40981582972485114,-0.26522595940016475,1.0,0.1445898703246864,0.006909664533821534,0.002425315915397647,0.0030122077115029566,14.01715176011597,20.466841883549485,6636.567274584777,260.0,0.0011960952054598766,24.981948374996865,1.0,0.0,nan,nan,6.202,0.03985365377383188,0.2001247787393364,0.20173563807818776,0.0,"[100, 300, 300, 300, 300]","[0.004773096993453655, 0.0, 0.0, 0.0, 0.0012073790338457285]",,0.03688517100119551,0.022517607209958306,5.0,1.96,nan,known-logging,sieve,frozen,neural-fore,known-uniform,0.8,1.0,0.0,0.02,0.0
10000,19770968,1000000,-0.3170054884673674,-0.3123826908756933,-0.36848727765854467,0.00462279759167411,-0.05148178919117724,0.036144116405522786,-0.4393297458133693,-0.29764480950372,1.0,0.14168493630964932,0.006886652890813142,0.002425315915397647,0.0030122077115029566,12.917002113148241,16.27708973454851,6721.179018734641,260.0,0.002451255224044704,24.15034038340018,1.0,0.0,nan,nan,4.401999999999999,0.03972593783867175,0.19794127712890613,0.1985747325659106,0.0,"[100, 300, 300, 300, 300]","[0.005173528713124008, 0.0004081992951937045, 0.0, 0.005528653379350731, 0.0011458947325550773]",,0.036144116405522786,0.024226554930530313,5.0,1.96,nan,known-logging,sieve,frozen,neural-fore,known-uniform,0.8,1.0,0.0,0.02,0.0
10000,19870971,1000000,-0.3170054884673674,-0.3028613479961534,-0.333145199488366,0.01414414047121404,-0.016139711020998593,0.03652258351527896,-0.40472946317831276,-0.26156093579841927,1.0,0.14316852737989352,0.006273507933316361,0.002425315915397647,0.0030122077115029566,13.351417220975316,17.939807115144333,6700.200588019445,300.0,0.0030124317178822106,25.72006314140308,1.0000000000000002,0.0,nan,nan,4.222,0.04040297547171462,0.20248633465824803,0.19799790410877052,0.0,"[300, 300, 300, 300, 300]","[0.0030461526349195253, 0.007675995959389065, 0.0015959855368467986, 0.0018194102625916015, 0.0009246141956640621]",,0.03652258351527896,0.04764979056514934,5.0,1.96,nan,known-logging,sieve,frozen,neural-fore,known-uniform,0.8,1.0,0.0,0.02,0.0
10000,19970974,1000000,-0.3170054884673674,-0.3154431680759442,-0.29166020908112544,0.001562320391423233,0.02534527938624198,0.03523621303542948,-0.36072318663056724,-0.22259723153168365,1.0,0.13812595509888356,0.006220964111458151,0.002425315915397647,0.0030122077115029566,13.641860525940965,19.412552699451158,6743.401127078471,260.0,0.003026997495363223,24.42695863300105,1.0,0.0,nan,nan,4.401999999999999,0.04063206436513885,0.20327784715336294,0.19974129245491165,0.0,"[300, 300, 300, 300, 100]","[0.0, 0.006604516441357563, 0.004634256226153379, 0.0, 0.003896214809305174]",,0.03523621303542948,0.05744540138623012,5.0,1.96,nan,known-logging,sieve,frozen,neural-fore,known-uniform,0.8,1.0,0.0,0.02,0.0
10000,20070977,1000000,-0.3170054884673674,-0.3184507554149412,-0.30313857360498536,-0.0014452669475737978,0.013866914862382063,0.03519862597510005,-0.37212788051618145,-0.23414926669378927,1.0,0.13797861382239218,0.006083303382018744,0.002425315915397647,0.0030122077115029566,12.741716735077892,14.452467168603295,6789.040124025959,260.0,0.0023963865474770493,24.440871825999057,1.0,0.0,nan,nan,4.204000000000001,0.0412216230991884,0.20033427695582304,0.20452817334558365,0.0,"[300, 100, 300, 300, 300]","[0.0, 0.010735445150859824, 0.0, 0.0, 0.0012464875865254219]",,0.03519862597510005,0.04306917238305455,5.0,1.96,nan,known-logging,sieve,frozen,neural-fore,known-uniform,0.8,1.0,0.0,0.02,0.0
10000,20170980,1000000,-0.3170054884673674,-0.3104993492802721,-0.3542244585993216,0.006506139187095306,-0.03721897013195419,0.03635701431402502,-0.4254842066548107,-0.28296471054383254,1.0,0.14251949611097808,0.006838880840409064,0.002425315915397647,0.0030122077115029566,12.852540164710176,16.02464858477782,6686.913055653118,220.0,0.001758384075068525,22.247213183200802,1.0,0.0,nan,nan,4.6,0.04065586762963906,0.20527411281878857,0.1986474596573485,0.0,"[100, 100, 300, 300, 300]","[0.005606012016217562, 0.003185908359125063, 0.0, 0.0, 0.0]",,0.03635701431402502,0.028480670208131234,5.0,1.96,nan,known-logging,sieve,frozen,neural-fore,known-uniform,0.8,1.0,0.0,0.02,0.0
10000,20270983,1000000,-0.3170054884673674,-0.31947906440900165,-0.24062930819993766,-0.0024735759416342207,0.07637618026742976,0.034205637808448076,-0.3076723583044959,-0.17358625809537942,0.0,0.13408610020911646,0.005554778605688729,0.002425315915397647,0.0030122077115029566,12.89241032896098,16.851536352576407,6918.790972510313,260.0,0.002591602594065818,23.936285134200443,1.0,0.0,nan,nan,4.204,0.0395117137555208,0.19706595070309332,0.19778923112306915,0.0,"[300, 300, 300, 300, 100]","[0.003642411115037013, 0.0, 0.0, 0.0, 0.009315601855292076]",,0.034205637808448076,0.018034727507359054,5.0,1.96,nan,known-logging,sieve,frozen,neural-fore,known-uniform,0.8,1.0,0.0,0.02,0.0
10000,20370986,1000000,-0.3170054884673674,-0.30496806370593366,-0.3541551615114586,0.012037424761433768,-0.03714967304409117,0.03670195980336475,-0.4260910027260535,-0.2822193202968637,1.0,0.14387168242918982,0.009246690159541484,0.002425315915397647,0.0030122077115029566,14.476617389540916,18.902490821361194,6534.803523763596,260.0,0.0034679359954776683,24.109677083199493,1.0,0.0,nan,nan,0.6039999999999999,0.039856876237572475,0.19925681363729186,0.19913384059809353,0.0,"[300, 300, 300, 300, 100]","[0.006571572594802615, 0.0, 0.0019938481449199123, 0.0, 0.008774259237665815]",,0.03670195980336475,0.026269631462189854,5.0,1.96,nan,known-logging,sieve,frozen,neural-fore,known-uniform,0.8,1.0,0.0,0.02,0.0
10000,20470989,1000000,-0.3170054884673674,-0.3116779543261549,-0.2845837192747039,0.005327534141212509,0.03242176919266354,0.03491185665500578,-0.3530109583185152,-0.21615648023089257,1.0,0.13685447808762263,0.006735782710301734,0.002425315915397647,0.0030122077115029566,13.416256520753889,20.218467125686036,6848.60075157209,260.0,0.0022714456318138434,24.927560033398912,1.0,0.0,nan,nan,2.602,0.04085279332259428,0.20373236114839485,0.2021442406545364,0.0,"[300, 100, 300, 300, 300]","[0.0025556291566520986, 0.007385161302393918, 0.001416437700023198, 0.0, 0.0]",,0.03491185665500578,0.03857253435528814,5.0,1.96,nan,known-logging,sieve,frozen,neural-fore,known-uniform,0.8,1.0,0.0,0.02,0.0
10000,20570992,1000000,-0.3170054884673674,-0.31207277397730215,-0.2710939150305047,0.004932714490065271,0.04591157343686275,0.03454471358005447,-0.33880155364741144,-0.2033862764135979,1.0,0.1354152772338135,0.005957744348848221,0.002425315915397647,0.0030122077115029566,12.093409611460661,14.228705999944046,6883.215526341151,300.0,0.000599576916241851,25.1789453756006,1.0,0.0,nan,nan,6.202,0.03952662937924054,0.19638986116842175,0.20037304071537906,0.0,"[300, 300, 300, 300, 300]","[0.0, 0.0, 0.0008137333593413384, 0.0020492609964988485, 0.0001348902253690686]",,0.03454471358005447,0.04617369296620741,5.0,1.96,nan,known-logging,sieve,frozen,neural-fore,known-uniform,0.8,1.0,0.0,0.02,0.0
10000,20670995,1000000,-0.3170054884673674,-0.31153023111334255,-0.35287564220942486,0.005475257354024876,-0.03587015374205743,0.036331522824031494,-0.42408542694452656,-0.28166585747432316,1.0,0.14241956947020346,0.006060780517626832,0.002425315915397647,0.0030122077115029566,12.972421940780519,16.323647696734845,6694.739588271674,220.0,0.003679114271934582,22.561487266201585,1.0,0.0,nan,nan,4.401999999999999,0.03978047413329117,0.19721986395821572,0.20184620007517937,0.0,"[300, 100, 100, 300, 300]","[0.0, 0.004039586953540529, 0.00808700579729452, 0.0, 0.006268978608837858]",,0.036331522824031494,0.028815099105950186,5.0,1.96,nan,known-logging,sieve,frozen,neural-fore,known-uniform,0.8,1.0,0.0,0.02,0.0
10000,20770998,1000000,-0.3170054884673674,-0.31906202838745723,-0.33924625710017536,-0.002056539920089806,-0.02224076863280794,0.035976887607243754,-0.4097609568103731,-0.2687315573899776,1.0,0.14102939942039552,0.00472859632120361,0.002425315915397647,0.0030122077115029566,13.107371834303915,13.878746555686266,6764.019265940093,300.0,0.0023277778475475934,27.387681933200657,1.0,0.0,nan,nan,8.2,0.040033858946921186,0.19856123608777362,0.2016181655457995,0.0,"[300, 300, 300, 300, 300]","[0.0016497376766970843, 0.006101131084195127, 0.0038880204768457546, 0.0, 0.0]",,0.035976887607243754,0.046470757024182185,5.0,1.96,nan,known-logging,sieve,frozen,neural-fore,known-uniform,0.8,1.0,0.0,0.02,0.0
10000,20871001,1000000,-0.3170054884673674,-0.3126409514132973,-0.40292080052127427,0.004364537054070139,-0.08591531205390684,0.03781539130239749,-0.47703896747397334,-0.3288026335685752,0.0,0.14823633390539817,0.0061744511243669795,0.002425315915397647,0.0030122077115029566,13.81980409000798,16.449141263556076,6578.813900841175,300.0,0.0006334166860879869,28.011847416798265,1.0,0.0,nan,nan,6.004,0.04065465614948931,0.20014361318797141,0.2034501843280498,0.0,"[300, 300, 300, 300, 300]","[0.0010391536448423424, 0.0, 0.0, 0.0, 0.002127929785597592]",,0.03781539130239749,0.029934634543783895,5.0,1.96,nan,known-logging,sieve,frozen,neural-fore,known-uniform,0.8,1.0,0.0,0.02,0.0
10000,20971004,1000000,-0.3170054884673674,-0.31628849907417494,-0.3793317461819455,0.0007169893931924798,-0.06232625771457806,0.03736619068610047,-0.4525694799267024,-0.3060940124371886,1.0,0.14647546748951384,0.006277686088507081,0.002425315915397647,0.0030122077115029566,14.00594655266064,17.179473095411645,6572.939208676792,260.0,0.0015847391858209482,25.755423074399733,1.0,0.0,nan,nan,6.004,0.040207382528607845,0.201167504925454,0.20224281454360987,0.0,"[300, 300, 100, 300, 300]","[0.0, 0.00038599315322810485, 0.0054315707037936815, 0.0016438861207386558, 0.00046224595134429806]",,0.03736619068610047,0.050257297500793226,5.0,1.96,nan,known-logging,sieve,frozen,neural-fore,known-uniform,0.8,1.0,0.0,0.02,0.0
10000,21071007,1000000,-0.3170054884673674,-0.3080365552992501,-0.29300438361925724,0.00896893316811731,0.02400110484811019,0.03556732987439866,-0.3627163501730786,-0.22329241706543584,1.0,0.13942393310764276,0.006365798139624767,0.002425315915397647,0.0030122077115029566,13.334010600880182,16.399611558474376,6800.680311574001,220.0,0.0035053521189720447,26.351950566997402,1.0,0.0,nan,nan,2.008,0.04104993138608827,0.20375532872604304,0.20106522335194915,0.0,"[300, 300, 100, 300, 100]","[0.0, 0.0, 0.003469945393209097, 0.00444818125569411, 0.009608633945957016]",,0.03556732987439866,0.038085593666630856,5.0,1.96,nan,known-logging,sieve,frozen,neural-fore,known-uniform,0.8,1.0,0.0,0.02,0.0
10000,21171010,1000000,-0.3170054884673674,-0.31690091358376443,-0.22071319662450678,0.0001045748836029925,0.09629229184286064,0.034432494125195424,-0.28820088510988984,-0.15322550813912375,0.0,0.13497537697076606,0.006881119137074965,0.002425315915397647,0.0030122077115029566,12.642422193715676,15.848849485665058,6808.668497490224,260.0,0.0018312673856174261,30.163939400201343,1.0,0.0,nan,nan,6.0040000000000004,0.04031799627926063,0.2030232046702724,0.19786456060793442,0.0,"[300, 100, 300, 300, 300]","[0.0, 0.007811285489101921, 0.0, 0.0, 0.0013450514389852096]",,0.034432494125195424,0.053828693425514045,5.0,1.96,nan,known-logging,sieve,frozen,neural-fore,known-uniform,0.8,1.0,0.0,0.02,0.0
10000,21271013,1000000,-0.3170054884673674,-0.31816451727303713,-0.3071818149006342,-0.001159028805669704,0.009823673566733249,0.03528751253724942,-0.376345339473643,-0.23801829032762534,1.0,0.1383270491460177,0.005377635743039308,0.002425315915397647,0.0030122077115029566,13.443342435270374,17.160738593593212,6836.276406912624,220.0,0.0041272922261745195,30.04716700900026,1.0,0.0,nan,nan,0.6039999999999999,0.04061653304905412,0.19810145069348134,0.2039921921818717,0.0,"[300, 300, 300, 100, 100]","[0.0016911423025814352, 0.006171361766472633, 0.0001444006675672203, 0.0034866869781197945, 0.009142869416131516]",,0.03528751253724942,0.02638120534859787,5.0,1.96,nan,known-logging,sieve,frozen,neural-fore,known-uniform,0.8,1.0,0.0,0.02,0.0
10000,21371016,1000000,-0.3170054884673674,-0.30502977601427583,-0.2311665075973107,0.011975712453091591,0.08583898087005673,0.03424130169141562,-0.2982794589124853,-0.16405355628213608,0.0,0.13422590263034923,0.005313552446731249,0.002425315915397647,0.0030122077115029566,12.739341154950697,17.95824194663482,6880.531527895848,220.0,0.0034924269485840016,28.438192466000327,1.0,0.0,nan,nan,4.222,0.04082730908152682,0.20092020091501409,0.20214437294469834,0.0,"[100, 100, 300, 300, 300]","[0.0030203480573890574, 0.004391067740496955, 0.007527678368753538, 0.0025230405762804594, 0.0]",,0.03424130169141562,0.031089195460137643,5.0,1.96,nan,known-logging,sieve,frozen,neural-fore,known-uniform,0.8,1.0,0.0,0.02,0.0
10000,21471019,1000000,-0.3170054884673674,-0.3226790962483236,-0.364085438583212,-0.005673607780956158,-0.04707995011584459,0.03658276221013199,-0.43578765251507073,-0.2923832246513533,1.0,0.1434044278637174,0.005390410314080388,0.002425315915397647,0.0030122077115029566,12.774799037387222,16.277829333161744,6695.324566460265,300.0,0.0022386271469848015,33.65628867479827,1.0,0.0,nan,nan,6.202,0.03936876991556839,0.19743679646648118,0.19887314998743555,0.0,"[300, 300, 300, 300, 300]","[0.0010523746673435403, 0.0, 0.0055004727600378184, 0.0, 0.004640288307542649]",,0.03658276221013199,0.03788722138820212,5.0,1.96,nan,known-logging,sieve,frozen,neural-fore,known-uniform,0.8,1.0,0.0,0.02,0.0
10000,21571022,1000000,-0.3170054884673674,-0.31493164912591937,-0.32430047524817207,0.0020738393414480583,-0.0072949867808046465,0.035693193565687724,-0.39425913463692003,-0.2543418158594241,1.0,0.13991731877749589,0.006970628244198488,0.002425315915397647,0.0030122077115029566,12.751318022114242,15.434065571569523,6704.868380121193,260.0,0.0019216392751181571,30.961300732997916,1.0,0.0,nan,nan,2.008,0.04044588167466111,0.20004321705749212,0.20057622338191047,0.0,"[300, 100, 300, 300, 300]","[0.003074308906360658, 0.005467995329802706, 0.0010658921394274211, 0.0, 0.0]",,0.035693193565687724,0.03180622871464337,5.0,1.96,nan,known-logging,sieve,frozen,neural-fore,known-uniform,0.8,1.0,0.0,0.02,0.0
10000,21671025,1000000,-0.3170054884673674,-0.3137523764790713,-0.3055436285545546,0.0032531119882961423,0.011461859912812844,0.03542551634478396,-0.3749776405903311,-0.23610961651877801,1.0,0.13886802407155313,0.0048811422017219505,0.002425315915397647,0.0030122077115029566,13.720176348393162,17.87638877831292,6787.649001662231,260.0,0.0010874837872769058,29.14661279919674,0.9999999999999998,0.0,nan,nan,6.0040000000000004,0.039290998971977915,0.19820978101937917,0.19863973748191155,0.0,"[100, 300, 300, 300, 300]","[0.0024605904483187614, 0.0029768284880657674, 0.0, 0.0, 0.0]",,0.03542551634478396,0.030118356565510193,5.0,1.96,nan,known-logging,sieve,frozen,neural-fore,known-uniform,0.8,1.0,0.0,0.02,0.0
10000,21771028,1000000,-0.3170054884673674,-0.31670780003650967,-0.34101234962965166,0.00029768843085775654,-0.024006861162284232,0.03589525603364128,-0.41136705145558855,-0.27065764780371476,1.0,0.14070940365187382,0.005677489030883596,0.002425315915397647,0.0030122077115029566,13.140121710828149,16.079452270374937,6680.061188453651,260.0,0.0012549564531280613,30.434497724600078,1.0,0.0,nan,nan,4.204,0.04053060941945806,0.20404648007373427,0.1980752857488411,0.0,"[300, 300, 100, 300, 300]","[0.0, 0.0, 0.004318020987045714, 0.0019567612785945923, 0.0]",,0.03589525603364128,0.05611189168774976,5.0,1.96,nan,known-logging,sieve,frozen,neural-fore,known-uniform,0.8,1.0,0.0,0.02,0.0
10000,21871031,1000000,-0.3170054884673674,-0.3089973651343235,-0.3296865214456284,0.008008123333043904,-0.012681032978260953,0.03567350051184798,-0.3996065824488504,-0.25976646044240637,1.0,0.13984012200644408,0.006628566787304595,0.002425315915397647,0.0030122077115029566,13.207488860838193,15.578925090947356,6690.984370870217,260.0,0.0016611517043059552,30.669178783999815,1.0,0.0,nan,nan,8.2,0.040620956680838066,0.20229153777230988,0.2013826485541038,0.0,"[300, 300, 300, 300, 100]","[0.0036018313378685727, 0.0, 0.0, 0.0, 0.0047039271836612035]",,0.03567350051184798,0.03390092306376839,5.0,1.96,nan,known-logging,sieve,frozen,neural-fore,known-uniform,0.8,1.0,0.0,0.02,0.0
10000,21971034,1000000,-0.3170054884673674,-0.31155488856050895,-0.350426995295794,0.005450599906858478,-0.033421506828426595,0.0362439373949951,-0.4214651125899844,-0.2793888780016036,1.0,0.1420762345883808,0.005635537696688269,0.002425315915397647,0.0030122077115029566,13.071499914575025,15.08305139211005,6658.245312075645,300.0,0.0021516581659191134,31.49997017479982,1.0,0.0,nan,nan,2.404,0.04008351032632064,0.19926605348391171,0.19761288794956505,0.0,"[300, 300, 300, 300, 300]","[0.0030471368407861753, 0.0, 0.002434127434915639, 0.0027091134167287387, 0.0025679131371650152]",,0.0362439373949951,0.01994678540745736,5.0,1.96,nan,known-logging,sieve,frozen,neural-fore,known-uniform,0.8,1.0,0.0,0.02,0.0
10000,22071037,1000000,-0.3170054884673674,-0.30971805955070747,-0.2926969771641794,0.007287428916659955,0.024308511303188007,0.03582744208320668,-0.3629187636472645,-0.22247519068109434,1.0,0.1404435729661702,0.005913876638295085,0.002425315915397647,0.0030122077115029566,12.458885565812052,15.459989667837121,6855.861318501864,180.0,0.0026425880159828647,25.476462075200835,1.0,0.0,nan,nan,4.204,0.040203733790846304,0.19696388451328856,0.20246511432550443,0.0,"[300, 100, 100, 100, 300]","[0.0, 0.007210562086645692, 0.003239001944771973, 0.002197072270723848, 0.0005663037777728123]",,0.03582744208320668,0.0296114803428952,5.0,1.96,nan,known-logging,sieve,frozen,neural-fore,known-uniform,0.8,1.0,0.0,0.02,0.0
10000,22171040,1000000,-0.3170054884673674,-0.30781820015837336,-0.2783050061492054,0.009187288308994068,0.03870048231816203,0.035134636913758996,-0.347168894500173,-0.20944111779823776,1.0,0.13772777670193526,0.00601444507392689,0.002425315915397647,0.0030122077115029566,13.338342757761097,17.225998976192614,6754.425215570638,260.0,0.0027639288496244183,30.585180349799337,1.0,0.0,nan,nan,4.204,0.03961419134524359,0.20124768973522347,0.1976075151256906,0.0,"[300, 100, 300, 300, 300]","[0.0, 0.010537859909910683, 0.0, 0.0, 0.003281784338211409]",,0.035134636913758996,0.026697470321153893,5.0,1.96,nan,known-logging,sieve,frozen,neural-fore,known-uniform,0.8,1.0,0.0,0.02,0.0
10000,22271043,1000000,-0.3170054884673674,-0.3098307836541815,-0.24385717620110267,0.007174704813185939,0.07314831226626475,0.03401678488745238,-0.3105300745805093,-0.17718427782169602,0.0,0.1333457967588133,0.008731766868600697,0.002425315915397647,0.0030122077115029566,12.27152958994462,18.4569783303562,6917.85951254983,260.0,0.0030442526708332777,32.31949020879838,1.0,0.0,nan,nan,2.008,0.04089682915651479,0.19977125335941742,0.2033237146910432,0.0,"[300, 300, 300, 300, 100]","[0.0010740855599938872, 0.004725604338792754, 0.0, 0.0, 0.009421573455379749]",,0.03401678488745238,0.04356925233773698,5.0,1.96,nan,known-logging,sieve,frozen,neural-fore,known-uniform,0.8,1.0,0.0,0.02,0.0
10000,22371046,1000000,-0.3170054884673674,-0.32086043810437626,-0.3149410692819465,-0.003854949637008831,0.0020644191854209404,0.0355566315216686,-0.38463206706441694,-0.24525007149947603,1.0,0.1393819955649409,0.0067008845924254904,0.002425315915397647,0.0030122077115029566,12.65729424247875,15.911142239095183,6812.889798852984,180.0,0.004480323586230832,27.631979849399794,1.0,0.0,nan,nan,6.202,0.041292268152640775,0.20059676394773723,0.2053618226248534,0.0,"[100, 100, 300, 300, 100]","[0.004809685040540021, 0.006734586378991471, 0.0066899949016741055, 0.0, 0.004167351609948564]",,0.0355566315216686,0.058930876658666316,5.0,1.96,nan,known-logging,sieve,frozen,neural-fore,known-uniform,0.8,1.0,0.0,0.02,0.0
10000,22471049,1000000,-0.3170054884673674,-0.3042528047102768,-0.2903953320613866,0.0127526837570906,0.0266101564059808,0.03557704982609318,-0.36012634972052926,-0.220664314402244,1.0,0.13946203531828527,0.006107763411185174,0.002425315915397647,0.0030122077115029566,13.732095948437742,22.39742013769043,6647.2384666433145,300.0,0.0004794634533528191,35.17171684079949,1.0,0.0,nan,nan,2.0260000000000002,0.041030382657457634,0.2003385843089836,0.20351650667132043,0.0,"[300, 300, 300, 300, 300]","[0.0, 0.0022245816189376726, 0.00017273564782642302, 0.0, 0.0]",,0.03557704982609318,0.02319461316829288,5.0,1.96,nan,known-logging,sieve,frozen,neural-fore,known-uniform,0.8,1.0,0.0,0.02,0.0
10000,22571052,1000000,-0.3170054884673674,-0.32027914208069913,-0.36189299398869595,-0.0032736536133317062,-0.04488750552132853,0.03611961013297092,-0.43268742984931896,-0.29109855812807295,1.0,0.141588871721246,0.007123526952859849,0.002425315915397647,0.0030122077115029566,13.486859292578348,18.593414829274217,6745.7892451253065,260.0,0.002680587881929858,32.37829882480073,1.0,0.0,nan,nan,6.202,0.04046892772593978,0.19990635668363316,0.2019550868560988,0.0,"[100, 300, 300, 300, 300]","[0.000756886810564534, 0.00031060488915528447, 0.009068847599371928, 0.0, 0.0032666001105575437]",,0.03611961013297092,0.027980120529630535,5.0,1.96,nan,known-logging,sieve,frozen,neural-fore,known-uniform,0.8,1.0,0.0,0.02,0.0
10000,22671055,1000000,-0.3170054884673674,-0.3176940351427383,-0.3121536592380549,-0.0006885466753708824,0.004851829229312543,0.035706042533033264,-0.3821375026028001,-0.24216981587330969,1.0,0.1399676867294904,0.006491761403167146,0.002425315915397647,0.0030122077115029566,12.83180312947437,18.050254330766723,6761.287413426817,260.0,0.0024258262824976224,29.412816283600115,1.0,0.0,nan,nan,2.602,0.03936663015742704,0.19779166389484393,0.20044919640517156,0.0,"[100, 300, 300, 300, 300]","[0.005188476736859392, 0.0, 0.001043208836813864, 0.0058974458388148555, 0.0]",,0.035706042533033264,0.018477944692250354,5.0,1.96,nan,known-logging,sieve,frozen,neural-fore,known-uniform,0.8,1.0,0.0,0.02,0.0
10000,22771058,1000000,-0.3170054884673674,-0.30608077207844886,-0.3210437565230721,0.010924716388918565,-0.004038268055704675,0.03574400199836871,-0.39110200043987475,-0.25098551260626945,1.0,0.14011648783360534,0.011217252634680819,0.002425315915397647,0.0030122077115029566,13.20931994620631,16.01039668232156,6736.651718314982,260.0,0.002018816113195588,30.192558449999343,1.0,0.0,nan,nan,4.204,0.04060115210788922,0.20033628767803954,0.20323418938723484,0.0,"[300, 300, 300, 100, 300]","[2.2660653324312296e-05, 0.0020795189159199473, 0.004116114906404897, 0.0035426718144374483, 0.0003331142758913352]",,0.03574400199836871,0.029039703226997705,5.0,1.96,nan,known-logging,sieve,frozen,neural-fore,known-uniform,0.8,1.0,0.0,0.02,0.0
10000,22871061,1000000,-0.3170054884673674,-0.31085037323524756,-0.3483061326894788,0.006155115232119868,-0.03130064422211137,0.03652593726993269,-0.41989696973854684,-0.27671529564041075,1.0,0.14318167409813615,0.007105383834364543,0.002425315915397647,0.0030122077115029566,13.50581740137333,16.425734045453805,6608.555816668108,300.0,0.0007872764286603353,31.399159599797713,1.0,0.0,nan,nan,2.404,0.04009072382575456,0.20055380086929672,0.19886493464232805,0.0,"[300, 300, 300, 300, 300]","[0.0, 0.0, 0.001442613887240864, 0.0024937682560608123, 0.0]",,0.03652593726993269,0.025492522631415503,5.0,1.96,nan,known-logging,sieve,frozen,neural-fore,known-uniform,0.8,1.0,0.0,0.02,0.0
10000,22971064,1000000,-0.3170054884673674,-0.3060587349873448,-0.3017478035027707,0.010946753480022609,0.01525768496459673,0.03631920908817787,-0.37293345331559935,-0.23056215368994207,1.0,0.14237129962565725,0.008018348486873739,0.002425315915397647,0.0030122077115029566,13.790922918370176,18.64860353948958,6602.94019809027,300.0,0.0011530210594893422,32.577591266199306,1.0,0.0,nan,nan,4.6,0.04126269190540711,0.20283613024093766,0.20327640100326622,0.0,"[300, 300, 300, 300, 300]","[4.8029485681956564e-05, 0.0007025309592503489, 0.002650719068878492, 0.0023638257836359135, 0.0]",,0.03631920908817787,0.03455399031355076,5.0,1.96,nan,known-logging,sieve,frozen,neural-fore,known-uniform,0.8,1.0,0.0,0.02,0.0
10000,23071067,1000000,-0.3170054884673674,-0.31850102222361926,-0.3606000957972344,-0.0014955337562518323,-0.043594607329866975,0.03605389696518433,-0.4312657338489957,-0.2899344577454731,1.0,0.14133127610352259,0.007251260533634283,0.002425315915397647,0.0030122077115029566,12.890482689282935,14.3931712936005,6822.0697057140005,260.0,0.0019132419755414898,30.783410133198778,1.0,0.0,nan,nan,4.023999999999999,0.040651655247462164,0.19839115517970068,0.2026379864259502,0.0,"[300, 100, 300, 300, 300]","[0.0, 0.005901125748268726, 0.0027275725218135678, 0.0008665800999740318, 7.093150765112468e-05]",,0.03605389696518433,0.02571395973116903,5.0,1.96,nan,known-logging,sieve,frozen,neural-fore,known-uniform,0.8,1.0,0.0,0.02,0.0
10000,23171070,1000000,-0.3170054884673674,-0.30966905456862165,-0.30964968123903963,0.0073364338987457756,0.007355807228327793,0.03557289008901119,-0.37937254581350155,-0.2399268166645777,1.0,0.13944572914892386,0.005608100429954268,0.002425315915397647,0.0030122077115029566,12.86131202122723,16.960642835168343,6775.078876879779,220.0,0.004513691123873372,28.54618232480061,1.0,0.0,nan,nan,2.206,0.04051629048563056,0.19967516498910753,0.20309394683517817,0.0,"[300, 100, 100, 300, 300]","[0.00797544558316092, 0.00721774352287614, 0.007375266513329799, 0.0, 0.0]",,0.03557289008901119,0.036893504528379056,5.0,1.96,nan,known-logging,sieve,frozen,neural-fore,known-uniform,0.8,1.0,0.0,0.02,0.0
10000,23271073,1000000,-0.3170054884673674,-0.3157131308847142,-0.32665591880155187,0.0012923575826532252,-0.009650430334184446,0.03655488467511719,-0.39830349276478155,-0.2550083448383222,1.0,0.14329514792645937,0.006167266055131828,0.002425315915397647,0.0030122077115029566,13.47891222238597,16.16791613842375,6746.961715322785,260.0,0.0028220403056873323,29.617730216800556,1.0,0.0,nan,nan,4.401999999999999,0.03970935610456199,0.19628991568172466,0.20119650252072882,0.0,"[300, 300, 300, 300, 100]","[0.004479895098292611, 0.004119864248344419, 0.0, 0.0001427925435434582, 0.005367649638256175]",,0.03655488467511719,0.03316745912226826,5.0,1.96,nan,known-logging,sieve,frozen,neural-fore,known-uniform,0.8,1.0,0.0,0.02,0.0
10000,23371076,1000000,-0.3170054884673674,-0.3122627447376131,-0.28152560226875173,0.004742743729754306,0.035479886198615695,0.03549161429113879,-0.35108916627938375,-0.2119620382581197,1.0,0.13912712802126406,0.0052506347524708605,0.002425315915397647,0.0030122077115029566,12.094776240190908,13.234665484072146,6901.808380862645,260.0,0.0020411816856214875,31.01519343359978,1.0,0.0,nan,nan,2.206,0.0392591464236919,0.20089971902005166,0.19581924860160266,0.0,"[300, 100, 300, 300, 300]","[0.0, 0.0066024783704262055, 0.0036034300576812334, 0.0, 0.0]",,0.03549161429113879,0.02454559653502808,5.0,1.96,nan,known-logging,sieve,frozen,neural-fore,known-uniform,0.8,1.0,0.0,0.02,0.0
10000,23471079,1000000,-0.3170054884673674,-0.3089557764990028,-0.355155874517766,0.008049711968364626,-0.038150386050398555,0.0364164740465469,-0.42653216364899793,-0.28377958538653403,1.0,0.14275257826246385,0.00665614142501798,0.002425315915397647,0.0030122077115029566,13.377208506711876,15.74869653042612,6765.355960291411,260.0,0.004460561000434756,28.6899126412005,1.0,0.0,nan,nan,4.401999999999999,0.0400355003807925,0.20067748563290744,0.19715116388630666,0.0,"[300, 300, 100, 300, 300]","[0.0032888378502445026, 0.005410114048606933, 0.006550402184792847, 0.0015011408543012478, 0.005552310064228247]",,0.0364164740465469,0.044044266921675415,5.0,1.96,nan,known-logging,sieve,frozen,neural-fore,known-uniform,0.8,1.0,0.0,0.02,0.0
10000,23571082,1000000,-0.3170054884673674,-0.3040839863021898,-0.33913930796066183,0.012921502165177623,-0.022133819493294404,0.036394294162690854,-0.4104721245195359,-0.26780649140178775,1.0,0.14266563311774816,0.005821914115416645,0.002425315915397647,0.0030122077115029566,13.982923015534451,20.507933068594586,6687.870361718866,300.0,0.003227335647712843,30.69776052440211,1.0000000000000002,0.0,nan,nan,4.204,0.04024517768635455,0.20049447104783166,0.20116058060295314,0.0,"[300, 300, 300, 300, 300]","[0.0016850748220092206, 0.0, 0.0, 0.011201810186235166, 0.0032497932303198287]",,0.036394294162690854,0.043483857666000665,5.0,1.96,nan,known-logging,sieve,frozen,neural-fore,known-uniform,0.8,1.0,0.0,0.02,0.0
10000,23671085,1000000,-0.3170054884673674,-0.31690903548563376,-0.2888990356682676,9.645298173366346e-05,0.028106452799099846,0.03516863288219617,-0.35782955611737205,-0.2199685152191631,1.0,0.13786104089820897,0.008558014799428281,0.002425315915397647,0.0030122077115029566,13.389637617750719,16.012509787476827,6802.170069793021,220.0,0.002405623646835096,28.68759462519811,1.0,0.0,nan,nan,0.40599999999999986,0.03994533338824152,0.20107136208767878,0.19809385931739942,0.0,"[300, 300, 100, 300, 100]","[0.0, 0.00029171159812315224, 0.005979791280584117, 0.0, 0.005756615355468209]",,0.03516863288219617,0.023638724999984467,5.0,1.96,nan,known-logging,sieve,frozen,neural-fore,known-uniform,0.8,1.0,0.0,0.02,0.0
10000,23771088,1000000,-0.3170054884673674,-0.3036263550724849,-0.31594362259769176,0.013379133394882503,0.00106186586967566,0.0362752027214148,-0.3870430199316648,-0.24484422526371874,1.0,0.14219879466794602,0.0076310571378170764,0.002425315915397647,0.0030122077115029566,13.8021549937113,18.174780171068793,6726.225126783542,260.0,0.0024905383277896696,31.20850933279944,1.0,0.0,nan,nan,8.002,0.040854553526900296,0.20367353462735105,0.2006924103051828,0.0,"[300, 100, 300, 300, 300]","[0.0, 0.005215599600760052, 0.005302010698521563, 0.0019350813396667313, 0.0]",,0.0362752027214148,0.03158899840967671,5.0,1.96,nan,known-logging,sieve,frozen,neural-fore,known-uniform,0.8,1.0,0.0,0.02,0.0
10000,23871091,1000000,-0.3170054884673674,-0.31806621117513184,-0.37000306066937116,-0.0010607227077644166,-0.05299757220200374,0.036098974131707366,-0.44075704996751763,-0.2992490713712247,1.0,0.14150797859629288,0.006930849467725745,0.002425315915397647,0.0030122077115029566,12.60816184375732,16.344619311573712,6862.632739809642,220.0,0.004600925376441856,28.12022286680003,1.0,0.0,nan,nan,0.22600000000000003,0.041484676930802086,0.2008216048399583,0.20597795122134147,0.0,"[100, 300, 300, 100, 300]","[0.007412579892181669, 0.007222368722644799, 0.00439632852131114, 0.0029783589255065945, 0.0009949908205650756]",,0.036098974131707366,0.01466008145600683,5.0,1.96,nan,known-logging,sieve,frozen,neural-fore,known-uniform,0.8,1.0,0.0,0.02,0.0
10000,23971094,1000000,-0.3170054884673674,-0.30806259192885443,-0.2664751688750347,0.00894289653851299,0.05053031959233273,0.035080385259123006,-0.3352327239829158,-0.1977176137671536,1.0,0.13751511021576218,0.00707026435708614,0.002425315915397647,0.0030122077115029566,13.360674892405273,16.699284836729067,6865.005156153258,260.0,0.0007793689657733646,28.31590099140085,1.0,0.0,nan,nan,4.6,0.04025806689523675,0.20007414091619782,0.19961747856085493,0.0,"[300, 300, 300, 100, 300]","[0.0, 0.0, 0.0, 0.0038968448288668233, 0.0]",,0.035080385259123006,0.027677051004143298,5.0,1.96,nan,known-logging,sieve,frozen,neural-fore,known-uniform,0.8,1.0,0.0,0.02,0.0
10000,24071097,1000000,-0.3170054884673674,-0.2977959688362982,-0.26227002181391934,0.019209519631069205,0.054735466653448084,0.035980002741833925,-0.33279082718791386,-0.19174921643992485,1.0,0.141041610747989,0.006853579152429784,0.002425315915397647,0.0030122077115029566,13.157681080860359,15.681679275000894,6592.955536694059,300.0,0.0018736719269511468,30.138827533800214,1.0,0.0,nan,nan,2.404,0.041735363525652346,0.20260279329224135,0.20480366826322075,0.0,"[300, 300, 300, 300, 300]","[0.003007675319071472, 0.0, 0.0, 0.0013710287689331143, 0.004989655546751148]",,0.035980002741833925,0.03135878774416402,5.0,1.96,nan,known-logging,sieve,frozen,neural-fore,known-uniform,0.8,1.0,0.0,0.02,0.0
10000,24171100,1000000,-0.3170054884673674,-0.31187188975262164,-0.366948341776282,0.0051335987147457796,-0.04994285330891457,0.03683855135829293,-0.43915190243853613,-0.29474478111402785,1.0,0.14440712132450828,0.0050304353007791834,0.002425315915397647,0.0030122077115029566,13.204351827692605,16.785272023797457,6649.319652926842,300.0,0.0005920071432754429,32.68046884179857,1.0,0.0,nan,nan,4.204,0.039414951032937816,0.19931225342020623,0.19915204686887147,0.0,"[300, 300, 300, 300, 300]","[0.002867352542155683, 9.268317422153166e-05, 0.0, 0.0, 0.0]",,0.03683855135829293,0.02446057351581656,5.0,1.96,nan,known-logging,sieve,frozen,neural-fore,known-uniform,0.8,1.0,0.0,0.02,0.0
10000,24271103,1000000,-0.3170054884673674,-0.3038856070437732,-0.323760999567263,0.013119881423594215,-0.006755511099895584,0.036329495549820845,-0.39496681084491186,-0.25255518828961415,1.0,0.1424116225552977,0.005979123816331896,0.002425315915397647,0.0030122077115029566,13.823165312037741,16.314756928161955,6648.393556375571,260.0,0.0038238257431836274,28.595977083000616,1.0,0.0,nan,nan,2.602,0.039883877173014594,0.197534431579981,0.2028204576010697,0.0,"[300, 100, 300, 300, 300]","[0.003064682074296097, 0.008383787256077501, 8.46953608477437e-05, 0.0038923927221226015, 0.0036935713025741915]",,0.036329495549820845,0.02897317973401445,5.0,1.96,nan,known-logging,sieve,frozen,neural-fore,known-uniform,0.8,1.0,0.0,0.02,0.0
10000,24371106,1000000,-0.3170054884673674,-0.3181560891640974,-0.3368320192507418,-0.0011506006967299531,-0.019826530783374374,0.03558881724084992,-0.4065861010428076,-0.267077937458676,1.0,0.13950816358413168,0.005231820786045459,0.002425315915397647,0.0030122077115029566,12.353627974806459,13.301130582054158,6778.2609936670815,220.0,0.00349859417646903,27.096106691200838,1.0,0.0,nan,nan,6.202,0.039793953559881315,0.20050273442132535,0.19881896611576977,0.0,"[100, 300, 100, 300, 300]","[0.00700432494766989, 0.0, 0.007384335300027483, 0.0012170506209848437, 0.0018872600136629345]",,0.03558881724084992,0.03465366520204306,5.0,1.96,nan,known-logging,sieve,frozen,neural-fore,known-uniform,0.8,1.0,0.0,0.02,0.0
10000,24471109,1000000,-0.3170054884673674,-0.30422217920593925,-0.3333034557545171,0.012783309261428177,-0.01629796728714966,0.03632540558127832,-0.4045012506938226,-0.2621056608152116,1.0,0.14239558987861103,0.0053706807848569,0.002425315915397647,0.0030122077115029566,13.850104408977653,17.87543824621078,6736.046426164579,260.0,0.004645819786011024,29.382937141800358,1.0,0.0,nan,nan,2.404,0.04023933577674734,0.20170058576909736,0.1976795762069683,0.0,"[300, 300, 100, 300, 300]","[0.004024706021497143, 0.0, 0.006768517708378117, 0.01243587520017986, 0.0]",,0.03632540558127832,0.06907860187613028,5.0,1.96,nan,known-logging,sieve,frozen,neural-fore,known-uniform,0.8,1.0,0.0,0.02,0.0
10000,24571112,1000000,-0.3170054884673674,-0.3116418689673012,-0.36083743381938926,0.005363619500066197,-0.04383194535202184,0.036430926477955844,-0.43224204971618274,-0.2894328179225958,1.0,0.1428092317935869,0.007168933272133035,0.002425315915397647,0.0030122077115029566,13.429011181575182,15.81951800633653,6599.693792365448,260.0,0.0016485248054190255,29.170486467001318,1.0,0.0,nan,nan,4.006,0.040269830156532606,0.20063444477486087,0.19993857137462911,0.0,"[300, 300, 300, 100, 300]","[0.0030409197961626146, 0.0, 0.0, 0.004537304520988545, 0.0006643997099439682]",,0.036430926477955844,0.02307847239772254,5.0,1.96,nan,known-logging,sieve,frozen,neural-fore,known-uniform,0.8,1.0,0.0,0.02,0.0
10000,24671115,1000000,-0.3170054884673674,-0.30495006006319025,-0.32059549902870615,0.012055428404177171,-0.00359001056133873,0.036538684602339326,-0.3922113208492912,-0.2489796772081211,1.0,0.14323164364117016,0.0072229064154935825,0.002425315915397647,0.0030122077115029566,13.838828868878185,19.358777697752583,6646.547618438906,260.0,0.0036477675429824677,28.77703283359879,1.0,0.0,nan,nan,4.401999999999999,0.03956481487090715,0.19590869209043435,0.20075665297882156,0.0,"[300, 300, 100, 300, 300]","[0.0, 0.0009520731274415572, 0.007995748132564668, 0.004971593734585059, 0.004319422720321054]",,0.036538684602339326,0.02707267045117054,5.0,1.96,nan,known-logging,sieve,frozen,neural-fore,known-uniform,0.8,1.0,0.0,0.02,0.0
10000,24771118,1000000,-0.3170054884673674,-0.31175450155230294,-0.2696318957224633,0.005250986915064482,0.0473735927449041,0.03577217434060975,-0.3397453574300584,-0.1995184340148682,1.0,0.14022692341519022,0.006343644576147069,0.002425315915397647,0.0030122077115029566,13.536396762578233,16.517648287843723,6740.861459903824,260.0,0.0012082240405537716,28.031040758799644,1.0,0.0,nan,nan,4.204,0.041169498434852694,0.20327975350797273,0.20245933029236518,0.0,"[300, 300, 300, 300, 100]","[0.0030658974089365575, 0.0, 0.0, 0.0, 0.0029752227938323007]",,0.03577217434060975,0.04763531097316034,5.0,1.96,nan,known-logging,sieve,frozen,neural-fore,known-uniform,0.8,1.0,0.0,0.02,0.0
10000,24871121,1000000,-0.3170054884673674,-0.30573824376326436,-0.2207079398713554,0.011267244704103063,0.09629754859601203,0.034065714443979475,-0.28747674018155517,-0.15393913956115562,0.0,0.13353760062039954,0.005956575781332119,0.002425315915397647,0.0030122077115029566,12.812988927275166,16.91807443828633,6916.87182883475,260.0,0.0019135940691462614,30.377444691798882,1.0,0.0,nan,nan,6.202,0.040744772836169126,0.20206617668426669,0.20004744189696266,0.0,"[300, 300, 300, 100, 300]","[0.0038323001871458143, 0.0, 0.0025811703613757933, 0.0031544997972097, 0.0]",,0.034065714443979475,0.023476885576207838,5.0,1.96,nan,known-logging,sieve,frozen,neural-fore,known-uniform,0.8,1.0,0.0,0.02,0.0
10000,24971124,1000000,-0.3170054884673674,-0.3155620009676785,-0.31137683741992334,0.0014434874996889224,0.005628651047444089,0.03592199478598361,-0.3817839472004512,-0.24096972763939545,1.0,0.14081421956105575,0.006226349483088093,0.002425315915397647,0.0030122077115029566,13.143381638456662,18.272025595970536,6691.930710777279,260.0,0.0028060491142685045,32.35762504999875,1.0,0.0,nan,nan,4.006,0.0400837573205407,0.19915589826147057,0.20118240093128134,0.0,"[300, 300, 100, 300, 300]","[0.0, 0.0005932785876007207, 0.009765550359006071, 0.0011542560468499842, 0.0025171605778857463]",,0.03592199478598361,0.05723577326347594,5.0,1.96,nan,known-logging,sieve,frozen,neural-fore,known-uniform,0.8,1.0,0.0,0.02,0.0
10000,25071127,1000000,-0.3170054884673674,-0.30587231432510276,-0.3487951008590914,0.011133174142264668,-0.031789612391723954,0.03659589459261933,-0.42052305426062525,-0.2770671474575575,1.0,0.14345590680306777,0.005945688170654525,0.002425315915397647,0.0030122077115029566,12.704693156760001,14.756473628380943,6742.601195887759,260.0,0.0025948765073650843,32.10196290899912,1.0,0.0,nan,nan,2.602,0.03898858446222589,0.197657829828757,0.19681576812938978,0.0,"[300, 300, 300, 100, 300]","[0.0, 0.0, 0.001233279523954996, 0.00782255901466373, 0.003918543998206695]",,0.03659589459261933,0.033566176297389005,5.0,1.96,nan,known-logging,sieve,frozen,neural-fore,known-uniform,0.8,1.0,0.0,0.02,0.0
10000,25171130,1000000,-0.3170054884673674,-0.31675788490902057,-0.2894587749442358,0.0002476035583468539,0.02754671352313165,0.03533409574022393,-0.3587136025950747,-0.22020394729339687,1.0,0.1385096553016778,0.005853893137514169,0.002425315915397647,0.0030122077115029566,13.121704540128366,15.646925625656596,6736.571113555608,220.0,0.004526303511332961,29.58010684980036,0.9999999999999998,0.0,nan,nan,4.401999999999999,0.0405146677906388,0.20167962695634056,0.20241597745803602,0.0,"[300, 100, 300, 100, 300]","[0.0, 0.009161473411835926, 0.001476339361742554, 0.008011440684648676, 0.003982264098437649]",,0.03533409574022393,0.06269167119612709,5.0,1.96,nan,known-logging,sieve,frozen,neural-fore,known-uniform,0.8,1.0,0.0,0.02,0.0
10000,25271133,1000000,-0.3170054884673674,-0.3138132504289587,-0.37865105523088505,0.0031922380384087345,-0.06164556676351762,0.03719048975230755,-0.45154441514540783,-0.30575769531636227,1.0,0.1457867198290456,0.006122899828934319,0.002425315915397647,0.0030122077115029566,13.113945092025384,15.740782686683989,6714.819428703616,260.0,0.001516216493882202,30.95604170000079,1.0,0.0,nan,nan,8.001999999999999,0.040631625832726406,0.20328790046282802,0.19946603204360464,0.0,"[300, 100, 300, 300, 300]","[0.0, 0.005551632761713293, 0.0006331384921736211, 0.0, 0.0013963112155240946]",,0.03719048975230755,0.0543088387366966,5.0,1.96,nan,known-logging,sieve,frozen,neural-fore,known-uniform,0.8,1.0,0.0,0.02,0.0
10000,25371136,1000000,-0.3170054884673674,-0.29804849369022424,-0.31936596166504994,0.018956994777143188,-0.002360473197682511,0.03598959981417632,-0.3899055773008355,-0.24882634602926434,1.0,0.14107923127157118,0.009700053847995594,0.002425315915397647,0.0030122077115029566,12.833462548306224,14.877173152733214,6760.544860314027,260.0,0.0012044560276682971,32.24466765840261,1.0,0.0,nan,nan,4.006,0.0398935031244276,0.20017271520373442,0.19856933247793415,0.0,"[300, 300, 300, 100, 300]","[0.0, 0.0, 0.0006516669826083935, 0.005370613155733092, 0.0]",,0.03598959981417632,0.02075483838528172,5.0,1.96,nan,known-logging,sieve,frozen,neural-fore,known-uniform,0.8,1.0,0.0,0.02,0.0
10000,25471139,1000000,-0.3170054884673674,-0.3113304585238367,-0.3141316378740003,0.005675029943530752,0.0028738505933671443,0.03617130390111766,-0.3850273935201909,-0.24323588222780967,1.0,0.14179151129238124,0.006107268265065998,0.002425315915397647,0.0030122077115029566,13.536870769607773,16.663860015105776,6625.771082696581,300.0,0.0007499613882525287,34.159284575399944,1.0000000000000002,0.0,nan,nan,2.404,0.041171166463605684,0.19808917165334655,0.2041836404920827,0.0,"[300, 300, 300, 300, 300]","[0.0, 0.0037498069412626434, 0.0, 0.0, 0.0]",,0.03617130390111766,0.028721965304525837,5.0,1.96,nan,known-logging,sieve,frozen,neural-fore,known-uniform,0.8,1.0,0.0,0.02,0.0
10000,25571142,1000000,-0.3170054884673674,-0.31253261223692436,-0.27334148700282523,0.004472876230443068,0.04366400146454219,0.03484431303354954,-0.34163634054858233,-0.20504663345706814,1.0,0.1365897070915142,0.005907429174529968,0.002425315915397647,0.0030122077115029566,12.91635011880515,16.393783755184135,6843.37681273669,180.0,0.003910611276922769,26.381270016398776,1.0,0.0,nan,nan,4.204,0.041004236031594324,0.2005020067394431,0.20349661677390082,0.0,"[100, 100, 300, 100, 300]","[0.007179375702686016, 0.003561063209256525, 0.0, 0.007352077166357268, 0.001460540306314039]",,0.03484431303354954,0.024919352658165802,5.0,1.96,nan,known-logging,sieve,frozen,neural-fore,known-uniform,0.8,1.0,0.0,0.02,0.0
10000,25671145,1000000,-0.3170054884673674,-0.30992128288769116,-0.2887868312092582,0.0070842055796762615,0.028218657258109237,0.035011867515561554,-0.35741009153975883,-0.22016357087875754,1.0,0.1372465206610013,0.004915387640556752,0.002425315915397647,0.0030122077115029566,12.130304469871756,13.530131689302292,6788.250057237581,220.0,0.0025067051086577223,29.13728624159994,1.0,0.0,nan,nan,4.2219999999999995,0.04013068497665896,0.19752653407333917,0.20279246264089296,0.0,"[100, 300, 100, 300, 300]","[0.004925200456764854, 0.0, 0.005174003473349079, 0.0, 0.0024343216131746817]",,0.035011867515561554,0.010191262544628613,5.0,1.96,nan,known-logging,sieve,frozen,neural-fore,known-uniform,0.8,1.0,0.0,0.02,0.0
10000,25771148,1000000,-0.3170054884673674,-0.3057646310488247,-0.34255478000522055,0.011240857418542749,-0.025549291537853125,0.03595924160185798,-0.4130348935448622,-0.2720746664655789,1.0,0.1409602270792833,0.007718826550887542,0.002425315915397647,0.0030122077115029566,12.996970759040135,13.950683951763068,6779.074451311759,220.0,0.0027276230401011925,28.38055130879875,1.0,0.0,nan,nan,6.202,0.04050923591333299,0.2022586231221685,0.2006228031903418,0.0,"[300, 100, 300, 300, 100]","[0.0, 0.01161262375154282, 0.0, 0.0, 0.0020254914489631435]",,0.03595924160185798,0.04589755049745002,5.0,1.96,nan,known-logging,sieve,frozen,neural-fore,known-uniform,0.8,1.0,0.0,0.02,0.0
10000,25871151,1000000,-0.3170054884673674,-0.31690900972297775,-0.2776571989535833,9.647874438967197e-05,0.03934828951378411,0.03548542986823724,-0.3472086414953283,-0.20810575641183832,1.0,0.13910288508348997,0.008581169114131652,0.002425315915397647,0.0030122077115029566,13.563933426510586,16.296083599133553,6733.6868056741905,260.0,0.0030509122350450596,31.76642762479969,1.0,0.0,nan,nan,6.004,0.04022872836566998,0.19984300862099813,0.2021494062839182,0.0,"[300, 300, 100, 300, 300]","[0.002617876206173592, 0.0018907301534143981, 0.005699834280834186, 0.005046120534803121, 0.0]",,0.03548542986823724,0.028849778565971984,5.0,1.96,nan,known-logging,sieve,frozen,neural-fore,known-uniform,0.8,1.0,0.0,0.02,0.0
10000,25971154,1000000,-0.3170054884673674,-0.3025217235435156,-0.29266466653569806,0.014483764923851838,0.024340821931669365,0.03533706731390143,-0.3619253184709449,-0.22340401460045126,1.0,0.1385213038704936,0.005308525406895065,0.002425315915397647,0.0030122077115029566,13.544450757303318,17.639208295732686,6775.816201040248,300.0,0.0,31.425936792002176,1.0,0.0,nan,nan,0.20800000000000002,0.04075037152546551,0.2026749475445278,0.20067060855035335,0.0,"[300, 300, 300, 300, 300]","[0.0, 0.0, 0.0, 0.0, 0.0]",,0.03533706731390143,0.04478066836715439,5.0,1.96,nan,known-logging,sieve,frozen,neural-fore,known-uniform,0.8,1.0,0.0,0.02,0.0
10000,26071157,1000000,-0.3170054884673674,-0.30645440660554735,-0.29934203730511144,0.010551081861820077,0.017663451162255983,0.035188061524523084,-0.3683106378931767,-0.2303734367170462,1.0,0.13793720117613048,0.007642128474172394,0.002425315915397647,0.0030122077115029566,12.938427128283703,18.41128577514254,6857.169362902814,220.0,0.0028068760278869864,26.80482256620162,1.0,0.0,nan,nan,2.206,0.039078478770313584,0.1967703416519922,0.1968895130257142,0.0,"[300, 300, 100, 100, 300]","[0.0, 0.0, 0.006396288854776037, 0.007638091284658895, 0.0]",,0.035188061524523084,0.0382597568759684,5.0,1.96,nan,known-logging,sieve,frozen,neural-fore,known-uniform,0.8,1.0,0.0,0.02,0.0
10000,26171160,1000000,-0.3170054884673674,-0.3151886214651914,-0.3052150166411182,0.001816867002176037,0.011790471826249205,0.03553587893928406,-0.37486533936211497,-0.23556469392012147,1.0,0.13930064544199353,0.005153539246688681,0.002425315915397647,0.0030122077115029566,13.753861469903995,17.614641626505826,6732.597363877575,300.0,0.0007028304072830177,29.738646525199147,1.0,0.0,nan,nan,6.202,0.04175248533631039,0.2005963880912162,0.20541473309175662,0.0,"[300, 300, 300, 300, 300]","[0.0, 0.0, 0.002194659907300935, 0.0, 0.0013194921291141536]",,0.03553587893928406,0.03221168893681115,5.0,1.96,nan,known-logging,sieve,frozen,neural-fore,known-uniform,0.8,1.0,0.0,0.02,0.0
10000,26271163,1000000,-0.3170054884673674,-0.3079536913595123,-0.29996865191640343,0.009051797107855142,0.017036836550963996,0.035331123716649905,-0.36921765440103727,-0.23071964943176962,1.0,0.13849800496926762,0.007431904117969591,0.002425315915397647,0.0030122077115029566,12.867787756534364,15.29066531127643,6741.802608946619,220.0,0.002709095589618485,27.27727448279984,1.0,0.0,nan,nan,6.202,0.040027899207899044,0.2019686501770659,0.197811712049862,0.0,"[300, 100, 100, 300, 300]","[0.0031919479105082483, 0.0017699992419940834, 0.0041336723435075285, 0.004449858452082563, 0.0]",,0.035331123716649905,0.04830070117689405,5.0,1.96,nan,known-logging,sieve,frozen,neural-fore,known-uniform,0.8,1.0,0.0,0.02,0.0
10000,26371166,1000000,-0.3170054884673674,-0.3122794327269879,-0.3652405083939576,0.004726055740379542,-0.048235019926590184,0.03663302190119705,-0.4370412313203038,-0.2934397854676114,1.0,0.14360144585269244,0.008577955242179058,0.002425315915397647,0.0030122077115029566,13.068712340805222,15.473131693598152,6529.688837550748,300.0,0.0011101962723860724,31.446666099999856,1.0,0.0,nan,nan,8.001999999999999,0.04082705790423673,0.2012645443116364,0.2017455962573902,0.0,"[300, 300, 300, 300, 300]","[0.0020993127923151214, 0.0, 0.0031274951267658765, 0.00032417344284936447, 0.0]",,0.03663302190119705,0.04435308875882471,5.0,1.96,nan,known-logging,sieve,frozen,neural-fore,known-uniform,0.8,1.0,0.0,0.02,0.0
10000,26471169,1000000,-0.3170054884673674,-0.30443935706075587,-0.26873191385245193,0.012566131406611558,0.04827357461491549,0.03544350266653669,-0.3382011790788638,-0.19926264862604004,1.0,0.1389385304528238,0.009295075430780677,0.002425315915397647,0.0030122077115029566,13.021191115730474,16.05569221447832,6791.309056019832,220.0,0.0026089984999062604,28.965098174800367,1.0,0.0,nan,nan,6.202,0.0407362658869799,0.20166770692089991,0.20108272764161256,0.0,"[300, 100, 300, 100, 300]","[0.0, 0.008506440562703181, 0.0, 0.0031010700953563288, 0.0014374818414717905]",,0.03544350266653669,0.01472062724131933,5.0,1.96,nan,known-logging,sieve,frozen,neural-fore,known-uniform,0.8,1.0,0.0,0.02,0.0
10000,26571172,1000000,-0.3170054884673674,-0.3147818750768082,-0.31857192706820886,0.0022236133905592093,-0.0015664386008414355,0.03634589401543903,-0.38980987933846933,-0.24733397479794836,1.0,0.142475904540521,0.006735809793651817,0.002425315915397647,0.0030122077115029566,14.545455961423093,18.2577085339409,6636.219651493464,260.0,0.0043002658419902294,31.958078950201887,1.0000000000000002,0.0,nan,nan,2.206,0.039741803655302166,0.2008246781135595,0.19953828599744952,0.0,"[100, 300, 300, 300, 300]","[0.009450935172563834, 0.006400346458870261, 0.005650047578517054, 0.0, 0.0]",,0.03634589401543903,0.03121085600545085,5.0,1.96,nan,known-logging,sieve,frozen,neural-fore,known-uniform,0.8,1.0,0.0,0.02,0.0
10000,26671175,1000000,-0.3170054884673674,-0.30824687264945333,-0.34025323666264795,0.008758615817914095,-0.023247748195280526,0.036306915591593464,-0.4114147912221712,-0.26909168210312473,1.0,0.1423231091190464,0.006281374120147753,0.002425315915397647,0.0030122077115029566,12.959819660697478,16.651657424757328,6728.118277866222,260.0,0.0020708676363022293,31.734706717399966,1.0,0.0,nan,nan,4.024,0.039888402412113284,0.20051786131538996,0.19945220546543338,0.0,"[300, 100, 300, 300, 300]","[0.0, 0.008363155976014466, 0.0003675472239045412, 0.0, 0.0016236349815921401]",,0.036306915591593464,0.033816493002018645,5.0,1.96,nan,known-logging,sieve,frozen,neural-fore,known-uniform,0.8,1.0,0.0,0.02,0.0
10000,26771178,1000000,-0.3170054884673674,-0.3140172224318616,-0.28819993536074223,0.0029882660355058377,0.028805553106625192,0.03480070161149836,-0.35640931051927904,-0.21999056020220545,1.0,0.13641875031707357,0.006270266901665453,0.002425315915397647,0.0030122077115029566,12.221240986699954,14.120094956802516,6880.562047684457,180.0,0.00544693639979103,25.227927499800717,1.0,0.0,nan,nan,2.206,0.04055676734239043,0.2019058340510434,0.20002062988570088,0.0,"[300, 100, 300, 100, 100]","[0.005102609032095307, 0.006655607080189161, 0.0007898836850748791, 0.006620552744054037, 0.008066029457541764]",,0.03480070161149836,0.04695701042618995,5.0,1.96,nan,known-logging,sieve,frozen,neural-fore,known-uniform,0.8,1.0,0.0,0.02,0.0
10000,26871181,1000000,-0.3170054884673674,-0.32908824570427025,-0.34484262092183715,-0.01208275723690283,-0.027837132454469726,0.03526834290938632,-0.41396857302423434,-0.27571666881943996,1.0,0.13825190420479436,0.007441146499407273,0.002425315915397647,0.0030122077115029566,12.802166531253269,17.30471280149638,6719.6129366951745,260.0,0.002930941573442242,30.585863233398413,1.0,0.0,nan,nan,4.023999999999999,0.04009902714015558,0.20310189389847597,0.19863352665221812,0.0,"[300, 300, 300, 100, 300]","[0.00486169093808241, 0.0, 0.0, 0.0097930169291288, 0.0]",,0.03526834290938632,0.040696613300684366,5.0,1.96,nan,known-logging,sieve,frozen,neural-fore,known-uniform,0.8,1.0,0.0,0.02,0.0
10000,26971184,1000000,-0.3170054884673674,-0.3064642778730023,-0.269807041316833,0.010541210594365136,0.04719844715053445,0.03531656061700042,-0.3390275001261538,-0.20058658250751216,1.0,0.13844091761864163,0.006478333564071569,0.002425315915397647,0.0030122077115029566,12.669584607386122,16.7666760114906,6802.957959465125,260.0,0.001508504454682046,28.275297516200226,1.0,0.0,nan,nan,0.406,0.04045685499006686,0.20021368386427318,0.20121821430670256,0.0,"[300, 100, 300, 300, 300]","[0.00023794526278990348, 0.0016714236168410572, 0.0, 0.0008609210406733707, 0.004772232353105899]",,0.03531656061700042,0.0517856036789116,5.0,1.96,nan,known-logging,sieve,frozen,neural-fore,known-uniform,0.8,1.0,0.0,0.02,0.0
10000,27071187,1000000,-0.3170054884673674,-0.3186237643667733,-0.32850321241656966,-0.0016182758994058855,-0.011497723949202232,0.03559666413546802,-0.398272674122087,-0.2587337507110523,1.0,0.13953892341103463,0.006409711931665216,0.002425315915397647,0.0030122077115029566,13.915053872395779,22.029028108812835,6755.016176647613,260.0,0.0023363271831219135,29.649618882998038,1.0,0.0,nan,nan,4.401999999999999,0.04060013570277958,0.20368209399568435,0.20009060546744273,0.0,"[300, 300, 300, 100, 300]","[0.0006664770954175972, 0.0004648162073672894, 0.0, 0.01055034261282468, 0.0]",,0.03559666413546802,0.03656478920223949,5.0,1.96,nan,known-logging,sieve,frozen,neural-fore,known-uniform,0.8,1.0,0.0,0.02,0.0
10000,27171190,1000000,-0.3170054884673674,-0.3092484727373689,-0.30739285152221146,0.00775701572999854,0.009612636945155961,0.0351576062803467,-0.376301759831691,-0.23848394321273192,1.0,0.13781781661895906,0.007416457880115286,0.002425315915397647,0.0030122077115029566,13.00372049234266,17.81816542321623,6803.461951980668,260.0,0.002442030231479318,27.038880716399582,1.0,0.0,nan,nan,6.004,0.03921705365671383,0.19868378671040912,0.19807353697890306,0.0,"[300, 100, 300, 300, 300]","[0.0023934512964793615, 0.007150251364520163, 0.0007823838071343038, 0.0, 0.0018840646892627631]",,0.0351576062803467,0.06829317542414115,5.0,1.96,nan,known-logging,sieve,frozen,neural-fore,known-uniform,0.8,1.0,0.0,0.02,0.0
10000,27271193,1000000,-0.3170054884673674,-0.322473444859941,-0.2759188294583647,-0.005467956392573581,0.04108665900900271,0.03497825337081614,-0.3444762060651644,-0.20736145285156507,1.0,0.13711475321359928,0.006366331525195522,0.002425315915397647,0.0030122077115029566,12.926590364332645,20.373903933057417,6796.079805979179,220.0,0.0027747195696280736,25.345431475198712,1.0,0.0,nan,nan,4.204,0.041159702957684764,0.2013493923403938,0.20563513212759182,0.0,"[300, 100, 300, 100, 300]","[0.003673421873318703, 0.006567087991004104, 0.0006845790061884372, 0.0029485089776291216, 0.0]",,0.03497825337081614,0.0335886442544164,5.0,1.96,nan,known-logging,sieve,frozen,neural-fore,known-uniform,0.8,1.0,0.0,0.02,0.0
10000,27371196,1000000,-0.3170054884673674,-0.30589293765810655,-0.2788080023875963,0.01111255080926088,0.03819748607977114,0.03534889845311807,-0.3480918433557077,-0.20952416141948488,1.0,0.13856768193622282,0.0070381053746668325,0.002425315915397647,0.0030122077115029566,12.902132464890844,15.653429213625062,6758.434763131542,220.0,0.0023198281437994787,24.89376884180092,1.0,0.0,nan,nan,6.202,0.040662876948500834,0.19952137676230103,0.20296127545850662,0.0,"[100, 300, 100, 300, 300]","[0.0018272393531548231, 0.0010653330383307313, 0.00870656832751184, 0.0, 0.0]",,0.03534889845311807,0.02219014567981707,5.0,1.96,nan,known-logging,sieve,frozen,neural-fore,known-uniform,0.8,1.0,0.0,0.02,0.0
10000,27471199,1000000,-0.3170054884673674,-0.3024315585938777,-0.35243121911442354,0.01457392987348971,-0.03542573064705612,0.03721701771282077,-0.42537657383155225,-0.27948586439729484,1.0,0.14589070943425742,0.0077140845364733444,0.002425315915397647,0.0030122077115029566,14.198327510907388,21.335558755258994,6631.306518949942,260.0,0.0009316722412805043,27.286812808398828,1.0,0.0,nan,nan,4.204,0.0403194709485785,0.20045493613776605,0.19912933381367068,0.0,"[300, 300, 100, 300, 300]","[0.0, 0.0, 0.0046583612064025216, 0.0, 0.0]",,0.03721701771282077,0.027807007751781253,5.0,1.96,nan,known-logging,sieve,frozen,neural-fore,known-uniform,0.8,1.0,0.0,0.02,0.0
10000,27571202,1000000,-0.3170054884673674,-0.30867333176415174,-0.3370941850615488,0.008332156703215687,-0.020088696594181388,0.03622370775624992,-0.40809265226379865,-0.266095717859299,1.0,0.14199693440449968,0.006638308581264503,0.002425315915397647,0.0030122077115029566,13.240742929772665,14.228655914118841,6672.5321377193995,300.0,0.0026494332925669664,28.50109981699861,1.0,0.0,nan,nan,2.206,0.04052014438418359,0.2010531087317824,0.20382430618688155,0.0,"[300, 300, 300, 300, 300]","[0.002266702275797417, 0.0, 0.003882279738873389, 0.0, 0.007098184448164027]",,0.03622370775624992,0.012342738478704074,5.0,1.96,nan,known-logging,sieve,frozen,neural-fore,known-uniform,0.8,1.0,0.0,0.02,0.0
10000,27671205,1000000,-0.3170054884673674,-0.306744183330984,-0.2896829906138318,0.010261305136383403,0.027322497853535632,0.035875035448783475,-0.35999806009344737,-0.2193679211342162,1.0,0.1406301389592312,0.00696899549345468,0.002425315915397647,0.0030122077115029566,13.234788562517876,16.8505010483972,6712.464497548728,260.0,0.0008859148203184374,26.62708608380053,1.0,0.0,nan,nan,2.44,0.040713157278437814,0.2033427628033186,0.19917472148845913,0.0,"[300, 300, 300, 300, 100]","[0.0, 0.0, 0.0, 0.0003491959769987387, 0.004080378124593448]",,0.035875035448783475,0.024654426822620874,5.0,1.96,nan,known-logging,sieve,frozen,neural-fore,known-uniform,0.8,1.0,0.0,0.02,0.0
10000,27771208,1000000,-0.3170054884673674,-0.314369723716984,-0.26979300843168563,0.002635764750383407,0.04721248003568179,0.03515969415605421,-0.3387060089775519,-0.2008800078858194,1.0,0.1378260010917325,0.006430861539917813,0.002425315915397647,0.0030122077115029566,14.05199219555311,16.40082334028362,6712.5105509414425,300.0,0.0010880068629904951,30.494479892003437,1.0,0.0,nan,nan,4.006,0.039914765949398405,0.20001451624581681,0.1985203125229194,0.0,"[300, 300, 300, 300, 300]","[0.0, 0.0, 0.0, 0.0015742811068408938, 0.0038657532081115818]",,0.03515969415605421,0.03998543638209366,5.0,1.96,nan,known-logging,sieve,frozen,neural-fore,known-uniform,0.8,1.0,0.0,0.02,0.0
10000,27871211,1000000,-0.3170054884673674,-0.3092448552763297,-0.33262782560132476,0.0077606331910377024,-0.015622337133957331,0.03591669944319029,-0.4030245565099777,-0.2622310946926718,1.0,0.14079346181730595,0.008403847946689708,0.002425315915397647,0.0030122077115029566,13.358184032437823,15.314618631966262,6716.265524146144,260.0,0.0012035666539905233,29.013082458602003,1.0,0.0,nan,nan,2.206,0.04037851883591223,0.20329357667475328,0.19932253442745795,0.0,"[300, 100, 300, 300, 300]","[0.0021853726156827744, 0.0035141632052764923, 0.0, 0.0003182974489933505, 0.0]",,0.03591669944319029,0.024914721267369558,5.0,1.96,nan,known-logging,sieve,frozen,neural-fore,known-uniform,0.8,1.0,0.0,0.02,0.0
10000,27971214,1000000,-0.3170054884673674,-0.31157207643964385,-0.2879126602853262,0.005433412027723572,0.02909282818204123,0.0352162583259719,-0.35693652660423114,-0.21888879396642125,1.0,0.13804773263780987,0.0056262639233011415,0.002425315915397647,0.0030122077115029566,13.315676082777617,15.02865730166446,6694.9377199999535,260.0,0.001783583025753615,28.534174108001025,1.0,0.0,nan,nan,2.206,0.04067768038679296,0.20338050204640465,0.1998396036643462,0.0,"[100, 300, 300, 300, 300]","[0.006169914795587821, 0.002748000333180254, 0.0, 0.0, 0.0]",,0.0352162583259719,0.01425088111366856,5.0,1.96,nan,known-logging,sieve,frozen,neural-fore,known-uniform,0.8,1.0,0.0,0.02,0.0
10000,28071217,1000000,-0.3170054884673674,-0.31241387068478105,-0.34682791945074803,0.004591617782586377,-0.02982243098338061,0.03608339995219611,-0.4175513833570524,-0.2761044555444437,1.0,0.14144692781260873,0.008003229090525366,0.002425315915397647,0.0030122077115029566,13.2749145659482,15.88008124000302,6759.082575571334,220.0,0.0030550394664204776,27.976392674398813,1.0,0.0,nan,nan,6.004,0.039643475951787126,0.19981930846654916,0.19837229718916433,0.0,"[300, 100, 300, 100, 300]","[0.0, 0.00582400811089163, 0.004491281948436972, 0.0038479862367646733, 0.001111921036009112]",,0.03608339995219611,0.03419536402436509,5.0,1.96,nan,known-logging,sieve,frozen,neural-fore,known-uniform,0.8,1.0,0.0,0.02,0.0
10000,28171220,1000000,-0.3170054884673674,-0.3171976717679303,-0.3617445355808428,-0.0001921833005628648,-0.04473904711347537,0.03663114269276662,-0.4335415752586654,-0.2899474959030202,1.0,0.14359407935564514,0.005761669458946246,0.002425315915397647,0.0030122077115029566,13.771718224000557,14.634049276617846,6568.771668669942,300.0,0.0006241110995142459,32.507215849997735,1.0,0.0,nan,nan,6.022,0.040250207672065996,0.2009145010438121,0.19970189575945313,0.0,"[300, 300, 300, 300, 300]","[0.0, 0.003067420513814442, 0.0, 1.5945113631048727e-05, 3.718987012573862e-05]",,0.03663114269276662,0.021470665384056252,5.0,1.96,nan,known-logging,sieve,frozen,neural-fore,known-uniform,0.8,1.0,0.0,0.02,0.0
10000,28271223,1000000,-0.3170054884673674,-0.3115753729476921,-0.36835535959614074,0.005430115519675316,-0.05134987112877332,0.03731393524182197,-0.4414906726701118,-0.2952200465221697,1.0,0.14627062614794212,0.00672529725727857,0.002425315915397647,0.0030122077115029566,14.406147625057901,19.36607069845731,6597.851701257955,300.0,0.0016247981294851028,33.28728364999843,1.0,0.0,nan,nan,6.004,0.040743583051118186,0.20327498805276578,0.20236263383263237,0.0,"[300, 300, 300, 300, 300]","[0.0, 0.0004263444376010842, 0.0037779558938738056, 0.0005611181508953416, 0.0033585721650552813]",,0.03731393524182197,0.06172560605891952,5.0,1.96,nan,known-logging,sieve,frozen,neural-fore,known-uniform,0.8,1.0,0.0,0.02,0.0
10000,28371226,1000000,-0.3170054884673674,-0.31226488710440997,-0.3162912756133754,0.004740601362957453,0.0007142128539920356,0.03575010441960165,-0.38636148027579464,-0.24622107095095616,1.0,0.14014040932483846,0.006389860237764758,0.002425315915397647,0.0030122077115029566,12.927370379334132,15.106591385138929,6845.782015227397,180.0,0.004349440172880583,25.86366961660169,1.0,0.0,nan,nan,4.024,0.04028648753780532,0.19907448288984925,0.20278457127206667,0.0,"[100, 100, 300, 300, 100]","[0.006013695781640537, 0.0048608690498834995, 0.0025467450994538176, 0.0, 0.00832589093342506]",,0.03575010441960165,0.030691083257279084,5.0,1.96,nan,known-logging,sieve,frozen,neural-fore,known-uniform,0.8,1.0,0.0,0.02,0.0
10000,28471229,1000000,-0.3170054884673674,-0.31276386495557146,-0.3287663411470163,0.004241623511795967,-0.011760852679648881,0.03581040058995816,-0.3989547263033343,-0.2585779559906983,1.0,0.14037677031263598,0.006309026225094617,0.002425315915397647,0.0030122077115029566,12.232843615622803,13.26452285576362,6807.343412020277,180.0,0.0027944350664180807,25.5312996998,1.0,0.0,nan,nan,4.204,0.03978649118344259,0.20207162234607973,0.19527203520043268,0.0,"[100, 300, 300, 100, 100]","[0.005400589185657738, 0.0, 0.0019157884855112012, 0.00553634891355666, 0.0011194487473648045]",,0.03581040058995816,0.03211145781850081,5.0,1.96,nan,known-logging,sieve,frozen,neural-fore,known-uniform,0.8,1.0,0.0,0.02,0.0
10000,28571232,1000000,-0.3170054884673674,-0.3140568339250582,-0.38921648746090587,0.002948654542309248,-0.07221099899353844,0.03661712030380976,-0.460986043256373,-0.31744693166543875,0.0,0.14353911159093424,0.0076892290121401835,0.002425315915397647,0.0030122077115029566,12.762429116338922,15.976818281390168,6671.538492686051,300.0,0.0015753551565464649,32.86049402499848,1.0,0.0,nan,nan,4.401999999999999,0.04127481865490446,0.20111598715721762,0.2047953379181438,0.0,"[300, 300, 300, 300, 300]","[0.0009348179821227468, 0.0, 0.0004006223349356115, 0.006385599767704916, 0.00015573569796905072]",,0.03661712030380976,0.03006901664506038,5.0,1.96,nan,known-logging,sieve,frozen,neural-fore,known-uniform,0.8,1.0,0.0,0.02,0.0
10000,28671235,1000000,-0.3170054884673674,-0.3104116850526711,-0.3010046715893934,0.006593803414696342,0.016000816877974,0.03542304401916551,-0.3704338378669578,-0.23157550531182902,1.0,0.1388583325551288,0.007415908282538809,0.002425315915397647,0.0030122077115029566,11.999250730845246,14.328647309905989,6768.492273218312,300.0,0.0031026600140682823,33.63744030820162,1.0,0.0,nan,nan,4.204,0.040657853418072466,0.20409749916809292,0.20181703679979662,0.0,"[300, 300, 300, 300, 300]","[0.0009649953411722059, 0.002880657653769529, 0.0, 0.005094513770538401, 0.006573133304861275]",,0.03542304401916551,0.018741002637192982,5.0,1.96,nan,known-logging,sieve,frozen,neural-fore,known-uniform,0.8,1.0,0.0,0.02,0.0
10000,28771238,1000000,-0.3170054884673674,-0.3182315668443864,-0.3847919236557149,-0.001226078377018991,-0.06778643518834748,0.03733386967986572,-0.4579663082282517,-0.31161753908317813,1.0,0.1463487691450736,0.007169123550422147,0.002425315915397647,0.0030122077115029566,13.938897289430722,19.181296839891115,6555.418411274677,300.0,0.0014843062924670516,31.616430325200053,1.0,0.0,nan,nan,4.6,0.03911036336573698,0.1948441828129974,0.19885717165548428,0.0,"[300, 300, 300, 300, 300]","[0.0, 0.0, 0.0, 0.0050323116408361075, 0.0023892198214991505]",,0.03733386967986572,0.05144242250863526,5.0,1.96,nan,known-logging,sieve,frozen,neural-fore,known-uniform,0.8,1.0,0.0,0.02,0.0
10000,28871241,1000000,-0.3170054884673674,-0.31802488063739737,-0.32687160284537475,-0.0010193921700299424,-0.009866114378007329,0.03615539949373479,-0.39773618585309495,-0.25600701983765456,1.0,0.14172916601544036,0.006305927598866358,0.002425315915397647,0.0030122077115029566,13.345947993318068,26.68747828238377,6718.628124203682,300.0,0.0012773608078849984,33.72133977500198,1.0,0.0,nan,nan,4.006000000000001,0.04067650532306143,0.2041274208924137,0.1972857116299193,0.0,"[300, 300, 300, 300, 300]","[0.0, 0.0022216014935864336, 0.001806169708331026, 0.00013060427491397254, 0.0022284285625935596]",,0.03615539949373479,0.021834069898961972,5.0,1.96,nan,known-logging,sieve,frozen,neural-fore,known-uniform,0.8,1.0,0.0,0.02,0.0
10000,28971244,1000000,-0.3170054884673674,-0.3020326181199991,-0.33232748236217047,0.014972870347368328,-0.015321993894803043,0.036861364572265874,-0.4045757569238116,-0.26007920780052934,1.0,0.14449654912328222,0.007748966221609082,0.002425315915397647,0.0030122077115029566,13.975056782664907,16.45001313847821,6630.874570169216,260.0,0.0019527081560943046,27.56718934119999,1.0,0.0,nan,nan,2.206,0.040743661082225054,0.20140191595354792,0.20326682739617818,0.0,"[300, 300, 300, 300, 100]","[0.0, 0.000489203232346332, 0.00039616028759491696, 0.0014583155202441268, 0.007419861740286148]",,0.036861364572265874,0.02160339137749783,5.0,1.96,nan,known-logging,sieve,frozen,neural-fore,known-uniform,0.8,1.0,0.0,0.02,0.0
10000,29071247,1000000,-0.3170054884673674,-0.3132578287181897,-0.30575784580772963,0.003747659749177734,0.011247642659637791,0.03564900326551338,-0.37562989220813586,-0.2358857994073234,1.0,0.13974409280081246,0.005027907151877498,0.002425315915397647,0.0030122077115029566,13.077375743349991,18.59527884853496,6805.25359573105,300.0,0.0,30.293450308600587,1.0,0.0,nan,nan,0.6039999999999999,0.04006558412122925,0.19922586731646613,0.19962268283378873,0.0,"[300, 300, 300, 300, 300]","[0.0, 0.0, 0.0, 0.0, 0.0]",,0.03564900326551338,0.019240964972652045,5.0,1.96,nan,known-logging,sieve,frozen,neural-fore,known-uniform,0.8,1.0,0.0,0.02,0.0
10000,29171250,1000000,-0.3170054884673674,-0.3072558595009825,-0.31733493421684267,0.009749628966384927,-0.0003294457494752434,0.03569053534166605,-0.3872883834865081,-0.2473814849471772,1.0,0.13990689853933092,0.0065395515841548645,0.002425315915397647,0.0030122077115029566,12.579923263368762,15.271984524004184,6815.461893079103,260.0,0.002737245385995308,28.132101675002197,1.0,0.0,nan,nan,2.602,0.041151480636562994,0.20514916770670402,0.19997345249693985,0.0,"[300, 300, 300, 300, 100]","[0.0, 0.0, 0.0023943196219461684, 0.005334671581120637, 0.005957235726909734]",,0.03569053534166605,0.03564233657527119,5.0,1.96,nan,known-logging,sieve,frozen,neural-fore,known-uniform,0.8,1.0,0.0,0.02,0.0
10000,29271253,1000000,-0.3170054884673674,-0.3158877044464063,-0.3882371699576452,0.0011177840209611323,-0.07123168149027775,0.03721745220606349,-0.4611833762815296,-0.31529096363376075,1.0,0.1458924126477689,0.006291859986400827,0.002425315915397647,0.0030122077115029566,13.905646378126551,17.02174625759486,6612.462958604668,220.0,0.0037150686077535673,28.131968200198752,1.0,0.0,nan,nan,2.4219999999999997,0.04074500655898923,0.20023120195439206,0.2030839240802346,0.0,"[100, 300, 100, 300, 300]","[0.010589052974241628, 0.0, 0.0033458108063661217, 0.004640479258160088, 0.0]",,0.03721745220606349,0.02100312064508525,5.0,1.96,nan,known-logging,sieve,frozen,neural-fore,known-uniform,0.8,1.0,0.0,0.02,0.0
10000,29371256,1000000,-0.3170054884673674,-0.31337224613609327,-0.295483319231024,0.0036332423312741557,0.021522169236343425,0.03506972577959914,-0.3642199817590383,-0.2267466567030097,1.0,0.1374733250560286,0.005988046964845547,0.002425315915397647,0.0030122077115029566,12.423052580369465,14.216204339070188,6772.339803512839,220.0,0.0031569824784631953,28.098337024198553,1.0,0.0,nan,nan,4.204000000000001,0.03916075737066804,0.19760518131877108,0.19814532892576264,0.0,"[300, 300, 300, 100, 100]","[0.0, 0.0007572151902779747, 0.0, 0.008028543556804034, 0.006999153645233966]",,0.03506972577959914,0.025772299848699907,5.0,1.96,nan,known-logging,sieve,frozen,neural-fore,known-uniform,0.8,1.0,0.0,0.02,0.0
10000,29471259,1000000,-0.3170054884673674,-0.31444875724076493,-0.29590828892500276,0.0025567312266024933,0.021097199542364664,0.03537089981183579,-0.36523525255620093,-0.2265813252938046,1.0,0.1386539272623963,0.006415660490059801,0.002425315915397647,0.0030122077115029566,13.069470752483232,17.532347246921553,6752.121055715806,300.0,0.0007762096244482795,32.83083426640151,1.0,0.0,nan,nan,4.204,0.04132423729080213,0.20238637686637384,0.20170344790873923,0.0,"[300, 300, 300, 300, 300]","[0.0, 0.0, 0.000201531699838711, 0.0036795164224026865, 0.0]",,0.03537089981183579,0.02510726373692271,5.0,1.96,nan,known-logging,sieve,frozen,neural-fore,known-uniform,0.8,1.0,0.0,0.02,0.0
10000,29571262,1000000,-0.3170054884673674,-0.30984787206072667,-0.3526628296704513,0.007157616406640754,-0.03565734120308389,0.03698497823450961,-0.42515338701009014,-0.2801722723308125,1.0,0.14498111467927766,0.00606777561611113,0.002425315915397647,0.0030122077115029566,13.7007145820993,15.99635062064307,6581.885694917553,260.0,0.0024719258891530804,30.81684672479969,1.0,0.0,nan,nan,8.001999999999999,0.040369613410166774,0.20061500476463587,0.20057049369300622,0.0,"[300, 300, 100, 300, 300]","[0.003166457567405719, 0.0, 0.005486593198343714, 0.0037065786800159688, 0.0]",,0.03698497823450961,0.036300149804880694,5.0,1.96,nan,known-logging,sieve,frozen,neural-fore,known-uniform,0.8,1.0,0.0,0.02,0.0
10000,29671265,1000000,-0.3170054884673674,-0.309023016870635,-0.2881473600194909,0.007982471596732432,0.028858128447876552,0.035876871407648524,-0.358466027978482,-0.21782869206049976,1.0,0.14063733591798222,0.006689040181604878,0.002425315915397647,0.0030122077115029566,13.54816203759257,19.538456249573002,6686.530077995509,300.0,0.0016924278741240445,33.25701206720187,1.0,0.0,nan,nan,2.404,0.03949673510190755,0.1956848945763265,0.2002379261629003,0.0,"[300, 300, 300, 300, 300]","[0.0, 0.005242837975492065, 0.0032193013951281584, 0.0, 0.0]",,0.035876871407648524,0.045980316267331844,5.0,1.96,nan,known-logging,sieve,frozen,neural-fore,known-uniform,0.8,1.0,0.0,0.02,0.0
10000,29771268,1000000,-0.3170054884673674,-0.3035205334163545,-0.3701581185463943,0.013484955051012937,-0.053152630079026875,0.03728614607888141,-0.44323896486100184,-0.29707727223178676,1.0,0.1461616926292151,0.008695349509048465,0.002425315915397647,0.0030122077115029566,13.600465885261274,15.65434191121388,6559.537126712185,300.0,0.0014340829225816612,30.762256982998224,1.0,0.0,nan,nan,2.602,0.038831100620270585,0.1968701435541484,0.19768620485132987,0.0,"[300, 300, 300, 300, 300]","[0.004369700632652005, 0.0, 0.002366414392525369, 0.0, 0.00043429958773093187]",,0.03728614607888141,0.016452310668674495,5.0,1.96,nan,known-logging,sieve,frozen,neural-fore,known-uniform,0.8,1.0,0.0,0.02,0.0
10000,29871271,1000000,-0.3170054884673674,-0.314369143282362,-0.3702181834144496,0.00263634518500544,-0.053212694947082195,0.036834045480115304,-0.4424129125554756,-0.29802345427342364,1.0,0.144389458282052,0.007638282234688775,0.002425315915397647,0.0030122077115029566,14.116410584706669,18.724256448525512,6554.430649451781,300.0,0.0012467503799883353,31.458234949197504,1.0,0.0,nan,nan,6.4,0.03999658982357401,0.1986021082947749,0.20006930880182217,0.0,"[300, 300, 300, 300, 300]","[0.00042638583348681726, 0.0019776372620375743, 0.0, 0.0, 0.003829728804417285]",,0.036834045480115304,0.04774978498614837,5.0,1.96,nan,known-logging,sieve,frozen,neural-fore,known-uniform,0.8,1.0,0.0,0.02,0.0
10000,29971274,1000000,-0.3170054884673674,-0.30307913969084427,-0.29756352104015726,0.013926348776523156,0.01944196742721016,0.03532730903271404,-0.3668050467442768,-0.22832199533603775,1.0,0.13848305140823905,0.007437178251593609,0.002425315915397647,0.0030122077115029566,12.968282101195367,15.759032893915077,6764.120358385984,260.0,0.0030621199529202317,29.803280816800545,1.0,0.0,nan,nan,2.008,0.03946840439247568,0.19732033539541596,0.19963164475385914,0.0,"[300, 300, 300, 100, 300]","[0.0016542768544047823, 0.005167847289127572, 0.001113343307081685, 0.006311957955169344, 0.0010631743588177766]",,0.03532730903271404,0.04729384203620079,5.0,1.96,nan,known-logging,sieve,frozen,neural-fore,known-uniform,0.8,1.0,0.0,0.02,0.0
10000,30071277,1000000,-0.3170054884673674,-0.3278460544315934,-0.3866580811194175,-0.010840565964226001,-0.0696525926520501,0.03655784465131478,-0.4583114566359945,-0.31500470560284055,1.0,0.14330675103315393,0.007524380614798797,0.002425315915397647,0.0030122077115029566,13.557195697062879,17.446583277344104,6729.302318979602,180.0,0.005966142626507241,26.390845774600166,0.9999999999999998,0.0,nan,nan,8.001999999999999,0.040750108856991235,0.20099683001457813,0.20308516868884588,0.0,"[300, 100, 100, 300, 100]","[0.00040453428708024197, 0.010614898500788169, 0.006951430458710847, 0.0037727774705017684, 0.008087072415455178]",,0.03655784465131478,0.025238458269972987,5.0,1.96,nan,known-logging,sieve,frozen,neural-fore,known-uniform,0.8,1.0,0.0,0.02,0.0
10000,30171280,1000000,-0.3170054884673674,-0.3088874567560865,-0.26564128876296994,0.008118031711280949,0.051364199704397484,0.03491093301402592,-0.33406671747046074,-0.19721586005547914,1.0,0.1368508574149816,0.007711451435447021,0.002425315915397647,0.0030122077115029566,13.414687076801927,15.247548641873609,6601.760508499995,300.0,0.005030522346696037,31.211767775195767,1.0,0.0,nan,nan,4.2219999999999995,0.03860121469421589,0.19587668731171234,0.19721841208402174,0.0,"[300, 300, 300, 300, 300]","[0.0039150420849912776, 0.0021174230210318, 0.0, 0.01912014662745711, 0.0]",,0.03491093301402592,0.018551053511973368,5.0,1.96,nan,known-logging,sieve,frozen,neural-fore,known-uniform,0.8,1.0,0.0,0.02,0.0
10000,30271283,1000000,-0.3170054884673674,-0.3092564348976428,-0.390196068932761,0.007749053569724607,-0.07319058046539356,0.03722681903637371,-0.46316063424405346,-0.3172315036214685,0.0,0.14592913062258495,0.00671747543852314,0.002425315915397647,0.0030122077115029566,13.865009855328003,17.76382260187398,6540.651025650001,300.0,0.0018820722380354308,30.82031790039982,1.0,0.0,nan,nan,4.2219999999999995,0.040890677428683214,0.20111585027410098,0.20087158541298997,0.0,"[300, 300, 300, 300, 300]","[0.0017591261716630733, 0.006229531601341611, 0.0, 0.0, 0.0014217034171724696]",,0.03722681903637371,0.031679586556206236,5.0,1.96,nan,known-logging,sieve,frozen,neural-fore,known-uniform,0.8,1.0,0.0,0.02,0.0
10000,30371286,1000000,-0.3170054884673674,-0.3065922949840138,-0.3201008286643755,0.010413193483353622,-0.0030953401970080785,0.035861736093741776,-0.3903898314081094,-0.2498118259206416,1.0,0.14057800548746777,0.005779871983656178,0.002425315915397647,0.0030122077115029566,12.701100385863569,15.075140161239807,6729.422390982492,220.0,0.0021927624795098077,26.59985329960109,1.0,0.0,nan,nan,2.404,0.04104490647797968,0.20349514396448543,0.20132573648147267,0.0,"[300, 100, 300, 300, 100]","[0.0, 0.002924386229800544, 0.0, 0.0, 0.008039426167748494]",,0.035861736093741776,0.02417891159414167,5.0,1.96,nan,known-logging,sieve,frozen,neural-fore,known-uniform,0.8,1.0,0.0,0.02,0.0
10000,30471289,1000000,-0.3170054884673674,-0.314046575802634,-0.33576893508288497,0.002958912664733415,-0.018763446615517543,0.03583842397927324,-0.4060122460822605,-0.26552562408350944,1.0,0.1404866219987511,0.008119506791185118,0.002425315915397647,0.0030122077115029566,12.432664822591969,14.05317416605765,6712.702682343676,260.0,0.0016830739058731272,28.58032888339949,1.0,0.0,nan,nan,6.202,0.04059177737662057,0.20362517442221967,0.19857769858244517,0.0,"[100, 300, 300, 300, 300]","[0.006410191636827271, 0.000633701588000953, 0.0006631344180568579, 0.0, 0.000708341886480554]",,0.03583842397927324,0.056643633789012916,5.0,1.96,nan,known-logging,sieve,frozen,neural-fore,known-uniform,0.8,1.0,0.0,0.02,0.0
10000,30571292,1000000,-0.3170054884673674,-0.31729959832767884,-0.3253389376444194,-0.00029410986031142006,-0.008333449177051977,0.03583835964365592,-0.395582122545985,-0.2550957527428538,1.0,0.1404863698031312,0.006147329245774567,0.002425315915397647,0.0030122077115029566,13.73214309750535,18.40737391057032,6627.547913811285,260.0,0.0032695602792519223,26.45170185020106,1.0,0.0,nan,nan,2.602,0.04009055290554878,0.20080875380379687,0.2012775788292521,0.0,"[100, 300, 300, 300, 300]","[0.006106311385032127, 0.008812274155399372, 0.0014292158558281125, 0.0, 0.0]",,0.03583835964365592,0.027189458855663765,5.0,1.96,nan,known-logging,sieve,frozen,neural-fore,known-uniform,0.8,1.0,0.0,0.02,0.0
10000,30671295,1000000,-0.3170054884673674,-0.3105321039973924,-0.2704200810385681,0.00647338446997503,0.0465854074287993,0.03533718371898342,-0.3396809611277756,-0.20115920094936063,1.0,0.13852176017841503,0.0056572324753014725,0.002425315915397647,0.0030122077115029566,12.814913829535174,15.448696644995936,6721.004344342409,300.0,0.0008388160403334628,28.450707667401,1.0,0.0,nan,nan,2.206,0.04024421239973083,0.199550826858166,0.20096993259417406,0.0,"[300, 300, 300, 300, 300]","[0.0018719334506594877, 0.0023221467510078264, 0.0, 0.0, 0.0]",,0.03533718371898342,0.05398943776761319,5.0,1.96,nan,known-logging,sieve,frozen,neural-fore,known-uniform,0.8,1.0,0.0,0.02,0.0
10000,30771298,1000000,-0.3170054884673674,-0.3052754749611045,-0.2912561060096462,0.011730013506262904,0.025749382457721237,0.035875348025704475,-0.36157178814002694,-0.22094042387926544,1.0,0.14063136426076153,0.0076722426584864434,0.002425315915397647,0.0030122077115029566,13.734892494025425,17.101676652821183,6673.368108504441,300.0,0.006924026306127038,27.835143232798874,1.0,0.0,nan,nan,4.204,0.039662608009795264,0.19836549480608012,0.20154113162064893,0.0,"[300, 300, 300, 300, 300]","[0.005637532379649204, 0.006171547753756465, 0.007340107055445416, 0.011136844661528872, 0.004334099680255231]",,0.035875348025704475,0.03412004747584467,5.0,1.96,nan,known-logging,sieve,frozen,neural-fore,known-uniform,0.8,1.0,0.0,0.02,0.0
10000,30871301,1000000,-0.3170054884673674,-0.3151635299490863,-0.27627388518906926,0.0018419585182811171,0.04073160327829817,0.03508149780280198,-0.3450336208825611,-0.2075141494955774,1.0,0.13751947138698375,0.005239356592178466,0.002425315915397647,0.0030122077115029566,12.832457399567048,16.70102124407105,6816.493162643649,300.0,0.002219858694857494,28.095771866801805,1.0,0.0,nan,nan,6.202,0.041109867906881425,0.20112744381085182,0.201740885259908,0.0,"[300, 300, 300, 300, 300]","[0.0, 0.0010606718804546862, 0.003889131556493253, 0.0, 0.00614949003733953]",,0.03508149780280198,0.03464074381477059,5.0,1.96,nan,known-logging,sieve,frozen,neural-fore,known-uniform,0.8,1.0,0.0,0.02,0.0
