n,seed,outcome_sample_size,truth,plugin_estimate,if_estimate,plugin_error,if_error,estimated_se,ci_lower,ci_upper,covered,ci_length,reward_rmse,g_rmse,g_estimand_shift,ratio_q99,ratio_max,ratio_ess,fore_selected_iterations,fore_apbv_score,fore_fit_seconds,fore_normalized_mass,fore_logit_cap_fraction,behavior_policy_selected_c,behavior_policy_validation_nll,transition_selected_alpha,transition_validation_mse,transition_residual_sd_x,transition_residual_sd_z,ratio_failure,fore_selected_iterations_by_fold,fore_apbv_scores_by_fold,failure_message,iid_estimated_se,fold_cluster_estimated_se,crossfit_fold_count,ci_critical_value,behavior_policy_selected_degree,data_fusion_policy_mode,data_fusion_transition_mode,data_fusion_g_mode,data_fusion_ratio_mode,normalization_policy_mode,data_fusion_target_gamma,data_fusion_repeated_splits,split_estimate_sd,behavior_probability_floor,behavior_probability_clipping_fraction
2500,242904,1000000,-0.3170054884673674,-0.295496574752838,-0.23731702366177843,0.0215089137145294,0.079688464805589,0.07135222532621129,-0.37716738530115257,-0.09746666202240431,1.0,0.27970072327874823,0.018739652230194054,0.002425315915397647,0.0030122077115029566,14.44645473197333,24.796570983753632,1652.6697497519442,140.0,0.0012701630339274302,9.575612734000606,1.0,0.0,nan,nan,2.602,0.04214860935240508,0.2073900055740891,0.20337060532232684,0.0,"[100, 100, 100, 300, 100]","[0.002163315284370867, 0.004187499885266285, 0.0, 0.0, 0.0]",,0.07135222532621129,0.08388109254495424,5.0,1.96,nan,known-logging,sieve,frozen,neural-fore,known-uniform,0.8,1.0,0.0,0.02,0.0
2500,342907,1000000,-0.3170054884673674,-0.2983372296196876,-0.4238007628769281,0.01866825884767981,-0.10679527440956066,0.07727713606419767,-0.5752639495627555,-0.27233757619110066,1.0,0.30292637337165484,0.016688087847053078,0.002425315915397647,0.0030122077115029566,14.07890419638472,19.440540162999703,1628.9996864421141,140.0,0.00897331565471052,9.528334783799437,1.0,0.0,nan,nan,4.2219999999999995,0.04094950126783568,0.19799280925402857,0.2051952026817622,0.0,"[100, 100, 300, 100, 100]","[0.02419837555239795, 0.01286124938084672, 0.0, 0.007806953340307919, 0.0]",,0.07727713606419767,0.06286772938001806,5.0,1.96,nan,known-logging,sieve,frozen,neural-fore,known-uniform,0.8,1.0,0.0,0.02,0.0
2500,442910,1000000,-0.3170054884673674,-0.27638966977566254,-0.3278317202738515,0.040615818691704886,-0.010826231806484066,0.07384786766640224,-0.47257354089999987,-0.1830898996477031,1.0,0.28948364125229675,0.02367712661696961,0.002425315915397647,0.0030122077115029566,13.179052658262197,14.8864471259895,1682.8434169846369,140.0,0.011856522454776674,9.68105602479991,1.0,0.0,nan,nan,2.602,0.04088127058661761,0.19858121771158083,0.20412365109367298,0.0,"[100, 100, 100, 100, 300]","[0.006747509220157391, 0.02137671864570592, 0.01937917569050933, 0.008526064675835672, 0.003253144041675059]",,0.07384786766640224,0.029792944985165232,5.0,1.96,nan,known-logging,sieve,frozen,neural-fore,known-uniform,0.8,1.0,0.0,0.02,0.0
2500,542913,1000000,-0.3170054884673674,-0.28720521924137754,-0.23321122764795277,0.029800269225989884,0.08379426081941466,0.07204339941465096,-0.37441629050066866,-0.09200616479523688,1.0,0.2824101257054318,0.024513600170765513,0.002425315915397647,0.0030122077115029566,14.250852263177466,24.120760858889053,1701.9841567168871,180.0,0.006862752661376667,10.260304433400597,1.0,0.0,nan,nan,4.401999999999999,0.039506464630699,0.1956226227980813,0.20155215657727626,0.0,"[100, 100, 300, 100, 300]","[0.0, 0.019901831898218727, 0.0, 0.014411931408664608, 0.0]",,0.07204339941465096,0.09195628182376357,5.0,1.96,nan,known-logging,sieve,frozen,neural-fore,known-uniform,0.8,1.0,0.0,0.02,0.0
2500,642916,1000000,-0.3170054884673674,-0.3030753623348337,-0.36748668404394763,0.013930126132533749,-0.05048119557658021,0.07654384479373294,-0.5175126198396642,-0.21746074824823108,1.0,0.3000518715914331,0.011943919311236874,0.002425315915397647,0.0030122077115029566,14.26448645810663,17.488706213847554,1677.6547414339473,140.0,0.009882131580816815,8.931737733200134,1.0,0.0,nan,nan,4.204,0.04038157398130397,0.20105265423538027,0.200795135877524,0.0,"[100, 100, 100, 100, 300]","[0.004476883881528311, 0.0006059193475696435, 0.010643336687595753, 0.024641968341037927, 0.00904254964635244]",,0.07654384479373294,0.050846424989198336,5.0,1.96,nan,known-logging,sieve,frozen,neural-fore,known-uniform,0.8,1.0,0.0,0.02,0.0
2500,742919,1000000,-0.3170054884673674,-0.3178772536069339,-0.42729149638026354,-0.0008717651395664938,-0.11028600791289611,0.07516269591312784,-0.5746103803699941,-0.27997261239053295,1.0,0.2946377679794611,0.013168884165778764,0.002425315915397647,0.0030122077115029566,12.68665962799209,14.025000870257976,1696.326625243389,140.0,0.011323589474113308,8.953828441600853,1.0,0.0,nan,nan,4.204000000000001,0.04116758970928147,0.20309587901804935,0.1978209110647636,0.0,"[100, 300, 100, 100, 100]","[0.006837314273466177, 0.00137064179165791, 0.006626624611832891, 0.02609825821226412, 0.015685108481345442]",,0.07516269591312784,0.04302260008648541,5.0,1.96,nan,known-logging,sieve,frozen,neural-fore,known-uniform,0.8,1.0,0.0,0.02,0.0
2500,842922,1000000,-0.3170054884673674,-0.31664308362046517,-0.11608510860619231,0.0003624048469022534,0.2009203798611751,0.06444127776217581,-0.24239001302005692,0.010219795807672294,0.0,0.2526098088277292,0.012768889704569217,0.002425315915397647,0.0030122077115029566,13.67076012348721,21.04172786299641,1764.1818085590157,180.0,0.0075173844941269245,9.779958282999724,1.0,0.0,nan,nan,2.602,0.040945817247868,0.1982548189811475,0.20650052498216337,0.0,"[300, 300, 100, 100, 100]","[0.0, 0.0, 0.015777904130625464, 0.013048299128450805, 0.008760719211558356]",,0.06444127776217581,0.08249442389614683,5.0,1.96,nan,known-logging,sieve,frozen,neural-fore,known-uniform,0.8,1.0,0.0,0.02,0.0
2500,942925,1000000,-0.3170054884673674,-0.3256486222373045,-0.3198473478026822,-0.008643133769937084,-0.002841859335314778,0.0729279385640949,-0.46278610738830817,-0.1769085882170562,1.0,0.285877519171252,0.014975261288938719,0.002425315915397647,0.0030122077115029566,13.015177847174707,15.472835737947777,1681.787207816523,180.0,0.00505628551557556,9.57427504139996,1.0,0.0,nan,nan,2.602,0.041241082302644005,0.19801194187850538,0.20764049029886725,0.0,"[100, 100, 100, 300, 300]","[0.0037454851226692044, 0.003963591090970191, 0.009067661318840452, 0.008504690045397953, 0.0]",,0.0729279385640949,0.03213501835062626,5.0,1.96,nan,known-logging,sieve,frozen,neural-fore,known-uniform,0.8,1.0,0.0,0.02,0.0
2500,1042928,1000000,-0.3170054884673674,-0.32080754762213926,-0.26956327652258194,-0.0038020591547718308,0.047442211944785484,0.07098465122018909,-0.4086931929141525,-0.13043336013101134,1.0,0.2782598327831412,0.013414870378713634,0.002425315915397647,0.0030122077115029566,13.815201075987282,15.457906226834048,1703.152859369178,180.0,0.007671376847585139,9.536411066601067,1.0,0.0,nan,nan,4.42,0.0420349330069114,0.20801180780795364,0.19788639402667266,0.0,"[100, 300, 300, 100, 100]","[0.0, 0.009985971500003734, 0.0009105193432754168, 0.0018456842227712329, 0.02561470917187531]",,0.07098465122018909,0.07860567435776113,5.0,1.96,nan,known-logging,sieve,frozen,neural-fore,known-uniform,0.8,1.0,0.0,0.02,0.0
2500,1142931,1000000,-0.3170054884673674,-0.3080580662021921,-0.20730615018187945,0.008947422265175309,0.10969933828548797,0.0689298270145365,-0.342408611130371,-0.07220368923338791,1.0,0.2702049218969831,0.012426480531572826,0.002425315915397647,0.0030122077115029566,12.470791406149218,16.050835733054665,1718.9840008031679,140.0,0.01061777816146684,8.78151033360009,1.0,0.0,nan,nan,2.602,0.042020307019951374,0.20654052012940535,0.20163927245096608,0.0,"[100, 100, 300, 100, 100]","[0.005634713442427268, 0.01164573107474895, 0.0068858422108341154, 0.010743844418208621, 0.018178759661115238]",,0.0689298270145365,0.04511673296212845,5.0,1.96,nan,known-logging,sieve,frozen,neural-fore,known-uniform,0.8,1.0,0.0,0.02,0.0
2500,1242934,1000000,-0.3170054884673674,-0.32691026014478664,-0.2585892329081758,-0.00990477167741921,0.05841625555919161,0.07024930394707625,-0.39627786864444525,-0.12090059717190638,1.0,0.2753772714725389,0.014802205073565777,0.002425315915397647,0.0030122077115029566,12.353889274962405,13.109110782098337,1682.1519439619979,140.0,0.022619684859018496,8.925312233199293,1.0,0.0,nan,nan,4.402,0.04114202675474062,0.200225093287903,0.20267018043087176,0.0,"[300, 100, 100, 100, 100]","[0.002765890908639429, 0.03175556419814471, 0.04859205301341668, 0.008297282105334956, 0.021687634069556698]",,0.07024930394707625,0.08959020755083222,5.0,1.96,nan,known-logging,sieve,frozen,neural-fore,known-uniform,0.8,1.0,0.0,0.02,0.0
2500,1342937,1000000,-0.3170054884673674,-0.3057910336995317,-0.22356246101707883,0.011214454767835724,0.0934430274502886,0.07042768616446698,-0.36160072589943415,-0.08552419613472353,1.0,0.2760765297647106,0.016750734283118733,0.002425315915397647,0.0030122077115029566,13.494350930664297,14.554402460347806,1703.4183083252613,260.0,0.007353566676531663,10.761934083198502,1.0,0.0,nan,nan,0.82,0.04130361117954209,0.20230416064641568,0.20420718164995716,0.0,"[100, 300, 300, 300, 300]","[0.012430160644983906, 0.0, 0.010128865942721218, 0.01165723334353571, 0.002551573451417483]",,0.07042768616446698,0.07806556130513097,5.0,1.96,nan,known-logging,sieve,frozen,neural-fore,known-uniform,0.8,1.0,0.0,0.02,0.0
2500,1442940,1000000,-0.3170054884673674,-0.2916408711306268,-0.24388589017183304,0.025364617336740614,0.07311959829553438,0.07006394293067716,-0.3812112183159603,-0.10656056202770581,1.0,0.27465065628825447,0.019561359243183522,0.002425315915397647,0.0030122077115029566,12.809713368127222,13.529523385158981,1716.5687661428447,180.0,0.0036925924507434085,9.445590341599745,1.0,0.0,nan,nan,4.401999999999999,0.04133046433387314,0.20094293957960746,0.20665160257987814,0.0,"[100, 300, 100, 100, 300]","[0.0067688134596606405, 0.000454926463556721, 0.0, 0.005649757597161452, 0.005589464733338228]",,0.07006394293067716,0.07091455206720196,5.0,1.96,nan,known-logging,sieve,frozen,neural-fore,known-uniform,0.8,1.0,0.0,0.02,0.0
2500,1542943,1000000,-0.3170054884673674,-0.2821888057717842,-0.18937652006745345,0.034816682695583245,0.12762896839991397,0.06932658288183731,-0.3252566225158546,-0.05349641761905233,1.0,0.27176020489680225,0.021510456111070782,0.002425315915397647,0.0030122077115029566,13.164776355000845,14.28316940079209,1697.1312877482428,180.0,0.003050829596252456,9.491758933599703,1.0,0.0,nan,nan,4.6,0.04237322286345248,0.20140507318352524,0.2070311648445522,0.0,"[100, 300, 300, 100, 100]","[0.0, 0.0008291259296195064, 0.0036050129433640816, 0.0039059301199338473, 0.006914078988344843]",,0.06932658288183731,0.061590330642386414,5.0,1.96,nan,known-logging,sieve,frozen,neural-fore,known-uniform,0.8,1.0,0.0,0.02,0.0
2500,1642946,1000000,-0.3170054884673674,-0.31440054363376096,-0.34878107242928447,0.0026049448336064596,-0.03177558396191704,0.07280620966729437,-0.49148124337718146,-0.2060809014813875,1.0,0.28540034189579394,0.015062742341777222,0.002425315915397647,0.0030122077115029566,12.079192944467051,14.108829992371353,1752.3200016971575,100.0,0.009084609229862988,8.146963774999312,1.0,0.0,nan,nan,0.8019999999999999,0.042394302004309506,0.2031198367036149,0.20769122282672475,0.0,"[100, 100, 100, 100, 100]","[0.018541775333834876, 0.004695857590433994, 0.010598094467918559, 0.0, 0.011587318757127514]",,0.07280620966729437,0.032637202166442274,5.0,1.96,nan,known-logging,sieve,frozen,neural-fore,known-uniform,0.8,1.0,0.0,0.02,0.0
2500,1742949,1000000,-0.3170054884673674,-0.31397102773756463,-0.28696435968120587,0.0030344607298027904,0.030041128786161553,0.0717436195035123,-0.42758185390809,-0.14634686545432177,1.0,0.2812349884537682,0.01603678653438124,0.002425315915397647,0.0030122077115029566,12.267594166142716,13.357617156668063,1771.1276796093068,100.0,0.013773245864491728,8.035682791599537,1.0,0.0,nan,nan,4.204,0.041368122488580385,0.20091244352675103,0.20708250026750674,0.0,"[100, 100, 100, 100, 100]","[0.007467632139524322, 0.002373392999778215, 0.020744618919223783, 0.034618780252349504, 0.0036618050115828247]",,0.0717436195035123,0.057926900910052315,5.0,1.96,nan,known-logging,sieve,frozen,neural-fore,known-uniform,0.8,1.0,0.0,0.02,0.0
2500,1842952,1000000,-0.3170054884673674,-0.3199174844131616,-0.2888213059415435,-0.0029119959457941658,0.028184182525823942,0.07336848302816615,-0.43262353267674913,-0.14501907920633783,1.0,0.2876044534704113,0.014406689670429176,0.002425315915397647,0.0030122077115029566,14.095902506445489,15.309230031384498,1646.4267032299433,180.0,0.007648712422905574,9.594302283599244,1.0,0.0,nan,nan,0.622,0.04147170245086485,0.20262341176565934,0.20621161639334823,0.0,"[100, 300, 100, 100, 300]","[0.006604922479857174, 0.00881216332077139, 0.0035151614435589796, 0.018227374009893094, 0.001083940860447232]",,0.07336848302816615,0.11569471771770747,5.0,1.96,nan,known-logging,sieve,frozen,neural-fore,known-uniform,0.8,1.0,0.0,0.02,0.0
2500,1942955,1000000,-0.3170054884673674,-0.31977643649126075,-0.31401253719474603,-0.002770948023893327,0.0029929512726213914,0.0735451088435737,-0.4581609505281505,-0.1698641238613416,1.0,0.2882968266668089,0.01608646494545574,0.002425315915397647,0.0030122077115029566,14.424292282708818,16.31522788491863,1651.5961650477939,220.0,0.004113466942323729,10.155753024999285,1.0,0.0,nan,nan,4.42,0.0420321369244776,0.20618624233677457,0.20059732670912042,0.0,"[100, 300, 300, 100, 300]","[0.0072272059282121855, 0.0, 0.0011084877318780957, 0.0, 0.012231641051528363]",,0.0735451088435737,0.0859141198597301,5.0,1.96,nan,known-logging,sieve,frozen,neural-fore,known-uniform,0.8,1.0,0.0,0.02,0.0
2500,2042958,1000000,-0.3170054884673674,-0.3223195368737316,-0.38195741916058723,-0.00531404840636418,-0.0649519306932198,0.0759602599073414,-0.5308395285789764,-0.2330753097421981,1.0,0.2977642188367783,0.01659509681934088,0.002425315915397647,0.0030122077115029566,14.485310198483049,17.72581362289406,1653.1437420381505,140.0,0.008531854234471798,8.802572775400767,1.0,0.0,nan,nan,4.401999999999999,0.04294708123677327,0.2003800606117326,0.21382980092072792,0.0,"[100, 300, 100, 100, 100]","[0.007497308693085092, 0.009440159883415825, 0.01959715871742754, 0.003869861733109106, 0.0022547821453214353]",,0.0759602599073414,0.11889455022050287,5.0,1.96,nan,known-logging,sieve,frozen,neural-fore,known-uniform,0.8,1.0,0.0,0.02,0.0
2500,2142961,1000000,-0.3170054884673674,-0.3089763872600736,-0.21994622421140694,0.008029101207293832,0.09705926425596048,0.06883535753442828,-0.3548635249788864,-0.08502892344392751,1.0,0.26983460153495886,0.016501020249862164,0.002425315915397647,0.0030122077115029566,12.884040124286287,14.235252886141783,1765.8344542253847,180.0,0.0032460453159834568,9.412519699999029,1.0,0.0,nan,nan,0.622,0.03979616995211739,0.2007414579759911,0.1965482116105638,0.0,"[100, 100, 100, 300, 300]","[0.002220186827174119, 0.008231153070854381, 0.0028738369676657195, 0.0, 0.002905049714223065]",,0.06883535753442828,0.0647972954405237,5.0,1.96,nan,known-logging,sieve,frozen,neural-fore,known-uniform,0.8,1.0,0.0,0.02,0.0
2500,2242964,1000000,-0.3170054884673674,-0.30161572962391575,-0.28420991466066464,0.015389758843451673,0.03279557380670278,0.07215304627747222,-0.4256298853645102,-0.1427899439568191,1.0,0.2828399414076911,0.011257058646202618,0.002425315915397647,0.0030122077115029566,13.586410213373695,20.710835412647786,1696.083752448829,180.0,0.004554281580179396,9.731947066599606,1.0,0.0,nan,nan,8.2,0.0416050232581219,0.20409464088574908,0.2010485879067713,0.0,"[300, 100, 100, 300, 100]","[0.009541911379714838, 0.006395771516677098, 0.0032295070161225048, 0.0, 0.003604217988382541]",,0.07215304627747222,0.06700039253206015,5.0,1.96,nan,known-logging,sieve,frozen,neural-fore,known-uniform,0.8,1.0,0.0,0.02,0.0
2500,2342967,1000000,-0.3170054884673674,-0.2968828228540566,-0.24660113743829043,0.02012266561331083,0.070404351029077,0.07087301829413532,-0.38551225329479566,-0.1076900215817852,1.0,0.27782223171301046,0.015496783828123892,0.002425315915397647,0.0030122077115029566,14.125999294497698,16.85342111094363,1686.1990731977037,220.0,0.008661647370521988,10.39365327459891,1.0,0.0,nan,nan,2.4219999999999997,0.039316820844793016,0.19990298935734044,0.19605524465485363,0.0,"[300, 100, 300, 300, 100]","[0.0, 0.007221451234188284, 0.0, 0.003929570306674629, 0.03215721531174703]",,0.07087301829413532,0.08301719634599856,5.0,1.96,nan,known-logging,sieve,frozen,neural-fore,known-uniform,0.8,1.0,0.0,0.02,0.0
2500,2442970,1000000,-0.3170054884673674,-0.2859609004691271,-0.19492940089463315,0.031044587998240336,0.12207608757273428,0.06946343927834887,-0.3310777418801969,-0.05878105990906937,1.0,0.27229668197112755,0.01599486639599273,0.002425315915397647,0.0030122077115029566,11.83746592465314,16.56157893356077,1725.3694264254877,140.0,0.007765115874310268,8.941813299798378,1.0,0.0,nan,nan,4.204,0.03972818904275556,0.20141367572073152,0.19893020786281604,0.0,"[100, 100, 100, 300, 100]","[0.00572727987786222, 0.018054756349977625, 0.007464294035994417, 0.0009799800833510679, 0.006599269024366008]",,0.06946343927834887,0.06057141387212091,5.0,1.96,nan,known-logging,sieve,frozen,neural-fore,known-uniform,0.8,1.0,0.0,0.02,0.0
2500,2542973,1000000,-0.3170054884673674,-0.3139869407592896,-0.22562672703489184,0.003018547708077801,0.09137876143247559,0.06820301474442832,-0.35930463593397133,-0.09194881813581235,1.0,0.267355817798159,0.011157959119766046,0.002425315915397647,0.0030122077115029566,12.571295546347624,13.508592563964763,1785.6479966773043,140.0,0.022159578564487088,8.704291675200148,1.0,0.0,nan,nan,2.8,0.04069435286621612,0.20372978765543945,0.19709295696249263,0.0,"[100, 100, 100, 100, 300]","[0.04249516029439038, 0.007016441500864651, 0.044569176075148924, 0.007912014906509097, 0.008805100045522384]",,0.06820301474442832,0.0397225601894824,5.0,1.96,nan,known-logging,sieve,frozen,neural-fore,known-uniform,0.8,1.0,0.0,0.02,0.0
2500,2642976,1000000,-0.3170054884673674,-0.3344079625324138,-0.324719962685634,-0.01740247406504636,-0.007714474218266598,0.07293453828110585,-0.46767165771660146,-0.18176826765466655,1.0,0.28590339006193494,0.01390069835318992,0.002425315915397647,0.0030122077115029566,14.50995330381299,17.108133666395283,1644.7136055148305,220.0,0.012104684017634842,11.163422650000939,1.0,0.0,nan,nan,2.602,0.04149460741118681,0.20528304132046266,0.20482447861836345,0.0,"[300, 100, 100, 300, 300]","[0.006676916933529342, 0.0020052750979751097, 0.025209133252277877, 0.012473610798785227, 0.014158484005606656]",,0.07293453828110585,0.05992948353197141,5.0,1.96,nan,known-logging,sieve,frozen,neural-fore,known-uniform,0.8,1.0,0.0,0.02,0.0
2500,2742979,1000000,-0.3170054884673674,-0.3298072530194253,-0.3423688135564139,-0.012801764552057893,-0.025363325089046485,0.07249174420046647,-0.4844526321893282,-0.20028499492349963,1.0,0.28416763726582855,0.01772881843917256,0.002425315915397647,0.0030122077115029566,13.143243056489908,15.62096748794591,1678.2765425940781,140.0,0.007901973564861314,9.743902466601503,1.0,0.0,nan,nan,4.402,0.04228288207088246,0.20658635355645086,0.20291628851932417,0.0,"[100, 300, 100, 100, 100]","[0.011309344498646682, 0.0, 0.011718941886590596, 0.010208558409893792, 0.0062730230291754945]",,0.07249174420046647,0.09739744756683186,5.0,1.96,nan,known-logging,sieve,frozen,neural-fore,known-uniform,0.8,1.0,0.0,0.02,0.0
2500,2842982,1000000,-0.3170054884673674,-0.3025365982046194,-0.25929701650001996,0.014468890262748002,0.05770847196734746,0.07224018290603393,-0.4008877749958465,-0.11770625800419346,1.0,0.283181516991653,0.009665222453455136,0.002425315915397647,0.0030122077115029566,12.845308638686342,13.939472252441192,1703.7405931327962,180.0,0.0067682078044343065,10.522110066799723,1.0,0.0,nan,nan,4.6,0.04085470794329682,0.19959534991003763,0.20393798246737052,0.0,"[300, 100, 100, 100, 300]","[0.0, 0.006931069400000397, 0.006904206844859693, 0.011010780910581495, 0.00899498186672994]",,0.07224018290603393,0.05931983269792677,5.0,1.96,nan,known-logging,sieve,frozen,neural-fore,known-uniform,0.8,1.0,0.0,0.02,0.0
2500,2942985,1000000,-0.3170054884673674,-0.31080284386839285,-0.413359939489696,0.0062026445989745715,-0.09635445102232859,0.07495357711459656,-0.5602689506343053,-0.26645092834508677,1.0,0.2938180222892185,0.017631155683334235,0.002425315915397647,0.0030122077115029566,15.239124918094275,17.129359297785182,1645.90827900361,100.0,0.007699063934369439,8.979608249599186,1.0,0.0,nan,nan,6.4,0.04311969782065271,0.20049384570665282,0.2142481233685797,0.0,"[100, 100, 100, 100, 100]","[0.0019358920233266716, 0.02012625055635, 0.016433177092170525, 0.0, 0.0]",,0.07495357711459656,0.06401994603954325,5.0,1.96,nan,known-logging,sieve,frozen,neural-fore,known-uniform,0.8,1.0,0.0,0.02,0.0
2500,3042988,1000000,-0.3170054884673674,-0.3033947667045539,-0.33221079887924604,0.013610721762813527,-0.015205310411878614,0.07390762376721019,-0.477069741462978,-0.18735185629551407,1.0,0.28971788516746394,0.014702944464785409,0.002425315915397647,0.0030122077115029566,14.698849598906213,16.281572086674245,1600.3395598083775,180.0,0.006214823544299029,9.554736808599046,1.0,0.0,nan,nan,2.62,0.0398817000232311,0.2022042541549698,0.20341679746998106,0.0,"[100, 300, 100, 100, 300]","[0.003891657289572277, 0.003622770857299239, 0.010284123258473705, 0.007107756911228318, 0.006167809404921603]",,0.07390762376721019,0.060622002308697166,5.0,1.96,nan,known-logging,sieve,frozen,neural-fore,known-uniform,0.8,1.0,0.0,0.02,0.0
2500,3142991,1000000,-0.3170054884673674,-0.3094399369504803,-0.4688943079513752,0.007565551516887148,-0.1518888194840078,0.07724555419592612,-0.6202955941753904,-0.31749302172736005,0.0,0.3028025724480304,0.019245159888442175,0.002425315915397647,0.0030122077115029566,13.255975617100624,14.23510155207686,1650.6855234624459,100.0,0.005259685332271997,8.097353416398983,1.0,0.0,nan,nan,6.4,0.04140007418379722,0.1970204325897676,0.2072082743146712,0.0,"[100, 100, 100, 100, 100]","[0.003276504829120905, 0.008458758379976585, 0.0037552837448473287, 0.005283373745014196, 0.0055245059624009695]",,0.07724555419592612,0.10580674065066777,5.0,1.96,nan,known-logging,sieve,frozen,neural-fore,known-uniform,0.8,1.0,0.0,0.02,0.0
2500,3242994,1000000,-0.3170054884673674,-0.3017848895034455,-0.22517394620041295,0.015220598963921916,0.09183154226695447,0.07039750916313398,-0.3631530641601556,-0.08719482824067035,1.0,0.2759582359194852,0.013303191549108653,0.002425315915397647,0.0030122077115029566,13.097274823195514,16.67884392156538,1657.6325250535344,180.0,0.00991856754681727,9.927829499599465,1.0,0.0,nan,nan,2.206,0.04062934773646376,0.19790498398198894,0.20426970138775996,0.0,"[100, 100, 300, 300, 100]","[0.00492717470980755, 0.007497789732533627, 0.010363382442602504, 0.005447898956951993, 0.021356591892190677]",,0.07039750916313398,0.05977445053965306,5.0,1.96,nan,known-logging,sieve,frozen,neural-fore,known-uniform,0.8,1.0,0.0,0.02,0.0
2500,3342997,1000000,-0.3170054884673674,-0.32408454018465893,-0.23378675214116834,-0.007079051717291507,0.08321873632619908,0.06668050555049064,-0.36448054302013,-0.10309296126220668,1.0,0.2613875817579233,0.01633087741311193,0.002425315915397647,0.0030122077115029566,12.53572959594175,14.409505776641799,1690.0260606689237,220.0,0.006058196336041997,10.625770392000414,1.0,0.0,nan,nan,4.401999999999999,0.04044890012951463,0.2018026833007034,0.2006612132458026,0.0,"[300, 100, 100, 300, 300]","[0.0, 0.014251635174567817, 0.0, 0.014319774287030733, 0.0017195722186114386]",,0.06668050555049064,0.07809346589131778,5.0,1.96,nan,known-logging,sieve,frozen,neural-fore,known-uniform,0.8,1.0,0.0,0.02,0.0
2500,3443000,1000000,-0.3170054884673674,-0.3254201352450817,-0.34155326322907065,-0.008414646777714252,-0.024547774761703223,0.07256459255244253,-0.483779864631858,-0.19932666182628328,1.0,0.28445320280557473,0.0133985019795103,0.002425315915397647,0.0030122077115029566,11.402025339563034,14.662686824549608,1782.916529479682,100.0,0.0030688079501604228,8.684049608398345,1.0,0.0,nan,nan,4.6,0.04045467508766286,0.19708840567960756,0.206306579662283,0.0,"[100, 100, 100, 100, 100]","[0.0035632884053883795, 0.00346356963496119, 0.004181978908076531, 0.001246505306229407, 0.0028886974961466055]",,0.07256459255244253,0.07434053633617092,5.0,1.96,nan,known-logging,sieve,frozen,neural-fore,known-uniform,0.8,1.0,0.0,0.02,0.0
2500,3543003,1000000,-0.3170054884673674,-0.3033635341277468,-0.3602931831174095,0.013641954339620621,-0.04328769465004206,0.07597892153553641,-0.5092118693270609,-0.2113744969077581,1.0,0.29783737241930275,0.01136065768617706,0.002425315915397647,0.0030122077115029566,13.499065990957952,18.43369559605185,1622.6080175532427,140.0,0.009746392128334105,9.432921258600254,1.0,0.0,nan,nan,4.2219999999999995,0.04171413676845685,0.202610745219404,0.20750380342610017,0.0,"[100, 100, 100, 300, 100]","[0.01545892591124726, 0.011442855792758966, 0.0029317758305764056, 0.011044026500881376, 0.007854376606206519]",,0.07597892153553641,0.03741500820317403,5.0,1.96,nan,known-logging,sieve,frozen,neural-fore,known-uniform,0.8,1.0,0.0,0.02,0.0
2500,3643006,1000000,-0.3170054884673674,-0.3169980273520055,-0.25233246552345856,7.461115361928616e-06,0.06467302294390886,0.06983328649112037,-0.3892057070460545,-0.11545922400086261,1.0,0.2737464830451919,0.018047665570282954,0.002425315915397647,0.0030122077115029566,13.066599975701134,18.04848829947948,1696.2755035648638,140.0,0.006634390080700594,9.275941949800108,1.0,0.0,nan,nan,2.8,0.04026913736231493,0.19815246678385687,0.20151494244754806,0.0,"[100, 100, 300, 100, 100]","[0.003898732130296844, 0.016035900530916188, 0.0, 0.0020365396823322206, 0.011200778059957717]",,0.06983328649112037,0.04809792121336021,5.0,1.96,nan,known-logging,sieve,frozen,neural-fore,known-uniform,0.8,1.0,0.0,0.02,0.0
2500,3743009,1000000,-0.3170054884673674,-0.31930837957270897,-0.3049524384060721,-0.0023028911053415424,0.012053050061295312,0.07198926991127641,-0.44605140743217386,-0.16385346937997036,1.0,0.2821979380522035,0.010075048823156187,0.002425315915397647,0.0030122077115029566,13.772423504941123,17.595497072427175,1597.507689865052,220.0,0.010212705433376271,10.467674725400503,1.0,0.0,nan,nan,6.4,0.04049234048538195,0.19731463868184457,0.20695031386715187,0.0,"[300, 100, 300, 300, 100]","[0.0038175012241505736, 0.0068361153684877935, 0.00678921008187601, 0.0, 0.03362070049236698]",,0.07198926991127641,0.06660503789355046,5.0,1.96,nan,known-logging,sieve,frozen,neural-fore,known-uniform,0.8,1.0,0.0,0.02,0.0
2500,3843012,1000000,-0.3170054884673674,-0.30469707203128876,-0.3018645748553677,0.012308416436078662,0.015140913611999707,0.07281068823504802,-0.44457352379606185,-0.1591556259146736,1.0,0.2854178978813882,0.020588722551596498,0.002425315915397647,0.0030122077115029566,13.43315373675901,21.733760529895196,1666.1686934576103,140.0,0.000982039785667116,8.771505024599538,1.0,0.0,nan,nan,6.220000000000001,0.040763052524533314,0.20097318345237575,0.20606817961513527,0.0,"[100, 100, 100, 300, 100]","[0.0, 0.0017423929890364356, 0.0, 0.0, 0.003167805939299145]",,0.07281068823504802,0.0825474039519886,5.0,1.96,nan,known-logging,sieve,frozen,neural-fore,known-uniform,0.8,1.0,0.0,0.02,0.0
2500,3943015,1000000,-0.3170054884673674,-0.30052695264493584,-0.31063658226063123,0.016478535822431584,0.006368906206736191,0.07363810508109954,-0.45496726821958633,-0.16630589630167614,1.0,0.2886613719179102,0.01220504419846578,0.002425315915397647,0.0030122077115029566,14.182881052975432,18.203580505833767,1677.5054373671503,140.0,0.010457556130755646,8.895269458799884,1.0,0.0,nan,nan,2.602,0.04082659628461803,0.20466659311021296,0.2004681647991949,0.0,"[300, 100, 100, 100, 100]","[0.0, 0.001996427769345704, 0.01603716505175065, 0.004193168069647066, 0.030061019763034803]",,0.07363810508109954,0.10849940233344742,5.0,1.96,nan,known-logging,sieve,frozen,neural-fore,known-uniform,0.8,1.0,0.0,0.02,0.0
2500,4043018,1000000,-0.3170054884673674,-0.31527912513268047,-0.2768364175754921,0.0017263633346869534,0.040169070891875325,0.07204875813102025,-0.4180519835122918,-0.1356208516386924,1.0,0.2824311318735994,0.014042594404823111,0.002425315915397647,0.0030122077115029566,13.193715632138563,14.324803342036104,1667.1956147396616,140.0,0.007212342749361572,9.006716382599553,1.0,0.0,nan,nan,4.402,0.04226043334285735,0.20143718508679206,0.20643675109621046,0.0,"[100, 100, 100, 100, 300]","[0.007242670094570209, 0.012602417246020806, 0.0073038978135074595, 0.007045742749788584, 0.0018669858429208042]",,0.07204875813102025,0.03817272233553192,5.0,1.96,nan,known-logging,sieve,frozen,neural-fore,known-uniform,0.8,1.0,0.0,0.02,0.0
2500,4143021,1000000,-0.3170054884673674,-0.33181456143431215,-0.3110025090878012,-0.014809072966944725,0.006002979379566231,0.0713993072556352,-0.45094515130884616,-0.1710598668667562,1.0,0.27988528444209,0.01894742281200611,0.002425315915397647,0.0030122077115029566,13.110480887109844,14.848693670267906,1736.6454305363047,100.0,0.009746587643036124,8.314199875200211,1.0,0.0,nan,nan,2.4219999999999997,0.040222150452102354,0.20039228163965958,0.19765347996690602,0.0,"[100, 100, 100, 100, 100]","[0.0, 0.005855174983198019, 0.028097407539718545, 0.013959021696674746, 0.0008213339955893053]",,0.0713993072556352,0.08283423439729287,5.0,1.96,nan,known-logging,sieve,frozen,neural-fore,known-uniform,0.8,1.0,0.0,0.02,0.0
2500,4243024,1000000,-0.3170054884673674,-0.3009501641514508,-0.2562020694493293,0.016055324315916608,0.06080341901803815,0.07173343664875928,-0.39679960528089747,-0.11560453361776107,1.0,0.2811950716631364,0.01300871480837742,0.002425315915397647,0.0030122077115029566,13.185968573112657,16.541930987936688,1701.3300378038634,180.0,0.00790684338971636,9.70782746660043,1.0,0.0,nan,nan,4.401999999999999,0.0414343222381078,0.20455096437793854,0.20049916969863504,0.0,"[100, 300, 100, 100, 300]","[0.011527543258360352, 0.0031912611762626862, 0.0066701791052940305, 0.007939008624315149, 0.010206224784349582]",,0.07173343664875928,0.054574956246755416,5.0,1.96,nan,known-logging,sieve,frozen,neural-fore,known-uniform,0.8,1.0,0.0,0.02,0.0
2500,4343027,1000000,-0.3170054884673674,-0.29085266653533143,-0.347275224849014,0.026152821932035997,-0.030269736381646595,0.07496860392096671,-0.49421368853410874,-0.20033676116391927,1.0,0.2938769273701895,0.019638733670918028,0.002425315915397647,0.0030122077115029566,12.729333383404954,13.411196152298933,1664.5133621345083,100.0,0.020995054579202033,8.380162141599067,1.0,0.0,nan,nan,2.242,0.04132128928472706,0.20276283718362892,0.20052905887562167,0.0,"[100, 100, 100, 100, 100]","[0.0, 0.0009297705253118892, 0.013029639288810072, 0.08573333049185429, 0.005282532590033914]",,0.07496860392096671,0.061305439327000465,5.0,1.96,nan,known-logging,sieve,frozen,neural-fore,known-uniform,0.8,1.0,0.0,0.02,0.0
2500,4443030,1000000,-0.3170054884673674,-0.3196036815976488,-0.24061172873870817,-0.0025981931302813677,0.07639375972865925,0.06954561758400184,-0.3769211392033518,-0.10430231827406458,1.0,0.2726188209292872,0.013851572222809472,0.002425315915397647,0.0030122077115029566,12.477825877685714,13.139109321563918,1742.0489118336009,140.0,0.010149815186169659,9.183695433199318,1.0,0.0,nan,nan,4.401999999999999,0.04192258678602017,0.20909325160997133,0.20378332571063665,0.0,"[100, 100, 300, 100, 100]","[0.004139137649577319, 0.012031824060480478, 0.003923452817772394, 0.005083234269015124, 0.02557142713400297]",,0.06954561758400184,0.041166160902128345,5.0,1.96,nan,known-logging,sieve,frozen,neural-fore,known-uniform,0.8,1.0,0.0,0.02,0.0
2500,4543033,1000000,-0.3170054884673674,-0.304461023134546,-0.18802580883369022,0.012544465332821442,0.1289796796336772,0.06722721426688438,-0.3197911487967836,-0.056260468870596825,1.0,0.2635306799261868,0.012564553215926462,0.002425315915397647,0.0030122077115029566,12.2447548942212,16.2143650642641,1785.3732556217392,220.0,0.00523619363176249,10.520319649601152,1.0,0.0,nan,nan,2.8,0.041165230217575996,0.19935050442895136,0.20593288265290796,0.0,"[100, 300, 100, 300, 300]","[0.003557312309546475, 0.012248934002542884, 0.0055384705257808, 0.0007215474814105349, 0.004114703839531752]",,0.06722721426688438,0.08057430070279864,5.0,1.96,nan,known-logging,sieve,frozen,neural-fore,known-uniform,0.8,1.0,0.0,0.02,0.0
2500,4643036,1000000,-0.3170054884673674,-0.31341087589928585,-0.38974756183248255,0.003594612568081579,-0.07274207336511512,0.07430708710809975,-0.5353894525643581,-0.24410567110060705,1.0,0.291283781463751,0.012270759843275254,0.002425315915397647,0.0030122077115029566,14.383560303912361,17.321616674344263,1656.4513987639893,140.0,0.01755842703480161,8.815778683200188,1.0,0.0,nan,nan,2.8,0.04190195944057988,0.20955057185470777,0.2005989166089789,0.0,"[100, 100, 100, 300, 100]","[0.00932293114419584, 0.029853743759257385, 0.03282250760894536, 0.00253523142198987, 0.01325772123961959]",,0.07430708710809975,0.0629168922046874,5.0,1.96,nan,known-logging,sieve,frozen,neural-fore,known-uniform,0.8,1.0,0.0,0.02,0.0
2500,4743039,1000000,-0.3170054884673674,-0.32731156594608873,-0.3285530053178378,-0.01030607747872131,-0.011547516850470396,0.07209641995619026,-0.4698619884319707,-0.18724402220370492,1.0,0.2826179662282658,0.01026428398509033,0.002425315915397647,0.0030122077115029566,13.03065526160155,17.342445562753973,1681.9786178170752,180.0,0.0067704092162919295,9.616803991999404,1.0,0.0,nan,nan,2.602,0.041131575606655195,0.1979847928078578,0.20570985475534265,0.0,"[100, 300, 100, 100, 300]","[0.016187158341106636, 0.005501119908082596, 0.0017417573246339098, 0.0006666584913373704, 0.009755352016299136]",,0.07209641995619026,0.08076002725582332,5.0,1.96,nan,known-logging,sieve,frozen,neural-fore,known-uniform,0.8,1.0,0.0,0.02,0.0
2500,4843042,1000000,-0.3170054884673674,-0.29434097790717006,-0.35467165526218886,0.02266451056019736,-0.03766616679482143,0.07351524927915576,-0.49876154384933413,-0.21058176667504358,1.0,0.28817977717429055,0.014901982271418758,0.002425315915397647,0.0030122077115029566,13.198943005576997,15.817078453214558,1685.4297376072848,140.0,0.008120849378104353,9.00356844160051,1.0,0.0,nan,nan,4.204,0.04168800576137836,0.20750329597755757,0.19802903116371345,0.0,"[300, 100, 100, 100, 100]","[0.006820254899087897, 0.008511294229416612, 0.0055726030762268996, 0.003982643725855524, 0.015717450959934834]",,0.07351524927915576,0.06669148868953365,5.0,1.96,nan,known-logging,sieve,frozen,neural-fore,known-uniform,0.8,1.0,0.0,0.02,0.0
2500,4943045,1000000,-0.3170054884673674,-0.3039847114441276,-0.22010927798767652,0.013020777023239838,0.09689621047969091,0.06982285149186974,-0.3569620669117412,-0.08325648906361183,1.0,0.2737055778481294,0.014250380012557167,0.002425315915397647,0.0030122077115029566,13.328054287482486,20.933344839751992,1676.3817101161476,100.0,0.0041652978207867885,8.182854791401041,1.0,0.0,nan,nan,4.6,0.04085614600986971,0.20521790449800942,0.2043481924646126,0.0,"[100, 100, 100, 100, 100]","[0.004205188783715714, 0.0, 0.01045556160318566, 0.0020590366503042655, 0.004106702066728301]",,0.06982285149186974,0.04733062358956286,5.0,1.96,nan,known-logging,sieve,frozen,neural-fore,known-uniform,0.8,1.0,0.0,0.02,0.0
2500,5043048,1000000,-0.3170054884673674,-0.29178667670074804,-0.18560215330015647,0.025218811766619387,0.13140333516721095,0.06714348900808029,-0.3172033917559938,-0.054000914844319126,1.0,0.2632024769116747,0.020446860048669937,0.002425315915397647,0.0030122077115029566,13.463885593366497,16.865701203220752,1752.287710388273,140.0,0.002704701404926761,8.786742074799985,1.0,0.0,nan,nan,6.4,0.042666124287245054,0.20217420119960824,0.20989821448711368,0.0,"[100, 100, 100, 100, 300]","[0.0, 0.011651307752614314, 0.0, 0.00187219927201949, 0.0]",,0.06714348900808029,0.11366399200603827,5.0,1.96,nan,known-logging,sieve,frozen,neural-fore,known-uniform,0.8,1.0,0.0,0.02,0.0
2500,5143051,1000000,-0.3170054884673674,-0.3008366535180454,-0.2989835432673741,0.01616883494932203,0.01802194519999334,0.0730468771782799,-0.4421554225368027,-0.1558116639979455,1.0,0.2863437585388572,0.018666121907670943,0.002425315915397647,0.0030122077115029566,14.559641772239333,18.726969994174816,1650.1262575934277,260.0,0.006182674633019015,11.171447667000757,1.0,0.0,nan,nan,4.402,0.0399518936177329,0.2018454996783136,0.20222766607064785,0.0,"[100, 300, 300, 300, 300]","[0.007829790259477488, 0.006873498443671994, 0.0007454802511157382, 0.00642326144451687, 0.009041342766312983]",,0.0730468771782799,0.0957502762153112,5.0,1.96,nan,known-logging,sieve,frozen,neural-fore,known-uniform,0.8,1.0,0.0,0.02,0.0
2500,5243054,1000000,-0.3170054884673674,-0.2974449774950086,-0.2993449526951044,0.019560510972358836,0.01766053577226301,0.07252748047287966,-0.44149881442194855,-0.15719109096826028,1.0,0.28430772345368827,0.016300965535182257,0.002425315915397647,0.0030122077115029566,12.868952631229288,14.390628921788824,1738.0343455737866,140.0,0.01854791740264295,9.106106049798836,1.0,0.0,nan,nan,8.2,0.041537751692409974,0.20217292926693947,0.2021647142086414,0.0,"[100, 100, 300, 100, 100]","[0.028543756209706308, 0.0005692401773217152, 0.005000333306629598, 0.05527234549280241, 0.003353911826754712]",,0.07252748047287966,0.07535114925176814,5.0,1.96,nan,known-logging,sieve,frozen,neural-fore,known-uniform,0.8,1.0,0.0,0.02,0.0
2500,5343057,1000000,-0.3170054884673674,-0.2985904780624626,-0.34314243578746495,0.01841501040490484,-0.026136947320097526,0.07162962593966003,-0.4835365026291986,-0.20274836894573128,1.0,0.28078813368346733,0.018512339881452393,0.002425315915397647,0.0030122077115029566,13.99869131355476,16.545942485939232,1704.0722159768168,140.0,0.0076419623664732515,9.190140566800618,1.0,0.0,nan,nan,8.2,0.041959091245976875,0.2058141642780759,0.2076763295568243,0.0,"[100, 100, 100, 300, 100]","[0.013504284831740713, 0.00433152808394874, 0.0031295150021349687, 0.004780053414993728, 0.0124644304995481]",,0.07162962593966003,0.02284151517770276,5.0,1.96,nan,known-logging,sieve,frozen,neural-fore,known-uniform,0.8,1.0,0.0,0.02,0.0
2500,5443060,1000000,-0.3170054884673674,-0.31382211958230444,-0.4150462170429837,0.003183368885062987,-0.0980407285756163,0.07695440091436682,-0.5658768428351427,-0.2642155912508247,1.0,0.30166125158431795,0.01234507981068474,0.002425315915397647,0.0030122077115029566,12.554918242238175,13.537379682510476,1731.260591601955,180.0,0.003587731300301533,10.960675415999868,1.0,0.0,nan,nan,6.4,0.040830315016532635,0.20661805264340014,0.1966991624586815,0.0,"[100, 300, 100, 100, 300]","[0.007150440377375736, 0.004857462621335498, 0.0049971362453072425, 0.0, 0.0009336172574891922]",,0.07695440091436682,0.06474141863956018,5.0,1.96,nan,known-logging,sieve,frozen,neural-fore,known-uniform,0.8,1.0,0.0,0.02,0.0
2500,5543063,1000000,-0.3170054884673674,-0.2962223611234714,-0.3685163519642967,0.020783127343896035,-0.05151086349692929,0.07486788494767758,-0.5152574064617448,-0.22177529746684865,1.0,0.29348210899489613,0.018462026498907668,0.002425315915397647,0.0030122077115029566,13.386171041031336,16.566108037200213,1640.2299191626382,140.0,0.0038341114931952766,11.986040549599783,1.0,0.0,nan,nan,2.404,0.04067022913917777,0.19865881679333405,0.1996983845471608,0.0,"[300, 100, 100, 100, 100]","[0.003158046907821035, 0.0028152373181088053, 0.004068015638017716, 0.009129257602028828, 0.0]",,0.07486788494767758,0.04577248501325098,5.0,1.96,nan,known-logging,sieve,frozen,neural-fore,known-uniform,0.8,1.0,0.0,0.02,0.0
2500,5643066,1000000,-0.3170054884673674,-0.2969283535549287,-0.3474365452805181,0.020077134912438732,-0.03043105681315067,0.07537231119024403,-0.4951662752133964,-0.19970681534763982,1.0,0.29545945986575656,0.016896236843736496,0.002425315915397647,0.0030122077115029566,14.462979862974713,17.63722916282382,1660.990355021181,180.0,0.004376805399844362,13.070932175200142,1.0,0.0,nan,nan,4.402,0.04010755337137024,0.20228095905451457,0.1974225517937618,0.0,"[100, 100, 300, 100, 300]","[0.006690846829847198, 0.002662262448782718, 0.00780470723951715, 0.0037809750831468546, 0.0009452353979278878]",,0.07537231119024403,0.05240662644632384,5.0,1.96,nan,known-logging,sieve,frozen,neural-fore,known-uniform,0.8,1.0,0.0,0.02,0.0
2500,5743069,1000000,-0.3170054884673674,-0.2981258664629623,-0.35627968999950765,0.018879622004405128,-0.03927420153214023,0.07454953994524346,-0.5023967882921848,-0.21016259170683046,1.0,0.2922341965853544,0.014125824371701652,0.002425315915397647,0.0030122077115029566,12.797046219888943,14.661841307538273,1711.8460495519416,140.0,0.005079573125787767,12.991240516600374,1.0,0.0,nan,nan,4.6,0.04070524387350821,0.1943170027320948,0.208805647340608,0.0,"[100, 100, 100, 300, 100]","[0.006301655713351606, 0.008225778810862098, 0.004052145939628671, 0.0, 0.00681828516509646]",,0.07454953994524346,0.06611257730572268,5.0,1.96,nan,known-logging,sieve,frozen,neural-fore,known-uniform,0.8,1.0,0.0,0.02,0.0
2500,5843072,1000000,-0.3170054884673674,-0.30414759029873484,-0.17837877429307966,0.012857898168632587,0.13862671417428776,0.06871622474375633,-0.3130625747908421,-0.043694973795317255,0.0,0.2693676009955248,0.011189512172616118,0.002425315915397647,0.0030122077115029566,13.26230962811547,17.938326365948747,1722.2111601554832,140.0,0.0061615466034276156,14.253478532800727,1.0000000000000002,0.0,nan,nan,0.8019999999999999,0.040269909009147474,0.20187292651892014,0.20028327514564634,0.0,"[100, 100, 300, 100, 100]","[0.003495370205549055, 0.007597849151744007, 0.013002812514228461, 0.006711701145616554, 0.0]",,0.06871622474375633,0.10687097181536577,5.0,1.96,nan,known-logging,sieve,frozen,neural-fore,known-uniform,0.8,1.0,0.0,0.02,0.0
2500,5943075,1000000,-0.3170054884673674,-0.2940326772853407,-0.24906452680698177,0.02297281118202671,0.06794096166038566,0.07278273895803339,-0.39171869516472724,-0.10641035844923633,1.0,0.2853083367154909,0.011768667911067445,0.002425315915397647,0.0030122077115029566,14.21621789851997,15.880444002318919,1718.176205186245,140.0,0.005276730299242476,14.548904941799993,1.0,0.0,nan,nan,4.401999999999999,0.04196237370666887,0.20516589689711143,0.2035048811935393,0.0,"[100, 300, 100, 100, 100]","[0.0028607928624972833, 0.01055301864295835, 0.00624021169519628, 0.006729628295560466, 0.0]",,0.07278273895803339,0.027605741993106257,5.0,1.96,nan,known-logging,sieve,frozen,neural-fore,known-uniform,0.8,1.0,0.0,0.02,0.0
2500,6043078,1000000,-0.3170054884673674,-0.3266383282205435,-0.2879981577769788,-0.009632839753176081,0.029007330690388633,0.07117751227855282,-0.4275060818429423,-0.14849023371101527,1.0,0.27901584813192704,0.01393890180353326,0.002425315915397647,0.0030122077115029566,13.513603018298719,15.637930822822762,1728.1045814741951,100.0,0.00510359781652964,13.221205875000305,1.0,0.0,nan,nan,2.8,0.04012653748114835,0.19927489220701372,0.19965027536831964,0.0,"[100, 100, 100, 100, 100]","[0.0035441501721429933, 0.0, 0.002214723340932216, 0.015600290498437792, 0.004158825071135201]",,0.07117751227855282,0.0724261023616027,5.0,1.96,nan,known-logging,sieve,frozen,neural-fore,known-uniform,0.8,1.0,0.0,0.02,0.0
2500,6143081,1000000,-0.3170054884673674,-0.3228148530671702,-0.3223443633459414,-0.005809364599802802,-0.005338874878573985,0.07076193664280733,-0.4610377591658438,-0.18365096752603904,1.0,0.27738679163980473,0.009131119982349355,0.002425315915397647,0.0030122077115029566,12.33711330225551,13.374910389062821,1710.400660844347,180.0,0.006264299881694624,15.719332474401018,1.0,0.0,nan,nan,4.401999999999999,0.04153247891463067,0.20785667838209143,0.1965902679107321,0.0,"[100, 300, 100, 100, 300]","[0.005462678713123778, 0.0, 0.0, 0.02585882069534934, 0.0]",,0.07076193664280733,0.035277355132843566,5.0,1.96,nan,known-logging,sieve,frozen,neural-fore,known-uniform,0.8,1.0,0.0,0.02,0.0
2500,6243084,1000000,-0.3170054884673674,-0.2797863023251698,-0.34739863485752814,0.0372191861421976,-0.03039314639016072,0.07476324325922573,-0.4939345916456106,-0.20086267806944572,1.0,0.29307191357616486,0.017971002883764034,0.002425315915397647,0.0030122077115029566,13.515132629118888,16.421226562406115,1666.3639788651344,180.0,0.007563072899957823,15.722557133801093,0.9999999999999998,0.0,nan,nan,4.24,0.04180648007052344,0.2083517968320423,0.2035534410463943,0.0,"[100, 100, 300, 100, 300]","[0.01831446000234742, 0.015498261022667928, 0.0, 0.0036857571671964685, 0.00031688630757729756]",,0.07476324325922573,0.08911023672813083,5.0,1.96,nan,known-logging,sieve,frozen,neural-fore,known-uniform,0.8,1.0,0.0,0.02,0.0
2500,6343087,1000000,-0.3170054884673674,-0.28846375825954285,-0.27234859217458895,0.028541730207824578,0.04465689629277847,0.07131859050401697,-0.4121330295624622,-0.1325641547867157,1.0,0.2795688747757465,0.02219300026524523,0.002425315915397647,0.0030122077115029566,14.131561351210026,16.076989454589725,1659.8913064486792,140.0,0.0037977637972870055,14.744270941599826,1.0,0.0,nan,nan,0.42400000000000004,0.04303668319815675,0.2044174152076399,0.20866779078084852,0.0,"[100, 300, 100, 100, 100]","[0.003325175312974769, 0.0, 0.0, 0.0, 0.015663643673460258]",,0.07131859050401697,0.06336431343314321,5.0,1.96,nan,known-logging,sieve,frozen,neural-fore,known-uniform,0.8,1.0,0.0,0.02,0.0
2500,6443090,1000000,-0.3170054884673674,-0.32021816204176085,-0.45919196122501216,-0.003212673574393421,-0.14218647275764473,0.07691903435906335,-0.6099532685687763,-0.308430653881248,1.0,0.30152261468752833,0.01033378860997898,0.002425315915397647,0.0030122077115029566,13.192096585106148,13.911630461815967,1669.3306049482353,100.0,0.010162543248930938,13.707360124199113,1.0,0.0,nan,nan,0.622,0.0407505479076159,0.2021058523152841,0.2004259987934358,0.0,"[100, 100, 100, 100, 100]","[0.004561024375324875, 0.003967662755946901, 0.009366332667715527, 0.019228300743024396, 0.013689395702642984]",,0.07691903435906335,0.06497224172246695,5.0,1.96,nan,known-logging,sieve,frozen,neural-fore,known-uniform,0.8,1.0,0.0,0.02,0.0
2500,6543093,1000000,-0.3170054884673674,-0.31819350316752854,-0.31829332787448494,-0.0011880147001611108,-0.0012878394071175192,0.0713411456268989,-0.4581219733032068,-0.1784646824457631,1.0,0.2796572908574437,0.014592563271357346,0.002425315915397647,0.0030122077115029566,13.316623338560989,17.684580935672088,1725.2969755325691,140.0,0.00817594550214217,14.652231175199267,1.0,0.0,nan,nan,2.602,0.040368179610555756,0.19477969886614677,0.20495948386193313,0.0,"[100, 100, 300, 100, 100]","[0.023428557180148628, 0.007624934266887553, 0.0, 0.007572099180301855, 0.0022541368833728175]",,0.0713411456268989,0.05837221838226597,5.0,1.96,nan,known-logging,sieve,frozen,neural-fore,known-uniform,0.8,1.0,0.0,0.02,0.0
2500,6643096,1000000,-0.3170054884673674,-0.32631375733280055,-0.2938099335196257,-0.009308268865433122,0.023195554947741726,0.07172218144377399,-0.4343854091494227,-0.1532344578898287,1.0,0.281150951259594,0.012799369965272785,0.002425315915397647,0.0030122077115029566,12.635197396905152,15.94251549206841,1694.9966935879372,140.0,0.007630401300462023,14.396179891599967,1.0,0.0,nan,nan,4.42,0.04179187682912108,0.20010553986614754,0.21044897165456522,0.0,"[100, 300, 100, 100, 100]","[0.012559510622246873, 0.005770977069315546, 0.011675705311751453, 0.0071180608243175585, 0.0010277526746786817]",,0.07172218144377399,0.05742640291503514,5.0,1.96,nan,known-logging,sieve,frozen,neural-fore,known-uniform,0.8,1.0,0.0,0.02,0.0
2500,6743099,1000000,-0.3170054884673674,-0.33398538387749066,-0.3868654752908891,-0.016979895410123236,-0.06985998682352168,0.07334783980064588,-0.530627241300155,-0.24310370928162317,1.0,0.28752353201853187,0.01418973521312328,0.002425315915397647,0.0030122077115029566,12.998891534642489,14.52488635542259,1694.5708075583093,140.0,0.009079839506480593,14.491669291400104,1.0,0.0,nan,nan,4.6,0.039904335920412114,0.19880592413898826,0.1993304321460811,0.0,"[100, 100, 100, 300, 100]","[0.017445845577448948, 0.008927053531190589, 0.010261767779905444, 0.006251242063592161, 0.0025132885802658165]",,0.07334783980064588,0.05436337768497645,5.0,1.96,nan,known-logging,sieve,frozen,neural-fore,known-uniform,0.8,1.0,0.0,0.02,0.0
2500,6843102,1000000,-0.3170054884673674,-0.30451520323211656,-0.21110449852592675,0.012490285235250864,0.10590098994144068,0.06923582563627956,-0.34680671677303465,-0.07540228027881882,1.0,0.27140443649421586,0.016784390605489686,0.002425315915397647,0.0030122077115029566,13.188638959286209,16.270602990306276,1718.566981939208,140.0,0.007017219021765372,14.42826030859942,1.0,0.0,nan,nan,8.002,0.04161741943011084,0.2061047847172614,0.2043167131780003,0.0,"[100, 100, 100, 100, 300]","[0.009909648989984685, 0.008566555271790158, 0.009583901487984258, 0.007025989359067763, 0.0]",,0.06923582563627956,0.035350059270314094,5.0,1.96,nan,known-logging,sieve,frozen,neural-fore,known-uniform,0.8,1.0,0.0,0.02,0.0
2500,6943105,1000000,-0.3170054884673674,-0.31125189392467645,-0.4280957420526667,0.005753594542690976,-0.11109025358529928,0.07711659176237219,-0.5792442619069162,-0.2769472221984172,1.0,0.30229703970849897,0.014634343913027717,0.002425315915397647,0.0030122077115029566,14.005980755301081,22.358777888080443,1618.416459481133,220.0,0.004134251360399751,17.00447859219894,1.0,0.0,nan,nan,4.204,0.04105051927853357,0.198886827984946,0.20707923104972692,0.0,"[100, 100, 300, 300, 300]","[0.005727626443524075, 0.012718206346135043, 0.002225424012339636, 0.0, 0.0]",,0.07711659176237219,0.06095615785691221,5.0,1.96,nan,known-logging,sieve,frozen,neural-fore,known-uniform,0.8,1.0,0.0,0.02,0.0
2500,7043108,1000000,-0.3170054884673674,-0.31991064809026676,-0.29851387213068165,-0.0029051596228993337,0.01849161633668578,0.07071428463781626,-0.4371138700208015,-0.15991387424056178,1.0,0.27719999578023974,0.01558441912666946,0.002425315915397647,0.0030122077115029566,13.06186275705048,19.651018087549666,1738.6241734043215,140.0,0.01016604922163959,14.597111750200565,1.0,0.0,nan,nan,6.4,0.04465975260124859,0.21333109365944597,0.20884884999508607,0.0,"[300, 100, 100, 100, 100]","[0.0, 0.014940674805001572, 0.020486949352040925, 0.012263922041712052, 0.0031386999094434064]",,0.07071428463781626,0.07564154196619391,5.0,1.96,nan,known-logging,sieve,frozen,neural-fore,known-uniform,0.8,1.0,0.0,0.02,0.0
2500,7143111,1000000,-0.3170054884673674,-0.31395563473433213,-0.41636725046528916,0.0030498537330352904,-0.09936176199792174,0.07480418508577526,-0.5629834532334087,-0.2697510476971696,1.0,0.293232405536239,0.016063501210641023,0.002425315915397647,0.0030122077115029566,14.703459458133114,17.1639628272917,1638.9544706084605,140.0,0.008377175978458561,15.169168016600088,1.0,0.0,nan,nan,6.202,0.039879091573337716,0.19829498315092997,0.19812927174207012,0.0,"[100, 100, 100, 100, 300]","[0.0005524415612001244, 0.01890766144746607, 0.006212061685202088, 0.014255157197440778, 0.0019585580009837435]",,0.07480418508577526,0.0789835271140058,5.0,1.96,nan,known-logging,sieve,frozen,neural-fore,known-uniform,0.8,1.0,0.0,0.02,0.0
2500,7243114,1000000,-0.3170054884673674,-0.3225744436399756,-0.4027064025144755,-0.005568955172608192,-0.08570091404710806,0.07863620928016597,-0.5568333727036008,-0.24857943232535018,1.0,0.3082539403782506,0.012052928131512911,0.002425315915397647,0.0030122077115029566,16.428494158840948,27.092399770537725,1594.7486573095225,180.0,0.010139297345399152,16.23954909139975,1.0000000000000002,0.0,nan,nan,4.204,0.040961385498367454,0.1953647610224537,0.2097068568629236,0.0,"[300, 100, 300, 100, 100]","[0.011820075473060245, 0.005830524019807509, 0.0, 0.019843714744158632, 0.013202172489969377]",,0.07863620928016597,0.0365555354487242,5.0,1.96,nan,known-logging,sieve,frozen,neural-fore,known-uniform,0.8,1.0,0.0,0.02,0.0
2500,7343117,1000000,-0.3170054884673674,-0.3167568259655517,-0.48752656428166785,0.0002486625018157107,-0.17052107581430043,0.07813887333463368,-0.6406787560175499,-0.33437437254578584,0.0,0.30630438347176403,0.01318964325531049,0.002425315915397647,0.0030122077115029566,13.540557375238516,16.794463285528312,1659.928705401859,180.0,0.005184207495598004,16.128174766999656,1.0,0.0,nan,nan,4.401999999999999,0.04112750535765648,0.2062110528839797,0.1991455298340266,0.0,"[100, 100, 300, 100, 300]","[0.0038149039635829406, 0.0013833791156030758, 0.005654810050526189, 0.011067072623619455, 0.00400087172465836]",,0.07813887333463368,0.045821868239191245,5.0,1.96,nan,known-logging,sieve,frozen,neural-fore,known-uniform,0.8,1.0,0.0,0.02,0.0
2500,7443120,1000000,-0.3170054884673674,-0.32626574535578173,-0.3257531211306815,-0.009260256888414309,-0.008747632663314076,0.06938163680346388,-0.46174112926547073,-0.1897651129958923,1.0,0.2719760162695784,0.012156992596969294,0.002425315915397647,0.0030122077115029566,11.841910151243265,12.303791991550959,1753.136651262794,100.0,0.008487759386081631,13.572184383599232,1.0,0.0,nan,nan,2.602,0.04145812858684636,0.20479928049733154,0.20096882239072414,0.0,"[100, 100, 100, 100, 100]","[0.0012390914862076242, 0.0, 0.010466403675529281, 0.009044413700940217, 0.02168888806773103]",,0.06938163680346388,0.030062599928428857,5.0,1.96,nan,known-logging,sieve,frozen,neural-fore,known-uniform,0.8,1.0,0.0,0.02,0.0
2500,7543123,1000000,-0.3170054884673674,-0.3174377595493761,-0.3660637321935947,-0.0004322710820086617,-0.0490582437262273,0.07401075217070364,-0.5111248064481739,-0.22100265793901558,1.0,0.2901221485091583,0.01291327395502655,0.002425315915397647,0.0030122077115029566,14.232125523028317,18.076075629402226,1695.2616975406775,140.0,0.008438925804339647,14.710321249800108,0.9999999999999998,0.0,nan,nan,2.8,0.04122389500605307,0.19958442048946695,0.20603308491349281,0.0,"[300, 100, 100, 100, 100]","[0.008983811757800645, 0.001663160291776282, 0.007456665529354774, 0.004521856723474542, 0.019569134719291996]",,0.07401075217070364,0.06046064959855197,5.0,1.96,nan,known-logging,sieve,frozen,neural-fore,known-uniform,0.8,1.0,0.0,0.02,0.0
2500,7643126,1000000,-0.3170054884673674,-0.29183961473551145,-0.2920046544072561,0.02516587373185597,0.025000834060111332,0.07099718886545615,-0.43115914458355015,-0.15285016423096204,1.0,0.2783089803525881,0.012322908096630647,0.002425315915397647,0.0030122077115029566,13.3564682569192,15.833944713011117,1688.984029606844,180.0,0.00912380894089217,15.968550441600746,1.0,0.0,nan,nan,4.204,0.039518441660762495,0.1965416953365089,0.19794199537170862,0.0,"[100, 300, 100, 300, 100]","[0.0, 0.005329258710789753, 0.024211244540153137, 0.010743429742634175, 0.0053351117108837946]",,0.07099718886545615,0.07006410050318873,5.0,1.96,nan,known-logging,sieve,frozen,neural-fore,known-uniform,0.8,1.0,0.0,0.02,0.0
2500,7743129,1000000,-0.3170054884673674,-0.31620681982844123,-0.23825602327785309,0.0007986686389261921,0.07874946518951434,0.06878953709226708,-0.3730835159786966,-0.1034285305770096,1.0,0.269654985401687,0.01085477649372317,0.002425315915397647,0.0030122077115029566,12.460663768575214,17.447448788631494,1724.6833885060244,140.0,0.0026280491632643295,20.31871416680042,1.0,0.0,nan,nan,1.0,0.04076616867087923,0.20752931549213754,0.19771504157406145,0.0,"[100, 100, 100, 300, 100]","[0.0006285324489334615, 0.007332474055801403, 0.0, 0.0, 0.005179239311586783]",,0.06878953709226708,0.034733898403020824,5.0,1.96,nan,known-logging,sieve,frozen,neural-fore,known-uniform,0.8,1.0,0.0,0.02,0.0
2500,7843132,1000000,-0.3170054884673674,-0.3099841440931853,-0.35009994587432913,0.007021344374182115,-0.03309445740696171,0.0750681240197396,-0.49723346895301873,-0.20296642279563953,1.0,0.2942670461573792,0.015177630703727421,0.002425315915397647,0.0030122077115029566,13.416858562698476,14.358576377540006,1642.2489986334788,140.0,0.011656560718799985,19.60787505859953,1.0,0.0,nan,nan,6.4,0.0412539797812285,0.20362531494114838,0.2021467105611224,0.0,"[100, 100, 300, 100, 100]","[0.013604200898901218, 0.023075683860809555, 0.0, 0.013499131340835312, 0.008103787493453833]",,0.0750681240197396,0.08176776378851543,5.0,1.96,nan,known-logging,sieve,frozen,neural-fore,known-uniform,0.8,1.0,0.0,0.02,0.0
2500,7943135,1000000,-0.3170054884673674,-0.3349870291327174,-0.37544203232234885,-0.01798154066534996,-0.058436543854981426,0.07709545052477025,-0.5265491153508985,-0.22433494929379916,1.0,0.3022141660570994,0.015855332896576153,0.002425315915397647,0.0030122077115029566,14.796533537622897,17.213969118111404,1618.4883863918146,180.0,0.009560493099920606,19.166086658201312,1.0,0.0,nan,nan,4.023999999999999,0.04075278714186749,0.19715279018581625,0.20633451360772853,0.0,"[100, 300, 100, 300, 100]","[0.005475514576766877, 0.005430611297683246, 0.023579782939654452, 0.008360252366816704, 0.004956304318681757]",,0.07709545052477025,0.06704440892034277,5.0,1.96,nan,known-logging,sieve,frozen,neural-fore,known-uniform,0.8,1.0,0.0,0.02,0.0
2500,8043138,1000000,-0.3170054884673674,-0.2990739440342347,-0.3099765788434585,0.017931544433132718,0.007028909623908952,0.07347706014321848,-0.45399161672416666,-0.16596154096275026,1.0,0.2880300757614164,0.014649311550539747,0.002425315915397647,0.0030122077115029566,13.845680282468063,16.529664913040957,1671.801450262011,180.0,0.007424154266264228,17.751604025400958,1.0,0.0,nan,nan,2.602,0.04141493613067164,0.20231923419424583,0.20054716262453068,0.0,"[300, 100, 300, 100, 100]","[0.006610193860561058, 0.0028211541284806196, 0.008219174762759556, 0.010657196144322487, 0.00881305243519742]",,0.07347706014321848,0.08204302838898556,5.0,1.96,nan,known-logging,sieve,frozen,neural-fore,known-uniform,0.8,1.0,0.0,0.02,0.0
2500,8143141,1000000,-0.3170054884673674,-0.31565280641269233,-0.2682980151911655,0.0013526820546750917,0.04870747327620195,0.07145740327298258,-0.4083545256062113,-0.12824150477611962,1.0,0.2801130208300917,0.01128078445217932,0.002425315915397647,0.0030122077115029566,14.943117113319289,21.369638844019786,1630.4268734879001,220.0,0.010693883466080707,11.235990524800219,1.0,0.0,nan,nan,2.62,0.041982731306688045,0.20395596420804965,0.20161822339753405,0.0,"[100, 300, 100, 300, 300]","[0.021618122616858988, 0.00022211600546462914, 0.009977117836646213, 0.01647628868912185, 0.005175772182311846]",,0.07145740327298258,0.09255545037545408,5.0,1.96,nan,known-logging,sieve,frozen,neural-fore,known-uniform,0.8,1.0,0.0,0.02,0.0
2500,8243144,1000000,-0.3170054884673674,-0.3229977271964789,-0.3547011583057074,-0.0059922387291114765,-0.037695669838339996,0.07354398322232521,-0.4988473654214648,-0.21055495118995002,1.0,0.2882924142315148,0.013679867794532506,0.002425315915397647,0.0030122077115029566,14.154601281317824,22.359745177859423,1658.8021378509477,140.0,0.01790574701653455,9.699580758401135,1.0,0.0,nan,nan,4.402,0.04107294706982054,0.20401418336243898,0.20272880313134195,0.0,"[100, 100, 100, 300, 100]","[0.04305700385482719, 0.013938121764617924, 0.013234342006151723, 0.0034564322901428613, 0.015842835166933043]",,0.07354398322232521,0.04071078339845719,5.0,1.96,nan,known-logging,sieve,frozen,neural-fore,known-uniform,0.8,1.0,0.0,0.02,0.0
2500,8343147,1000000,-0.3170054884673674,-0.2817961315551602,-0.30396064592434435,0.035209356912207224,0.013044842543023072,0.0759555183851636,-0.452833461959265,-0.1550878298894237,1.0,0.2977456320698413,0.02071285675661507,0.002425315915397647,0.0030122077115029566,14.297888618695671,16.964358527215268,1659.3815803455705,180.0,0.005669128678345237,10.482451091998882,1.0,0.0,nan,nan,2.206,0.04003195913817031,0.19260768242912052,0.209305737631471,0.0,"[300, 100, 100, 300, 100]","[0.0, 0.004569427564439483, 0.013231692586405273, 0.001957220626527071, 0.008587302614354352]",,0.0759555183851636,0.10707276715741412,5.0,1.96,nan,known-logging,sieve,frozen,neural-fore,known-uniform,0.8,1.0,0.0,0.02,0.0
2500,8443150,1000000,-0.3170054884673674,-0.3013549092742414,-0.36087999839560825,0.015650579193126013,-0.043874509928240824,0.07713018813724828,-0.5120551671446149,-0.20970482964660161,1.0,0.30235033749801327,0.013389082974512596,0.002425315915397647,0.0030122077115029566,15.089796584061244,30.01240592329807,1655.2893353192617,180.0,0.007682999253270766,10.470810950198938,1.0,0.0,nan,nan,4.204,0.0429727895959167,0.21473279280591168,0.19767475158349193,0.0,"[300, 100, 100, 100, 300]","[0.0, 0.00943582982230799, 0.007833347551373455, 0.005016188385417589, 0.016129630507254796]",,0.07713018813724828,0.10213329115122334,5.0,1.96,nan,known-logging,sieve,frozen,neural-fore,known-uniform,0.8,1.0,0.0,0.02,0.0
2500,8543153,1000000,-0.3170054884673674,-0.3060534358399284,-0.4036414505820017,0.010952052627439035,-0.08663596211463426,0.07536605457680828,-0.551358917552546,-0.25592398361145746,1.0,0.29543493394108844,0.015288482875507681,0.002425315915397647,0.0030122077115029566,13.996023476975646,15.641795392666221,1616.782248119184,140.0,0.003369755484145702,9.919496592199357,1.0,0.0,nan,nan,1.0,0.04082675027399067,0.20311905199954397,0.19904673752303287,0.0,"[100, 100, 100, 100, 300]","[0.0021023736337904375, 0.008460389791261519, 0.002333401042093362, 0.0011938619826532843, 0.002758750970929906]",,0.07536605457680828,0.08152283508327991,5.0,1.96,nan,known-logging,sieve,frozen,neural-fore,known-uniform,0.8,1.0,0.0,0.02,0.0
2500,8643156,1000000,-0.3170054884673674,-0.3105957876954188,-0.27037875403654443,0.006409700771948634,0.04662673443082299,0.07154768824561138,-0.41061222299794276,-0.13014528507514614,1.0,0.2804669379227966,0.01353118935718175,0.002425315915397647,0.0030122077115029566,13.440298773159777,15.46912071250116,1732.5563817802818,220.0,0.0048881195053287665,11.68666400040056,1.0,0.0,nan,nan,2.404,0.041752434894441436,0.20507246811266996,0.2029118923940117,0.0,"[100, 100, 300, 300, 300]","[0.0026054770168933393, 0.016239137414173196, 0.0, 0.0055959830955773, 0.0]",,0.07154768824561138,0.05551614358291828,5.0,1.96,nan,known-logging,sieve,frozen,neural-fore,known-uniform,0.8,1.0,0.0,0.02,0.0
2500,8743159,1000000,-0.3170054884673674,-0.25427622179286236,-0.3103613335963312,0.06272926667450507,0.006644154871036201,0.07603301704814942,-0.45938604701070407,-0.16133662018195835,1.0,0.29804942682874574,0.04116921086918979,0.002425315915397647,0.0030122077115029566,14.01031444521749,15.377347779227815,1665.270891817641,140.0,0.010913959011169127,10.041326991599998,1.0,0.0,nan,nan,8.2,0.04071312393530041,0.20039247392207066,0.19960154395064333,0.0,"[100, 100, 300, 100, 100]","[0.0147768118091684, 0.02131868738592649, 0.0014557485319278175, 0.014366604860162264, 0.002651942468660668]",,0.07603301704814942,0.051237679198558234,5.0,1.96,nan,known-logging,sieve,frozen,neural-fore,known-uniform,0.8,1.0,0.0,0.02,0.0
2500,8843162,1000000,-0.3170054884673674,-0.31591135424199,-0.3496534332670625,0.0010941342253774078,-0.03264794479969507,0.07160321201810038,-0.4899957288225393,-0.20931113771158574,1.0,0.2806845911109535,0.018106057104068977,0.002425315915397647,0.0030122077115029566,13.240012004938997,14.537204843864743,1644.9953841910615,140.0,0.006022386848764697,9.727028108199738,1.0,0.0,nan,nan,2.008,0.04194255625762649,0.20261408297186217,0.20338220321869604,0.0,"[100, 100, 300, 100, 100]","[0.007526432200818436, 0.010454481560123283, 0.00452077157954869, 0.0072451610465947055, 0.00036508785673837203]",,0.07160321201810038,0.0662684652278909,5.0,1.96,nan,known-logging,sieve,frozen,neural-fore,known-uniform,0.8,1.0,0.0,0.02,0.0
2500,8943165,1000000,-0.3170054884673674,-0.3004736420102777,-0.3101118474372514,0.016531846457089716,0.006893641030116027,0.07144938983433657,-0.45015265151255107,-0.17007104336195172,1.0,0.28008160815059935,0.010860384472325464,0.002425315915397647,0.0030122077115029566,13.023904117823909,18.700250727889006,1680.2958877525853,180.0,0.008798186549754878,10.334459608200996,1.0,0.0,nan,nan,6.220000000000001,0.04035636186742523,0.20259937154690663,0.19690152596428454,0.0,"[300, 300, 100, 100, 100]","[0.0014504917187022652, 0.003351120247605438, 0.011386241020916826, 0.009445844234670361, 0.018357235526879505]",,0.07144938983433657,0.048308448539157244,5.0,1.96,nan,known-logging,sieve,frozen,neural-fore,known-uniform,0.8,1.0,0.0,0.02,0.0
2500,9043168,1000000,-0.3170054884673674,-0.29262706518254206,-0.2755494103510184,0.024378423284825368,0.04145607811634905,0.07184992998448957,-0.41637527312061795,-0.13472354758141883,1.0,0.2816517255391991,0.018117980531629798,0.002425315915397647,0.0030122077115029566,12.66499151262217,13.750217658465425,1712.4876321959202,140.0,0.008419191093628861,9.610153617001561,1.0,0.0,nan,nan,8.02,0.0414144790093197,0.20111855853110888,0.20425197802225448,0.0,"[100, 100, 300, 100, 100]","[0.016857968981080326, 0.0053711886829179946, 0.001963645981575933, 0.010581993681739775, 0.0073211581408302775]",,0.07184992998448957,0.022621945257389104,5.0,1.96,nan,known-logging,sieve,frozen,neural-fore,known-uniform,0.8,1.0,0.0,0.02,0.0
2500,9143171,1000000,-0.3170054884673674,-0.3096735623190257,-0.16975121004271812,0.007331926148341716,0.1472542784246493,0.06715016414078863,-0.3013655317586638,-0.03813688832677242,0.0,0.2632286434318914,0.017487107531595592,0.002425315915397647,0.0030122077115029566,11.783080029686875,15.507329506888304,1785.6128740331233,140.0,0.00568817876814984,9.669196883000769,1.0,0.0,nan,nan,6.202,0.04015229826609002,0.20167325588842538,0.2012823203795361,0.0,"[100, 100, 100, 300, 100]","[0.010120074421642002, 0.011003576734436638, 0.007044126723203958, 0.0, 0.000273115961466606]",,0.06715016414078863,0.07319215456583841,5.0,1.96,nan,known-logging,sieve,frozen,neural-fore,known-uniform,0.8,1.0,0.0,0.02,0.0
2500,9243174,1000000,-0.3170054884673674,-0.3090981502521535,-0.27293782212497886,0.007907338215213944,0.04406766634238857,0.07047127862690834,-0.4110615282337192,-0.1348141160162385,1.0,0.2762474122174807,0.012064948396779143,0.002425315915397647,0.0030122077115029566,12.791970440030065,14.295711502847041,1704.2880203591017,180.0,0.004273864781387959,10.171011600201018,1.0,0.0,nan,nan,6.202,0.041263794069519945,0.20200306868348986,0.20638282264103247,0.0,"[300, 100, 100, 100, 300]","[0.003027792763679693, 0.004550858422201222, 0.0050330916226877815, 0.0087575810983711, 0.0]",,0.07047127862690834,0.08123586788110247,5.0,1.96,nan,known-logging,sieve,frozen,neural-fore,known-uniform,0.8,1.0,0.0,0.02,0.0
2500,9343177,1000000,-0.3170054884673674,-0.33057737445663304,-0.45220457504180595,-0.01357188598926562,-0.13519908657443852,0.07466376285916945,-0.598545550245778,-0.30586359983783384,1.0,0.29268195040794426,0.015512858234907162,0.002425315915397647,0.0030122077115029566,12.496001397105852,13.177229581217652,1675.746334088493,100.0,0.006567672211057929,8.627331724800388,1.0,0.0,nan,nan,2.8,0.041686259671088625,0.20341745679036852,0.19991280731732397,0.0,"[100, 100, 100, 100, 100]","[0.0033369716820737644, 0.0015797973215943928, 0.00474231294201565, 0.013106905259657508, 0.010072373849948333]",,0.07466376285916945,0.03573440446290368,5.0,1.96,nan,known-logging,sieve,frozen,neural-fore,known-uniform,0.8,1.0,0.0,0.02,0.0
2500,9443180,1000000,-0.3170054884673674,-0.32031540918506823,-0.3862927259426709,-0.0033099207177008094,-0.06928723747530346,0.07302884317543146,-0.5294292585665166,-0.24315619331882524,1.0,0.2862730652476913,0.013278810848703693,0.002425315915397647,0.0030122077115029566,12.639464612262607,17.899819961376938,1692.2724312817022,140.0,0.009770155377420308,9.425141792199792,1.0,0.0,nan,nan,8.2,0.041596976661662774,0.2061319224673035,0.2014119530327004,0.0,"[100, 100, 300, 100, 100]","[0.019817447711491607, 0.007979067222735562, 0.0, 0.010525173876050824, 0.010529088076823545]",,0.07302884317543146,0.0491918280891682,5.0,1.96,nan,known-logging,sieve,frozen,neural-fore,known-uniform,0.8,1.0,0.0,0.02,0.0
2500,9543183,1000000,-0.3170054884673674,-0.329624223884099,-0.4160790867152519,-0.012618735416731586,-0.09907359824788448,0.07560637426591166,-0.5642675802764388,-0.26789059315406505,1.0,0.2963769871223737,0.013136605865706537,0.002425315915397647,0.0030122077115029566,13.409934788136383,15.3600552106338,1669.6525671425961,100.0,0.004757310717388939,8.604521408199798,1.0,0.0,nan,nan,6.202,0.04170917647086838,0.19613132704518157,0.20941611097535748,0.0,"[100, 100, 100, 100, 100]","[0.0031097180683242265, 0.0008106594532368162, 0.006709025044067236, 0.009155696182923334, 0.004001454838393082]",,0.07560637426591166,0.060657334781879235,5.0,1.96,nan,known-logging,sieve,frozen,neural-fore,known-uniform,0.8,1.0,0.0,0.02,0.0
2500,9643186,1000000,-0.3170054884673674,-0.30534115120533245,-0.3176048164987473,0.011664337262034974,-0.0005993280313798532,0.07207917854366744,-0.45888000644433546,-0.1763296265531591,1.0,0.2825503798911764,0.019462212951586993,0.002425315915397647,0.0030122077115029566,13.68141186240636,17.07017301789067,1661.230629810165,260.0,0.002173611210118167,11.514409541400529,1.0,0.0,nan,nan,4.42,0.04277105802251639,0.2102944170018953,0.20337234672693455,0.0,"[100, 300, 300, 300, 300]","[0.0, 0.008415931458153426, 0.0, 0.0024521245924374073, 0.0]",,0.07207917854366744,0.08172605685722993,5.0,1.96,nan,known-logging,sieve,frozen,neural-fore,known-uniform,0.8,1.0,0.0,0.02,0.0
2500,9743189,1000000,-0.3170054884673674,-0.3214346772815102,-0.31989054841118525,-0.0044291888141427815,-0.002885059943817825,0.07586811552344157,-0.46859205483713073,-0.1711890419852398,1.0,0.2974030128518909,0.00947663838795679,0.002425315915397647,0.0030122077115029566,16.28106331051112,23.535185086927868,1629.159693187528,220.0,0.0024698620729117797,10.585409108000386,1.0,0.0,nan,nan,2.8,0.04017940350096815,0.19949091947152356,0.19996904024565415,0.0,"[300, 300, 300, 100, 100]","[0.0, 0.006767724940887393, 0.0, 0.0, 0.005581585423671504]",,0.07586811552344157,0.10549679962250513,5.0,1.96,nan,known-logging,sieve,frozen,neural-fore,known-uniform,0.8,1.0,0.0,0.02,0.0
2500,9843192,1000000,-0.3170054884673674,-0.3254977458224599,-0.38148161277644665,-0.008492257355092458,-0.06447612430907923,0.0757764775728494,-0.5300035088192314,-0.23295971673366184,1.0,0.29704379208556964,0.016057631583836596,0.002425315915397647,0.0030122077115029566,15.238749982201979,27.597512368848612,1556.8298804709318,180.0,0.006360144657738334,10.09540858319997,1.0,0.0,nan,nan,2.602,0.03832050043723291,0.1920967049735774,0.19982939512605585,0.0,"[100, 300, 300, 100, 100]","[0.0057794406957583505, 0.008598447679951219, 0.0, 0.006797422621730203, 0.010625412291251898]",,0.0757764775728494,0.05746966412098518,5.0,1.96,nan,known-logging,sieve,frozen,neural-fore,known-uniform,0.8,1.0,0.0,0.02,0.0
2500,9943195,1000000,-0.3170054884673674,-0.30652367017386495,-0.27404820371220595,0.010481818293502476,0.04295728475516147,0.07053457286590573,-0.41229596652938116,-0.13580044089503074,1.0,0.2764955256343504,0.015056368274811011,0.002425315915397647,0.0030122077115029566,12.959646454768796,17.777771351969523,1719.2157998159992,140.0,0.006894214784517465,9.278275424400272,1.0,0.0,nan,nan,2.4219999999999997,0.041629732250568485,0.20646859484952024,0.20281240023333297,0.0,"[100, 100, 100, 300, 100]","[0.0032156415388613713, 0.019177195586756124, 0.00048672506644988436, 0.011199384682612322, 0.0003921270479076228]",,0.07053457286590573,0.056647949103803275,5.0,1.96,nan,known-logging,sieve,frozen,neural-fore,known-uniform,0.8,1.0,0.0,0.02,0.0
2500,10043198,1000000,-0.3170054884673674,-0.28957649905846095,-0.20890294656694414,0.02742898940890648,0.10810254190042329,0.06849551110039634,-0.34315414832372093,-0.07465174481016731,1.0,0.26850240351355364,0.016576585392022003,0.002425315915397647,0.0030122077115029566,12.474341009384492,19.807823596785706,1702.863229093665,140.0,0.0030461663743013468,9.406231416600349,1.0,0.0,nan,nan,4.401999999999999,0.04099649036849997,0.19699650044959044,0.20646148201243122,0.0,"[100, 100, 100, 100, 300]","[0.0010370883835503146, 0.007746088091284171, 0.0, 0.0059188161552851505, 0.0005288392413870961]",,0.06849551110039634,0.04461262191272047,5.0,1.96,nan,known-logging,sieve,frozen,neural-fore,known-uniform,0.8,1.0,0.0,0.02,0.0
2500,10143201,1000000,-0.3170054884673674,-0.2670092591661397,-0.21325943641386766,0.04999622930122771,0.10374605205349977,0.06987906177101559,-0.35022239748505823,-0.07629647534267711,1.0,0.2739259221423811,0.028508971550644364,0.002425315915397647,0.0030122077115029566,13.849410253661244,14.528991790412856,1669.1335471602636,100.0,0.010915832596004846,8.531083191599464,1.0,0.0,nan,nan,4.42,0.03927212103723684,0.19341237954796947,0.20060327478730366,0.0,"[100, 100, 100, 100, 100]","[0.005501401118158484, 0.01431976764158601, 0.007903624339473829, 0.01178412872293294, 0.01507024115787297]",,0.06987906177101559,0.04306072597866518,5.0,1.96,nan,known-logging,sieve,frozen,neural-fore,known-uniform,0.8,1.0,0.0,0.02,0.0
2500,10243204,1000000,-0.3170054884673674,-0.3012136017495574,-0.31169671282591216,0.01579188671781001,0.005308775641455266,0.07232237911974251,-0.4534485759006075,-0.16994484975121685,1.0,0.2835037261493906,0.012228746293559974,0.002425315915397647,0.0030122077115029566,14.154494956688596,18.04531762940459,1683.2299221232865,140.0,0.0046553896961566334,9.56961595879984,1.0,0.0,nan,nan,4.42,0.04253477767644619,0.21091877325602043,0.20470235292253003,0.0,"[100, 100, 100, 300, 100]","[0.0051159492606760015, 0.0015524600704322376, 0.0011320383390739982, 0.004342539052571676, 0.011133961758029252]",,0.07232237911974251,0.033384984698996666,5.0,1.96,nan,known-logging,sieve,frozen,neural-fore,known-uniform,0.8,1.0,0.0,0.02,0.0
2500,10343207,1000000,-0.3170054884673674,-0.3116082009476145,-0.3561444990143664,0.005397287519752936,-0.039139010546998976,0.07446498283855332,-0.5020958653779309,-0.2101931326508019,1.0,0.291902732727129,0.013078131848223191,0.002425315915397647,0.0030122077115029566,13.832984338265609,19.372341829033306,1664.877841144582,180.0,0.0022913212472735743,10.194915758399294,1.0,0.0,nan,nan,4.402,0.04149790061578883,0.2070136443994898,0.2002472427825416,0.0,"[100, 300, 100, 300, 100]","[0.001087869048804633, 0.0035954026094525064, 0.00424987762682223, 0.0, 0.002523456951288502]",,0.07446498283855332,0.05881238746291293,5.0,1.96,nan,known-logging,sieve,frozen,neural-fore,known-uniform,0.8,1.0,0.0,0.02,0.0
2500,10443210,1000000,-0.3170054884673674,-0.29856748499472935,-0.4083494174749246,0.018438003472638076,-0.09134392900755717,0.07634995545641576,-0.5579953301694995,-0.2587035047803497,1.0,0.2992918253891498,0.012671780301175812,0.002425315915397647,0.0030122077115029566,12.786093605790958,14.070783431463111,1661.933479083379,220.0,0.005864378115283575,10.862540391600486,1.0,0.0,nan,nan,4.204,0.038838460027888044,0.192217665985881,0.19920915301474254,0.0,"[100, 100, 300, 300, 300]","[0.004262601901336775, 0.0037216329724631156, 0.0100247415163153, 0.006528223043706351, 0.004784691142596335]",,0.07634995545641576,0.08265046042760843,5.0,1.96,nan,known-logging,sieve,frozen,neural-fore,known-uniform,0.8,1.0,0.0,0.02,0.0
2500,10543213,1000000,-0.3170054884673674,-0.2767836074054433,-0.4375486927823187,0.04022188106192415,-0.1205432043149513,0.08241764294106886,-0.5990872729468137,-0.27601011261782377,1.0,0.3230771603289899,0.029532807409766198,0.002425315915397647,0.0030122077115029566,16.898462393698942,51.41361416537622,1544.6421213789254,220.0,0.009002582420485267,10.610972591600511,1.0,0.0,nan,nan,6.202,0.040881570060103775,0.2070144854632659,0.200936541222862,0.0,"[100, 100, 300, 300, 300]","[0.01871849835718356, 0.010223333221308178, 0.0, 0.016071080523934595, 0.0]",,0.08241764294106886,0.0710511033805956,5.0,1.96,nan,known-logging,sieve,frozen,neural-fore,known-uniform,0.8,1.0,0.0,0.02,0.0
2500,10643216,1000000,-0.3170054884673674,-0.30504668320713985,-0.40431714598074886,0.011958805260227579,-0.08731165751338144,0.07610869087558397,-0.5534901800968934,-0.2551441118646043,1.0,0.29834606823228915,0.013598712880913659,0.002425315915397647,0.0030122077115029566,13.34245628928761,16.699271569064834,1637.1604590485636,140.0,0.007580539479791519,9.448702833199423,1.0,0.0,nan,nan,2.4219999999999997,0.03941835529433265,0.20159300167473537,0.1903224741932546,0.0,"[100, 300, 100, 100, 100]","[0.009404771281183338, 0.009034772090359619, 0.009166476703596686, 0.002587662549452924, 0.0077090147743650245]",,0.07610869087558397,0.10599477236136476,5.0,1.96,nan,known-logging,sieve,frozen,neural-fore,known-uniform,0.8,1.0,0.0,0.02,0.0
2500,10743219,1000000,-0.3170054884673674,-0.31144748328980887,-0.26154454813580524,0.005558005177558556,0.05546094033156218,0.07241832685416133,-0.40348446876996147,-0.11960462750164905,1.0,0.2838798412683124,0.01626738842487862,0.002425315915397647,0.0030122077115029566,14.662547333544744,18.803657870384836,1659.5696438707923,180.0,0.008658722679864886,10.234631174798778,1.0,0.0,nan,nan,2.62,0.04058561906195475,0.19896245581593633,0.19794020256816033,0.0,"[300, 100, 100, 100, 300]","[0.0, 0.01771455732285552, 0.004278846037131721, 0.015418283014280937, 0.005881927025056247]",,0.07241832685416133,0.047989250894880264,5.0,1.96,nan,known-logging,sieve,frozen,neural-fore,known-uniform,0.8,1.0,0.0,0.02,0.0
2500,10843222,1000000,-0.3170054884673674,-0.2986363461100278,-0.29668167272512047,0.018369142357339607,0.020323815742246953,0.07148019691169333,-0.43678285867203936,-0.15658048677820155,1.0,0.28020237189383784,0.011199092574904276,0.002425315915397647,0.0030122077115029566,12.9566309558946,14.468952082192116,1693.7545754677196,100.0,0.013960497561504187,8.639478600199073,1.0,0.0,nan,nan,2.404,0.040188347417777125,0.2015716654673637,0.1976944334656024,0.0,"[100, 100, 100, 100, 100]","[0.002453214428105584, 0.0036574322440705, 0.03894713921636182, 0.01775721381866371, 0.006987488100319319]",,0.07148019691169333,0.081017827368605,5.0,1.96,nan,known-logging,sieve,frozen,neural-fore,known-uniform,0.8,1.0,0.0,0.02,0.0
2500,10943225,1000000,-0.3170054884673674,-0.28985234486932016,-0.18011734848163566,0.02715314359804727,0.13688813998573177,0.0670662394399995,-0.31156717778403464,-0.048667519179236646,0.0,0.262899658604798,0.02746278810717211,0.002425315915397647,0.0030122077115029566,12.716801794318846,14.27718506237232,1727.5795946987107,140.0,0.011521816768881529,9.298138116201153,1.0,0.0,nan,nan,2.404,0.041582971400915325,0.2095740136349078,0.20028899185231505,0.0,"[100, 100, 300, 100, 100]","[0.005165711517272141, 0.04322578821647385, 0.0, 0.005140208694001776, 0.004077375416659883]",,0.0670662394399995,0.0396260531404488,5.0,1.96,nan,known-logging,sieve,frozen,neural-fore,known-uniform,0.8,1.0,0.0,0.02,0.0
2500,11043228,1000000,-0.3170054884673674,-0.30543639002818235,-0.3311615477772066,0.011569098439185077,-0.014156059309839153,0.07427269520526664,-0.47673603037952916,-0.18558706517488396,1.0,0.2911489652046452,0.01734652841471995,0.002425315915397647,0.0030122077115029566,14.96856268086564,17.057483988333935,1623.075790794252,180.0,0.007041818745603725,10.345380916399881,1.0,0.0,nan,nan,6.4,0.04104627837795209,0.19966943829513437,0.20272257776410268,0.0,"[300, 100, 100, 100, 300]","[0.008193726060891323, 0.018252596543195707, 0.003980769532131058, 0.004782001591800532, 0.0]",,0.07427269520526664,0.07621283198894546,5.0,1.96,nan,known-logging,sieve,frozen,neural-fore,known-uniform,0.8,1.0,0.0,0.02,0.0
2500,11143231,1000000,-0.3170054884673674,-0.3138273549470119,-0.3358365040733712,0.0031781335203555083,-0.018831015606003754,0.07261225778003633,-0.4781565293222424,-0.1935164788245,1.0,0.2846400504977424,0.01573692029262864,0.002425315915397647,0.0030122077115029566,13.71034547416638,14.489640047924746,1671.2753522772684,140.0,0.003506279890418785,9.662451083200358,1.0,0.0,nan,nan,6.4,0.04023565244417155,0.20324887589011648,0.19658974915716945,0.0,"[100, 300, 100, 100, 100]","[0.005985731226571204, 0.001530502475865152, 0.009871043288666326, 0.0, 0.0001441224609912428]",,0.07261225778003633,0.039468053697076295,5.0,1.96,nan,known-logging,sieve,frozen,neural-fore,known-uniform,0.8,1.0,0.0,0.02,0.0
2500,11243234,1000000,-0.3170054884673674,-0.2731968523026579,-0.39043515552285474,0.043808636164709536,-0.07342966705548731,0.07546248816769191,-0.5383416323315309,-0.2425286787141786,1.0,0.29581295361735227,0.027373379362290732,0.002425315915397647,0.0030122077115029566,12.417244616087974,14.384087323334368,1667.0704913424024,100.0,0.007057202315908942,8.97706996620036,1.0,0.0,nan,nan,6.0040000000000004,0.041047764031533845,0.20563424801163038,0.1978640498976756,0.0,"[100, 100, 100, 100, 100]","[0.0007916963148395773, 0.015049256436568223, 0.0075934449132832454, 0.005070841542291688, 0.006780772372561981]",,0.07546248816769191,0.11149238119857698,5.0,1.96,nan,known-logging,sieve,frozen,neural-fore,known-uniform,0.8,1.0,0.0,0.02,0.0
2500,11343237,1000000,-0.3170054884673674,-0.3225432473367722,-0.4493974069819791,-0.005537758869404774,-0.13239191851461168,0.07627742621340745,-0.5989011623602577,-0.2998936516037005,1.0,0.29900751075655724,0.012026271254915316,0.002425315915397647,0.0030122077115029566,13.262074588756494,22.461725276913455,1669.451687559483,180.0,0.009862662279084583,10.268933333599126,1.0,0.0,nan,nan,4.023999999999999,0.04048443776844781,0.20283158151443886,0.20157162060487713,0.0,"[100, 100, 300, 100, 300]","[0.01838314118184723, 0.015396056745184246, 0.0, 0.015534113468391437, 0.0]",,0.07627742621340745,0.11020093533959058,5.0,1.96,nan,known-logging,sieve,frozen,neural-fore,known-uniform,0.8,1.0,0.0,0.02,0.0
2500,11443240,1000000,-0.3170054884673674,-0.29369159148104645,-0.35860696183775065,0.02331389698632097,-0.041601473370383224,0.0748643759051794,-0.5053411386119022,-0.21187278506359902,1.0,0.29346835354830325,0.015241524460521618,0.002425315915397647,0.0030122077115029566,13.796776481864537,15.058173164337012,1697.3272855716557,140.0,0.0075018194806649365,9.552945900399209,1.0,0.0,nan,nan,2.8,0.04073004423706701,0.1991158081516739,0.200839425662546,0.0,"[100, 100, 300, 100, 100]","[0.011091621067168609, 0.010771965556175428, 0.008883468569200222, 0.0067620422107804255, 0.0]",,0.0748643759051794,0.0953890332712778,5.0,1.96,nan,known-logging,sieve,frozen,neural-fore,known-uniform,0.8,1.0,0.0,0.02,0.0
2500,11543243,1000000,-0.3170054884673674,-0.30767970585226795,-0.3965714308059176,0.009325782615099476,-0.07956594233855019,0.07621734957754002,-0.545957435977896,-0.24718542563393917,1.0,0.2987720103439569,0.01642741910451414,0.002425315915397647,0.0030122077115029566,14.111120401824982,18.405696228866407,1641.6621759979805,140.0,0.007542770050416388,9.599645324999802,1.0,0.0,nan,nan,0.622,0.041450807786318,0.2037680833887167,0.20107524994131182,0.0,"[100, 100, 100, 300, 100]","[0.01365198314998844, 0.005771755314241331, 0.0062056993316229984, 0.001919875294743363, 0.01016453716148581]",,0.07621734957754002,0.05798376356506431,5.0,1.96,nan,known-logging,sieve,frozen,neural-fore,known-uniform,0.8,1.0,0.0,0.02,0.0
2500,11643246,1000000,-0.3170054884673674,-0.31465913137567314,-0.3791802130852794,0.0023463570916942844,-0.06217472461791196,0.0768112431043356,-0.5297302495697771,-0.2286301766007816,1.0,0.30110007296899555,0.014302674759479142,0.002425315915397647,0.0030122077115029566,15.85988538597826,18.57702611508081,1606.5211830957373,180.0,0.004411948529166057,10.051604350400158,1.0,0.0,nan,nan,0.6039999999999999,0.041352321215044334,0.20146392999383203,0.20500916809572295,0.0,"[100, 100, 300, 300, 100]","[0.0, 0.009055208360319821, 0.0013639195145013086, 0.0, 0.011640614771009155]",,0.0768112431043356,0.1378678637347108,5.0,1.96,nan,known-logging,sieve,frozen,neural-fore,known-uniform,0.8,1.0,0.0,0.02,0.0
2500,11743249,1000000,-0.3170054884673674,-0.2836363251168225,-0.2878852478116385,0.033369163350544906,0.029120240655728935,0.07159001237266359,-0.4282016720620591,-0.14756882356121787,1.0,0.28063284850084125,0.019410610508030984,0.002425315915397647,0.0030122077115029566,12.318069342136026,14.67439889577043,1723.3220704958098,100.0,0.014216695834397625,8.491323625399309,1.0,0.0,nan,nan,2.8,0.042455539344631775,0.2014196593836756,0.21023015234130607,0.0,"[100, 100, 100, 100, 100]","[0.0, 0.040874927744283945, 0.009569852226782461, 0.006350212296177849, 0.014288486904743877]",,0.07159001237266359,0.03128573940707962,5.0,1.96,nan,known-logging,sieve,frozen,neural-fore,known-uniform,0.8,1.0,0.0,0.02,0.0
2500,11843252,1000000,-0.3170054884673674,-0.32645643544749126,-0.3798327257945609,-0.009450946980123831,-0.06282723732719347,0.07587177743085452,-0.5285414095590357,-0.23112404203008605,1.0,0.2974173675289497,0.01269411626589637,0.002425315915397647,0.0030122077115029566,15.579041375461278,17.52304076872991,1623.7731173419127,220.0,0.004753543355727911,10.858210775200131,1.0,0.0,nan,nan,4.6,0.042644063560899184,0.21207516555243452,0.2009511928867574,0.0,"[300, 100, 100, 300, 300]","[0.0071840676417494745, 0.007983469221049509, 0.008600179915840571, 0.0, 0.0]",,0.07587177743085452,0.05964616123301339,5.0,1.96,nan,known-logging,sieve,frozen,neural-fore,known-uniform,0.8,1.0,0.0,0.02,0.0
2500,11943255,1000000,-0.3170054884673674,-0.29229499784013085,-0.3537673153304642,0.02471049062723657,-0.03676182686309676,0.07235538480671505,-0.4955838695516257,-0.2119507611093027,1.0,0.283633108442323,0.016463698256328384,0.002425315915397647,0.0030122077115029566,12.050201247459471,14.691554829173105,1677.6779918046602,140.0,0.011885986660592101,9.440051283400317,1.0,0.0,nan,nan,10.0,0.041462140852351635,0.20554748795262653,0.20370864930937418,0.0,"[100, 300, 100, 100, 100]","[0.0013496783357579687, 0.015615810989681303, 0.00983605083367531, 0.02436881245218133, 0.0082595806916646]",,0.07235538480671505,0.09037416717178802,5.0,1.96,nan,known-logging,sieve,frozen,neural-fore,known-uniform,0.8,1.0,0.0,0.02,0.0
2500,12043258,1000000,-0.3170054884673674,-0.27224077452073286,-0.2855620345705334,0.04476471394663456,0.031443453896834006,0.07206039978400039,-0.4268004181471742,-0.14432365099389266,1.0,0.2824767671532815,0.020901692878037934,0.002425315915397647,0.0030122077115029566,13.10800109812731,15.44033104636848,1680.8819445621762,100.0,0.008214370694477537,8.8383097834012,1.0,0.0,nan,nan,2.404,0.04054969372797927,0.19799720392737694,0.20685143922021373,0.0,"[100, 100, 100, 100, 100]","[0.005329309349841653, 0.002579492246125251, 0.00786356389829152, 0.004772808377052356, 0.020526679601076903]",,0.07206039978400039,0.041368245340540385,5.0,1.96,nan,known-logging,sieve,frozen,neural-fore,known-uniform,0.8,1.0,0.0,0.02,0.0
2500,12143261,1000000,-0.3170054884673674,-0.3481237722593571,-0.3246797630426509,-0.031118283791989665,-0.0076742745752834685,0.06950178700353853,-0.4609032655695864,-0.18845626051571537,1.0,0.27244700505387104,0.012636159857366524,0.002425315915397647,0.0030122077115029566,12.478089546040461,14.337419347995118,1726.6179296669648,140.0,0.00598327100366735,9.564065949999712,1.0,0.0,nan,nan,0.8019999999999999,0.03970528633240529,0.19660898831037318,0.19920692240370172,0.0,"[300, 100, 100, 100, 100]","[0.0, 0.0042288100847099755, 0.0, 0.00742430543972754, 0.018263239493899235]",,0.06950178700353853,0.06679323343484836,5.0,1.96,nan,known-logging,sieve,frozen,neural-fore,known-uniform,0.8,1.0,0.0,0.02,0.0
2500,12243264,1000000,-0.3170054884673674,-0.31673768911344213,-0.19456058624333256,0.00026779935392529097,0.12244490222403487,0.06707450936470585,-0.326026624598156,-0.06309454788850907,1.0,0.26293207670964697,0.011916973896971822,0.002425315915397647,0.0030122077115029566,14.14756795771457,16.200117400430184,1677.6532829365385,220.0,0.011105156098814784,10.924475266800073,1.0,0.0,nan,nan,2.4219999999999997,0.039938126749862246,0.20571209571885385,0.19772803602183747,0.0,"[300, 100, 100, 300, 300]","[0.008703881632358199, 0.01715622716740803, 0.01730452796103091, 0.00977437731377938, 0.0025867664194973968]",,0.06707450936470585,0.0627304436114892,5.0,1.96,nan,known-logging,sieve,frozen,neural-fore,known-uniform,0.8,1.0,0.0,0.02,0.0
2500,12343267,1000000,-0.3170054884673674,-0.3089640752638705,-0.188108231132582,0.008041413203496939,0.12889725733478544,0.0676148887502475,-0.3206334130830671,-0.05558304918209689,1.0,0.2650503639009702,0.018229590534612632,0.002425315915397647,0.0030122077115029566,11.884157644019796,12.388874768394874,1755.5862457069968,100.0,0.008641033649937813,8.724522241600425,1.0,0.0,nan,nan,4.402,0.042015948887001775,0.2040860386642775,0.20508640900777167,0.0,"[100, 100, 100, 100, 100]","[0.019533410227331998, 0.001148486573908538, 0.01086853659709327, 0.006335726820513864, 0.005319008030841393]",,0.0676148887502475,0.05401097023633616,5.0,1.96,nan,known-logging,sieve,frozen,neural-fore,known-uniform,0.8,1.0,0.0,0.02,0.0
2500,12443270,1000000,-0.3170054884673674,-0.29898041618717924,-0.39594986048791764,0.01802507228018818,-0.07894437202055021,0.07525426838702112,-0.5434482265264791,-0.24845149444935624,1.0,0.2949967320771228,0.01728923634147517,0.002425315915397647,0.0030122077115029566,12.83743748648783,15.438682728271315,1651.3798368028226,100.0,0.005135848557781513,8.56181431640034,1.0,0.0,nan,nan,4.402,0.04256362525761435,0.20593214531307616,0.20740208668359728,0.0,"[100, 100, 100, 100, 100]","[0.0022649975595575873, 0.0, 0.0034131435494196543, 0.013840659360515187, 0.006160442319415139]",,0.07525426838702112,0.07149832019225202,5.0,1.96,nan,known-logging,sieve,frozen,neural-fore,known-uniform,0.8,1.0,0.0,0.02,0.0
2500,12543273,1000000,-0.3170054884673674,-0.3054056982395718,-0.14168375922232557,0.011599790227795614,0.17532172924504186,0.063846836420615,-0.266823558606731,-0.016543959837920147,0.0,0.25027959876881084,0.014514960594080651,0.002425315915397647,0.0030122077115029566,11.969417077692814,13.311279947110588,1744.7819539364668,140.0,0.00540241696787582,9.359032600599676,1.0,0.0,nan,nan,6.202,0.03972385205082764,0.19947988314637227,0.2006087792041721,0.0,"[100, 300, 100, 100, 100]","[0.006368626877536663, 0.015217597641154998, 0.000980898893050994, 0.001841965484494224, 0.002602995943142217]",,0.063846836420615,0.054424277226440484,5.0,1.96,nan,known-logging,sieve,frozen,neural-fore,known-uniform,0.8,1.0,0.0,0.02,0.0
2500,12643276,1000000,-0.3170054884673674,-0.32307724808261223,-0.32133467262700277,-0.0060717596152448094,-0.004329184159635346,0.07252699991023565,-0.46348759245106463,-0.1791817528029409,1.0,0.2843058396481237,0.012566500422000547,0.002425315915397647,0.0030122077115029566,14.463487265389997,21.114558870565943,1669.7605090226866,100.0,0.013984410229752003,8.840541733199279,1.0,0.0,nan,nan,8.2,0.04113860249326987,0.20631252650137047,0.20198152679570866,0.0,"[100, 100, 100, 100, 100]","[0.017749882069233988, 0.012044884392958454, 0.021153243014589772, 0.0031060643657409267, 0.01586797730623688]",,0.07252699991023565,0.05540294650501783,5.0,1.96,nan,known-logging,sieve,frozen,neural-fore,known-uniform,0.8,1.0,0.0,0.02,0.0
2500,12743279,1000000,-0.3170054884673674,-0.31623469547559596,-0.3938048872637291,0.0007707929917714629,-0.07679939879636166,0.0743075723512583,-0.5394477290721953,-0.24816204545526283,1.0,0.2912856836169325,0.012861829355091772,0.002425315915397647,0.0030122077115029566,13.861514538280776,16.40366814035636,1667.9687993368175,100.0,0.021469702306162478,8.656249000199386,1.0,0.0,nan,nan,0.82,0.0408188107811673,0.20103490671140828,0.2045861297282284,0.0,"[100, 100, 100, 100, 100]","[0.0, 0.0027084492738017147, 0.09871570626462658, 0.005924355992384086, 0.0]",,0.0743075723512583,0.048105725980240634,5.0,1.96,nan,known-logging,sieve,frozen,neural-fore,known-uniform,0.8,1.0,0.0,0.02,0.0
2500,12843282,1000000,-0.3170054884673674,-0.3321490765814317,-0.28889042107272017,-0.0151435881140643,0.028115067394647253,0.06871671298533555,-0.42357517852397786,-0.15420566362146249,1.0,0.2693695149025154,0.013279686508912088,0.002425315915397647,0.0030122077115029566,12.331292913181814,14.391829247079954,1769.8517683384002,100.0,0.012184867368341162,8.546001041400814,1.0,0.0,nan,nan,2.8,0.040824616209181465,0.198342424788795,0.20584269397658375,0.0,"[100, 100, 100, 100, 100]","[0.0, 0.005257683909820316, 0.01088655246581231, 0.012589819542103366, 0.03219028092396982]",,0.06871671298533555,0.08591706109936771,5.0,1.96,nan,known-logging,sieve,frozen,neural-fore,known-uniform,0.8,1.0,0.0,0.02,0.0
2500,12943285,1000000,-0.3170054884673674,-0.2935751851230072,-0.25528339831760577,0.023430303344360248,0.061722090149761655,0.07166758297001735,-0.39575186093883974,-0.11481493569637177,1.0,0.280936925242468,0.01210505345732186,0.002425315915397647,0.0030122077115029566,12.984720555387828,16.808533045115755,1690.51120192331,180.0,0.006942519402494296,10.076751275400602,1.0,0.0,nan,nan,0.622,0.0408964165705958,0.19758586892160193,0.20526051659809888,0.0,"[100, 100, 300, 300, 100]","[0.0, 0.005785091145169659, 0.0, 0.003332865091445207, 0.025594640775856617]",,0.07166758297001735,0.05690526089292223,5.0,1.96,nan,known-logging,sieve,frozen,neural-fore,known-uniform,0.8,1.0,0.0,0.02,0.0
2500,13043288,1000000,-0.3170054884673674,-0.30412085106312026,-0.4493968963624302,0.012884637404247168,-0.13239140789506276,0.07884665675844622,-0.6039363436089848,-0.2948574491158756,1.0,0.3090788944931092,0.011581298933632729,0.002425315915397647,0.0030122077115029566,16.477585339900745,19.502750066379694,1574.689665244539,220.0,0.007195453031817678,11.069000958800098,1.0000000000000002,0.0,nan,nan,0.8019999999999999,0.0425539103244824,0.19913822304916812,0.20950448745114433,0.0,"[300, 300, 100, 300, 100]","[0.0, 0.006459140166756123, 0.01244366839452414, 0.005377154835243729, 0.011697301762564397]",,0.07884665675844622,0.12743928147463304,5.0,1.96,nan,known-logging,sieve,frozen,neural-fore,known-uniform,0.8,1.0,0.0,0.02,0.0
2500,13143291,1000000,-0.3170054884673674,-0.32293678847881085,-0.2574147479255015,-0.00593130001144343,0.059590740541865916,0.07000867046728368,-0.3946317420413775,-0.1201977538096255,1.0,0.274433988231752,0.015498180971771103,0.002425315915397647,0.0030122077115029566,12.987967172312638,15.646288135037388,1721.5350989715882,220.0,0.004593418112286836,11.039152208400264,1.0,0.0,nan,nan,0.8019999999999999,0.04044840139188503,0.20236550480080223,0.19544178717217214,0.0,"[300, 100, 100, 300, 300]","[0.004637327220866703, 0.007138352373076556, 0.006540359599775327, 0.003920937490901133, 0.0007301138768144586]",,0.07000867046728368,0.047554398908203725,5.0,1.96,nan,known-logging,sieve,frozen,neural-fore,known-uniform,0.8,1.0,0.0,0.02,0.0
2500,13243294,1000000,-0.3170054884673674,-0.3028338019257103,-0.22902634022256185,0.014171686541657125,0.08797914824480557,0.06996501449496755,-0.3661577686326982,-0.09189491181242546,1.0,0.2742628568202728,0.01854481036034825,0.002425315915397647,0.0030122077115029566,12.501897720624038,13.344154037807481,1746.1793361413486,140.0,0.0020987325323224273,9.480444141799671,1.0,0.0,nan,nan,4.401999999999999,0.0401426719668657,0.2011683333265229,0.20059448656720996,0.0,"[100, 300, 100, 100, 100]","[0.0, 0.0024396429359473844, 0.007335683791264782, 0.0, 0.00071833593439997]",,0.06996501449496755,0.08206522477844404,5.0,1.96,nan,known-logging,sieve,frozen,neural-fore,known-uniform,0.8,1.0,0.0,0.02,0.0
2500,13343297,1000000,-0.3170054884673674,-0.3305352414637237,-0.22557447590970855,-0.013529752996356281,0.09143101255765887,0.06811487095210145,-0.3590796229758274,-0.09206932884358973,1.0,0.26701029413223765,0.014200218335412894,0.002425315915397647,0.0030122077115029566,12.714276950470678,14.112042458916967,1748.8747764009236,100.0,0.010157867793359577,8.481440716798534,1.0,0.0,nan,nan,2.404,0.04162922956923317,0.20537485664533667,0.20315692757170223,0.0,"[100, 100, 100, 100, 100]","[0.0090658591930118, 0.005594926100458386, 0.007941134088946469, 0.005208477159498287, 0.022978942424882947]",,0.06811487095210145,0.05720736548017839,5.0,1.96,nan,known-logging,sieve,frozen,neural-fore,known-uniform,0.8,1.0,0.0,0.02,0.0
2500,13443300,1000000,-0.3170054884673674,-0.2857781759044759,-0.24141790178324776,0.031227312562891518,0.07558758668411966,0.06836015613580047,-0.3754038078094167,-0.10743199575707885,1.0,0.26797181205233783,0.012669989293172272,0.002425315915397647,0.0030122077115029566,11.707508309372425,15.693421597451106,1760.125630884719,180.0,0.0024430703696579647,10.304833366598904,1.0,0.0,nan,nan,0.622,0.04142131393392031,0.20409538944863131,0.19890831466676817,0.0,"[100, 300, 300, 100, 100]","[0.0, 0.0012765535819323761, 0.0, 0.0, 0.010938798266357446]",,0.06836015613580047,0.10438281314726765,5.0,1.96,nan,known-logging,sieve,frozen,neural-fore,known-uniform,0.8,1.0,0.0,0.02,0.0
2500,13543303,1000000,-0.3170054884673674,-0.30322040197727634,-0.24968133100739265,0.01378508649009108,0.06732415745997478,0.0730436414597599,-0.39284686826852205,-0.10651579374626324,1.0,0.2863310745222588,0.013040153957106095,0.002425315915397647,0.0030122077115029566,14.491800993992914,24.63905016871597,1644.3169070957983,220.0,0.006460321051150903,11.07754910039912,1.0000000000000002,0.0,nan,nan,4.6,0.04161828878089028,0.20160859817201252,0.20386406900385,0.0,"[300, 300, 300, 100, 100]","[0.0, 0.009391987443015226, 0.002935967403044168, 0.007152646220894811, 0.012821004188800307]",,0.0730436414597599,0.048731378172269635,5.0,1.96,nan,known-logging,sieve,frozen,neural-fore,known-uniform,0.8,1.0,0.0,0.02,0.0
2500,13643306,1000000,-0.3170054884673674,-0.32145973988034854,-0.21381563800520156,-0.004454251412981114,0.10318985046216586,0.06868424698837948,-0.34843676210242536,-0.0791945139079778,1.0,0.26924224819444753,0.013089331488445578,0.002425315915397647,0.0030122077115029566,12.794421513372171,16.540393927126065,1684.9064258032506,140.0,0.00958566760364259,9.540761691399165,1.0,0.0,nan,nan,6.022,0.04000710937500966,0.20161932618570452,0.19965654899272114,0.0,"[300, 100, 100, 100, 100]","[0.0, 0.011192210099759393, 0.007945943805300807, 0.012812264524489907, 0.01597791958866284]",,0.06868424698837948,0.06303205847724679,5.0,1.96,nan,known-logging,sieve,frozen,neural-fore,known-uniform,0.8,1.0,0.0,0.02,0.0
2500,13743309,1000000,-0.3170054884673674,-0.3053108102933699,-0.3522565571174786,0.011694678173997497,-0.035251068650111184,0.07591880691101693,-0.5010574186630719,-0.20345569557188542,1.0,0.2976017230911864,0.014874576435909698,0.002425315915397647,0.0030122077115029566,15.543327474712829,26.321160555799093,1626.1246552063624,140.0,0.012510417936745538,9.502313558601235,1.0,0.0,nan,nan,0.82,0.04077906367324264,0.2006832329832176,0.20514111678974004,0.0,"[100, 100, 300, 100, 100]","[0.0, 0.027677936429170526, 0.0018861639330211024, 0.006764152057461038, 0.026223837264075026]",,0.07591880691101693,0.06542139903328212,5.0,1.96,nan,known-logging,sieve,frozen,neural-fore,known-uniform,0.8,1.0,0.0,0.02,0.0
2500,13843312,1000000,-0.3170054884673674,-0.2845661673061956,-0.2528665577844424,0.03243932116117182,0.06413893068292503,0.0700002071194718,-0.3900669637386071,-0.11566615183027767,1.0,0.27440081190832943,0.020727298777531968,0.002425315915397647,0.0030122077115029566,13.16909968111556,15.13776818917736,1684.9010000988108,180.0,0.005006637688203563,10.87348425780001,1.0,0.0,nan,nan,4.2219999999999995,0.04132675103216059,0.20357884589917247,0.2083328067570139,0.0,"[100, 300, 100, 300, 100]","[0.005981798237657985, 0.0018972937990585372, 0.0, 0.008500155105632503, 0.008653941298668788]",,0.0700002071194718,0.12108152427396283,5.0,1.96,nan,known-logging,sieve,frozen,neural-fore,known-uniform,0.8,1.0,0.0,0.02,0.0
2500,13943315,1000000,-0.3170054884673674,-0.2869696208047594,-0.2805040279833913,0.030035867662608018,0.03650146048397612,0.07439892742467596,-0.42632592573575623,-0.1346821302310264,1.0,0.2916437955047298,0.012375350231487269,0.002425315915397647,0.0030122077115029566,14.5945821550626,21.25837824249179,1689.5756238900947,220.0,0.007282176862822796,11.396523024800263,1.0,0.0,nan,nan,2.62,0.03885330523581042,0.19066454694129448,0.20081473658312396,0.0,"[300, 300, 100, 100, 300]","[0.012198592165216229, 0.0023742510961136795, 0.00982425633383318, 0.003269470136700807, 0.00874431458225009]",,0.07439892742467596,0.05010591620082853,5.0,1.96,nan,known-logging,sieve,frozen,neural-fore,known-uniform,0.8,1.0,0.0,0.02,0.0
2500,14043318,1000000,-0.3170054884673674,-0.3035332749163606,-0.2928630407936173,0.013472213551006806,0.024142447673750123,0.07156498883884897,-0.4331304189177613,-0.15259566266947333,1.0,0.28053475624828794,0.016911489273566296,0.002425315915397647,0.0030122077115029566,13.897351234562665,15.733177117377185,1699.9197145578107,220.0,0.004029829755035219,11.284804649598664,1.0,0.0,nan,nan,4.6,0.041379300935351415,0.20824451353640078,0.20170072645021903,0.0,"[300, 100, 100, 300, 300]","[0.005214947724263947, 0.0068979505551065995, 0.0018885150976736082, 0.004394268938493517, 0.0017534664596384278]",,0.07156498883884897,0.025905261335464575,5.0,1.96,nan,known-logging,sieve,frozen,neural-fore,known-uniform,0.8,1.0,0.0,0.02,0.0
2500,14143321,1000000,-0.3170054884673674,-0.2736773249361965,-0.21107033695063288,0.043328163531170916,0.10593515151673455,0.06920760921642626,-0.3467172510148283,-0.07542342288643741,1.0,0.2712938281283909,0.032927455317402474,0.002425315915397647,0.0030122077115029566,12.447372402639797,13.58145957570457,1704.9503807659585,100.0,0.003440141174797935,9.13519132500005,1.0,0.0,nan,nan,6.202,0.04105500846046796,0.2029514663289284,0.20201199601133407,0.0,"[100, 100, 100, 100, 100]","[0.0030418593284547955, 0.005084322483383533, 0.006805486229528763, 0.0002583523228616229, 0.002010685509760959]",,0.06920760921642626,0.08540160057945702,5.0,1.96,nan,known-logging,sieve,frozen,neural-fore,known-uniform,0.8,1.0,0.0,0.02,0.0
2500,14243324,1000000,-0.3170054884673674,-0.2953330511024314,-0.21712051020767575,0.021672437364936015,0.09988497825969167,0.0723170355858725,-0.35886189995598583,-0.07537912045936565,1.0,0.2834827794966202,0.019524800270139673,0.002425315915397647,0.0030122077115029566,13.521181324751502,19.19719293444944,1706.1132995589742,180.0,0.010239944173968608,10.276891183199405,1.0,0.0,nan,nan,4.6,0.043686539507183285,0.20712462563237777,0.2071206813178296,0.0,"[100, 100, 300, 300, 100]","[0.014194614068199498, 0.017979723520187917, 0.0, 0.0, 0.019025383281455623]",,0.0723170355858725,0.11851571713904589,5.0,1.96,nan,known-logging,sieve,frozen,neural-fore,known-uniform,0.8,1.0,0.0,0.02,0.0
2500,14343327,1000000,-0.3170054884673674,-0.30103591145812186,-0.32246590981996587,0.01596957700924556,-0.0054604213525984435,0.07474249432492013,-0.4689611986968093,-0.17597062094312244,1.0,0.29299057775368686,0.01815106894770121,0.002425315915397647,0.0030122077115029566,14.374184062187181,16.003599320413365,1643.0352592554561,180.0,0.008521636866011838,10.07619394160065,1.0000000000000002,0.0,nan,nan,4.401999999999999,0.04005900526358372,0.19668924425886955,0.2008320316470395,0.0,"[100, 300, 300, 100, 100]","[0.010972495313627905, 0.009212296859093408, 0.0, 0.015428460820581795, 0.006994931336756087]",,0.07474249432492013,0.10993872980727382,5.0,1.96,nan,known-logging,sieve,frozen,neural-fore,known-uniform,0.8,1.0,0.0,0.02,0.0
2500,14443330,1000000,-0.3170054884673674,-0.3088967765257938,-0.26156904221617616,0.008108711941573643,0.05543644625119126,0.06882812371752564,-0.39647216470252644,-0.1266659197298259,1.0,0.2698062449727005,0.01437415550055196,0.002425315915397647,0.0030122077115029566,12.108843330291077,13.822641379046635,1800.3896034047236,100.0,0.013797920198470977,8.550576458600336,1.0,0.0,nan,nan,4.401999999999999,0.04015976251829724,0.20176115512443732,0.19616485538314726,0.0,"[100, 100, 100, 100, 100]","[0.026315922504127343, 0.027926660795639786, 0.003989323008029084, 0.006807478693411599, 0.003950215991147086]",,0.06882812371752564,0.06861928659700535,5.0,1.96,nan,known-logging,sieve,frozen,neural-fore,known-uniform,0.8,1.0,0.0,0.02,0.0
2500,14543333,1000000,-0.3170054884673674,-0.3146387632446093,-0.2958894862822356,0.0023667252227581037,0.02111600218513182,0.06960120540472957,-0.43230784887550555,-0.15947112368896565,1.0,0.2728367251865399,0.013229495294733239,0.002425315915397647,0.0030122077115029566,12.150118814984149,20.52341437293568,1726.1887955384052,140.0,0.008886045118679593,9.575774783400266,1.0,0.0,nan,nan,0.82,0.040365202780283785,0.20061613512090556,0.1967089075139384,0.0,"[100, 100, 100, 100, 300]","[0.0031569041614731143, 0.01781750449697272, 0.003279495122437534, 0.0023351859571172, 0.017841135855397393]",,0.06960120540472957,0.023250050411333986,5.0,1.96,nan,known-logging,sieve,frozen,neural-fore,known-uniform,0.8,1.0,0.0,0.02,0.0
2500,14643336,1000000,-0.3170054884673674,-0.2784900458673932,-0.271008298655717,0.03851544259997425,0.04599718981165041,0.0739484323778772,-0.4159472261163563,-0.12606937119507772,1.0,0.2898778549212786,0.022586909616775643,0.002425315915397647,0.0030122077115029566,15.459440888134361,27.24734196284087,1666.271701347026,220.0,0.006647306128164278,10.85227922500053,1.0,0.0,nan,nan,2.4219999999999997,0.041705713148965165,0.20235997053909865,0.2047986741815448,0.0,"[100, 300, 100, 300, 300]","[0.009289501552005001, 0.0, 0.009594964226482707, 0.00202590212844546, 0.012326162733888224]",,0.0739484323778772,0.12849931526955838,5.0,1.96,nan,known-logging,sieve,frozen,neural-fore,known-uniform,0.8,1.0,0.0,0.02,0.0
2500,14743339,1000000,-0.3170054884673674,-0.30364456323253625,-0.3862540601598749,0.013360925234831178,-0.06924857169250748,0.07894571771220832,-0.5409876668758032,-0.2315204534439466,1.0,0.3094672134318566,0.014555627012636095,0.002425315915397647,0.0030122077115029566,16.412889009488207,19.43559783670584,1585.3458918309948,180.0,0.007976145807690517,10.166585142199619,1.0,0.0,nan,nan,4.401999999999999,0.04042303744185919,0.19979101988401057,0.20254142195565414,0.0,"[100, 300, 100, 100, 300]","[0.0007289649962336327, 0.0, 0.02827356391856713, 0.010878200123651822, 0.0]",,0.07894571771220832,0.11789151671425609,5.0,1.96,nan,known-logging,sieve,frozen,neural-fore,known-uniform,0.8,1.0,0.0,0.02,0.0
2500,14843342,1000000,-0.3170054884673674,-0.30877298481821447,-0.4461663983628957,0.008232503649152956,-0.12916090989552825,0.07764745943960398,-0.5983554188645195,-0.29397737786127187,1.0,0.3043780410032476,0.01421310838710426,0.002425315915397647,0.0030122077115029566,15.16572966807131,18.234960969914063,1595.9734118367408,140.0,0.003509783920325827,9.363183866599865,1.0,0.0,nan,nan,6.4,0.043025999922992046,0.20637845036887068,0.20851379537591314,0.0,"[100, 100, 100, 100, 300]","[0.0021807024640256817, 0.007341538679828905, 0.0034415482307620687, 0.001469918193272217, 0.0031152120337402623]",,0.07764745943960398,0.13943246776447768,5.0,1.96,nan,known-logging,sieve,frozen,neural-fore,known-uniform,0.8,1.0,0.0,0.02,0.0
2500,14943345,1000000,-0.3170054884673674,-0.3175806794212607,-0.3452535971940374,-0.0005751909538933009,-0.028248108726669996,0.07362315929523755,-0.48955498941270303,-0.20095220497537183,1.0,0.2886027844373312,0.017263642429068637,0.002425315915397647,0.0030122077115029566,14.158266479722087,18.496934377619322,1647.133509486304,180.0,0.005713087111780568,10.206965458400736,1.0,0.0,nan,nan,0.622,0.03981322670031493,0.19877787771860111,0.20109648130529872,0.0,"[100, 300, 300, 100, 100]","[0.007518013778406654, 0.00354462079228856, 0.0, 0.005061224737232036, 0.01244157625097559]",,0.07362315929523755,0.03596285749314799,5.0,1.96,nan,known-logging,sieve,frozen,neural-fore,known-uniform,0.8,1.0,0.0,0.02,0.0
2500,15043348,1000000,-0.3170054884673674,-0.2786414088384922,-0.40205389257681695,0.038364079628875225,-0.08504840410944953,0.07654252581900986,-0.5520772431820763,-0.2520305419715576,1.0,0.30004670121051863,0.014883883786736262,0.002425315915397647,0.0030122077115029566,13.33056344973797,13.9122282131803,1667.189965920984,180.0,0.005161647475735833,10.096121433600638,1.0,0.0,nan,nan,4.222,0.04219447058731993,0.20999511302690577,0.200181667971507,0.0,"[100, 100, 100, 300, 300]","[0.010014710922332169, 0.007824046414378682, 0.0041270671158845995, 0.0, 0.0038424129260837127]",,0.07654252581900986,0.07059623953715762,5.0,1.96,nan,known-logging,sieve,frozen,neural-fore,known-uniform,0.8,1.0,0.0,0.02,0.0
2500,15143351,1000000,-0.3170054884673674,-0.29881608016961225,-0.24493833347073202,0.018189408297755172,0.07206715499663541,0.07214976935166156,-0.38635188139998866,-0.10352478554147534,1.0,0.28282709585851334,0.018545696843065722,0.002425315915397647,0.0030122077115029566,14.467203747152984,17.15975927337517,1660.3534002129988,140.0,0.008683477491366233,9.5417887832009,1.0,0.0,nan,nan,6.202,0.039276778571147905,0.19914249843237258,0.1931513442506136,0.0,"[100, 100, 100, 300, 100]","[0.0, 0.026747195013011597, 0.01061007417758672, 0.0, 0.006060118266232853]",,0.07214976935166156,0.032152540698160155,5.0,1.96,nan,known-logging,sieve,frozen,neural-fore,known-uniform,0.8,1.0,0.0,0.02,0.0
2500,15243354,1000000,-0.3170054884673674,-0.2824244263905654,-0.2988182516857213,0.034581062076802005,0.018187236781646132,0.07020921293035606,-0.43642830902921914,-0.16120819434222342,1.0,0.27522011468699575,0.013337098745554395,0.002425315915397647,0.0030122077115029566,11.666170072474804,12.189997434386113,1750.9879236800784,100.0,0.007035782838944538,8.724915800399321,1.0,0.0,nan,nan,0.8019999999999999,0.0403011125177613,0.1960108865432147,0.20138295784619137,0.0,"[100, 100, 100, 100, 100]","[0.0007998027312218943, 0.004249003046714302, 0.009908025212405818, 0.010949941206479977, 0.0092721419979007]",,0.07020921293035606,0.08525083515333064,5.0,1.96,nan,known-logging,sieve,frozen,neural-fore,known-uniform,0.8,1.0,0.0,0.02,0.0
2500,15343357,1000000,-0.3170054884673674,-0.3169518860620772,-0.2825667406180058,5.360240529023175e-05,0.03443874784936163,0.0741532208842888,-0.42790705355121184,-0.13722642768479976,1.0,0.2906806258664121,0.012306789810992475,0.002425315915397647,0.0030122077115029566,14.296459960410877,23.451613381642826,1663.7977448471777,220.0,0.004983084280507679,11.046020457998385,1.0,0.0,nan,nan,0.622,0.040305426720803325,0.19901040378323048,0.2000622386032907,0.0,"[300, 100, 300, 300, 100]","[0.00510403141839384, 0.012523590288195247, 0.004984286415401247, 0.0, 0.0023035132805480597]",,0.0741532208842888,0.029409414054883398,5.0,1.96,nan,known-logging,sieve,frozen,neural-fore,known-uniform,0.8,1.0,0.0,0.02,0.0
2500,15443360,1000000,-0.3170054884673674,-0.3254107918063314,-0.3146594204585657,-0.008405303338963999,0.002346068008801716,0.07364094396974151,-0.45899567063925906,-0.17032317027787236,1.0,0.2886725003613867,0.013972492607236204,0.002425315915397647,0.0030122077115029566,13.214946767507561,17.86733961067039,1728.1947836213574,140.0,0.008529594595000557,9.625286816198786,1.0,0.0,nan,nan,0.8019999999999999,0.03970833909769416,0.20025150439328873,0.19795190893225728,0.0,"[100, 300, 100, 100, 100]","[0.015380405638741889, 0.0016609084726146822, 0.0038757390361464092, 0.014741864886943228, 0.0069890549405565786]",,0.07364094396974151,0.09742652450403345,5.0,1.96,nan,known-logging,sieve,frozen,neural-fore,known-uniform,0.8,1.0,0.0,0.02,0.0
2500,15543363,1000000,-0.3170054884673674,-0.2907064327291885,-0.2763401138516668,0.026299055738178923,0.040665374615700633,0.07163303341749516,-0.4167408593499573,-0.13593936835337628,1.0,0.280801490996581,0.02706669682668677,0.002425315915397647,0.0030122077115029566,13.532263670212371,16.10560376662041,1664.8479386949537,140.0,0.011307148549023639,9.699005941602081,1.0,0.0,nan,nan,1.0,0.0414535331411231,0.20133203546590486,0.20541214085985526,0.0,"[100, 100, 300, 100, 100]","[0.026301314886501198, 0.008698249892288956, 0.0, 0.0, 0.02153617796632804]",,0.07163303341749516,0.04145397485329044,5.0,1.96,nan,known-logging,sieve,frozen,neural-fore,known-uniform,0.8,1.0,0.0,0.02,0.0
2500,15643366,1000000,-0.3170054884673674,-0.3205372576367393,-0.3687995174982221,-0.003531769169371868,-0.05179402903085467,0.07280081273414198,-0.5114891104571404,-0.2261099245393038,1.0,0.28537918591783656,0.012272643793512198,0.002425315915397647,0.0030122077115029566,13.008247048107819,14.286697729508695,1709.4189197055516,100.0,0.007170571275408902,8.716841208801634,1.0,0.0,nan,nan,4.401999999999999,0.04105652198476377,0.20513689221887837,0.2043090024463282,0.0,"[100, 100, 100, 100, 100]","[0.00588939648476159, 0.0022868621750735422, 0.006825478799424752, 0.013074661566519801, 0.007776457351264827]",,0.07280081273414198,0.09448522593802637,5.0,1.96,nan,known-logging,sieve,frozen,neural-fore,known-uniform,0.8,1.0,0.0,0.02,0.0
2500,15743369,1000000,-0.3170054884673674,-0.304360295966558,-0.3583412279395942,0.012645192500809421,-0.041335739472226796,0.07555117492327963,-0.5064215307892224,-0.21026092508996613,1.0,0.2961606056992562,0.011818299797507053,0.002425315915397647,0.0030122077115029566,14.13687271629163,17.141061640365862,1668.842919963538,140.0,0.010217599853993042,9.566873375599608,1.0,0.0,nan,nan,6.4,0.04229541992181857,0.20916904916653584,0.20728933713533976,0.0,"[100, 300, 100, 100, 100]","[0.020674545068656503, 0.0, 0.002465980187060359, 0.008496881803854604, 0.019450592210393747]",,0.07555117492327963,0.10853546701757642,5.0,1.96,nan,known-logging,sieve,frozen,neural-fore,known-uniform,0.8,1.0,0.0,0.02,0.0
2500,15843372,1000000,-0.3170054884673674,-0.27749698454268457,-0.3837595158353842,0.03950850392468286,-0.06675402736801678,0.07490380575298752,-0.5305709751112397,-0.23694805655952866,1.0,0.2936229185517111,0.02122169171516262,0.002425315915397647,0.0030122077115029566,12.795463125562572,13.961514493219623,1685.7791032779628,140.0,0.01202185008293322,9.682341983800143,1.0,0.0,nan,nan,2.62,0.0416467007521565,0.20363733020702468,0.21109304867707465,0.0,"[100, 100, 100, 100, 300]","[0.0044600078045463785, 0.009292178250129967, 0.010772564481366287, 0.019511218208522873, 0.016073281670100602]",,0.07490380575298752,0.08097584799912597,5.0,1.96,nan,known-logging,sieve,frozen,neural-fore,known-uniform,0.8,1.0,0.0,0.02,0.0
2500,15943375,1000000,-0.3170054884673674,-0.3334523878487462,-0.27019974972078314,-0.016446899381378777,0.04680573874658428,0.06933113839202001,-0.40608878096914236,-0.13431071847242393,1.0,0.27177806249671843,0.014715116065797056,0.002425315915397647,0.0030122077115029566,11.333205839738246,12.877816494082326,1789.6633553925235,140.0,0.004833364315579185,9.60521900800013,1.0,0.0,nan,nan,4.204,0.039948494234592256,0.20314791833267418,0.19745685347532604,0.0,"[100, 300, 100, 100, 100]","[0.014046675801239698, 0.0, 0.004919538953025623, 0.002742783450723534, 0.002457823372907072]",,0.06933113839202001,0.05333545866966176,5.0,1.96,nan,known-logging,sieve,frozen,neural-fore,known-uniform,0.8,1.0,0.0,0.02,0.0
2500,16043378,1000000,-0.3170054884673674,-0.3260319931196336,-0.31101958371203936,-0.009026504652266176,0.005985904755328064,0.0711768272805463,-0.45052616518191013,-0.1715130022421686,1.0,0.27901316293974154,0.014034759878373841,0.002425315915397647,0.0030122077115029566,12.803170397076164,14.164669833912967,1733.3797544556098,220.0,0.00499235285344597,11.163769324799796,1.0,0.0,nan,nan,0.82,0.04073663944320014,0.20078743260640192,0.20339527951807512,0.0,"[100, 300, 100, 300, 300]","[0.0, 0.002428329393375678, 0.006655919706727886, 0.01587751516712629, 0.0]",,0.0711768272805463,0.07374560058901053,5.0,1.96,nan,known-logging,sieve,frozen,neural-fore,known-uniform,0.8,1.0,0.0,0.02,0.0
2500,16143381,1000000,-0.3170054884673674,-0.31204168201243543,-0.23959899006517194,0.004963806454931996,0.07740649840219549,0.06779305255475485,-0.3724733730724914,-0.10672460705785244,1.0,0.265748766014639,0.02041058756879048,0.002425315915397647,0.0030122077115029566,12.812245071446503,15.28683169870679,1742.103540996957,100.0,0.003121360023544591,8.849845941798776,1.0,0.0,nan,nan,8.2,0.038472595942917916,0.19506017277902005,0.19532904324055497,0.0,"[100, 100, 100, 100, 100]","[0.005781665005813566, 0.0032180710929473745, 4.768018859119391e-06, 0.006602296000102895, 0.0]",,0.06779305255475485,0.07573624583017077,5.0,1.96,nan,known-logging,sieve,frozen,neural-fore,known-uniform,0.8,1.0,0.0,0.02,0.0
2500,16243384,1000000,-0.3170054884673674,-0.3073585004739016,-0.3363161416063226,0.009646987993465805,-0.01931065313895519,0.07444625741980923,-0.4822308061491487,-0.19040147706349653,1.0,0.2918293290856522,0.012021405619020374,0.002425315915397647,0.0030122077115029566,14.519816179344293,19.348115129825445,1638.0698549700746,180.0,0.0056550538763151656,10.366812300200035,1.0000000000000002,0.0,nan,nan,4.42,0.03960922692421538,0.1938347046300196,0.20372788836950892,0.0,"[100, 100, 300, 300, 100]","[0.007337748270679101, 0.010061508446093036, 0.0007395736557489874, 0.00379848310707265, 0.006337955901982055]",,0.07444625741980923,0.037189402525491556,5.0,1.96,nan,known-logging,sieve,frozen,neural-fore,known-uniform,0.8,1.0,0.0,0.02,0.0
2500,16343387,1000000,-0.3170054884673674,-0.30927197664663086,-0.4165359284863119,0.0077335118207365605,-0.09953044001894445,0.07621713762543014,-0.565921518232155,-0.2671503387404688,1.0,0.29877117949168613,0.0158625434419906,0.002425315915397647,0.0030122077115029566,14.229064064699232,18.52930593395934,1631.820998702681,180.0,0.004153371176069641,10.460745224799393,1.0,0.0,nan,nan,4.6,0.041728303706785895,0.20368364745144682,0.2080679865506049,0.0,"[300, 300, 100, 100, 100]","[0.0, 0.0, 0.0013328408801296637, 0.012369835665115021, 0.00706417933510352]",,0.07621713762543014,0.0820303742664441,5.0,1.96,nan,known-logging,sieve,frozen,neural-fore,known-uniform,0.8,1.0,0.0,0.02,0.0
2500,16443390,1000000,-0.3170054884673674,-0.33866083173737827,-0.39309362982636475,-0.02165534327001084,-0.07608814135899733,0.07403778182889949,-0.5382076822110078,-0.24797957744172175,1.0,0.290228104769286,0.014019467351401535,0.002425315915397647,0.0030122077115029566,13.813384401191994,17.277472942501447,1696.6174454147908,140.0,0.0060913262082219885,9.677151999600756,1.0,0.0,nan,nan,6.4,0.04159201812246443,0.20008070259934646,0.20272102168640083,0.0,"[100, 300, 100, 100, 100]","[0.002945936558375263, 0.010734117432002976, 0.0068431489614545595, 0.007790777827250138, 0.002142650262027006]",,0.07403778182889949,0.05999397236178872,5.0,1.96,nan,known-logging,sieve,frozen,neural-fore,known-uniform,0.8,1.0,0.0,0.02,0.0
2500,16543393,1000000,-0.3170054884673674,-0.2964685465501343,-0.24046056972866964,0.020536941917233098,0.07654491873869779,0.06995923182622801,-0.37758066410807656,-0.10334047534926274,1.0,0.2742401887588138,0.011440903883566606,0.002425315915397647,0.0030122077115029566,12.123469003359713,14.192131556962828,1720.6635181413267,220.0,0.004050993633546377,11.127793783200833,1.0,0.0,nan,nan,2.8,0.03910723989302014,0.20125745426484926,0.19367986363761483,0.0,"[100, 300, 100, 300, 300]","[0.007359636706871806, 0.007450613111664804, 0.005444718349195274, 0.0, 0.0]",,0.06995923182622801,0.04820370093599492,5.0,1.96,nan,known-logging,sieve,frozen,neural-fore,known-uniform,0.8,1.0,0.0,0.02,0.0
2500,16643396,1000000,-0.3170054884673674,-0.314992176899543,-0.3775659805910097,0.0020133115678244162,-0.060560492123642284,0.0740883517192209,-0.5227791499606826,-0.23235281122133675,1.0,0.2904263387393459,0.011217690533609126,0.002425315915397647,0.0030122077115029566,12.734470947582919,26.155835012189357,1714.149891226575,140.0,0.012455832829322593,9.318699858599576,1.0,0.0,nan,nan,2.0260000000000002,0.04000589152624296,0.20553309428651828,0.19324215765523206,0.0,"[100, 300, 100, 100, 100]","[0.0065702356132559345, 0.015331681820648452, 0.011570038241215419, 0.0181636800384831, 0.010643528433010061]",,0.0740883517192209,0.07215631766894862,5.0,1.96,nan,known-logging,sieve,frozen,neural-fore,known-uniform,0.8,1.0,0.0,0.02,0.0
2500,16743399,1000000,-0.3170054884673674,-0.30762425493108164,-0.3402804247969922,0.009381233536285782,-0.023274936329624796,0.07560045005594937,-0.488457306906653,-0.19210354268733146,1.0,0.2963537642193215,0.01950487460846699,0.002425315915397647,0.0030122077115029566,15.504613806892772,18.160616833984015,1607.3546235033207,140.0,0.008073409327738732,9.39364689940121,1.0000000000000002,0.0,nan,nan,8.2,0.04013212422242411,0.20567010580585948,0.19674702997736931,0.0,"[300, 100, 100, 100, 100]","[0.006771265497114355, 0.011550011066974375, 0.0031437113795423836, 0.00840886349850044, 0.010493195196562102]",,0.07560045005594937,0.06192075392289303,5.0,1.96,nan,known-logging,sieve,frozen,neural-fore,known-uniform,0.8,1.0,0.0,0.02,0.0
2500,16843402,1000000,-0.3170054884673674,-0.2909940433771941,-0.30600669322522517,0.026011445090173335,0.010998795242142256,0.07401092040120526,-0.45106809721158747,-0.16094528923886287,1.0,0.2901228079727246,0.015091816679805964,0.002425315915397647,0.0030122077115029566,15.323485037192901,17.360187364720748,1634.0616330813893,220.0,0.01012511908725006,10.98425802480051,1.0,0.0,nan,nan,2.404,0.040594447006602453,0.20457861908030117,0.20106970787301517,0.0,"[300, 300, 100, 100, 300]","[0.007749182347040499, 0.0047520087190190425, 0.008534434019702462, 0.027085119800675107, 0.002504850549813189]",,0.07401092040120526,0.024323871691828487,5.0,1.96,nan,known-logging,sieve,frozen,neural-fore,known-uniform,0.8,1.0,0.0,0.02,0.0
2500,16943405,1000000,-0.3170054884673674,-0.3003288979946242,-0.2275871520781694,0.016676590472743225,0.08941833638919802,0.07213756891627227,-0.368976787154063,-0.08619751700227576,1.0,0.2827792701517873,0.018447833258725923,0.002425315915397647,0.0030122077115029566,13.406985728836226,18.780272045472316,1676.120781678632,180.0,0.005497870063445638,10.398943299399253,1.0,0.0,nan,nan,4.401999999999999,0.04158585212620428,0.20057591603277372,0.20218765137917222,0.0,"[100, 100, 300, 100, 300]","[0.009146651895973756, 0.005836414342641624, 0.0, 0.012506284078612812, 0.0]",,0.07213756891627227,0.05317765093082256,5.0,1.96,nan,known-logging,sieve,frozen,neural-fore,known-uniform,0.8,1.0,0.0,0.02,0.0
2500,17043408,1000000,-0.3170054884673674,-0.2891147896554735,-0.4287614651576323,0.027890698811893933,-0.11175597669026488,0.07810051993900541,-0.5818384842380829,-0.2756844460771817,1.0,0.3061540381609012,0.01694071312237286,0.002425315915397647,0.0030122077115029566,14.177733113470447,16.93123510470008,1645.9588733667297,100.0,0.00971463827819182,8.552896141200108,1.0,0.0,nan,nan,4.204,0.04111453754604711,0.20151128065629403,0.203905972859708,0.0,"[100, 100, 100, 100, 100]","[0.0, 0.0035395454959732246, 0.021019969977835937, 0.018275360943388566, 0.00573831497376137]",,0.07810051993900541,0.04068217651820658,5.0,1.96,nan,known-logging,sieve,frozen,neural-fore,known-uniform,0.8,1.0,0.0,0.02,0.0
2500,17143411,1000000,-0.3170054884673674,-0.3293134888586253,-0.2560533968917498,-0.0123080003912579,0.06095209157561765,0.06905437051642047,-0.3913999631039339,-0.12070683067956567,1.0,0.2706931324243682,0.011114210530294098,0.002425315915397647,0.0030122077115029566,13.222878545727221,25.453935245616687,1712.0388051422692,140.0,0.015572932290309907,9.286771058199156,1.0,0.0,nan,nan,1.0,0.040440556560579745,0.19536639411776874,0.2068143480535815,0.0,"[100, 100, 100, 100, 300]","[0.01478943067134275, 0.008998055031364511, 0.03055775247462806, 0.012085870453454604, 0.011433552820759614]",,0.06905437051642047,0.06257853544799805,5.0,1.96,nan,known-logging,sieve,frozen,neural-fore,known-uniform,0.8,1.0,0.0,0.02,0.0
2500,17243414,1000000,-0.3170054884673674,-0.3206815640987175,-0.40442203467018073,-0.003676075631350084,-0.0874165462028133,0.07645010587404254,-0.5542642421833042,-0.25457982715705735,1.0,0.29968441502624676,0.013024235706036284,0.002425315915397647,0.0030122077115029566,15.597409033614062,19.73519081748764,1584.4386085079318,220.0,0.00822601862474954,10.895113933599351,1.0,0.0,nan,nan,2.8,0.0405594572784671,0.19980044617682982,0.20558825370354175,0.0,"[300, 100, 300, 100, 300]","[0.0, 0.024963341803024747, 0.004792737274261862, 0.006006440376308092, 0.0053675736701529995]",,0.07645010587404254,0.04997850807131492,5.0,1.96,nan,known-logging,sieve,frozen,neural-fore,known-uniform,0.8,1.0,0.0,0.02,0.0
2500,17343417,1000000,-0.3170054884673674,-0.3037013427041889,-0.26095202746465856,0.01330414576317851,0.05605346100270886,0.06933657689219108,-0.3968517181733531,-0.12505233675596406,1.0,0.271799381417389,0.02127822954929815,0.002425315915397647,0.0030122077115029566,12.403687194941368,15.665043516758727,1702.969231732531,100.0,0.007545955181660939,8.71546497539821,1.0,0.0,nan,nan,4.401999999999999,0.041926653499733936,0.2055735045749209,0.2029464028882554,0.0,"[100, 100, 100, 100, 100]","[0.010263462098659047, 0.0, 0.006383538311592142, 0.007159672144639172, 0.013923103353414335]",,0.06933657689219108,0.032994462250451446,5.0,1.96,nan,known-logging,sieve,frozen,neural-fore,known-uniform,0.8,1.0,0.0,0.02,0.0
2500,17443420,1000000,-0.3170054884673674,-0.32195882167014234,-0.32674442336598497,-0.004953333202774912,-0.009738934898617546,0.07231450965574143,-0.4684808622912382,-0.18500798444073177,1.0,0.2834728778505064,0.011276713475315753,0.002425315915397647,0.0030122077115029566,13.269239475530416,15.25367854904873,1696.0250760767515,140.0,0.009892203050051299,9.234407150198603,1.0,0.0,nan,nan,4.42,0.0416829021381208,0.20410902537431644,0.20512836184634167,0.0,"[300, 100, 100, 100, 100]","[0.00718086211406882, 0.015352268974983445, 0.008133119249805964, 0.011159894506583242, 0.007634870404815021]",,0.07231450965574143,0.03748663147300644,5.0,1.96,nan,known-logging,sieve,frozen,neural-fore,known-uniform,0.8,1.0,0.0,0.02,0.0
2500,17543423,1000000,-0.3170054884673674,-0.2838045574721028,-0.2852074205373114,0.03320093099526461,0.03179806793005602,0.07433345943616537,-0.43090100103219553,-0.13951384004242728,1.0,0.29138716098976825,0.017735388488103614,0.002425315915397647,0.0030122077115029566,13.747579705948409,15.97942005036503,1668.9821280857589,180.0,0.0098743658091128,9.889569875202142,1.0,0.0,nan,nan,2.602,0.0405744319110802,0.19617053066364282,0.20499205952939725,0.0,"[300, 300, 100, 100, 100]","[0.0, 0.025493718799661183, 0.003635323362555934, 0.019530323820384478, 0.0007124630629624074]",,0.07433345943616537,0.08878692918694235,5.0,1.96,nan,known-logging,sieve,frozen,neural-fore,known-uniform,0.8,1.0,0.0,0.02,0.0
2500,17643426,1000000,-0.3170054884673674,-0.31239998691472276,-0.30426418867737187,0.004605501552644664,0.012741299789995553,0.07125045312787705,-0.4439150768080109,-0.16461330054673287,1.0,0.279301776261278,0.012886841058992798,0.002425315915397647,0.0030122077115029566,13.823633592696945,17.426876598767148,1683.8401792769773,180.0,0.014154042687269918,9.693076933399789,1.0,0.0,nan,nan,2.4219999999999997,0.04057376717525082,0.20406192552562805,0.19781449387598285,0.0,"[100, 100, 100, 300, 300]","[0.0009681767457780492, 0.021623068581271988, 0.048178968109299565, 0.0, 0.0]",,0.07125045312787705,0.0702482809524933,5.0,1.96,nan,known-logging,sieve,frozen,neural-fore,known-uniform,0.8,1.0,0.0,0.02,0.0
2500,17743429,1000000,-0.3170054884673674,-0.2936134100190485,-0.31454241415369766,0.02339207844831892,0.0024630743136697664,0.07276823776815369,-0.45716816017927886,-0.17191666812811643,1.0,0.28525149205116246,0.019176252794223466,0.002425315915397647,0.0030122077115029566,13.771993970696503,18.803503728871252,1705.256036897221,140.0,0.01687892851243409,9.062930841799243,1.0,0.0,nan,nan,6.202,0.04186100470453264,0.20507390269713083,0.20576130229536674,0.0,"[100, 100, 300, 100, 100]","[0.04669031445864069, 0.016986961936035036, 0.0016101850396421538, 0.012141394161282348, 0.006965786966570216]",,0.07276823776815369,0.06762492398989764,5.0,1.96,nan,known-logging,sieve,frozen,neural-fore,known-uniform,0.8,1.0,0.0,0.02,0.0
2500,17843432,1000000,-0.3170054884673674,-0.3174082721400094,-0.23366298186549256,-0.0004027836726419598,0.08334250660187487,0.07004780422384595,-0.3709566781442306,-0.0963692855867545,1.0,0.2745873925574761,0.013552363211632695,0.002425315915397647,0.0030122077115029566,14.677051307804573,16.387258413246254,1698.4003955017813,220.0,0.004741916592882432,10.400464166399615,1.0,0.0,nan,nan,4.2219999999999995,0.04055446288386904,0.19941894562318385,0.20314094738047062,0.0,"[300, 100, 100, 300, 300]","[0.0, 0.009005965443448614, 0.0030012805959125496, 0.0, 0.011702336925051]",,0.07004780422384595,0.08418776344295291,5.0,1.96,nan,known-logging,sieve,frozen,neural-fore,known-uniform,0.8,1.0,0.0,0.02,0.0
2500,17943435,1000000,-0.3170054884673674,-0.3216428861228364,-0.3003674882913946,-0.004637397655469,0.016638000175972834,0.07298858529863841,-0.4434251154767259,-0.1573098611060633,1.0,0.2861152543706626,0.011194228988526109,0.002425315915397647,0.0030122077115029566,13.588150634810999,15.11230346112163,1674.777076431095,180.0,0.007221714075454003,9.729107908600053,1.0,0.0,nan,nan,6.4,0.03974764880697683,0.20176836809127968,0.19918214611595406,0.0,"[100, 300, 100, 300, 100]","[0.01111109896761508, 0.0, 0.009401666704948868, 0.0, 0.015595804704706066]",,0.07298858529863841,0.05120779838899324,5.0,1.96,nan,known-logging,sieve,frozen,neural-fore,known-uniform,0.8,1.0,0.0,0.02,0.0
2500,18043438,1000000,-0.3170054884673674,-0.30048574882451423,-0.4012948016427704,0.016519739642853193,-0.084289313175403,0.07763078813750796,-0.553451146392286,-0.24913845689325484,1.0,0.3043126894990312,0.016174086560949118,0.002425315915397647,0.0030122077115029566,15.309084790005437,18.85585345175903,1584.4091857302756,180.0,0.004487581184039939,9.836170574798597,1.0,0.0,nan,nan,6.202,0.04077439123542599,0.19986162405751465,0.20329407262228472,0.0,"[300, 100, 100, 300, 100]","[0.01678563928114149, 0.0031159670310580917, 0.0, 0.0, 0.002536299608000116]",,0.07763078813750796,0.0792527591371223,5.0,1.96,nan,known-logging,sieve,frozen,neural-fore,known-uniform,0.8,1.0,0.0,0.02,0.0
2500,18143441,1000000,-0.3170054884673674,-0.30907237687141903,-0.19194657770055445,0.007933111595948394,0.12505891076681297,0.06840562289726812,-0.3260215985792,-0.05787155682190895,1.0,0.268150041757291,0.01258490305113342,0.002425315915397647,0.0030122077115029566,13.159281375587566,19.288822643363623,1723.3010385097546,180.0,0.0011846895503285556,9.81357270879962,1.0,0.0,nan,nan,2.602,0.0412869440537239,0.20212525889554672,0.20711672893031113,0.0,"[300, 100, 100, 300, 100]","[0.0, 0.004055049417653965, 0.0014273933462226275, 0.0, 0.00044100498776618443]",,0.06840562289726812,0.05216326665563479,5.0,1.96,nan,known-logging,sieve,frozen,neural-fore,known-uniform,0.8,1.0,0.0,0.02,0.0
2500,18243444,1000000,-0.3170054884673674,-0.32593145614974245,-0.32721506150880275,-0.008925967682375024,-0.010209573041435327,0.07356964556849825,-0.4714115668230593,-0.18301855619454618,1.0,0.28839301062851314,0.01316559073112236,0.002425315915397647,0.0030122077115029566,12.945516276604737,15.847357665646602,1663.326526757663,140.0,0.013002089605360584,9.054038466600105,1.0,0.0,nan,nan,8.2,0.043229993209871906,0.20710157357652412,0.20595301475760625,0.0,"[100, 100, 100, 100, 300]","[0.006551892197906786, 0.022624065602486053, 0.011444137285249895, 0.01620848629547922, 0.008181866645680966]",,0.07356964556849825,0.04429350081042519,5.0,1.96,nan,known-logging,sieve,frozen,neural-fore,known-uniform,0.8,1.0,0.0,0.02,0.0
2500,18343447,1000000,-0.3170054884673674,-0.29608114594579676,-0.3743499549514141,0.02092434252157066,-0.057344466484046674,0.07538131877518611,-0.5220973397507789,-0.22660257015204932,1.0,0.29549476959872956,0.017395911168246618,0.002425315915397647,0.0030122077115029566,13.895959331612106,15.329760361333408,1704.734250139366,180.0,0.0064474868629351935,9.833382416600216,1.0,0.0,nan,nan,6.202,0.04278017426217707,0.20825928883990819,0.2075036279103851,0.0,"[300, 100, 100, 100, 300]","[0.01336691573317424, 0.005292840208733772, 0.0063711637956466735, 0.007206514577121287, 0.0]",,0.07538131877518611,0.07032836247792157,5.0,1.96,nan,known-logging,sieve,frozen,neural-fore,known-uniform,0.8,1.0,0.0,0.02,0.0
2500,18443450,1000000,-0.3170054884673674,-0.3031239271774898,-0.32537117428280077,0.013881561289877609,-0.008365685815433344,0.07356280546137307,-0.46955427298709196,-0.18118807557850955,1.0,0.28836619740858244,0.01072266969059483,0.002425315915397647,0.0030122077115029566,14.37648506932882,24.366999499368056,1629.2875183675508,260.0,0.003830118641734366,11.512188749599227,1.0,0.0,nan,nan,0.6039999999999999,0.04176978818316459,0.2039070805532829,0.20098931637559841,0.0,"[300, 300, 300, 100, 300]","[0.005846472968645281, 0.0, 0.0028628450254771435, 0.005573358035244741, 0.0048679171793046625]",,0.07356280546137307,0.06886737028596934,5.0,1.96,nan,known-logging,sieve,frozen,neural-fore,known-uniform,0.8,1.0,0.0,0.02,0.0
2500,18543453,1000000,-0.3170054884673674,-0.31818242784993694,-0.19522760002781747,-0.0011769393825695196,0.12177788843954995,0.06799604331761228,-0.32849984493033757,-0.0619553551252974,1.0,0.26654448980504014,0.012736105924107604,0.002425315915397647,0.0030122077115029566,12.853263486001532,16.196383656441952,1710.7708089546004,220.0,0.004922074984918009,10.732918724400225,1.0,0.0,nan,nan,6.4,0.03891186032202869,0.19441935935016627,0.2010252875005946,0.0,"[300, 300, 100, 300, 100]","[0.002955807010414507, 0.0011981769466961035, 0.004179022882971652, 0.0038180946469153886, 0.012459273437592396]",,0.06799604331761228,0.05950639486133337,5.0,1.96,nan,known-logging,sieve,frozen,neural-fore,known-uniform,0.8,1.0,0.0,0.02,0.0
2500,18643456,1000000,-0.3170054884673674,-0.3304063787989059,-0.3555232315956618,-0.013400890331538462,-0.03851774312829437,0.07358531235446678,-0.49975044381041667,-0.21129601938090692,1.0,0.28845442442950975,0.013582911117744656,0.002425315915397647,0.0030122077115029566,13.595117502489476,15.783221333314728,1680.1868671128977,140.0,0.007443772509137747,9.42454128280042,1.0,0.0,nan,nan,4.401999999999999,0.03944485366912372,0.1950975703889938,0.20299163799153605,0.0,"[100, 100, 300, 100, 100]","[0.007625650936078082, 0.009642196805289499, 0.000715999332994864, 0.005224568391123482, 0.014010447080202808]",,0.07358531235446678,0.09253615968971632,5.0,1.96,nan,known-logging,sieve,frozen,neural-fore,known-uniform,0.8,1.0,0.0,0.02,0.0
2500,18743459,1000000,-0.3170054884673674,-0.31243906193766313,-0.34380035744413856,0.004566426529704293,-0.026794868976771136,0.07453701960941969,-0.4898929158786012,-0.19770779900967597,1.0,0.2921851168689252,0.011721540564214395,0.002425315915397647,0.0030122077115029566,14.05469476061849,28.05076883276267,1640.915902166161,220.0,0.004724453072068744,10.909025491399735,1.0,0.0,nan,nan,2.404,0.04112662997433709,0.19553685765349776,0.2055999003333897,0.0,"[300, 100, 100, 300, 300]","[0.0, 0.00630503479761604, 0.0, 0.0034357646104772573, 0.013881465952250423]",,0.07453701960941969,0.09639558107680418,5.0,1.96,nan,known-logging,sieve,frozen,neural-fore,known-uniform,0.8,1.0,0.0,0.02,0.0
2500,18843462,1000000,-0.3170054884673674,-0.3326436908604849,-0.3352071896404298,-0.015638202393117473,-0.018201701173062357,0.07437674961896461,-0.4809856188936004,-0.18942876038725914,1.0,0.2915568585063413,0.012792648154400323,0.002425315915397647,0.0030122077115029566,14.234678338403624,16.73597835122418,1628.6319407742446,180.0,0.003351348543152615,10.360461349800243,1.0,0.0,nan,nan,8.2,0.04281182358073151,0.20958029080843898,0.20409856401354798,0.0,"[300, 300, 100, 100, 100]","[0.000714090027563799, 0.009189610371615876, 0.0004888459873703872, 0.003144437829073171, 0.0032197585001398437]",,0.07437674961896461,0.12962292620637642,5.0,1.96,nan,known-logging,sieve,frozen,neural-fore,known-uniform,0.8,1.0,0.0,0.02,0.0
2500,18943465,1000000,-0.3170054884673674,-0.31541671694314116,-0.25836026804813855,0.0015887715242262623,0.05864522041922887,0.07162483252334868,-0.39874493979390196,-0.11797559630237514,1.0,0.2807693434915268,0.015805868508428602,0.002425315915397647,0.0030122077115029566,15.234973255285203,28.412017689475007,1637.5242444546875,180.0,0.012564992351050788,10.354486925599485,1.0000000000000002,0.0,nan,nan,4.42,0.04068355094288291,0.19670650332829023,0.205780430941843,0.0,"[100, 300, 100, 100, 300]","[0.006263552106376719, 0.0, 0.045183489066807775, 0.0064185516690092054, 0.0049593689130602425]",,0.07162483252334868,0.09266597683019705,5.0,1.96,nan,known-logging,sieve,frozen,neural-fore,known-uniform,0.8,1.0,0.0,0.02,0.0
2500,19043468,1000000,-0.3170054884673674,-0.312916267368303,-0.36959965874642814,0.0040892210990644,-0.052594170279060715,0.07583429510007547,-0.5182348771425761,-0.2209644403502802,1.0,0.29727043679229587,0.013465354781423465,0.002425315915397647,0.0030122077115029566,14.918028912583512,18.596379696148553,1627.6165154800085,180.0,0.0035288064157669927,10.31232937519926,1.0,0.0,nan,nan,2.8,0.03951242018827432,0.20005475466724146,0.19701279202332306,0.0,"[300, 100, 100, 300, 100]","[0.0, 0.010494030057784097, 0.0, 0.0004595590566825997, 0.006690442964368269]",,0.07583429510007547,0.059882953944582554,5.0,1.96,nan,known-logging,sieve,frozen,neural-fore,known-uniform,0.8,1.0,0.0,0.02,0.0
2500,19143471,1000000,-0.3170054884673674,-0.31205991422214435,-0.3335060242216101,0.004945574245223072,-0.01650053575424265,0.0716858059091959,-0.474010203803634,-0.1930018446395861,1.0,0.2810083591640479,0.011584592420014188,0.002425315915397647,0.0030122077115029566,12.259199427243118,14.91043042968497,1704.1899330766842,140.0,0.004675792554459102,9.583627450199128,1.0,0.0,nan,nan,4.2219999999999995,0.04326316076617286,0.20651894894665496,0.2104122297934475,0.0,"[100, 100, 100, 300, 100]","[0.003941429505214442, 0.00038303441932149526, 0.003639950454395897, 0.008813196657881342, 0.006601351735482335]",,0.0716858059091959,0.03091978484772981,5.0,1.96,nan,known-logging,sieve,frozen,neural-fore,known-uniform,0.8,1.0,0.0,0.02,0.0
2500,19243474,1000000,-0.3170054884673674,-0.3073123172969963,-0.35314068837238216,0.009693171170371107,-0.03613519990501474,0.07484213858502756,-0.4998312799990362,-0.20645009674572815,1.0,0.29338118325330803,0.015279285499539589,0.002425315915397647,0.0030122077115029566,14.710551773340372,19.279284759464105,1627.2922151284877,100.0,0.022897731592897617,8.827475225200761,1.0,0.0,nan,nan,2.602,0.04273307209559629,0.20384751166161658,0.21026948678246357,0.0,"[100, 100, 100, 100, 100]","[0.027034133225685028, 0.015838806234332488, 0.042872820984885054, 0.02213932538996134, 0.006603572129624187]",,0.07484213858502756,0.0987748410411766,5.0,1.96,nan,known-logging,sieve,frozen,neural-fore,known-uniform,0.8,1.0,0.0,0.02,0.0
2500,19343477,1000000,-0.3170054884673674,-0.324202509814192,-0.36185307227533586,-0.007197021346824595,-0.04484758380796844,0.07499938355282176,-0.5088518640388665,-0.21485428051180522,1.0,0.2939975835270613,0.014293014179888769,0.002425315915397647,0.0030122077115029566,14.701992112669272,30.125262567864596,1633.8353376353982,180.0,0.0039647036150260275,10.122649682799965,1.0000000000000002,0.0,nan,nan,4.401999999999999,0.04081918092487193,0.19938011305270445,0.20491557426022672,0.0,"[300, 100, 100, 300, 100]","[0.0, 0.008764624133825928, 0.01105889394130421, 0.0, 0.0]",,0.07499938355282176,0.05354001885127424,5.0,1.96,nan,known-logging,sieve,frozen,neural-fore,known-uniform,0.8,1.0,0.0,0.02,0.0
2500,19443480,1000000,-0.3170054884673674,-0.28711597045426546,-0.35348011445714317,0.029889518013101968,-0.036474625989775744,0.07654980687857214,-0.5035177359391445,-0.20344249297514178,1.0,0.3000752429640028,0.019631081155794632,0.002425315915397647,0.0030122077115029566,15.839891169071908,21.14341401486657,1641.5621809484471,220.0,0.00286278866533391,10.944213008400038,1.0,0.0,nan,nan,0.604,0.04042484632303485,0.20218918876960262,0.1974760644714807,0.0,"[100, 300, 300, 300, 100]","[0.002503016690321578, 0.005947285627339165, 0.0046164692591264345, 0.0012471717498823741, 0.0]",,0.07654980687857214,0.0664924979050173,5.0,1.96,nan,known-logging,sieve,frozen,neural-fore,known-uniform,0.8,1.0,0.0,0.02,0.0
2500,19543483,1000000,-0.3170054884673674,-0.3062984428076467,-0.4223876169266142,0.010707045659720749,-0.10538212845924677,0.0760909412453456,-0.5715258617674915,-0.27324937208573685,1.0,0.29827648968175474,0.017979478535845295,0.002425315915397647,0.0030122077115029566,13.190486431476174,15.547758735686136,1705.7256443013055,140.0,0.006858328339603381,9.378772891999688,1.0,0.0,nan,nan,4.6,0.041883861008835635,0.201356561293318,0.20624832668202084,0.0,"[100, 100, 100, 100, 300]","[0.01838126987555337, 0.014366714929348033, 0.0, 0.0015436568931154991, 0.0]",,0.0760909412453456,0.05963162900812472,5.0,1.96,nan,known-logging,sieve,frozen,neural-fore,known-uniform,0.8,1.0,0.0,0.02,0.0
2500,19643486,1000000,-0.3170054884673674,-0.3115554277363011,-0.22183578627131856,0.005450060731066297,0.09516970219604887,0.0666086616616958,-0.3523887631282423,-0.09128280941439479,1.0,0.26110595371384754,0.013671926719805085,0.002425315915397647,0.0030122077115029566,11.94921459679765,13.387225692442376,1738.765095402371,100.0,0.01770237480970545,8.863744608600246,1.0,0.0,nan,nan,0.8019999999999999,0.04040722697329853,0.19515001147092223,0.2050711530350632,0.0,"[100, 100, 100, 100, 100]","[0.06559227040581109, 0.009141070234569117, 0.0, 0.00459560637102902, 0.00918292703711802]",,0.0666086616616958,0.08034565527189286,5.0,1.96,nan,known-logging,sieve,frozen,neural-fore,known-uniform,0.8,1.0,0.0,0.02,0.0
2500,19743489,1000000,-0.3170054884673674,-0.3062593233170237,-0.29803689168450526,0.010746165150343712,0.018968596782862168,0.07346126345259936,-0.44202096805159996,-0.15405281531741052,1.0,0.28796815273418946,0.011851722685829425,0.002425315915397647,0.0030122077115029566,14.515008838897575,18.364762276751772,1660.5482300360718,180.0,0.00759771110645088,10.242593466000107,1.0,0.0,nan,nan,4.401999999999999,0.040606898404132834,0.20402073952051564,0.19897930557763538,0.0,"[300, 100, 100, 100, 300]","[0.006977589994250563, 0.015031427558291564, 0.0021777974759084125, 0.01137632277366595, 0.002425417730137911]",,0.07346126345259936,0.07843053749753635,5.0,1.96,nan,known-logging,sieve,frozen,neural-fore,known-uniform,0.8,1.0,0.0,0.02,0.0
2500,19843492,1000000,-0.3170054884673674,-0.3189480760484099,-0.23658760387339245,-0.0019425875810424875,0.08041788459397498,0.0674480049928968,-0.36878569365947017,-0.10438951408731473,1.0,0.26439617957215544,0.013062375336351956,0.002425315915397647,0.0030122077115029566,11.940319342682798,12.637812663205326,1725.1790028707076,140.0,0.0060686393169087595,9.30420589159985,1.0,0.0,nan,nan,4.6,0.04005596684903912,0.1979541932950923,0.1991594036456939,0.0,"[300, 100, 100, 100, 100]","[0.00582910575668626, 0.0054023159600115715, 0.01030071772403528, 0.00652537517953067, 0.0022856819642800134]",,0.0674480049928968,0.03305588401752007,5.0,1.96,nan,known-logging,sieve,frozen,neural-fore,known-uniform,0.8,1.0,0.0,0.02,0.0
2500,19943495,1000000,-0.3170054884673674,-0.316699953526236,-0.28099217195787285,0.00030553494113144675,0.036013316509494575,0.07217135099497858,-0.4224480199080308,-0.13953632400771485,1.0,0.282911695900316,0.015654488237844696,0.002425315915397647,0.0030122077115029566,12.569512978193455,14.629227137704227,1717.7993627298843,100.0,0.0114182018664837,8.662723874799486,1.0,0.0,nan,nan,2.8,0.039923114474442314,0.1992950326369886,0.19884308526122466,0.0,"[100, 100, 100, 100, 100]","[0.025106964754717437, 0.00854377057214675, 0.006906081893197414, 0.00600983821108613, 0.010524353901270767]",,0.07217135099497858,0.03337720421189167,5.0,1.96,nan,known-logging,sieve,frozen,neural-fore,known-uniform,0.8,1.0,0.0,0.02,0.0
2500,20043498,1000000,-0.3170054884673674,-0.2900951343312245,-0.3679384747009199,0.0269103541361429,-0.05093298623355247,0.07817209214040376,-0.5211557752961112,-0.21472117410572852,1.0,0.30643460119038274,0.014258856461241741,0.002425315915397647,0.0030122077115029566,15.311372725491315,24.40820398614578,1638.8737261125561,140.0,0.004384224936684616,9.540018991799297,1.0,0.0,nan,nan,0.8019999999999999,0.04088906803395633,0.2056098648968369,0.20184009207236464,0.0,"[100, 100, 100, 100, 300]","[0.008392928072975857, 0.004106184867692018, 0.006343433638396935, 0.0, 0.0030785781043582683]",,0.07817209214040376,0.03939513851277699,5.0,1.96,nan,known-logging,sieve,frozen,neural-fore,known-uniform,0.8,1.0,0.0,0.02,0.0
2500,20143501,1000000,-0.3170054884673674,-0.3098597752939492,-0.3231149823558788,0.007145713173418222,-0.006109493888511397,0.07423158286908609,-0.4686088847792875,-0.1776210799324701,1.0,0.29098780484681747,0.012875225707133469,0.002425315915397647,0.0030122077115029566,14.879665551066175,31.825422674193554,1654.610179033314,140.0,0.012335571138524676,9.819462683200618,1.0,0.0,nan,nan,2.8,0.039140004943242726,0.20062699380581347,0.19475514397042193,0.0,"[100, 100, 100, 100, 300]","[0.009424233774327953, 0.02523595101869415, 0.016508495100569037, 0.01050917579903224, 0.0]",,0.07423158286908609,0.0479886923470639,5.0,1.96,nan,known-logging,sieve,frozen,neural-fore,known-uniform,0.8,1.0,0.0,0.02,0.0
2500,20243504,1000000,-0.3170054884673674,-0.32115182718481644,-0.3431375594404943,-0.004146338717449016,-0.026132070973126864,0.07336132372576479,-0.4869257539429933,-0.1993493649379953,1.0,0.287576389004998,0.016959761042622992,0.002425315915397647,0.0030122077115029566,13.045110475484305,13.836772364447153,1668.7189548734043,100.0,0.006014292853578415,9.010893974600549,1.0,0.0,nan,nan,4.401999999999999,0.041581162639996075,0.2069664281598298,0.19389034874979416,0.0,"[100, 100, 100, 100, 100]","[0.003704462215472895, 0.0029005522065606642, 0.014811115914925684, 0.0070096537652674165, 0.0016456801656654105]",,0.07336132372576479,0.047479104313481714,5.0,1.96,nan,known-logging,sieve,frozen,neural-fore,known-uniform,0.8,1.0,0.0,0.02,0.0
2500,20343507,1000000,-0.3170054884673674,-0.3171135719394065,-0.36223067838969963,-0.00010808347203905555,-0.04522518992233221,0.07372706012523715,-0.5067357162351644,-0.21772564054423482,1.0,0.2890100756909296,0.011147735367583855,0.002425315915397647,0.0030122077115029566,13.300224345083793,15.876570895107974,1664.651512750287,100.0,0.004121444273269808,9.010485641800551,1.0,0.0,nan,nan,2.602,0.04090175040440318,0.20713014721247497,0.19946459563812968,0.0,"[100, 100, 100, 100, 100]","[0.011974690930207912, 0.0022830494896623156, 0.00033511047792962123, 0.0005911779973690089, 0.005423192471180185]",,0.07372706012523715,0.07378716283920686,5.0,1.96,nan,known-logging,sieve,frozen,neural-fore,known-uniform,0.8,1.0,0.0,0.02,0.0
2500,20443510,1000000,-0.3170054884673674,-0.319973304058741,-0.2690960591946215,-0.0029678155913736015,0.04790942927274594,0.07145943621400642,-0.40915655417407404,-0.1290355642151689,1.0,0.28012098995890516,0.012440559523074213,0.002425315915397647,0.0030122077115029566,14.49157710609723,18.38692675299838,1694.7288102367045,180.0,0.00425478720823467,10.824331250799878,1.0,0.0,nan,nan,4.402,0.039881139633322696,0.19969468829359358,0.1991786151370169,0.0,"[100, 300, 100, 300, 100]","[0.004169497842775273, 0.0, 0.004083693410424864, 0.0, 0.013020744787973213]",,0.07145943621400642,0.10156526654236107,5.0,1.96,nan,known-logging,sieve,frozen,neural-fore,known-uniform,0.8,1.0,0.0,0.02,0.0
2500,20543513,1000000,-0.3170054884673674,-0.3237846215392254,-0.4089527846062947,-0.006779133071857957,-0.09194729613892727,0.07508669676296811,-0.5561227102617122,-0.26178285895087716,1.0,0.294339851310835,0.014848452681819786,0.002425315915397647,0.0030122077115029566,13.085211169999402,16.855326871820946,1691.0555041829318,100.0,0.0047883593151932915,9.193564433600477,1.0,0.0,nan,nan,4.6,0.04272565456540613,0.2028905377288785,0.20765396360207414,0.0,"[100, 100, 100, 100, 100]","[0.0, 0.007588420393728756, 0.0006827926144973022, 0.013391786992047811, 0.0022787965756925865]",,0.07508669676296811,0.03306860104514415,5.0,1.96,nan,known-logging,sieve,frozen,neural-fore,known-uniform,0.8,1.0,0.0,0.02,0.0
2500,20643516,1000000,-0.3170054884673674,-0.3106776162810302,-0.2488529429146215,0.006327872186337236,0.06815254555274591,0.07012475886005536,-0.38629747028033,-0.11140841554891301,1.0,0.274889054731417,0.013014385532174546,0.002425315915397647,0.0030122077115029566,13.590235413809838,16.283836551165304,1733.5268133240415,180.0,0.014520880731533774,10.689744608000183,1.0,0.0,nan,nan,6.4,0.04089187800463413,0.20877202337535702,0.19151398315211204,0.0,"[100, 300, 100, 100, 300]","[0.01458019040513334, 0.004482467689890167, 0.025337767927878285, 0.01663009183853247, 0.011573885796234612]",,0.07012475886005536,0.03346926752394129,5.0,1.96,nan,known-logging,sieve,frozen,neural-fore,known-uniform,0.8,1.0,0.0,0.02,0.0
2500,20743519,1000000,-0.3170054884673674,-0.3162668932358569,-0.2748173118974064,0.0007385952315105415,0.042188176569961044,0.07025284995151124,-0.41251289780236844,-0.13712172599244435,1.0,0.27539117180992406,0.013725635210722389,0.002425315915397647,0.0030122077115029566,13.174455460887913,17.75260192231191,1709.755275332337,140.0,0.005694107224642387,9.756118158600657,1.0,0.0,nan,nan,2.602,0.040585603108035884,0.2081459994802552,0.19548740537806192,0.0,"[100, 100, 100, 100, 300]","[0.0072772355789601124, 0.0032108569590853994, 0.004891250239369083, 0.010396069051898781, 0.002695124293898556]",,0.07025284995151124,0.053812119421520005,5.0,1.96,nan,known-logging,sieve,frozen,neural-fore,known-uniform,0.8,1.0,0.0,0.02,0.0
2500,20843522,1000000,-0.3170054884673674,-0.2879287318763585,-0.33552630303614767,0.029076756591008945,-0.01852081456878024,0.0725337552944457,-0.4776924634132612,-0.19336014265903412,1.0,0.2843323207542271,0.015676067895857997,0.002425315915397647,0.0030122077115029566,11.83466490374157,12.597983004529999,1723.0588569819329,100.0,0.015763688204617675,9.200081433199376,1.0,0.0,nan,nan,2.602,0.042731958069680755,0.2057885495045971,0.203959577020362,0.0,"[100, 100, 100, 100, 100]","[0.013184077889961262, 0.01766362119694537, 0.017021744171383524, 0.02624247451990046, 0.004706523244897748]",,0.0725337552944457,0.0996158290614478,5.0,1.96,nan,known-logging,sieve,frozen,neural-fore,known-uniform,0.8,1.0,0.0,0.02,0.0
2500,20943525,1000000,-0.3170054884673674,-0.31094121890212395,-0.2759907104976384,0.006064269565243474,0.04101477796972902,0.07398418807519347,-0.4209997191250176,-0.1309817018702592,1.0,0.2900180172547584,0.011884666103549761,0.002425315915397647,0.0030122077115029566,14.66559462105123,16.598465240264442,1607.076711247768,220.0,0.009490227605678057,11.577229750200422,1.0,0.0,nan,nan,4.401999999999999,0.04152750068802153,0.19973867355898656,0.20332482834733084,0.0,"[300, 100, 100, 300, 300]","[0.0002911543091315951, 0.0017675424691572048, 0.02040797238301809, 0.010968191959778415, 0.014016276907304977]",,0.07398418807519347,0.04322625906602701,5.0,1.96,nan,known-logging,sieve,frozen,neural-fore,known-uniform,0.8,1.0,0.0,0.02,0.0
2500,21043528,1000000,-0.3170054884673674,-0.2956978837526244,-0.2650940191070011,0.021307604714743023,0.051911469360366336,0.07054044311088883,-0.4033532876043432,-0.12683475060965899,1.0,0.2765185369946842,0.01559769674255188,0.002425315915397647,0.0030122077115029566,13.46346697261788,20.541432851318074,1690.0640332148935,140.0,0.0038518409885691177,9.736309583800175,1.0,0.0,nan,nan,6.4,0.04035370391266334,0.19789627623206502,0.20245426683554107,0.0,"[100, 300, 100, 100, 100]","[0.00998101912500045, 0.0, 0.0003900039225018374, 0.005637395754743882, 0.003250786140599421]",,0.07054044311088883,0.046330043305837294,5.0,1.96,nan,known-logging,sieve,frozen,neural-fore,known-uniform,0.8,1.0,0.0,0.02,0.0
2500,21143531,1000000,-0.3170054884673674,-0.28804134089264277,-0.22499178499428213,0.028964147574724652,0.0920137034730853,0.0699402527802232,-0.3620746804435196,-0.08790888954504467,1.0,0.2741657908984749,0.012379240119321936,0.002425315915397647,0.0030122077115029566,12.341869986561486,13.389985401473401,1727.346075095485,180.0,0.010590263265898996,10.836258616599661,1.0,0.0,nan,nan,4.6,0.042515408371960696,0.21047710893417954,0.20418897806388708,0.0,"[100, 300, 300, 100, 100]","[0.038691749391673094, 0.00291871380886705, 0.0, 0.0, 0.01134085312895484]",,0.0699402527802232,0.08158240128354852,5.0,1.96,nan,known-logging,sieve,frozen,neural-fore,known-uniform,0.8,1.0,0.0,0.02,0.0
2500,21243534,1000000,-0.3170054884673674,-0.30940453018155895,-0.4889992653046871,0.007600958285808479,-0.1719937768373197,0.08134278936609901,-0.6484311324622412,-0.3295673981471331,0.0,0.3188637343151081,0.01297885577926321,0.002425315915397647,0.0030122077115029566,15.556519201162851,23.142576617914724,1562.7133566961356,220.0,0.008422517991258444,11.668415174998518,1.0,0.0,nan,nan,2.44,0.04214217323165083,0.20392655959929878,0.20694645089605007,0.0,"[300, 300, 300, 100, 100]","[0.008998252157076331, 0.006399219410980438, 0.0, 0.01121598175788666, 0.0154991366303488]",,0.08134278936609901,0.04650334225778673,5.0,1.96,nan,known-logging,sieve,frozen,neural-fore,known-uniform,0.8,1.0,0.0,0.02,0.0
2500,21343537,1000000,-0.3170054884673674,-0.2749476332915785,-0.22293621715739836,0.042057855175788916,0.09406927130996906,0.07099541893435238,-0.362087238268729,-0.08378519604606771,1.0,0.2783020422226613,0.033936055664916594,0.002425315915397647,0.0030122077115029566,14.0901820126961,18.01805987632553,1652.4040784818783,260.0,0.0023256652601482564,11.888925166398622,1.0,0.0,nan,nan,6.4,0.041055187652913334,0.2007130992826492,0.19718331694109353,0.0,"[300, 300, 100, 300, 300]","[0.0022428061165387417, 0.0, 0.00938552018420254, 0.0, 0.0]",,0.07099541893435238,0.07973978397156602,5.0,1.96,nan,known-logging,sieve,frozen,neural-fore,known-uniform,0.8,1.0,0.0,0.02,0.0
2500,21443540,1000000,-0.3170054884673674,-0.3197023664287684,-0.2822522127201337,-0.0026968779614010008,0.03475327574723375,0.07208592948535623,-0.42354063451143187,-0.14096379092883546,1.0,0.28257684358259644,0.01457131325082168,0.002425315915397647,0.0030122077115029566,14.597833453992525,33.334001942085514,1641.6369515600227,220.0,0.004905258581297966,10.941016858200237,1.0,0.0,nan,nan,0.8019999999999999,0.04105039892534483,0.2035957460389099,0.20119119581664827,0.0,"[300, 300, 100, 100, 300]","[0.00332703758265052, 0.0, 0.0049387527458263, 0.013044824202852204, 0.003215678375160809]",,0.07208592948535623,0.04998763348794113,5.0,1.96,nan,known-logging,sieve,frozen,neural-fore,known-uniform,0.8,1.0,0.0,0.02,0.0
2500,21543543,1000000,-0.3170054884673674,-0.3076659973359412,-0.3132735648705245,0.009339491131426236,0.0037319235968429343,0.07369438880857003,-0.45771456693532175,-0.16883256280572723,1.0,0.2888820041295945,0.014645681810896935,0.002425315915397647,0.0030122077115029566,13.95270403690993,18.43493040979762,1672.2561801426316,140.0,0.016760034127593512,9.288724608200209,1.0,0.0,nan,nan,2.602,0.040889808542157034,0.20076685043808556,0.19944618704207023,0.0,"[100, 300, 100, 100, 100]","[0.04804965042527137, 0.01974614601671678, 0.005043249988598857, 0.00046622207305237965, 0.010494902134328165]",,0.07369438880857003,0.055618611722964145,5.0,1.96,nan,known-logging,sieve,frozen,neural-fore,known-uniform,0.8,1.0,0.0,0.02,0.0
2500,21643546,1000000,-0.3170054884673674,-0.3182957290159249,-0.3134172039904304,-0.0012902405485574753,0.0035882844769370426,0.07180944570182299,-0.45416371756600343,-0.17267069041485733,1.0,0.2814930271511461,0.013153799501733834,0.002425315915397647,0.0030122077115029566,13.29000954784268,13.851608123357147,1713.5885833403934,100.0,0.007912240827636708,8.763510374601173,1.0,0.0,nan,nan,2.62,0.041329985718732996,0.20108395506564913,0.2076917379055892,0.0,"[100, 100, 100, 100, 100]","[0.005528702874725062, 0.011491536396787053, 0.00504239439208475, 0.010428578544630408, 0.0070699919299562685]",,0.07180944570182299,0.09343083187578989,5.0,1.96,nan,known-logging,sieve,frozen,neural-fore,known-uniform,0.8,1.0,0.0,0.02,0.0
2500,21743549,1000000,-0.3170054884673674,-0.306999515593067,-0.2862221009027106,0.01000597287430044,0.030783387564656817,0.07243547795194843,-0.42819563768852953,-0.1442485641168917,1.0,0.28394707357163784,0.011590040776000428,0.002425315915397647,0.0030122077115029566,13.519863061216116,15.797114304908359,1703.927143259405,100.0,0.01493154564819768,8.722260174800976,1.0,0.0,nan,nan,2.8,0.04179219600117691,0.20667908610029623,0.20406857949203766,0.0,"[100, 100, 100, 100, 100]","[0.020332296484400207, 0.012699765536854932, 0.012075281935916084, 0.007310794488221323, 0.022239589795595864]",,0.07243547795194843,0.07789719355482451,5.0,1.96,nan,known-logging,sieve,frozen,neural-fore,known-uniform,0.8,1.0,0.0,0.02,0.0
2500,21843552,1000000,-0.3170054884673674,-0.30663734886375055,-0.23580568481643085,0.010368139603616877,0.08119980365093657,0.06880977202906824,-0.3706728379934046,-0.1009385316394571,1.0,0.2697343063539475,0.014360813154190927,0.002425315915397647,0.0030122077115029566,11.766142466762105,16.24394265185785,1758.6759385549055,140.0,0.002709575688583941,9.466441766600473,1.0,0.0,nan,nan,8.2,0.041793843949014614,0.20182713673278205,0.20803953759011834,0.0,"[100, 100, 100, 300, 100]","[0.0, 0.001233425094454261, 0.009018052503321454, 0.0028145270131664144, 0.0004818738319775723]",,0.06880977202906824,0.10862792512815697,5.0,1.96,nan,known-logging,sieve,frozen,neural-fore,known-uniform,0.8,1.0,0.0,0.02,0.0
2500,21943555,1000000,-0.3170054884673674,-0.3260256894581607,-0.17324713035190342,-0.009020200990793259,0.143758358115464,0.06626209983503938,-0.3031208460285806,-0.043373414675226235,0.0,0.2597474313533544,0.01480958013345285,0.002425315915397647,0.0030122077115029566,13.232616035020408,16.50713121450736,1711.5439850807209,140.0,0.012099262600238091,9.377267274798578,1.0,0.0,nan,nan,2.206,0.04066971754117335,0.20439479141672384,0.20009847732894914,0.0,"[300, 100, 100, 100, 100]","[0.009793060574914424, 0.006547664494878207, 0.022316755737938485, 0.011321693209930818, 0.010517138983528532]",,0.06626209983503938,0.01966318410908903,5.0,1.96,nan,known-logging,sieve,frozen,neural-fore,known-uniform,0.8,1.0,0.0,0.02,0.0
2500,22043558,1000000,-0.3170054884673674,-0.3056259682314124,-0.45411827017389833,0.01137952023595501,-0.1371127817065309,0.07758055834991376,-0.6061761645397293,-0.3020603758080673,1.0,0.30411578873166195,0.015231915826788785,0.002425315915397647,0.0030122077115029566,14.919611444800182,18.340070737642304,1646.1607564929423,140.0,0.010281830616779845,9.467148175198963,1.0,0.0,nan,nan,4.2219999999999995,0.03996490874306147,0.1968015576768582,0.20349993002007066,0.0,"[100, 100, 100, 300, 100]","[0.012621923239398088, 0.02611870152139624, 0.0028709860349362785, 0.004153888775476565, 0.005643653512692037]",,0.07758055834991376,0.06455875078847778,5.0,1.96,nan,known-logging,sieve,frozen,neural-fore,known-uniform,0.8,1.0,0.0,0.02,0.0
2500,22143561,1000000,-0.3170054884673674,-0.30302687050049815,-0.27889912534000294,0.013978617966869278,0.038106363127364484,0.07115133543047426,-0.4183557427837325,-0.13944250789627338,1.0,0.2789132348874591,0.011090509925452949,0.002425315915397647,0.0030122077115029566,13.045625322244327,15.103971218625867,1735.8847969477201,140.0,0.005336983559258017,9.566097607800112,1.0,0.0,nan,nan,4.6,0.04070919214448805,0.20379390263285516,0.20217381530925782,0.0,"[100, 100, 100, 300, 100]","[0.010454640981117204, 0.003196262321046573, 0.002212667038343298, 0.008678607875126948, 0.0021427395806560604]",,0.07115133543047426,0.09846706614626129,5.0,1.96,nan,known-logging,sieve,frozen,neural-fore,known-uniform,0.8,1.0,0.0,0.02,0.0
2500,22243564,1000000,-0.3170054884673674,-0.30783169494984375,-0.3270846403889071,0.009173793517523676,-0.010079151921539686,0.07558235651192036,-0.475226059152271,-0.17894322162554321,1.0,0.2962828375267278,0.011505005366868635,0.002425315915397647,0.0030122077115029566,15.550287985037864,24.570399215842567,1657.1025731571992,220.0,0.003914928948519012,10.916689766799754,1.0,0.0,nan,nan,6.4,0.04051561494724681,0.20185883220464307,0.20215362264474407,0.0,"[300, 100, 300, 100, 300]","[0.0074022880143238285, 0.005934722816760234, 0.0, 0.006237633911510999, 0.0]",,0.07558235651192036,0.04287249051269439,5.0,1.96,nan,known-logging,sieve,frozen,neural-fore,known-uniform,0.8,1.0,0.0,0.02,0.0
2500,22343567,1000000,-0.3170054884673674,-0.3132512682070976,-0.3543000698889673,0.003754220260269836,-0.03729458142159986,0.07399122158203306,-0.4993228641897521,-0.2092772755881825,1.0,0.2900455886015696,0.01411769447836621,0.002425315915397647,0.0030122077115029566,14.31913008788029,16.965043743371538,1682.338642311301,100.0,0.013477049961389528,8.885632074999375,1.0,0.0,nan,nan,2.8,0.04169529185373834,0.20330548548319388,0.20051406261129517,0.0,"[100, 100, 100, 100, 100]","[0.0017707967612620346, 0.01653623132747738, 0.0, 0.04040243331010503, 0.008675788408103192]",,0.07399122158203306,0.11333422763187447,5.0,1.96,nan,known-logging,sieve,frozen,neural-fore,known-uniform,0.8,1.0,0.0,0.02,0.0
2500,22443570,1000000,-0.3170054884673674,-0.2995074981632831,-0.29883975490884945,0.017497990304084332,0.01816573355851797,0.07346259194082416,-0.4428264351128648,-0.1548530747048341,1.0,0.28797336040803073,0.012300641232805682,0.002425315915397647,0.0030122077115029566,15.474427845628012,26.65047702106026,1613.7171320088962,220.0,0.006885025797088232,11.045356366999476,1.0000000000000002,0.0,nan,nan,2.8,0.042074554481916056,0.20406844865230928,0.20010203375589466,0.0,"[300, 300, 100, 300, 100]","[0.0, 0.01403591210422299, 0.014879512049111006, 0.0, 0.005509704832107158]",,0.07346259194082416,0.059733747536132024,5.0,1.96,nan,known-logging,sieve,frozen,neural-fore,known-uniform,0.8,1.0,0.0,0.02,0.0
2500,22543573,1000000,-0.3170054884673674,-0.3053018005971339,-0.2191396290167118,0.011703687870233515,0.09786585945065562,0.07008373570245587,-0.35650375099352527,-0.0817755070398983,1.0,0.274728243953627,0.014480459886631072,0.002425315915397647,0.0030122077115029566,13.615470515983928,18.935032822028738,1660.053685501427,220.0,0.009292440945920782,10.634414650200416,1.0,0.0,nan,nan,2.602,0.040691001474990676,0.2041438772558916,0.1992238044001739,0.0,"[100, 300, 300, 100, 300]","[0.010546434201257495, 0.016666035317776624, 0.009654491519720854, 0.009595243690848933, 0.0]",,0.07008373570245587,0.11986386216307844,5.0,1.96,nan,known-logging,sieve,frozen,neural-fore,known-uniform,0.8,1.0,0.0,0.02,0.0
2500,22643576,1000000,-0.3170054884673674,-0.33010380469048767,-0.35489968039037306,-0.013098316223120243,-0.03789419192300564,0.07430398331918416,-0.500535487695974,-0.20926387308477212,1.0,0.2912716146112019,0.01025743387007403,0.002425315915397647,0.0030122077115029566,15.501203004221694,19.98823204005549,1636.8826942942896,140.0,0.013764780036804317,9.205624700399857,1.0,0.0,nan,nan,6.004,0.04154656292504626,0.20336236054727533,0.20112118576443638,0.0,"[100, 100, 100, 100, 300]","[0.019629177168583964, 0.010306112060959908, 0.012906479317608651, 0.012641519477233219, 0.013340612159635834]",,0.07430398331918416,0.07723719144914533,5.0,1.96,nan,known-logging,sieve,frozen,neural-fore,known-uniform,0.8,1.0,0.0,0.02,0.0
2500,22743579,1000000,-0.3170054884673674,-0.332299499184936,-0.3338280666335913,-0.015294010717568585,-0.0168225781662239,0.07181104794665463,-0.4745777206090344,-0.19307841265814824,1.0,0.2814993079508862,0.014692688127279712,0.002425315915397647,0.0030122077115029566,12.970545116429314,13.91019516667225,1696.866108326371,100.0,0.021125387748937508,8.467816250599208,1.0,0.0,nan,nan,8.2,0.041237934988015174,0.19873071907139975,0.20632276848459777,0.0,"[100, 100, 100, 100, 100]","[0.047398817006215614, 0.013737848434255202, 0.003269960718946564, 0.016891576110686046, 0.024328736474584108]",,0.07181104794665463,0.061210658447468834,5.0,1.96,nan,known-logging,sieve,frozen,neural-fore,known-uniform,0.8,1.0,0.0,0.02,0.0
2500,22843582,1000000,-0.3170054884673674,-0.3230253267927105,-0.33217478356380126,-0.006019838325343085,-0.015169295096433832,0.07234878148032449,-0.4739783952652372,-0.19037117186236527,1.0,0.283607223402872,0.014903170865691007,0.002425315915397647,0.0030122077115029566,12.637819483394368,23.506216243990767,1718.1936041311958,140.0,0.0036108647063050558,9.533113975201195,1.0,0.0,nan,nan,4.6,0.04217616086660788,0.21005300913532388,0.19832913653104894,0.0,"[100, 100, 300, 100, 100]","[0.002538325125706257, 8.347386543139872e-05, 0.0020067174600589483, 0.00512587920211106, 0.008299927878217615]",,0.07234878148032449,0.05819429651281037,5.0,1.96,nan,known-logging,sieve,frozen,neural-fore,known-uniform,0.8,1.0,0.0,0.02,0.0
2500,22943585,1000000,-0.3170054884673674,-0.3101739053218721,-0.2755578763612116,0.006831583145495312,0.04144761210615583,0.07139554414483695,-0.415493142885092,-0.13562260983733118,1.0,0.2798705330477608,0.015186082248433864,0.002425315915397647,0.0030122077115029566,14.781327796770872,16.8141302503433,1655.673323456174,180.0,0.0069674786036485106,10.12334726699919,1.0,0.0,nan,nan,2.602,0.04137005064273358,0.1971479343572616,0.2065753009444462,0.0,"[100, 100, 300, 100, 300]","[0.008992852537359507, 0.00823491679130903, 0.009077879823557448, 0.006242463263529351, 0.002289280602487214]",,0.07139554414483695,0.061639007724318025,5.0,1.96,nan,known-logging,sieve,frozen,neural-fore,known-uniform,0.8,1.0,0.0,0.02,0.0
2500,23043588,1000000,-0.3170054884673674,-0.32211109196787013,-0.2680244936182159,-0.005105603500502709,0.04898099484915153,0.06999851920873376,-0.40522159126733404,-0.13082739596909773,1.0,0.27439419529823633,0.012338545306218415,0.002425315915397647,0.0030122077115029566,12.795079269738618,19.036576963992992,1727.0464492395313,180.0,0.003437638243496925,10.324441683200712,1.0,0.0,nan,nan,0.8019999999999999,0.03999996900264738,0.19630559999856437,0.20601791429980154,0.0,"[100, 100, 300, 100, 300]","[0.004845288526372835, 0.00498103505239066, 0.006399764966991381, 0.0009621026717297522, 0.0]",,0.06999851920873376,0.07377464444991612,5.0,1.96,nan,known-logging,sieve,frozen,neural-fore,known-uniform,0.8,1.0,0.0,0.02,0.0
2500,23143591,1000000,-0.3170054884673674,-0.32272994396635185,-0.29442043821563024,-0.0057244554989844265,0.022585050251737182,0.06964216888946895,-0.43091908923898936,-0.1579217871922711,1.0,0.2729973020467183,0.012843112289442132,0.002425315915397647,0.0030122077115029566,11.941903007616073,12.589654046025446,1753.788936817844,140.0,0.011600065548487365,9.361755308400461,1.0,0.0,nan,nan,2.602,0.042515314006768654,0.21536378602043488,0.1991130424973421,0.0,"[100, 300, 100, 100, 100]","[0.006270587372946607, 0.0018544401652599136, 0.01068784137251824, 0.01967047272486214, 0.01951698610684992]",,0.06964216888946895,0.09653580675882054,5.0,1.96,nan,known-logging,sieve,frozen,neural-fore,known-uniform,0.8,1.0,0.0,0.02,0.0
2500,23243594,1000000,-0.3170054884673674,-0.31325191730823687,-0.3220594870485998,0.003753571159130553,-0.0050539985812323995,0.07645099458269165,-0.47190343643067545,-0.1722155376665242,1.0,0.29968789876415125,0.01112417604952438,0.002425315915397647,0.0030122077115029566,15.477155747504241,25.150560233628152,1624.4251069829145,220.0,0.006483829354011127,11.672830733599403,1.0,0.0,nan,nan,4.006,0.03976686991882339,0.19644582998354138,0.20329640247899666,0.0,"[100, 300, 100, 300, 300]","[0.011981169761201848, 0.0, 0.01767252397929094, 0.0, 0.002765453029562849]",,0.07645099458269165,0.08884995531339974,5.0,1.96,nan,known-logging,sieve,frozen,neural-fore,known-uniform,0.8,1.0,0.0,0.02,0.0
2500,23343597,1000000,-0.3170054884673674,-0.3010538749407124,-0.15989449870260264,0.01595161352665503,0.15711098976476479,0.06708199070905184,-0.2913752004923442,-0.028413796912861028,0.0,0.2629614035794832,0.015415009751120857,0.002425315915397647,0.0030122077115029566,12.318774470924787,22.895601982116602,1758.294829648961,140.0,0.009283867831074896,9.84316945819919,1.0000000000000002,0.0,nan,nan,4.401999999999999,0.04097000853057707,0.20014759268937876,0.20182197184628378,0.0,"[300, 100, 100, 100, 100]","[0.014189857681282603, 0.0, 0.008419874083726743, 0.01197956117840938, 0.011830046211955759]",,0.06708199070905184,0.031010921095785546,5.0,1.96,nan,known-logging,sieve,frozen,neural-fore,known-uniform,0.8,1.0,0.0,0.02,0.0
2500,23443600,1000000,-0.3170054884673674,-0.31588504954053676,-0.4061889584564237,0.0011204389268306691,-0.0891834699890563,0.07593932635097533,-0.5550300381043354,-0.25734787880851206,1.0,0.2976821592958233,0.010535955395695726,0.002425315915397647,0.0030122077115029566,14.089376692816568,16.6362599813142,1635.4219500525373,220.0,0.0075675741783954266,11.227599733399984,1.0,0.0,nan,nan,6.4,0.03948728084943671,0.19984185357748516,0.2023406024502225,0.0,"[100, 300, 100, 300, 300]","[0.018864744580754822, 0.005810863149058036, 0.003923179518685243, 0.007464912170719167, 0.001774171472759861]",,0.07593932635097533,0.018888074178042943,5.0,1.96,nan,known-logging,sieve,frozen,neural-fore,known-uniform,0.8,1.0,0.0,0.02,0.0
2500,23543603,1000000,-0.3170054884673674,-0.3113299582197845,-0.3189067183408119,0.005675530247582938,-0.0019012298734444877,0.07276019634640313,-0.461516703179762,-0.17629673350186179,1.0,0.28521996967790025,0.013203464068026546,0.002425315915397647,0.0030122077115029566,11.961918061875258,12.8724687137779,1749.0310685978993,140.0,0.005165112921998153,9.889314549598566,1.0,0.0,nan,nan,6.4,0.042700869102495,0.2136421800476096,0.19952289586181146,0.0,"[100, 100, 300, 100, 100]","[0.003311599721724875, 0.0012084555049792342, 0.0012357112193942619, 0.01127332234892992, 0.008796475814962474]",,0.07276019634640313,0.06464525724435463,5.0,1.96,nan,known-logging,sieve,frozen,neural-fore,known-uniform,0.8,1.0,0.0,0.02,0.0
2500,23643606,1000000,-0.3170054884673674,-0.33508837961941756,-0.37658002724301815,-0.01808289115205014,-0.05957453877565072,0.07305384294381073,-0.5197655594128872,-0.2333944950731491,1.0,0.2863710643397381,0.012862522188331024,0.002425315915397647,0.0030122077115029566,13.493513321198822,17.191153914924417,1680.73788677141,140.0,0.01066156722865348,9.551127942000312,1.0,0.0,nan,nan,2.8,0.042851922991028205,0.21027141590372683,0.20475885346509046,0.0,"[100, 100, 100, 100, 300]","[0.01787017610473138, 0.015859969656215056, 0.008138582238581467, 0.006269714205181496, 0.005169393938558008]",,0.07305384294381073,0.08458617659890061,5.0,1.96,nan,known-logging,sieve,frozen,neural-fore,known-uniform,0.8,1.0,0.0,0.02,0.0
2500,23743609,1000000,-0.3170054884673674,-0.3176108794689599,-0.3905034329201167,-0.0006053910015924591,-0.07349794445274926,0.07438470504699735,-0.5362974548122315,-0.2447094110280019,1.0,0.2915880437842296,0.009260148552590058,0.002425315915397647,0.0030122077115029566,12.659283771667216,17.75887208292643,1719.3567931767438,140.0,0.0051763072474075985,9.36608682520091,1.0,0.0,nan,nan,2.602,0.04260422450087256,0.2089104670845677,0.2047852151141755,0.0,"[100, 100, 100, 100, 300]","[0.00730407535895158, 0.012134392434466372, 0.006443068443620042, 0.0, 0.0]",,0.07438470504699735,0.04443736895703645,5.0,1.96,nan,known-logging,sieve,frozen,neural-fore,known-uniform,0.8,1.0,0.0,0.02,0.0
2500,23843612,1000000,-0.3170054884673674,-0.28931970507672994,-0.31370845046021917,0.027685783390637486,0.0032970380071482563,0.07357566612113106,-0.45791675605763604,-0.1695001448628023,1.0,0.28841661119483375,0.015110086413140994,0.002425315915397647,0.0030122077115029566,13.266775243674804,15.720938538897807,1696.4402794914176,180.0,0.007599211226618141,10.097955142000501,1.0,0.0,nan,nan,0.42400000000000004,0.04298765871834296,0.20463839630552014,0.20692017866565515,0.0,"[100, 100, 300, 300, 100]","[0.01164775817658981, 0.007649970498768037, 0.0, 0.012559405929587979, 0.006138921528144877]",,0.07357566612113106,0.029980346805257956,5.0,1.96,nan,known-logging,sieve,frozen,neural-fore,known-uniform,0.8,1.0,0.0,0.02,0.0
2500,23943615,1000000,-0.3170054884673674,-0.32422877504619424,-0.33492855893887485,-0.007223286578826815,-0.01792307047150743,0.0734993943951336,-0.47898737195333674,-0.190869745924413,1.0,0.2881176260289237,0.011626777502541222,0.002425315915397647,0.0030122077115029566,14.722977684106892,20.266690138756083,1648.187571916351,220.0,0.0070099622460452855,10.776185366599384,1.0,0.0,nan,nan,0.6039999999999999,0.04027720856418225,0.2003217278662682,0.20041758107301266,0.0,"[100, 300, 100, 300, 300]","[0.014579578500782666, 0.0, 0.02047023272944376, 0.0, 0.0]",,0.0734993943951336,0.06496637275229651,5.0,1.96,nan,known-logging,sieve,frozen,neural-fore,known-uniform,0.8,1.0,0.0,0.02,0.0
2500,24043618,1000000,-0.3170054884673674,-0.3182111288342676,-0.43229610026848214,-0.0012056403669001847,-0.11529061180111472,0.07687954369936557,-0.5829800059192387,-0.28161219461772563,1.0,0.301367811301513,0.01109353807855956,0.002425315915397647,0.0030122077115029566,14.28159367570245,21.588533326786276,1609.6219250154047,180.0,0.0049778610196554995,10.04957063299953,1.0,0.0,nan,nan,0.6039999999999999,0.04085314768184757,0.1991910884736303,0.1988893678150762,0.0,"[100, 300, 100, 100, 300]","[0.00766180643945235, 0.008681999130576854, 0.0021096400071887187, 0.006435859521059574, 0.0]",,0.07687954369936557,0.04453148557547308,5.0,1.96,nan,known-logging,sieve,frozen,neural-fore,known-uniform,0.8,1.0,0.0,0.02,0.0
2500,24143621,1000000,-0.3170054884673674,-0.328850348855627,-0.3822896365644577,-0.011844860388259548,-0.06528414809709027,0.07579601008518312,-0.5308498163314166,-0.23372945679749876,1.0,0.29712035953391785,0.016084128160406386,0.002425315915397647,0.0030122077115029566,15.19669155024892,16.090358724267666,1608.5257269579809,180.0,0.007344581346070253,9.887945666200903,1.0,0.0,nan,nan,4.6,0.040352812174367494,0.20451610574751716,0.1961826123177326,0.0,"[300, 300, 100, 100, 100]","[0.010451923262533795, 0.0, 0.016866192229342995, 0.0018002399741416152, 0.00760455126433286]",,0.07579601008518312,0.06267398343757179,5.0,1.96,nan,known-logging,sieve,frozen,neural-fore,known-uniform,0.8,1.0,0.0,0.02,0.0
2500,24243624,1000000,-0.3170054884673674,-0.31769877968333865,-0.3922621217073359,-0.0006932912159712257,-0.07525663323996845,0.07534549593958521,-0.5399392937489229,-0.24458494966574887,1.0,0.295354344083174,0.012555067365166235,0.002425315915397647,0.0030122077115029566,14.903327986252458,16.23443049556453,1618.3193485753704,180.0,0.010370983368955318,9.797393991199716,1.0,0.0,nan,nan,2.602,0.0414991262431942,0.20535082239362284,0.2030572226211697,0.0,"[100, 300, 100, 100, 300]","[0.006309935813262361, 0.013600240609596869, 0.006743704773406071, 0.02083702227923785, 0.00436401336927344]",,0.07534549593958521,0.061521956839437446,5.0,1.96,nan,known-logging,sieve,frozen,neural-fore,known-uniform,0.8,1.0,0.0,0.02,0.0
2500,24343627,1000000,-0.3170054884673674,-0.31969300432219,-0.3063285240841994,-0.0026875158548225753,0.010676964383168008,0.07252927752960908,-0.4484859080422332,-0.16417114012616563,1.0,0.2843147679160676,0.016729010390112698,0.002425315915397647,0.0030122077115029566,13.165639903463129,13.939485943754143,1697.8639720513702,180.0,0.003673471653652269,9.732019858599596,1.0,0.0,nan,nan,6.004,0.03926940485179389,0.19677349175126088,0.19797152126185236,0.0,"[100, 300, 100, 100, 300]","[0.0, 0.002393687150124369, 0.00738971853998488, 0.008583952578152096, 0.0]",,0.07252927752960908,0.0683708416842264,5.0,1.96,nan,known-logging,sieve,frozen,neural-fore,known-uniform,0.8,1.0,0.0,0.02,0.0
2500,24443630,1000000,-0.3170054884673674,-0.2838947257975897,-0.2915481450451724,0.03311076266977775,0.025457343422195022,0.07193489634358813,-0.43254054187860513,-0.15055574821173967,1.0,0.28198479366686546,0.018063121846649873,0.002425315915397647,0.0030122077115029566,12.557818775076383,14.227926495105406,1699.2785723289946,140.0,0.002062213168704789,9.214643575599984,1.0,0.0,nan,nan,4.2219999999999995,0.040888014124565844,0.20160009539439422,0.2028248481682388,0.0,"[300, 100, 100, 100, 100]","[0.0, 0.001151863260113302, 0.0018085430240913343, 0.0071082957656941935, 0.00024236379362511446]",,0.07193489634358813,0.1047365577926871,5.0,1.96,nan,known-logging,sieve,frozen,neural-fore,known-uniform,0.8,1.0,0.0,0.02,0.0
2500,24543633,1000000,-0.3170054884673674,-0.30712417083166027,-0.4143409550140903,0.009881317635707154,-0.09733546654672287,0.07728042026751603,-0.5658105787384217,-0.2628713312897589,1.0,0.3029392474486628,0.014306677700962627,0.002425315915397647,0.0030122077115029566,14.208310060924905,21.305768619687452,1666.6002123599128,180.0,0.003082790078572525,9.801631150000322,1.0,0.0,nan,nan,4.6,0.04056396319361223,0.19970230295467872,0.201842630870337,0.0,"[100, 100, 100, 300, 300]","[0.002669604784895436, 0.0051768229454048, 0.002857476713344209, 0.0026026703724080246, 0.002107375576810155]",,0.07728042026751603,0.08863342103499695,5.0,1.96,nan,known-logging,sieve,frozen,neural-fore,known-uniform,0.8,1.0,0.0,0.02,0.0
2500,24643636,1000000,-0.3170054884673674,-0.3111926043994131,-0.30355919381234364,0.005812884067954327,0.013446294655023783,0.07285763157168565,-0.4463601516928475,-0.16075823593183977,1.0,0.28560191576100774,0.01227466226587851,0.002425315915397647,0.0030122077115029566,13.49288621223524,21.451733971441662,1679.8660736453637,260.0,0.002231357422345347,11.295509466799922,0.9999999999999998,0.0,nan,nan,6.202,0.0416185650975716,0.2090185072601461,0.19884640844974233,0.0,"[300, 300, 100, 300, 300]","[0.0, 0.005128446514339831, 0.006028340597386902, 0.0, 0.0]",,0.07285763157168565,0.08228549342390191,5.0,1.96,nan,known-logging,sieve,frozen,neural-fore,known-uniform,0.8,1.0,0.0,0.02,0.0
2500,24743639,1000000,-0.3170054884673674,-0.32818682841730284,-0.3255898648847492,-0.01118133994993542,-0.0085843764173818,0.07378854966999021,-0.47021542223793,-0.18096430753156842,1.0,0.2892511147063616,0.01420993622970128,0.002425315915397647,0.0030122077115029566,13.04096630339124,18.579440773347006,1694.8299155094776,140.0,0.010081384037739647,8.997749116199339,1.0,0.0,nan,nan,0.8019999999999999,0.040523452571756116,0.19769495074371718,0.206491676619238,0.0,"[300, 100, 100, 100, 100]","[0.0, 0.013508694704268418, 0.01557118996418761, 0.014962022333648293, 0.006365013186593912]",,0.07378854966999021,0.09063977851546143,5.0,1.96,nan,known-logging,sieve,frozen,neural-fore,known-uniform,0.8,1.0,0.0,0.02,0.0
2500,24843642,1000000,-0.3170054884673674,-0.3310947688337932,-0.3313660832075366,-0.01408928036642576,-0.014360594740169152,0.07246150134126303,-0.4733906258364121,-0.18934154057866104,1.0,0.2840490852577511,0.015987579185886336,0.002425315915397647,0.0030122077115029566,13.9772177674191,23.026288487952513,1657.389871618323,180.0,0.011873801639080372,9.945264191600291,1.0,0.0,nan,nan,4.6,0.04123258489149608,0.20603488781186638,0.1978560340495182,0.0,"[100, 300, 100, 300, 100]","[0.038689845245458224, 0.0010297819595577028, 0.007906408367307313, 0.003258495121311285, 0.008484477501767331]",,0.07246150134126303,0.06080424843788226,5.0,1.96,nan,known-logging,sieve,frozen,neural-fore,known-uniform,0.8,1.0,0.0,0.02,0.0
2500,24943645,1000000,-0.3170054884673674,-0.31342360111990375,-0.39040426970209047,0.0035818873474636748,-0.07339878123472304,0.07934569224324522,-0.5459218264988511,-0.23488671290532984,1.0,0.31103511359352126,0.014285624759385275,0.002425315915397647,0.0030122077115029566,16.253444875689233,21.440835399185136,1581.2851309733262,220.0,0.007097401800118896,10.389313816200229,1.0,0.0,nan,nan,0.6039999999999999,0.04159801672022419,0.20225482548874146,0.20621958921876202,0.0,"[100, 300, 300, 300, 100]","[0.003906801503082921, 0.005980388118327469, 0.00807808233094248, 0.0, 0.017521737048241615]",,0.07934569224324522,0.04947981125785115,5.0,1.96,nan,known-logging,sieve,frozen,neural-fore,known-uniform,0.8,1.0,0.0,0.02,0.0
2500,25043648,1000000,-0.3170054884673674,-0.32617036437430214,-0.36315334784588926,-0.00916487590693471,-0.04614785937852184,0.07206862099010242,-0.5044078449864899,-0.22189885070528853,1.0,0.28250899428120146,0.015221631824011284,0.002425315915397647,0.0030122077115029566,12.335821881687894,14.62225392365725,1724.45392904336,180.0,0.009086148921110784,9.7762243580004,1.0,0.0,nan,nan,4.402,0.04242050544528865,0.2001706039921196,0.21289573031844683,0.0,"[100, 100, 300, 300, 100]","[0.013984035066309533, 0.006839656159754143, 0.0, 0.0, 0.024607053379490245]",,0.07206862099010242,0.05788667386633956,5.0,1.96,nan,known-logging,sieve,frozen,neural-fore,known-uniform,0.8,1.0,0.0,0.02,0.0
2500,25143651,1000000,-0.3170054884673674,-0.322805116920631,-0.28943496705765004,-0.0057996284532635944,0.027570521409717386,0.07262770266837654,-0.43178526428766806,-0.14708466982763202,1.0,0.28470059446003604,0.014828876481824698,0.002425315915397647,0.0030122077115029566,14.323052421907022,22.506095772716012,1648.5426800771636,180.0,0.006578989449672827,9.798675607799305,1.0,0.0,nan,nan,4.6,0.04006079901759213,0.20382286981702052,0.1951142863595296,0.0,"[100, 300, 100, 300, 100]","[0.013150002949806576, 0.0, 0.010870393850154744, 0.0, 0.008874550448402815]",,0.07262770266837654,0.0534854208668381,5.0,1.96,nan,known-logging,sieve,frozen,neural-fore,known-uniform,0.8,1.0,0.0,0.02,0.0
2500,25243654,1000000,-0.3170054884673674,-0.32781797255239864,-0.4140054655642227,-0.010812484085031215,-0.09699997709685526,0.074987792503883,-0.5609815388718333,-0.26702939225661204,1.0,0.29395214661522134,0.01413115885767302,0.002425315915397647,0.0030122077115029566,13.289290291589777,14.382980913846412,1668.6236975657919,140.0,0.0019068369382975506,9.343015191800806,1.0,0.0,nan,nan,2.62,0.041773265312248634,0.20018687028005014,0.20616543903145668,0.0,"[100, 100, 100, 300, 100]","[0.0055449769029305195, 0.0, 0.0039004601122342047, 0.0, 8.87476763230281e-05]",,0.074987792503883,0.09712992728518417,5.0,1.96,nan,known-logging,sieve,frozen,neural-fore,known-uniform,0.8,1.0,0.0,0.02,0.0
2500,25343657,1000000,-0.3170054884673674,-0.2803223943539977,-0.19344725677883162,0.03668309411336973,0.1235582316885358,0.06894331700145377,-0.328576158101681,-0.05831835545598224,1.0,0.27025780264569876,0.015711959329332063,0.002425315915397647,0.0030122077115029566,12.358540956780224,14.483168789088248,1722.5194158706863,100.0,0.005793456395771318,8.536512883599425,1.0,0.0,nan,nan,2.62,0.041602972315396156,0.19240545066749246,0.21298609366613624,0.0,"[100, 100, 100, 100, 100]","[0.004667680159374872, 0.008965576600728326, 0.0, 0.006405765147913172, 0.00892826007084022]",,0.06894331700145377,0.04894033126433782,5.0,1.96,nan,known-logging,sieve,frozen,neural-fore,known-uniform,0.8,1.0,0.0,0.02,0.0
2500,25443660,1000000,-0.3170054884673674,-0.32182151285533217,-0.2722746485992443,-0.004816024387964746,0.04473083986812315,0.069144634741287,-0.4077981326921668,-0.13675116450632174,1.0,0.27104696818584506,0.013855573611134644,0.002425315915397647,0.0030122077115029566,11.913618788393995,13.809565903839744,1769.4565420164456,100.0,0.00492625733523055,8.472385692399621,1.0,0.0,nan,nan,2.4219999999999997,0.040331651337209354,0.2043343387515128,0.2008500789617159,0.0,"[100, 100, 100, 100, 100]","[0.002108010453497832, 0.00018500134602786458, 0.005641757369841523, 0.0028580218887764236, 0.013838495618009103]",,0.069144634741287,0.07414852326086387,5.0,1.96,nan,known-logging,sieve,frozen,neural-fore,known-uniform,0.8,1.0,0.0,0.02,0.0
2500,25543663,1000000,-0.3170054884673674,-0.30865106939324377,-0.3614786010845102,0.008354419074123653,-0.04447311261714276,0.07554554296280518,-0.5095478652916083,-0.21340933687741204,1.0,0.2961385284141963,0.012280092640093934,0.002425315915397647,0.0030122077115029566,15.12803509002626,16.595087212251975,1615.428244799573,140.0,0.005786600119768668,9.232368199799748,1.0,0.0,nan,nan,2.602,0.0403465827719232,0.20336898814203325,0.20035861118132953,0.0,"[300, 100, 100, 100, 100]","[0.0015276666921683977, 0.008091114590664604, 0.005391715397795642, 0.009187622245070231, 0.0047348816731444645]",,0.07554554296280518,0.034643688180263636,5.0,1.96,nan,known-logging,sieve,frozen,neural-fore,known-uniform,0.8,1.0,0.0,0.02,0.0
2500,25643666,1000000,-0.3170054884673674,-0.3242787715380077,-0.3865405609438499,-0.007273283070640291,-0.0695350724764825,0.07442952008874407,-0.5324224203177883,-0.24065870156991157,1.0,0.2917637187478767,0.014137575652252059,0.002425315915397647,0.0030122077115029566,14.250616555744257,15.486910590947154,1630.5396031116484,140.0,0.007487476422519175,9.179966942001192,1.0,0.0,nan,nan,6.4,0.04137238794273239,0.20120003128893055,0.20414535062071218,0.0,"[100, 100, 100, 100, 300]","[0.014373232379801966, 0.012569221239557685, 0.008866087765991479, 0.0, 0.0016288407272447424]",,0.07442952008874407,0.08411953930332226,5.0,1.96,nan,known-logging,sieve,frozen,neural-fore,known-uniform,0.8,1.0,0.0,0.02,0.0
2500,25743669,1000000,-0.3170054884673674,-0.33157029972065727,-0.3896912786728384,-0.014564811253289844,-0.072685790205471,0.07483815408629339,-0.5363740606819735,-0.2430084966637034,1.0,0.2933655640182701,0.014280576509566711,0.002425315915397647,0.0030122077115029566,13.614018274762909,21.12665763870113,1689.6511376000929,140.0,0.010789861628566958,8.991087667200555,1.0,0.0,nan,nan,6.202,0.040806571942523844,0.20206866244965999,0.1993253406276348,0.0,"[100, 100, 100, 300, 100]","[0.038850181988894915, 0.010696527557798893, 0.0, 0.0024654002513993622, 0.0019371983447416235]",,0.07483815408629339,0.05077897925638319,5.0,1.96,nan,known-logging,sieve,frozen,neural-fore,known-uniform,0.8,1.0,0.0,0.02,0.0
2500,25843672,1000000,-0.3170054884673674,-0.2953210957980605,-0.30728052646403303,0.02168439266930694,0.009724962003334392,0.07232834071122646,-0.4490440742580369,-0.16551697867002918,1.0,0.2835270955880077,0.012603920640296324,0.002425315915397647,0.0030122077115029566,12.490691454595389,14.248746178687249,1723.3162241695456,180.0,0.005960716300937309,9.628571058199668,1.0,0.0,nan,nan,4.42,0.04086490351173313,0.1966089717350256,0.20883517882348634,0.0,"[100, 100, 100, 300, 300]","[0.006847572602376626, 0.0, 0.020804478820872743, 0.0021515300814371765, 0.0]",,0.07232834071122646,0.06761101822923384,5.0,1.96,nan,known-logging,sieve,frozen,neural-fore,known-uniform,0.8,1.0,0.0,0.02,0.0
2500,25943675,1000000,-0.3170054884673674,-0.31024528722242606,-0.44289857791140275,0.006760201244941366,-0.12589308944403532,0.07716610098745676,-0.594144135846818,-0.29165301997598747,1.0,0.3024911158708305,0.016263101964861866,0.002425315915397647,0.0030122077115029566,14.12549261404703,21.762320903354375,1653.0655840531037,180.0,0.011856840100726258,9.754653792200042,1.0,0.0,nan,nan,6.4,0.04042731397321368,0.19445102472139744,0.20380748584159658,0.0,"[100, 300, 100, 100, 300]","[0.006311683079377714, 0.015458477698426912, 0.008542096589107859, 0.026917719948014868, 0.0020542231887039387]",,0.07716610098745676,0.07888293991685305,5.0,1.96,nan,known-logging,sieve,frozen,neural-fore,known-uniform,0.8,1.0,0.0,0.02,0.0
2500,26043678,1000000,-0.3170054884673674,-0.3198103473547224,-0.4192844248802353,-0.0028048588873549885,-0.1022789364128679,0.07518237467895177,-0.5666418792509808,-0.2719269705094899,1.0,0.2947149087414909,0.009955010914106105,0.002425315915397647,0.0030122077115029566,12.725635216668357,14.006560706996275,1675.2111410352875,180.0,0.006611879739593915,10.007287708399963,1.0,0.0,nan,nan,6.202,0.040372788101134746,0.19608716901606335,0.20309825127171752,0.0,"[100, 300, 100, 100, 300]","[0.008798583365105271, 0.0, 0.010002987131971137, 0.0038592886865078915, 0.010398539514385274]",,0.07518237467895177,0.12461238105117448,5.0,1.96,nan,known-logging,sieve,frozen,neural-fore,known-uniform,0.8,1.0,0.0,0.02,0.0
2500,26143681,1000000,-0.3170054884673674,-0.3018795736129653,-0.4452970276544292,0.015125914854402123,-0.12829153918706176,0.07890702497998509,-0.5999547966151999,-0.2906392586936584,1.0,0.30931553792154154,0.01089434168684988,0.002425315915397647,0.0030122077115029566,13.918289156349326,16.732326632433576,1659.999099905128,100.0,0.011815625099351162,8.536835016999612,1.0,0.0,nan,nan,0.8019999999999999,0.04204509974271359,0.20405854915299684,0.20376500097254224,0.0,"[100, 100, 100, 100, 100]","[0.004157812423850525, 0.011136092450840657, 0.0, 0.0, 0.043784220622064635]",,0.07890702497998509,0.10988977545232441,5.0,1.96,nan,known-logging,sieve,frozen,neural-fore,known-uniform,0.8,1.0,0.0,0.02,0.0
2500,26243684,1000000,-0.3170054884673674,-0.28034204596370094,-0.31101829684146004,0.03666344250366649,0.005987191625907384,0.07300021162288318,-0.4540987116223111,-0.167937882060609,1.0,0.2861608295617021,0.040936762127974556,0.002425315915397647,0.0030122077115029566,13.210583920257445,15.448203110205794,1671.9627062443374,180.0,0.00925753607182429,9.67528152539926,1.0,0.0,nan,nan,4.6,0.04134820240668812,0.2054108518808496,0.20233613969687747,0.0,"[300, 100, 100, 300, 100]","[0.0013737752162310316, 0.015180017694536824, 0.005346611394266572, 0.0, 0.02438727605408702]",,0.07300021162288318,0.09186401761465196,5.0,1.96,nan,known-logging,sieve,frozen,neural-fore,known-uniform,0.8,1.0,0.0,0.02,0.0
2500,26343687,1000000,-0.3170054884673674,-0.3065285742639473,-0.25161271664390594,0.010476914203420118,0.06539277182346148,0.0697662675217794,-0.3883546009865936,-0.1148708323012183,1.0,0.2734837686853753,0.013695036087178097,0.002425315915397647,0.0030122077115029566,12.001387736617662,14.014885570531574,1767.7568486230684,100.0,0.005869156402373616,8.393571291599438,1.0,0.0,nan,nan,4.401999999999999,0.04106053700730651,0.20469290236275298,0.19933155146191597,0.0,"[100, 100, 100, 100, 100]","[0.006371466715246441, 0.008564229037821227, 0.006438899045869766, 0.0004118376554963662, 0.007559349557434279]",,0.0697662675217794,0.03497161767493979,5.0,1.96,nan,known-logging,sieve,frozen,neural-fore,known-uniform,0.8,1.0,0.0,0.02,0.0
2500,26443690,1000000,-0.3170054884673674,-0.31485353856662884,-0.2509076748433254,0.002151949900738581,0.06609781362404205,0.07018976874262321,-0.38847962157886684,-0.11333572810778389,1.0,0.275143893471083,0.014679276044238833,0.002425315915397647,0.0030122077115029566,13.896360601272075,20.088668673676555,1685.41878584159,260.0,0.004693876633325758,11.044792042200424,1.0,0.0,nan,nan,4.402,0.04114801036907737,0.20317481866378923,0.20146505786122476,0.0,"[300, 300, 300, 100, 300]","[0.006430632386760268, 0.009948412890946588, 0.0024908917144578144, 0.004599446174464117, 0.0]",,0.07018976874262321,0.08042497052112782,5.0,1.96,nan,known-logging,sieve,frozen,neural-fore,known-uniform,0.8,1.0,0.0,0.02,0.0
2500,26543693,1000000,-0.3170054884673674,-0.3148770355909236,-0.23643530407511917,0.0021284528764438093,0.08057018439224825,0.06978376849663706,-0.37321149032852785,-0.09965911782171052,1.0,0.2735523725068173,0.012270607877525529,0.002425315915397647,0.0030122077115029566,12.622770825863736,19.6402765881693,1711.847304126949,140.0,0.009905771616803725,9.085253050400933,1.0,0.0,nan,nan,4.401999999999999,0.040207905210420516,0.19479309686295818,0.21069659231541976,0.0,"[300, 100, 100, 100, 100]","[0.0, 0.0222543095570361, 0.005474601981034426, 0.006330465893282092, 0.015469480652666005]",,0.06978376849663706,0.12907281884669192,5.0,1.96,nan,known-logging,sieve,frozen,neural-fore,known-uniform,0.8,1.0,0.0,0.02,0.0
2500,26643696,1000000,-0.3170054884673674,-0.3302897593544472,-0.3159304020272716,-0.013284270887079785,0.0010750864400958515,0.0709615696776948,-0.4550150785955534,-0.17684572545898974,1.0,0.27816935313656366,0.014895117210447149,0.002425315915397647,0.0030122077115029566,12.643323013551752,14.042108797639196,1754.5855156306568,140.0,0.0010628546148466404,9.067769291800506,1.0,0.0,nan,nan,6.0040000000000004,0.04020207040443241,0.19751735424880018,0.2017717902286551,0.0,"[100, 100, 100, 100, 300]","[0.0008780005152162547, 0.00033611332125115515, 0.0, 0.004100159237765792, 0.0]",,0.0709615696776948,0.044158370328664875,5.0,1.96,nan,known-logging,sieve,frozen,neural-fore,known-uniform,0.8,1.0,0.0,0.02,0.0
2500,26743699,1000000,-0.3170054884673674,-0.3121563374796625,-0.13488767427346524,0.004849150987704942,0.1821178141939022,0.06436554517967381,-0.26104414282562594,-0.008731205721304564,0.0,0.25231293710432134,0.017798162977380013,0.002425315915397647,0.0030122077115029566,12.640688816985898,17.479795860216647,1748.1221156926829,140.0,0.009261139419242222,9.107487583599868,1.0,0.0,nan,nan,4.401999999999999,0.041304077696269065,0.2047622070309461,0.20154835283547862,0.0,"[100, 100, 100, 300, 100]","[0.010644061362042784, 0.0008806807257367012, 0.009639736460567577, 0.01034520752197671, 0.014796011025887346]",,0.06436554517967381,0.09824463303866136,5.0,1.96,nan,known-logging,sieve,frozen,neural-fore,known-uniform,0.8,1.0,0.0,0.02,0.0
2500,26843702,1000000,-0.3170054884673674,-0.3029826472338101,-0.32618440146879846,0.014022841233557348,-0.009178913001431033,0.07261226644529774,-0.468504443701582,-0.1838643592360149,1.0,0.2846400844655671,0.025746458368055437,0.002425315915397647,0.0030122077115029566,12.330765223700793,18.964946389000946,1686.0107809973117,180.0,0.007025383324800329,9.765699033000056,1.0,0.0,nan,nan,2.404,0.03952550628759806,0.1954606828598661,0.19962667115709004,0.0,"[300, 100, 300, 100, 100]","[0.00715452474528308, 0.005508428189206767, 0.004941670064753701, 0.0, 0.017522293624758094]",,0.07261226644529774,0.07264896393663801,5.0,1.96,nan,known-logging,sieve,frozen,neural-fore,known-uniform,0.8,1.0,0.0,0.02,0.0
2500,26943705,1000000,-0.3170054884673674,-0.2839119633463829,-0.13059860875465856,0.03309352512098451,0.18640687971270886,0.06690224045912492,-0.2617270000545434,0.0005297825452262872,0.0,0.2622567825997697,0.018939737666270648,0.002425315915397647,0.0030122077115029566,11.652549459463826,13.764365091395346,1753.6362550972426,140.0,0.009295127019872385,9.066243500000564,1.0,0.0,nan,nan,2.602,0.04147106580721074,0.19689532832539997,0.21262499845401636,0.0,"[100, 100, 300, 100, 100]","[0.015326285618577542, 0.013679450538248011, 0.00022861996235560818, 0.006524564168825465, 0.010716714811355294]",,0.06690224045912492,0.027933207608241133,5.0,1.96,nan,known-logging,sieve,frozen,neural-fore,known-uniform,0.8,1.0,0.0,0.02,0.0
2500,27043708,1000000,-0.3170054884673674,-0.30498404417025266,-0.28172559944203424,0.01202144429711477,0.03527988902533319,0.07194496847964726,-0.42273773766214284,-0.1407134612219256,1.0,0.28202427644021727,0.01469892686304889,0.002425315915397647,0.0030122077115029566,13.31239930242609,16.486375368916928,1665.7354608973992,180.0,0.005224708992340741,9.62985864140028,1.0,0.0,nan,nan,4.6,0.04074099432605123,0.20394817499394308,0.197514837368356,0.0,"[300, 300, 100, 100, 100]","[0.0010182172267423732, 0.0, 0.012787091901525105, 0.0, 0.012318235833436227]",,0.07194496847964726,0.02609286821837748,5.0,1.96,nan,known-logging,sieve,frozen,neural-fore,known-uniform,0.8,1.0,0.0,0.02,0.0
2500,27143711,1000000,-0.3170054884673674,-0.3237997472322895,-0.3037342094325606,-0.006794258764922068,0.013271279034806849,0.07185662126232194,-0.44457318710671156,-0.1628952317584096,1.0,0.281677955348302,0.018178003170820706,0.002425315915397647,0.0030122077115029566,12.330309718001198,13.376907869337842,1690.6435772840837,260.0,0.006684323119737229,11.165641774599862,1.0,0.0,nan,nan,2.8,0.041574671706290325,0.2066395897386037,0.20573237944351122,0.0,"[300, 300, 100, 300, 300]","[0.015453577616660047, 0.0081359842595778, 0.004133344219625016, 0.0, 0.0056987095028232775]",,0.07185662126232194,0.07438920203550335,5.0,1.96,nan,known-logging,sieve,frozen,neural-fore,known-uniform,0.8,1.0,0.0,0.02,0.0
2500,27243714,1000000,-0.3170054884673674,-0.2970908495799273,-0.20030569920945232,0.019914638887440106,0.1166997892579151,0.06756180994464288,-0.3327268467009524,-0.06788455171795227,1.0,0.2648422949830001,0.012144907067539098,0.002425315915397647,0.0030122077115029566,11.736203256549272,12.904637211604047,1791.2499673917162,140.0,0.0053498310328956855,9.15015179980037,1.0,0.0,nan,nan,6.202,0.04086474078350306,0.20256807878022953,0.1991775696517805,0.0,"[100, 300, 100, 100, 100]","[0.006831603204932953, 0.0008195946792725012, 0.0020980849355130738, 0.004347179090226585, 0.012652693254533312]",,0.06756180994464288,0.06847438006984291,5.0,1.96,nan,known-logging,sieve,frozen,neural-fore,known-uniform,0.8,1.0,0.0,0.02,0.0
2500,27343717,1000000,-0.3170054884673674,-0.2884563622383605,-0.26582224127212856,0.028549126229006905,0.05118324719523887,0.07221175541557537,-0.40735728188665626,-0.12428720065760085,1.0,0.2830700812290554,0.02185651957356933,0.002425315915397647,0.0030122077115029566,14.487961655289709,20.869672246963265,1644.2504609100997,180.0,0.005886183052413085,9.848473108201143,1.0,0.0,nan,nan,4.6,0.04120109341112995,0.20218430194836162,0.20317079829730536,0.0,"[100, 300, 100, 300, 100]","[0.001744681621139737, 0.0, 0.020322562379036083, 0.007363671261889603, 0.0]",,0.07221175541557537,0.032508602168929215,5.0,1.96,nan,known-logging,sieve,frozen,neural-fore,known-uniform,0.8,1.0,0.0,0.02,0.0
2500,27443720,1000000,-0.3170054884673674,-0.319840281625255,-0.46925813417961626,-0.002834793157887594,-0.15225264571224884,0.07924150545765157,-0.6245714848766133,-0.31394478348261917,1.0,0.3106267013939942,0.012518086376006654,0.002425315915397647,0.0030122077115029566,14.594435305276997,16.18207405685537,1617.9051290932784,180.0,0.005069332208726782,9.939846825198401,1.0,0.0,nan,nan,4.401999999999999,0.04171185975527673,0.20088720575460375,0.2080199721424795,0.0,"[300, 100, 300, 100, 100]","[0.004650034107667265, 0.0, 0.0, 0.009855274456537224, 0.010841352479429418]",,0.07924150545765157,0.11461182083383029,5.0,1.96,nan,known-logging,sieve,frozen,neural-fore,known-uniform,0.8,1.0,0.0,0.02,0.0
2500,27543723,1000000,-0.3170054884673674,-0.3172107577780768,-0.3333247083390375,-0.00020526931070935506,-0.016319219871670065,0.0733924270568164,-0.47717386537039763,-0.18947555130767735,1.0,0.2876983140627203,0.012218348566078011,0.002425315915397647,0.0030122077115029566,13.631259472811232,15.475003458614077,1652.1705728835884,180.0,0.009312632469224584,10.213079841799845,1.0,0.0,nan,nan,2.602,0.0404296990047176,0.19900490627348077,0.19998138360342513,0.0,"[100, 100, 300, 100, 300]","[0.0023849091069610673, 0.01844257355604141, 0.006106420359218598, 0.014776480174978075, 0.004852779148923771]",,0.0733924270568164,0.07159513260196011,5.0,1.96,nan,known-logging,sieve,frozen,neural-fore,known-uniform,0.8,1.0,0.0,0.02,0.0
2500,27643726,1000000,-0.3170054884673674,-0.29989760952267264,-0.36547333756479455,0.017107878944694788,-0.04846784909742713,0.0737274566372957,-0.5099791525738941,-0.220967522555695,1.0,0.28901163001819913,0.012940622668131401,0.002425315915397647,0.0030122077115029566,12.912568400263284,15.554495518262701,1701.4045561207215,100.0,0.00692977081981508,8.720904474199415,1.0,0.0,nan,nan,4.6,0.041375569140759835,0.20811526831589272,0.20039508991372568,0.0,"[100, 100, 100, 100, 100]","[0.0009157571985399253, 0.02964182102046809, 0.002024379544758628, 0.002066896335308757, 0.0]",,0.0737274566372957,0.04651771479001893,5.0,1.96,nan,known-logging,sieve,frozen,neural-fore,known-uniform,0.8,1.0,0.0,0.02,0.0
2500,27743729,1000000,-0.3170054884673674,-0.3086229461035466,-0.12071243126702574,0.0083825423638208,0.19629305720034168,0.06533015098332667,-0.24875952719434602,0.007334664660294532,0.0,0.25609419185464055,0.012586700527349226,0.002425315915397647,0.0030122077115029566,12.310006910995527,14.298002743548757,1754.18899513438,180.0,0.006700300572799562,10.046185600200625,1.0,0.0,nan,nan,1.0,0.04046523473437806,0.20336742279078432,0.20004314931575257,0.0,"[300, 300, 100, 100, 100]","[0.0, 0.00711747127848654, 0.01631656637807743, 0.005419852952619536, 0.004647612254814301]",,0.06533015098332667,0.045574936570644375,5.0,1.96,nan,known-logging,sieve,frozen,neural-fore,known-uniform,0.8,1.0,0.0,0.02,0.0
2500,27843732,1000000,-0.3170054884673674,-0.3251139810846087,-0.4056815903396947,-0.00810849261724128,-0.08867610187232727,0.07556136740740832,-0.553781870458215,-0.25758131022117436,1.0,0.2962005602370406,0.010001508344534187,0.002425315915397647,0.0030122077115029566,13.824423204814035,18.217230957183393,1669.5917012889963,260.0,0.007996417630484018,11.332203308200041,1.0,0.0,nan,nan,2.8,0.0401086863551322,0.20040489336513012,0.19680643072851328,0.0,"[300, 300, 300, 300, 100]","[0.00018918854895863134, 0.0, 0.0, 0.0, 0.03979289960346146]",,0.07556136740740832,0.06837880643219506,5.0,1.96,nan,known-logging,sieve,frozen,neural-fore,known-uniform,0.8,1.0,0.0,0.02,0.0
2500,27943735,1000000,-0.3170054884673674,-0.302404216213112,-0.47384352480887154,0.014601272254255449,-0.15683803634150412,0.07848024998552072,-0.6276648147804922,-0.3200222348372509,0.0,0.30764257994324123,0.01293924146551795,0.002425315915397647,0.0030122077115029566,14.202285725764431,15.224728966694917,1637.1363270933891,140.0,0.009575903229854833,9.227015233000566,1.0,0.0,nan,nan,4.6,0.04134431496181643,0.20612501306580935,0.20076227132387253,0.0,"[100, 300, 100, 100, 100]","[0.010397181535879341, 0.008590040779685882, 0.008625457014751549, 0.0019522123606903134, 0.01831462445826708]",,0.07848024998552072,0.054344890509323375,5.0,1.96,nan,known-logging,sieve,frozen,neural-fore,known-uniform,0.8,1.0,0.0,0.02,0.0
2500,28043738,1000000,-0.3170054884673674,-0.32129657936398137,-0.3056921284461784,-0.004291090896613947,0.011313360021189045,0.07445553901044029,-0.4516249849066414,-0.1597592719857154,1.0,0.29186571292092595,0.013192462189630182,0.002425315915397647,0.0030122077115029566,15.180002141687414,36.180242050017256,1637.7995706181675,220.0,0.005873081110257189,10.931879533401297,1.0000000000000002,0.0,nan,nan,4.6,0.04395132820966008,0.2061632534823457,0.20974330173174166,0.0,"[100, 100, 300, 300, 300]","[0.015287730771881442, 0.010423878255401102, 0.003653796524003404, 0.0, 0.0]",,0.07445553901044029,0.09837904813385465,5.0,1.96,nan,known-logging,sieve,frozen,neural-fore,known-uniform,0.8,1.0,0.0,0.02,0.0
2500,28143741,1000000,-0.3170054884673674,-0.3141203764430955,-0.3229904100519673,0.002885112024271941,-0.0059849215845999,0.07304967285085055,-0.4661677688396344,-0.17981305126430025,1.0,0.28635471757533415,0.014452994178199974,0.002425315915397647,0.0030122077115029566,14.47140097160133,16.819010107372517,1669.3767598756676,220.0,0.008293486530484255,10.849471957999048,1.0,0.0,nan,nan,4.6,0.04110453100373478,0.203551201135242,0.1977310838339927,0.0,"[300, 300, 100, 300, 100]","[0.01075348385029536, 0.0, 0.009719295168098555, 0.004292174172588607, 0.016702479461438755]",,0.07304967285085055,0.043403132042606894,5.0,1.96,nan,known-logging,sieve,frozen,neural-fore,known-uniform,0.8,1.0,0.0,0.02,0.0
2500,28243744,1000000,-0.3170054884673674,-0.27745161787604194,-0.3371247366767905,0.03955387059132548,-0.02011924820942307,0.07409759722750112,-0.48235602724269266,-0.1918934461108883,1.0,0.2904625811318044,0.027834152588307837,0.002425315915397647,0.0030122077115029566,13.38185703132304,14.841783467783415,1651.5953855920097,180.0,0.002731682173259455,9.724231300199609,1.0,0.0,nan,nan,6.4,0.04172726266507821,0.20263286708835562,0.20626942147930505,0.0,"[100, 300, 300, 100, 100]","[0.0, 0.005168927467493605, 0.0, 0.00848948339880367, 0.0]",,0.07409759722750112,0.043845920792677094,5.0,1.96,nan,known-logging,sieve,frozen,neural-fore,known-uniform,0.8,1.0,0.0,0.02,0.0
2500,28343747,1000000,-0.3170054884673674,-0.31597893083427775,-0.5080097657777273,0.0010265576330896753,-0.19100427731035985,0.07974352897290361,-0.6643070825646183,-0.3517124489908362,0.0,0.31259463357378214,0.014693462205038945,0.002425315915397647,0.0030122077115029566,14.644716805209102,17.499750305007453,1614.892435566536,140.0,0.004234934964210389,9.19672074959999,1.0,0.0,nan,nan,2.404,0.0412381891197508,0.20390898580363412,0.2029354814014106,0.0,"[100, 100, 100, 100, 300]","[0.005489058996381251, 7.416002853008106e-05, 0.0, 0.015611455796140612, 0.0]",,0.07974352897290361,0.06541815255946289,5.0,1.96,nan,known-logging,sieve,frozen,neural-fore,known-uniform,0.8,1.0,0.0,0.02,0.0
2500,28443750,1000000,-0.3170054884673674,-0.30783911222602267,-0.21010314092447802,0.009166376241344754,0.10690234754288941,0.06908585339401073,-0.34551141357673903,-0.074694868272217,1.0,0.27081654530452204,0.014184462795147589,0.002425315915397647,0.0030122077115029566,13.894428967361266,16.330232110671258,1729.1374213041443,260.0,0.00513272424206949,11.68279938339947,1.0,0.0,nan,nan,0.8019999999999999,0.04110382265657753,0.2061111181957583,0.199714934508671,0.0,"[300, 100, 300, 300, 300]","[0.006041910916703726, 0.005479661761188636, 0.005382942006846827, 0.0051977496440220585, 0.0035613568815862037]",,0.06908585339401073,0.0833503320452366,5.0,1.96,nan,known-logging,sieve,frozen,neural-fore,known-uniform,0.8,1.0,0.0,0.02,0.0
2500,28543753,1000000,-0.3170054884673674,-0.30719033164301346,-0.3302105949882999,0.009815156824353966,-0.013205106520932486,0.07491450385885581,-0.4770430225516573,-0.1833781674249425,1.0,0.2936648551267148,0.027593762814345456,0.002425315915397647,0.0030122077115029566,15.169348858346819,27.814366507686096,1654.6598717600245,220.0,0.005565810220783516,10.740586033399449,1.0,0.0,nan,nan,2.4219999999999997,0.0424457070057469,0.21792658714747706,0.19467951421716675,0.0,"[300, 300, 100, 100, 300]","[0.0014526123906456962, 0.0, 0.016550442849742275, 0.005780851297541788, 0.004045144565987824]",,0.07491450385885581,0.0809896294252616,5.0,1.96,nan,known-logging,sieve,frozen,neural-fore,known-uniform,0.8,1.0,0.0,0.02,0.0
2500,28643756,1000000,-0.3170054884673674,-0.3142092597451755,-0.36660774065663737,0.002796228722191929,-0.049602252189269946,0.07736928787358338,-0.5182515448888608,-0.21496393642441394,1.0,0.30328760846444686,0.013791548109739113,0.002425315915397647,0.0030122077115029566,15.60928710587077,25.421359220969453,1597.7596351155123,220.0,0.004289444594097035,10.72688920039982,1.0,0.0,nan,nan,2.602,0.038905480648855,0.19932481984652653,0.19329225368743058,0.0,"[100, 300, 100, 300, 300]","[0.00748798779180115, 0.003228140153171098, 0.006264352240575006, 0.001968846053242179, 0.0024978967316957447]",,0.07736928787358338,0.11783193803456969,5.0,1.96,nan,known-logging,sieve,frozen,neural-fore,known-uniform,0.8,1.0,0.0,0.02,0.0
2500,28743759,1000000,-0.3170054884673674,-0.3388341619970175,-0.20801852199735058,-0.021828673529650067,0.10898696647001685,0.06612014562170908,-0.33761400741590036,-0.07842303657880079,1.0,0.2591909708370996,0.01410994238831215,0.002425315915397647,0.0030122077115029566,13.624081093818393,20.369777814409993,1711.422827249787,220.0,0.008293822371981155,10.678865749800025,1.0,0.0,nan,nan,0.82,0.03952740761792564,0.19480949230013006,0.20150751843805548,0.0,"[300, 100, 300, 100, 300]","[0.0063496465837165105, 0.009221465020186245, 0.005244127699233443, 0.02065387255676957, 0.0]",,0.06612014562170908,0.06432182651748135,5.0,1.96,nan,known-logging,sieve,frozen,neural-fore,known-uniform,0.8,1.0,0.0,0.02,0.0
2500,28843762,1000000,-0.3170054884673674,-0.31270933572639553,-0.3248526045431909,0.0042961527409718925,-0.007847116075823501,0.07393234643423942,-0.46976000355430014,-0.17994520553208168,1.0,0.2898147980222185,0.01585423851728481,0.002425315915397647,0.0030122077115029566,13.571091676803952,15.685476919188371,1653.1510245900374,180.0,0.0025219374600283506,9.87917053300007,1.0,0.0,nan,nan,8.02,0.04124722642221543,0.20496120861588646,0.20076084264819513,0.0,"[100, 100, 300, 100, 300]","[0.00858157335347475, 0.00280369053445917, 0.0, 0.0, 0.0012244234122078324]",,0.07393234643423942,0.09613856820265103,5.0,1.96,nan,known-logging,sieve,frozen,neural-fore,known-uniform,0.8,1.0,0.0,0.02,0.0
2500,28943765,1000000,-0.3170054884673674,-0.3017699563111577,-0.2176552387101161,0.015235532156209708,0.09935024975725132,0.07022796319931036,-0.3553020465807644,-0.08000843083946779,1.0,0.2752936157412966,0.021742806631087228,0.002425315915397647,0.0030122077115029566,13.252413267378373,14.265145660635643,1698.2452040101819,140.0,0.007446024554479257,9.11418530020128,1.0,0.0,nan,nan,8.2,0.0405683017409478,0.20551065361370968,0.19637603642877172,0.0,"[100, 100, 300, 100, 100]","[0.0, 0.0013563428598221152, 0.0019896177456733576, 0.00530910263751806, 0.02857505952938275]",,0.07022796319931036,0.10324187769108069,5.0,1.96,nan,known-logging,sieve,frozen,neural-fore,known-uniform,0.8,1.0,0.0,0.02,0.0
2500,29043768,1000000,-0.3170054884673674,-0.29924158580904875,-0.33095453149768195,0.017763902658318675,-0.013949043030314523,0.07261953826311564,-0.4732888264933886,-0.1886202365019753,1.0,0.2846685899914133,0.01305537768511409,0.002425315915397647,0.0030122077115029566,13.636380296985067,17.428225533021923,1672.1898432505625,220.0,0.0056680195799793855,10.52275433339928,1.0,0.0,nan,nan,2.242,0.042103301269973546,0.20577349766688857,0.20256945744254193,0.0,"[300, 100, 100, 300, 300]","[0.00538831369956106, 0.009601156909632272, 0.004813200333122488, 0.008537426957581109, 0.0]",,0.07261953826311564,0.08623770892359107,5.0,1.96,nan,known-logging,sieve,frozen,neural-fore,known-uniform,0.8,1.0,0.0,0.02,0.0
2500,29143771,1000000,-0.3170054884673674,-0.29541548773709975,-0.2797506117207391,0.021590000730267678,0.03725487674662831,0.07022338671060752,-0.41738844967352984,-0.1421127737679484,1.0,0.27527567590558144,0.01546400020618234,0.002425315915397647,0.0030122077115029566,12.86458125947312,18.00134852587695,1732.976069270698,140.0,0.015755551536689772,9.010269700000572,1.0,0.0,nan,nan,4.6,0.03988659749116772,0.20052223675819855,0.19797074813824492,0.0,"[100, 100, 100, 300, 100]","[0.007235891493928479, 0.0435436608292647, 0.010335709158255275, 0.0062805217777788585, 0.011381974424221529]",,0.07022338671060752,0.047858581522532584,5.0,1.96,nan,known-logging,sieve,frozen,neural-fore,known-uniform,0.8,1.0,0.0,0.02,0.0
2500,29243774,1000000,-0.3170054884673674,-0.2971123765680241,-0.3991992100063252,0.01989311189934334,-0.08219372153895776,0.07465031023252998,-0.545513818062084,-0.25288460195056645,1.0,0.2926292161115175,0.01205784311763766,0.002425315915397647,0.0030122077115029566,13.054366022021423,16.494235562615565,1704.6404507068432,140.0,0.009031271611558178,9.163326058400708,1.0,0.0,nan,nan,8.001999999999999,0.04139633106858119,0.2051183945936197,0.20294256356911378,0.0,"[100, 100, 100, 100, 300]","[0.0, 0.021468353608465496, 0.012022942007190125, 0.008429732846938542, 0.003235329595196729]",,0.07465031023252998,0.04323698686419097,5.0,1.96,nan,known-logging,sieve,frozen,neural-fore,known-uniform,0.8,1.0,0.0,0.02,0.0
2500,29343777,1000000,-0.3170054884673674,-0.3246605010068744,-0.5589273444161181,-0.007655012539506956,-0.2419218559487507,0.08004162982551133,-0.7158089388741203,-0.4020457499581159,0.0,0.3137631889160044,0.020523015474962412,0.002425315915397647,0.0030122077115029566,13.435772002923454,14.083070237190986,1628.5575869430706,180.0,0.00727544039071272,9.871266616401773,1.0,0.0,nan,nan,10.0,0.04228380732282401,0.20894248394575432,0.20318570218431967,0.0,"[300, 300, 100, 100, 100]","[0.008058101886405974, 0.011808664288354176, 0.0017469828602297917, 0.014763452918573654, 0.0]",,0.08004162982551133,0.13638071071457045,5.0,1.96,nan,known-logging,sieve,frozen,neural-fore,known-uniform,0.8,1.0,0.0,0.02,0.0
2500,29443780,1000000,-0.3170054884673674,-0.3144904359432576,-0.3048368567232829,0.0025150525241098287,0.012168631744084502,0.07128625579104565,-0.4445579180737324,-0.16511579537283344,1.0,0.27944212270089896,0.01645500313581196,0.002425315915397647,0.0030122077115029566,12.423274249664193,16.899333440565208,1677.3114566733539,140.0,0.003546806041905193,9.04278677479997,1.0,0.0,nan,nan,6.220000000000001,0.04019787026737319,0.2041027013353784,0.19753093351150838,0.0,"[300, 100, 100, 100, 100]","[0.00026098967263772687, 0.010940624940722949, 0.004658927058643149, 0.0018734885375221394, 0.0]",,0.07128625579104565,0.06789649814165243,5.0,1.96,nan,known-logging,sieve,frozen,neural-fore,known-uniform,0.8,1.0,0.0,0.02,0.0
2500,29543783,1000000,-0.3170054884673674,-0.29106998374357046,-0.280324671182319,0.025935504723796965,0.036680817285048406,0.07432696860766587,-0.42600552965334415,-0.13464381271129391,1.0,0.2913617169420502,0.013418120891890015,0.002425315915397647,0.0030122077115029566,12.839995749775055,15.900864815561876,1703.4354071936284,140.0,0.010463841658505292,9.109188991599513,1.0,0.0,nan,nan,4.42,0.04001994006897962,0.20145137308879235,0.19750114214615472,0.0,"[100, 100, 100, 100, 300]","[0.011508124039907655, 0.0025165455722618835, 0.007175229021813992, 0.027174832827156672, 0.0039444768313862625]",,0.07432696860766587,0.11487306830264028,5.0,1.96,nan,known-logging,sieve,frozen,neural-fore,known-uniform,0.8,1.0,0.0,0.02,0.0
2500,29643786,1000000,-0.3170054884673674,-0.29961005677336394,-0.4263620463344661,0.017395431694003483,-0.10935655786709869,0.07747232884438865,-0.5782078108694679,-0.27451628179946436,1.0,0.3036915290700035,0.013613234299214287,0.002425315915397647,0.0030122077115029566,13.941745939254007,17.649561452937306,1643.6425012235015,220.0,0.004404163191392314,10.710473424399606,1.0,0.0,nan,nan,6.202,0.04045171171497274,0.2054152189297628,0.19681434989715316,0.0,"[100, 300, 100, 300, 300]","[0.010014409998554978, 0.003595455058603407, 0.008410950899803187, 0.0, 0.0]",,0.07747232884438865,0.062487889693572066,5.0,1.96,nan,known-logging,sieve,frozen,neural-fore,known-uniform,0.8,1.0,0.0,0.02,0.0
2500,29743789,1000000,-0.3170054884673674,-0.28686866985211584,-0.267678350815637,0.03013681861525158,0.04932713765173041,0.0715818189640835,-0.40797871598524066,-0.12737798564603336,1.0,0.2806007303392073,0.01898001355982385,0.002425315915397647,0.0030122077115029566,13.762298493969368,15.56852897419439,1703.2558105839141,140.0,0.008859854457557213,9.176785524399747,1.0,0.0,nan,nan,4.401999999999999,0.04180645032943785,0.20473361373849436,0.20520206483483464,0.0,"[100, 100, 100, 100, 300]","[0.010385421500931661, 0.01398472694979009, 0.0029481434484571294, 0.009240640984683902, 0.007740339403923281]",,0.0715818189640835,0.0516118508908813,5.0,1.96,nan,known-logging,sieve,frozen,neural-fore,known-uniform,0.8,1.0,0.0,0.02,0.0
2500,29843792,1000000,-0.3170054884673674,-0.32316320786985236,-0.33427297887329377,-0.00615771940248494,-0.017267490405926345,0.07401800946178379,-0.47934827741839,-0.18919768032819756,1.0,0.2901505970901924,0.01032579229143615,0.002425315915397647,0.0030122077115029566,13.159562980899123,17.463101578424272,1672.8872363346811,180.0,0.008327526729250082,9.80582678339997,1.0,0.0,nan,nan,2.404,0.04004278601186449,0.20275144573771992,0.20124544783231016,0.0,"[100, 100, 300, 100, 300]","[0.030707680279726556, 0.006784646116942627, 0.0, 0.004145307249581221, 0.0]",,0.07401800946178379,0.09195487428001964,5.0,1.96,nan,known-logging,sieve,frozen,neural-fore,known-uniform,0.8,1.0,0.0,0.02,0.0
2500,29943795,1000000,-0.3170054884673674,-0.2930169524870053,-0.2674013516014533,0.023988535980362102,0.04960413686591414,0.07155223595038711,-0.407643734064212,-0.12715896913869457,1.0,0.28048476492551744,0.02090301502221662,0.002425315915397647,0.0030122077115029566,14.241689246823578,16.094451742315954,1634.1035540100186,220.0,0.0038517605833230744,10.497637091999787,1.0,0.0,nan,nan,8.2,0.0398256609520853,0.20120417849881628,0.19892402823198402,0.0,"[300, 300, 100, 300, 100]","[0.006300307027552128, 0.0, 0.0005374973306952632, 0.012420998558367981, 0.0]",,0.07155223595038711,0.020280656504164895,5.0,1.96,nan,known-logging,sieve,frozen,neural-fore,known-uniform,0.8,1.0,0.0,0.02,0.0
2500,30043798,1000000,-0.3170054884673674,-0.3215403136956526,-0.3492493715218969,-0.004534825228285189,-0.032243883054529465,0.07389045409057185,-0.4940746615394177,-0.20442408150437608,1.0,0.2896505800350416,0.01098892474716892,0.002425315915397647,0.0030122077115029566,13.40889769615275,15.955962265774122,1689.3518566172543,220.0,0.002973061540353181,10.665514224600338,1.0,0.0,nan,nan,4.6,0.04092890820810727,0.21242530605898774,0.1927171155763422,0.0,"[100, 300, 300, 300, 100]","[0.009817653267291665, 0.004470389295415206, 0.0, 0.0, 0.0005772651390590345]",,0.07389045409057185,0.05819445054666171,5.0,1.96,nan,known-logging,sieve,frozen,neural-fore,known-uniform,0.8,1.0,0.0,0.02,0.0
2500,30143801,1000000,-0.3170054884673674,-0.29973228307282396,-0.2158916444167976,0.017273205394543467,0.10111384405056983,0.06982343949445755,-0.3527455858259344,-0.0790377030076608,1.0,0.2737078828182736,0.013956915868409669,0.002425315915397647,0.0030122077115029566,14.216780794607995,17.911581219049207,1673.8026550525901,140.0,0.005031781564798854,8.98802595799898,1.0,0.0,nan,nan,2.404,0.040684580030158526,0.20160614333118193,0.2028447698575051,0.0,"[100, 300, 100, 100, 100]","[0.00568383224258532, 0.0, 0.012682367429689168, 0.004681764716060348, 0.002110943435659437]",,0.06982343949445755,0.06484570537018208,5.0,1.96,nan,known-logging,sieve,frozen,neural-fore,known-uniform,0.8,1.0,0.0,0.02,0.0
