example_id,n,seed,ratio_mode,nuisance_method,plugin_estimate,if_estimate,truth,estimated_se,ci_lower,ci_upper,covered,plugin_error,if_error,reward_rmse,reward_rmse_grid,reward_rmse_stationary,reward_rmse_rho_weighted,bellman_residual_rmse,q_nu_bellman_rmse,q_eval_bellman_rmse,ratio_q01,ratio_q50,ratio_q99,weight_ess,pi0_action0_q01,pi0_action0_q50,pi0_action0_q99,pi_ratio_q01,pi_ratio_q50,pi_ratio_q99,nu_ratio_q01,nu_ratio_q50,nu_ratio_q99,fore_selected_iterations,fore_apbv_score,fore_fit_seconds,fore_training_rows,fore_normalized_mass,fore_logit_cap_fraction,signed_positive_iterations,signed_negative_iterations,signed_positive_mass,signed_negative_mass,signed_positive_apbv_score,signed_negative_apbv_score,signed_positive_fit_seconds,signed_negative_fit_seconds,signed_positive_normalized_mass,signed_negative_normalized_mass,signed_positive_ess,signed_negative_ess,signed_positive_ratio_q99,signed_negative_ratio_q99,signed_positive_logit_cap_fraction,signed_negative_logit_cap_fraction,ratio_failure,fore_selected_iterations_by_fold,fore_apbv_scores_by_fold,signed_positive_iterations_by_fold,signed_negative_iterations_by_fold,signed_positive_apbv_scores_by_fold,signed_negative_apbv_scores_by_fold,failure_message,iid_estimated_se,fold_cluster_estimated_se,crossfit_fold_count,ci_critical_value
1a,10000,980505,neural-fore,neural-main-oracle-bellman,-12.59967212021922,-12.553352703894019,-12.586673112426368,0.060209596736954606,-12.67136351349845,-12.435341894289587,1.0,-0.012999007792851458,0.03332040853234908,0.5958508020331579,0.5958508020331579,0.0743931633573772,0.07308641835532974,0.03453685486584988,nan,nan,0.27022131977371094,9.380127938937251,27.826987870950887,6646.693256006496,nan,nan,nan,nan,nan,nan,nan,nan,nan,220.0,0.002218054397559537,20.08501626618672,8000.0,1.0,0.0,nan,nan,nan,nan,nan,nan,nan,nan,nan,nan,nan,nan,nan,nan,nan,nan,0.0,"[300, 100, 300, 300, 100]","[0.0, 0.0019378823318310285, 0.0, 0.0017371629270732656, 0.007415226728893391]","[null, null, null, null, null]","[null, null, null, null, null]","[null, null, null, null, null]","[null, null, null, null, null]",,0.060209596736954606,0.034762981302393386,5.0,1.96
1a,10000,990505,neural-fore,neural-main-oracle-bellman,-12.474665328863164,-12.426570895577726,-12.586673112426368,0.056650390915461576,-12.53760566177203,-12.315536129383421,0.0,0.11200778356320384,0.16010221684864234,0.37005732633395294,0.37005732633395294,0.061215070287996096,0.05312030703899723,0.036674899992290934,nan,nan,0.3099487256437105,9.69633670438693,26.586121202125746,6883.287358416471,nan,nan,nan,nan,nan,nan,nan,nan,nan,260.0,0.0013647427133595086,21.47400395817822,8000.0,1.0,0.0,nan,nan,nan,nan,nan,nan,nan,nan,nan,nan,nan,nan,nan,nan,nan,nan,0.0,"[300, 100, 300, 300, 300]","[0.0004935332135295093, 0.004638674289459793, 0.0, 0.0016915060638082405, 0.0]","[null, null, null, null, null]","[null, null, null, null, null]","[null, null, null, null, null]","[null, null, null, null, null]",,0.056650390915461576,0.058793946193798304,5.0,1.96
1a,10000,1000505,neural-fore,neural-main-oracle-bellman,-12.671131891157914,-12.649184069834345,-12.586673112426368,0.062007247348084944,-12.770718274636591,-12.527649865032098,1.0,-0.0844587787315465,-0.06251095740797652,0.3836417863908241,0.3836417863908241,0.06130568866869446,0.05260367013970828,0.03895609661065103,nan,nan,0.2889863900540508,9.227856376605553,28.782373125067696,6600.560425727745,nan,nan,nan,nan,nan,nan,nan,nan,nan,220.0,0.004743118960314312,19.414638024789745,8000.0,1.0,0.0,nan,nan,nan,nan,nan,nan,nan,nan,nan,nan,nan,nan,nan,nan,nan,nan,0.0,"[300, 300, 100, 300, 100]","[0.0, 0.0043333987590407, 0.012212305251405793, 0.0, 0.007169890791125066]","[null, null, null, null, null]","[null, null, null, null, null]","[null, null, null, null, null]","[null, null, null, null, null]",,0.062007247348084944,0.04908954627736173,5.0,1.96
1a,10000,1010505,neural-fore,neural-main-oracle-bellman,-12.599516563975241,-12.518315316960244,-12.586673112426368,0.059289817902571776,-12.634523360049284,-12.402107273871204,1.0,-0.01284345154887312,0.06835779546612386,0.5015992376742872,0.5015992376742872,0.08408782535889003,0.07121262913068249,0.029648937588231932,nan,nan,0.19363963811355847,9.456836806854259,27.24410267026094,6658.852121883393,nan,nan,nan,nan,nan,nan,nan,nan,nan,300.0,0.0018340614744800214,22.27743094980251,8000.0,1.0,0.0,nan,nan,nan,nan,nan,nan,nan,nan,nan,nan,nan,nan,nan,nan,nan,nan,0.0,"[300, 300, 300, 300, 300]","[0.0, 7.063544312638158e-05, 0.006823675581441131, 0.0022759963478325936, 0.0]","[null, null, null, null, null]","[null, null, null, null, null]","[null, null, null, null, null]","[null, null, null, null, null]",,0.059289817902571776,0.06265741302061018,5.0,1.96
1a,10000,1020505,neural-fore,neural-main-oracle-bellman,-12.611928821138333,-12.61531199778933,-12.586673112426368,0.06143453534169546,-12.735723687059053,-12.494900308519608,1.0,-0.02525570871196514,-0.02863888536296244,0.4384729629915169,0.4384729629915169,0.06752119879848,0.05798837080615745,0.02897657890913581,nan,nan,0.2674026598592587,9.419662744261755,30.867346664754482,6497.000380037247,nan,nan,nan,nan,nan,nan,nan,nan,nan,180.0,0.00786352937811155,18.30424996681977,8000.0,1.0,0.0,nan,nan,nan,nan,nan,nan,nan,nan,nan,nan,nan,nan,nan,nan,nan,nan,0.0,"[100, 300, 300, 100, 100]","[0.0012313025622862584, 0.009859765783819288, 0.0, 0.007547270759120673, 0.020679307785331526]","[null, null, null, null, null]","[null, null, null, null, null]","[null, null, null, null, null]","[null, null, null, null, null]",,0.06143453534169546,0.06469546746820266,5.0,1.96
1a,10000,1030505,neural-fore,neural-main-oracle-bellman,-12.632022036837103,-12.671094558132665,-12.586673112426368,0.06233086591049679,-12.793263055317238,-12.548926060948093,1.0,-0.045348924410735236,-0.0844214457062975,0.5029600254865811,0.5029600254865811,0.07274947828764403,0.07083789509984763,0.03529228452179321,nan,nan,0.2589543447169089,9.334376467338668,29.7335253919533,6526.509276874539,nan,nan,nan,nan,nan,nan,nan,nan,nan,260.0,0.0022481892360466244,22.154966141830663,8000.0,1.0,0.0,nan,nan,nan,nan,nan,nan,nan,nan,nan,nan,nan,nan,nan,nan,nan,nan,0.0,"[300, 100, 300, 300, 300]","[0.005081620038074304, 0.0025974530127386257, 0.0, 0.0035618731294201917, 0.0]","[null, null, null, null, null]","[null, null, null, null, null]","[null, null, null, null, null]","[null, null, null, null, null]",,0.06233086591049679,0.055708802052733306,5.0,1.96
1a,10000,1040505,neural-fore,neural-main-oracle-bellman,-12.703321798446675,-12.649478211119314,-12.586673112426368,0.06132505842014415,-12.769675325622798,-12.529281096615831,1.0,-0.11664868602030687,-0.06280509869294626,0.4249816150574651,0.4249816150574651,0.0700430134980112,0.061761516820176686,0.032012353093646424,nan,nan,0.27945983300478516,9.577617968299995,29.546453982729325,6545.984212493687,nan,nan,nan,nan,nan,nan,nan,nan,nan,220.0,0.0034029481462182704,19.727170658204706,8000.0,1.0,0.0,nan,nan,nan,nan,nan,nan,nan,nan,nan,nan,nan,nan,nan,nan,nan,nan,0.0,"[300, 100, 100, 300, 300]","[0.0, 0.0050696120825939935, 0.008767824316101503, 0.0031773043323958536, 0.0]","[null, null, null, null, null]","[null, null, null, null, null]","[null, null, null, null, null]","[null, null, null, null, null]",,0.06132505842014415,0.0805419760097917,5.0,1.96
1a,10000,1050505,neural-fore,neural-main-oracle-bellman,-12.627178905741909,-12.591342658052186,-12.586673112426368,0.06164791944048017,-12.712172580155528,-12.470512735948844,1.0,-0.04050579331554083,-0.004669545625818117,0.3807100377197085,0.3807100377197085,0.056663777693410244,0.05107730189862808,0.02720648967750285,nan,nan,0.26752964702925686,9.538534956065298,28.826561336667584,6577.2636126888965,nan,nan,nan,nan,nan,nan,nan,nan,nan,260.0,0.0023107096093503542,21.625246266415342,8000.0,1.0,0.0,nan,nan,nan,nan,nan,nan,nan,nan,nan,nan,nan,nan,nan,nan,nan,nan,0.0,"[300, 300, 100, 300, 300]","[0.0, 0.002990544285046878, 0.0021447398082407917, 0.0064182639534641015, 0.0]","[null, null, null, null, null]","[null, null, null, null, null]","[null, null, null, null, null]","[null, null, null, null, null]",,0.06164791944048017,0.04984170846331922,5.0,1.96
1a,10000,1060505,neural-fore,neural-main-oracle-bellman,-12.533541890826234,-12.506950735455634,-12.586673112426368,0.05976665984474026,-12.624093388751325,-12.389808082159943,1.0,0.05313122160013428,0.07972237697073403,0.2650901723782268,0.2650901723782268,0.08321308651582363,0.08186502934966587,0.027493358099226314,nan,nan,0.30390932194505854,9.59101687943681,29.135270328991208,6638.280205580631,nan,nan,nan,nan,nan,nan,nan,nan,nan,220.0,0.002672884835039343,19.703379425196907,8000.0,1.0,0.0,nan,nan,nan,nan,nan,nan,nan,nan,nan,nan,nan,nan,nan,nan,nan,nan,0.0,"[300, 300, 100, 300, 100]","[0.002417659311328672, 0.00027386330037615933, 0.006864152784384937, 0.0012702909122717975, 0.0025384578668351514]","[null, null, null, null, null]","[null, null, null, null, null]","[null, null, null, null, null]","[null, null, null, null, null]",,0.05976665984474026,0.07487841834216291,5.0,1.96
1a,10000,1070505,neural-fore,neural-main-oracle-bellman,-12.601007734196642,-12.592529973112216,-12.586673112426368,0.0612635030177224,-12.71260643902695,-12.47245350719748,1.0,-0.014334621770274225,-0.005856860685847565,0.4085203168766346,0.4085203168766346,0.07420227162027464,0.06741558272784634,0.05019180250013449,nan,nan,0.25704148489327966,9.556942393253218,27.84265553028315,6551.819379641866,nan,nan,nan,nan,nan,nan,nan,nan,nan,220.0,0.0015084243042435702,19.386207749811,8000.0,1.0,0.0,nan,nan,nan,nan,nan,nan,nan,nan,nan,nan,nan,nan,nan,nan,nan,nan,0.0,"[100, 300, 300, 300, 100]","[0.0023000081372973546, 0.0, 0.0006326854158230609, 0.0, 0.004609427968097435]","[null, null, null, null, null]","[null, null, null, null, null]","[null, null, null, null, null]","[null, null, null, null, null]",,0.0612635030177224,0.05846733882651973,5.0,1.96
1a,10000,1080505,neural-fore,neural-main-oracle-bellman,-12.496236371987814,-12.52546058792261,-12.586673112426368,0.060860537396509685,-12.64474724121977,-12.406173934625452,1.0,0.09043674043855354,0.06121252450375714,0.5141377106141518,0.5141377106141518,0.07131810140387501,0.06193975782440149,0.02914654644873291,nan,nan,0.29105333991443155,9.323099656781011,29.966408715881634,6569.1296599294255,nan,nan,nan,nan,nan,nan,nan,nan,nan,180.0,0.003996790968099928,18.120655383425763,8000.0,1.0,0.0,nan,nan,nan,nan,nan,nan,nan,nan,nan,nan,nan,nan,nan,nan,nan,nan,0.0,"[100, 100, 100, 300, 300]","[0.0061964546905394595, 0.011387406061112519, 0.002400094088847662, 0.0, 0.0]","[null, null, null, null, null]","[null, null, null, null, null]","[null, null, null, null, null]","[null, null, null, null, null]",,0.060860537396509685,0.049875951217617495,5.0,1.96
1a,10000,1090505,neural-fore,neural-main-oracle-bellman,-12.573673983832135,-12.540005685901026,-12.586673112426368,0.06028462081889724,-12.658163542706065,-12.421847829095986,1.0,0.0129991285942328,0.04666742652534239,0.5552837872672509,0.5552837872672509,0.08265481627630036,0.07846461009803163,0.02999570940528705,nan,nan,0.22891382676513922,9.458540522767148,28.264573167283576,6588.686688129413,nan,nan,nan,nan,nan,nan,nan,nan,nan,260.0,0.00317794765220294,21.450114174815827,8000.0,0.9999999999999998,0.0,nan,nan,nan,nan,nan,nan,nan,nan,nan,nan,nan,nan,nan,nan,nan,nan,0.0,"[300, 300, 300, 300, 100]","[0.0, 0.008677538368233761, 0.0, 0.0, 0.007212199892780938]","[null, null, null, null, null]","[null, null, null, null, null]","[null, null, null, null, null]","[null, null, null, null, null]",,0.06028462081889724,0.07910995730225535,5.0,1.96
1a,10000,1100505,neural-fore,neural-main-oracle-bellman,-12.523431742922952,-12.52881135656285,-12.586673112426368,0.05769951969056545,-12.641902415156357,-12.415720297969342,1.0,0.06324136950341597,0.05786175586351838,0.48021606218768353,0.48021606218768353,0.07503051805097835,0.06548140322105145,0.03844548740882254,nan,nan,0.23578962530573208,9.730885483469145,26.52058487959618,6759.053093950877,nan,nan,nan,nan,nan,nan,nan,nan,nan,260.0,0.0019447147591090033,21.401299874391405,8000.0,1.0,0.0,nan,nan,nan,nan,nan,nan,nan,nan,nan,nan,nan,nan,nan,nan,nan,nan,0.0,"[300, 300, 100, 300, 300]","[0.0, 0.0, 0.0073627758027918575, 0.0006385711893551621, 0.0017222268033979967]","[null, null, null, null, null]","[null, null, null, null, null]","[null, null, null, null, null]","[null, null, null, null, null]",,0.05769951969056545,0.04838157675448179,5.0,1.96
1a,10000,1110505,neural-fore,neural-main-oracle-bellman,-12.65700247980257,-12.651297700111522,-12.586673112426368,0.06492385428935224,-12.778548454518653,-12.524046945704391,1.0,-0.07032936737620155,-0.06462458768515411,0.26934076917090005,0.26934076917090005,0.03879997669136813,0.03378417528097458,0.024708571588279056,nan,nan,0.24773877634754962,9.385158009300483,33.66971166502832,6328.4133672228745,nan,nan,nan,nan,nan,nan,nan,nan,nan,260.0,0.0024815276823992012,20.90978141699452,8000.0,1.0,0.0,nan,nan,nan,nan,nan,nan,nan,nan,nan,nan,nan,nan,nan,nan,nan,nan,0.0,"[100, 300, 300, 300, 300]","[0.006939018997866901, 0.0, 0.001067252144838589, 0.0030896025034310628, 0.0013117647658594544]","[null, null, null, null, null]","[null, null, null, null, null]","[null, null, null, null, null]","[null, null, null, null, null]",,0.06492385428935224,0.04526000048304432,5.0,1.96
1a,10000,1120505,neural-fore,neural-main-oracle-bellman,-12.626000921131086,-12.5910514334075,-12.586673112426368,0.06022688827718399,-12.709096134430782,-12.473006732384219,1.0,-0.039327808704717526,-0.004378320981132333,0.3498907944234113,0.3498907944234113,0.054017060527521046,0.049648226332072436,0.028084660847646936,nan,nan,0.3016514754823842,9.342281967429164,28.75867608503173,6666.625040089189,nan,nan,nan,nan,nan,nan,nan,nan,nan,220.0,0.0024200913953562435,20.189114958012944,8000.0,1.0,0.0,nan,nan,nan,nan,nan,nan,nan,nan,nan,nan,nan,nan,nan,nan,nan,nan,0.0,"[300, 300, 100, 100, 300]","[0.003309490289955975, 0.0, 0.002788883811520269, 0.005151765286618694, 0.0008503175886862792]","[null, null, null, null, null]","[null, null, null, null, null]","[null, null, null, null, null]","[null, null, null, null, null]",,0.06022688827718399,0.029979807392203593,5.0,1.96
1a,10000,1130505,neural-fore,neural-main-oracle-bellman,-12.612900392102121,-12.613903397468565,-12.586673112426368,0.06160010189662101,-12.734639597185943,-12.493167197751188,1.0,-0.026227279675753223,-0.027230285042197266,0.33458386468705037,0.33458386468705037,0.07467170555663435,0.06595510607200922,0.02504933007070956,nan,nan,0.2175472595766213,9.634432893734285,28.711743467700813,6613.729683225606,nan,nan,nan,nan,nan,nan,nan,nan,nan,260.0,0.002308028302246387,20.57479421640746,8000.0,1.0,0.0,nan,nan,nan,nan,nan,nan,nan,nan,nan,nan,nan,nan,nan,nan,nan,nan,0.0,"[300, 300, 300, 300, 100]","[0.0, 0.005667059661103167, 0.0004312304498546996, 0.0, 0.005441851400274069]","[null, null, null, null, null]","[null, null, null, null, null]","[null, null, null, null, null]","[null, null, null, null, null]",,0.06160010189662101,0.03572213274355364,5.0,1.96
1a,10000,1140505,neural-fore,neural-main-oracle-bellman,-12.64757646671176,-12.626205766158115,-12.586673112426368,0.062172993701310214,-12.748064833812684,-12.504346698503547,1.0,-0.06090335428539184,-0.0395326537317473,0.38128969209738306,0.38128969209738306,0.06814877683123009,0.05516505487092551,0.023274691432202267,nan,nan,0.3100763107666224,9.483918593287473,31.036426489632372,6531.981721114764,nan,nan,nan,nan,nan,nan,nan,nan,nan,180.0,0.0052061484573316654,18.037864041968714,8000.0,0.9999999999999998,0.0,nan,nan,nan,nan,nan,nan,nan,nan,nan,nan,nan,nan,nan,nan,nan,nan,0.0,"[300, 100, 100, 100, 300]","[0.0, 0.012138461103060178, 0.007029375634135474, 0.0039329991590651, 0.0029299063903975736]","[null, null, null, null, null]","[null, null, null, null, null]","[null, null, null, null, null]","[null, null, null, null, null]",,0.062172993701310214,0.06715706973416163,5.0,1.96
1a,10000,1150505,neural-fore,neural-main-oracle-bellman,-12.665875806869552,-12.649868027716247,-12.586673112426368,0.061421844265393016,-12.770254842476417,-12.529481212956076,1.0,-0.07920269444318428,-0.06319491528987875,0.35503119478377176,0.35503119478377176,0.06927021300504642,0.05621559124254653,0.024513227326210477,nan,nan,0.26933272108513157,9.497271382076015,28.070882963781166,6613.012928447903,nan,nan,nan,nan,nan,nan,nan,nan,nan,180.0,0.005198424610461317,18.312315541575664,8000.0,1.0,0.0,nan,nan,nan,nan,nan,nan,nan,nan,nan,nan,nan,nan,nan,nan,nan,nan,0.0,"[300, 300, 100, 100, 100]","[0.0022774269284154265, 0.004252582029655226, 0.011186994677309603, 0.005318656961774834, 0.002956462455151492]","[null, null, null, null, null]","[null, null, null, null, null]","[null, null, null, null, null]","[null, null, null, null, null]",,0.061421844265393016,0.04500469328874355,5.0,1.96
1a,10000,1160505,neural-fore,neural-main-oracle-bellman,-12.546287955051318,-12.511026784466644,-12.586673112426368,0.057482027707561986,-12.623691558773466,-12.398362010159822,1.0,0.04038515737505044,0.07564632795972415,0.34697298546463323,0.34697298546463323,0.04929833991411018,0.04604899861128574,0.031899168602378805,nan,nan,0.3007767295190737,9.717990711391458,25.365655944323372,6895.989661379986,nan,nan,nan,nan,nan,nan,nan,nan,nan,220.0,0.005020509446887388,19.381178916804494,8000.0,1.0,0.0,nan,nan,nan,nan,nan,nan,nan,nan,nan,nan,nan,nan,nan,nan,nan,nan,0.0,"[100, 300, 300, 100, 300]","[0.00440089684561059, 0.008428398006350816, 0.0, 0.009822228835174765, 0.002451023547300767]","[null, null, null, null, null]","[null, null, null, null, null]","[null, null, null, null, null]","[null, null, null, null, null]",,0.057482027707561986,0.05953136448692101,5.0,1.96
1a,10000,1170505,neural-fore,neural-main-oracle-bellman,-12.529042611470462,-12.505964757336653,-12.586673112426368,0.05846517628901453,-12.62055650286312,-12.391373011810185,1.0,0.05763050095590572,0.08070835508971541,0.6312018660385167,0.6312018660385167,0.08750260021237181,0.06826991211034031,0.03363288633248468,nan,nan,0.2849701854739377,9.614122941830104,27.732476808910345,6701.10856297587,nan,nan,nan,nan,nan,nan,nan,nan,nan,220.0,0.0018712987794646154,20.148378433007746,8000.0,1.0,0.0,nan,nan,nan,nan,nan,nan,nan,nan,nan,nan,nan,nan,nan,nan,nan,nan,0.0,"[100, 300, 300, 300, 100]","[0.0020721673720348215, 0.0, 0.0, 0.0, 0.007284326525288255]","[null, null, null, null, null]","[null, null, null, null, null]","[null, null, null, null, null]","[null, null, null, null, null]",,0.05846517628901453,0.04781290345950372,5.0,1.96
1a,10000,1180505,neural-fore,neural-main-oracle-bellman,-12.608158827728351,-12.530782597682512,-12.586673112426368,0.05962033632757609,-12.647638456884561,-12.413926738480463,1.0,-0.021485715301983177,0.0558905147438562,0.37750914147909354,0.37750914147909354,0.0785865367819518,0.07140951830451747,0.04189273316885747,nan,nan,0.33157695814534327,9.417087291610525,29.623013550757562,6634.641586531932,nan,nan,nan,nan,nan,nan,nan,nan,nan,260.0,0.0027453097354932393,21.45478344958974,8000.0,1.0,0.0,nan,nan,nan,nan,nan,nan,nan,nan,nan,nan,nan,nan,nan,nan,nan,nan,0.0,"[300, 300, 100, 300, 300]","[0.0, 0.0030876253325204366, 0.00595622688349662, 0.004682696461449139, 0.0]","[null, null, null, null, null]","[null, null, null, null, null]","[null, null, null, null, null]","[null, null, null, null, null]",,0.05962033632757609,0.04215678077495754,5.0,1.96
1a,10000,1190505,neural-fore,neural-main-oracle-bellman,-12.635452065368282,-12.625320871334345,-12.586673112426368,0.06308921299695627,-12.74897572880838,-12.50166601386031,1.0,-0.048778952941914255,-0.03864775890797745,0.46370761271136784,0.46370761271136784,0.07812626505165796,0.07692438597922924,0.02588631364001038,nan,nan,0.22453679442375907,9.400286052694378,31.941398250929627,6404.475421295379,nan,nan,nan,nan,nan,nan,nan,nan,nan,300.0,0.0018470054623597118,22.95680837504333,8000.0,1.0,0.0,nan,nan,nan,nan,nan,nan,nan,nan,nan,nan,nan,nan,nan,nan,nan,nan,0.0,"[300, 300, 300, 300, 300]","[0.00028597716689231684, 0.0, 0.004299311962115718, 0.004535566501851766, 0.00011417168093875779]","[null, null, null, null, null]","[null, null, null, null, null]","[null, null, null, null, null]","[null, null, null, null, null]",,0.06308921299695627,0.06191060451617994,5.0,1.96
1a,10000,1200505,neural-fore,neural-main-oracle-bellman,-12.50722597702568,-12.478432132216744,-12.586673112426368,0.05839739386934751,-12.592891024200664,-12.363973240232824,1.0,0.07944713540068804,0.10824098020962403,0.41755651153620343,0.41755651153620343,0.06589466898096326,0.05862544237174209,0.03647481916330777,nan,nan,0.3230206283232966,9.47920486213343,28.535394483396324,6703.539854667826,nan,nan,nan,nan,nan,nan,nan,nan,nan,260.0,0.005140020959135571,20.56832839238923,8000.0,1.0,0.0,nan,nan,nan,nan,nan,nan,nan,nan,nan,nan,nan,nan,nan,nan,nan,nan,0.0,"[300, 300, 100, 300, 300]","[0.0, 0.0, 0.01752857185107857, 0.0013834335680408235, 0.006788099376558464]","[null, null, null, null, null]","[null, null, null, null, null]","[null, null, null, null, null]","[null, null, null, null, null]",,0.05839739386934751,0.03039512141165041,5.0,1.96
1a,10000,1210505,neural-fore,neural-main-oracle-bellman,-12.671210886988161,-12.712216809289416,-12.586673112426368,0.062440360183038876,-12.834599915248171,-12.58983370333066,0.0,-0.08453777456179346,-0.12554369686304767,0.4572068965824904,0.4572068965824904,0.07516444945491847,0.06264450758776742,0.024880569354253233,nan,nan,0.20286138435216972,9.50404869571886,29.130786190553888,6530.162795964301,nan,nan,nan,nan,nan,nan,nan,nan,nan,300.0,0.00224959200339953,22.59467609956628,8000.0,1.0,0.0,nan,nan,nan,nan,nan,nan,nan,nan,nan,nan,nan,nan,nan,nan,nan,nan,0.0,"[300, 300, 300, 300, 300]","[0.002837419960644127, 0.003423574727950837, 0.0, 0.0, 0.004986965328402687]","[null, null, null, null, null]","[null, null, null, null, null]","[null, null, null, null, null]","[null, null, null, null, null]",,0.062440360183038876,0.0885953898690517,5.0,1.96
1a,10000,1220505,neural-fore,neural-main-oracle-bellman,-12.565091779917712,-12.605529366026712,-12.586673112426368,0.061009289464526696,-12.725107573377183,-12.48595115867624,1.0,0.02158133250865646,-0.01885625360034382,0.3883912561405199,0.3883912561405199,0.06510466377524007,0.05631358516615763,0.03235620688461414,nan,nan,0.31401607491113104,9.344521343413875,29.37623961390535,6587.700696765712,nan,nan,nan,nan,nan,nan,nan,nan,nan,220.0,0.0034119505903663348,20.22227228337433,8000.0,1.0,0.0,nan,nan,nan,nan,nan,nan,nan,nan,nan,nan,nan,nan,nan,nan,nan,nan,0.0,"[100, 300, 300, 300, 100]","[0.0036757952134100647, 0.0, 0.0, 0.00769275205041254, 0.005691205688009067]","[null, null, null, null, null]","[null, null, null, null, null]","[null, null, null, null, null]","[null, null, null, null, null]",,0.061009289464526696,0.07409480623695447,5.0,1.96
1a,10000,1230505,neural-fore,neural-main-oracle-bellman,-12.532701022920454,-12.492711254904231,-12.586673112426368,0.05958129133317623,-12.609490585917257,-12.375931923891205,1.0,0.0539720895059137,0.09396185752213704,0.6980718103304833,0.6980718103304833,0.07629025856509343,0.07193936099465054,0.03130480209668809,nan,nan,0.3473605849406396,9.584552501742845,29.80226401620514,6632.5503848111075,nan,nan,nan,nan,nan,nan,nan,nan,nan,180.0,0.005567467679332347,18.475632158166263,8000.0,1.0,0.0,nan,nan,nan,nan,nan,nan,nan,nan,nan,nan,nan,nan,nan,nan,nan,nan,0.0,"[100, 100, 300, 100, 300]","[0.012617333255235933, 0.006833646003778879, 0.0003386449506500727, 0.007486329861370234, 0.0005613843256266206]","[null, null, null, null, null]","[null, null, null, null, null]","[null, null, null, null, null]","[null, null, null, null, null]",,0.05958129133317623,0.041342304032495836,5.0,1.96
1a,10000,1240505,neural-fore,neural-main-oracle-bellman,-12.614224871579163,-12.590023515387397,-12.586673112426368,0.06131629659360125,-12.710203456710856,-12.469843574063939,1.0,-0.02755175915279473,-0.0033504029610291752,0.3191032682709755,0.3191032682709755,0.05188569272487766,0.047744463019257964,0.029501177177803897,nan,nan,0.34462280259885864,9.260665100159741,29.4333674253115,6609.561439696192,nan,nan,nan,nan,nan,nan,nan,nan,nan,140.0,0.006783010445322664,16.620990742195865,8000.0,1.0,0.0,nan,nan,nan,nan,nan,nan,nan,nan,nan,nan,nan,nan,nan,nan,nan,nan,0.0,"[100, 100, 100, 300, 100]","[0.0, 0.0032297957764449202, 0.008976956447624935, 0.0017606596481974871, 0.01994764035434598]","[null, null, null, null, null]","[null, null, null, null, null]","[null, null, null, null, null]","[null, null, null, null, null]",,0.06131629659360125,0.06344886147304368,5.0,1.96
1a,10000,1250505,neural-fore,neural-main-oracle-bellman,-12.540787670604603,-12.591439728921197,-12.586673112426368,0.06252188944270269,-12.713982632228895,-12.468896825613498,1.0,0.04588544182176513,-0.004766616494828568,0.5017418866725836,0.5017418866725836,0.08687976331526756,0.0737986223289753,0.02708994726464686,nan,nan,0.2832000502483894,9.093454396604667,31.28018849933742,6432.552157039646,nan,nan,nan,nan,nan,nan,nan,nan,nan,180.0,0.0023076285919797165,18.576667033613194,8000.0,1.0,0.0,nan,nan,nan,nan,nan,nan,nan,nan,nan,nan,nan,nan,nan,nan,nan,nan,0.0,"[100, 300, 100, 300, 100]","[0.005809841110260223, 0.0, 0.0015278710021604772, 0.0, 0.004200430847477881]","[null, null, null, null, null]","[null, null, null, null, null]","[null, null, null, null, null]","[null, null, null, null, null]",,0.06252188944270269,0.07002104339370603,5.0,1.96
1a,10000,1260505,neural-fore,neural-main-oracle-bellman,-12.550058290938512,-12.562180449257673,-12.586673112426368,0.06038999408678956,-12.68054483766778,-12.443816060847565,1.0,0.036614821487855664,0.024492663168695472,0.4111774181363105,0.4111774181363105,0.057431227082410975,0.04230983788667409,0.032195984799173794,nan,nan,0.32845772858055766,9.388015700516448,28.362355348125327,6654.333758682471,nan,nan,nan,nan,nan,nan,nan,nan,nan,180.0,0.004682766241568634,17.806267808773555,8000.0,1.0,0.0,nan,nan,nan,nan,nan,nan,nan,nan,nan,nan,nan,nan,nan,nan,nan,nan,0.0,"[300, 100, 100, 300, 100]","[0.0, 0.007487291999055608, 0.006985875612016322, 0.0, 0.008940663596771236]","[null, null, null, null, null]","[null, null, null, null, null]","[null, null, null, null, null]","[null, null, null, null, null]",,0.06038999408678956,0.05726412692107782,5.0,1.96
1a,10000,1270505,neural-fore,neural-main-oracle-bellman,-12.614267954067037,-12.607173926602055,-12.586673112426368,0.06073300592817349,-12.726210618221275,-12.488137234982835,1.0,-0.027594841640668832,-0.020500814175687054,0.3423035501481381,0.3423035501481381,0.05827454226630242,0.05009277093069135,0.028133341422764142,nan,nan,0.26964292933347694,9.547731193620809,29.967582524985364,6610.163313072906,nan,nan,nan,nan,nan,nan,nan,nan,nan,220.0,0.003785448995121106,19.904248866578563,8000.0,1.0,0.0,nan,nan,nan,nan,nan,nan,nan,nan,nan,nan,nan,nan,nan,nan,nan,nan,0.0,"[100, 300, 300, 300, 100]","[0.007760934862697144, 0.002894660812707737, 0.0, 0.0022637669828132804, 0.006007882317387366]","[null, null, null, null, null]","[null, null, null, null, null]","[null, null, null, null, null]","[null, null, null, null, null]",,0.06073300592817349,0.03663810767295417,5.0,1.96
1a,10000,1280505,neural-fore,neural-main-oracle-bellman,-12.616173915929055,-12.626153709556128,-12.586673112426368,0.06138472166436181,-12.746467764018277,-12.505839655093979,1.0,-0.029500803502687134,-0.03948059712976004,0.49213699889968743,0.49213699889968743,0.06669689069307594,0.06075111121575012,0.03049720822754434,nan,nan,0.24106640617928193,9.540976953749436,29.332827337496187,6502.2139619652335,nan,nan,nan,nan,nan,nan,nan,nan,nan,260.0,0.0025316658041145625,21.199073966802096,8000.0,1.0,0.0,nan,nan,nan,nan,nan,nan,nan,nan,nan,nan,nan,nan,nan,nan,nan,nan,0.0,"[300, 300, 300, 300, 100]","[0.00010558931652389429, 0.00014486609546874798, 0.0026993295794358824, 0.0005108549327884436, 0.009197689096355844]","[null, null, null, null, null]","[null, null, null, null, null]","[null, null, null, null, null]","[null, null, null, null, null]",,0.06138472166436181,0.0638723098861999,5.0,1.96
1a,10000,1290505,neural-fore,neural-main-oracle-bellman,-12.584807444067446,-12.570941358773858,-12.586673112426368,0.0606567507024618,-12.689828590150682,-12.452054127397034,1.0,0.0018656683589224343,0.015731753652509894,0.43297469792467813,0.43297469792467813,0.058234416461572014,0.05200947566707751,0.028062420921374443,nan,nan,0.27006114955232363,9.409902819246048,29.657149457186318,6546.180700237058,nan,nan,nan,nan,nan,nan,nan,nan,nan,260.0,0.003560056702458536,21.116728941432665,8000.0,1.0,0.0,nan,nan,nan,nan,nan,nan,nan,nan,nan,nan,nan,nan,nan,nan,nan,nan,0.0,"[300, 300, 300, 300, 100]","[0.0010690496019687896, 0.007934715940338016, 0.004486332231868815, 0.0, 0.004310185738117059]","[null, null, null, null, null]","[null, null, null, null, null]","[null, null, null, null, null]","[null, null, null, null, null]",,0.0606567507024618,0.06697999771695182,5.0,1.96
1a,10000,1300505,neural-fore,neural-main-oracle-bellman,-12.664286175540694,-12.616084688051767,-12.586673112426368,0.05956799177598608,-12.7328379519327,-12.499331424170835,1.0,-0.0776130631143257,-0.029411575625399422,0.33283651011404963,0.33283651011404963,0.049216625025872325,0.04742099342016572,0.029208658866242347,nan,nan,0.36945819285553066,9.468438714680527,27.801068946491743,6713.534382362792,nan,nan,nan,nan,nan,nan,nan,nan,nan,180.0,0.0030147220425239115,17.94888518344378,8000.0,1.0,0.0,nan,nan,nan,nan,nan,nan,nan,nan,nan,nan,nan,nan,nan,nan,nan,nan,0.0,"[100, 300, 100, 100, 300]","[0.0054937859932973595, 0.0, 0.0039875555099959156, 0.005182414303543957, 0.00040985440578232514]","[null, null, null, null, null]","[null, null, null, null, null]","[null, null, null, null, null]","[null, null, null, null, null]",,0.05956799177598608,0.031401124041565455,5.0,1.96
1a,10000,1310505,neural-fore,neural-main-oracle-bellman,-12.685025610461237,-12.707972959016955,-12.586673112426368,0.06367821665937869,-12.832782263669337,-12.583163654364572,1.0,-0.09835249803486867,-0.12129984659058657,0.35520526445903433,0.35520526445903433,0.0660750934679876,0.06252410363101399,0.035894900870299694,nan,nan,0.40722114181892116,9.274006511469043,30.7409220264358,6500.705537741968,nan,nan,nan,nan,nan,nan,nan,nan,nan,140.0,0.0067262566237053165,16.62765409104759,8000.0,1.0,0.0,nan,nan,nan,nan,nan,nan,nan,nan,nan,nan,nan,nan,nan,nan,nan,nan,0.0,"[300, 100, 100, 100, 100]","[0.0036938819229435553, 0.01715009101296472, 0.002663160273678891, 0.004019721403453334, 0.006104428505486088]","[null, null, null, null, null]","[null, null, null, null, null]","[null, null, null, null, null]","[null, null, null, null, null]",,0.06367821665937869,0.07009092478098562,5.0,1.96
1a,10000,1320505,neural-fore,neural-main-oracle-bellman,-12.654810846872502,-12.604538088869385,-12.586673112426368,0.061269401699983427,-12.724626116201351,-12.484450061537418,1.0,-0.06813773444613425,-0.017864976443016545,0.3786534878483031,0.3786534878483031,0.05979403065869221,0.04638068559613528,0.028110805306726074,nan,nan,0.25073370271750234,9.495710633407015,29.97415126382791,6569.088543204131,nan,nan,nan,nan,nan,nan,nan,nan,nan,260.0,0.0017653352890667196,21.225168308604044,8000.0,1.0,0.0,nan,nan,nan,nan,nan,nan,nan,nan,nan,nan,nan,nan,nan,nan,nan,nan,0.0,"[100, 300, 300, 300, 300]","[0.005181592743714187, 0.0, 8.440140074007914e-05, 0.0016820094861857149, 0.0018786728146936175]","[null, null, null, null, null]","[null, null, null, null, null]","[null, null, null, null, null]","[null, null, null, null, null]",,0.061269401699983427,0.07191348978018514,5.0,1.96
1a,10000,1330505,neural-fore,neural-main-oracle-bellman,-12.496799792338248,-12.469506220071036,-12.586673112426368,0.05918075907961193,-12.585500507867076,-12.353511932274996,0.0,0.08987332008812032,0.11716689235533195,0.678664767108072,0.678664767108072,0.09153586759121121,0.07498710938171474,0.02327966453534381,nan,nan,0.28421924599685017,9.422585754052474,29.097454947716823,6647.707910431723,nan,nan,nan,nan,nan,nan,nan,nan,nan,220.0,0.0015224619301350299,20.404304458235856,8000.0,1.0,0.0,nan,nan,nan,nan,nan,nan,nan,nan,nan,nan,nan,nan,nan,nan,nan,nan,0.0,"[100, 300, 300, 300, 100]","[0.0040814888822072615, 0.0, 0.000389920806049336, 0.0, 0.003140899962418552]","[null, null, null, null, null]","[null, null, null, null, null]","[null, null, null, null, null]","[null, null, null, null, null]",,0.05918075907961193,0.04961200166903497,5.0,1.96
1a,10000,1340505,neural-fore,neural-main-oracle-bellman,-12.595515946462296,-12.577224912090244,-12.586673112426368,0.058577883638464986,-12.692037564021636,-12.462412260158853,1.0,-0.008842834035927893,0.009448200336123591,0.394755318204854,0.394755318204854,0.06523523671393212,0.05218545636808329,0.028597407573661818,nan,nan,0.38252962246223793,9.596662481965335,28.733268095776573,6774.540382580038,nan,nan,nan,nan,nan,nan,nan,nan,nan,140.0,0.010767352071268138,16.504343541606794,8000.0,1.0,0.0,nan,nan,nan,nan,nan,nan,nan,nan,nan,nan,nan,nan,nan,nan,nan,nan,0.0,"[100, 100, 100, 300, 100]","[0.018679020197032083, 0.005813438154181467, 0.024334465020129495, 0.0, 0.005009836984997646]","[null, null, null, null, null]","[null, null, null, null, null]","[null, null, null, null, null]","[null, null, null, null, null]",,0.058577883638464986,0.10729238065952489,5.0,1.96
1a,10000,1350505,neural-fore,neural-main-oracle-bellman,-12.516149147649351,-12.491626865246761,-12.586673112426368,0.05922816305644657,-12.607714064837397,-12.375539665656126,1.0,0.07052396477701706,0.09504624717960652,0.42654852621254113,0.42654852621254113,0.08136134689165495,0.06946042091311573,0.04314101234574173,nan,nan,0.30029950316295606,9.628205995905631,27.83589791745886,6710.134337274031,nan,nan,nan,nan,nan,nan,nan,nan,nan,220.0,0.0028850303004358917,20.08272484136978,8000.0,1.0,0.0,nan,nan,nan,nan,nan,nan,nan,nan,nan,nan,nan,nan,nan,nan,nan,nan,0.0,"[100, 300, 300, 300, 100]","[0.010982899560789457, 0.0, 0.0, 0.0, 0.0034422519413900014]","[null, null, null, null, null]","[null, null, null, null, null]","[null, null, null, null, null]","[null, null, null, null, null]",,0.05922816305644657,0.08199107384459753,5.0,1.96
1a,10000,1360505,neural-fore,neural-main-oracle-bellman,-12.650205466093254,-12.660600715018454,-12.586673112426368,0.06168441096187464,-12.781502160503727,-12.53969926953318,1.0,-0.06353235366688637,-0.07392760259208586,0.5982961630127855,0.5982961630127855,0.08064815355609277,0.062400361099497835,0.03210349180938585,nan,nan,0.3289569519005613,9.484242344341443,30.357094318819602,6585.464918922468,nan,nan,nan,nan,nan,nan,nan,nan,nan,140.0,0.012484761772772862,17.29000270020915,8000.0,1.0,0.0,nan,nan,nan,nan,nan,nan,nan,nan,nan,nan,nan,nan,nan,nan,nan,nan,0.0,"[100, 300, 100, 100, 100]","[0.019491865232173083, 0.001884880447053908, 0.025634948498379863, 0.011817777151243778, 0.00359433753501368]","[null, null, null, null, null]","[null, null, null, null, null]","[null, null, null, null, null]","[null, null, null, null, null]",,0.06168441096187464,0.05050917102224506,5.0,1.96
1a,10000,1370505,neural-fore,neural-main-oracle-bellman,-12.503382034652176,-12.465134439888978,-12.586673112426368,0.05837807698419947,-12.579555470778008,-12.350713408999948,0.0,0.08329107777419154,0.12153867253739037,0.5279578629829617,0.5279578629829617,0.07327774673294238,0.0694327431263285,0.030099691238443686,nan,nan,0.2962637759005572,9.554828781471556,28.327165031775714,6692.709836231349,nan,nan,nan,nan,nan,nan,nan,nan,nan,180.0,0.004244029608147548,18.475343858578707,8000.0,1.0,0.0,nan,nan,nan,nan,nan,nan,nan,nan,nan,nan,nan,nan,nan,nan,nan,nan,0.0,"[300, 100, 300, 100, 100]","[0.003591908251781427, 0.009277338430162764, 0.0, 0.004858399851957722, 0.0034925015068358245]","[null, null, null, null, null]","[null, null, null, null, null]","[null, null, null, null, null]","[null, null, null, null, null]",,0.05837807698419947,0.03741226688921277,5.0,1.96
1a,10000,1380505,neural-fore,neural-main-oracle-bellman,-12.714303570431024,-12.692795115451492,-12.586673112426368,0.06263450097794449,-12.815558737368264,-12.57003149353472,1.0,-0.12763045800465633,-0.1061220030251242,0.49991965918875503,0.49991965918875503,0.06341743289903824,0.05934026499430932,0.032381821186364,nan,nan,0.2953505819538257,9.487931050673863,29.461021904749064,6526.549181888636,nan,nan,nan,nan,nan,nan,nan,nan,nan,220.0,0.006562234155627571,19.815049958170857,8000.0,1.0,0.0,nan,nan,nan,nan,nan,nan,nan,nan,nan,nan,nan,nan,nan,nan,nan,nan,0.0,"[100, 300, 100, 300, 300]","[0.016346942149718772, 0.0015774012491424096, 0.009308772529786291, 0.0, 0.0055780548494903815]","[null, null, null, null, null]","[null, null, null, null, null]","[null, null, null, null, null]","[null, null, null, null, null]",,0.06263450097794449,0.07812364289156806,5.0,1.96
1a,10000,1390505,neural-fore,neural-main-oracle-bellman,-12.555878178618899,-12.553046483838253,-12.586673112426368,0.05885747708374707,-12.668407138922397,-12.437685828754109,1.0,0.030794933807468894,0.033626628588114826,0.41217554523798194,0.41217554523798194,0.05833874522656259,0.05521695433721876,0.033365220235273524,nan,nan,0.2661735060290472,9.57220927315589,27.098011896146303,6693.647854496381,nan,nan,nan,nan,nan,nan,nan,nan,nan,260.0,0.002233271789758908,21.102927824831568,8000.0,1.0,0.0,nan,nan,nan,nan,nan,nan,nan,nan,nan,nan,nan,nan,nan,nan,nan,nan,0.0,"[300, 300, 100, 300, 300]","[0.0, 0.005828909587970678, 0.005214540256339018, 0.0, 0.0001229091044848429]","[null, null, null, null, null]","[null, null, null, null, null]","[null, null, null, null, null]","[null, null, null, null, null]",,0.05885747708374707,0.030863412219050756,5.0,1.96
1a,10000,1400505,neural-fore,neural-main-oracle-bellman,-12.536648742672911,-12.478460075818875,-12.586673112426368,0.059083332257329084,-12.59426340704324,-12.36265674459451,1.0,0.05002436975345681,0.10821303660749315,0.5568898059112468,0.5568898059112468,0.07678141169927366,0.07274991824496173,0.043446261455578054,nan,nan,0.30391565106942975,9.662905349258622,28.17456801224025,6704.177977492482,nan,nan,nan,nan,nan,nan,nan,nan,nan,220.0,0.0039050923610103984,20.250908508198336,8000.0,1.0,0.0,nan,nan,nan,nan,nan,nan,nan,nan,nan,nan,nan,nan,nan,nan,nan,nan,0.0,"[300, 100, 100, 300, 300]","[0.0, 0.00747405626664142, 0.0030957106079270756, 0.005300618332620173, 0.0036550765978633215]","[null, null, null, null, null]","[null, null, null, null, null]","[null, null, null, null, null]","[null, null, null, null, null]",,0.059083332257329084,0.04484661587347648,5.0,1.96
1a,10000,1410505,neural-fore,neural-main-oracle-bellman,-12.588665160340746,-12.617476947308056,-12.586673112426368,0.061561360695047036,-12.738137214270347,-12.496816680345765,1.0,-0.0019920479143777925,-0.03080383488168792,0.4737639798546301,0.4737639798546301,0.06053400817411257,0.05512411257632601,0.03984844323064074,nan,nan,0.28747522428812466,9.221271846960803,27.763503716470687,6575.212295619523,nan,nan,nan,nan,nan,nan,nan,nan,nan,220.0,0.0026758042614180417,20.231740241206715,8000.0,1.0,0.0,nan,nan,nan,nan,nan,nan,nan,nan,nan,nan,nan,nan,nan,nan,nan,nan,0.0,"[300, 300, 100, 100, 300]","[0.0, 0.0015461498488799062, 0.0, 0.008637608456457337, 0.003195263001752967]","[null, null, null, null, null]","[null, null, null, null, null]","[null, null, null, null, null]","[null, null, null, null, null]",,0.061561360695047036,0.057067853206860183,5.0,1.96
1a,10000,1420505,neural-fore,neural-main-oracle-bellman,-12.590119211066403,-12.598588071923432,-12.586673112426368,0.06090507397113327,-12.717962016906853,-12.479214126940011,1.0,-0.003446098640035089,-0.011914959497064004,0.27937911275738736,0.27937911275738736,0.05890365971424244,0.054449508715765114,0.038158391050052885,nan,nan,0.33881632229860353,9.43384783549823,30.074387127289913,6624.937363686063,nan,nan,nan,nan,nan,nan,nan,nan,nan,180.0,0.004618921308075463,19.505790966784115,8000.0,1.0,0.0,nan,nan,nan,nan,nan,nan,nan,nan,nan,nan,nan,nan,nan,nan,nan,nan,0.0,"[100, 100, 300, 300, 100]","[0.0039389066909702435, 0.009912871433862838, 0.0, 0.002491329528037485, 0.006751498887506751]","[null, null, null, null, null]","[null, null, null, null, null]","[null, null, null, null, null]","[null, null, null, null, null]",,0.06090507397113327,0.06079642342483767,5.0,1.96
1a,10000,1430505,neural-fore,neural-main-oracle-bellman,-12.554012847740196,-12.550993552522211,-12.586673112426368,0.05950189243472655,-12.667617261694275,-12.434369843350147,1.0,0.03266026468617156,0.03567955990415683,0.43695590432391407,0.43695590432391407,0.07282066136574751,0.05416767666328256,0.037127923757352375,nan,nan,0.3528823523841414,9.435271055199781,27.088154982036663,6737.339041588961,nan,nan,nan,nan,nan,nan,nan,nan,nan,140.0,0.004379454295395541,18.02282697458286,8000.0,1.0,0.0,nan,nan,nan,nan,nan,nan,nan,nan,nan,nan,nan,nan,nan,nan,nan,nan,0.0,"[100, 300, 100, 100, 100]","[0.003396488861948595, 0.003405800111464249, 0.0018611158577311088, 0.006721544486259965, 0.00651232215957379]","[null, null, null, null, null]","[null, null, null, null, null]","[null, null, null, null, null]","[null, null, null, null, null]",,0.05950189243472655,0.08755249274933007,5.0,1.96
1a,10000,1440505,neural-fore,neural-main-oracle-bellman,-12.587701932127503,-12.527812715512137,-12.586673112426368,0.05990770731201728,-12.64523182184369,-12.410393609180584,1.0,-0.0010288197011352196,0.058860396914230506,0.2844991448855771,0.2844991448855771,0.046044711600604214,0.04090117383805162,0.03622397997809427,nan,nan,0.31520231948520167,9.587425189601174,29.118057904141118,6648.297006791849,nan,nan,nan,nan,nan,nan,nan,nan,nan,220.0,0.00420419604991256,21.45517324184766,8000.0,1.0,0.0,nan,nan,nan,nan,nan,nan,nan,nan,nan,nan,nan,nan,nan,nan,nan,nan,0.0,"[300, 100, 300, 300, 100]","[0.004355318462682452, 0.0034387444174388926, 0.0, 0.0, 0.013226917369441454]","[null, null, null, null, null]","[null, null, null, null, null]","[null, null, null, null, null]","[null, null, null, null, null]",,0.05990770731201728,0.0865250441839784,5.0,1.96
1a,10000,1450505,neural-fore,neural-main-oracle-bellman,-12.533848154826794,-12.535526599648978,-12.586673112426368,0.06052850592657816,-12.65416247126507,-12.416890728032886,1.0,0.05282495759957406,0.051146512777389574,0.40243591888612007,0.40243591888612007,0.07181287065809577,0.06798990604172941,0.03447984569589696,nan,nan,0.21469563172209977,9.44786316485245,29.12861206278323,6512.248935568835,nan,nan,nan,nan,nan,nan,nan,nan,nan,300.0,0.00032158751135324753,24.09378424239112,8000.0,1.0,0.0,nan,nan,nan,nan,nan,nan,nan,nan,nan,nan,nan,nan,nan,nan,nan,nan,0.0,"[300, 300, 300, 300, 300]","[0.0016079375567662378, 0.0, 0.0, 0.0, 0.0]","[null, null, null, null, null]","[null, null, null, null, null]","[null, null, null, null, null]","[null, null, null, null, null]",,0.06052850592657816,0.04227961203873768,5.0,1.96
1a,10000,1460505,neural-fore,neural-main-oracle-bellman,-12.576584974283817,-12.596875473944104,-12.586673112426368,0.059705292917006145,-12.713897848061436,-12.479853099826773,1.0,0.010088138142551273,-0.010202361517736236,0.37488843692374074,0.37488843692374074,0.059287319182065715,0.04929841215240742,0.029603443393856316,nan,nan,0.3101453655971967,9.454845775590918,28.7909405211409,6663.204619315818,nan,nan,nan,nan,nan,nan,nan,nan,nan,180.0,0.0034680227335225494,19.673451408429536,8000.0,1.0,0.0,nan,nan,nan,nan,nan,nan,nan,nan,nan,nan,nan,nan,nan,nan,nan,nan,0.0,"[300, 300, 100, 100, 100]","[3.465762752335086e-05, 0.0, 0.002268784642169937, 0.004687056611294951, 0.01034961478662451]","[null, null, null, null, null]","[null, null, null, null, null]","[null, null, null, null, null]","[null, null, null, null, null]",,0.059705292917006145,0.04596556541790172,5.0,1.96
1a,10000,1470505,neural-fore,neural-main-oracle-bellman,-12.66464985803001,-12.606283074665841,-12.586673112426368,0.06255368213187211,-12.72888829164431,-12.483677857687372,1.0,-0.07797674560364243,-0.019609962239472978,0.4615031322768746,0.4615031322768746,0.06461120493128428,0.05620562705094166,0.031815044820995605,nan,nan,0.26075129896867705,9.401599103024292,31.89958894488185,6461.816387515375,nan,nan,nan,nan,nan,nan,nan,nan,nan,260.0,0.004270059349361624,23.391876000037882,8000.0,1.0,0.0,nan,nan,nan,nan,nan,nan,nan,nan,nan,nan,nan,nan,nan,nan,nan,nan,0.0,"[300, 300, 300, 300, 100]","[0.0, 0.0, 0.0, 0.0016838228399147408, 0.019666473906893384]","[null, null, null, null, null]","[null, null, null, null, null]","[null, null, null, null, null]","[null, null, null, null, null]",,0.06255368213187211,0.06891281825621372,5.0,1.96
1a,10000,1480505,neural-fore,neural-main-oracle-bellman,-12.548210162924777,-12.552548568243102,-12.586673112426368,0.06190616581870698,-12.673884653247768,-12.431212483238436,1.0,0.038462949501591126,0.034124544183265826,0.5928187818868906,0.5928187818868906,0.06357986095344444,0.05902647740514598,0.03770217461596332,nan,nan,0.22840129580813656,9.420730100522874,30.790910419426865,6431.748244372367,nan,nan,nan,nan,nan,nan,nan,nan,nan,260.0,0.0007817128196643604,24.414381334208883,8000.0,1.0,0.0,nan,nan,nan,nan,nan,nan,nan,nan,nan,nan,nan,nan,nan,nan,nan,nan,0.0,"[100, 300, 300, 300, 300]","[0.0020844813441641373, 0.0, 0.0, 0.0018240827541576641, 0.0]","[null, null, null, null, null]","[null, null, null, null, null]","[null, null, null, null, null]","[null, null, null, null, null]",,0.06190616581870698,0.03631694898751245,5.0,1.96
1a,10000,1490505,neural-fore,neural-main-oracle-bellman,-12.493198794536731,-12.449955499942991,-12.586673112426368,0.06011050481537347,-12.567772089381123,-12.33213891050486,0.0,0.0934743178896369,0.13671761248337688,0.5039632326084378,0.5039632326084378,0.07229691503047656,0.06903580142372542,0.03046293970697908,nan,nan,0.28114212642192926,9.372063820008204,30.122408010183225,6579.43686263003,nan,nan,nan,nan,nan,nan,nan,nan,nan,300.0,0.003233256844758237,26.04213460838655,8000.0,1.0,0.0,nan,nan,nan,nan,nan,nan,nan,nan,nan,nan,nan,nan,nan,nan,nan,nan,0.0,"[300, 300, 300, 300, 300]","[0.00850988668593495, 0.0031648669309464047, 0.002947591900678128, 0.0, 0.001543938706231703]","[null, null, null, null, null]","[null, null, null, null, null]","[null, null, null, null, null]","[null, null, null, null, null]",,0.06011050481537347,0.06826933703672865,5.0,1.96
1a,10000,1500505,neural-fore,neural-main-oracle-bellman,-12.624591366603457,-12.59139814209973,-12.586673112426368,0.05952251665696391,-12.708062274747379,-12.47473400945208,1.0,-0.037918254177089494,-0.004725029673361192,0.4331892000668052,0.4331892000668052,0.0670702390277956,0.0536267915651355,0.03316366293504626,nan,nan,0.3411433858959039,9.524450513402574,28.69125806299102,6726.626668395137,nan,nan,nan,nan,nan,nan,nan,nan,nan,180.0,0.004739221962539283,21.274614791374187,8000.0,1.0,0.0,nan,nan,nan,nan,nan,nan,nan,nan,nan,nan,nan,nan,nan,nan,nan,nan,0.0,"[300, 100, 100, 300, 100]","[0.0, 0.004726498088225764, 0.006297705765116285, 0.004163285637734656, 0.008508620321619708]","[null, null, null, null, null]","[null, null, null, null, null]","[null, null, null, null, null]","[null, null, null, null, null]",,0.05952251665696391,0.03380163107926979,5.0,1.96
1a,10000,1510505,neural-fore,neural-main-oracle-bellman,-12.516240261255428,-12.576679026588055,-12.586673112426368,0.06000300691695056,-12.694284920145279,-12.45907313303083,1.0,0.07043285117094022,0.009994085838313183,0.4835952725729921,0.4835952725729921,0.07471769360534701,0.06724887527539948,0.03324489533823125,nan,nan,0.2601548359265053,9.444783264673415,27.832007434740895,6711.2848648612635,nan,nan,nan,nan,nan,nan,nan,nan,nan,220.0,0.0014053421723001732,23.92463510077214,8000.0,1.0,0.0,nan,nan,nan,nan,nan,nan,nan,nan,nan,nan,nan,nan,nan,nan,nan,nan,0.0,"[100, 100, 300, 300, 300]","[0.002077593709706795, 0.0023353220799304684, 0.0, 0.00019094248165503445, 0.0024228525902085683]","[null, null, null, null, null]","[null, null, null, null, null]","[null, null, null, null, null]","[null, null, null, null, null]",,0.06000300691695056,0.058647214878086974,5.0,1.96
1a,10000,1520505,neural-fore,neural-main-oracle-bellman,-12.589582498039412,-12.602582246254197,-12.586673112426368,0.060358851452579465,-12.720885595101253,-12.484278897407142,1.0,-0.002909385613044435,-0.015909133827829436,0.317828809872924,0.317828809872924,0.055577922493989206,0.04620346909115129,0.030844705246319035,nan,nan,0.24089155656965938,9.411652268167913,27.251455664720524,6610.425074346919,nan,nan,nan,nan,nan,nan,nan,nan,nan,260.0,0.0014865623776236616,24.508802050410303,8000.0,1.0,0.0,nan,nan,nan,nan,nan,nan,nan,nan,nan,nan,nan,nan,nan,nan,nan,nan,0.0,"[100, 300, 300, 300, 300]","[0.005479911350193252, 0.0, 0.0, 0.0, 0.0019529005379250567]","[null, null, null, null, null]","[null, null, null, null, null]","[null, null, null, null, null]","[null, null, null, null, null]",,0.060358851452579465,0.038747708047533365,5.0,1.96
1a,10000,1530505,neural-fore,neural-main-oracle-bellman,-12.642578732570819,-12.639466387031293,-12.586673112426368,0.06252071994718163,-12.762006998127768,-12.516925775934817,1.0,-0.05590562014445055,-0.05279327460492489,0.31975399031912216,0.31975399031912216,0.06313000318494626,0.05344547576092179,0.03206863416601105,nan,nan,0.3193950522564807,9.260839273186864,31.311306472235902,6485.151359534211,nan,nan,nan,nan,nan,nan,nan,nan,nan,180.0,0.004499817381960147,20.864924874983263,8000.0,1.0,0.0,nan,nan,nan,nan,nan,nan,nan,nan,nan,nan,nan,nan,nan,nan,nan,nan,0.0,"[300, 100, 300, 100, 100]","[0.0025963974471266077, 0.003901191022229024, 0.0007996425554552656, 0.0033577382063984525, 0.011844117678591387]","[null, null, null, null, null]","[null, null, null, null, null]","[null, null, null, null, null]","[null, null, null, null, null]",,0.06252071994718163,0.06652202327511164,5.0,1.96
1a,10000,1540505,neural-fore,neural-main-oracle-bellman,-12.618496905683841,-12.62390875241392,-12.586673112426368,0.06269274187082795,-12.746786526480742,-12.501030978347098,1.0,-0.0318237932574732,-0.03723563998755175,0.2953946571175118,0.2953946571175118,0.06374418412141254,0.05222261182099698,0.027634399006120705,nan,nan,0.2786380241577501,9.200675397853786,30.768361545363675,6459.197002645695,nan,nan,nan,nan,nan,nan,nan,nan,nan,220.0,0.004382190431914973,21.252984774601646,8000.0,1.0,0.0,nan,nan,nan,nan,nan,nan,nan,nan,nan,nan,nan,nan,nan,nan,nan,nan,0.0,"[300, 300, 100, 300, 100]","[0.0, 0.0013886415675751112, 0.0033367661529064567, 0.012323511636783578, 0.004862032802309723]","[null, null, null, null, null]","[null, null, null, null, null]","[null, null, null, null, null]","[null, null, null, null, null]",,0.06269274187082795,0.05031240453125398,5.0,1.96
1a,10000,1550505,neural-fore,neural-main-oracle-bellman,-12.685335579078027,-12.590621607494066,-12.586673112426368,0.06199826576392461,-12.712138208391359,-12.469105006596774,1.0,-0.09866246665165868,-0.003948495067698232,0.3743673867130648,0.3743673867130648,0.06746126000856185,0.05650098089399136,0.034304560190877714,nan,nan,0.3649611940907313,9.307773521115674,29.692299139587817,6593.688342186199,nan,nan,nan,nan,nan,nan,nan,nan,nan,180.0,0.0030944640249266405,20.003852474817542,8000.0,1.0,0.0,nan,nan,nan,nan,nan,nan,nan,nan,nan,nan,nan,nan,nan,nan,nan,nan,0.0,"[100, 100, 300, 300, 100]","[0.009610804968085265, 0.002294829141541734, 0.0014838576991402848, 0.0, 0.0020828283158659164]","[null, null, null, null, null]","[null, null, null, null, null]","[null, null, null, null, null]","[null, null, null, null, null]",,0.06199826576392461,0.046171477467803014,5.0,1.96
1a,10000,1560505,neural-fore,neural-main-oracle-bellman,-12.606141153474343,-12.639171507308175,-12.586673112426368,0.06334229006601322,-12.76332239583756,-12.51502061877879,1.0,-0.019468041047975504,-0.05249839488180719,0.40974852818075946,0.40974852818075946,0.07155172530226558,0.06234618539043647,0.02724937040665878,nan,nan,0.30029725902611853,9.172702596732384,31.137360551814577,6423.985654807463,nan,nan,nan,nan,nan,nan,nan,nan,nan,220.0,0.0041013222317994435,22.70029188360786,8000.0,1.0,0.0,nan,nan,nan,nan,nan,nan,nan,nan,nan,nan,nan,nan,nan,nan,nan,nan,0.0,"[300, 100, 300, 300, 100]","[0.0029800752608208658, 0.010917380791757351, 0.0, 0.0, 0.006609155106418999]","[null, null, null, null, null]","[null, null, null, null, null]","[null, null, null, null, null]","[null, null, null, null, null]",,0.06334229006601322,0.05355082704907385,5.0,1.96
1a,10000,1570505,neural-fore,neural-main-oracle-bellman,-12.585808649360555,-12.54403129915407,-12.586673112426368,0.05829918251380706,-12.658297696881133,-12.429764901427008,1.0,0.0008644630658132257,0.04264181327229721,0.3653108808486615,0.3653108808486615,0.05541360852593785,0.047595215363497846,0.03804553984046589,nan,nan,0.20962423240818084,9.602527695067577,26.57481398323426,6740.078844026353,nan,nan,nan,nan,nan,nan,nan,nan,nan,260.0,0.00246919323837972,23.625575850205497,8000.0,1.0,0.0,nan,nan,nan,nan,nan,nan,nan,nan,nan,nan,nan,nan,nan,nan,nan,nan,0.0,"[100, 300, 300, 300, 300]","[0.007334465434454582, 0.00282700320621738, 0.0, 0.00218449755122664, 0.0]","[null, null, null, null, null]","[null, null, null, null, null]","[null, null, null, null, null]","[null, null, null, null, null]",,0.05829918251380706,0.04193615836598042,5.0,1.96
1a,10000,1580505,neural-fore,neural-main-oracle-bellman,-12.638611620802598,-12.619448904356611,-12.586673112426368,0.06174678776841451,-12.740472608382703,-12.49842520033052,1.0,-0.05193850837622982,-0.03277579193024316,0.28096794310439377,0.28096794310439377,0.05635252251338927,0.054481580945850094,0.03569615993763957,nan,nan,0.2810648674580685,9.348637907240153,28.923715940771846,6554.299937147493,nan,nan,nan,nan,nan,nan,nan,nan,nan,220.0,0.008579415130674745,21.89710065021645,8000.0,1.0,0.0,nan,nan,nan,nan,nan,nan,nan,nan,nan,nan,nan,nan,nan,nan,nan,nan,0.0,"[300, 100, 300, 300, 100]","[0.008428578463380448, 0.02133586320523764, 0.0020673103439310656, 0.002582767407891831, 0.008482556232932745]","[null, null, null, null, null]","[null, null, null, null, null]","[null, null, null, null, null]","[null, null, null, null, null]",,0.06174678776841451,0.06611221511535868,5.0,1.96
1a,10000,1590505,neural-fore,neural-main-oracle-bellman,-12.548783417079097,-12.577814070544536,-12.586673112426368,0.060728568807638876,-12.696842065407507,-12.458786075681564,1.0,0.03788969534727116,0.008859041881832397,0.5177752182406887,0.5177752182406887,0.07180380319492637,0.0696708096863517,0.04106422644153219,nan,nan,0.2762050742574508,9.3235196571172,29.692657958445043,6584.512576281497,nan,nan,nan,nan,nan,nan,nan,nan,nan,180.0,0.004485286700045473,21.927949233178516,8000.0,1.0,0.0,nan,nan,nan,nan,nan,nan,nan,nan,nan,nan,nan,nan,nan,nan,nan,nan,0.0,"[100, 300, 100, 300, 100]","[0.007398586131656283, 0.007578093314355902, 0.0015312414951319643, 0.003446215577271038, 0.0024722969818121708]","[null, null, null, null, null]","[null, null, null, null, null]","[null, null, null, null, null]","[null, null, null, null, null]",,0.060728568807638876,0.02784935410583031,5.0,1.96
1a,10000,1600505,neural-fore,neural-main-oracle-bellman,-12.590509553578107,-12.615815796920925,-12.586673112426368,0.060728376363756754,-12.734843414593888,-12.496788179247963,1.0,-0.0038364411517388675,-0.02914268449455726,0.4542602867884743,0.4542602867884743,0.06864237089089512,0.06603636233410796,0.02651995672880746,nan,nan,0.3114480216144303,9.408730673387428,29.735077198355015,6599.019199287848,nan,nan,nan,nan,nan,nan,nan,nan,nan,180.0,0.0030177491695773766,21.043415517010725,8000.0,1.0,0.0,nan,nan,nan,nan,nan,nan,nan,nan,nan,nan,nan,nan,nan,nan,nan,nan,0.0,"[300, 300, 100, 100, 100]","[0.005768877588379054, 0.0, 0.0029677281209303592, 0.0044331581205734796, 0.0019189820180039907]","[null, null, null, null, null]","[null, null, null, null, null]","[null, null, null, null, null]","[null, null, null, null, null]",,0.060728376363756754,0.09242597265103923,5.0,1.96
1a,10000,1610505,neural-fore,neural-main-oracle-bellman,-12.565308813827198,-12.546259824628974,-12.586673112426368,0.06109079623747737,-12.66599778525443,-12.426521864003519,1.0,0.02136429859917044,0.04041328779739395,0.5939652003038121,0.5939652003038121,0.06901225071285212,0.06759582816596124,0.030818189031536825,nan,nan,0.270938484804007,9.384241625305911,29.368741695259722,6555.535348200084,nan,nan,nan,nan,nan,nan,nan,nan,nan,300.0,0.0024152875137409408,25.743240907986184,8000.0,1.0,0.0,nan,nan,nan,nan,nan,nan,nan,nan,nan,nan,nan,nan,nan,nan,nan,nan,0.0,"[300, 300, 300, 300, 300]","[0.002581209253744277, 0.0025662735141923207, 0.0, 0.0, 0.006928954800768105]","[null, null, null, null, null]","[null, null, null, null, null]","[null, null, null, null, null]","[null, null, null, null, null]",,0.06109079623747737,0.04648032687660875,5.0,1.96
1a,10000,1620505,neural-fore,neural-main-oracle-bellman,-12.580656212972844,-12.599851606660806,-12.586673112426368,0.059919589279359836,-12.717294001648352,-12.48240921167326,1.0,0.006016899453523905,-0.013178494234438176,0.3576728394599126,0.3576728394599126,0.06622458851445497,0.05288027576720923,0.036942245264869,nan,nan,0.3213768760626553,9.713360641260666,30.04614562128277,6631.107756131631,nan,nan,nan,nan,nan,nan,nan,nan,nan,260.0,0.0023659327002470048,23.838641483592802,8000.0,1.0,0.0,nan,nan,nan,nan,nan,nan,nan,nan,nan,nan,nan,nan,nan,nan,nan,nan,0.0,"[300, 300, 100, 300, 300]","[0.0004977976717921393, 0.0, 0.004288951799876627, 0.00182136429472471, 0.005221549734841547]","[null, null, null, null, null]","[null, null, null, null, null]","[null, null, null, null, null]","[null, null, null, null, null]",,0.059919589279359836,0.042697839272519134,5.0,1.96
1a,10000,1630505,neural-fore,neural-main-oracle-bellman,-12.579977124802426,-12.532681318872312,-12.586673112426368,0.05940513719839759,-12.64911538778117,-12.416247249963453,1.0,0.006695987623942301,0.053991793554056144,0.3900927349531407,0.3900927349531407,0.05292136306568427,0.04545820521720074,0.03002485193236528,nan,nan,0.23586329004582393,9.486208464584776,29.16712927441291,6625.268566884305,nan,nan,nan,nan,nan,nan,nan,nan,nan,220.0,0.003726500832240541,22.39452829161892,8000.0,1.0000000000000002,0.0,nan,nan,nan,nan,nan,nan,nan,nan,nan,nan,nan,nan,nan,nan,nan,nan,0.0,"[100, 100, 300, 300, 300]","[0.005332588666577275, 0.008292635163160986, 0.0029216704367060367, 0.0, 0.0020856098947584084]","[null, null, null, null, null]","[null, null, null, null, null]","[null, null, null, null, null]","[null, null, null, null, null]",,0.05940513719839759,0.030136462783496566,5.0,1.96
1a,10000,1640505,neural-fore,neural-main-oracle-bellman,-12.632154346961231,-12.618441973165096,-12.586673112426368,0.06097743492663719,-12.737957745621305,-12.498926200708887,1.0,-0.04548123453486319,-0.03176886073872787,0.31116218966873427,0.31116218966873427,0.06274403273222459,0.05223796997730183,0.034075516534779755,nan,nan,0.2594832222081948,9.624304202998868,27.532384141594584,6659.231277768653,nan,nan,nan,nan,nan,nan,nan,nan,nan,220.0,0.001704621029242219,23.135885999619497,8000.0,1.0,0.0,nan,nan,nan,nan,nan,nan,nan,nan,nan,nan,nan,nan,nan,nan,nan,nan,0.0,"[300, 100, 100, 300, 300]","[0.00014707423398971082, 0.003827647000687112, 0.004548383911534273, 0.0, 0.0]","[null, null, null, null, null]","[null, null, null, null, null]","[null, null, null, null, null]","[null, null, null, null, null]",,0.06097743492663719,0.059702820094931074,5.0,1.96
1a,10000,1650505,neural-fore,neural-main-oracle-bellman,-12.643339689628498,-12.626108802936969,-12.586673112426368,0.06124086023678766,-12.746140889001072,-12.506076716872865,1.0,-0.05666657720212953,-0.03943569051060081,0.47202814506770585,0.47202814506770585,0.07220408385669515,0.06318212808046467,0.03535811309654953,nan,nan,0.30635727642371624,9.336681804597548,28.76533723622108,6595.832624266866,nan,nan,nan,nan,nan,nan,nan,nan,nan,180.0,0.005895523812147822,20.351575250178577,8000.0,1.0,0.0,nan,nan,nan,nan,nan,nan,nan,nan,nan,nan,nan,nan,nan,nan,nan,nan,0.0,"[300, 100, 100, 300, 100]","[0.0010415735088923953, 0.007979392090257382, 0.007960743237692629, 0.0056746057035104045, 0.006821304520386298]","[null, null, null, null, null]","[null, null, null, null, null]","[null, null, null, null, null]","[null, null, null, null, null]",,0.06124086023678766,0.0995544477699203,5.0,1.96
1a,10000,1660505,neural-fore,neural-main-oracle-bellman,-12.623154418227157,-12.623360019935122,-12.586673112426368,0.06135944232853926,-12.743624526899058,-12.503095512971186,1.0,-0.03648130580078934,-0.03668690750875392,0.5348639907301243,0.5348639907301243,0.07531959596308171,0.06617086607880839,0.03513238745330357,nan,nan,0.28572343359401786,9.38579097274565,30.257688296490343,6544.454758487727,nan,nan,nan,nan,nan,nan,nan,nan,nan,180.0,0.004867531475813173,21.22667887476273,8000.0,1.0000000000000002,0.0,nan,nan,nan,nan,nan,nan,nan,nan,nan,nan,nan,nan,nan,nan,nan,nan,0.0,"[300, 100, 300, 100, 100]","[0.005871541265426881, 0.004626188949627656, 0.0, 0.005908238531346889, 0.007931688632664443]","[null, null, null, null, null]","[null, null, null, null, null]","[null, null, null, null, null]","[null, null, null, null, null]",,0.06135944232853926,0.09039950115765225,5.0,1.96
1a,10000,1670505,neural-fore,neural-main-oracle-bellman,-12.595566802990998,-12.586143330753236,-12.586673112426368,0.06022996722117661,-12.704194066506743,-12.46809259499973,1.0,-0.008893690564629964,0.0005297816731317795,0.37406712013475485,0.37406712013475485,0.05662499111292667,0.05305027923822316,0.031854301389457745,nan,nan,0.233620985681334,9.58337244676095,28.25924976072563,6604.068872524154,nan,nan,nan,nan,nan,nan,nan,nan,nan,260.0,0.0004937728585045933,25.77367563296575,8000.0,1.0,0.0,nan,nan,nan,nan,nan,nan,nan,nan,nan,nan,nan,nan,nan,nan,nan,nan,0.0,"[100, 300, 300, 300, 300]","[0.0022031124292732447, 0.0, 0.0002657518632497221, 0.0, 0.0]","[null, null, null, null, null]","[null, null, null, null, null]","[null, null, null, null, null]","[null, null, null, null, null]",,0.06022996722117661,0.0696921132521032,5.0,1.96
1a,10000,1680505,neural-fore,neural-main-oracle-bellman,-12.546368627583748,-12.561027501142584,-12.586673112426368,0.06094529204162515,-12.68048027354417,-12.441574728741,1.0,0.04030448484262017,0.02564561128378351,0.4371752163266791,0.4371752163266791,0.08751987153746751,0.07723075199793099,0.03471734256400113,nan,nan,0.3020835039049647,9.288227576159873,30.50618333169605,6600.651701865604,nan,nan,nan,nan,nan,nan,nan,nan,nan,180.0,0.005859969501774551,22.25409104161663,8000.0,1.0,0.0,nan,nan,nan,nan,nan,nan,nan,nan,nan,nan,nan,nan,nan,nan,nan,nan,0.0,"[100, 300, 100, 100, 300]","[0.005782004063094025, 0.0, 0.015394630186098506, 0.008123213259680226, 0.0]","[null, null, null, null, null]","[null, null, null, null, null]","[null, null, null, null, null]","[null, null, null, null, null]",,0.06094529204162515,0.03483062387476254,5.0,1.96
1a,10000,1690505,neural-fore,neural-main-oracle-bellman,-12.545131663984662,-12.499168718027768,-12.586673112426368,0.05986183214276845,-12.616497909027593,-12.381839527027942,1.0,0.0415414484417056,0.08750439439860003,0.3044649828087938,0.3044649828087938,0.05562716286206706,0.05288309506542906,0.030151300919532758,nan,nan,0.22503084348646965,9.715821167219147,28.725299748849437,6599.383905780922,nan,nan,nan,nan,nan,nan,nan,nan,nan,260.0,0.005468007849097757,25.568087883025875,8000.0,1.0,0.0,nan,nan,nan,nan,nan,nan,nan,nan,nan,nan,nan,nan,nan,nan,nan,nan,0.0,"[300, 100, 300, 300, 300]","[0.008751571503437593, 0.008399819999159067, 0.005135860144670466, 0.0028495906181094884, 0.0022031969801121682]","[null, null, null, null, null]","[null, null, null, null, null]","[null, null, null, null, null]","[null, null, null, null, null]",,0.05986183214276845,0.06479501480839485,5.0,1.96
1a,10000,1700505,neural-fore,neural-main-oracle-bellman,-12.504133430991514,-12.463536260149299,-12.586673112426368,0.057650993934006814,-12.576532208259952,-12.350540312038646,0.0,0.08253968143485402,0.12313685227706905,0.5526933727458985,0.5526933727458985,0.07553469976801169,0.06896082432439196,0.026831755650521198,nan,nan,0.2933769929093337,9.494655094116641,28.508017912109835,6724.331240707636,nan,nan,nan,nan,nan,nan,nan,nan,nan,220.0,0.002215390005344099,22.835640591813718,8000.0,1.0,0.0,nan,nan,nan,nan,nan,nan,nan,nan,nan,nan,nan,nan,nan,nan,nan,nan,0.0,"[300, 300, 300, 100, 100]","[0.0, 0.002211938786017846, 0.0, 0.0037557384125856503, 0.005109272828117]","[null, null, null, null, null]","[null, null, null, null, null]","[null, null, null, null, null]","[null, null, null, null, null]",,0.057650993934006814,0.06431320374553502,5.0,1.96
1a,10000,1710505,neural-fore,neural-main-oracle-bellman,-12.541353387962022,-12.510645459274109,-12.586673112426368,0.059963607636538185,-12.628174130241723,-12.393116788306495,1.0,0.04531972446434551,0.07602765315225923,0.23854442094072786,0.23854442094072786,0.04717431387198491,0.04182935601583414,0.032984936337430014,nan,nan,0.24066413992814698,9.499043451573257,28.319750333673355,6596.412399074441,nan,nan,nan,nan,nan,nan,nan,nan,nan,260.0,0.00607834586137451,25.127685791417026,8000.0,1.0,0.0,nan,nan,nan,nan,nan,nan,nan,nan,nan,nan,nan,nan,nan,nan,nan,nan,0.0,"[300, 300, 300, 100, 300]","[0.0, 0.002870524880029982, 0.006761227705781777, 0.01658897505059171, 0.004171001670469078]","[null, null, null, null, null]","[null, null, null, null, null]","[null, null, null, null, null]","[null, null, null, null, null]",,0.059963607636538185,0.0780978718296164,5.0,1.96
1a,10000,1720505,neural-fore,neural-main-oracle-bellman,-12.573364501592245,-12.547354455195132,-12.586673112426368,0.06199611405387241,-12.66886683874072,-12.425842071649543,1.0,0.013308610834123158,0.03931865723123629,0.37708197029245144,0.37708197029245144,0.051090648064661924,0.044504778592449806,0.031765928449179553,nan,nan,0.2844341073939594,9.392810257212378,31.27998950865337,6474.7154248367415,nan,nan,nan,nan,nan,nan,nan,nan,nan,260.0,0.002230319974490494,24.571706791222095,8000.0,1.0,0.0,nan,nan,nan,nan,nan,nan,nan,nan,nan,nan,nan,nan,nan,nan,nan,nan,0.0,"[300, 300, 300, 300, 100]","[0.0, 0.0026316694390537687, 0.0, 0.0006415650554206364, 0.007878365377978064]","[null, null, null, null, null]","[null, null, null, null, null]","[null, null, null, null, null]","[null, null, null, null, null]",,0.06199611405387241,0.049933208674626674,5.0,1.96
1a,10000,1730505,neural-fore,neural-main-oracle-bellman,-12.56704623287736,-12.553466379684545,-12.586673112426368,0.060523053813782965,-12.67209156515956,-12.43484119420953,1.0,0.019626879549008436,0.03320673274182262,0.3128774997392944,0.3128774997392944,0.05090963909225109,0.042853169064561915,0.03658817911407496,nan,nan,0.26068122871333843,9.412290402663452,29.900841607113318,6551.723917390073,nan,nan,nan,nan,nan,nan,nan,nan,nan,260.0,0.006709506367182577,25.146783426008188,8000.0,1.0,0.0,nan,nan,nan,nan,nan,nan,nan,nan,nan,nan,nan,nan,nan,nan,nan,nan,0.0,"[300, 300, 100, 300, 300]","[0.0, 0.0035532113751099615, 0.029056006042552412, 0.0009383144182505156, 0.0]","[null, null, null, null, null]","[null, null, null, null, null]","[null, null, null, null, null]","[null, null, null, null, null]",,0.060523053813782965,0.04977794986689017,5.0,1.96
1a,10000,1740505,neural-fore,neural-main-oracle-bellman,-12.575847746471775,-12.558782305392604,-12.586673112426368,0.059057182161096795,-12.674534382428353,-12.443030228356855,1.0,0.01082536595459338,0.027890807033763565,0.5940078288391079,0.5940078288391079,0.06907010773323025,0.055473041170429484,0.03498725918843486,nan,nan,0.2720219771498865,9.661252563907627,27.22101919509019,6685.971501479024,nan,nan,nan,nan,nan,nan,nan,nan,nan,260.0,0.004103204179615631,26.345844175003002,8000.0,1.0,0.0,nan,nan,nan,nan,nan,nan,nan,nan,nan,nan,nan,nan,nan,nan,nan,nan,0.0,"[100, 300, 300, 300, 300]","[0.004879956469378671, 0.0, 0.0036184818756149597, 0.00953149194138072, 0.0024860906117038007]","[null, null, null, null, null]","[null, null, null, null, null]","[null, null, null, null, null]","[null, null, null, null, null]",,0.059057182161096795,0.10493301786476164,5.0,1.96
1a,10000,1750505,neural-fore,neural-main-oracle-bellman,-12.621873434351155,-12.624857408376963,-12.586673112426368,0.0625994855610773,-12.747552400076675,-12.502162416677251,1.0,-0.03520032192478695,-0.038184295950594915,0.3492717809205316,0.3492717809205316,0.0765995913007148,0.07077233611522644,0.03027613073955519,nan,nan,0.24229771960945898,9.327702668887657,29.078188498840316,6494.112254532068,nan,nan,nan,nan,nan,nan,nan,nan,nan,260.0,0.0024834070787221546,26.509526441199704,8000.0,1.0000000000000002,0.0,nan,nan,nan,nan,nan,nan,nan,nan,nan,nan,nan,nan,nan,nan,nan,nan,0.0,"[100, 300, 300, 300, 300]","[0.0071121778372783065, 0.00010627769464186229, 0.00384707103234889, 0.0, 0.001351508829341715]","[null, null, null, null, null]","[null, null, null, null, null]","[null, null, null, null, null]","[null, null, null, null, null]",,0.0625994855610773,0.0596189456544175,5.0,1.96
1a,10000,1760505,neural-fore,neural-main-oracle-bellman,-12.585826167958658,-12.559267975582364,-12.586673112426368,0.0611848402870839,-12.679190262545047,-12.43934568861968,1.0,0.0008469444677103866,0.027405136844004474,0.42533064674081106,0.42533064674081106,0.06720211938250756,0.06369925345882446,0.036416178797251994,nan,nan,0.2426822299577717,9.495248637654344,31.713648433285933,6502.48510185083,nan,nan,nan,nan,nan,nan,nan,nan,nan,260.0,0.002385056732671855,26.380646650411656,8000.0,1.0,0.0,nan,nan,nan,nan,nan,nan,nan,nan,nan,nan,nan,nan,nan,nan,nan,nan,0.0,"[300, 100, 300, 300, 300]","[0.0, 0.00871304022986427, 0.0032122434334950047, 0.0, 0.0]","[null, null, null, null, null]","[null, null, null, null, null]","[null, null, null, null, null]","[null, null, null, null, null]",,0.0611848402870839,0.08145560522070966,5.0,1.96
1a,10000,1770505,neural-fore,neural-main-oracle-bellman,-12.550181101777474,-12.568257970067942,-12.586673112426368,0.059420892809786,-12.684722919975123,-12.45179302016076,1.0,0.03649201064889418,0.01841514235842645,0.5523712996124945,0.5523712996124945,0.08363221956475522,0.06449612712064433,0.02378921640315672,nan,nan,0.18822599099510623,9.635434720644763,27.626631460551536,6692.952101949267,nan,nan,nan,nan,nan,nan,nan,nan,nan,300.0,0.003143827215889243,26.321004966204054,8000.0,1.0,0.0,nan,nan,nan,nan,nan,nan,nan,nan,nan,nan,nan,nan,nan,nan,nan,nan,0.0,"[300, 300, 300, 300, 300]","[0.0074617473436587225, 0.0, 0.008257388735787494, 0.0, 0.0]","[null, null, null, null, null]","[null, null, null, null, null]","[null, null, null, null, null]","[null, null, null, null, null]",,0.059420892809786,0.036238734823350355,5.0,1.96
1a,10000,1780505,neural-fore,neural-main-oracle-bellman,-12.58927631942304,-12.572168140897814,-12.586673112426368,0.0618199805851251,-12.693335302844659,-12.451000978950969,1.0,-0.0026032069966728244,0.014504971528554123,0.39581243778683456,0.39581243778683456,0.06907201835672334,0.061314607126124146,0.04011701735228136,nan,nan,0.34522278459311334,9.23176891853915,30.687503064211413,6491.4426052028175,nan,nan,nan,nan,nan,nan,nan,nan,nan,220.0,0.004458568229271891,23.4212625918095,8000.0,1.0,0.0,nan,nan,nan,nan,nan,nan,nan,nan,nan,nan,nan,nan,nan,nan,nan,nan,0.0,"[300, 100, 300, 100, 300]","[0.0, 0.014326583873530972, 0.0, 0.00796625727282848, 0.0]","[null, null, null, null, null]","[null, null, null, null, null]","[null, null, null, null, null]","[null, null, null, null, null]",,0.0618199805851251,0.05258842031983844,5.0,1.96
1a,10000,1790505,neural-fore,neural-main-oracle-bellman,-12.597354137566848,-12.548341610924787,-12.586673112426368,0.05997762772197511,-12.665897761259858,-12.430785460589716,1.0,-0.01068102514047986,0.038331501501581045,0.47766096315210327,0.47766096315210327,0.06082177341551722,0.052128499744380094,0.02380443926190626,nan,nan,0.21058919766922846,9.71791125472096,28.837362292323498,6620.40749621937,nan,nan,nan,nan,nan,nan,nan,nan,nan,260.0,0.0033965919972415597,24.633165183197708,8000.0,1.0,0.0,nan,nan,nan,nan,nan,nan,nan,nan,nan,nan,nan,nan,nan,nan,nan,nan,0.0,"[300, 300, 100, 300, 300]","[0.0020063776983447927, 0.0, 0.012904314408728457, 0.00207226787913455, 0.0]","[null, null, null, null, null]","[null, null, null, null, null]","[null, null, null, null, null]","[null, null, null, null, null]",,0.05997762772197511,0.04331712017072656,5.0,1.96
1a,10000,1800505,neural-fore,neural-main-oracle-bellman,-12.59229379356564,-12.557127834109023,-12.586673112426368,0.05841405066635428,-12.671619373415078,-12.442636294802968,1.0,-0.0056206811392716105,0.02954527831734488,0.5809072758924504,0.5809072758924504,0.07946031050260267,0.08092861033873854,0.03694990197100907,nan,nan,0.334629139567864,9.63587691667919,28.735865790431223,6788.808736865597,nan,nan,nan,nan,nan,nan,nan,nan,nan,180.0,0.005656593750938463,21.474801808362827,8000.0,1.0,0.0,nan,nan,nan,nan,nan,nan,nan,nan,nan,nan,nan,nan,nan,nan,nan,nan,0.0,"[300, 100, 100, 100, 300]","[0.0, 0.00611835013714369, 0.007117473883269061, 0.011155531984961222, 0.0038916127493183383]","[null, null, null, null, null]","[null, null, null, null, null]","[null, null, null, null, null]","[null, null, null, null, null]",,0.05841405066635428,0.056970973990801727,5.0,1.96
1a,10000,1810505,neural-fore,neural-main-oracle-bellman,-12.621906552470302,-12.61890096846128,-12.586673112426368,0.0609358365349021,-12.738335208069687,-12.499466728852871,1.0,-0.035233440043933584,-0.032227856034911184,0.3645410868087538,0.3645410868087538,0.0647231237303477,0.05785386073737962,0.033458830345232074,nan,nan,0.22635813577992653,9.336904765834753,28.832784296047798,6570.1065497405425,nan,nan,nan,nan,nan,nan,nan,nan,nan,260.0,0.0041012346749188895,24.72929690058809,8000.0,1.0,0.0,nan,nan,nan,nan,nan,nan,nan,nan,nan,nan,nan,nan,nan,nan,nan,nan,0.0,"[100, 300, 300, 300, 300]","[0.016132049094708115, 0.0029927711951550215, 0.0, 0.001381353084731312, 0.0]","[null, null, null, null, null]","[null, null, null, null, null]","[null, null, null, null, null]","[null, null, null, null, null]",,0.0609358365349021,0.08280899505447549,5.0,1.96
1a,10000,1820505,neural-fore,neural-main-oracle-bellman,-12.582369563668236,-12.50690699083701,-12.586673112426368,0.05872925390444465,-12.622016328489721,-12.391797653184298,1.0,0.004303548758132436,0.07976612158935836,0.42672746790847393,0.42672746790847393,0.07366413897564368,0.06213893781025596,0.04121929094159896,nan,nan,0.2859124855530974,9.514110066701257,28.137010205327257,6655.713156274914,nan,nan,nan,nan,nan,nan,nan,nan,nan,220.0,0.004459026938330593,23.73407917538425,8000.0,1.0,0.0,nan,nan,nan,nan,nan,nan,nan,nan,nan,nan,nan,nan,nan,nan,nan,nan,0.0,"[300, 100, 100, 300, 300]","[0.0, 0.013915350540466599, 0.004935615363616317, 0.0016209514576946227, 0.0018232173298754258]","[null, null, null, null, null]","[null, null, null, null, null]","[null, null, null, null, null]","[null, null, null, null, null]",,0.05872925390444465,0.04662142165748725,5.0,1.96
1a,10000,1830505,neural-fore,neural-main-oracle-bellman,-12.612997682752889,-12.62645026129564,-12.586673112426368,0.061188209388040676,-12.7463791516962,-12.50652137089508,1.0,-0.026324570326520913,-0.03977714886927153,0.42337695536955505,0.42337695536955505,0.06553380232529642,0.05771941943647927,0.028027915140039307,nan,nan,0.3318551398112012,9.487829553258901,30.132608631414126,6604.8346387636975,nan,nan,nan,nan,nan,nan,nan,nan,nan,180.0,0.00500201730868044,21.884364558232484,8000.0,1.0,0.0,nan,nan,nan,nan,nan,nan,nan,nan,nan,nan,nan,nan,nan,nan,nan,nan,0.0,"[300, 100, 300, 100, 100]","[0.001512975181465322, 0.004600487335902823, 0.002800489133516798, 0.010154835280673177, 0.005941299611844078]","[null, null, null, null, null]","[null, null, null, null, null]","[null, null, null, null, null]","[null, null, null, null, null]",,0.061188209388040676,0.05095044855372755,5.0,1.96
1a,10000,1840505,neural-fore,neural-main-oracle-bellman,-12.607526327442182,-12.64870573690608,-12.586673112426368,0.06164895116088897,-12.769537681181424,-12.527873792630738,1.0,-0.02085321501581383,-0.062032624479712695,0.38799113546676245,0.38799113546676245,0.06709177751475034,0.06111502224996886,0.02927923968797612,nan,nan,0.30538952281593473,9.327294201191233,30.344458724825255,6544.209054203047,nan,nan,nan,nan,nan,nan,nan,nan,nan,180.0,0.004397186237904241,21.960592407977675,8000.0,1.0,0.0,nan,nan,nan,nan,nan,nan,nan,nan,nan,nan,nan,nan,nan,nan,nan,nan,0.0,"[100, 300, 100, 300, 100]","[0.005021279996807276, 0.0008911745513062152, 0.004202315481351703, 0.0026813739619313227, 0.009189787198124692]","[null, null, null, null, null]","[null, null, null, null, null]","[null, null, null, null, null]","[null, null, null, null, null]",,0.06164895116088897,0.06000077158295205,5.0,1.96
1a,10000,1850505,neural-fore,neural-main-oracle-bellman,-12.618846801178606,-12.624442873098007,-12.586673112426368,0.05953796498659315,-12.74113728447173,-12.507748461724283,1.0,-0.032173688752237695,-0.03776976067163851,0.488153387463557,0.488153387463557,0.07106126915135338,0.05459142560484627,0.03175697256849492,nan,nan,0.2708335217133461,9.472152548259356,26.02847481532952,6771.792442962094,nan,nan,nan,nan,nan,nan,nan,nan,nan,180.0,0.002239456021281408,21.637980792217423,8000.0,1.0,0.0,nan,nan,nan,nan,nan,nan,nan,nan,nan,nan,nan,nan,nan,nan,nan,nan,0.0,"[100, 300, 300, 100, 100]","[0.0022767470730084504, 0.0002548593135228895, 0.0, 0.0032764612608512295, 0.005389212459024471]","[null, null, null, null, null]","[null, null, null, null, null]","[null, null, null, null, null]","[null, null, null, null, null]",,0.05953796498659315,0.03873076163280549,5.0,1.96
1a,10000,1860505,neural-fore,neural-main-oracle-bellman,-12.623276556936323,-12.570325698047105,-12.586673112426368,0.061253134457280096,-12.690381841583374,-12.450269554510836,1.0,-0.03660344450995545,0.016347414379263014,0.4398702146415062,0.4398702146415062,0.05448145908232457,0.0495215813026673,0.029935251022564904,nan,nan,0.22674682846999325,9.297735865903135,31.775979667468082,6437.08535631476,nan,nan,nan,nan,nan,nan,nan,nan,nan,260.0,0.0020033963725782727,23.937334132997783,8000.0,1.0,0.0,nan,nan,nan,nan,nan,nan,nan,nan,nan,nan,nan,nan,nan,nan,nan,nan,0.0,"[300, 300, 100, 300, 300]","[0.002462922934427083, 0.0, 0.007554058928464281, 0.0, 0.0]","[null, null, null, null, null]","[null, null, null, null, null]","[null, null, null, null, null]","[null, null, null, null, null]",,0.061253134457280096,0.024962895869696074,5.0,1.96
1a,10000,1870505,neural-fore,neural-main-oracle-bellman,-12.5840678642672,-12.601223715638753,-12.586673112426368,0.06115720519454739,-12.721091837820065,-12.48135559345744,1.0,0.002605248159168738,-0.014550603212384772,0.4680125980729642,0.4680125980729642,0.0676065200402018,0.055541414103088105,0.03253297054771395,nan,nan,0.24471280805606688,9.531216603069808,28.58243637714229,6614.025221278573,nan,nan,nan,nan,nan,nan,nan,nan,nan,300.0,0.0037498832953082083,25.262665249989368,8000.0,1.0,0.0,nan,nan,nan,nan,nan,nan,nan,nan,nan,nan,nan,nan,nan,nan,nan,nan,0.0,"[300, 300, 300, 300, 300]","[0.0, 0.008776066967087775, 0.005877330871283809, 0.004096018638169456, 0.0]","[null, null, null, null, null]","[null, null, null, null, null]","[null, null, null, null, null]","[null, null, null, null, null]",,0.06115720519454739,0.06167762613116114,5.0,1.96
1a,10000,1880505,neural-fore,neural-main-oracle-bellman,-12.58345176861207,-12.551527634594215,-12.586673112426368,0.060084214986857475,-12.669292695968457,-12.433762573219974,1.0,0.003221343814297839,0.035145477832152494,0.3240759520905123,0.3240759520905123,0.055647721660851746,0.04657674081355316,0.040163949157001805,nan,nan,0.22498444639297577,9.475982813273205,28.016564101640405,6613.561528580371,nan,nan,nan,nan,nan,nan,nan,nan,nan,300.0,0.0016745384866890304,25.40024627558887,8000.0,1.0,0.0,nan,nan,nan,nan,nan,nan,nan,nan,nan,nan,nan,nan,nan,nan,nan,nan,0.0,"[300, 300, 300, 300, 300]","[0.0, 0.0058633711865557795, 0.0, 0.002509321246889372, 0.0]","[null, null, null, null, null]","[null, null, null, null, null]","[null, null, null, null, null]","[null, null, null, null, null]",,0.060084214986857475,0.07802281888334911,5.0,1.96
1a,10000,1890505,neural-fore,neural-main-oracle-bellman,-12.64243021304505,-12.601817041125445,-12.586673112426368,0.06045846186501105,-12.720315626380867,-12.483318455870023,1.0,-0.05575710061868122,-0.01514392869907688,0.3920926391219027,0.3920926391219027,0.05666719846921826,0.0543342058841357,0.030993693219266035,nan,nan,0.2561502499756147,9.60948253050514,29.31749487601274,6614.0617532865135,nan,nan,nan,nan,nan,nan,nan,nan,nan,260.0,0.003219881828302397,23.282226466189606,8000.0,1.0,0.0,nan,nan,nan,nan,nan,nan,nan,nan,nan,nan,nan,nan,nan,nan,nan,nan,0.0,"[300, 100, 300, 300, 300]","[0.00277502905556252, 0.007191970097033336, 0.0023992344526078116, 0.0035981344438891882, 0.00013504109241912728]","[null, null, null, null, null]","[null, null, null, null, null]","[null, null, null, null, null]","[null, null, null, null, null]",,0.06045846186501105,0.047163807399868266,5.0,1.96
1a,10000,1900505,neural-fore,neural-main-oracle-bellman,-12.569062482657813,-12.54899680717238,-12.586673112426368,0.06196055591847526,-12.670439496772591,-12.427554117572168,1.0,0.017610629768554986,0.03767630525398857,0.4301158181416014,0.4301158181416014,0.07287803022355144,0.05984947534648061,0.031304739637830835,nan,nan,0.22377152885395743,9.359000569103097,31.085189295358585,6424.781085559971,nan,nan,nan,nan,nan,nan,nan,nan,nan,300.0,0.0017049238773938346,25.842708816577215,8000.0,1.0,0.0,nan,nan,nan,nan,nan,nan,nan,nan,nan,nan,nan,nan,nan,nan,nan,nan,0.0,"[300, 300, 300, 300, 300]","[0.0036035608958562386, 0.00040850908786679, 0.0, 0.004512549403246145, 0.0]","[null, null, null, null, null]","[null, null, null, null, null]","[null, null, null, null, null]","[null, null, null, null, null]",,0.06196055591847526,0.0258020083430479,5.0,1.96
1a,10000,1910505,neural-fore,neural-main-oracle-bellman,-12.614574321666439,-12.62699877236199,-12.586673112426368,0.059655835182226925,-12.743924209319154,-12.510073335404826,1.0,-0.027901209240070557,-0.04032565993562187,0.4441149772008094,0.4441149772008094,0.07178254529532684,0.06556698562356512,0.03436383651454007,nan,nan,0.2797305033504784,9.57492000400293,28.298728669392897,6668.159323495343,nan,nan,nan,nan,nan,nan,nan,nan,nan,180.0,0.004621633124521448,21.420986990991516,8000.0,1.0,0.0,nan,nan,nan,nan,nan,nan,nan,nan,nan,nan,nan,nan,nan,nan,nan,nan,0.0,"[100, 300, 300, 100, 100]","[0.005403779328918436, 0.0, 0.006832510335942565, 0.004910989165070194, 0.005960886792676044]","[null, null, null, null, null]","[null, null, null, null, null]","[null, null, null, null, null]","[null, null, null, null, null]",,0.059655835182226925,0.10200235003976509,5.0,1.96
1a,10000,1920505,neural-fore,neural-main-oracle-bellman,-12.612824165042024,-12.60352457032476,-12.586673112426368,0.06115761870286451,-12.723393502982374,-12.483655637667146,1.0,-0.02615105261565631,-0.01685145789839204,0.5193657927379851,0.5193657927379851,0.06565268367426483,0.06177364218505765,0.03732598700425865,nan,nan,0.21758426033771933,9.378706066327023,29.461659814218347,6569.185961168541,nan,nan,nan,nan,nan,nan,nan,nan,nan,300.0,0.0014192007164088995,26.882744516583625,8000.0,1.0,0.0,nan,nan,nan,nan,nan,nan,nan,nan,nan,nan,nan,nan,nan,nan,nan,nan,0.0,"[300, 300, 300, 300, 300]","[0.0030581860793179806, 0.0, 0.0028225442391195503, 0.0, 0.0012152732636069672]","[null, null, null, null, null]","[null, null, null, null, null]","[null, null, null, null, null]","[null, null, null, null, null]",,0.06115761870286451,0.04508040425135435,5.0,1.96
1a,10000,1930505,neural-fore,neural-main-oracle-bellman,-12.593545302410192,-12.586021231988642,-12.586673112426368,0.06213055772459977,-12.707797125128858,-12.464245338848427,1.0,-0.006872189983823773,0.0006518804377257936,0.4392284428245715,0.4392284428245715,0.062317510429070175,0.05129681517998275,0.04281477468015192,nan,nan,0.21483523946716399,9.383869018625273,30.31749048469055,6480.666318128757,nan,nan,nan,nan,nan,nan,nan,nan,nan,300.0,0.0011009810419068012,26.80537509196438,8000.0,1.0,0.0,nan,nan,nan,nan,nan,nan,nan,nan,nan,nan,nan,nan,nan,nan,nan,nan,0.0,"[300, 300, 300, 300, 300]","[0.005497261395686417, 7.64381384758906e-06, 0.0, 0.0, 0.0]","[null, null, null, null, null]","[null, null, null, null, null]","[null, null, null, null, null]","[null, null, null, null, null]",,0.06213055772459977,0.08225027503405409,5.0,1.96
1a,10000,1940505,neural-fore,neural-main-oracle-bellman,-12.573082443500455,-12.546864317581752,-12.586673112426368,0.06175933429984867,-12.667912612809456,-12.425816022354049,1.0,0.013590668925912652,0.03980879484461575,0.40518690269181346,0.40518690269181346,0.05642656768538949,0.05182098720440433,0.04108569113715552,nan,nan,0.26558863724295234,9.527958722189403,30.225894683111136,6532.4877759854935,nan,nan,nan,nan,nan,nan,nan,nan,nan,260.0,0.002902607910706217,25.06359060880495,8000.0,1.0,0.0,nan,nan,nan,nan,nan,nan,nan,nan,nan,nan,nan,nan,nan,nan,nan,nan,0.0,"[300, 300, 300, 300, 100]","[0.003490461451156112, 0.0, 0.0025582300028365876, 0.002008786868607153, 0.006455561230931231]","[null, null, null, null, null]","[null, null, null, null, null]","[null, null, null, null, null]","[null, null, null, null, null]",,0.06175933429984867,0.10520523466432458,5.0,1.96
1a,10000,1950505,neural-fore,neural-main-oracle-bellman,-12.571817633542448,-12.53673112139559,-12.586673112426368,0.060808407311892354,-12.6559155997269,-12.41754664306428,1.0,0.014855478883919915,0.0499419910307779,0.6759697672313538,0.6759697672313538,0.07499956440503862,0.06623260897337188,0.04475931737851848,nan,nan,0.3343818841487425,9.245677653925773,28.37029976238407,6623.1750277762985,nan,nan,nan,nan,nan,nan,nan,nan,nan,220.0,0.003830768021497744,24.179032774991356,8000.0,1.0,0.0,nan,nan,nan,nan,nan,nan,nan,nan,nan,nan,nan,nan,nan,nan,nan,nan,0.0,"[300, 100, 300, 100, 300]","[0.002464103321582701, 0.002819559972934302, 0.0, 0.010581887821630824, 0.0032882889913408942]","[null, null, null, null, null]","[null, null, null, null, null]","[null, null, null, null, null]","[null, null, null, null, null]",,0.060808407311892354,0.040844048873234194,5.0,1.96
1a,10000,1960505,neural-fore,neural-main-oracle-bellman,-12.609126957556429,-12.59489789907995,-12.586673112426368,0.061661800066849556,-12.715755027210975,-12.474040770948925,1.0,-0.022453845130060657,-0.008224786653581617,0.4654246484745017,0.4654246484745017,0.07786632430275538,0.06300869569976963,0.029944107088784075,nan,nan,0.22817698636316722,9.496311211338922,30.397351674225558,6529.894965003028,nan,nan,nan,nan,nan,nan,nan,nan,nan,260.0,0.0037981534853467934,26.125805467600003,8000.0,1.0,0.0,nan,nan,nan,nan,nan,nan,nan,nan,nan,nan,nan,nan,nan,nan,nan,nan,0.0,"[300, 300, 100, 300, 300]","[0.0, 0.0, 0.007400215977922597, 0.006932107512585672, 0.0046584439362256985]","[null, null, null, null, null]","[null, null, null, null, null]","[null, null, null, null, null]","[null, null, null, null, null]",,0.061661800066849556,0.04239484229524915,5.0,1.96
1a,10000,1970505,neural-fore,neural-main-oracle-bellman,-12.543806729364528,-12.55993484226046,-12.586673112426368,0.05993423103074651,-12.677405935080724,-12.442463749440197,1.0,0.042866383061840097,0.026738270165907352,0.32556578304500033,0.32556578304500033,0.06918677129453485,0.05990356821875531,0.03228557278444939,nan,nan,0.2813926332406297,9.564970460692468,27.565655836899104,6723.364415933188,nan,nan,nan,nan,nan,nan,nan,nan,nan,220.0,0.00566692909575655,24.72992295039585,8000.0,1.0,0.0,nan,nan,nan,nan,nan,nan,nan,nan,nan,nan,nan,nan,nan,nan,nan,nan,0.0,"[100, 300, 300, 300, 100]","[0.002954398906780994, 0.0035210515106708397, 0.00036107497403655396, 0.0004681534341184556, 0.021029966653175906]","[null, null, null, null, null]","[null, null, null, null, null]","[null, null, null, null, null]","[null, null, null, null, null]",,0.05993423103074651,0.05028809361577295,5.0,1.96
1a,10000,1980505,neural-fore,neural-main-oracle-bellman,-12.60586386399633,-12.597868704733907,-12.586673112426368,0.06054488252288002,-12.716536674478752,-12.479200734989062,1.0,-0.01919075156996186,-0.01119559230753886,0.4218047267426429,0.4218047267426429,0.0567824213483755,0.051762948819195895,0.03830483323282851,nan,nan,0.30018160517379494,9.489759342267314,29.28990133324295,6616.347501821417,nan,nan,nan,nan,nan,nan,nan,nan,nan,220.0,0.006189153832560143,24.966139691206628,8000.0,1.0,0.0,nan,nan,nan,nan,nan,nan,nan,nan,nan,nan,nan,nan,nan,nan,nan,nan,0.0,"[300, 100, 100, 300, 300]","[0.0016304723402811138, 0.008755712823088463, 0.01625153225190094, 0.0014924472223118055, 0.0028156045252183963]","[null, null, null, null, null]","[null, null, null, null, null]","[null, null, null, null, null]","[null, null, null, null, null]",,0.06054488252288002,0.07820999920318716,5.0,1.96
1a,10000,1990505,neural-fore,neural-main-oracle-bellman,-12.629617610170769,-12.568447685448888,-12.586673112426368,0.059135220236208035,-12.684352717111855,-12.45254265378592,1.0,-0.04294449774440068,0.018225426977480197,0.5344913528091907,0.5344913528091907,0.07325823751427066,0.05984847312065654,0.03425937150130408,nan,nan,0.30506252808768203,9.677275709617511,26.80092566829592,6760.504379240265,nan,nan,nan,nan,nan,nan,nan,nan,nan,220.0,0.004145019730562261,26.348956233810167,8000.0,1.0,0.0,nan,nan,nan,nan,nan,nan,nan,nan,nan,nan,nan,nan,nan,nan,nan,nan,0.0,"[100, 300, 300, 300, 100]","[0.008550975558842381, 0.0, 0.0, 0.0, 0.012174123093968923]","[null, null, null, null, null]","[null, null, null, null, null]","[null, null, null, null, null]","[null, null, null, null, null]",,0.059135220236208035,0.07064360500588916,5.0,1.96
1a,10000,2000505,neural-fore,neural-main-oracle-bellman,-12.635654126398213,-12.664734364241225,-12.586673112426368,0.06133572499510061,-12.784952385231621,-12.544516343250828,1.0,-0.0489810139718454,-0.0780612518148569,0.4269375340727136,0.4269375340727136,0.06370317587611465,0.06100111401822521,0.02768470083085371,nan,nan,0.2934794376010578,9.380251298233485,28.48218661484056,6628.334772970364,nan,nan,nan,nan,nan,nan,nan,nan,nan,220.0,0.0020273051676703985,25.45534450818086,8000.0,1.0,0.0,nan,nan,nan,nan,nan,nan,nan,nan,nan,nan,nan,nan,nan,nan,nan,nan,0.0,"[300, 300, 100, 100, 300]","[0.0011878257744101113, 0.0025645334602559505, 0.00032753312146457746, 0.006056633482221354, 0.0]","[null, null, null, null, null]","[null, null, null, null, null]","[null, null, null, null, null]","[null, null, null, null, null]",,0.06133572499510061,0.032084394268640154,5.0,1.96
1a,10000,2010505,neural-fore,neural-main-oracle-bellman,-12.71442199549991,-12.714727907983947,-12.586673112426368,0.06460509326286919,-12.841353890779171,-12.588101925188724,0.0,-0.12774888307354182,-0.12805479555757948,0.5539572598668203,0.5539572598668203,0.06840213914608242,0.0553402374069525,0.03785079257965353,nan,nan,0.31427093290192687,9.210299506529543,31.88541033240438,6375.4675739751065,nan,nan,nan,nan,nan,nan,nan,nan,nan,180.0,0.014180834643277452,22.89120998336002,8000.0,1.0,0.0,nan,nan,nan,nan,nan,nan,nan,nan,nan,nan,nan,nan,nan,nan,nan,nan,0.0,"[100, 100, 100, 300, 300]","[0.03988538928971845, 0.017752858978417784, 0.009889290119644133, 0.0, 0.003376634828606874]","[null, null, null, null, null]","[null, null, null, null, null]","[null, null, null, null, null]","[null, null, null, null, null]",,0.06460509326286919,0.06336323824936402,5.0,1.96
1a,10000,2020505,neural-fore,neural-main-oracle-bellman,-12.626258574656454,-12.620240967912201,-12.586673112426368,0.060962137615076656,-12.73972675763775,-12.500755178186651,1.0,-0.039585462230085966,-0.033567855485832965,0.8588531562806964,0.8588531562806964,0.09323705822548538,0.07974423388336047,0.025152374432912513,nan,nan,0.25938204307567647,9.399589678802627,28.56384398705977,6572.326894039759,nan,nan,nan,nan,nan,nan,nan,nan,nan,220.0,0.004784674747577856,24.418840491632,8000.0,1.0,0.0,nan,nan,nan,nan,nan,nan,nan,nan,nan,nan,nan,nan,nan,nan,nan,nan,0.0,"[100, 100, 300, 300, 300]","[0.006205207348899874, 0.017718166388989404, 0.0, 0.0, 0.0]","[null, null, null, null, null]","[null, null, null, null, null]","[null, null, null, null, null]","[null, null, null, null, null]",,0.060962137615076656,0.02865679582479296,5.0,1.96
1a,10000,2030505,neural-fore,neural-main-oracle-bellman,-12.648889970688685,-12.598819750038054,-12.586673112426368,0.06061436893496319,-12.717623913150582,-12.480015586925525,1.0,-0.06221685826231749,-0.012146637611685662,0.4999913925467799,0.4999913925467799,0.07165007219075029,0.06995984922131934,0.03148477641149593,nan,nan,0.3391183500604583,9.438445424159056,28.893660108935183,6650.871979974466,nan,nan,nan,nan,nan,nan,nan,nan,nan,180.0,0.0047273369384542374,21.959226716612466,8000.0,1.0,0.0,nan,nan,nan,nan,nan,nan,nan,nan,nan,nan,nan,nan,nan,nan,nan,nan,0.0,"[300, 100, 100, 300, 100]","[0.0, 0.005233625469421788, 0.006983117445067293, 0.005001089417394155, 0.006418852360387951]","[null, null, null, null, null]","[null, null, null, null, null]","[null, null, null, null, null]","[null, null, null, null, null]",,0.06061436893496319,0.028028073348516355,5.0,1.96
1a,10000,2040505,neural-fore,neural-main-oracle-bellman,-12.522336373080554,-12.531063936066127,-12.586673112426368,0.059791639579779676,-12.648255549642496,-12.413872322489759,1.0,0.06433673934581385,0.05560917636024065,0.4849713019231598,0.4849713019231598,0.062442224026144896,0.054746444586846056,0.030312640263949368,nan,nan,0.3417566856402865,9.324653557772605,29.29774976637999,6648.7554874956895,nan,nan,nan,nan,nan,nan,nan,nan,nan,220.0,0.005347455068975942,24.65594300784869,8000.0,0.9999999999999998,0.0,nan,nan,nan,nan,nan,nan,nan,nan,nan,nan,nan,nan,nan,nan,nan,nan,0.0,"[100, 300, 100, 300, 300]","[0.004934446400940706, 0.0025531729824594387, 0.013671836342067993, 0.0, 0.005577819619411574]","[null, null, null, null, null]","[null, null, null, null, null]","[null, null, null, null, null]","[null, null, null, null, null]",,0.059791639579779676,0.03602804264387883,5.0,1.96
1a,10000,2050505,neural-fore,neural-main-oracle-bellman,-12.592241529091657,-12.57700817084855,-12.586673112426368,0.06022672097520521,-12.695052543959953,-12.458963797737148,1.0,-0.0055684166652891776,0.009664941577817387,0.5348346215543648,0.5348346215543648,0.06968372872493608,0.06697478503470092,0.04130672853088469,nan,nan,0.33708485798334586,9.547006260420956,29.77368033766385,6673.371196860237,nan,nan,nan,nan,nan,nan,nan,nan,nan,180.0,0.0024093680661043996,23.57637878364185,8000.0,1.0,0.0,nan,nan,nan,nan,nan,nan,nan,nan,nan,nan,nan,nan,nan,nan,nan,nan,0.0,"[300, 300, 100, 100, 100]","[0.000840212464874335, 0.0, 0.006096899371630412, 0.0, 0.0051097284940172525]","[null, null, null, null, null]","[null, null, null, null, null]","[null, null, null, null, null]","[null, null, null, null, null]",,0.06022672097520521,0.05664367972861925,5.0,1.96
1a,10000,2060505,neural-fore,neural-main-oracle-bellman,-12.602243483022868,-12.604864548835332,-12.586673112426368,0.0625574886358488,-12.727477226561595,-12.482251871109069,1.0,-0.015570370596499572,-0.018191436408963924,0.28304818247909747,0.28304818247909747,0.07317309484621293,0.06717418705046371,0.028829514112196097,nan,nan,0.35813826032078183,9.266836425231762,31.313964807220962,6466.425854609649,nan,nan,nan,nan,nan,nan,nan,nan,nan,180.0,0.003215084238259782,22.732685516611674,8000.0,1.0,0.0,nan,nan,nan,nan,nan,nan,nan,nan,nan,nan,nan,nan,nan,nan,nan,nan,0.0,"[300, 100, 100, 100, 300]","[0.0021233842611977256, 0.004568978357107677, 0.003152796966200496, 0.00623026160679301, 0.0]","[null, null, null, null, null]","[null, null, null, null, null]","[null, null, null, null, null]","[null, null, null, null, null]",,0.0625574886358488,0.04861932197971419,5.0,1.96
1a,10000,2070505,neural-fore,neural-main-oracle-bellman,-12.550771083651464,-12.549918226340736,-12.586673112426368,0.05808717506278372,-12.663769089463793,-12.43606736321768,1.0,0.03590202877490434,0.03675488608563171,0.41949684215297023,0.41949684215297023,0.07412598627560071,0.06327320310192483,0.036252602027063784,nan,nan,0.2675533611302286,9.571543399592784,26.263118241770716,6835.585902192035,nan,nan,nan,nan,nan,nan,nan,nan,nan,220.0,0.0021140453889937736,25.397689758380874,8000.0,1.0,0.0,nan,nan,nan,nan,nan,nan,nan,nan,nan,nan,nan,nan,nan,nan,nan,nan,0.0,"[300, 300, 100, 300, 100]","[0.0, 0.0003841164110529041, 0.002927926224322713, 0.0, 0.00725818430959325]","[null, null, null, null, null]","[null, null, null, null, null]","[null, null, null, null, null]","[null, null, null, null, null]",,0.05808717506278372,0.05479849132659123,5.0,1.96
1a,10000,2080505,neural-fore,neural-main-oracle-bellman,-12.62186552794736,-12.637381731376117,-12.586673112426368,0.06129142165634077,-12.757512917822545,-12.517250544929688,1.0,-0.03519241552099217,-0.05070861894974854,0.44644712357085947,0.44644712357085947,0.051957116421712114,0.045796316646422947,0.03512853915350733,nan,nan,0.23367647163603758,9.415258538645402,29.317615190471184,6543.966550585144,nan,nan,nan,nan,nan,nan,nan,nan,nan,260.0,0.009415003973423462,26.12914801639272,8000.0,0.9999999999999998,0.0,nan,nan,nan,nan,nan,nan,nan,nan,nan,nan,nan,nan,nan,nan,nan,nan,0.0,"[300, 100, 300, 300, 300]","[0.0, 0.012255688590970757, 0.0, 0.002815163164446252, 0.0320041681117003]","[null, null, null, null, null]","[null, null, null, null, null]","[null, null, null, null, null]","[null, null, null, null, null]",,0.06129142165634077,0.04618481347125686,5.0,1.96
1a,10000,2090505,neural-fore,neural-main-oracle-bellman,-12.649254167162589,-12.67109080667213,-12.586673112426368,0.0610210092092566,-12.790691984722272,-12.551489628621987,1.0,-0.06258105473622066,-0.08441769424576151,0.3713672275148821,0.3713672275148821,0.08112425125109395,0.07473694518101545,0.02163880709487231,nan,nan,0.26984315300889966,9.515989949075815,29.08280247802587,6596.431186309397,nan,nan,nan,nan,nan,nan,nan,nan,nan,260.0,0.0012785040028212738,26.30975500775967,8000.0,1.0,0.0,nan,nan,nan,nan,nan,nan,nan,nan,nan,nan,nan,nan,nan,nan,nan,nan,0.0,"[300, 300, 300, 100, 300]","[0.002092282925981736, 0.0, 0.0, 0.0019679258135602167, 0.002332311274564417]","[null, null, null, null, null]","[null, null, null, null, null]","[null, null, null, null, null]","[null, null, null, null, null]",,0.0610210092092566,0.016717931323945334,5.0,1.96
1a,10000,2100505,neural-fore,neural-main-oracle-bellman,-12.54425204215511,-12.523687859628277,-12.586673112426368,0.06056321250725682,-12.6423917561425,-12.404983963114054,1.0,0.04242107027125819,0.0629852527980912,0.7781900224318266,0.7781900224318266,0.10402121056636285,0.0920110762197063,0.02568925737248774,nan,nan,0.19723165453960453,9.657202190758827,31.20439467945162,6490.3578963563805,nan,nan,nan,nan,nan,nan,nan,nan,nan,260.0,0.0017589629665628885,26.393851791589988,8000.0,1.0,0.0,nan,nan,nan,nan,nan,nan,nan,nan,nan,nan,nan,nan,nan,nan,nan,nan,0.0,"[100, 300, 300, 300, 300]","[0.004809787512450384, 0.0, 0.0039850273203640586, 0.0, 0.0]","[null, null, null, null, null]","[null, null, null, null, null]","[null, null, null, null, null]","[null, null, null, null, null]",,0.06056321250725682,0.051984951018031966,5.0,1.96
1a,10000,2110505,neural-fore,neural-main-oracle-bellman,-12.646712339850822,-12.644413777093467,-12.586673112426368,0.06133533942114418,-12.764631042358909,-12.524196511828025,1.0,-0.06003922742445411,-0.05774066466709904,0.6489880168558286,0.6489880168558286,0.10048685989801913,0.07747278168986554,0.02585605933182916,nan,nan,0.22203764774416046,9.47893205087307,28.924860301455737,6587.226455932587,nan,nan,nan,nan,nan,nan,nan,nan,nan,220.0,0.0018333870188816659,24.05041614178335,8000.0,1.0,0.0,nan,nan,nan,nan,nan,nan,nan,nan,nan,nan,nan,nan,nan,nan,nan,nan,0.0,"[300, 300, 100, 300, 100]","[0.0, 0.0, 0.008184777890715103, 0.0, 0.0009821572036932268]","[null, null, null, null, null]","[null, null, null, null, null]","[null, null, null, null, null]","[null, null, null, null, null]",,0.06133533942114418,0.05522834212930936,5.0,1.96
1a,10000,2120505,neural-fore,neural-main-oracle-bellman,-12.639911874430153,-12.626609408699267,-12.586673112426368,0.06106386511133243,-12.746294584317479,-12.506924233081055,1.0,-0.053238762003784856,-0.03993629627289863,0.42584843838591063,0.42584843838591063,0.07183176887136539,0.0588157145574444,0.02286516646157056,nan,nan,0.19214385710627857,9.479515545779654,28.766534970722095,6525.284799053444,nan,nan,nan,nan,nan,nan,nan,nan,nan,300.0,0.005208217566548866,29.12995249958476,8000.0,1.0,0.0,nan,nan,nan,nan,nan,nan,nan,nan,nan,nan,nan,nan,nan,nan,nan,nan,0.0,"[300, 300, 300, 300, 300]","[0.0, 0.007819701242347633, 0.005942018222373128, 0.007973785516717328, 0.0043055828513062465]","[null, null, null, null, null]","[null, null, null, null, null]","[null, null, null, null, null]","[null, null, null, null, null]",,0.06106386511133243,0.06873146955106844,5.0,1.96
1a,10000,2130505,neural-fore,neural-main-oracle-bellman,-12.454621543518398,-12.409878779232331,-12.586673112426368,0.05815734422944145,-12.523867173922037,-12.295890384542625,0.0,0.1320515689079702,0.17679433319403692,0.36311258141681824,0.36311258141681824,0.05922118952242814,0.04977865599621588,0.035350382491249534,nan,nan,0.35517363085212206,9.577127732622337,27.969450763108075,6755.219918754727,nan,nan,nan,nan,nan,nan,nan,nan,nan,140.0,0.008440435497458943,20.398906024207825,8000.0,1.0,0.0,nan,nan,nan,nan,nan,nan,nan,nan,nan,nan,nan,nan,nan,nan,nan,nan,0.0,"[100, 100, 100, 300, 100]","[0.00802728887873762, 0.0035432069330679026, 0.02378814519137787, 0.00053227290764786, 0.006311263576463463]","[null, null, null, null, null]","[null, null, null, null, null]","[null, null, null, null, null]","[null, null, null, null, null]",,0.05815734422944145,0.053040778647186565,5.0,1.96
1a,10000,2140505,neural-fore,neural-main-oracle-bellman,-12.549573506366439,-12.59272645473814,-12.586673112426368,0.06327867376095286,-12.716752655309607,-12.468700254166672,1.0,0.0370996060599289,-0.006053342311771459,0.5784308330920593,0.5784308330920593,0.0694736545445693,0.061420146484526386,0.02871214730847329,nan,nan,0.2243643572861781,9.418965115874329,32.47562681719312,6376.2241251368505,nan,nan,nan,nan,nan,nan,nan,nan,nan,260.0,0.0015328043151032727,26.015037474990823,8000.0,1.0,0.0,nan,nan,nan,nan,nan,nan,nan,nan,nan,nan,nan,nan,nan,nan,nan,nan,0.0,"[100, 300, 300, 300, 300]","[0.004887706684122276, 0.0, 0.0, 0.0027763148913940885, 0.0]","[null, null, null, null, null]","[null, null, null, null, null]","[null, null, null, null, null]","[null, null, null, null, null]",,0.06327867376095286,0.018223022616507212,5.0,1.96
1a,10000,2150505,neural-fore,neural-main-oracle-bellman,-12.701568095386474,-12.665915165519317,-12.586673112426368,0.06367208459884095,-12.790712451333045,-12.54111787970559,1.0,-0.11489498296010581,-0.0792420530929494,0.4414955822130266,0.4414955822130266,0.09428193573333402,0.08566445696860833,0.026708834894659247,nan,nan,0.24066698324154953,9.470474699378386,32.81317537257525,6353.404234226256,nan,nan,nan,nan,nan,nan,nan,nan,nan,300.0,0.0012930256338134988,26.950149225385395,8000.0,1.0,0.0,nan,nan,nan,nan,nan,nan,nan,nan,nan,nan,nan,nan,nan,nan,nan,nan,0.0,"[300, 300, 300, 300, 300]","[0.003525706793846579, 0.0, 0.002939421375220915, 0.0, 0.0]","[null, null, null, null, null]","[null, null, null, null, null]","[null, null, null, null, null]","[null, null, null, null, null]",,0.06367208459884095,0.04938208085950784,5.0,1.96
1a,10000,2160505,neural-fore,neural-main-oracle-bellman,-12.589967232703753,-12.571042729786903,-12.586673112426368,0.05951698738310227,-12.687696025057784,-12.454389434516022,1.0,-0.003294120277384849,0.015630382639464813,0.6760299689500368,0.6760299689500368,0.07603261556421585,0.07364384560572214,0.03503156542898466,nan,nan,0.2495706801076735,9.542402326817758,26.767067648933065,6679.175463618116,nan,nan,nan,nan,nan,nan,nan,nan,nan,260.0,0.0028916905335382723,25.385876866965553,8000.0,1.0,0.0,nan,nan,nan,nan,nan,nan,nan,nan,nan,nan,nan,nan,nan,nan,nan,nan,0.0,"[100, 300, 300, 300, 300]","[0.002171140522191617, 0.0035079174448909983, 0.0, 0.004112550760102116, 0.0046668439405066296]","[null, null, null, null, null]","[null, null, null, null, null]","[null, null, null, null, null]","[null, null, null, null, null]",,0.05951698738310227,0.07661497029529266,5.0,1.96
1a,10000,2170505,neural-fore,neural-main-oracle-bellman,-12.533668860897484,-12.506054460258543,-12.586673112426368,0.05958872714713742,-12.622848365466933,-12.389260555050154,1.0,0.05300425152888444,0.08061865216782493,0.3238709442819883,0.3238709442819883,0.04936226112953954,0.042548021152013726,0.0342395215463938,nan,nan,0.2183733984823039,9.56769406447562,30.02018922995507,6565.5627951250935,nan,nan,nan,nan,nan,nan,nan,nan,nan,300.0,0.0016289609476005107,28.407485566393007,8000.0,1.0,0.0,nan,nan,nan,nan,nan,nan,nan,nan,nan,nan,nan,nan,nan,nan,nan,nan,0.0,"[300, 300, 300, 300, 300]","[0.0028363978345570065, 0.0, 0.0009513246629667399, 0.0025830958134782254, 0.0017739864270005816]","[null, null, null, null, null]","[null, null, null, null, null]","[null, null, null, null, null]","[null, null, null, null, null]",,0.05958872714713742,0.04640111939137283,5.0,1.96
1a,10000,2180505,neural-fore,neural-main-oracle-bellman,-12.647819261389676,-12.631038648987179,-12.586673112426368,0.0613728900070254,-12.751329513400949,-12.51074778457341,1.0,-0.06114614896330828,-0.04436553656081088,0.37619242487675647,0.37619242487675647,0.05665042194761403,0.0509368634936922,0.03735209915672556,nan,nan,0.32883490284956185,9.447652873667662,29.852457312238258,6574.525431037928,nan,nan,nan,nan,nan,nan,nan,nan,nan,180.0,0.0062566729438861685,21.474897366820368,8000.0,1.0,0.0,nan,nan,nan,nan,nan,nan,nan,nan,nan,nan,nan,nan,nan,nan,nan,nan,0.0,"[100, 100, 300, 300, 100]","[0.014355413351695816, 0.003639171792377298, 0.0019959913810148836, 0.0, 0.011292788194342849]","[null, null, null, null, null]","[null, null, null, null, null]","[null, null, null, null, null]","[null, null, null, null, null]",,0.0613728900070254,0.07810769486599822,5.0,1.96
1a,10000,2190505,neural-fore,neural-main-oracle-bellman,-12.609087746711753,-12.54648207734759,-12.586673112426368,0.06250211799168377,-12.66898622861129,-12.423977926083891,1.0,-0.022414634285384594,0.040191035078777304,0.466610355315103,0.466610355315103,0.0732691210981952,0.06747254820067897,0.027884702064675047,nan,nan,0.3011987870261335,9.391238856120845,32.11675210231478,6468.05159358335,nan,nan,nan,nan,nan,nan,nan,nan,nan,180.0,0.00587963057279164,21.7958235406084,8000.0,1.0,0.0,nan,nan,nan,nan,nan,nan,nan,nan,nan,nan,nan,nan,nan,nan,nan,nan,0.0,"[300, 100, 100, 100, 300]","[0.006675645420370025, 0.006379728577211773, 0.006238196951448186, 0.010104581914928218, 0.0]","[null, null, null, null, null]","[null, null, null, null, null]","[null, null, null, null, null]","[null, null, null, null, null]",,0.06250211799168377,0.06722052869048788,5.0,1.96
1a,10000,2200505,neural-fore,neural-main-oracle-bellman,-12.635285006667425,-12.633438591679298,-12.586673112426368,0.06108271314896055,-12.75316070945126,-12.513716473907335,1.0,-0.048611894241057385,-0.04676547925292951,0.7543373757704138,0.7543373757704138,0.08229708105435314,0.07860059038762426,0.03323157143923184,nan,nan,0.27658711682477083,9.500137502213637,28.892489517228903,6572.165310345162,nan,nan,nan,nan,nan,nan,nan,nan,nan,180.0,0.004541606293293648,21.498060524836184,8000.0,1.0,0.0,nan,nan,nan,nan,nan,nan,nan,nan,nan,nan,nan,nan,nan,nan,nan,nan,0.0,"[100, 300, 100, 100, 300]","[0.0036533111254690954, 0.0026308949325962025, 0.006526844320563812, 0.007850677600080222, 0.002046303487758909]","[null, null, null, null, null]","[null, null, null, null, null]","[null, null, null, null, null]","[null, null, null, null, null]",,0.06108271314896055,0.050279580410008615,5.0,1.96
1a,10000,2210505,neural-fore,neural-main-oracle-bellman,-12.52901836640729,-12.521182732097094,-12.586673112426368,0.05972746679013671,-12.638248567005762,-12.404116897188425,1.0,0.05765474601907883,0.06549038032927434,0.3764932676937426,0.3764932676937426,0.06265878517918358,0.05539238970737884,0.03680976388662482,nan,nan,0.30046612802888023,9.600391700063494,28.74409370704463,6664.817711907596,nan,nan,nan,nan,nan,nan,nan,nan,nan,260.0,0.0018699675072389726,25.58871279119048,8000.0,1.0,0.0,nan,nan,nan,nan,nan,nan,nan,nan,nan,nan,nan,nan,nan,nan,nan,nan,0.0,"[300, 300, 300, 100, 300]","[0.0020822804333324157, 0.0015485849084209294, 0.00397494293420565, 0.001744029260235867, 0.0]","[null, null, null, null, null]","[null, null, null, null, null]","[null, null, null, null, null]","[null, null, null, null, null]",,0.05972746679013671,0.05859018171700533,5.0,1.96
1a,10000,2220505,neural-fore,neural-main-oracle-bellman,-12.539560486567385,-12.505625923518345,-12.586673112426368,0.05954446138128173,-12.622333067825657,-12.388918779211032,1.0,0.04711262585898268,0.08104718890802332,0.3775351216231252,0.3775351216231252,0.0680981376627275,0.05627972761303166,0.037774383614341336,nan,nan,0.25406647890085454,9.79314265515735,29.711915767960676,6637.637088072416,nan,nan,nan,nan,nan,nan,nan,nan,nan,260.0,0.001340195833602204,25.328495433425996,8000.0,1.0,0.0,nan,nan,nan,nan,nan,nan,nan,nan,nan,nan,nan,nan,nan,nan,nan,nan,0.0,"[100, 300, 300, 300, 300]","[0.0, 0.0, 0.0027070451851492787, 0.002101924854896705, 0.001892009127965036]","[null, null, null, null, null]","[null, null, null, null, null]","[null, null, null, null, null]","[null, null, null, null, null]",,0.05954446138128173,0.043555011298198984,5.0,1.96
1a,10000,2230505,neural-fore,neural-main-oracle-bellman,-12.601809177148782,-12.576368987109104,-12.586673112426368,0.060634178697228265,-12.695211977355672,-12.457525996862536,1.0,-0.015136064722414133,0.010304125317263768,0.4194367752221792,0.4194367752221792,0.07201236359679837,0.056221748694899175,0.027702094142912522,nan,nan,0.304071007965466,9.317656727666995,29.67926153551383,6579.9855445044,nan,nan,nan,nan,nan,nan,nan,nan,nan,180.0,0.007652367819486585,21.7592311581946,8000.0,0.9999999999999998,0.0,nan,nan,nan,nan,nan,nan,nan,nan,nan,nan,nan,nan,nan,nan,nan,nan,0.0,"[100, 300, 100, 100, 300]","[0.006257226540347859, 0.004957618665425332, 0.01949036917116921, 0.007346943411857653, 0.0002096813086328648]","[null, null, null, null, null]","[null, null, null, null, null]","[null, null, null, null, null]","[null, null, null, null, null]",,0.060634178697228265,0.03580418906442207,5.0,1.96
1a,10000,2240505,neural-fore,neural-main-oracle-bellman,-12.66271101460949,-12.684454482432999,-12.586673112426368,0.06234619282846662,-12.806653020376794,-12.562255944489204,1.0,-0.07603790218312234,-0.09778137000663101,0.4257807211482101,0.4257807211482101,0.05266032563937961,0.04789420239695148,0.03128574648825496,nan,nan,0.2433818005259608,9.223164951733432,29.01234633562906,6436.3297387240045,nan,nan,nan,nan,nan,nan,nan,nan,nan,260.0,0.002876237911237137,25.9404432586045,8000.0,1.0,0.0,nan,nan,nan,nan,nan,nan,nan,nan,nan,nan,nan,nan,nan,nan,nan,nan,0.0,"[300, 300, 300, 100, 300]","[0.0, 0.0002113192150735941, 0.007573405570695618, 0.006596464770416476, 0.0]","[null, null, null, null, null]","[null, null, null, null, null]","[null, null, null, null, null]","[null, null, null, null, null]",,0.06234619282846662,0.057488002954885514,5.0,1.96
1a,10000,2250505,neural-fore,neural-main-oracle-bellman,-12.58375862811664,-12.532784076873646,-12.586673112426368,0.05761894667706424,-12.645717212360692,-12.419850941386601,1.0,0.0029144843097288486,0.05388903555272151,0.27746778202078703,0.27746778202078703,0.0489241414703104,0.044209444057989884,0.029655049829561055,nan,nan,0.2300473866097903,9.904148725611691,27.74521901979393,6786.094075255778,nan,nan,nan,nan,nan,nan,nan,nan,nan,260.0,0.0024050750180474056,25.30317480022786,8000.0,1.0,0.0,nan,nan,nan,nan,nan,nan,nan,nan,nan,nan,nan,nan,nan,nan,nan,nan,0.0,"[300, 100, 300, 300, 300]","[0.006258426817371253, 0.0020500560060526573, 0.0037168922668131157, 0.0, 0.0]","[null, null, null, null, null]","[null, null, null, null, null]","[null, null, null, null, null]","[null, null, null, null, null]",,0.05761894667706424,0.05834433443564689,5.0,1.96
1a,10000,2260505,neural-fore,neural-main-oracle-bellman,-12.659076405654636,-12.607692640860755,-12.586673112426368,0.062335381191006435,-12.729869987995128,-12.485515293726381,1.0,-0.07240329322826788,-0.021019528434386814,0.34153532157921085,0.34153532157921085,0.0576250478396544,0.05278778221471499,0.0339866708125011,nan,nan,0.23356184036708585,9.188583364238056,28.684427445084257,6521.437924298087,nan,nan,nan,nan,nan,nan,nan,nan,nan,260.0,0.0019093858705296607,26.377538775000723,8000.0,1.0000000000000002,0.0,nan,nan,nan,nan,nan,nan,nan,nan,nan,nan,nan,nan,nan,nan,nan,nan,0.0,"[300, 300, 300, 300, 100]","[0.0020997577935623415, 0.0, 0.000268965924009087, 0.006455733416743082, 0.0007224722183337944]","[null, null, null, null, null]","[null, null, null, null, null]","[null, null, null, null, null]","[null, null, null, null, null]",,0.062335381191006435,0.10771097548612124,5.0,1.96
1a,10000,2270505,neural-fore,neural-main-oracle-bellman,-12.653595023383822,-12.632450047774622,-12.586673112426368,0.06178626685886413,-12.753551130817996,-12.511348964731248,1.0,-0.06692191095745414,-0.045776935348254,0.7089051829274682,0.7089051829274682,0.08572698096396647,0.07923202591348077,0.029918628975625958,nan,nan,0.21982847009472042,9.32840937165718,30.690093196008615,6498.303613038011,nan,nan,nan,nan,nan,nan,nan,nan,nan,260.0,0.005104679606647067,26.538979942025616,8000.0,1.0,0.0,nan,nan,nan,nan,nan,nan,nan,nan,nan,nan,nan,nan,nan,nan,nan,nan,0.0,"[300, 300, 300, 100, 300]","[0.0031281302825384863, 8.693663830650583e-05, 0.0, 0.021104841135690156, 0.0012034899767001857]","[null, null, null, null, null]","[null, null, null, null, null]","[null, null, null, null, null]","[null, null, null, null, null]",,0.06178626685886413,0.08073447367773275,5.0,1.96
1a,10000,2280505,neural-fore,neural-main-oracle-bellman,-12.588694500815347,-12.613557641765956,-12.586673112426368,0.062205955470851206,-12.735481314488824,-12.491633969043088,1.0,-0.0020213883889788065,-0.02688452933958807,0.30852558099028704,0.30852558099028704,0.06873388353009606,0.06309163559500745,0.02734720988990651,nan,nan,0.2325212413798918,9.205868706752511,30.5556108014533,6459.48137069555,nan,nan,nan,nan,nan,nan,nan,nan,nan,220.0,0.002010217462475017,25.389820816228166,8000.0,1.0000000000000002,0.0,nan,nan,nan,nan,nan,nan,nan,nan,nan,nan,nan,nan,nan,nan,nan,nan,0.0,"[300, 100, 300, 100, 300]","[0.0, 0.0037881064227053393, 0.0, 0.004253614473652643, 0.002009366416017102]","[null, null, null, null, null]","[null, null, null, null, null]","[null, null, null, null, null]","[null, null, null, null, null]",,0.062205955470851206,0.09341222046962076,5.0,1.96
1a,10000,2290505,neural-fore,neural-main-oracle-bellman,-12.575232686105009,-12.603800563308651,-12.586673112426368,0.06232209703148852,-12.725951873490368,-12.481649253126934,1.0,0.011440426321358999,-0.017127450882282957,0.4131358337646823,0.4131358337646823,0.052118741039648565,0.04807112671774401,0.040863552199288306,nan,nan,0.2905893757635872,9.456518634871902,30.00670047119565,6522.474485728847,nan,nan,nan,nan,nan,nan,nan,nan,nan,180.0,0.004082403637855612,22.8135496417759,8000.0,1.0,0.0,nan,nan,nan,nan,nan,nan,nan,nan,nan,nan,nan,nan,nan,nan,nan,nan,0.0,"[100, 300, 100, 100, 300]","[0.008486149099250195, 0.0, 0.004436419129791947, 0.004003154944150932, 0.0034862950160849866]","[null, null, null, null, null]","[null, null, null, null, null]","[null, null, null, null, null]","[null, null, null, null, null]",,0.06232209703148852,0.08880162123118418,5.0,1.96
1a,10000,2300505,neural-fore,neural-main-oracle-bellman,-12.670536669698505,-12.704228034550141,-12.586673112426368,0.06441804341675986,-12.83048739964699,-12.577968669453291,1.0,-0.0838635572721369,-0.11755492212377305,0.6833601151072972,0.6833601151072972,0.0753103670406895,0.06773843213218025,0.030661430665435856,nan,nan,0.26721202491988694,9.251231783087238,29.95264593086649,6455.587643332668,nan,nan,nan,nan,nan,nan,nan,nan,nan,260.0,0.001457833053263503,26.244926259014754,8000.0,1.0,0.0,nan,nan,nan,nan,nan,nan,nan,nan,nan,nan,nan,nan,nan,nan,nan,nan,0.0,"[300, 300, 100, 300, 300]","[0.003077170756161828, 0.0006513681731506349, 0.0035606263370050514, 0.0, 0.0]","[null, null, null, null, null]","[null, null, null, null, null]","[null, null, null, null, null]","[null, null, null, null, null]",,0.06441804341675986,0.0755838525820733,5.0,1.96
1a,10000,2310505,neural-fore,neural-main-oracle-bellman,-12.68381824863874,-12.629423961615515,-12.586673112426368,0.06290283042056488,-12.752713509239822,-12.506134413991209,1.0,-0.09714513621237231,-0.04275084918914729,0.5165430303381404,0.5165430303381404,0.06536524741531502,0.06030764374771488,0.03653755092039098,nan,nan,0.27674311120132833,9.291207746308523,30.64622603475351,6457.587553715934,nan,nan,nan,nan,nan,nan,nan,nan,nan,220.0,0.00576738447829977,24.196465082967187,8000.0,1.0,0.0,nan,nan,nan,nan,nan,nan,nan,nan,nan,nan,nan,nan,nan,nan,nan,nan,0.0,"[300, 100, 100, 300, 300]","[0.00037796304772634776, 0.006205851971003669, 0.010104426065609714, 0.009533811360940322, 0.0026148699462187975]","[null, null, null, null, null]","[null, null, null, null, null]","[null, null, null, null, null]","[null, null, null, null, null]",,0.06290283042056488,0.07329537141934823,5.0,1.96
1a,10000,2320505,neural-fore,neural-main-oracle-bellman,-12.601901065490674,-12.59018474084906,-12.586673112426368,0.06014705066348772,-12.708072960149496,-12.472296521548623,1.0,-0.015227953064306021,-0.0035116284226912597,0.585123837324231,0.585123837324231,0.06550495185976475,0.06508852411571363,0.03320412945052113,nan,nan,0.30704801587239,9.400477826647533,28.769339915320984,6681.062143223964,nan,nan,nan,nan,nan,nan,nan,nan,nan,180.0,0.004653223257374547,22.94364282498136,8000.0,1.0,0.0,nan,nan,nan,nan,nan,nan,nan,nan,nan,nan,nan,nan,nan,nan,nan,nan,0.0,"[300, 100, 300, 100, 100]","[0.006529559290950317, 0.0026423980250807146, 0.0, 0.00956565128087709, 0.00452850768996461]","[null, null, null, null, null]","[null, null, null, null, null]","[null, null, null, null, null]","[null, null, null, null, null]",,0.06014705066348772,0.026130703080646477,5.0,1.96
1a,10000,2330505,neural-fore,neural-main-oracle-bellman,-12.557443561983836,-12.5118299063544,-12.586673112426368,0.05753194586966312,-12.62459252025894,-12.39906729244986,1.0,0.029229550442531504,0.07484320607196793,0.3506477865674209,0.3506477865674209,0.06449836911309073,0.055323929641619994,0.02507610017445178,nan,nan,0.20092702085916675,9.688397475796501,26.730228475991108,6728.246620535993,nan,nan,nan,nan,nan,nan,nan,nan,nan,300.0,0.0011435728653685644,26.662592708377634,8000.0,1.0,0.0,nan,nan,nan,nan,nan,nan,nan,nan,nan,nan,nan,nan,nan,nan,nan,nan,0.0,"[300, 300, 300, 300, 300]","[0.0, 0.000494367073423855, 0.0, 0.0, 0.005223497253418966]","[null, null, null, null, null]","[null, null, null, null, null]","[null, null, null, null, null]","[null, null, null, null, null]",,0.05753194586966312,0.031473500049323894,5.0,1.96
1a,10000,2340505,neural-fore,neural-main-oracle-bellman,-12.648389567837562,-12.661092262611497,-12.586673112426368,0.0629016193435634,-12.784379436524882,-12.537805088698112,1.0,-0.06171645541119375,-0.07441915018512901,0.5082099601899241,0.5082099601899241,0.06088075208756858,0.05214937599801837,0.03138090663569112,nan,nan,0.28137384836941365,9.30640807350861,31.479466860803637,6495.2452033337595,nan,nan,nan,nan,nan,nan,nan,nan,nan,220.0,0.0035681303195236615,24.474387708387802,8000.0,1.0,0.0,nan,nan,nan,nan,nan,nan,nan,nan,nan,nan,nan,nan,nan,nan,nan,nan,0.0,"[100, 300, 300, 100, 300]","[0.00974993723992611, 0.0, 0.0, 0.005863720428745032, 0.002226993928947167]","[null, null, null, null, null]","[null, null, null, null, null]","[null, null, null, null, null]","[null, null, null, null, null]",,0.0629016193435634,0.046283035427236434,5.0,1.96
1a,10000,2350505,neural-fore,neural-main-oracle-bellman,-12.574291805336683,-12.530777338130516,-12.586673112426368,0.05931306343402193,-12.6470309424612,-12.414523733799832,1.0,0.012381307089684768,0.05589577429585191,0.3049883273565514,0.3049883273565514,0.04784047497473036,0.04410384989096773,0.02748557058046606,nan,nan,0.2544785684818635,9.606641546322454,29.43585912242531,6657.231223403983,nan,nan,nan,nan,nan,nan,nan,nan,nan,260.0,0.0025024689251602734,27.11346332456451,8000.0,1.0,0.0,nan,nan,nan,nan,nan,nan,nan,nan,nan,nan,nan,nan,nan,nan,nan,nan,0.0,"[300, 300, 300, 300, 100]","[0.005181608365046877, 0.0, 0.0, 0.002367661206285296, 0.004963075054469193]","[null, null, null, null, null]","[null, null, null, null, null]","[null, null, null, null, null]","[null, null, null, null, null]",,0.05931306343402193,0.062270265334666536,5.0,1.96
1a,10000,2360505,neural-fore,neural-main-oracle-bellman,-12.575156172175415,-12.527327865832317,-12.586673112426368,0.060125931978547646,-12.64517469251027,-12.409481039154365,1.0,0.011516940250952956,0.059345246594050494,0.30483877702616197,0.30483877702616197,0.04965453105545733,0.038059601847999086,0.028297264544116067,nan,nan,0.3041006555532189,9.533235002493324,29.214269222645065,6638.6887525071625,nan,nan,nan,nan,nan,nan,nan,nan,nan,220.0,0.0049924977253365,23.552917958807665,8000.0,0.9999999999999998,0.0,nan,nan,nan,nan,nan,nan,nan,nan,nan,nan,nan,nan,nan,nan,nan,nan,0.0,"[300, 100, 300, 100, 300]","[0.0, 0.017893832263499544, 0.0, 0.00414990317305525, 0.0029187531901277066]","[null, null, null, null, null]","[null, null, null, null, null]","[null, null, null, null, null]","[null, null, null, null, null]",,0.060125931978547646,0.0418737518533198,5.0,1.96
1a,10000,2370505,neural-fore,neural-main-oracle-bellman,-12.651686170773795,-12.62824420459638,-12.586673112426368,0.06375940937232111,-12.753212646966128,-12.50327576222663,1.0,-0.06501305834742688,-0.041571092170011426,0.3165525716377904,0.3165525716377904,0.05178353994891185,0.04705497560526154,0.027484581505216165,nan,nan,0.260146646594713,9.259982632123366,33.082936820027726,6353.658217008505,nan,nan,nan,nan,nan,nan,nan,nan,nan,260.0,0.002661550059173054,26.382477899990043,8000.0,1.0,0.0,nan,nan,nan,nan,nan,nan,nan,nan,nan,nan,nan,nan,nan,nan,nan,nan,0.0,"[300, 300, 300, 100, 300]","[0.004408701083686423, 0.002731930990442221, 0.0, 0.0035739294656739707, 0.002593188756062656]","[null, null, null, null, null]","[null, null, null, null, null]","[null, null, null, null, null]","[null, null, null, null, null]",,0.06375940937232111,0.02231372433711492,5.0,1.96
1a,10000,2380505,neural-fore,neural-main-oracle-bellman,-12.512181671198483,-12.487343854674068,-12.586673112426368,0.05999139874964041,-12.604926996223362,-12.369760713124773,1.0,0.07449144122788454,0.09932925775230039,0.37884280784050717,0.37884280784050717,0.060823377401307145,0.04866562678580737,0.03114848039486121,nan,nan,0.35987223197327983,9.685756135789202,30.724444905277647,6633.6986008798585,nan,nan,nan,nan,nan,nan,nan,nan,nan,180.0,0.003450390445742637,22.204847675166093,8000.0,1.0,0.0,nan,nan,nan,nan,nan,nan,nan,nan,nan,nan,nan,nan,nan,nan,nan,nan,0.0,"[100, 300, 300, 100, 100]","[0.00410914348342712, 0.004947970195549365, 0.0, 0.006092246994611214, 0.0021025915551254855]","[null, null, null, null, null]","[null, null, null, null, null]","[null, null, null, null, null]","[null, null, null, null, null]",,0.05999139874964041,0.07982191332366631,5.0,1.96
1a,10000,2390505,neural-fore,neural-main-oracle-bellman,-12.597094209639815,-12.545433834766069,-12.586673112426368,0.05859274290658997,-12.660275610862985,-12.430592058669152,1.0,-0.010421097213447084,0.04123927766029922,0.5037769634414663,0.5037769634414663,0.07540943428966194,0.06555983067952371,0.026930858472621694,nan,nan,0.23851868058244577,9.720200776262857,26.35007955117394,6700.742732390073,nan,nan,nan,nan,nan,nan,nan,nan,nan,260.0,0.0011996868443094784,25.99615955039626,8000.0,1.0,0.0,nan,nan,nan,nan,nan,nan,nan,nan,nan,nan,nan,nan,nan,nan,nan,nan,0.0,"[300, 100, 300, 300, 300]","[0.0016077303246094389, 0.003530111229616943, 0.0006146905439435939, 0.0002459021233774173, 0.0]","[null, null, null, null, null]","[null, null, null, null, null]","[null, null, null, null, null]","[null, null, null, null, null]",,0.05859274290658997,0.059911192614066466,5.0,1.96
1a,10000,2400505,neural-fore,neural-main-oracle-bellman,-12.587426821713333,-12.55321279246473,-12.586673112426368,0.06276869920450762,-12.676239442905565,-12.430186142023896,1.0,-0.0007537092869647211,0.03346031996163745,0.5360708001169832,0.5360708001169832,0.07887843014138098,0.06713638853499072,0.03631593076875903,nan,nan,0.22597683076749342,9.40171060758632,31.270030489117858,6432.733707349366,nan,nan,nan,nan,nan,nan,nan,nan,nan,260.0,0.0031545425212103836,25.53523539120797,8000.0,1.0,0.0,nan,nan,nan,nan,nan,nan,nan,nan,nan,nan,nan,nan,nan,nan,nan,nan,0.0,"[300, 300, 300, 100, 300]","[0.0, 0.0, 0.0013624046238599676, 0.013367196270474238, 0.001043111711717713]","[null, null, null, null, null]","[null, null, null, null, null]","[null, null, null, null, null]","[null, null, null, null, null]",,0.06276869920450762,0.038838786343701824,5.0,1.96
1a,10000,2410505,neural-fore,neural-main-oracle-bellman,-12.600305781500335,-12.578560196495388,-12.586673112426368,0.06185903208016365,-12.69980389937251,-12.457316493618267,1.0,-0.013632669073967207,0.008112915930979625,0.5099843738719543,0.5099843738719543,0.06319004547023585,0.05725696472240456,0.03478095682826389,nan,nan,0.2619651077995131,9.367415322335091,30.573329415813667,6514.1897959323305,nan,nan,nan,nan,nan,nan,nan,nan,nan,220.0,0.0024066189555005395,24.558209182997235,8000.0,1.0,0.0,nan,nan,nan,nan,nan,nan,nan,nan,nan,nan,nan,nan,nan,nan,nan,nan,0.0,"[100, 300, 100, 300, 300]","[0.0037532392229592502, 0.0, 0.005841709718564246, 0.0024381458359791996, 0.0]","[null, null, null, null, null]","[null, null, null, null, null]","[null, null, null, null, null]","[null, null, null, null, null]",,0.06185903208016365,0.04662859763734351,5.0,1.96
1a,10000,2420505,neural-fore,neural-main-oracle-bellman,-12.669288789077171,-12.659197334681469,-12.586673112426368,0.06185187573007409,-12.780427011112414,-12.537967658250524,1.0,-0.0826156766508035,-0.07252422225510102,0.4449783042370042,0.4449783042370042,0.07684786789345241,0.07376461499642537,0.027065158093245945,nan,nan,0.2981236525254801,9.346203765323619,29.7548028206421,6530.277588003089,nan,nan,nan,nan,nan,nan,nan,nan,nan,180.0,0.0031148337334512546,21.44334870018065,8000.0,1.0,0.0,nan,nan,nan,nan,nan,nan,nan,nan,nan,nan,nan,nan,nan,nan,nan,nan,0.0,"[100, 300, 100, 100, 300]","[0.0026946818912991976, 0.0, 0.003493899891428071, 0.007874329886178526, 0.0015112569983504777]","[null, null, null, null, null]","[null, null, null, null, null]","[null, null, null, null, null]","[null, null, null, null, null]",,0.06185187573007409,0.0670505069784438,5.0,1.96
1a,10000,2430505,neural-fore,neural-main-oracle-bellman,-12.592033380108417,-12.601145034268495,-12.586673112426368,0.06187647010667671,-12.722422915677582,-12.479867152859407,1.0,-0.005360267682048558,-0.014471921842126534,0.38355959080617535,0.38355959080617535,0.05287651529390375,0.04835018993617537,0.026707461435254713,nan,nan,0.24362538255871788,9.524028019784577,30.08867196283058,6495.051482683542,nan,nan,nan,nan,nan,nan,nan,nan,nan,260.0,0.0017830036045538423,25.853013800398912,8000.0,1.0,0.0,nan,nan,nan,nan,nan,nan,nan,nan,nan,nan,nan,nan,nan,nan,nan,nan,0.0,"[300, 300, 100, 300, 300]","[0.0, 0.0, 0.0060599024379547955, 0.0, 0.002855115584814417]","[null, null, null, null, null]","[null, null, null, null, null]","[null, null, null, null, null]","[null, null, null, null, null]",,0.06187647010667671,0.046565859644196204,5.0,1.96
1a,10000,2440505,neural-fore,neural-main-oracle-bellman,-12.607695373290747,-12.623403310330698,-12.586673112426368,0.06013138778583668,-12.741260830390937,-12.505545790270459,1.0,-0.021022260864379305,-0.03673019790432974,0.589344962292666,0.589344962292666,0.08996428023200269,0.07824751306859105,0.033177092071492095,nan,nan,0.33902856802874787,9.343629470350706,28.21518888443947,6694.377325536692,nan,nan,nan,nan,nan,nan,nan,nan,nan,180.0,0.004064914695512039,24.111404450202826,8000.0,1.0,0.0,nan,nan,nan,nan,nan,nan,nan,nan,nan,nan,nan,nan,nan,nan,nan,nan,0.0,"[300, 100, 100, 300, 100]","[0.0024049375138381177, 0.001369115261862092, 0.008860300652208143, 0.0025094124523679447, 0.005180807597283899]","[null, null, null, null, null]","[null, null, null, null, null]","[null, null, null, null, null]","[null, null, null, null, null]",,0.06013138778583668,0.0901212566562791,5.0,1.96
1a,10000,2450505,neural-fore,neural-main-oracle-bellman,-12.619516492473654,-12.647221096571343,-12.586673112426368,0.06111823064251486,-12.767012828630673,-12.527429364512013,1.0,-0.03284338004728582,-0.060547984144974976,0.615085509871873,0.615085509871873,0.07262191188186726,0.06418242104660421,0.026283712683195546,nan,nan,0.24914610816796348,9.497515342887244,29.842509965113184,6556.919914633277,nan,nan,nan,nan,nan,nan,nan,nan,nan,300.0,0.00200820416806404,27.621074116404635,8000.0,0.9999999999999998,0.0,nan,nan,nan,nan,nan,nan,nan,nan,nan,nan,nan,nan,nan,nan,nan,nan,0.0,"[300, 300, 300, 300, 300]","[0.009554167516095616, 0.0, 0.0, 0.0, 0.00048685332422458336]","[null, null, null, null, null]","[null, null, null, null, null]","[null, null, null, null, null]","[null, null, null, null, null]",,0.06111823064251486,0.04871925902962991,5.0,1.96
1a,10000,2460505,neural-fore,neural-main-oracle-bellman,-12.581049814402219,-12.592374308908804,-12.586673112426368,0.061926063792133064,-12.713749393941384,-12.470999223876223,1.0,0.0056232980241492925,-0.005701196482435833,0.3797043013147468,0.3797043013147468,0.07928313038583501,0.07723913400574474,0.0327358830236132,nan,nan,0.2747252431221672,9.433859974077306,28.38895303379944,6535.0997978107725,nan,nan,nan,nan,nan,nan,nan,nan,nan,260.0,0.003981353815117104,25.598392933188006,8000.0,0.9999999999999998,0.0,nan,nan,nan,nan,nan,nan,nan,nan,nan,nan,nan,nan,nan,nan,nan,nan,0.0,"[300, 300, 300, 300, 100]","[0.004976042887692667, 0.0, 0.002631393493711452, 0.0, 0.012299332694181405]","[null, null, null, null, null]","[null, null, null, null, null]","[null, null, null, null, null]","[null, null, null, null, null]",,0.061926063792133064,0.08220190435783963,5.0,1.96
1a,10000,2470505,neural-fore,neural-main-oracle-bellman,-12.61721788592471,-12.571798970388338,-12.586673112426368,0.059910780610537964,-12.689224100384992,-12.454373840391684,1.0,-0.030544773498341726,0.014874142038030058,0.46417907287842064,0.46417907287842064,0.07839770588712724,0.05916334687211222,0.040888098395245424,nan,nan,0.23959045635037343,9.526639799968404,28.586669566121724,6637.217282215645,nan,nan,nan,nan,nan,nan,nan,nan,nan,220.0,0.005573593165345851,24.70383725820575,8000.0,1.0,0.0,nan,nan,nan,nan,nan,nan,nan,nan,nan,nan,nan,nan,nan,nan,nan,nan,0.0,"[300, 100, 300, 100, 300]","[0.003718709257365276, 0.006763158613596259, 0.004786895669346276, 0.004943488892980391, 0.007655713393441051]","[null, null, null, null, null]","[null, null, null, null, null]","[null, null, null, null, null]","[null, null, null, null, null]",,0.059910780610537964,0.07120461557988494,5.0,1.96
1a,10000,2480505,neural-fore,neural-main-oracle-bellman,-12.569934089356282,-12.587471691504978,-12.586673112426368,0.05985114286249332,-12.704779931515466,-12.470163451494491,1.0,0.01673902307008568,-0.000798579078610473,0.3955849014143112,0.3955849014143112,0.051388052112057214,0.04895935875363758,0.027853308675283812,nan,nan,0.3398764570781708,9.457816624396953,29.080790140129803,6701.044389026446,nan,nan,nan,nan,nan,nan,nan,nan,nan,180.0,0.006402186183109562,21.861415709007996,8000.0,1.0000000000000002,0.0,nan,nan,nan,nan,nan,nan,nan,nan,nan,nan,nan,nan,nan,nan,nan,nan,0.0,"[100, 300, 100, 300, 100]","[0.01811741407351824, 0.003671353250047891, 0.005690450464000974, 0.0, 0.004531713127980708]","[null, null, null, null, null]","[null, null, null, null, null]","[null, null, null, null, null]","[null, null, null, null, null]",,0.05985114286249332,0.043081412707817096,5.0,1.96
1a,10000,2490505,neural-fore,neural-main-oracle-bellman,-12.546437328104705,-12.498868894179047,-12.586673112426368,0.05818844067834827,-12.612918237908609,-12.384819550449485,1.0,0.04023578432166275,0.08780421824732088,0.3897857153709098,0.3897857153709098,0.07077468413098112,0.06752874902290265,0.026479229336518344,nan,nan,0.21785619634829717,9.814395356835615,26.8289955946024,6742.707300126229,nan,nan,nan,nan,nan,nan,nan,nan,nan,300.0,0.00046539131861135855,27.145110391627533,8000.0,1.0,0.0,nan,nan,nan,nan,nan,nan,nan,nan,nan,nan,nan,nan,nan,nan,nan,nan,0.0,"[300, 300, 300, 300, 300]","[0.0, 0.0023269565930567927, 0.0, 0.0, 0.0]","[null, null, null, null, null]","[null, null, null, null, null]","[null, null, null, null, null]","[null, null, null, null, null]",,0.05818844067834827,0.08394095970165574,5.0,1.96
1a,10000,2500505,neural-fore,neural-main-oracle-bellman,-12.444540427551141,-12.450926520803433,-12.586673112426368,0.05782530058006903,-12.56426410994037,-12.337588931666497,0.0,0.1421326848752269,0.1357465916229348,0.3979499424499306,0.3979499424499306,0.06996606780427767,0.060061274346829376,0.04214639452175088,nan,nan,0.35989622016689715,9.657570175033822,27.00081056179054,6818.031328148653,nan,nan,nan,nan,nan,nan,nan,nan,nan,220.0,0.001113998566316065,25.428246832988226,8000.0,1.0,0.0,nan,nan,nan,nan,nan,nan,nan,nan,nan,nan,nan,nan,nan,nan,nan,nan,0.0,"[100, 300, 300, 100, 300]","[0.0025553915171035815, 0.0, 0.0, 0.0024738895142137622, 0.0005407118002629812]","[null, null, null, null, null]","[null, null, null, null, null]","[null, null, null, null, null]","[null, null, null, null, null]",,0.05782530058006903,0.07046634168167015,5.0,1.96
1a,10000,2510505,neural-fore,neural-main-oracle-bellman,-12.56867855161915,-12.59068947531696,-12.586673112426368,0.06126472761927595,-12.710768341450741,-12.47061060918318,1.0,0.017994560807217397,-0.004016362890592262,0.31024527369604715,0.31024527369604715,0.05652770241824391,0.052753479775759636,0.030147540707179975,nan,nan,0.2416623973230582,9.415945300255991,29.7231976879069,6516.544848728749,nan,nan,nan,nan,nan,nan,nan,nan,nan,260.0,0.004426284751530787,25.367029841826298,8000.0,0.9999999999999998,0.0,nan,nan,nan,nan,nan,nan,nan,nan,nan,nan,nan,nan,nan,nan,nan,nan,0.0,"[300, 300, 300, 100, 300]","[0.0017894416184265995, 0.003729825692496476, 0.0027848904098393503, 0.0027937585652479035, 0.011033507471643606]","[null, null, null, null, null]","[null, null, null, null, null]","[null, null, null, null, null]","[null, null, null, null, null]",,0.06126472761927595,0.04646037084870015,5.0,1.96
1a,10000,2520505,neural-fore,neural-main-oracle-bellman,-12.618777491608075,-12.541992971570386,-12.586673112426368,0.05918332334708639,-12.657992285330675,-12.425993657810096,1.0,-0.03210437918170683,0.044680140855982486,0.446861328673668,0.446861328673668,0.06902745290101796,0.05636001243135487,0.03320646054810964,nan,nan,0.2489002149247955,9.753133980493688,27.39798362533406,6680.078726750333,nan,nan,nan,nan,nan,nan,nan,nan,nan,260.0,0.0026751101000916976,26.38448212520452,8000.0,1.0,0.0,nan,nan,nan,nan,nan,nan,nan,nan,nan,nan,nan,nan,nan,nan,nan,nan,0.0,"[300, 100, 300, 300, 300]","[0.0, 0.007572778205403934, 0.0, 0.00464838088859158, 0.0011543914064629723]","[null, null, null, null, null]","[null, null, null, null, null]","[null, null, null, null, null]","[null, null, null, null, null]",,0.05918332334708639,0.04182157311227173,5.0,1.96
1a,10000,2530505,neural-fore,neural-main-oracle-bellman,-12.597830953084674,-12.56847831730441,-12.586673112426368,0.05946079991216845,-12.685021485132259,-12.45193514947656,1.0,-0.011157840658306384,0.018194795121958762,0.3789404743835135,0.3789404743835135,0.07463940390862418,0.05958049979364758,0.025223403864792552,nan,nan,0.25096214356523133,9.639489796947899,27.98584664398468,6662.284118390854,nan,nan,nan,nan,nan,nan,nan,nan,nan,260.0,0.0023675746648581615,24.910306600411424,8000.0,1.0,0.0,nan,nan,nan,nan,nan,nan,nan,nan,nan,nan,nan,nan,nan,nan,nan,nan,0.0,"[300, 100, 300, 300, 300]","[0.00018722825860866834, 0.006961270717386003, 0.0, 0.0, 0.004689374348296135]","[null, null, null, null, null]","[null, null, null, null, null]","[null, null, null, null, null]","[null, null, null, null, null]",,0.05946079991216845,0.09287087705142251,5.0,1.96
1a,10000,2540505,neural-fore,neural-main-oracle-bellman,-12.573976604579238,-12.55196691960763,-12.586673112426368,0.06272133888769094,-12.674900743827504,-12.429033095387755,1.0,0.012696507847129723,0.03470619281873866,0.43759843179660607,0.43759843179660607,0.06107409315549696,0.05292705152955918,0.030065063256025922,nan,nan,0.4342165165971666,9.062074401084809,31.953396921415813,6484.7815817939945,nan,nan,nan,nan,nan,nan,nan,nan,nan,140.0,0.004111266728466725,19.36346028361004,8000.0,1.0,0.0,nan,nan,nan,nan,nan,nan,nan,nan,nan,nan,nan,nan,nan,nan,nan,nan,0.0,"[300, 100, 100, 100, 100]","[0.0, 0.006104401901499117, 0.0032428271203058102, 0.009656849560271245, 0.001552255060257456]","[null, null, null, null, null]","[null, null, null, null, null]","[null, null, null, null, null]","[null, null, null, null, null]",,0.06272133888769094,0.07088804959869953,5.0,1.96
1a,10000,2550505,neural-fore,neural-main-oracle-bellman,-12.663608088180633,-12.621421937970926,-12.586673112426368,0.06348100523689307,-12.745844708235236,-12.496999167706615,1.0,-0.07693497575426456,-0.034748825544557604,0.4397364301508211,0.4397364301508211,0.0628964375075776,0.05749801002341083,0.038574340384276117,nan,nan,0.28871168474136505,9.350640013679875,30.238721600038463,6446.383855604006,nan,nan,nan,nan,nan,nan,nan,nan,nan,180.0,0.0040657918920644805,22.256940158188808,8000.0,1.0,0.0,nan,nan,nan,nan,nan,nan,nan,nan,nan,nan,nan,nan,nan,nan,nan,nan,0.0,"[100, 100, 100, 300, 300]","[0.0026831591848063196, 0.00541685656891076, 0.002966454850679887, 0.0, 0.009262488855925434]","[null, null, null, null, null]","[null, null, null, null, null]","[null, null, null, null, null]","[null, null, null, null, null]",,0.06348100523689307,0.08322224351046054,5.0,1.96
1a,10000,2560505,neural-fore,neural-main-oracle-bellman,-12.557768017242255,-12.612767401728064,-12.586673112426368,0.060347111592220976,-12.731047740448817,-12.49448706300731,1.0,0.028905095184112994,-0.026094289301695994,0.4178215568256343,0.4178215568256343,0.053890454911570115,0.04697177354143378,0.031432250594041033,nan,nan,0.23641650659045757,9.43020388034892,26.84560386242581,6623.284809792765,nan,nan,nan,nan,nan,nan,nan,nan,nan,300.0,0.0019799338645196452,26.301581517013254,8000.0,1.0,0.0,nan,nan,nan,nan,nan,nan,nan,nan,nan,nan,nan,nan,nan,nan,nan,nan,0.0,"[300, 300, 300, 300, 300]","[0.008851864007230956, 0.0, 0.0, 0.0, 0.0010478053153672696]","[null, null, null, null, null]","[null, null, null, null, null]","[null, null, null, null, null]","[null, null, null, null, null]",,0.060347111592220976,0.04166262787622566,5.0,1.96
1a,10000,2570505,neural-fore,neural-main-oracle-bellman,-12.61684311310085,-12.580601510901182,-12.586673112426368,0.06224050789080687,-12.702592906367164,-12.458610115435201,1.0,-0.030170000674482722,0.006071601525185599,0.43552626841809855,0.43552626841809855,0.06095015183037883,0.050940938477436026,0.026322954519552008,nan,nan,0.28490039132523715,9.51385110868755,29.667361793378806,6530.606197619688,nan,nan,nan,nan,nan,nan,nan,nan,nan,220.0,0.0063285692690537645,23.357451225211843,8000.0,1.0,0.0,nan,nan,nan,nan,nan,nan,nan,nan,nan,nan,nan,nan,nan,nan,nan,nan,0.0,"[100, 100, 300, 300, 300]","[0.0075456201718395975, 0.0234298637949927, 0.0004999699415736006, 0.0, 0.0001673924368629259]","[null, null, null, null, null]","[null, null, null, null, null]","[null, null, null, null, null]","[null, null, null, null, null]",,0.06224050789080687,0.07054570990903722,5.0,1.96
1a,10000,2580505,neural-fore,neural-main-oracle-bellman,-12.743130395125673,-12.686157732578916,-12.586673112426368,0.06328078664500812,-12.810188074403133,-12.5621273907547,1.0,-0.15645728269930537,-0.09948462015254833,0.4220382321731079,0.4220382321731079,0.07658662173969633,0.06657335037646762,0.031612580636452246,nan,nan,0.20484260742018348,9.283054712673998,29.698785058494984,6448.185877540327,nan,nan,nan,nan,nan,nan,nan,nan,nan,260.0,0.001387735431301952,25.48353494220646,8000.0,1.0,0.0,nan,nan,nan,nan,nan,nan,nan,nan,nan,nan,nan,nan,nan,nan,nan,nan,0.0,"[300, 300, 300, 300, 100]","[0.0, 0.0, 0.0, 0.0, 0.00693867715650976]","[null, null, null, null, null]","[null, null, null, null, null]","[null, null, null, null, null]","[null, null, null, null, null]",,0.06328078664500812,0.041396799374671854,5.0,1.96
1a,10000,2590505,neural-fore,neural-main-oracle-bellman,-12.589498828127924,-12.546616674200981,-12.586673112426368,0.06116777363728661,-12.666505510530063,-12.4267278378719,1.0,-0.0028257157015563195,0.040056438225386515,0.32461797497031775,0.32461797497031775,0.04821550085670014,0.044884695832541746,0.031939613122229205,nan,nan,0.29064776459475367,9.46501039543405,30.151149422449116,6577.6033234443,nan,nan,nan,nan,nan,nan,nan,nan,nan,180.0,0.0034356243005989203,21.677028608182447,8000.0,1.0,0.0,nan,nan,nan,nan,nan,nan,nan,nan,nan,nan,nan,nan,nan,nan,nan,nan,0.0,"[300, 300, 100, 100, 100]","[0.0, 0.0031816641695505354, 0.0028454993129228582, 0.005189731434525901, 0.005961226585995307]","[null, null, null, null, null]","[null, null, null, null, null]","[null, null, null, null, null]","[null, null, null, null, null]",,0.06116777363728661,0.05434694496612444,5.0,1.96
1a,10000,2600505,neural-fore,neural-main-oracle-bellman,-12.64616065712373,-12.656435223617843,-12.586673112426368,0.061160783726237004,-12.776310359721267,-12.536560087514419,1.0,-0.05948754469736173,-0.06976211119147457,0.756389877513622,0.756389877513622,0.0868017654538387,0.08463330180190645,0.03404489698022997,nan,nan,0.2510928293192149,9.612937304797779,29.105105423408688,6583.951649277832,nan,nan,nan,nan,nan,nan,nan,nan,nan,260.0,0.001871363648788385,26.269137542194223,8000.0,1.0,0.0,nan,nan,nan,nan,nan,nan,nan,nan,nan,nan,nan,nan,nan,nan,nan,nan,0.0,"[100, 300, 300, 300, 300]","[0.004264799673499612, 0.004306116133748274, 0.0007859024366940394, 0.0, 0.0]","[null, null, null, null, null]","[null, null, null, null, null]","[null, null, null, null, null]","[null, null, null, null, null]",,0.061160783726237004,0.03913488961139151,5.0,1.96
1a,10000,2610505,neural-fore,neural-main-oracle-bellman,-12.629785713954183,-12.621839089473314,-12.586673112426368,0.06098786639790661,-12.741375307613211,-12.502302871333416,1.0,-0.04311260152781493,-0.035165977046945684,0.2747470888726954,0.2747470888726954,0.04508369172492079,0.038768657872590075,0.03893573180995987,nan,nan,0.2834800342445521,9.561435142879949,28.812874324003026,6633.149428021986,nan,nan,nan,nan,nan,nan,nan,nan,nan,260.0,0.004342705674563539,24.749217824614608,8000.0,1.0,0.0,nan,nan,nan,nan,nan,nan,nan,nan,nan,nan,nan,nan,nan,nan,nan,nan,0.0,"[300, 100, 300, 300, 300]","[0.0, 0.009586435135748257, 0.01212709323706944, 0.0, 0.0]","[null, null, null, null, null]","[null, null, null, null, null]","[null, null, null, null, null]","[null, null, null, null, null]",,0.06098786639790661,0.055804190811999374,5.0,1.96
1a,10000,2620505,neural-fore,neural-main-oracle-bellman,-12.577640323410712,-12.570114740219587,-12.586673112426368,0.06047317982880603,-12.688642172684046,-12.451587307755128,1.0,0.009032789015655851,0.016558372206780803,0.5631762616949927,0.5631762616949927,0.07538468836163001,0.06802535863733977,0.0269430949267871,nan,nan,0.33742442064147066,9.451850880562517,30.433141942522358,6599.460528274697,nan,nan,nan,nan,nan,nan,nan,nan,nan,220.0,0.0024453307418229814,23.454256916628218,8000.0,1.0,0.0,nan,nan,nan,nan,nan,nan,nan,nan,nan,nan,nan,nan,nan,nan,nan,nan,0.0,"[300, 100, 300, 100, 300]","[0.002359484614206778, 0.0029319610116163458, 0.0009189213225683731, 0.0036513129520592508, 0.002364973808664158]","[null, null, null, null, null]","[null, null, null, null, null]","[null, null, null, null, null]","[null, null, null, null, null]",,0.06047317982880603,0.03193299770294886,5.0,1.96
1a,10000,2630505,neural-fore,neural-main-oracle-bellman,-12.577194545955205,-12.552150880930947,-12.586673112426368,0.05989792076196773,-12.669550805624404,-12.43475095623749,1.0,0.009478566471162964,0.034522231495420996,0.38871077563286993,0.38871077563286993,0.06785212397323064,0.06574741017554779,0.024935201499821053,nan,nan,0.23039570552463692,9.334377045680185,27.59539655926324,6692.098064885723,nan,nan,nan,nan,nan,nan,nan,nan,nan,260.0,0.0025374405363604927,24.73592485836707,8000.0,1.0,0.0,nan,nan,nan,nan,nan,nan,nan,nan,nan,nan,nan,nan,nan,nan,nan,nan,0.0,"[300, 300, 300, 100, 300]","[0.004908282750978578, 0.002772668761102423, 0.0, 0.004655838128133117, 0.00035041304158834463]","[null, null, null, null, null]","[null, null, null, null, null]","[null, null, null, null, null]","[null, null, null, null, null]",,0.05989792076196773,0.07314806968059387,5.0,1.96
1a,10000,2640505,neural-fore,neural-main-oracle-bellman,-12.57538124791013,-12.55605178351251,-12.586673112426368,0.05985169465369213,-12.673361105033747,-12.438742461991273,1.0,0.011291864516238093,0.030621328913857937,0.43507400786395223,0.43507400786395223,0.059614196799710015,0.05731393498953689,0.02460341443911925,nan,nan,0.36070915106092566,9.522834738742832,30.397135839593542,6678.495025945452,nan,nan,nan,nan,nan,nan,nan,nan,nan,180.0,0.0053789366517119274,21.13506173338974,8000.0,1.0,0.0,nan,nan,nan,nan,nan,nan,nan,nan,nan,nan,nan,nan,nan,nan,nan,nan,0.0,"[100, 100, 100, 300, 300]","[0.008643478581213091, 0.0028806518990042627, 0.010294965161972891, 0.0050755876163693925, 0.0]","[null, null, null, null, null]","[null, null, null, null, null]","[null, null, null, null, null]","[null, null, null, null, null]",,0.05985169465369213,0.06284901802995506,5.0,1.96
1a,10000,2650505,neural-fore,neural-main-oracle-bellman,-12.612540941888904,-12.61688758198421,-12.586673112426368,0.06199754143686766,-12.73840276320047,-12.49537240076795,1.0,-0.025867829462535852,-0.03021446955784235,0.5976136072405663,0.5976136072405663,0.07236266581689074,0.06268040995192106,0.030194690252484883,nan,nan,0.2760733541881425,9.41578269091902,30.39730499638198,6547.971595844153,nan,nan,nan,nan,nan,nan,nan,nan,nan,180.0,0.005741374672220713,22.064636191818863,8000.0,1.0,0.0,nan,nan,nan,nan,nan,nan,nan,nan,nan,nan,nan,nan,nan,nan,nan,nan,0.0,"[300, 100, 100, 300, 100]","[0.0008117060377268083, 0.011002410865868588, 0.012885507316373395, 0.0, 0.004007249141134776]","[null, null, null, null, null]","[null, null, null, null, null]","[null, null, null, null, null]","[null, null, null, null, null]",,0.06199754143686766,0.078426632852188,5.0,1.96
1a,10000,2660505,neural-fore,neural-main-oracle-bellman,-12.548221377717509,-12.50706349135685,-12.586673112426368,0.06089610705420982,-12.626419861183102,-12.3877071215306,1.0,0.03845173470885932,0.07960962106951719,0.42344719045446355,0.42344719045446355,0.08034354651646781,0.07246941868071015,0.0311248911927226,nan,nan,0.3168857528741135,9.520324850032084,30.04699998794858,6544.344371501392,nan,nan,nan,nan,nan,nan,nan,nan,nan,220.0,0.003922742099431333,23.733264058607165,8000.0,1.0,0.0,nan,nan,nan,nan,nan,nan,nan,nan,nan,nan,nan,nan,nan,nan,nan,nan,0.0,"[100, 300, 300, 100, 300]","[0.008301768988864736, 0.0, 0.0, 0.01131194150829193, 0.0]","[null, null, null, null, null]","[null, null, null, null, null]","[null, null, null, null, null]","[null, null, null, null, null]",,0.06089610705420982,0.022355665352490436,5.0,1.96
1a,10000,2670505,neural-fore,neural-main-oracle-bellman,-12.531023757357447,-12.516855482337743,-12.586673112426368,0.05999753888299465,-12.634450658548412,-12.399260306127074,1.0,0.05564935506892077,0.0698176300886253,0.29326850723788833,0.29326850723788833,0.05738991206092129,0.04954298660649854,0.04545332118895929,nan,nan,0.38766794534270366,9.457882755695525,28.196502973775118,6703.605905229226,nan,nan,nan,nan,nan,nan,nan,nan,nan,140.0,0.006557751007819981,20.423747632990125,8000.0,1.0,0.0,nan,nan,nan,nan,nan,nan,nan,nan,nan,nan,nan,nan,nan,nan,nan,nan,0.0,"[100, 100, 300, 100, 100]","[0.0062250412506631445, 0.005806425828201388, 0.00262203508670904, 0.011498720186886562, 0.0066365326866397725]","[null, null, null, null, null]","[null, null, null, null, null]","[null, null, null, null, null]","[null, null, null, null, null]",,0.05999753888299465,0.042767252748365174,5.0,1.96
1a,10000,2680505,neural-fore,neural-main-oracle-bellman,-12.612491055935976,-12.553243863388479,-12.586673112426368,0.061819852590129516,-12.674410774465134,-12.432076952311824,1.0,-0.0258179435096082,0.03342924903788891,0.658192349720979,0.658192349720979,0.07892932257652603,0.071813394005717,0.026375080360450713,nan,nan,0.2600547913607222,9.416672037197854,32.19232778759647,6487.375245057305,nan,nan,nan,nan,nan,nan,nan,nan,nan,220.0,0.002257145172227873,24.748496034182608,8000.0,1.0,0.0,nan,nan,nan,nan,nan,nan,nan,nan,nan,nan,nan,nan,nan,nan,nan,nan,0.0,"[300, 300, 100, 100, 300]","[0.0, 0.0, 0.006549378898521142, 0.004736346962618223, 0.0]","[null, null, null, null, null]","[null, null, null, null, null]","[null, null, null, null, null]","[null, null, null, null, null]",,0.061819852590129516,0.0346673695097369,5.0,1.96
1a,10000,2690505,neural-fore,neural-main-oracle-bellman,-12.628173783875045,-12.607882223013052,-12.586673112426368,0.06121462429803033,-12.72786288663719,-12.487901559388913,1.0,-0.041500671448677195,-0.02120911058668362,0.341259904276315,0.341259904276315,0.054842365181409544,0.043899565916436345,0.030014193422744348,nan,nan,0.2269766121501052,9.447717655457502,29.31740241172119,6553.3669261394325,nan,nan,nan,nan,nan,nan,nan,nan,nan,260.0,0.0018239492070593899,25.601262974797283,8000.0,1.0,0.0,nan,nan,nan,nan,nan,nan,nan,nan,nan,nan,nan,nan,nan,nan,nan,nan,0.0,"[300, 300, 300, 300, 100]","[0.0036906565548133737, 0.002354886691356445, 0.0, 0.0, 0.0030742027891271307]","[null, null, null, null, null]","[null, null, null, null, null]","[null, null, null, null, null]","[null, null, null, null, null]",,0.06121462429803033,0.05605120394293973,5.0,1.96
1a,10000,2700505,neural-fore,neural-main-oracle-bellman,-12.565963951331046,-12.510969066647043,-12.586673112426368,0.06004641113505965,-12.62866003247176,-12.393278100822325,1.0,0.02070916109532206,0.07570404577932521,0.9054088757197313,0.9054088757197313,0.11471902460700915,0.11210919845250027,0.027657393525342234,nan,nan,0.30300488628490646,9.563963325333383,29.72242208384262,6613.603424821501,nan,nan,nan,nan,nan,nan,nan,nan,nan,180.0,0.006262965093121425,21.57303829960292,8000.0,1.0,0.0,nan,nan,nan,nan,nan,nan,nan,nan,nan,nan,nan,nan,nan,nan,nan,nan,0.0,"[300, 100, 100, 300, 100]","[0.0, 0.007390123020282768, 0.007569075039991895, 0.0022634855711693774, 0.014092141834163081]","[null, null, null, null, null]","[null, null, null, null, null]","[null, null, null, null, null]","[null, null, null, null, null]",,0.06004641113505965,0.02284161587616072,5.0,1.96
1a,10000,2710505,neural-fore,neural-main-oracle-bellman,-12.522125321473144,-12.536055162645672,-12.586673112426368,0.05926962639253075,-12.652223630375033,-12.419886694916311,1.0,0.06454779095322394,0.05061794978069578,0.5395438165629052,0.5395438165629052,0.0734591224068254,0.06471144122961113,0.03472814729895227,nan,nan,0.3667706528914548,9.412956476093381,28.75246571440716,6663.803528581848,nan,nan,nan,nan,nan,nan,nan,nan,nan,180.0,0.003828435867606258,22.567417874606328,8000.0,1.0,0.0,nan,nan,nan,nan,nan,nan,nan,nan,nan,nan,nan,nan,nan,nan,nan,nan,0.0,"[100, 100, 300, 300, 100]","[0.00990201554525685, 0.0050405336285036404, 0.0, 0.0, 0.0041996301642707986]","[null, null, null, null, null]","[null, null, null, null, null]","[null, null, null, null, null]","[null, null, null, null, null]",,0.05926962639253075,0.06811249326351725,5.0,1.96
1a,10000,2720505,neural-fore,neural-main-oracle-bellman,-12.604836347159651,-12.59770963671788,-12.586673112426368,0.06111100292864382,-12.717487202458022,-12.477932070977738,1.0,-0.018163234733282962,-0.01103652429151225,0.6960842899653182,0.6960842899653182,0.09009095399663322,0.08639674606691003,0.03947687857071151,nan,nan,0.23545241992528249,9.388702786245968,28.134841945238424,6540.791193346781,nan,nan,nan,nan,nan,nan,nan,nan,nan,260.0,0.0021638290494028272,24.497634333430323,8000.0,1.0,0.0,nan,nan,nan,nan,nan,nan,nan,nan,nan,nan,nan,nan,nan,nan,nan,nan,0.0,"[300, 300, 300, 300, 100]","[0.003150024422258279, 0.0, 0.0, 0.0018689050724371749, 0.005800215752318684]","[null, null, null, null, null]","[null, null, null, null, null]","[null, null, null, null, null]","[null, null, null, null, null]",,0.06111100292864382,0.0681318581538072,5.0,1.96
1a,10000,2730505,neural-fore,neural-main-oracle-bellman,-12.580357609851585,-12.501250372770324,-12.586673112426368,0.058878329817059843,-12.61665189921176,-12.385848846328887,1.0,0.006315502574782528,0.0854227396560443,0.7773485870117947,0.7773485870117947,0.08830232543648785,0.08206877564986426,0.026042170828171115,nan,nan,0.2727582233136803,9.60922503582736,29.486358946526302,6626.4683369169,nan,nan,nan,nan,nan,nan,nan,nan,nan,220.0,0.003103977238474138,23.780013641831466,8000.0,1.0,0.0,nan,nan,nan,nan,nan,nan,nan,nan,nan,nan,nan,nan,nan,nan,nan,nan,0.0,"[300, 100, 300, 300, 100]","[0.0, 0.008440623271326757, 0.00036508543077957257, 0.0, 0.006714177490264359]","[null, null, null, null, null]","[null, null, null, null, null]","[null, null, null, null, null]","[null, null, null, null, null]",,0.058878329817059843,0.060124775074879774,5.0,1.96
1a,10000,2740505,neural-fore,neural-main-oracle-bellman,-12.631821364188358,-12.572779880342026,-12.586673112426368,0.06003876791262618,-12.690455865450772,-12.455103895233279,1.0,-0.04514825176199011,0.013893232084342344,0.5728277221222935,0.5728277221222935,0.060142595007335695,0.05919480547754946,0.045041580937923695,nan,nan,0.26382787299472005,9.541075013067776,28.55296545515278,6673.339775190516,nan,nan,nan,nan,nan,nan,nan,nan,nan,260.0,0.006455299054867317,25.269832209008747,8000.0,1.0,0.0,nan,nan,nan,nan,nan,nan,nan,nan,nan,nan,nan,nan,nan,nan,nan,nan,0.0,"[300, 300, 300, 100, 300]","[0.002649978518326981, 0.002556535681925943, 0.006256128558969519, 0.01750517380850185, 0.0033086787066122867]","[null, null, null, null, null]","[null, null, null, null, null]","[null, null, null, null, null]","[null, null, null, null, null]",,0.06003876791262618,0.05490926428243896,5.0,1.96
1a,10000,2750505,neural-fore,neural-main-oracle-bellman,-12.690844754905365,-12.68346712052839,-12.586673112426368,0.06151608151407957,-12.804038640295985,-12.562895600760793,1.0,-0.10417164247899713,-0.09679400810202132,0.2982627426476928,0.2982627426476928,0.05034462284008843,0.04644502224250041,0.03178398617426499,nan,nan,0.2658790657537525,9.379581232797205,29.42132370766168,6520.444625435505,nan,nan,nan,nan,nan,nan,nan,nan,nan,260.0,0.0014534524291371796,25.634837816574144,8000.0,1.0,0.0,nan,nan,nan,nan,nan,nan,nan,nan,nan,nan,nan,nan,nan,nan,nan,nan,0.0,"[300, 300, 100, 300, 300]","[0.0026827656059541186, 0.0, 0.0033320415614486146, 0.0, 0.0012524549782831653]","[null, null, null, null, null]","[null, null, null, null, null]","[null, null, null, null, null]","[null, null, null, null, null]",,0.06151608151407957,0.03157344577877689,5.0,1.96
1a,10000,2760505,neural-fore,neural-main-oracle-bellman,-12.633693598900173,-12.614819632794212,-12.586673112426368,0.06077316690106351,-12.733935039920297,-12.495704225668128,1.0,-0.04702048647380508,-0.028146520367844374,0.36037863245311785,0.36037863245311785,0.052289300556893806,0.04863007359955791,0.02633489728104759,nan,nan,0.26232903140125746,9.509092942387205,28.820820819364325,6564.139685318649,nan,nan,nan,nan,nan,nan,nan,nan,nan,260.0,0.004351030645242142,26.72962469200138,8000.0,1.0,0.0,nan,nan,nan,nan,nan,nan,nan,nan,nan,nan,nan,nan,nan,nan,nan,nan,0.0,"[300, 300, 300, 300, 100]","[0.0, 0.0, 0.005459669857329343, 0.0, 0.01629548336888137]","[null, null, null, null, null]","[null, null, null, null, null]","[null, null, null, null, null]","[null, null, null, null, null]",,0.06077316690106351,0.05135161016426024,5.0,1.96
1a,10000,2770505,neural-fore,neural-main-oracle-bellman,-12.552175869274652,-12.535812010570591,-12.586673112426368,0.059502307018376326,-12.65243653232661,-12.419187488814574,1.0,0.03449724315171565,0.050861101855776525,0.8362360779839397,0.8362360779839397,0.10658332996085348,0.08830050298354636,0.033994286800119566,nan,nan,0.3146552374102849,9.531730533716578,28.83196530677444,6730.5945820707675,nan,nan,nan,nan,nan,nan,nan,nan,nan,180.0,0.004149249375065047,21.986553167016247,8000.0,1.0000000000000002,0.0,nan,nan,nan,nan,nan,nan,nan,nan,nan,nan,nan,nan,nan,nan,nan,nan,0.0,"[100, 300, 300, 100, 100]","[0.01010928370867067, 0.0007194311443732471, 0.0027972542533527553, 0.0056875296026797795, 0.0014327481662487912]","[null, null, null, null, null]","[null, null, null, null, null]","[null, null, null, null, null]","[null, null, null, null, null]",,0.059502307018376326,0.06857337739897669,5.0,1.96
1a,10000,2780505,neural-fore,neural-main-oracle-bellman,-12.543105170972776,-12.476118315556022,-12.586673112426368,0.05928540595541598,-12.592317711228636,-12.359918919883407,1.0,0.043567941453591885,0.1105547968703462,0.5185365767364477,0.5185365767364477,0.07052781206762548,0.06836923658297282,0.037792790031179385,nan,nan,0.31206998635120725,9.686511293330511,29.74023876947949,6610.488948366355,nan,nan,nan,nan,nan,nan,nan,nan,nan,220.0,0.003857687447739484,23.5208739837748,8000.0,1.0,0.0,nan,nan,nan,nan,nan,nan,nan,nan,nan,nan,nan,nan,nan,nan,nan,nan,0.0,"[100, 300, 300, 100, 300]","[0.002528365636585414, 0.009172886240706803, 0.0, 0.006123255386712751, 0.0014639299746924558]","[null, null, null, null, null]","[null, null, null, null, null]","[null, null, null, null, null]","[null, null, null, null, null]",,0.05928540595541598,0.03307574101120752,5.0,1.96
1a,10000,2790505,neural-fore,neural-main-oracle-bellman,-12.654396003102852,-12.748501562884949,-12.586673112426368,0.06436760680092793,-12.874662072214766,-12.62234105355513,0.0,-0.06772289067648352,-0.16182845045858052,0.3792000803868037,0.3792000803868037,0.05515628257017442,0.04987788301310705,0.03142652874839698,nan,nan,0.2844154007597969,9.235006554933125,30.42765170167996,6426.862526474434,nan,nan,nan,nan,nan,nan,nan,nan,nan,220.0,0.0031528512362460556,24.020681725209577,8000.0,1.0,0.0,nan,nan,nan,nan,nan,nan,nan,nan,nan,nan,nan,nan,nan,nan,nan,nan,0.0,"[300, 300, 100, 100, 300]","[0.0023682244782473696, 0.0034495307615424963, 0.0026115520780702404, 0.0073349488633701705, 0.0]","[null, null, null, null, null]","[null, null, null, null, null]","[null, null, null, null, null]","[null, null, null, null, null]",,0.06436760680092793,0.043071350024936596,5.0,1.96
1a,10000,2800505,neural-fore,neural-main-oracle-bellman,-12.617483859666205,-12.64102855320224,-12.586673112426368,0.06168025493717792,-12.761921852879109,-12.520135253525371,1.0,-0.0308107472398369,-0.054355440775871955,0.34194228268393034,0.34194228268393034,0.057141322561364484,0.044327926459108956,0.02171204817426892,nan,nan,0.2670618284735322,9.33624833375764,30.078064771709272,6531.074661625641,nan,nan,nan,nan,nan,nan,nan,nan,nan,220.0,0.001948088303444363,23.81013260920299,8000.0,1.0,0.0,nan,nan,nan,nan,nan,nan,nan,nan,nan,nan,nan,nan,nan,nan,nan,nan,0.0,"[300, 100, 100, 300, 300]","[0.001910286715189441, 0.004492739336644662, 0.0017446521424260668, 0.0, 0.0015927633229616458]","[null, null, null, null, null]","[null, null, null, null, null]","[null, null, null, null, null]","[null, null, null, null, null]",,0.06168025493717792,0.0546264022118067,5.0,1.96
1a,10000,2810505,neural-fore,neural-main-oracle-bellman,-12.637815492424695,-12.610183985861772,-12.586673112426368,0.062238652277500216,-12.732171744325672,-12.488196227397871,1.0,-0.051142379998326604,-0.023510873435403923,0.49305674599595195,0.49305674599595195,0.06905137658336638,0.06997301700903472,0.028746092285009402,nan,nan,0.2684969163758358,9.29551521208564,30.321991026936864,6496.530036455402,nan,nan,nan,nan,nan,nan,nan,nan,nan,220.0,0.004450527672515904,23.884377400181258,8000.0,1.0,0.0,nan,nan,nan,nan,nan,nan,nan,nan,nan,nan,nan,nan,nan,nan,nan,nan,0.0,"[300, 300, 300, 100, 100]","[0.0, 0.005700494692602613, 0.0, 0.008962518925573384, 0.007589624744403523]","[null, null, null, null, null]","[null, null, null, null, null]","[null, null, null, null, null]","[null, null, null, null, null]",,0.062238652277500216,0.05658795238784601,5.0,1.96
1a,10000,2820505,neural-fore,neural-main-oracle-bellman,-12.58348395881569,-12.58152546549888,-12.586673112426368,0.0614191898054366,-12.701907077517536,-12.461143853480223,1.0,0.00318915361067873,0.005147646927488481,0.42586416028541524,0.42586416028541524,0.04990705064076404,0.046750924440268536,0.028014587286620297,nan,nan,0.22229565433339124,9.663104551560341,29.32542257667407,6462.256351051158,nan,nan,nan,nan,nan,nan,nan,nan,nan,260.0,0.0060116116191158,25.14469363299431,8000.0,1.0,0.0,nan,nan,nan,nan,nan,nan,nan,nan,nan,nan,nan,nan,nan,nan,nan,nan,0.0,"[300, 300, 100, 300, 300]","[0.0068357573151631434, 0.0, 0.00863963565987733, 0.0019567948595092264, 0.012625870261029301]","[null, null, null, null, null]","[null, null, null, null, null]","[null, null, null, null, null]","[null, null, null, null, null]",,0.0614191898054366,0.10527099079572125,5.0,1.96
1a,10000,2830505,neural-fore,neural-main-oracle-bellman,-12.57745613564139,-12.533170143390478,-12.586673112426368,0.059480455549973145,-12.649751836268425,-12.416588450512531,1.0,0.00921697678497857,0.05350296903588969,0.32015392094018025,0.32015392094018025,0.06699378419893905,0.0629907837235043,0.03766216763153446,nan,nan,0.2263788728747037,9.398632392807777,29.221004534451097,6603.811625791904,nan,nan,nan,nan,nan,nan,nan,nan,nan,260.0,0.005150502834318366,25.025979283417108,8000.0,1.0000000000000002,0.0,nan,nan,nan,nan,nan,nan,nan,nan,nan,nan,nan,nan,nan,nan,nan,nan,0.0,"[300, 100, 300, 300, 300]","[0.0052386475560976435, 0.00820532357314015, 0.0012115572675158205, 0.0010348684348106911, 0.010062117340027522]","[null, null, null, null, null]","[null, null, null, null, null]","[null, null, null, null, null]","[null, null, null, null, null]",,0.059480455549973145,0.04842512365266577,5.0,1.96
1a,10000,2840505,neural-fore,neural-main-oracle-bellman,-12.610736952229079,-12.589918472980461,-12.586673112426368,0.061820728803909056,-12.711087101436123,-12.4687498445248,1.0,-0.024063839802710874,-0.0032453605540929686,0.4682368761523823,0.4682368761523823,0.08622187541647026,0.07474935935670564,0.031158008354693532,nan,nan,0.2914587364145991,9.532219746821667,28.876387304035003,6601.374277349381,nan,nan,nan,nan,nan,nan,nan,nan,nan,220.0,0.003332307048372638,23.89205709178932,8000.0,1.0,0.0,nan,nan,nan,nan,nan,nan,nan,nan,nan,nan,nan,nan,nan,nan,nan,nan,0.0,"[100, 100, 300, 300, 300]","[0.005753951290338556, 0.004308327235247013, 0.00014609873116279082, 0.0, 0.006453157985114832]","[null, null, null, null, null]","[null, null, null, null, null]","[null, null, null, null, null]","[null, null, null, null, null]",,0.061820728803909056,0.05940003234987434,5.0,1.96
1a,10000,2850505,neural-fore,neural-main-oracle-bellman,-12.56237885813094,-12.547516927319643,-12.586673112426368,0.05982703724788445,-12.664777920325497,-12.43025593431379,1.0,0.02429425429542853,0.039156185106724806,0.36077598752187534,0.36077598752187534,0.05817061899768282,0.05401636760795819,0.026948124412280245,nan,nan,0.3316996474110138,9.523165869358166,28.547381378420425,6712.280831617825,nan,nan,nan,nan,nan,nan,nan,nan,nan,140.0,0.007849899536088872,20.815828649816105,8000.0,1.0,0.0,nan,nan,nan,nan,nan,nan,nan,nan,nan,nan,nan,nan,nan,nan,nan,nan,0.0,"[100, 100, 300, 100, 100]","[0.011711107301557437, 0.010584016279705132, 0.004123692718153807, 0.00920845184799443, 0.0036222295330335537]","[null, null, null, null, null]","[null, null, null, null, null]","[null, null, null, null, null]","[null, null, null, null, null]",,0.05982703724788445,0.011537275577742315,5.0,1.96
1a,10000,2860505,neural-fore,neural-main-oracle-bellman,-12.6529369614433,-12.619061532992674,-12.586673112426368,0.06272682248212288,-12.742006105057635,-12.496116960927713,1.0,-0.0662638490169325,-0.03238842056630631,0.5619530305611243,0.5619530305611243,0.08878297538206463,0.06392832082833855,0.02441656300564032,nan,nan,0.2537685507884084,9.266878651157953,31.57427740213934,6398.337998669515,nan,nan,nan,nan,nan,nan,nan,nan,nan,260.0,0.004867669766789658,26.23226038359571,8000.0,1.0,0.0,nan,nan,nan,nan,nan,nan,nan,nan,nan,nan,nan,nan,nan,nan,nan,nan,0.0,"[300, 300, 100, 300, 300]","[0.0010071880855669392, 0.0020719470308133907, 0.01098366399870911, 0.010275549718858851, 0.0]","[null, null, null, null, null]","[null, null, null, null, null]","[null, null, null, null, null]","[null, null, null, null, null]",,0.06272682248212288,0.06752427881666342,5.0,1.96
1a,10000,2870505,neural-fore,neural-main-oracle-bellman,-12.654099340413127,-12.629016609910522,-12.586673112426368,0.0628347383505424,-12.752172697077585,-12.50586052274346,1.0,-0.06742622798675946,-0.04234349748415411,0.37329818810469556,0.37329818810469556,0.08074929785794087,0.07384727944270458,0.03080361742343313,nan,nan,0.3214235434065064,9.38995389200679,31.122473093846438,6532.022657815863,nan,nan,nan,nan,nan,nan,nan,nan,nan,220.0,0.0035686036334810324,23.396966566797346,8000.0,1.0,0.0,nan,nan,nan,nan,nan,nan,nan,nan,nan,nan,nan,nan,nan,nan,nan,nan,0.0,"[300, 100, 100, 300, 300]","[0.0, 0.00778501582630719, 0.006430362410638633, 0.0, 0.003627639930459339]","[null, null, null, null, null]","[null, null, null, null, null]","[null, null, null, null, null]","[null, null, null, null, null]",,0.0628347383505424,0.09189012285480781,5.0,1.96
1a,10000,2880505,neural-fore,neural-main-oracle-bellman,-12.5653819502892,-12.521498524931037,-12.586673112426368,0.05886398639738521,-12.63687193826991,-12.406125111592162,1.0,0.02129116213716742,0.06517458749533134,0.36571128180147044,0.36571128180147044,0.054391883133823295,0.05013954408074685,0.0319245250917227,nan,nan,0.2751274281075575,9.570508195064647,28.617563892922817,6686.277543624604,nan,nan,nan,nan,nan,nan,nan,nan,nan,260.0,0.0016221200551875838,25.437519399193114,8000.0,1.0,0.0,nan,nan,nan,nan,nan,nan,nan,nan,nan,nan,nan,nan,nan,nan,nan,nan,0.0,"[300, 300, 300, 100, 300]","[0.0022145963550309665, 0.0003275071217710593, 0.0, 0.0033476315216638955, 0.0022208652774719975]","[null, null, null, null, null]","[null, null, null, null, null]","[null, null, null, null, null]","[null, null, null, null, null]",,0.05886398639738521,0.04272290417972872,5.0,1.96
1a,10000,2890505,neural-fore,neural-main-oracle-bellman,-12.532108726385198,-12.515665926840883,-12.586673112426368,0.05995403799024239,-12.633175841301759,-12.398156012380008,1.0,0.054564386041169755,0.07100718558548458,0.3921842991600194,0.3921842991600194,0.054615695272019385,0.045181884224548795,0.036711866179075923,nan,nan,0.229959527228797,9.357763667226045,28.951996569180338,6575.163530692815,nan,nan,nan,nan,nan,nan,nan,nan,nan,300.0,0.0011615689973359853,27.454091316182165,8000.0,1.0,0.0,nan,nan,nan,nan,nan,nan,nan,nan,nan,nan,nan,nan,nan,nan,nan,nan,0.0,"[300, 300, 300, 300, 300]","[0.002554412422891031, 0.0017275506348284426, 0.0, 0.0, 0.0015258819289604528]","[null, null, null, null, null]","[null, null, null, null, null]","[null, null, null, null, null]","[null, null, null, null, null]",,0.05995403799024239,0.07106124241842567,5.0,1.96
1a,10000,2900505,neural-fore,neural-main-oracle-bellman,-12.627811056306806,-12.640411107791287,-12.586673112426368,0.061695480198277954,-12.761334248979912,-12.519487966602663,1.0,-0.04113794388043779,-0.0537379953649193,0.36567410825999025,0.36567410825999025,0.059832692024446854,0.054937448768422215,0.029019083385067496,nan,nan,0.2665219364308422,9.32854202055854,29.06742883799795,6525.42656433674,nan,nan,nan,nan,nan,nan,nan,nan,nan,220.0,0.0034738106423554673,23.50170734981075,8000.0,1.0,0.0,nan,nan,nan,nan,nan,nan,nan,nan,nan,nan,nan,nan,nan,nan,nan,nan,0.0,"[300, 100, 300, 100, 300]","[0.0005121969683450627, 0.007837655492417078, 0.001981203254085864, 0.006077177751963853, 0.00096081974496548]","[null, null, null, null, null]","[null, null, null, null, null]","[null, null, null, null, null]","[null, null, null, null, null]",,0.061695480198277954,0.04681984637302429,5.0,1.96
1a,10000,2910505,neural-fore,neural-main-oracle-bellman,-12.547876078083977,-12.598898493521155,-12.586673112426368,0.060790480817538656,-12.71804783592353,-12.47974915111878,1.0,0.0387970343423909,-0.01222538109478677,0.5787832170497117,0.5787832170497117,0.08428407053108447,0.08684009536225022,0.04437510917763445,nan,nan,0.2655931785019594,9.253336437057387,28.836748326523452,6567.81062593476,nan,nan,nan,nan,nan,nan,nan,nan,nan,220.0,0.00178686238396732,24.125408000405876,8000.0,1.0,0.0,nan,nan,nan,nan,nan,nan,nan,nan,nan,nan,nan,nan,nan,nan,nan,nan,0.0,"[300, 300, 100, 300, 100]","[0.0015127789956458691, 0.0, 0.005294275278450942, 0.0, 0.0021272576457397885]","[null, null, null, null, null]","[null, null, null, null, null]","[null, null, null, null, null]","[null, null, null, null, null]",,0.060790480817538656,0.0538118114644383,5.0,1.96
1a,10000,2920505,neural-fore,neural-main-oracle-bellman,-12.60804686918893,-12.632279528424869,-12.586673112426368,0.06146145577215913,-12.7527439817383,-12.511815075111437,1.0,-0.02137375676256248,-0.04560641599850079,0.5506846869783721,0.5506846869783721,0.08767158704001433,0.06781987058924258,0.028221658998267743,nan,nan,0.2495845902996155,9.439066331423554,30.111213752758573,6551.69601194511,nan,nan,nan,nan,nan,nan,nan,nan,nan,260.0,0.0025890555972605694,25.067364733398428,8000.0,1.0,0.0,nan,nan,nan,nan,nan,nan,nan,nan,nan,nan,nan,nan,nan,nan,nan,nan,0.0,"[300, 300, 300, 100, 300]","[0.0027991963520357854, 0.0, 0.004579938855655217, 0.0, 0.005566142778611845]","[null, null, null, null, null]","[null, null, null, null, null]","[null, null, null, null, null]","[null, null, null, null, null]",,0.06146145577215913,0.06355096303407237,5.0,1.96
1a,10000,2930505,neural-fore,neural-main-oracle-bellman,-12.650964321271168,-12.587408006537396,-12.586673112426368,0.06083741269761924,-12.70664933542473,-12.468166677650062,1.0,-0.0642912088448,-0.0007348941110283391,0.5337016314177919,0.5337016314177919,0.06893700834725408,0.05953216232955476,0.025514132372001296,nan,nan,0.29305700522305367,9.466901252079747,28.620867114328806,6631.22754240058,nan,nan,nan,nan,nan,nan,nan,nan,nan,220.0,0.002441933288977702,24.492681449395604,8000.0,1.0,0.0,nan,nan,nan,nan,nan,nan,nan,nan,nan,nan,nan,nan,nan,nan,nan,nan,0.0,"[300, 300, 100, 100, 300]","[0.0008413654989121415, 7.51246400522449e-05, 0.007786231455284965, 0.0035069448506391573, 0.0]","[null, null, null, null, null]","[null, null, null, null, null]","[null, null, null, null, null]","[null, null, null, null, null]",,0.06083741269761924,0.07919913541220644,5.0,1.96
1a,10000,2940505,neural-fore,neural-main-oracle-bellman,-12.596143585636185,-12.59275932833109,-12.586673112426368,0.060684052072140525,-12.711700070392485,-12.473818586269694,1.0,-0.009470473209816532,-0.00608621590472147,0.727136600391531,0.727136600391531,0.09678235992091326,0.07851822227449876,0.02865467679434401,nan,nan,0.27221865058369005,9.346993611942583,29.02909269447714,6624.116413986854,nan,nan,nan,nan,nan,nan,nan,nan,nan,220.0,0.003329132074309301,24.105261916981544,8000.0,1.0,0.0,nan,nan,nan,nan,nan,nan,nan,nan,nan,nan,nan,nan,nan,nan,nan,nan,0.0,"[300, 100, 300, 300, 100]","[0.002750563446238331, 0.005107196768503576, 0.0, 0.0026210915436286953, 0.006166808613175904]","[null, null, null, null, null]","[null, null, null, null, null]","[null, null, null, null, null]","[null, null, null, null, null]",,0.060684052072140525,0.04377818243532905,5.0,1.96
1a,10000,2950505,neural-fore,neural-main-oracle-bellman,-12.591143267395607,-12.5823093999296,-12.586673112426368,0.06196690287449889,-12.703764529563617,-12.460854270295581,1.0,-0.004470154969238749,0.004363712496768812,0.49419687096515846,0.49419687096515846,0.05972747167480841,0.05917155243405192,0.03732632887431911,nan,nan,0.4077661945825245,9.408651982920055,31.082268985509614,6573.288273750493,nan,nan,nan,nan,nan,nan,nan,nan,nan,180.0,0.005590041781488054,23.06729225818999,8000.0,1.0,0.0,nan,nan,nan,nan,nan,nan,nan,nan,nan,nan,nan,nan,nan,nan,nan,nan,0.0,"[100, 300, 100, 100, 300]","[0.0072131618748977975, 0.0, 0.013279344625611346, 0.007224846517228251, 0.0002328558897028823]","[null, null, null, null, null]","[null, null, null, null, null]","[null, null, null, null, null]","[null, null, null, null, null]",,0.06196690287449889,0.06754593544608159,5.0,1.96
1a,10000,2960505,neural-fore,neural-main-oracle-bellman,-12.60212597913677,-12.52163840238734,-12.586673112426368,0.05979975097274292,-12.638845914293917,-12.404430890480764,1.0,-0.015452866710402802,0.06503471003902739,0.4380245124268448,0.4380245124268448,0.07396868922968386,0.06885373756066725,0.03142446728664263,nan,nan,0.2534125882314688,9.49079480578349,28.558435980762184,6615.633886775957,nan,nan,nan,nan,nan,nan,nan,nan,nan,220.0,0.0032928972994646357,23.000989016634414,8000.0,1.0,0.0,nan,nan,nan,nan,nan,nan,nan,nan,nan,nan,nan,nan,nan,nan,nan,nan,0.0,"[100, 300, 300, 300, 100]","[0.009385232564923867, 0.0, 0.0, 0.004341277249171297, 0.002737976683228016]","[null, null, null, null, null]","[null, null, null, null, null]","[null, null, null, null, null]","[null, null, null, null, null]",,0.05979975097274292,0.09597933540297711,5.0,1.96
1a,10000,2970505,neural-fore,neural-main-oracle-bellman,-12.636133467362935,-12.661974323417828,-12.586673112426368,0.062090705660717845,-12.783672106512835,-12.540276540322822,1.0,-0.049460354936567086,-0.07530121099146037,0.39944082195707586,0.39944082195707586,0.06225791455700812,0.05864487927316967,0.033912925111559016,nan,nan,0.25770032771642365,9.31054884388808,30.230563851974587,6485.10430883434,nan,nan,nan,nan,nan,nan,nan,nan,nan,220.0,0.008268443922655187,23.129924367018976,8000.0,0.9999999999999998,0.0,nan,nan,nan,nan,nan,nan,nan,nan,nan,nan,nan,nan,nan,nan,nan,nan,0.0,"[300, 100, 100, 300, 300]","[0.009067614954776355, 0.0, 0.028077026214127096, 0.0, 0.004197578444372486]","[null, null, null, null, null]","[null, null, null, null, null]","[null, null, null, null, null]","[null, null, null, null, null]",,0.062090705660717845,0.0929641062532735,5.0,1.96
1a,10000,2980505,neural-fore,neural-main-oracle-bellman,-12.604811272102525,-12.612460590580454,-12.586673112426368,0.06092953846061852,-12.731882485963267,-12.493038695197642,1.0,-0.018138159676157173,-0.02578747815408633,0.39351599216950295,0.39351599216950295,0.0735666842172028,0.06436545258855814,0.02552686186897509,nan,nan,0.25984878069788997,9.710716844457416,29.741156642872173,6628.389397280141,nan,nan,nan,nan,nan,nan,nan,nan,nan,260.0,0.003351260930785445,25.297453824419062,8000.0,1.0,0.0,nan,nan,nan,nan,nan,nan,nan,nan,nan,nan,nan,nan,nan,nan,nan,nan,0.0,"[300, 300, 100, 300, 300]","[0.0, 0.0, 0.009666304584012596, 0.0003847275727867137, 0.0067052724971279135]","[null, null, null, null, null]","[null, null, null, null, null]","[null, null, null, null, null]","[null, null, null, null, null]",,0.06092953846061852,0.06307670056981915,5.0,1.96
1a,10000,2990505,neural-fore,neural-main-oracle-bellman,-12.652453010838613,-12.669040479729397,-12.586673112426368,0.06321966948379937,-12.792951031917644,-12.545129927541149,1.0,-0.06577989841224507,-0.08236736730302852,0.6663840905976715,0.6663840905976715,0.08956636144650457,0.06183275064380898,0.03496887731784948,nan,nan,0.34175718067028793,9.198122719216734,32.32969300720431,6447.981859229225,nan,nan,nan,nan,nan,nan,nan,nan,nan,140.0,0.006649302792524692,19.933152666606475,8000.0,1.0,0.0,nan,nan,nan,nan,nan,nan,nan,nan,nan,nan,nan,nan,nan,nan,nan,nan,0.0,"[100, 100, 100, 300, 100]","[0.0037684765522438364, 0.004396799109340582, 0.013592342011995774, 0.004148943707535176, 0.00733995258150809]","[null, null, null, null, null]","[null, null, null, null, null]","[null, null, null, null, null]","[null, null, null, null, null]",,0.06321966948379937,0.05604499103260021,5.0,1.96
1a,10000,3000505,neural-fore,neural-main-oracle-bellman,-12.567205284062645,-12.539900921383381,-12.586673112426368,0.05968263422649376,-12.656878884467309,-12.422922958299454,1.0,0.019467828363723072,0.04677219104298658,0.3666740365026039,0.3666740365026039,0.061130075173229756,0.051030938057287145,0.03224580040334601,nan,nan,0.2354595931267481,9.661926479889893,28.75544217408292,6594.145011638811,nan,nan,nan,nan,nan,nan,nan,nan,nan,260.0,0.006977997661047256,25.741981158591805,8000.0,1.0,0.0,nan,nan,nan,nan,nan,nan,nan,nan,nan,nan,nan,nan,nan,nan,nan,nan,0.0,"[300, 300, 300, 300, 100]","[0.0, 0.002911323806650834, 0.003446975571431753, 0.0, 0.02853168892715369]","[null, null, null, null, null]","[null, null, null, null, null]","[null, null, null, null, null]","[null, null, null, null, null]",,0.05968263422649376,0.037435457194826806,5.0,1.96
1a,10000,3010505,neural-fore,neural-main-oracle-bellman,-12.541335117576258,-12.507461092180074,-12.586673112426368,0.058741483395778206,-12.6225943996358,-12.39232778472435,1.0,0.04533799485010981,0.07921202024629359,0.4663043341059142,0.4663043341059142,0.0639308575787944,0.05544273489583586,0.03662044831158374,nan,nan,0.21604300781656915,9.809053749617572,29.43558671904566,6663.207358485885,nan,nan,nan,nan,nan,nan,nan,nan,nan,300.0,0.0015856566318800478,28.07273660840001,8000.0,1.0,0.0,nan,nan,nan,nan,nan,nan,nan,nan,nan,nan,nan,nan,nan,nan,nan,nan,0.0,"[300, 300, 300, 300, 300]","[0.00596985659327469, 0.0, 0.0, 0.0, 0.001958426566125549]","[null, null, null, null, null]","[null, null, null, null, null]","[null, null, null, null, null]","[null, null, null, null, null]",,0.058741483395778206,0.05981457560432092,5.0,1.96
1a,10000,3020505,neural-fore,neural-main-oracle-bellman,-12.65694678070804,-12.584402967045463,-12.586673112426368,0.05972296858691269,-12.701459985475813,-12.467345948615113,1.0,-0.07027366828167203,0.0022701453809048644,0.4662824564367968,0.4662824564367968,0.08849482559220313,0.0736412784669078,0.02958719682882424,nan,nan,0.21800355429663645,9.653840197773738,28.99364471217085,6580.691389292531,nan,nan,nan,nan,nan,nan,nan,nan,nan,300.0,0.0012186170737997542,28.091310550016352,8000.0,1.0,0.0,nan,nan,nan,nan,nan,nan,nan,nan,nan,nan,nan,nan,nan,nan,nan,nan,0.0,"[300, 300, 300, 300, 300]","[0.0, 0.0, 0.0, 0.0010122522504284236, 0.005080833118570348]","[null, null, null, null, null]","[null, null, null, null, null]","[null, null, null, null, null]","[null, null, null, null, null]",,0.05972296858691269,0.056267296007988084,5.0,1.96
1a,10000,3030505,neural-fore,neural-main-oracle-bellman,-12.636747722165932,-12.583499653254874,-12.586673112426368,0.06002359689934813,-12.701145903177597,-12.46585340333215,1.0,-0.050074609739564124,0.003173459171494031,0.35926289902346464,0.35926289902346464,0.06621375828331896,0.06099012022908832,0.039737709938123866,nan,nan,0.23452511857507255,9.512693511229656,28.028966036655493,6600.137617677282,nan,nan,nan,nan,nan,nan,nan,nan,nan,260.0,0.002381467692384708,26.244893933401908,8000.0,1.0,0.0,nan,nan,nan,nan,nan,nan,nan,nan,nan,nan,nan,nan,nan,nan,nan,nan,0.0,"[300, 300, 300, 100, 300]","[0.0, 0.0010331838964977704, 0.0006828809611046497, 0.006989683429027209, 0.0032015901752939124]","[null, null, null, null, null]","[null, null, null, null, null]","[null, null, null, null, null]","[null, null, null, null, null]",,0.06002359689934813,0.03797871413730286,5.0,1.96
1a,10000,3040505,neural-fore,neural-main-oracle-bellman,-12.56942385818157,-12.593464638558324,-12.586673112426368,0.06011334182823354,-12.711286788541662,-12.475642488574985,1.0,0.017249254244797285,-0.00679152613195555,0.5090416520355395,0.5090416520355395,0.07596747130327255,0.06949730274061942,0.03298005925342526,nan,nan,0.4014399452616417,9.514029046988856,28.094344995183214,6714.324512621192,nan,nan,nan,nan,nan,nan,nan,nan,nan,140.0,0.003428574256706964,19.431044858426322,8000.0,1.0,0.0,nan,nan,nan,nan,nan,nan,nan,nan,nan,nan,nan,nan,nan,nan,nan,nan,0.0,"[100, 100, 300, 100, 100]","[0.005023699435986346, 0.003658029766699574, 0.0020875086703178386, 0.004630550956223391, 0.0017430824543076694]","[null, null, null, null, null]","[null, null, null, null, null]","[null, null, null, null, null]","[null, null, null, null, null]",,0.06011334182823354,0.08033069093867068,5.0,1.96
1a,10000,3050505,neural-fore,neural-main-oracle-bellman,-12.523736195651143,-12.525888531809354,-12.586673112426368,0.06066935373416824,-12.644800465128323,-12.406976598490385,1.0,0.06293691677522517,0.06078458061701397,0.40102110916545974,0.40102110916545974,0.06531477549466107,0.06196310854503112,0.03119073066777313,nan,nan,0.29533322648295435,9.375989445438961,28.80464335397084,6585.175314472989,nan,nan,nan,nan,nan,nan,nan,nan,nan,260.0,0.001868125457307214,25.6425586997997,8000.0,1.0,0.0,nan,nan,nan,nan,nan,nan,nan,nan,nan,nan,nan,nan,nan,nan,nan,nan,0.0,"[300, 300, 300, 100, 300]","[3.3976466116180316e-05, 0.005799603472387142, 0.0003909709637532894, 0.0031160763842794587, 0.0]","[null, null, null, null, null]","[null, null, null, null, null]","[null, null, null, null, null]","[null, null, null, null, null]",,0.06066935373416824,0.09575591004313465,5.0,1.96
1a,10000,3060505,neural-fore,neural-main-oracle-bellman,-12.537543879831825,-12.533513875186104,-12.586673112426368,0.059026146688112215,-12.649205122694804,-12.417822627677404,1.0,0.04912923259454338,0.053159237240263835,0.47569199552441005,0.47569199552441005,0.06350071261547027,0.05820387693088667,0.0376035931980767,nan,nan,0.3191257396123101,9.51280489019877,28.60260848181721,6683.24583766228,nan,nan,nan,nan,nan,nan,nan,nan,nan,180.0,0.004438988363595637,23.378921441803687,8000.0,1.0,0.0,nan,nan,nan,nan,nan,nan,nan,nan,nan,nan,nan,nan,nan,nan,nan,nan,0.0,"[300, 100, 300, 100, 100]","[0.0, 0.007225878679833752, 0.004277942541267263, 0.00669714862343023, 0.003993971973446939]","[null, null, null, null, null]","[null, null, null, null, null]","[null, null, null, null, null]","[null, null, null, null, null]",,0.059026146688112215,0.039588520573373163,5.0,1.96
1a,10000,3070505,neural-fore,neural-main-oracle-bellman,-12.669484493668582,-12.677755542931042,-12.586673112426368,0.06396189584766132,-12.803120858792457,-12.552390227069626,1.0,-0.08281138124221421,-0.0910824305046738,0.44731684872198557,0.44731684872198557,0.08780170532025686,0.08653535851371225,0.030161511270881868,nan,nan,0.2917311231175472,9.241627564998137,30.693596160910378,6413.7322464212375,nan,nan,nan,nan,nan,nan,nan,nan,nan,220.0,0.0009277842933382901,23.3556197753991,8000.0,1.0,0.0,nan,nan,nan,nan,nan,nan,nan,nan,nan,nan,nan,nan,nan,nan,nan,nan,0.0,"[300, 300, 100, 300, 100]","[0.0, 0.0, 0.002017944430159106, 0.0, 0.002620977036532345]","[null, null, null, null, null]","[null, null, null, null, null]","[null, null, null, null, null]","[null, null, null, null, null]",,0.06396189584766132,0.052907061880080444,5.0,1.96
1a,10000,3080505,neural-fore,neural-main-oracle-bellman,-12.536130670251305,-12.543768875755486,-12.586673112426368,0.05945074148210314,-12.660292329060407,-12.427245422450564,1.0,0.050542442175062874,0.04290423667088206,0.5943020265152721,0.5943020265152721,0.06454545394812114,0.06272096311162154,0.03425711834187115,nan,nan,0.21368279224140632,9.700275347507008,28.677608367678648,6659.935494493829,nan,nan,nan,nan,nan,nan,nan,nan,nan,260.0,0.0024331959672043916,26.35219645858742,8000.0,1.0,0.0,nan,nan,nan,nan,nan,nan,nan,nan,nan,nan,nan,nan,nan,nan,nan,nan,0.0,"[300, 300, 300, 100, 300]","[0.00022982267216841215, 0.0, 0.0024627434698164395, 0.005020565171407796, 0.00445284852262931]","[null, null, null, null, null]","[null, null, null, null, null]","[null, null, null, null, null]","[null, null, null, null, null]",,0.05945074148210314,0.035718738079921354,5.0,1.96
1a,10000,3090505,neural-fore,neural-main-oracle-bellman,-12.615741541940567,-12.578118774581768,-12.586673112426368,0.06038761940131518,-12.696478508608346,-12.45975904055519,1.0,-0.029068429514198968,0.008554337844600468,0.33230708744690074,0.33230708744690074,0.058629598596815005,0.054998562958779584,0.02813759793855055,nan,nan,0.3288662891380313,9.530472168582618,28.636816988263245,6616.54493580594,nan,nan,nan,nan,nan,nan,nan,nan,nan,220.0,0.0036730524890466625,24.725264016375878,8000.0,1.0,0.0,nan,nan,nan,nan,nan,nan,nan,nan,nan,nan,nan,nan,nan,nan,nan,nan,0.0,"[100, 300, 300, 100, 300]","[0.005961739369135218, 0.000874331336225065, 0.0032008556308378306, 0.005522470513580137, 0.00280586559545506]","[null, null, null, null, null]","[null, null, null, null, null]","[null, null, null, null, null]","[null, null, null, null, null]",,0.06038761940131518,0.035828665887083576,5.0,1.96
1a,10000,3100505,neural-fore,neural-main-oracle-bellman,-12.573402540062006,-12.53707259511405,-12.586673112426368,0.06047015081904991,-12.655594090719388,-12.418551099508713,1.0,0.013270572364362465,0.049600517312317294,0.40921870121406806,0.40921870121406806,0.09972946793151923,0.08039174088318275,0.032708910585219846,nan,nan,0.3352304778797678,9.462192672924122,29.452385691466606,6598.8755794676545,nan,nan,nan,nan,nan,nan,nan,nan,nan,260.0,0.001312508312846362,25.271505074948074,8000.0,1.0,0.0,nan,nan,nan,nan,nan,nan,nan,nan,nan,nan,nan,nan,nan,nan,nan,nan,0.0,"[100, 300, 300, 300, 300]","[0.0065625415642318104, 0.0, 0.0, 0.0, 0.0]","[null, null, null, null, null]","[null, null, null, null, null]","[null, null, null, null, null]","[null, null, null, null, null]",,0.06047015081904991,0.07408123802714484,5.0,1.96
1a,10000,3110505,neural-fore,neural-main-oracle-bellman,-12.651185665352351,-12.624625522203134,-12.586673112426368,0.06062884301963435,-12.743458054521618,-12.50579298988465,1.0,-0.0645125529259829,-0.03795240977676606,0.6266390977971316,0.6266390977971316,0.0799496164785033,0.06528634609495834,0.03494100951594692,nan,nan,0.2646806795761586,9.633753075624522,28.21888634844047,6561.997719345084,nan,nan,nan,nan,nan,nan,nan,nan,nan,220.0,0.00314850607665322,25.516736300219783,8000.0,1.0,0.0,nan,nan,nan,nan,nan,nan,nan,nan,nan,nan,nan,nan,nan,nan,nan,nan,0.0,"[300, 300, 100, 100, 300]","[0.0, 0.0022596124750922687, 0.007437319999462905, 0.006045597908710926, 0.0]","[null, null, null, null, null]","[null, null, null, null, null]","[null, null, null, null, null]","[null, null, null, null, null]",,0.06062884301963435,0.06105335915716288,5.0,1.96
1a,10000,3120505,neural-fore,neural-main-oracle-bellman,-12.602328183974027,-12.551336681228532,-12.586673112426368,0.05963331360603803,-12.668217975896367,-12.434455386560698,1.0,-0.015655071547659105,0.035336431197835694,0.4496549735621853,0.4496549735621853,0.052080916138354125,0.04699514388926239,0.038894482366840566,nan,nan,0.27401679502352794,9.641924949771713,28.160363836176703,6664.1005789380715,nan,nan,nan,nan,nan,nan,nan,nan,nan,220.0,0.003574206968871952,24.662433508597314,8000.0,1.0,0.0,nan,nan,nan,nan,nan,nan,nan,nan,nan,nan,nan,nan,nan,nan,nan,nan,0.0,"[300, 100, 100, 300, 300]","[0.0014493556839594156, 0.006250670226172358, 0.005096467234268983, 0.0, 0.005074541699959004]","[null, null, null, null, null]","[null, null, null, null, null]","[null, null, null, null, null]","[null, null, null, null, null]",,0.05963331360603803,0.04812922951386877,5.0,1.96
1a,10000,3130505,neural-fore,neural-main-oracle-bellman,-12.58561739919729,-12.593080291351878,-12.586673112426368,0.06109122425363666,-12.712819090889006,-12.47334149181475,1.0,0.001055713229078492,-0.006407178925510237,0.2923646861118974,0.2923646861118974,0.04987515193234114,0.04186708378144782,0.031084912314294017,nan,nan,0.29965516428889805,9.562933345796129,31.274066356555007,6519.888175863704,nan,nan,nan,nan,nan,nan,nan,nan,nan,260.0,0.0015716797090324368,27.405226708599365,8000.0,1.0,0.0,nan,nan,nan,nan,nan,nan,nan,nan,nan,nan,nan,nan,nan,nan,nan,nan,0.0,"[300, 300, 300, 100, 300]","[0.001055705730766048, 0.0, 0.002112507383963963, 0.0015340849003983954, 0.0031561005300337775]","[null, null, null, null, null]","[null, null, null, null, null]","[null, null, null, null, null]","[null, null, null, null, null]",,0.06109122425363666,0.09175720644343238,5.0,1.96
1a,10000,3140505,neural-fore,neural-main-oracle-bellman,-12.575724724730094,-12.549925758540555,-12.586673112426368,0.06038588496681352,-12.66828209307551,-12.4315694240056,1.0,0.010948387696274153,0.03674735388581318,0.5864372607018102,0.5864372607018102,0.07650333611223645,0.06933703115229065,0.036405923012106704,nan,nan,0.29364030824373355,9.638387410120988,29.535542894133467,6659.516448922734,nan,nan,nan,nan,nan,nan,nan,nan,nan,260.0,0.0019627747446985615,27.548460266611073,8000.0,1.0,0.0,nan,nan,nan,nan,nan,nan,nan,nan,nan,nan,nan,nan,nan,nan,nan,nan,0.0,"[300, 300, 100, 300, 300]","[0.002502827230723393, 0.0, 0.00532604960493649, 0.0, 0.001984996887832924]","[null, null, null, null, null]","[null, null, null, null, null]","[null, null, null, null, null]","[null, null, null, null, null]",,0.06038588496681352,0.044293889861497654,5.0,1.96
1a,10000,3150505,neural-fore,neural-main-oracle-bellman,-12.55926405512388,-12.500546651311755,-12.586673112426368,0.059614603864520214,-12.617391274886215,-12.383702027737295,1.0,0.02740905730248855,0.0861264611146133,0.38932208893947784,0.38932208893947784,0.055263555641451856,0.05083821247429077,0.027412754047331372,nan,nan,0.2926404937248265,9.61866627884704,28.528427852577106,6696.555215502912,nan,nan,nan,nan,nan,nan,nan,nan,nan,220.0,0.0025230917845884674,25.400000632577576,8000.0,1.0000000000000002,0.0,nan,nan,nan,nan,nan,nan,nan,nan,nan,nan,nan,nan,nan,nan,nan,nan,0.0,"[300, 300, 100, 100, 300]","[8.725330110056134e-07, 2.233563557501911e-05, 0.005068811319294945, 0.0062267830679647845, 0.0012966563670965825]","[null, null, null, null, null]","[null, null, null, null, null]","[null, null, null, null, null]","[null, null, null, null, null]",,0.059614603864520214,0.020140351092463073,5.0,1.96
1a,10000,3160505,neural-fore,neural-main-oracle-bellman,-12.580318689963521,-12.567967068128562,-12.586673112426368,0.06073261916322172,-12.687003001688476,-12.448931134568648,1.0,0.006354422462846898,0.0187060442978062,0.39791068947298586,0.39791068947298586,0.05505544412160011,0.04881695949466908,0.030052081355276872,nan,nan,0.29837472703144613,9.360358021493447,29.727428029509444,6567.2287687004855,nan,nan,nan,nan,nan,nan,nan,nan,nan,220.0,0.003997357936039626,23.967306324990933,8000.0,1.0,0.0,nan,nan,nan,nan,nan,nan,nan,nan,nan,nan,nan,nan,nan,nan,nan,nan,0.0,"[100, 300, 100, 300, 300]","[0.008996663723890984, 0.0011742936676899754, 0.00758864472241219, 0.002168982129735655, 5.8205436469325745e-05]","[null, null, null, null, null]","[null, null, null, null, null]","[null, null, null, null, null]","[null, null, null, null, null]",,0.06073261916322172,0.09436364224555749,5.0,1.96
1a,10000,3170505,neural-fore,neural-main-oracle-bellman,-12.569948417071675,-12.530352149436744,-12.586673112426368,0.05940454305111838,-12.646785053816936,-12.413919245056553,1.0,0.016724695354692898,0.056320962989623524,0.2952057800363823,0.2952057800363823,0.069167952408112,0.06754486290078106,0.046469841807744564,nan,nan,0.2725779309593842,9.677387528227651,28.212459046806742,6666.3750567353945,nan,nan,nan,nan,nan,nan,nan,nan,nan,220.0,0.007524406047207092,23.7624543998274,8000.0,1.0,0.0,nan,nan,nan,nan,nan,nan,nan,nan,nan,nan,nan,nan,nan,nan,nan,nan,0.0,"[300, 300, 300, 100, 100]","[0.013464981110428632, 0.00038268542893865804, 0.0, 0.005531740210718282, 0.01824262348594989]","[null, null, null, null, null]","[null, null, null, null, null]","[null, null, null, null, null]","[null, null, null, null, null]",,0.05940454305111838,0.07590215200436702,5.0,1.96
1a,10000,3180505,neural-fore,neural-main-oracle-bellman,-12.621934198960005,-12.607783347900872,-12.586673112426368,0.06111944832059642,-12.72757746660924,-12.487989229192504,1.0,-0.035261086533637354,-0.02111023547450408,0.2814383764794871,0.2814383764794871,0.06553125438532859,0.06355681914594212,0.03741116230211617,nan,nan,0.23536499412074358,9.632690696982927,28.75720196405623,6593.492346324905,nan,nan,nan,nan,nan,nan,nan,nan,nan,300.0,0.0035328929307599797,26.002625366847496,8000.0,1.0,0.0,nan,nan,nan,nan,nan,nan,nan,nan,nan,nan,nan,nan,nan,nan,nan,nan,0.0,"[300, 300, 300, 300, 300]","[0.002903231680545559, 0.0, 0.00636080327656504, 0.0, 0.008400429696689297]","[null, null, null, null, null]","[null, null, null, null, null]","[null, null, null, null, null]","[null, null, null, null, null]",,0.06111944832059642,0.04641012153735563,5.0,1.96
1a,10000,3190505,neural-fore,neural-main-oracle-bellman,-12.63689055027915,-12.647611482069928,-12.586673112426368,0.06311777196272367,-12.771322315116867,-12.52390064902299,1.0,-0.050217437852781543,-0.060938369643560364,0.5000312225404258,0.5000312225404258,0.06649415471190731,0.06366495028799249,0.03305221891802283,nan,nan,0.26166697325656185,9.20023439952553,29.857400428178373,6459.773189144183,nan,nan,nan,nan,nan,nan,nan,nan,nan,220.0,0.005944436812680139,25.373688992031383,8000.0,1.0,0.0,nan,nan,nan,nan,nan,nan,nan,nan,nan,nan,nan,nan,nan,nan,nan,nan,0.0,"[300, 300, 100, 300, 100]","[0.0, 0.0, 0.009345877218294375, 0.0, 0.020376306845106322]","[null, null, null, null, null]","[null, null, null, null, null]","[null, null, null, null, null]","[null, null, null, null, null]",,0.06311777196272367,0.07773485074159676,5.0,1.96
1a,10000,3200505,neural-fore,neural-main-oracle-bellman,-12.581084719190002,-12.580421919996398,-12.586673112426368,0.059891324527677495,-12.697808916070647,-12.46303492392215,1.0,0.005588393236365619,0.006251192429969521,0.36028427655888134,0.36028427655888134,0.048305856742243344,0.04108962532739306,0.027333416650385148,nan,nan,0.257252065110129,9.611350471828535,30.434245743522776,6654.612573798973,nan,nan,nan,nan,nan,nan,nan,nan,nan,220.0,0.003410481172338691,24.300611783622298,8000.0,1.0,0.0,nan,nan,nan,nan,nan,nan,nan,nan,nan,nan,nan,nan,nan,nan,nan,nan,0.0,"[100, 300, 100, 300, 300]","[0.0006668121849798836, 0.0061190038752704885, 0.010266589801443083, 0.0, 0.0]","[null, null, null, null, null]","[null, null, null, null, null]","[null, null, null, null, null]","[null, null, null, null, null]",,0.059891324527677495,0.06295598583374222,5.0,1.96
1a,10000,3210505,neural-fore,neural-main-oracle-bellman,-12.6578562011826,-12.659432527837513,-12.586673112426368,0.06184512996957691,-12.780648982577883,-12.538216073097143,1.0,-0.07118308875623214,-0.07275941541114506,0.6597338306803732,0.6597338306803732,0.08541120562059779,0.07565560096185592,0.0430709923546553,nan,nan,0.2234029051541538,9.528802538055903,28.84404491284404,6568.079805876443,nan,nan,nan,nan,nan,nan,nan,nan,nan,260.0,0.0022271421109601825,25.297304125176744,8000.0,1.0,0.0,nan,nan,nan,nan,nan,nan,nan,nan,nan,nan,nan,nan,nan,nan,nan,nan,0.0,"[300, 100, 300, 300, 300]","[0.0015693867089467042, 0.004042489271017863, 0.0029493237518078003, 0.0, 0.002574510823028546]","[null, null, null, null, null]","[null, null, null, null, null]","[null, null, null, null, null]","[null, null, null, null, null]",,0.06184512996957691,0.06801654516699354,5.0,1.96
1a,10000,3220505,neural-fore,neural-main-oracle-bellman,-12.526107713677591,-12.495639151763829,-12.586673112426368,0.05973132747876841,-12.612712553622215,-12.378565749905443,1.0,0.060565398748776644,0.09103396066253922,0.31344796668840047,0.31344796668840047,0.07804970747186155,0.06390213807915178,0.032432268369814624,nan,nan,0.28429480352241754,9.502966290570171,29.770070722823974,6623.58133514589,nan,nan,nan,nan,nan,nan,nan,nan,nan,300.0,0.0011591036715574168,27.815653741208372,8000.0,1.0,0.0,nan,nan,nan,nan,nan,nan,nan,nan,nan,nan,nan,nan,nan,nan,nan,nan,0.0,"[300, 300, 300, 300, 300]","[0.0, 0.0, 0.005795518357787083, 0.0, 0.0]","[null, null, null, null, null]","[null, null, null, null, null]","[null, null, null, null, null]","[null, null, null, null, null]",,0.05973132747876841,0.06084563522410117,5.0,1.96
1a,10000,3230505,neural-fore,neural-main-oracle-bellman,-12.567998709698909,-12.585970703771325,-12.586673112426368,0.06228404858959115,-12.708047439006924,-12.463893968535727,1.0,0.01867440272745924,0.0007024086550426745,0.3345230697513833,0.3345230697513833,0.05049264628845216,0.04254734699925468,0.03954924298151829,nan,nan,0.2955727984353707,9.26046066644496,31.135663593462084,6458.3157281669355,nan,nan,nan,nan,nan,nan,nan,nan,nan,220.0,0.002708234080437253,25.13747756682569,8000.0,1.0,0.0,nan,nan,nan,nan,nan,nan,nan,nan,nan,nan,nan,nan,nan,nan,nan,nan,0.0,"[300, 100, 300, 100, 300]","[0.0029891318082880237, 0.0054461909246037625, 0.0, 0.005105847669294479, 0.0]","[null, null, null, null, null]","[null, null, null, null, null]","[null, null, null, null, null]","[null, null, null, null, null]",,0.06228404858959115,0.0976425609083943,5.0,1.96
1a,10000,3240505,neural-fore,neural-main-oracle-bellman,-12.690074918211653,-12.625057613749645,-12.586673112426368,0.06170343357383576,-12.745996343554364,-12.504118883944926,1.0,-0.10340180578528546,-0.038384501323276865,0.5182034851513005,0.5182034851513005,0.07012020998039882,0.0658905580548164,0.03176483491073846,nan,nan,0.23364418242172508,9.55530344359953,29.257420892045236,6537.874996413748,nan,nan,nan,nan,nan,nan,nan,nan,nan,260.0,0.003705410658212658,26.070143983210436,8000.0,1.0,0.0,nan,nan,nan,nan,nan,nan,nan,nan,nan,nan,nan,nan,nan,nan,nan,nan,0.0,"[300, 300, 300, 300, 100]","[0.0, 0.0, 0.007735243889430511, 0.005496080148293006, 0.005295729253339773]","[null, null, null, null, null]","[null, null, null, null, null]","[null, null, null, null, null]","[null, null, null, null, null]",,0.06170343357383576,0.08191231161323169,5.0,1.96
1a,10000,3250505,neural-fore,neural-main-oracle-bellman,-12.58856561576767,-12.582716288615682,-12.586673112426368,0.06034892108641821,-12.701000173945062,-12.464432403286303,1.0,-0.0018925033413026426,0.003956823810685961,0.3327124318245013,0.3327124318245013,0.05899136924162442,0.053476440211612256,0.02976932050211766,nan,nan,0.2991074403609404,9.351313037803644,30.692300011741928,6581.033000456026,nan,nan,nan,nan,nan,nan,nan,nan,nan,220.0,0.0035258737574788666,24.811541316995864,8000.0,1.0,0.0,nan,nan,nan,nan,nan,nan,nan,nan,nan,nan,nan,nan,nan,nan,nan,nan,0.0,"[300, 100, 100, 300, 300]","[0.0016800955145009227, 0.006671671130032264, 0.006142273811142455, 0.0, 0.0031353283317186904]","[null, null, null, null, null]","[null, null, null, null, null]","[null, null, null, null, null]","[null, null, null, null, null]",,0.06034892108641821,0.06212220623513745,5.0,1.96
1a,10000,3260505,neural-fore,neural-main-oracle-bellman,-12.524396748873432,-12.494755619427664,-12.586673112426368,0.060023956277676246,-12.61240257373191,-12.37710866512342,1.0,0.062276363552935976,0.09191749299870366,0.4481499257047571,0.4481499257047571,0.09282933995482781,0.09448070155865161,0.033568699178631575,nan,nan,0.2325430808680818,9.583099246872852,29.621296817404293,6653.223091343337,nan,nan,nan,nan,nan,nan,nan,nan,nan,260.0,1.2089023201898941e-05,25.292696200392676,8000.0,1.0,0.0,nan,nan,nan,nan,nan,nan,nan,nan,nan,nan,nan,nan,nan,nan,nan,nan,0.0,"[100, 300, 300, 300, 300]","[6.04451160094947e-05, 0.0, 0.0, 0.0, 0.0]","[null, null, null, null, null]","[null, null, null, null, null]","[null, null, null, null, null]","[null, null, null, null, null]",,0.060023956277676246,0.08388057706399948,5.0,1.96
1a,10000,3270505,neural-fore,neural-main-oracle-bellman,-12.638138125537607,-12.600306647330301,-12.586673112426368,0.061812948186704915,-12.721460025776242,-12.47915326888436,1.0,-0.05146501311123863,-0.013633534903933153,0.30777287131636033,0.30777287131636033,0.06365768510696171,0.060987875026004536,0.041084920397704464,nan,nan,0.23472340008941045,9.478704175079065,30.29238519192794,6477.4337597205995,nan,nan,nan,nan,nan,nan,nan,nan,nan,260.0,0.002851363741647853,26.00631898298161,8000.0,1.0,0.0,nan,nan,nan,nan,nan,nan,nan,nan,nan,nan,nan,nan,nan,nan,nan,nan,0.0,"[100, 300, 300, 300, 300]","[0.009048969922302858, 0.00031458641226160067, 0.0, 0.000621150850227481, 0.004272111523447326]","[null, null, null, null, null]","[null, null, null, null, null]","[null, null, null, null, null]","[null, null, null, null, null]",,0.061812948186704915,0.0514664109151793,5.0,1.96
1a,10000,3280505,neural-fore,neural-main-oracle-bellman,-12.582399130238077,-12.533639108643213,-12.586673112426368,0.05997788922112274,-12.651195771516614,-12.416082445769812,1.0,0.004273982188291114,0.05303400378315537,0.28269855934212085,0.28269855934212085,0.0605237076094272,0.05586903503661859,0.034703715311528376,nan,nan,0.2995674462935515,9.444124790520306,28.379480667257745,6625.725576070546,nan,nan,nan,nan,nan,nan,nan,nan,nan,180.0,0.00409547499503196,23.74485036660917,8000.0,1.0,0.0,nan,nan,nan,nan,nan,nan,nan,nan,nan,nan,nan,nan,nan,nan,nan,nan,0.0,"[100, 300, 300, 100, 100]","[0.0025064532894532336, 0.005895631131083768, 0.004272674161681511, 0.0006958550959183508, 0.007106761297022933]","[null, null, null, null, null]","[null, null, null, null, null]","[null, null, null, null, null]","[null, null, null, null, null]",,0.05997788922112274,0.04759308286127831,5.0,1.96
1a,10000,3290505,neural-fore,neural-main-oracle-bellman,-12.54136497395931,-12.554693261988248,-12.586673112426368,0.05970641672300315,-12.671717838765334,-12.437668685211163,1.0,0.04530813846705861,0.031979850438119684,0.48999647079286646,0.48999647079286646,0.07902819811579129,0.05500981145693816,0.03407748289093469,nan,nan,0.34788280671651345,9.548091698547502,29.523477697243944,6665.427514132964,nan,nan,nan,nan,nan,nan,nan,nan,nan,220.0,0.005659612865866482,24.692380400013644,8000.0,1.0,0.0,nan,nan,nan,nan,nan,nan,nan,nan,nan,nan,nan,nan,nan,nan,nan,nan,0.0,"[300, 100, 300, 100, 300]","[0.0004662252244401388, 0.008590536115876497, 0.010234814171825025, 0.009006488817190753, 0.0]","[null, null, null, null, null]","[null, null, null, null, null]","[null, null, null, null, null]","[null, null, null, null, null]",,0.05970641672300315,0.046430222838008656,5.0,1.96
1a,10000,3300505,neural-fore,neural-main-oracle-bellman,-12.515694802201473,-12.5004642339131,-12.586673112426368,0.059838837347898896,-12.617748355114982,-12.383180112711218,1.0,0.07097831022489487,0.08620887851326842,0.45071145835503446,0.45071145835503446,0.07724887107696782,0.06083232397334763,0.028462425388060042,nan,nan,0.3365199792840094,9.474117491133512,30.295674884644587,6617.6324699500665,nan,nan,nan,nan,nan,nan,nan,nan,nan,220.0,0.0007127990438503023,23.556037374981678,8000.0,1.0,0.0,nan,nan,nan,nan,nan,nan,nan,nan,nan,nan,nan,nan,nan,nan,nan,nan,0.0,"[100, 300, 100, 300, 300]","[0.003454839756704362, 0.0, 0.0, 0.0, 0.00010915546254714958]","[null, null, null, null, null]","[null, null, null, null, null]","[null, null, null, null, null]","[null, null, null, null, null]",,0.059838837347898896,0.07035459411633911,5.0,1.96
1a,10000,3310505,neural-fore,neural-main-oracle-bellman,-12.662591524507176,-12.68361420128927,-12.586673112426368,0.06425801576277812,-12.809559912184316,-12.557668490394224,1.0,-0.0759184120808083,-0.09694108886290209,0.7932048024510274,0.7932048024510274,0.09769366903469831,0.08674599437568473,0.03236413717441474,nan,nan,0.3624687084401833,9.362112366036744,32.58574170066715,6415.423347176609,nan,nan,nan,nan,nan,nan,nan,nan,nan,140.0,0.005035525421659195,19.415030683611985,8000.0,1.0,0.0,nan,nan,nan,nan,nan,nan,nan,nan,nan,nan,nan,nan,nan,nan,nan,nan,0.0,"[100, 300, 100, 100, 100]","[0.007263935103936256, 0.002180753139894209, 0.005225530820505453, 0.0023997380406262994, 0.00810767000333376]","[null, null, null, null, null]","[null, null, null, null, null]","[null, null, null, null, null]","[null, null, null, null, null]",,0.06425801576277812,0.05868645480655833,5.0,1.96
1a,10000,3320505,neural-fore,neural-main-oracle-bellman,-12.577902003534156,-12.573250467993246,-12.586673112426368,0.061696728409701224,-12.69417605567626,-12.45232488031023,1.0,0.008771108892211998,0.013422644433122244,0.4807456002246145,0.4807456002246145,0.05598986955006875,0.05069273206159466,0.032227440624108185,nan,nan,0.209524637517833,9.327201626027215,30.841647985064018,6374.525364516612,nan,nan,nan,nan,nan,nan,nan,nan,nan,260.0,0.0022628113734945187,25.634033549996094,8000.0,1.0,0.0,nan,nan,nan,nan,nan,nan,nan,nan,nan,nan,nan,nan,nan,nan,nan,nan,0.0,"[300, 100, 300, 300, 300]","[0.0, 0.0065125990824577784, 0.0, 0.0015144602087394181, 0.003286997576275398]","[null, null, null, null, null]","[null, null, null, null, null]","[null, null, null, null, null]","[null, null, null, null, null]",,0.061696728409701224,0.09388546211627903,5.0,1.96
1a,10000,3330505,neural-fore,neural-main-oracle-bellman,-12.569204484234099,-12.556940138073895,-12.586673112426368,0.06209048513683412,-12.678637488942089,-12.4352427872057,1.0,0.01746862819226891,0.029732974352473462,0.41865894792538205,0.41865894792538205,0.06971739201133895,0.06905351964772707,0.03490464934723981,nan,nan,0.2749555047087067,9.305666358207521,31.400284161138995,6459.014791528098,nan,nan,nan,nan,nan,nan,nan,nan,nan,220.0,0.003681594336856495,24.533207024808508,8000.0,0.9999999999999998,0.0,nan,nan,nan,nan,nan,nan,nan,nan,nan,nan,nan,nan,nan,nan,nan,nan,0.0,"[100, 300, 300, 300, 100]","[0.0070200045788841765, 0.0030975633878946654, 0.0018794301389237797, 0.0, 0.00641097357857985]","[null, null, null, null, null]","[null, null, null, null, null]","[null, null, null, null, null]","[null, null, null, null, null]",,0.06209048513683412,0.05083924628568588,5.0,1.96
1a,10000,3340505,neural-fore,neural-main-oracle-bellman,-12.568699002149124,-12.558292013799358,-12.586673112426368,0.06064748198038639,-12.677161078480916,-12.4394229491178,1.0,0.017974110277243938,0.028381098627010104,0.48508192062338573,0.48508192062338573,0.05587432343217347,0.0523256431476418,0.0280168690749589,nan,nan,0.3334710015250392,9.450207975619914,28.43428393217339,6649.988354119055,nan,nan,nan,nan,nan,nan,nan,nan,nan,180.0,0.0036144126944216877,22.966976742190308,8000.0,1.0,0.0,nan,nan,nan,nan,nan,nan,nan,nan,nan,nan,nan,nan,nan,nan,nan,nan,0.0,"[100, 100, 300, 100, 300]","[0.004887454231412232, 0.004064809031808871, 0.004413294657396364, 0.0047065055514909715, 0.0]","[null, null, null, null, null]","[null, null, null, null, null]","[null, null, null, null, null]","[null, null, null, null, null]",,0.06064748198038639,0.10001257250707449,5.0,1.96
1a,10000,3350505,neural-fore,neural-main-oracle-bellman,-12.581929924469774,-12.563391630523219,-12.586673112426368,0.06045681728672855,-12.681886992405207,-12.44489626864123,1.0,0.004743187956593786,0.02328148190314927,0.29768779439201165,0.29768779439201165,0.041355082217993895,0.03743857698295318,0.026596071161171412,nan,nan,0.22112331801705012,9.498553097702551,28.586318723834022,6600.629078050021,nan,nan,nan,nan,nan,nan,nan,nan,nan,260.0,0.0014141641991541622,24.744975517247802,8000.0,1.0,0.0,nan,nan,nan,nan,nan,nan,nan,nan,nan,nan,nan,nan,nan,nan,nan,nan,0.0,"[300, 300, 300, 100, 300]","[0.0, 0.0, 0.0, 0.004893836092294129, 0.002176984903476682]","[null, null, null, null, null]","[null, null, null, null, null]","[null, null, null, null, null]","[null, null, null, null, null]",,0.06045681728672855,0.045448472417774465,5.0,1.96
1a,10000,3360505,neural-fore,neural-main-oracle-bellman,-12.612676817631847,-12.59651147428596,-12.586673112426368,0.06067622221089251,-12.715436869819309,-12.47758607875261,1.0,-0.026003705205479122,-0.009838361859591416,0.2906747127781334,0.2906747127781334,0.05221079506658234,0.0449682290836202,0.03078044449105953,nan,nan,0.32104062848535264,9.314186073300739,28.11897692571612,6668.4150489303,nan,nan,nan,nan,nan,nan,nan,nan,nan,180.0,0.003697428364019044,22.85655976702692,8000.0,1.0,0.0,nan,nan,nan,nan,nan,nan,nan,nan,nan,nan,nan,nan,nan,nan,nan,nan,0.0,"[100, 300, 100, 100, 300]","[0.0034710121489871315, 0.0, 0.008921474420995478, 0.003934625150791466, 0.0021600300993211414]","[null, null, null, null, null]","[null, null, null, null, null]","[null, null, null, null, null]","[null, null, null, null, null]",,0.06067622221089251,0.02837295671445591,5.0,1.96
1a,10000,3370505,neural-fore,neural-main-oracle-bellman,-12.536603310465912,-12.537826992715898,-12.586673112426368,0.05880455640117937,-12.653083923262209,-12.422570062169587,1.0,0.05006980196045596,0.04884611971047015,0.42354116375704665,0.42354116375704665,0.08657756091246628,0.07904687112173885,0.02312199882963972,nan,nan,0.2745622398089741,9.71423238792529,27.563772538636297,6712.665251377568,nan,nan,nan,nan,nan,nan,nan,nan,nan,220.0,0.004259863529367759,23.186962941195816,8000.0,1.0,0.0,nan,nan,nan,nan,nan,nan,nan,nan,nan,nan,nan,nan,nan,nan,nan,nan,0.0,"[300, 300, 100, 100, 300]","[0.0, 0.00877773502183003, 0.004630126429201602, 0.004969223473693207, 0.002922232722113957]","[null, null, null, null, null]","[null, null, null, null, null]","[null, null, null, null, null]","[null, null, null, null, null]",,0.05880455640117937,0.07086381305780769,5.0,1.96
1a,10000,3380505,neural-fore,neural-main-oracle-bellman,-12.528257173172266,-12.539489819057934,-12.586673112426368,0.059693199679875616,-12.65648849043049,-12.422491147685378,1.0,0.058415939254102156,0.047183293368433965,0.3087268295753735,0.3087268295753735,0.057958066224075434,0.053594460603215745,0.04018747275780518,nan,nan,0.23521433471305742,9.401109909891629,29.79104368081305,6558.112203596531,nan,nan,nan,nan,nan,nan,nan,nan,nan,260.0,0.0011986329830530797,24.6280948502128,8000.0,1.0,0.0,nan,nan,nan,nan,nan,nan,nan,nan,nan,nan,nan,nan,nan,nan,nan,nan,0.0,"[100, 300, 300, 300, 300]","[0.003837393901975946, 0.0, 0.0, 0.0021557710132894523, 0.0]","[null, null, null, null, null]","[null, null, null, null, null]","[null, null, null, null, null]","[null, null, null, null, null]",,0.059693199679875616,0.07263168977668162,5.0,1.96
1a,10000,3390505,neural-fore,neural-main-oracle-bellman,-12.573118137861776,-12.501883923248423,-12.586673112426368,0.05767162868833336,-12.614920315477557,-12.38884753101929,1.0,0.01355497456459176,0.08478918917794509,0.6757648706262545,0.6757648706262545,0.07141481183194318,0.06624374495873804,0.03309797287617885,nan,nan,0.3642196959879303,9.68268975673666,28.795326374802055,6782.4391442311,nan,nan,nan,nan,nan,nan,nan,nan,nan,180.0,0.005585864943162971,22.81522902541328,8000.0,1.0,0.0,nan,nan,nan,nan,nan,nan,nan,nan,nan,nan,nan,nan,nan,nan,nan,nan,0.0,"[300, 100, 100, 100, 300]","[0.0009210530076766794, 0.006785553792482208, 0.005676721859165933, 0.00800641268557986, 0.0065395833709101766]","[null, null, null, null, null]","[null, null, null, null, null]","[null, null, null, null, null]","[null, null, null, null, null]",,0.05767162868833336,0.08087040962921196,5.0,1.96
1a,10000,3400505,neural-fore,neural-main-oracle-bellman,-12.51403548224286,-12.517166783501665,-12.586673112426368,0.05970127146153475,-12.634181275566274,-12.400152291437056,1.0,0.07263763018350744,0.0695063289247031,0.5803213180812026,0.5803213180812026,0.0714131066230437,0.06445734003600616,0.03548478137417522,nan,nan,0.2527156438405665,9.38883691928443,28.415913737457423,6630.929449804012,nan,nan,nan,nan,nan,nan,nan,nan,nan,180.0,0.008519841697929277,22.549664174974897,8000.0,0.9999999999999998,0.0,nan,nan,nan,nan,nan,nan,nan,nan,nan,nan,nan,nan,nan,nan,nan,nan,0.0,"[100, 100, 100, 300, 300]","[0.017988382485967912, 0.006231218938492457, 0.009781120140922485, 0.00500283322100151, 0.0035956537032620158]","[null, null, null, null, null]","[null, null, null, null, null]","[null, null, null, null, null]","[null, null, null, null, null]",,0.05970127146153475,0.046673329016367754,5.0,1.96
1a,10000,3410505,neural-fore,neural-main-oracle-bellman,-12.57855162636013,-12.557027564590392,-12.586673112426368,0.06032929698730337,-12.675272986685506,-12.438782142495278,1.0,0.008121486066238859,0.02964554783597606,0.433778825890776,0.433778825890776,0.0743079617508706,0.06140042533443009,0.03135122627619479,nan,nan,0.41905110269040813,9.317409688419335,28.18462015279215,6676.345327374222,nan,nan,nan,nan,nan,nan,nan,nan,nan,100.0,0.0040094288074127085,18.16447239081608,8000.0,1.0,0.0,nan,nan,nan,nan,nan,nan,nan,nan,nan,nan,nan,nan,nan,nan,nan,nan,0.0,"[100, 100, 100, 100, 100]","[0.00351360610005746, 0.005902493160102412, 0.004284727571330421, 0.0015435240067505852, 0.004802793198822663]","[null, null, null, null, null]","[null, null, null, null, null]","[null, null, null, null, null]","[null, null, null, null, null]",,0.06032929698730337,0.039929899832829706,5.0,1.96
1a,10000,3420505,neural-fore,neural-main-oracle-bellman,-12.665209192265737,-12.638593612716004,-12.586673112426368,0.061359207812214864,-12.758857660027946,-12.518329565404063,1.0,-0.07853607983936861,-0.05192050028963635,0.3476364394273063,0.3476364394273063,0.0597866246948807,0.05270836711509423,0.032562227476195756,nan,nan,0.4227086266086197,9.323172206425813,28.921913711384683,6621.004487106522,nan,nan,nan,nan,nan,nan,nan,nan,nan,140.0,0.00868455764856173,20.844028707779945,8000.0,1.0,0.0,nan,nan,nan,nan,nan,nan,nan,nan,nan,nan,nan,nan,nan,nan,nan,nan,0.0,"[300, 100, 100, 100, 100]","[0.01919127912695864, 0.006931238630199647, 0.0059456006651589476, 0.00279347146151149, 0.008561198358979928]","[null, null, null, null, null]","[null, null, null, null, null]","[null, null, null, null, null]","[null, null, null, null, null]",,0.061359207812214864,0.09129709163754218,5.0,1.96
1a,10000,3430505,neural-fore,neural-main-oracle-bellman,-12.606377495712229,-12.598503948705135,-12.586673112426368,0.060256144742491836,-12.716605992400419,-12.48040190500985,1.0,-0.01970438328586077,-0.01183083627876691,0.6474706526257539,0.6474706526257539,0.07264616959739134,0.06196313527711874,0.03486447724528472,nan,nan,0.38715509581829577,9.34711938923966,27.994958099895044,6740.209179080938,nan,nan,nan,nan,nan,nan,nan,nan,nan,100.0,0.009056860374509066,17.91954482459696,8000.0,1.0,0.0,nan,nan,nan,nan,nan,nan,nan,nan,nan,nan,nan,nan,nan,nan,nan,nan,0.0,"[100, 100, 100, 100, 100]","[0.005578584221872398, 0.005806882543430804, 0.005502822799451121, 0.004987453737762046, 0.023408558570028958]","[null, null, null, null, null]","[null, null, null, null, null]","[null, null, null, null, null]","[null, null, null, null, null]",,0.060256144742491836,0.06942042234956201,5.0,1.96
1a,10000,3440505,neural-fore,neural-main-oracle-bellman,-12.648599838715148,-12.643136475414282,-12.586673112426368,0.062481418073045546,-12.765600054837451,-12.520672895991114,1.0,-0.06192672628877993,-0.05646336298791432,0.282601951859692,0.282601951859692,0.048175156586277,0.04486516404437951,0.03586043955243504,nan,nan,0.35229269669825775,9.308964960481777,28.796942101177915,6580.926694117092,nan,nan,nan,nan,nan,nan,nan,nan,nan,180.0,0.005618235845185664,21.603927832993215,8000.0,1.0,0.0,nan,nan,nan,nan,nan,nan,nan,nan,nan,nan,nan,nan,nan,nan,nan,nan,0.0,"[100, 100, 100, 300, 300]","[0.00447637473925721, 0.01045092550897993, 0.007030427076459106, 0.0, 0.006133451901232075]","[null, null, null, null, null]","[null, null, null, null, null]","[null, null, null, null, null]","[null, null, null, null, null]",,0.062481418073045546,0.06486977937543698,5.0,1.96
1a,10000,3450505,neural-fore,neural-main-oracle-bellman,-12.640180166774035,-12.65770393458966,-12.586673112426368,0.061301393876184856,-12.777854666586983,-12.537553202592338,1.0,-0.05350705434766745,-0.07103082216329248,0.7687813636534292,0.7687813636534292,0.08406075861935977,0.08031859729873428,0.02955004568763119,nan,nan,0.245562042732116,9.478590007298243,27.44995441110961,6634.661302096073,nan,nan,nan,nan,nan,nan,nan,nan,nan,260.0,0.002267617758039883,23.78373074157862,8000.0,1.0,0.0,nan,nan,nan,nan,nan,nan,nan,nan,nan,nan,nan,nan,nan,nan,nan,nan,0.0,"[100, 300, 300, 300, 300]","[0.0055476489607157045, 0.005681184661789781, 0.0, 0.0, 0.000109255167693929]","[null, null, null, null, null]","[null, null, null, null, null]","[null, null, null, null, null]","[null, null, null, null, null]",,0.061301393876184856,0.04640824308579351,5.0,1.96
1a,10000,3460505,neural-fore,neural-main-oracle-bellman,-12.547311332607556,-12.537365313338098,-12.586673112426368,0.05884778793315025,-12.652706977687073,-12.422023648989123,1.0,0.039361779818811726,0.04930779908826999,0.3197539900290344,0.3197539900290344,0.05392718641248591,0.050041444484581366,0.042121722855048796,nan,nan,0.2843777031696953,9.540102209592314,28.229421401935483,6672.104463675295,nan,nan,nan,nan,nan,nan,nan,nan,nan,220.0,0.004675943571683791,23.7954578335979,8000.0,1.0,0.0,nan,nan,nan,nan,nan,nan,nan,nan,nan,nan,nan,nan,nan,nan,nan,nan,0.0,"[300, 100, 300, 100, 300]","[0.0034055636585826514, 0.004553321800840612, 0.0, 0.01102722073327194, 0.004393611665723749]","[null, null, null, null, null]","[null, null, null, null, null]","[null, null, null, null, null]","[null, null, null, null, null]",,0.05884778793315025,0.04017062462024298,5.0,1.96
1a,10000,3470505,neural-fore,neural-main-oracle-bellman,-12.619596656417853,-12.607549784799826,-12.586673112426368,0.0619717630352073,-12.729014440348832,-12.486085129250819,1.0,-0.032923543991485005,-0.020876672373457694,0.5263938349973722,0.5263938349973722,0.07245044660873376,0.06608886817886224,0.03407650546775829,nan,nan,0.2530189231097739,9.47372933914464,29.437254451497978,6551.73869229523,nan,nan,nan,nan,nan,nan,nan,nan,nan,220.0,0.001976456966792934,23.630037733190694,8000.0,1.0,0.0,nan,nan,nan,nan,nan,nan,nan,nan,nan,nan,nan,nan,nan,nan,nan,nan,0.0,"[100, 300, 300, 100, 300]","[0.003737771423684921, 0.0, 0.0, 0.00463897321193225, 0.0015055401983474987]","[null, null, null, null, null]","[null, null, null, null, null]","[null, null, null, null, null]","[null, null, null, null, null]",,0.0619717630352073,0.033912137048123944,5.0,1.96
1a,10000,3480505,neural-fore,neural-main-oracle-bellman,-12.529769834448466,-12.539372848820605,-12.586673112426368,0.06004956643290127,-12.657069999029092,-12.421675698612118,1.0,0.05690327797790218,0.04730026360576289,0.5025801558373988,0.5025801558373988,0.07152363440500184,0.06603106501211983,0.03437555633645303,nan,nan,0.25800684579142635,9.518073984683738,30.54607935121393,6640.558801216311,nan,nan,nan,nan,nan,nan,nan,nan,nan,180.0,0.0034074988298525718,21.52266187480418,8000.0,1.0,0.0,nan,nan,nan,nan,nan,nan,nan,nan,nan,nan,nan,nan,nan,nan,nan,nan,0.0,"[100, 300, 100, 100, 300]","[0.003130321340926712, 0.0, 0.004148914230697416, 0.00975825857763873, 0.0]","[null, null, null, null, null]","[null, null, null, null, null]","[null, null, null, null, null]","[null, null, null, null, null]",,0.06004956643290127,0.05140509948324072,5.0,1.96
1a,10000,3490505,neural-fore,neural-main-oracle-bellman,-12.57286064938309,-12.580117733988889,-12.586673112426368,0.06054128666620261,-12.698778655854646,-12.461456812123131,1.0,0.0138124630432781,0.00655537843747922,0.6437077550582874,0.6437077550582874,0.11791145715930813,0.0822098266611215,0.03638381702506027,nan,nan,0.2485244771159965,9.552318628624995,29.220418505757376,6653.458750987096,nan,nan,nan,nan,nan,nan,nan,nan,nan,300.0,0.002772945341367586,25.14742611638503,8000.0,1.0,0.0,nan,nan,nan,nan,nan,nan,nan,nan,nan,nan,nan,nan,nan,nan,nan,nan,0.0,"[300, 300, 300, 300, 300]","[0.007615693929208738, 3.508576272483585e-05, 0.0016519847741944512, 0.003922160460383281, 0.0006398017803266212]","[null, null, null, null, null]","[null, null, null, null, null]","[null, null, null, null, null]","[null, null, null, null, null]",,0.06054128666620261,0.03199482251038031,5.0,1.96
1a,10000,3500505,neural-fore,neural-main-oracle-bellman,-12.607617237293121,-12.553811700704092,-12.586673112426368,0.06064132006965329,-12.672668688040613,-12.43495471336757,1.0,-0.020944124866753455,0.0328614117222763,0.388883945834087,0.388883945834087,0.06859516120282945,0.06662504491665952,0.029876629851326185,nan,nan,0.2592533788731082,9.520105319215038,29.370033362725582,6597.485183384678,nan,nan,nan,nan,nan,nan,nan,nan,nan,220.0,0.005403946393591658,23.368641857837794,8000.0,1.0,0.0,nan,nan,nan,nan,nan,nan,nan,nan,nan,nan,nan,nan,nan,nan,nan,nan,0.0,"[300, 300, 100, 100, 300]","[0.000692519055381621, 0.0, 0.005873882035570936, 0.013277092541063216, 0.0071762383359425174]","[null, null, null, null, null]","[null, null, null, null, null]","[null, null, null, null, null]","[null, null, null, null, null]",,0.06064132006965329,0.10623516863780819,5.0,1.96
1a,10000,3510505,neural-fore,neural-main-oracle-bellman,-12.578945439454728,-12.578346542884539,-12.586673112426368,0.06159529315830374,-12.699073317474815,-12.457619768294263,1.0,0.0077276729716402315,0.008326569541829087,0.4698467034242732,0.4698467034242732,0.06431113607559154,0.056915263165754224,0.03196454667004023,nan,nan,0.247020749445601,9.434565132985005,30.06226491333958,6477.65836854249,nan,nan,nan,nan,nan,nan,nan,nan,nan,260.0,0.0018316387887696809,25.731585549970625,8000.0,1.0000000000000002,0.0,nan,nan,nan,nan,nan,nan,nan,nan,nan,nan,nan,nan,nan,nan,nan,nan,0.0,"[100, 300, 300, 300, 300]","[0.005349925798687016, 0.0, 0.0038082681451613886, 0.0, 0.0]","[null, null, null, null, null]","[null, null, null, null, null]","[null, null, null, null, null]","[null, null, null, null, null]",,0.06159529315830374,0.01244487265118091,5.0,1.96
1a,10000,3520505,neural-fore,neural-main-oracle-bellman,-12.641398635619726,-12.643568025986758,-12.586673112426368,0.06328336662928075,-12.767603424580148,-12.519532627393367,1.0,-0.05472552319335833,-0.05689491356038978,0.40329892606534906,0.40329892606534906,0.07255523118408348,0.06589773183032913,0.028218375795557357,nan,nan,0.23403570860584602,9.276935049121528,30.820959008527257,6442.12403729966,nan,nan,nan,nan,nan,nan,nan,nan,nan,260.0,0.0014243322512221292,24.22850450820988,8000.0,1.0,0.0,nan,nan,nan,nan,nan,nan,nan,nan,nan,nan,nan,nan,nan,nan,nan,nan,0.0,"[300, 300, 300, 100, 300]","[0.0, 0.0007413239702356428, 0.0, 0.006380337285875003, 0.0]","[null, null, null, null, null]","[null, null, null, null, null]","[null, null, null, null, null]","[null, null, null, null, null]",,0.06328336662928075,0.03366465406707454,5.0,1.96
1a,10000,3530505,neural-fore,neural-main-oracle-bellman,-12.582573691914229,-12.574239377364455,-12.586673112426368,0.057327952652339274,-12.68660216456304,-12.46187659016587,1.0,0.004099420512138963,0.012433735061913254,0.5881751085561233,0.5881751085561233,0.07138560372265534,0.06703836688574574,0.04046481876855648,nan,nan,0.38144890580331475,9.792312345815308,26.50568503354246,6915.616380064333,nan,nan,nan,nan,nan,nan,nan,nan,nan,180.0,0.004263459067828401,20.4181612500106,8000.0,1.0,0.0,nan,nan,nan,nan,nan,nan,nan,nan,nan,nan,nan,nan,nan,nan,nan,nan,0.0,"[100, 300, 100, 300, 100]","[0.002623212042561023, 0.0, 0.006550720286032437, 0.0022147634482518647, 0.009928599562296678]","[null, null, null, null, null]","[null, null, null, null, null]","[null, null, null, null, null]","[null, null, null, null, null]",,0.057327952652339274,0.11729189611034863,5.0,1.96
1a,10000,3540505,neural-fore,neural-main-oracle-bellman,-12.61024292233679,-12.594259693932832,-12.586673112426368,0.06022839980773776,-12.712307357555998,-12.476212030309666,1.0,-0.02356980991042157,-0.007586581506464185,0.3330294242476607,0.3330294242476607,0.04849682848201805,0.0428362792205028,0.032577482519960045,nan,nan,0.27322624917675786,9.37547931716734,29.41735155005901,6594.00542499847,nan,nan,nan,nan,nan,nan,nan,nan,nan,260.0,0.002891705292960443,25.701595258177257,8000.0,1.0,0.0,nan,nan,nan,nan,nan,nan,nan,nan,nan,nan,nan,nan,nan,nan,nan,nan,0.0,"[100, 300, 300, 300, 300]","[0.00639459549914097, 0.0013078285251349208, 0.0013662055233698105, 0.0010793057453631814, 0.004310591171793332]","[null, null, null, null, null]","[null, null, null, null, null]","[null, null, null, null, null]","[null, null, null, null, null]",,0.06022839980773776,0.08262476855999173,5.0,1.96
1a,10000,3550505,neural-fore,neural-main-oracle-bellman,-12.59309266901518,-12.583256606662548,-12.586673112426368,0.061239550748533045,-12.703286126129672,-12.463227087195424,1.0,-0.006419556588811659,0.0034165057638197993,0.5823441969362289,0.5823441969362289,0.08491581955558003,0.07791861379771528,0.034131969305581315,nan,nan,0.31554087977393247,9.34527919606635,29.79363387875843,6598.318379307646,nan,nan,nan,nan,nan,nan,nan,nan,nan,180.0,0.004574195847881083,19.9910943584051,8000.0,1.0,0.0,nan,nan,nan,nan,nan,nan,nan,nan,nan,nan,nan,nan,nan,nan,nan,nan,0.0,"[100, 100, 300, 100, 300]","[0.004522426901250963, 0.00808852447249371, 0.0008125730659334679, 0.008448665500935142, 0.0009987892987921292]","[null, null, null, null, null]","[null, null, null, null, null]","[null, null, null, null, null]","[null, null, null, null, null]",,0.061239550748533045,0.07332661358279503,5.0,1.96
1a,10000,3560505,neural-fore,neural-main-oracle-bellman,-12.597691365070542,-12.562982616806242,-12.586673112426368,0.059966078952666216,-12.680516131553468,-12.445449102059015,1.0,-0.011018252644173998,0.023690495620126484,0.32247608442658826,0.32247608442658826,0.04985684798122299,0.04374583115804513,0.03060060226422251,nan,nan,0.2940589664144389,9.568669550694565,28.852331104725074,6649.029498473997,nan,nan,nan,nan,nan,nan,nan,nan,nan,260.0,0.009707479036711767,23.634163383219857,8000.0,1.0,0.0,nan,nan,nan,nan,nan,nan,nan,nan,nan,nan,nan,nan,nan,nan,nan,nan,0.0,"[300, 300, 300, 100, 300]","[0.006992813783190451, 0.0061258232354076065, 0.0042322890240792214, 0.027867036453084564, 0.0033194326877969797]","[null, null, null, null, null]","[null, null, null, null, null]","[null, null, null, null, null]","[null, null, null, null, null]",,0.059966078952666216,0.0454466869545688,5.0,1.96
1a,10000,3570505,neural-fore,neural-main-oracle-bellman,-12.7059363962198,-12.680060627302387,-12.586673112426368,0.06277114584804946,-12.803092073164564,-12.55702918144021,1.0,-0.11926328379343154,-0.09338751487601904,0.3655928344758691,0.3655928344758691,0.06519891991466102,0.056409451747849504,0.027891340092514972,nan,nan,0.28723045600050684,9.35310101545695,31.97198807645039,6474.1082060054105,nan,nan,nan,nan,nan,nan,nan,nan,nan,180.0,0.005635876267294315,21.15932630817406,8000.0,1.0,0.0,nan,nan,nan,nan,nan,nan,nan,nan,nan,nan,nan,nan,nan,nan,nan,nan,0.0,"[100, 300, 300, 100, 100]","[0.007535948138472956, 0.0038879359151987895, 0.0, 0.005082998628980802, 0.011672498653819027]","[null, null, null, null, null]","[null, null, null, null, null]","[null, null, null, null, null]","[null, null, null, null, null]",,0.06277114584804946,0.10957338837087521,5.0,1.96
1a,10000,3580505,neural-fore,neural-main-oracle-bellman,-12.519767140199168,-12.542604563615118,-12.586673112426368,0.06044459641488819,-12.661075972588298,-12.424133154641938,1.0,0.0669059722272003,0.04406854881125,0.3106038292373021,0.3106038292373021,0.04706409634543692,0.04572363973336404,0.03393167527630181,nan,nan,0.29068969393958594,9.368884728129924,29.17910499245691,6658.6965351692525,nan,nan,nan,nan,nan,nan,nan,nan,nan,180.0,0.0031821004086540427,19.944535975228064,8000.0,1.0,0.0,nan,nan,nan,nan,nan,nan,nan,nan,nan,nan,nan,nan,nan,nan,nan,nan,0.0,"[300, 100, 100, 300, 100]","[0.00022024108440392968, 0.005083770834423793, 0.0035434168017865293, 0.0035651468430050793, 0.003497926479650882]","[null, null, null, null, null]","[null, null, null, null, null]","[null, null, null, null, null]","[null, null, null, null, null]",,0.06044459641488819,0.01342418137794152,5.0,1.96
1a,10000,3590505,neural-fore,neural-main-oracle-bellman,-12.604286165502339,-12.600391237671484,-12.586673112426368,0.06244336491986888,-12.722780232914428,-12.478002242428541,1.0,-0.017613053075971052,-0.013718125245116397,0.30932890368895233,0.30932890368895233,0.05479341884642701,0.04563340039970572,0.032714683565938305,nan,nan,0.318527637079307,9.42673362246688,30.1395249113765,6545.8195017452,nan,nan,nan,nan,nan,nan,nan,nan,nan,180.0,0.004599744880715328,21.628372175188268,8000.0,0.9999999999999998,0.0,nan,nan,nan,nan,nan,nan,nan,nan,nan,nan,nan,nan,nan,nan,nan,nan,0.0,"[300, 300, 100, 100, 100]","[0.0, 0.0012840750868525256, 0.00650053230102694, 0.009784664891322495, 0.005429452124374682]","[null, null, null, null, null]","[null, null, null, null, null]","[null, null, null, null, null]","[null, null, null, null, null]",,0.06244336491986888,0.07302592660969745,5.0,1.96
1a,10000,3600505,neural-fore,neural-main-oracle-bellman,-12.550298796443977,-12.508797259145751,-12.586673112426368,0.059777816912702474,-12.625961780294649,-12.391632737996854,1.0,0.036374315982390826,0.07787585328061652,0.3800356554664332,0.3800356554664332,0.06380099870388248,0.05717482723633023,0.030298653831053998,nan,nan,0.2696479829778216,9.570052305202031,29.827791915564635,6651.85433222785,nan,nan,nan,nan,nan,nan,nan,nan,nan,180.0,0.003286756968606092,21.34891799199395,8000.0,1.0,0.0,nan,nan,nan,nan,nan,nan,nan,nan,nan,nan,nan,nan,nan,nan,nan,nan,0.0,"[100, 300, 100, 100, 300]","[0.003762565099706007, 0.0, 0.0035627389541149556, 0.009108480789209498, 0.0]","[null, null, null, null, null]","[null, null, null, null, null]","[null, null, null, null, null]","[null, null, null, null, null]",,0.059777816912702474,0.04911675615677683,5.0,1.96
1a,10000,3610505,neural-fore,neural-main-oracle-bellman,-12.583669595966594,-12.547882436339117,-12.586673112426368,0.059595059612454655,-12.664688753179528,-12.431076119498707,1.0,0.003003516459774147,0.03879067608725073,0.5795028169278221,0.5795028169278221,0.06376013586092485,0.06306497706821337,0.031411234287865825,nan,nan,0.28459923276799637,9.446138798012466,27.996590915629362,6613.716535453819,nan,nan,nan,nan,nan,nan,nan,nan,nan,220.0,0.003397647640303017,22.57410434181802,8000.0,1.0,0.0,nan,nan,nan,nan,nan,nan,nan,nan,nan,nan,nan,nan,nan,nan,nan,nan,0.0,"[300, 100, 100, 300, 300]","[0.0023882684132118482, 0.0023914124433508555, 0.003637262747410355, 0.005166922975473388, 0.0034043716220686403]","[null, null, null, null, null]","[null, null, null, null, null]","[null, null, null, null, null]","[null, null, null, null, null]",,0.059595059612454655,0.05894985663571676,5.0,1.96
1a,10000,3620505,neural-fore,neural-main-oracle-bellman,-12.55987589356918,-12.52765212459388,-12.586673112426368,0.059437603838612005,-12.644149828117559,-12.4111544210702,1.0,0.026797218857188554,0.0590209878324881,0.5018590231696222,0.5018590231696222,0.06699508597802581,0.0618664908357854,0.02728820891224838,nan,nan,0.2953360736612336,9.562513840191958,28.75694647433274,6632.168144370909,nan,nan,nan,nan,nan,nan,nan,nan,nan,220.0,0.0028221605605742365,22.504863091558217,8000.0,1.0,0.0,nan,nan,nan,nan,nan,nan,nan,nan,nan,nan,nan,nan,nan,nan,nan,nan,0.0,"[100, 300, 300, 100, 300]","[0.0031120428233978752, 0.00035344520967354114, 0.0, 0.010645314769799767, 0.0]","[null, null, null, null, null]","[null, null, null, null, null]","[null, null, null, null, null]","[null, null, null, null, null]",,0.059437603838612005,0.04037204868178256,5.0,1.96
1a,10000,3630505,neural-fore,neural-main-oracle-bellman,-12.608970250128838,-12.565567728984675,-12.586673112426368,0.05928209310397947,-12.681760631468475,-12.449374826500875,1.0,-0.022297137702469882,0.021105383441692993,0.37991326361071004,0.37991326361071004,0.07308258666921333,0.058297788980160824,0.03214216679000949,nan,nan,0.240356593616816,9.597792463850325,28.31792731430534,6705.796162177268,nan,nan,nan,nan,nan,nan,nan,nan,nan,260.0,0.0016217190131902624,25.215565816138405,8000.0,1.0,0.0,nan,nan,nan,nan,nan,nan,nan,nan,nan,nan,nan,nan,nan,nan,nan,nan,0.0,"[300, 300, 300, 300, 100]","[0.0017988646758111202, 0.0, 0.0, 0.0019705549966822808, 0.004339175393457911]","[null, null, null, null, null]","[null, null, null, null, null]","[null, null, null, null, null]","[null, null, null, null, null]",,0.05928209310397947,0.036665841239341995,5.0,1.96
1a,10000,3640505,neural-fore,neural-main-oracle-bellman,-12.636447374585122,-12.58113133107289,-12.586673112426368,0.0598197194987241,-12.698377981290388,-12.46388468085539,1.0,-0.04977426215875447,0.005541781353478825,0.5960204978217926,0.5960204978217926,0.08480121852182385,0.0810789032360297,0.029243379118123025,nan,nan,0.2931059170723761,9.474629868622237,29.613652927954185,6600.598250343825,nan,nan,nan,nan,nan,nan,nan,nan,nan,260.0,0.0034360466353879743,23.982243774819654,8000.0,1.0,0.0,nan,nan,nan,nan,nan,nan,nan,nan,nan,nan,nan,nan,nan,nan,nan,nan,0.0,"[300, 300, 300, 300, 100]","[0.0001701711207781448, 0.005930312310999951, 0.0, 0.005477856381338643, 0.005601893363823134]","[null, null, null, null, null]","[null, null, null, null, null]","[null, null, null, null, null]","[null, null, null, null, null]",,0.0598197194987241,0.059647842251610884,5.0,1.96
1a,10000,3650505,neural-fore,neural-main-oracle-bellman,-12.592411810886743,-12.6102540988087,-12.586673112426368,0.06180253719243379,-12.73138707170587,-12.48912112591153,1.0,-0.005738698460374891,-0.023580986382331304,0.5410694660050672,0.5410694660050672,0.08175634358093535,0.07505947461143178,0.031039585056806093,nan,nan,0.27342628701910215,9.510321488477738,30.65950870347257,6508.252646901452,nan,nan,nan,nan,nan,nan,nan,nan,nan,220.0,0.004574976755949964,21.91354240019573,8000.0,0.9999999999999998,0.0,nan,nan,nan,nan,nan,nan,nan,nan,nan,nan,nan,nan,nan,nan,nan,nan,0.0,"[300, 300, 100, 300, 100]","[0.006767581646869025, 0.0, 0.006854140036221256, 0.00506533908361762, 0.004187823013041914]","[null, null, null, null, null]","[null, null, null, null, null]","[null, null, null, null, null]","[null, null, null, null, null]",,0.06180253719243379,0.07485430597178312,5.0,1.96
1a,10000,3660505,neural-fore,neural-main-oracle-bellman,-12.52889724816077,-12.544540414563578,-12.586673112426368,0.059454009884320945,-12.661070273936847,-12.428010555190308,1.0,0.05777586426559722,0.04213269786279028,0.5790383264649756,0.5790383264649756,0.08186549541535068,0.05903225360655116,0.04131545929912203,nan,nan,0.2420138136228939,9.440574143232112,28.310080188084754,6629.846009877775,nan,nan,nan,nan,nan,nan,nan,nan,nan,220.0,0.002025822357212447,23.40353055043379,8000.0,1.0,0.0,nan,nan,nan,nan,nan,nan,nan,nan,nan,nan,nan,nan,nan,nan,nan,nan,0.0,"[100, 100, 300, 300, 300]","[0.002078726647068958, 0.0036184359643885405, 0.0015502681966426228, 0.0, 0.002881680977962115]","[null, null, null, null, null]","[null, null, null, null, null]","[null, null, null, null, null]","[null, null, null, null, null]",,0.059454009884320945,0.044427399577167015,5.0,1.96
1a,10000,3670505,neural-fore,neural-main-oracle-bellman,-12.723256001894493,-12.717944340394238,-12.586673112426368,0.061722621751631845,-12.838920679027437,-12.59696800176104,0.0,-0.1365828894681247,-0.13127122796787027,0.39467368474218717,0.39467368474218717,0.06433137533141914,0.05461981398039817,0.025396536803671238,nan,nan,0.26544867078714784,9.555980175358037,29.547794938377894,6600.0827395366,nan,nan,nan,nan,nan,nan,nan,nan,nan,220.0,0.0036574049539030923,23.19800889205653,8000.0,1.0,0.0,nan,nan,nan,nan,nan,nan,nan,nan,nan,nan,nan,nan,nan,nan,nan,nan,0.0,"[300, 300, 300, 100, 100]","[0.005713686435310254, 0.0, 0.003085732821307157, 0.005247848751961112, 0.004239756760936939]","[null, null, null, null, null]","[null, null, null, null, null]","[null, null, null, null, null]","[null, null, null, null, null]",,0.061722621751631845,0.059127655442604045,5.0,1.96
1a,10000,3680505,neural-fore,neural-main-oracle-bellman,-12.561402404116436,-12.538738378097763,-12.586673112426368,0.05880578547148139,-12.653997717621866,-12.42347903857366,1.0,0.025270708309932388,0.04793473432860473,0.2867780786426075,0.2867780786426075,0.045139786342959724,0.04077901038299556,0.036765873423280415,nan,nan,0.2903787078421627,9.507257674298742,28.932900438966897,6678.215492654599,nan,nan,nan,nan,nan,nan,nan,nan,nan,220.0,0.00284819740988304,22.97605293401284,8000.0,1.0,0.0,nan,nan,nan,nan,nan,nan,nan,nan,nan,nan,nan,nan,nan,nan,nan,nan,0.0,"[100, 100, 300, 300, 300]","[0.0015895198269007815, 0.00829408850723395, 0.0015224193955307875, 0.0028349593197496818, 0.0]","[null, null, null, null, null]","[null, null, null, null, null]","[null, null, null, null, null]","[null, null, null, null, null]",,0.05880578547148139,0.03201777001457428,5.0,1.96
1a,10000,3690505,neural-fore,neural-main-oracle-bellman,-12.560729235812051,-12.5915363025371,-12.586673112426368,0.06290028680092978,-12.714820864666923,-12.468251740407279,1.0,0.025943876614316963,-0.0048631901107327735,0.2897560145685518,0.2897560145685518,0.05695002285023422,0.0544864240419408,0.029323452859336116,nan,nan,0.29868355795759544,9.279371791005943,32.346540581762596,6369.83655925482,nan,nan,nan,nan,nan,nan,nan,nan,nan,220.0,0.002690047850331629,22.086981541418936,8000.0,1.0,0.0,nan,nan,nan,nan,nan,nan,nan,nan,nan,nan,nan,nan,nan,nan,nan,nan,0.0,"[300, 100, 300, 100, 300]","[0.002086313208438395, 0.007087243021130472, 0.0, 0.004276683022089277, 0.0]","[null, null, null, null, null]","[null, null, null, null, null]","[null, null, null, null, null]","[null, null, null, null, null]",,0.06290028680092978,0.05868393367951879,5.0,1.96
1a,10000,3700505,neural-fore,neural-main-oracle-bellman,-12.632080246725566,-12.633216705470897,-12.586673112426368,0.06185620952910071,-12.754454876147934,-12.51197853479386,1.0,-0.045407134299198404,-0.04654359304452882,0.3234881093846277,0.3234881093846277,0.05243870539104991,0.04397151011852603,0.031016034797856754,nan,nan,0.3200906939462471,9.200500023624528,30.784148580187498,6512.284624891358,nan,nan,nan,nan,nan,nan,nan,nan,nan,180.0,0.00469373154600619,21.611176708387212,8000.0,1.0,0.0,nan,nan,nan,nan,nan,nan,nan,nan,nan,nan,nan,nan,nan,nan,nan,nan,0.0,"[100, 300, 300, 100, 100]","[0.006841605018440708, 0.0, 0.002359114609559132, 0.0037099309209671994, 0.010558007181063915]","[null, null, null, null, null]","[null, null, null, null, null]","[null, null, null, null, null]","[null, null, null, null, null]",,0.06185620952910071,0.04729867920968213,5.0,1.96
1a,10000,3710505,neural-fore,neural-main-oracle-bellman,-12.557185578504047,-12.579723708654969,-12.586673112426368,0.060714725243483224,-12.698724570132196,-12.460722847177742,1.0,0.029487533922321063,0.006949403771399076,0.34884297857628493,0.34884297857628493,0.07296357561139045,0.06854364168001877,0.03898643715554322,nan,nan,0.24764520372237206,9.669937096416994,29.254550498530246,6577.433874098076,nan,nan,nan,nan,nan,nan,nan,nan,nan,300.0,0.0004791359472896382,26.34763655036222,8000.0,1.0,0.0,nan,nan,nan,nan,nan,nan,nan,nan,nan,nan,nan,nan,nan,nan,nan,nan,0.0,"[300, 300, 300, 300, 300]","[0.002395679736448191, 0.0, 0.0, 0.0, 0.0]","[null, null, null, null, null]","[null, null, null, null, null]","[null, null, null, null, null]","[null, null, null, null, null]",,0.060714725243483224,0.0945580757217775,5.0,1.96
1a,10000,3720505,neural-fore,neural-main-oracle-bellman,-12.542723372856353,-12.537504181879848,-12.586673112426368,0.0578508083526253,-12.650891766250993,-12.424116597508704,1.0,0.04394973957001547,0.04916893054651972,0.38886717817656574,0.38886717817656574,0.05335742069023419,0.048619987335525056,0.03313489444485622,nan,nan,0.3086047151532349,9.691624437796122,25.88709008714693,6780.345672460086,nan,nan,nan,nan,nan,nan,nan,nan,nan,220.0,0.003502986550119355,22.372387692017945,8000.0,1.0,0.0,nan,nan,nan,nan,nan,nan,nan,nan,nan,nan,nan,nan,nan,nan,nan,nan,0.0,"[300, 100, 100, 300, 300]","[0.0, 0.007154902943978882, 0.0062265402232150125, 0.003688224328900084, 0.0004452652545027974]","[null, null, null, null, null]","[null, null, null, null, null]","[null, null, null, null, null]","[null, null, null, null, null]",,0.0578508083526253,0.06051215019479707,5.0,1.96
1a,10000,3730505,neural-fore,neural-main-oracle-bellman,-12.71305852834558,-12.700202831802946,-12.586673112426368,0.06389859379534248,-12.825444075641817,-12.574961587964074,1.0,-0.12638541591921282,-0.11352971937657763,0.5604782936426141,0.5604782936426141,0.07499823253753064,0.06360720955455107,0.02612422502527218,nan,nan,0.19054829404079685,9.59755481285929,30.825205888334672,6443.870934783251,nan,nan,nan,nan,nan,nan,nan,nan,nan,300.0,0.001915580541390976,24.77341637519421,8000.0,1.0,0.0,nan,nan,nan,nan,nan,nan,nan,nan,nan,nan,nan,nan,nan,nan,nan,nan,0.0,"[300, 300, 300, 300, 300]","[0.0, 0.0, 0.0, 0.004505070767835731, 0.0050728319391191495]","[null, null, null, null, null]","[null, null, null, null, null]","[null, null, null, null, null]","[null, null, null, null, null]",,0.06389859379534248,0.07295692415710107,5.0,1.96
1a,10000,3740505,neural-fore,neural-main-oracle-bellman,-12.514369733319969,-12.484600131635952,-12.586673112426368,0.057913245100973426,-12.59811009203386,-12.371090171238045,1.0,0.07230337910639939,0.10207298079041571,0.41269886727090965,0.41269886727090965,0.06000301992922234,0.05511800918447425,0.03316268722954479,nan,nan,0.2735432462073723,9.660502130186188,26.526077428984713,6774.349689082547,nan,nan,nan,nan,nan,nan,nan,nan,nan,260.0,0.003714860110194007,24.908842808008195,8000.0,1.0,0.0,nan,nan,nan,nan,nan,nan,nan,nan,nan,nan,nan,nan,nan,nan,nan,nan,0.0,"[300, 300, 300, 100, 300]","[0.0024326498824027306, 0.002667490300868981, 0.003427442243110111, 0.010046718124588213, 0.0]","[null, null, null, null, null]","[null, null, null, null, null]","[null, null, null, null, null]","[null, null, null, null, null]",,0.057913245100973426,0.05566339890542386,5.0,1.96
1a,10000,3750505,neural-fore,neural-main-oracle-bellman,-12.576205273577102,-12.564896889354902,-12.586673112426368,0.06098915544278076,-12.684435634022751,-12.445358144687052,1.0,0.010467838849265831,0.021776223071466205,0.4044794203499535,0.4044794203499535,0.06133576588096943,0.055673932890919355,0.03269481670109299,nan,nan,0.26133509722638265,9.470243240266289,29.61625909942717,6524.481231761736,nan,nan,nan,nan,nan,nan,nan,nan,nan,260.0,0.0011241119642752214,25.24218797502108,8000.0,1.0,0.0,nan,nan,nan,nan,nan,nan,nan,nan,nan,nan,nan,nan,nan,nan,nan,nan,0.0,"[100, 300, 300, 300, 300]","[0.003620560136493908, 0.0018567388137114404, 0.00014326087117075867, 0.0, 0.0]","[null, null, null, null, null]","[null, null, null, null, null]","[null, null, null, null, null]","[null, null, null, null, null]",,0.06098915544278076,0.021833783117988725,5.0,1.96
1a,10000,3760505,neural-fore,neural-main-oracle-bellman,-12.544690214645316,-12.567920402916622,-12.586673112426368,0.0607258555040471,-12.686943079704553,-12.44889772612869,1.0,0.04198289778105213,0.018752709509746168,0.3540939611982298,0.3540939611982298,0.06836169565131053,0.06420187172912638,0.02510288363208611,nan,nan,0.2320671563767909,9.339627957499248,29.579717541335047,6541.994511955162,nan,nan,nan,nan,nan,nan,nan,nan,nan,260.0,0.004221556677623179,24.3067621838185,8000.0,1.0,0.0,nan,nan,nan,nan,nan,nan,nan,nan,nan,nan,nan,nan,nan,nan,nan,nan,0.0,"[300, 300, 300, 100, 300]","[0.0007378951856363779, 0.0, 0.004539048077622549, 0.015830840124856967, 0.0]","[null, null, null, null, null]","[null, null, null, null, null]","[null, null, null, null, null]","[null, null, null, null, null]",,0.0607258555040471,0.07136980593441684,5.0,1.96
1a,10000,3770505,neural-fore,neural-main-oracle-bellman,-12.528191544665374,-12.490187668239665,-12.586673112426368,0.05793919102052831,-12.6037484826399,-12.37662685383943,1.0,0.058481567760994224,0.0964854441867029,0.3799362796885969,0.3799362796885969,0.075023141785791,0.0618899325810182,0.03865730796033364,nan,nan,0.382968739615119,9.497449423581266,27.693041829499553,6796.7863774195985,nan,nan,nan,nan,nan,nan,nan,nan,nan,180.0,0.005003517298620464,21.157453700422774,8000.0,1.0,0.0,nan,nan,nan,nan,nan,nan,nan,nan,nan,nan,nan,nan,nan,nan,nan,nan,0.0,"[100, 300, 100, 300, 100]","[0.013755981111932476, 0.0, 0.004572253875070389, 0.0, 0.006689351506099457]","[null, null, null, null, null]","[null, null, null, null, null]","[null, null, null, null, null]","[null, null, null, null, null]",,0.05793919102052831,0.03402086889498486,5.0,1.96
1a,10000,3780505,neural-fore,neural-main-oracle-bellman,-12.650575553507474,-12.642800193314812,-12.586673112426368,0.0621188278245505,-12.764553095850932,-12.521047290778693,1.0,-0.06390244108110643,-0.056127080888444425,0.24771670079183053,0.24771670079183053,0.04807782983320526,0.03790943898991631,0.029357656140237557,nan,nan,0.26034906406760155,9.2428095293226,28.563903706566588,6543.464898713278,nan,nan,nan,nan,nan,nan,nan,nan,nan,260.0,0.0039361391923670875,23.03821588382125,8000.0,1.0,0.0,nan,nan,nan,nan,nan,nan,nan,nan,nan,nan,nan,nan,nan,nan,nan,nan,0.0,"[300, 300, 300, 100, 300]","[0.0, 0.0, 0.003346218989161206, 0.016334476972674233, 0.0]","[null, null, null, null, null]","[null, null, null, null, null]","[null, null, null, null, null]","[null, null, null, null, null]",,0.0621188278245505,0.10446441825037589,5.0,1.96
1a,10000,3790505,neural-fore,neural-main-oracle-bellman,-12.58419385891282,-12.531766433166306,-12.586673112426368,0.059638841026547575,-12.648658561578339,-12.414874304754273,1.0,0.002479253513547164,0.05490667926006232,0.34198550207948497,0.34198550207948497,0.06855952398382556,0.05729471453337191,0.02706191236086995,nan,nan,0.2573602343501083,9.59813891189453,30.392551127461445,6609.8242417425345,nan,nan,nan,nan,nan,nan,nan,nan,nan,260.0,0.0035648033281760424,23.645523799816146,8000.0,1.0,0.0,nan,nan,nan,nan,nan,nan,nan,nan,nan,nan,nan,nan,nan,nan,nan,nan,0.0,"[300, 100, 300, 300, 300]","[0.0030465063766126083, 0.014139507180916989, 0.0, 0.0, 0.0006380030833506126]","[null, null, null, null, null]","[null, null, null, null, null]","[null, null, null, null, null]","[null, null, null, null, null]",,0.059638841026547575,0.016795808670534616,5.0,1.96
1a,10000,3800505,neural-fore,neural-main-oracle-bellman,-12.54011468600108,-12.544270272792806,-12.586673112426368,0.06123518925685046,-12.664291243736233,-12.424249301849379,1.0,0.04655842642528718,0.04240283963356184,0.48579316325791233,0.48579316325791233,0.10589837281287595,0.09462729710176043,0.029590878271870208,nan,nan,0.2515213157648796,9.23971415242442,30.944904233596308,6521.521937964642,nan,nan,nan,nan,nan,nan,nan,nan,nan,260.0,0.0030322709243158427,24.16959845017409,8000.0,1.0,0.0,nan,nan,nan,nan,nan,nan,nan,nan,nan,nan,nan,nan,nan,nan,nan,nan,0.0,"[300, 300, 300, 100, 300]","[0.00435865109881012, 0.003428257066135423, 0.0024557883169045126, 0.004918658139729158, 0.0]","[null, null, null, null, null]","[null, null, null, null, null]","[null, null, null, null, null]","[null, null, null, null, null]",,0.06123518925685046,0.06282887223108315,5.0,1.96
1a,10000,3810505,neural-fore,neural-main-oracle-bellman,-12.656812210500794,-12.6766622031027,-12.586673112426368,0.06396371561946244,-12.802031085716846,-12.551293320488552,1.0,-0.07013909807442609,-0.08998909067633143,0.40665910815744094,0.40665910815744094,0.05229160545824805,0.04902208349211098,0.026108871913185283,nan,nan,0.3224670097387166,9.224036421337264,30.67334120887642,6445.961994502924,nan,nan,nan,nan,nan,nan,nan,nan,nan,140.0,0.002869055553988227,19.69031691683922,8000.0,1.0,0.0,nan,nan,nan,nan,nan,nan,nan,nan,nan,nan,nan,nan,nan,nan,nan,nan,0.0,"[300, 100, 100, 100, 100]","[0.00032595382391853136, 0.006344885866246519, 0.0032130610531931805, 0.0009575120712822185, 0.0035038649553006855]","[null, null, null, null, null]","[null, null, null, null, null]","[null, null, null, null, null]","[null, null, null, null, null]",,0.06396371561946244,0.03658306301433492,5.0,1.96
1a,10000,3820505,neural-fore,neural-main-oracle-bellman,-12.588465831555956,-12.55351255796385,-12.586673112426368,0.059714503140963486,-12.670552984120139,-12.436472131807562,1.0,-0.0017927191295878941,0.03316055446251731,0.6382679675667603,0.6382679675667603,0.0756525058733158,0.07157147424338586,0.032107130914668686,nan,nan,0.27563477474485254,9.501718760496358,28.231198735673736,6692.423256405878,nan,nan,nan,nan,nan,nan,nan,nan,nan,220.0,0.00513018023801651,22.521958524989895,8000.0,1.0,0.0,nan,nan,nan,nan,nan,nan,nan,nan,nan,nan,nan,nan,nan,nan,nan,nan,0.0,"[300, 300, 100, 100, 300]","[0.005871603468725893, 0.0026142468700166245, 0.00807407915556613, 0.006437829273126084, 0.00265314242264782]","[null, null, null, null, null]","[null, null, null, null, null]","[null, null, null, null, null]","[null, null, null, null, null]",,0.059714503140963486,0.08632903456945962,5.0,1.96
1a,10000,3830505,neural-fore,neural-main-oracle-bellman,-12.686746801923123,-12.69121315311676,-12.586673112426368,0.06353183383736713,-12.815735547437999,-12.56669075879552,1.0,-0.10007368949675488,-0.10454004069039158,0.40880606543059284,0.40880606543059284,0.05647758160492907,0.0513494783040526,0.03201915460493719,nan,nan,0.30821220081482786,9.319663643811404,32.41942861337799,6448.59743970776,nan,nan,nan,nan,nan,nan,nan,nan,nan,180.0,0.003741365292666577,21.78532379977405,8000.0,1.0,0.0,nan,nan,nan,nan,nan,nan,nan,nan,nan,nan,nan,nan,nan,nan,nan,nan,0.0,"[100, 300, 300, 100, 100]","[0.007966145857329146, 0.0008679094930962033, 0.0007069582639854808, 0.005890422070807988, 0.003275390778114068]","[null, null, null, null, null]","[null, null, null, null, null]","[null, null, null, null, null]","[null, null, null, null, null]",,0.06353183383736713,0.05927005554242429,5.0,1.96
1a,10000,3840505,neural-fore,neural-main-oracle-bellman,-12.638998647725845,-12.671336980636074,-12.586673112426368,0.06317576998153096,-12.795161489799874,-12.547512471472274,1.0,-0.052325535299477366,-0.08466386820970584,0.8648620028013034,0.8648620028013034,0.09118071041024409,0.08649170559259871,0.02969029531421623,nan,nan,0.28534399992599163,9.162256563470084,32.374793558206385,6365.038836146227,nan,nan,nan,nan,nan,nan,nan,nan,nan,220.0,0.0018670694453473738,23.098554667190182,8000.0,1.0,0.0,nan,nan,nan,nan,nan,nan,nan,nan,nan,nan,nan,nan,nan,nan,nan,nan,0.0,"[100, 300, 300, 100, 300]","[0.005937487326573113, 0.0013568940121872113, 0.0, 0.002040965887976546, 0.0]","[null, null, null, null, null]","[null, null, null, null, null]","[null, null, null, null, null]","[null, null, null, null, null]",,0.06317576998153096,0.05551845349119763,5.0,1.96
1a,10000,3850505,neural-fore,neural-main-oracle-bellman,-12.682443358548435,-12.690900606995042,-12.586673112426368,0.05987580416297465,-12.808257183154472,-12.573544030835611,1.0,-0.09577024612206664,-0.10422749456867386,0.8142906372181145,0.8142906372181145,0.08051749072227404,0.07989825700702095,0.03192909502083546,nan,nan,0.3840170093130777,9.320766029707169,28.97766898122842,6652.16419855685,nan,nan,nan,nan,nan,nan,nan,nan,nan,140.0,0.01119771730030906,19.23017002522247,8000.0,1.0,0.0,nan,nan,nan,nan,nan,nan,nan,nan,nan,nan,nan,nan,nan,nan,nan,nan,0.0,"[100, 100, 100, 100, 300]","[0.024937225371044498, 0.006228089160827421, 0.0181514626149176, 0.0034904497480526112, 0.003181359606703166]","[null, null, null, null, null]","[null, null, null, null, null]","[null, null, null, null, null]","[null, null, null, null, null]",,0.05987580416297465,0.06307376049468826,5.0,1.96
1a,10000,3860505,neural-fore,neural-main-oracle-bellman,-12.514962106878674,-12.48971302843303,-12.586673112426368,0.05842999207374573,-12.604235812897572,-12.375190243968488,1.0,0.07171100554769438,0.09696008399333778,0.3995455453999094,0.3995455453999094,0.05987321832584826,0.0494398278071859,0.04731663391360782,nan,nan,0.23189326460896112,9.491120876755453,27.53317884264165,6689.327511106422,nan,nan,nan,nan,nan,nan,nan,nan,nan,300.0,0.002191832966205713,25.797334133787082,8000.0,1.0,0.0,nan,nan,nan,nan,nan,nan,nan,nan,nan,nan,nan,nan,nan,nan,nan,nan,0.0,"[300, 300, 300, 300, 300]","[0.0021702487222577467, 0.0, 0.0, 0.004300343771846299, 0.004488572336924518]","[null, null, null, null, null]","[null, null, null, null, null]","[null, null, null, null, null]","[null, null, null, null, null]",,0.05842999207374573,0.06758459932695264,5.0,1.96
1a,10000,3870505,neural-fore,neural-main-oracle-bellman,-12.581473441291319,-12.540718891964827,-12.586673112426368,0.06244685737010568,-12.663114732410234,-12.41832305151942,1.0,0.005199671135049044,0.04595422046154063,0.3973792537419357,0.3973792537419357,0.054373186263077224,0.047150551233885014,0.026732198160736558,nan,nan,0.2320362774064221,9.292551129020673,31.89127733793607,6450.963092728547,nan,nan,nan,nan,nan,nan,nan,nan,nan,220.0,0.003164940361868856,23.218001466430724,8000.0,1.0,0.0,nan,nan,nan,nan,nan,nan,nan,nan,nan,nan,nan,nan,nan,nan,nan,nan,0.0,"[100, 100, 300, 300, 300]","[0.012030952450622792, 0.0013452969802806032, 0.0013974166557979577, 0.0005290733919855143, 0.000521962330657413]","[null, null, null, null, null]","[null, null, null, null, null]","[null, null, null, null, null]","[null, null, null, null, null]",,0.06244685737010568,0.05545298321555812,5.0,1.96
1a,10000,3880505,neural-fore,neural-main-oracle-bellman,-12.551152225936594,-12.5056838863516,-12.586673112426368,0.058703193535395576,-12.620742145680975,-12.390625627022224,1.0,0.03552088648977403,0.08098922607476844,0.3469804793048237,0.3469804793048237,0.05702705626042052,0.05254401928554914,0.024824561288954137,nan,nan,0.2398453290519101,9.539444386130178,28.954276674623536,6629.256823496497,nan,nan,nan,nan,nan,nan,nan,nan,nan,300.0,0.0020432562885917675,25.37322297480423,8000.0,1.0,0.0,nan,nan,nan,nan,nan,nan,nan,nan,nan,nan,nan,nan,nan,nan,nan,nan,0.0,"[300, 300, 300, 300, 300]","[0.005280321985584723, 0.0, 0.001713711294449949, 0.0013914927449158207, 0.0018307554180083437]","[null, null, null, null, null]","[null, null, null, null, null]","[null, null, null, null, null]","[null, null, null, null, null]",,0.058703193535395576,0.06319394102496859,5.0,1.96
1a,10000,3890505,neural-fore,neural-main-oracle-bellman,-12.682365157341284,-12.687689133667329,-12.586673112426368,0.06039869644118531,-12.806070578692053,-12.569307688642605,1.0,-0.0956920449149159,-0.10101602124096054,0.4789051244991933,0.4789051244991933,0.0725776555356656,0.06713118726877462,0.023207395684945672,nan,nan,0.2619161962785233,9.426708200893065,29.26639689873059,6593.275824692893,nan,nan,nan,nan,nan,nan,nan,nan,nan,260.0,0.001536946919192502,23.67221625779057,8000.0,1.0,0.0,nan,nan,nan,nan,nan,nan,nan,nan,nan,nan,nan,nan,nan,nan,nan,nan,0.0,"[300, 300, 300, 100, 300]","[0.0, 0.0030858505636368566, 0.0008148168448219675, 0.003784067187503686, 0.0]","[null, null, null, null, null]","[null, null, null, null, null]","[null, null, null, null, null]","[null, null, null, null, null]",,0.06039869644118531,0.014765613776410242,5.0,1.96
1a,10000,3900505,neural-fore,neural-main-oracle-bellman,-12.593300463412053,-12.554238531216425,-12.586673112426368,0.06088845450446465,-12.673579902045176,-12.434897160387674,1.0,-0.006627350985684899,0.03243458120994269,0.5863349154953004,0.5863349154953004,0.09724170182326382,0.07773943602816782,0.0308216895687611,nan,nan,0.3453155589325222,9.258929096913095,30.031430410541677,6548.558282041685,nan,nan,nan,nan,nan,nan,nan,nan,nan,180.0,0.005037118262618481,22.002119475160725,8000.0,1.0,0.0,nan,nan,nan,nan,nan,nan,nan,nan,nan,nan,nan,nan,nan,nan,nan,nan,0.0,"[100, 100, 100, 300, 300]","[0.0019697248324929218, 0.0007296167490168245, 0.017373370452861414, 0.002249362620295789, 0.0028635166584254535]","[null, null, null, null, null]","[null, null, null, null, null]","[null, null, null, null, null]","[null, null, null, null, null]",,0.06088845450446465,0.0784795956254985,5.0,1.96
1a,10000,3910505,neural-fore,neural-main-oracle-bellman,-12.621069905831098,-12.559033618781747,-12.586673112426368,0.05925076746733074,-12.675165123017715,-12.44290211454578,1.0,-0.034396793404729564,0.027639493644620927,0.42359933872025196,0.42359933872025196,0.07608903723936182,0.06990394526948562,0.031697402763271924,nan,nan,0.2742205834851906,9.744781368956126,29.834274217152302,6671.16351110837,nan,nan,nan,nan,nan,nan,nan,nan,nan,260.0,0.003845658183999836,24.073800250014756,8000.0,1.0,0.0,nan,nan,nan,nan,nan,nan,nan,nan,nan,nan,nan,nan,nan,nan,nan,nan,0.0,"[300, 300, 300, 100, 300]","[0.0025222093575965458, 0.002478844956005998, 0.004095567206332083, 0.003587226018737852, 0.0065444433813267025]","[null, null, null, null, null]","[null, null, null, null, null]","[null, null, null, null, null]","[null, null, null, null, null]",,0.05925076746733074,0.03507157798388971,5.0,1.96
1a,10000,3920505,neural-fore,neural-main-oracle-bellman,-12.632434020347917,-12.591327651642127,-12.586673112426368,0.06021971352475092,-12.709358290150638,-12.473297013133616,1.0,-0.04576090792154908,-0.004654539215758646,0.48255836183090006,0.48255836183090006,0.06675647956133704,0.056834153854614974,0.033645236870950036,nan,nan,0.22624241593881303,9.612052965809545,27.36476845252329,6613.782300056166,nan,nan,nan,nan,nan,nan,nan,nan,nan,260.0,0.0012505414241560171,23.577077782619746,8000.0,1.0,0.0,nan,nan,nan,nan,nan,nan,nan,nan,nan,nan,nan,nan,nan,nan,nan,nan,0.0,"[300, 300, 300, 100, 300]","[0.0, 0.0024961121275368977, 5.448399643516584e-05, 0.0037021109968080218, 0.0]","[null, null, null, null, null]","[null, null, null, null, null]","[null, null, null, null, null]","[null, null, null, null, null]",,0.06021971352475092,0.04331591892142743,5.0,1.96
1a,10000,3930505,neural-fore,neural-main-oracle-bellman,-12.611313409076686,-12.6085483716137,-12.586673112426368,0.06091247905839097,-12.727936830568147,-12.489159912659254,1.0,-0.024640296650318305,-0.021875259187332574,0.61419048038249,0.61419048038249,0.08257784923404596,0.07143933376277542,0.035381088223066175,nan,nan,0.255796016231288,9.35689075679398,28.26900426597634,6610.888378551958,nan,nan,nan,nan,nan,nan,nan,nan,nan,220.0,0.004313450505236164,22.614570474799258,8000.0,1.0,0.0,nan,nan,nan,nan,nan,nan,nan,nan,nan,nan,nan,nan,nan,nan,nan,nan,0.0,"[300, 100, 100, 300, 300]","[0.0021921984384644703, 0.009501269017597383, 0.0033120752153860495, 0.004378150230147121, 0.002183559624585791]","[null, null, null, null, null]","[null, null, null, null, null]","[null, null, null, null, null]","[null, null, null, null, null]",,0.06091247905839097,0.03673398237097087,5.0,1.96
1a,10000,3940505,neural-fore,neural-main-oracle-bellman,-12.62842429188125,-12.620415658642191,-12.586673112426368,0.06226212213710951,-12.742449418030926,-12.498381899253456,1.0,-0.0417511794548826,-0.033742546215822955,0.3166421141031157,0.3166421141031157,0.06007068062445524,0.05144058789612198,0.02564895744083295,nan,nan,0.3536810232082987,9.332305453852696,31.161745217411347,6543.213086248952,nan,nan,nan,nan,nan,nan,nan,nan,nan,180.0,0.003419653496393125,18.45790375841316,8000.0,1.0,0.0,nan,nan,nan,nan,nan,nan,nan,nan,nan,nan,nan,nan,nan,nan,nan,nan,0.0,"[100, 100, 300, 300, 100]","[0.003913476389194913, 0.005153961039175244, 0.0, 0.0, 0.008030830053595468]","[null, null, null, null, null]","[null, null, null, null, null]","[null, null, null, null, null]","[null, null, null, null, null]",,0.06226212213710951,0.05745322706436167,5.0,1.96
1a,10000,3950505,neural-fore,neural-main-oracle-bellman,-12.70041727904617,-12.663812468046032,-12.586673112426368,0.06054389375491266,-12.782478499805661,-12.545146436286403,1.0,-0.11374416661980113,-0.07713935561966423,0.5591691257173963,0.5591691257173963,0.07455297203734074,0.060595702050887434,0.029088771330573155,nan,nan,0.40805433518595824,9.581990800156454,28.73358210878259,6726.701796652115,nan,nan,nan,nan,nan,nan,nan,nan,nan,140.0,0.004857532207388382,15.894760816800408,8000.0,1.0,0.0,nan,nan,nan,nan,nan,nan,nan,nan,nan,nan,nan,nan,nan,nan,nan,nan,0.0,"[100, 100, 300, 100, 100]","[0.00039495699601032225, 0.0123162160771857, 0.0075808707542288295, 0.0006774662807135961, 0.003318150928803462]","[null, null, null, null, null]","[null, null, null, null, null]","[null, null, null, null, null]","[null, null, null, null, null]",,0.06054389375491266,0.04999449414284123,5.0,1.96
1a,10000,3960505,neural-fore,neural-main-oracle-bellman,-12.648337455057222,-12.690228676122928,-12.586673112426368,0.06322071921518486,-12.81414128578469,-12.566316066461166,1.0,-0.06166434263085385,-0.10355556369655972,0.5506605946556581,0.5506605946556581,0.0725434582190349,0.06228669011075705,0.030537989879891037,nan,nan,0.23714502486346214,9.296832210412747,31.00322385383285,6471.823432868334,nan,nan,nan,nan,nan,nan,nan,nan,nan,220.0,0.0031067278461194827,15.723497674998361,8000.0,1.0000000000000002,0.0,nan,nan,nan,nan,nan,nan,nan,nan,nan,nan,nan,nan,nan,nan,nan,nan,0.0,"[100, 100, 300, 300, 300]","[0.01042270988760532, 0.004616669649831989, 0.0004942596931601069, 0.0, 0.0]","[null, null, null, null, null]","[null, null, null, null, null]","[null, null, null, null, null]","[null, null, null, null, null]",,0.06322071921518486,0.070688473877988,5.0,1.96
1a,10000,3970505,neural-fore,neural-main-oracle-bellman,-12.634768032738165,-12.678377451769425,-12.586673112426368,0.06269695223592586,-12.801263478151839,-12.555491425387011,1.0,-0.048094920311797296,-0.09170433934305677,0.6401447015310737,0.6401447015310737,0.08802989300885869,0.060331733328799195,0.034663548260036356,nan,nan,0.23666591971413417,9.482426018695266,29.570996533194556,6463.2474065487895,nan,nan,nan,nan,nan,nan,nan,nan,nan,260.0,0.0029072660767743936,17.195055450196378,8000.0,1.0,0.0,nan,nan,nan,nan,nan,nan,nan,nan,nan,nan,nan,nan,nan,nan,nan,nan,0.0,"[300, 100, 300, 300, 300]","[0.0, 0.00910235891936639, 0.004092526831110595, 0.0, 0.001341444633394982]","[null, null, null, null, null]","[null, null, null, null, null]","[null, null, null, null, null]","[null, null, null, null, null]",,0.06269695223592586,0.05565623516847824,5.0,1.96
