example_id,n,seed,ratio_mode,nuisance_method,plugin_estimate,if_estimate,truth,estimated_se,ci_lower,ci_upper,covered,plugin_error,if_error,reward_rmse,reward_rmse_grid,reward_rmse_stationary,reward_rmse_rho_weighted,bellman_residual_rmse,q_nu_bellman_rmse,q_eval_bellman_rmse,ratio_q01,ratio_q50,ratio_q99,weight_ess,pi0_action0_q01,pi0_action0_q50,pi0_action0_q99,pi_ratio_q01,pi_ratio_q50,pi_ratio_q99,nu_ratio_q01,nu_ratio_q50,nu_ratio_q99,fore_selected_iterations,fore_apbv_score,fore_fit_seconds,fore_training_rows,fore_normalized_mass,fore_logit_cap_fraction,signed_positive_iterations,signed_negative_iterations,signed_positive_mass,signed_negative_mass,signed_positive_apbv_score,signed_negative_apbv_score,signed_positive_fit_seconds,signed_negative_fit_seconds,signed_positive_normalized_mass,signed_negative_normalized_mass,signed_positive_ess,signed_negative_ess,signed_positive_ratio_q99,signed_negative_ratio_q99,signed_positive_logit_cap_fraction,signed_negative_logit_cap_fraction,ratio_failure,fore_selected_iterations_by_fold,fore_apbv_scores_by_fold,signed_positive_iterations_by_fold,signed_negative_iterations_by_fold,signed_positive_apbv_scores_by_fold,signed_negative_apbv_scores_by_fold,failure_message,iid_estimated_se,fold_cluster_estimated_se,crossfit_fold_count,ci_critical_value
1a,2500,253005,neural-fore,neural-main-oracle-bellman,-12.688485414083669,-12.689760934178262,-12.586673112426368,0.13008261686307054,-12.94472286322988,-12.434799005126644,1.0,-0.10181230165730071,-0.10308782175189357,0.8989181025874255,0.8989181025874255,0.1174446544713333,0.10347927705442028,0.04401155818024247,nan,nan,0.29291174721320756,9.319794279183654,30.001761297411715,1625.1088785816612,nan,nan,nan,nan,nan,nan,nan,nan,nan,180.0,0.016172559350248396,6.174383616598789,2000.0,1.0,0.0,nan,nan,nan,nan,nan,nan,nan,nan,nan,nan,nan,nan,nan,nan,nan,nan,0.0,"[100, 300, 100, 100, 300]","[0.010248278058838805, 0.004327354182012747, 0.050766164549302696, 0.010824563225934775, 0.004696436735152941]","[null, null, null, null, null]","[null, null, null, null, null]","[null, null, null, null, null]","[null, null, null, null, null]",,0.13008261686307054,0.08579344857171917,5.0,1.96
1a,2500,263005,neural-fore,neural-main-oracle-bellman,-12.667282290833748,-12.590643200866888,-12.586673112426368,0.13279044526932918,-12.850912473594773,-12.330373928139002,1.0,-0.08060917840738036,-0.0039700884405196035,0.7421158474781742,0.7421158474781742,0.12889463280940472,0.11140810104389656,0.033023931117785496,nan,nan,0.28914189051464495,9.085402110594423,32.816811654880055,1554.2663104984417,nan,nan,nan,nan,nan,nan,nan,nan,nan,180.0,0.01326493852964145,6.388467200170271,2000.0,1.0,0.0,nan,nan,nan,nan,nan,nan,nan,nan,nan,nan,nan,nan,nan,nan,nan,nan,0.0,"[100, 300, 300, 100, 100]","[0.01947472394819465, 0.0, 0.006305916773100032, 0.030593754262254472, 0.009950297664658094]","[null, null, null, null, null]","[null, null, null, null, null]","[null, null, null, null, null]","[null, null, null, null, null]",,0.13279044526932918,0.1179010416009788,5.0,1.96
1a,2500,273005,neural-fore,neural-main-oracle-bellman,-12.645495338288672,-12.45138038936719,-12.586673112426368,0.12488918853103183,-12.696163198888012,-12.206597579846367,1.0,-0.05882222586230412,0.1352927230591785,0.8188676669500357,0.8188676669500357,0.11831463104427739,0.11075915908646261,0.046458224257285644,nan,nan,0.30158799744075837,9.541656255836845,29.457722680736236,1631.1575911744742,nan,nan,nan,nan,nan,nan,nan,nan,nan,180.0,0.012622612775703188,6.268704808608163,2000.0,1.0,0.0,nan,nan,nan,nan,nan,nan,nan,nan,nan,nan,nan,nan,nan,nan,nan,nan,0.0,"[300, 100, 100, 100, 300]","[0.010139586896445618, 0.008839873050842268, 0.03642424374845132, 0.007709360182776742, 0.0]","[null, null, null, null, null]","[null, null, null, null, null]","[null, null, null, null, null]","[null, null, null, null, null]",,0.12488918853103183,0.05502215632303756,5.0,1.96
1a,2500,283005,neural-fore,neural-main-oracle-bellman,-12.62853967979546,-12.705684225420917,-12.586673112426368,0.13607162578201631,-12.97238461195367,-12.438983838888165,1.0,-0.04186656736909278,-0.11901111299454925,1.0709761311950927,1.0709761311950927,0.1337336555118963,0.1183663797995429,0.04369397355919919,nan,nan,0.25193437928723084,8.91708287388125,34.51239308679219,1551.352311508209,nan,nan,nan,nan,nan,nan,nan,nan,nan,140.0,0.02196941403700624,6.127716275176499,2000.0,1.0,0.0,nan,nan,nan,nan,nan,nan,nan,nan,nan,nan,nan,nan,nan,nan,nan,nan,0.0,"[100, 300, 100, 100, 100]","[0.0, 0.0, 0.0039194457202897815, 0.025541371962339972, 0.08038625250240146]","[null, null, null, null, null]","[null, null, null, null, null]","[null, null, null, null, null]","[null, null, null, null, null]",,0.13607162578201631,0.15114096541700583,5.0,1.96
1a,2500,293005,neural-fore,neural-main-oracle-bellman,-12.564642216952867,-12.534939700150982,-12.586673112426368,0.12157363200110914,-12.773224018873156,-12.296655381428808,1.0,0.022030895473500678,0.05173341227538586,0.617876241600987,0.617876241600987,0.13824870062541125,0.13122922216816116,0.04014502666988757,nan,nan,0.40197060421482816,9.422795118374726,27.97252161043278,1697.4073391399606,nan,nan,nan,nan,nan,nan,nan,nan,nan,100.0,0.01580395555179213,5.372059691208415,2000.0,1.0,0.0,nan,nan,nan,nan,nan,nan,nan,nan,nan,nan,nan,nan,nan,nan,nan,nan,0.0,"[100, 100, 100, 100, 100]","[0.02022837356487556, 0.03252240085954586, 0.006736148579629505, 0.0017747922449017517, 0.017758062510007982]","[null, null, null, null, null]","[null, null, null, null, null]","[null, null, null, null, null]","[null, null, null, null, null]",,0.12157363200110914,0.11206717838039366,5.0,1.96
1a,2500,303005,neural-fore,neural-main-oracle-bellman,-12.846953286103728,-12.786762803315368,-12.586673112426368,0.1340002998476691,-13.0494033910168,-12.524122215613936,1.0,-0.26028017367736034,-0.20008969088899953,0.8696185787796107,0.8696185787796107,0.15414863035930182,0.1324554242608682,0.05098358032683217,nan,nan,0.2721448403669747,8.913713702505287,32.03148448529906,1544.092414190055,nan,nan,nan,nan,nan,nan,nan,nan,nan,140.0,0.016300494456843756,5.789854158402886,2000.0,1.0,0.0,nan,nan,nan,nan,nan,nan,nan,nan,nan,nan,nan,nan,nan,nan,nan,nan,0.0,"[100, 100, 100, 300, 100]","[0.02993888778558823, 0.008154083314668112, 0.021355852240972164, 0.01014654255519133, 0.011907106387798952]","[null, null, null, null, null]","[null, null, null, null, null]","[null, null, null, null, null]","[null, null, null, null, null]",,0.1340002998476691,0.08977072086387576,5.0,1.96
1a,2500,313005,neural-fore,neural-main-oracle-bellman,-12.458229035708143,-12.408409144620677,-12.586673112426368,0.11274108860679594,-12.629381678289997,-12.187436610951357,1.0,0.12844407671822466,0.17826396780569098,0.9769478924626744,0.9769478924626744,0.11242791167321567,0.10965126537275957,0.026781491622370184,nan,nan,0.23656816523695556,9.627114675328826,28.17520947179077,1684.4227871822902,nan,nan,nan,nan,nan,nan,nan,nan,nan,220.0,0.009916766183927677,6.755307724804152,2000.0,1.0,0.0,nan,nan,nan,nan,nan,nan,nan,nan,nan,nan,nan,nan,nan,nan,nan,nan,0.0,"[300, 300, 100, 300, 100]","[0.004110638614771862, 0.005033798950608684, 0.006051567288163986, 0.0021510490238489987, 0.03223677704224486]","[null, null, null, null, null]","[null, null, null, null, null]","[null, null, null, null, null]","[null, null, null, null, null]",,0.11274108860679594,0.1962554348583661,5.0,1.96
1a,2500,323005,neural-fore,neural-main-oracle-bellman,-12.81244107100653,-12.757271446654485,-12.586673112426368,0.134778362624121,-13.021437037397762,-12.493105855911208,1.0,-0.2257679585801622,-0.1705983342281172,0.6543562734202345,0.6543562734202345,0.12542921975528565,0.11851553965830794,0.04623015997313654,nan,nan,0.309008064189834,9.191897869658703,32.1457471758308,1603.3543637928333,nan,nan,nan,nan,nan,nan,nan,nan,nan,140.0,0.008405712858676664,5.870827141206246,2000.0,1.0,0.0,nan,nan,nan,nan,nan,nan,nan,nan,nan,nan,nan,nan,nan,nan,nan,nan,0.0,"[100, 100, 300, 100, 100]","[0.012345042606204809, 0.016951037827242315, 0.0, 0.0, 0.012732483859936196]","[null, null, null, null, null]","[null, null, null, null, null]","[null, null, null, null, null]","[null, null, null, null, null]",,0.134778362624121,0.07781420351140299,5.0,1.96
1a,2500,333005,neural-fore,neural-main-oracle-bellman,-12.815187704778038,-12.860530291135895,-12.586673112426368,0.13626264136505362,-13.1276050682114,-12.59345551406039,0.0,-0.2285145923516705,-0.27385717870952675,0.9701142915973868,0.9701142915973868,0.13870232045360834,0.13407102337100948,0.04651833099427476,nan,nan,0.34904459252748743,9.121979583362833,32.136858573578934,1588.9086620793146,nan,nan,nan,nan,nan,nan,nan,nan,nan,140.0,0.0075681816185806826,5.7643773420131765,2000.0,1.0000000000000002,0.0,nan,nan,nan,nan,nan,nan,nan,nan,nan,nan,nan,nan,nan,nan,nan,nan,0.0,"[300, 100, 100, 100, 100]","[0.0, 0.00749979334734942, 0.01096093909739895, 0.00782436796119685, 0.011555807686958195]","[null, null, null, null, null]","[null, null, null, null, null]","[null, null, null, null, null]","[null, null, null, null, null]",,0.13626264136505362,0.11940088587746372,5.0,1.96
1a,2500,343005,neural-fore,neural-main-oracle-bellman,-12.567709965789977,-12.518366276957536,-12.586673112426368,0.12260048941733544,-12.758663236215513,-12.27806931769956,1.0,0.018963146636391315,0.06830683546883165,0.591628415222804,0.591628415222804,0.10189999591139079,0.09748182138970723,0.04671587072181525,nan,nan,0.29414451550004345,9.585907157953919,29.402664696948772,1664.8704238080918,nan,nan,nan,nan,nan,nan,nan,nan,nan,180.0,0.02445397132951075,5.858995058201254,2000.0,1.0,0.0,nan,nan,nan,nan,nan,nan,nan,nan,nan,nan,nan,nan,nan,nan,nan,nan,0.0,"[300, 100, 100, 300, 100]","[0.0071145937020714745, 0.057345741697355006, 0.04627382064470954, 0.006457267902021311, 0.005078432701396412]","[null, null, null, null, null]","[null, null, null, null, null]","[null, null, null, null, null]","[null, null, null, null, null]",,0.12260048941733544,0.1376963840873816,5.0,1.96
1a,2500,353005,neural-fore,neural-main-oracle-bellman,-12.702918407161365,-12.66813002703496,-12.586673112426368,0.13177237152690144,-12.926403875227688,-12.409856178842233,1.0,-0.11624529473499656,-0.08145691460859261,0.8541997214082402,0.8541997214082402,0.1682083779031685,0.1476992966809358,0.033964778673878405,nan,nan,0.1995891546716612,9.47987391887181,32.93777244355838,1583.665242441936,nan,nan,nan,nan,nan,nan,nan,nan,nan,220.0,0.007298027545227634,6.7016832995577715,2000.0,1.0,0.0,nan,nan,nan,nan,nan,nan,nan,nan,nan,nan,nan,nan,nan,nan,nan,nan,0.0,"[100, 300, 100, 300, 300]","[0.018827310460756825, 0.011057073119659627, 0.0003724374200808144, 0.0042575349095978175, 0.0019757818160430927]","[null, null, null, null, null]","[null, null, null, null, null]","[null, null, null, null, null]","[null, null, null, null, null]",,0.13177237152690144,0.1133316551656362,5.0,1.96
1a,2500,363005,neural-fore,neural-main-oracle-bellman,-12.646143306207122,-12.571374297156616,-12.586673112426368,0.12537259445533663,-12.817104582289076,-12.325644012024156,1.0,-0.059470193780754244,0.015298815269751742,0.6775184576313398,0.6775184576313398,0.13671467559896278,0.12497631378891647,0.047355345217963904,nan,nan,0.3145354145291082,9.142504927416397,28.878815144745335,1643.4956855568305,nan,nan,nan,nan,nan,nan,nan,nan,nan,140.0,0.008898256747567982,5.399151724984404,2000.0,1.0,0.0,nan,nan,nan,nan,nan,nan,nan,nan,nan,nan,nan,nan,nan,nan,nan,nan,0.0,"[300, 100, 100, 100, 100]","[0.005872236098620831, 0.0, 0.010079455818369217, 0.004827018483259142, 0.023712573337590716]","[null, null, null, null, null]","[null, null, null, null, null]","[null, null, null, null, null]","[null, null, null, null, null]",,0.12537259445533663,0.1531847690700307,5.0,1.96
1a,2500,373005,neural-fore,neural-main-oracle-bellman,-12.514152220971987,-12.46923234423953,-12.586673112426368,0.12015351995857325,-12.704733243358334,-12.233731445120725,1.0,0.07252089145438134,0.1174407681868388,0.6767963772980157,0.6767963772980157,0.12428427674100155,0.11490213525482543,0.03201011481275468,nan,nan,0.3271717336638069,9.35852286577185,29.054027715727244,1683.1254435785593,nan,nan,nan,nan,nan,nan,nan,nan,nan,140.0,0.008703655505660041,5.4986745662172325,2000.0,1.0,0.0,nan,nan,nan,nan,nan,nan,nan,nan,nan,nan,nan,nan,nan,nan,nan,nan,0.0,"[100, 100, 100, 300, 100]","[0.005294768401553378, 0.0, 0.018761920175799175, 0.005311058483116373, 0.014150530467831277]","[null, null, null, null, null]","[null, null, null, null, null]","[null, null, null, null, null]","[null, null, null, null, null]",,0.12015351995857325,0.10153341045074837,5.0,1.96
1a,2500,383005,neural-fore,neural-main-oracle-bellman,-12.624526601782817,-12.647708814912018,-12.586673112426368,0.13078074612791424,-12.90403907732273,-12.391378552501306,1.0,-0.03785348935644883,-0.06103570248565049,0.6396608191361721,0.6396608191361721,0.10724336576504394,0.09285973688291291,0.05494134945478223,nan,nan,0.388729006923417,9.034634308856987,31.500073593707,1597.072981150861,nan,nan,nan,nan,nan,nan,nan,nan,nan,100.0,0.005113533078715876,5.253305074991658,2000.0,1.0,0.0,nan,nan,nan,nan,nan,nan,nan,nan,nan,nan,nan,nan,nan,nan,nan,nan,0.0,"[100, 100, 100, 100, 100]","[0.009059473779289923, 0.0, 0.009500120846957442, 0.007008070767332011, 0.0]","[null, null, null, null, null]","[null, null, null, null, null]","[null, null, null, null, null]","[null, null, null, null, null]",,0.13078074612791424,0.13050035216670253,5.0,1.96
1a,2500,393005,neural-fore,neural-main-oracle-bellman,-12.768915307957851,-12.695182267204851,-12.586673112426368,0.1308579972158421,-12.951663941747901,-12.438700592661801,1.0,-0.18224219553148302,-0.10850915477848311,1.288399094035651,1.288399094035651,0.15294151216155266,0.13468260059150605,0.06805547299379515,nan,nan,0.27504575549751087,9.407469649364451,30.997930810486533,1624.813881036806,nan,nan,nan,nan,nan,nan,nan,nan,nan,140.0,0.03704855343867823,5.611268175428267,2000.0,1.0,0.0,nan,nan,nan,nan,nan,nan,nan,nan,nan,nan,nan,nan,nan,nan,nan,nan,0.0,"[100, 300, 100, 100, 100]","[0.0815080961892195, 0.0034776588998536116, 0.014809741306426406, 0.014635748208378405, 0.07081152258951325]","[null, null, null, null, null]","[null, null, null, null, null]","[null, null, null, null, null]","[null, null, null, null, null]",,0.1308579972158421,0.09891462782020695,5.0,1.96
1a,2500,403005,neural-fore,neural-main-oracle-bellman,-12.604467589393478,-12.604169320357556,-12.586673112426368,0.12728454235300765,-12.85364702336945,-12.354691617345662,1.0,-0.017794476967109674,-0.017496207931188223,0.7847558725145986,0.7847558725145986,0.1385015884882245,0.13488496535559016,0.04970811704507512,nan,nan,0.3080699423148003,9.313530722458466,29.65340491409552,1629.3867213069684,nan,nan,nan,nan,nan,nan,nan,nan,nan,100.0,0.017522419467561626,5.054426641378086,2000.0,1.0,0.0,nan,nan,nan,nan,nan,nan,nan,nan,nan,nan,nan,nan,nan,nan,nan,nan,0.0,"[100, 100, 100, 100, 100]","[0.0045088772824261585, 0.05421495964615462, 0.01646825225869892, 0.0023238570656120643, 0.010096151084916348]","[null, null, null, null, null]","[null, null, null, null, null]","[null, null, null, null, null]","[null, null, null, null, null]",,0.12728454235300765,0.10903942114925683,5.0,1.96
1a,2500,413005,neural-fore,neural-main-oracle-bellman,-12.52966667821144,-12.407388245751564,-12.586673112426368,0.1209278763145502,-12.644406883328083,-12.170369608175045,1.0,0.05700643421492835,0.17928486667480392,1.1058216686306697,1.1058216686306697,0.1949784381151362,0.1441572660521178,0.03315207122299214,nan,nan,0.33939901890242336,9.617124428034089,30.689417010555992,1657.2102596396508,nan,nan,nan,nan,nan,nan,nan,nan,nan,140.0,0.00888506599871391,5.621935716783628,2000.0,1.0,0.0,nan,nan,nan,nan,nan,nan,nan,nan,nan,nan,nan,nan,nan,nan,nan,nan,0.0,"[100, 300, 100, 100, 100]","[0.00427958837756411, 0.0, 0.005211353054084756, 0.009413543121123262, 0.02552084544079742]","[null, null, null, null, null]","[null, null, null, null, null]","[null, null, null, null, null]","[null, null, null, null, null]",,0.1209278763145502,0.110691987763866,5.0,1.96
1a,2500,423005,neural-fore,neural-main-oracle-bellman,-12.8516774125094,-13.06870548571038,-12.586673112426368,0.15392820344117797,-13.370404764455088,-12.767006206965672,0.0,-0.26500430008303155,-0.48203237328401194,0.7141000689510552,0.7141000689510552,0.12022522597815748,0.11231495222806617,0.03345367844682714,nan,nan,0.27565438672213965,8.736614020943502,41.28692447253933,1433.2078421615367,nan,nan,nan,nan,nan,nan,nan,nan,nan,180.0,0.00809485688415926,6.043651208828669,2000.0,1.0,0.0,nan,nan,nan,nan,nan,nan,nan,nan,nan,nan,nan,nan,nan,nan,nan,nan,0.0,"[300, 300, 100, 100, 100]","[0.004585871089926741, 0.011414282338361748, 0.007558595911410247, 0.013130614313813845, 0.003784920767283723]","[null, null, null, null, null]","[null, null, null, null, null]","[null, null, null, null, null]","[null, null, null, null, null]",,0.15392820344117797,0.08994584443109335,5.0,1.96
1a,2500,433005,neural-fore,neural-main-oracle-bellman,-12.556319581860805,-12.613735733447472,-12.586673112426368,0.12513292728304287,-12.858996270922235,-12.368475195972708,1.0,0.030353530565562892,-0.027062621021103794,1.354183830645694,1.354183830645694,0.1811192600699842,0.15328398314838326,0.03929367033905106,nan,nan,0.44729847894810637,9.277564163440305,29.60542980328788,1658.7765031803272,nan,nan,nan,nan,nan,nan,nan,nan,nan,100.0,0.02309098613903034,5.057735374593176,2000.0,1.0,0.0,nan,nan,nan,nan,nan,nan,nan,nan,nan,nan,nan,nan,nan,nan,nan,nan,0.0,"[100, 100, 100, 100, 100]","[0.02628107264335388, 0.005051860145113463, 0.05556950196983316, 0.02536190925587912, 0.003190586680972076]","[null, null, null, null, null]","[null, null, null, null, null]","[null, null, null, null, null]","[null, null, null, null, null]",,0.12513292728304287,0.08162807147038023,5.0,1.96
1a,2500,443005,neural-fore,neural-main-oracle-bellman,-12.649404907347305,-12.596027949492525,-12.586673112426368,0.1262486920492633,-12.84347538590908,-12.34858051307597,1.0,-0.06273179492093739,-0.009354837066156918,0.8533572614861548,0.8533572614861548,0.13302342659853772,0.11563993525055864,0.038076631203619864,nan,nan,0.4321113804537706,9.352401744182472,28.784516118680582,1650.2636707737654,nan,nan,nan,nan,nan,nan,nan,nan,nan,100.0,0.01233202481300753,5.073859241802711,2000.0,1.0,0.0,nan,nan,nan,nan,nan,nan,nan,nan,nan,nan,nan,nan,nan,nan,nan,nan,0.0,"[100, 100, 100, 100, 100]","[0.027814098526744022, 0.006802132168860269, 0.01823262630367635, 0.006048796783060169, 0.0027624702826968407]","[null, null, null, null, null]","[null, null, null, null, null]","[null, null, null, null, null]","[null, null, null, null, null]",,0.1262486920492633,0.08529059892155151,5.0,1.96
1a,2500,453005,neural-fore,neural-main-oracle-bellman,-12.582908923624261,-12.564173683804123,-12.586673112426368,0.12520972114845164,-12.809584737255088,-12.318762630353158,1.0,0.003764188802106716,0.022499428622245077,0.8134392926733869,0.8134392926733869,0.11367759203069897,0.09482317087709831,0.03179251817030176,nan,nan,0.34759188206200925,9.505207867828968,31.618535306367875,1652.2469555047219,nan,nan,nan,nan,nan,nan,nan,nan,nan,100.0,0.004383807620376686,5.063309716782532,2000.0,1.0,0.0,nan,nan,nan,nan,nan,nan,nan,nan,nan,nan,nan,nan,nan,nan,nan,nan,0.0,"[100, 100, 100, 100, 100]","[0.004967406097229042, 0.0, 0.009442000249624327, 0.007509631755030059, 0.0]","[null, null, null, null, null]","[null, null, null, null, null]","[null, null, null, null, null]","[null, null, null, null, null]",,0.12520972114845164,0.14214226391905635,5.0,1.96
1a,2500,463005,neural-fore,neural-main-oracle-bellman,-12.371507306177836,-12.282168394124653,-12.586673112426368,0.11791314082041077,-12.513278150132658,-12.051058638116649,0.0,0.21516580624853177,0.30450471830171466,1.290224700016886,1.290224700016886,0.20302634287117685,0.16779482448535923,0.03905262392800246,nan,nan,0.3518345181989378,9.240566757229718,28.364562975216188,1661.8903499409305,nan,nan,nan,nan,nan,nan,nan,nan,nan,180.0,0.006388605177958082,6.186520991392899,2000.0,1.0,0.0,nan,nan,nan,nan,nan,nan,nan,nan,nan,nan,nan,nan,nan,nan,nan,nan,0.0,"[100, 300, 100, 300, 100]","[0.00548512471575147, 0.0, 0.02301328447330363, 0.0, 0.003444616700735307]","[null, null, null, null, null]","[null, null, null, null, null]","[null, null, null, null, null]","[null, null, null, null, null]",,0.11791314082041077,0.08308002292342014,5.0,1.96
1a,2500,473005,neural-fore,neural-main-oracle-bellman,-12.74428231502522,-12.686413128758073,-12.586673112426368,0.13227497293763515,-12.945672075715837,-12.427154181800308,1.0,-0.15760920259885225,-0.0997400163317046,0.9421764088754145,0.9421764088754145,0.13596887062922075,0.12196896936108625,0.03392727799860897,nan,nan,0.45656007046127844,9.196316135485766,32.932173701369976,1611.6791851793655,nan,nan,nan,nan,nan,nan,nan,nan,nan,100.0,0.01881473201107754,5.016154633415863,2000.0,1.0,0.0,nan,nan,nan,nan,nan,nan,nan,nan,nan,nan,nan,nan,nan,nan,nan,nan,0.0,"[100, 100, 100, 100, 100]","[0.03057631084608383, 0.006091144560204505, 0.022851831295351732, 0.019762469883964084, 0.014791903469783546]","[null, null, null, null, null]","[null, null, null, null, null]","[null, null, null, null, null]","[null, null, null, null, null]",,0.13227497293763515,0.0265310413940011,5.0,1.96
1a,2500,483005,neural-fore,neural-main-oracle-bellman,-12.596798863049548,-12.606711594961078,-12.586673112426368,0.12524600570858357,-12.852193766149902,-12.361229423772254,1.0,-0.010125750623179997,-0.02003848253471041,0.6123342892398373,0.6123342892398373,0.12008096508501698,0.09396138517927792,0.04185874295406383,nan,nan,0.3962406926335054,9.32431709742433,29.546809520882512,1662.645945999703,nan,nan,nan,nan,nan,nan,nan,nan,nan,100.0,0.02540881071886312,4.8590514251729475,2000.0,1.0,0.0,nan,nan,nan,nan,nan,nan,nan,nan,nan,nan,nan,nan,nan,nan,nan,nan,0.0,"[100, 100, 100, 100, 100]","[0.005699087201753807, 0.0346024578752444, 0.011539576788243966, 0.05022446208948344, 0.02497846963958998]","[null, null, null, null, null]","[null, null, null, null, null]","[null, null, null, null, null]","[null, null, null, null, null]",,0.12524600570858357,0.10779170566914188,5.0,1.96
1a,2500,493005,neural-fore,neural-main-oracle-bellman,-12.618363195470891,-12.549295260766256,-12.586673112426368,0.1252793732798149,-12.794842832394693,-12.303747689137818,1.0,-0.031690083044523476,0.03737785166011243,1.4656681387459092,1.4656681387459092,0.15710804938114892,0.14673301916201692,0.04521770981377264,nan,nan,0.35416284021079597,9.275913194895757,27.191355290932343,1679.725134150657,nan,nan,nan,nan,nan,nan,nan,nan,nan,140.0,0.016530893316329783,5.6988824748317715,2000.0,1.0,0.0,nan,nan,nan,nan,nan,nan,nan,nan,nan,nan,nan,nan,nan,nan,nan,nan,0.0,"[100, 100, 100, 100, 300]","[0.005318556194449677, 0.020751144145576977, 0.0422105329741493, 0.01437423326747296, 0.0]","[null, null, null, null, null]","[null, null, null, null, null]","[null, null, null, null, null]","[null, null, null, null, null]",,0.1252793732798149,0.16565478403401118,5.0,1.96
1a,2500,503005,neural-fore,neural-main-oracle-bellman,-12.564317599985516,-12.471569138964018,-12.586673112426368,0.11894731108057613,-12.704705868681947,-12.238432409246089,1.0,0.022355512440851655,0.11510397346235024,0.6690113115956227,0.6690113115956227,0.1391469843463296,0.12290777530195492,0.048690469114121566,nan,nan,0.3114578504502331,9.626719860548825,26.44429198904408,1677.7177394466269,nan,nan,nan,nan,nan,nan,nan,nan,nan,180.0,0.016606256271429663,5.776975166611374,2000.0,1.0,0.0,nan,nan,nan,nan,nan,nan,nan,nan,nan,nan,nan,nan,nan,nan,nan,nan,0.0,"[100, 300, 100, 300, 100]","[0.012677612096014175, 0.0, 0.03652011861983198, 0.0, 0.03383355064130216]","[null, null, null, null, null]","[null, null, null, null, null]","[null, null, null, null, null]","[null, null, null, null, null]",,0.11894731108057613,0.056007358175578476,5.0,1.96
1a,2500,513005,neural-fore,neural-main-oracle-bellman,-12.775513666866187,-12.690310487199545,-12.586673112426368,0.13369982269277902,-12.952362139677392,-12.428258834721698,1.0,-0.18884055443981929,-0.10363737477317692,0.8196203896144791,0.8196203896144791,0.12977943517752416,0.11551247172899733,0.041992856340972454,nan,nan,0.41435290276022446,9.27192625939248,31.027593651143977,1600.6593826191088,nan,nan,nan,nan,nan,nan,nan,nan,nan,100.0,0.003798666462757374,4.83774286682019,2000.0,1.0000000000000002,0.0,nan,nan,nan,nan,nan,nan,nan,nan,nan,nan,nan,nan,nan,nan,nan,nan,0.0,"[100, 100, 100, 100, 100]","[0.009697988992498411, 0.0020725417094000923, 0.0, 0.002601795208419388, 0.00462100640346898]","[null, null, null, null, null]","[null, null, null, null, null]","[null, null, null, null, null]","[null, null, null, null, null]",,0.13369982269277902,0.15987556387137297,5.0,1.96
1a,2500,523005,neural-fore,neural-main-oracle-bellman,-12.695890120274122,-12.571618851004919,-12.586673112426368,0.12689085012662416,-12.820324917253103,-12.322912784756735,1.0,-0.10921700784775368,0.015054261421449056,0.6414963285872358,0.6414963285872358,0.12634467799119264,0.11663400953476528,0.03698279437230233,nan,nan,0.283617447740998,9.317281935583754,31.27201978738112,1614.155546256087,nan,nan,nan,nan,nan,nan,nan,nan,nan,140.0,0.008551151631341129,5.756063716183417,2000.0,1.0,0.0,nan,nan,nan,nan,nan,nan,nan,nan,nan,nan,nan,nan,nan,nan,nan,nan,0.0,"[100, 300, 100, 100, 100]","[0.013096609784799347, 0.0007185052248260011, 0.008753044242008071, 0.009569841058713209, 0.010617757846359013]","[null, null, null, null, null]","[null, null, null, null, null]","[null, null, null, null, null]","[null, null, null, null, null]",,0.12689085012662416,0.1517668819128753,5.0,1.96
1a,2500,533005,neural-fore,neural-main-oracle-bellman,-12.54198976309934,-12.442517155980616,-12.586673112426368,0.11956377678323422,-12.676862158475755,-12.208172153485476,1.0,0.044683349327028665,0.1441559564457524,0.7578489879264259,0.7578489879264259,0.12053142938452159,0.09966395819714775,0.04602489306378546,nan,nan,0.270080032529484,9.628467000932297,30.240550602832638,1662.964434435698,nan,nan,nan,nan,nan,nan,nan,nan,nan,180.0,0.015816727969810835,5.8958921831916085,2000.0,1.0,0.0,nan,nan,nan,nan,nan,nan,nan,nan,nan,nan,nan,nan,nan,nan,nan,nan,0.0,"[100, 100, 300, 300, 100]","[0.015215660839758328, 0.057471300370470234, 0.0, 0.0, 0.006396678638825604]","[null, null, null, null, null]","[null, null, null, null, null]","[null, null, null, null, null]","[null, null, null, null, null]",,0.11956377678323422,0.15794752360744913,5.0,1.96
1a,2500,543005,neural-fore,neural-main-oracle-bellman,-12.35942472772226,-12.324718933649734,-12.586673112426368,0.11784587660162155,-12.555696851788912,-12.093741015510556,0.0,0.22724838470410802,0.26195417877663374,0.5873091847426705,0.5873091847426705,0.12664747651505942,0.11830550212542339,0.04480740129850354,nan,nan,0.4710484540836592,9.442002671533608,29.799057160383107,1682.5060076404873,nan,nan,nan,nan,nan,nan,nan,nan,nan,140.0,0.006088815996350137,5.437479400017764,2000.0,1.0000000000000002,0.0,nan,nan,nan,nan,nan,nan,nan,nan,nan,nan,nan,nan,nan,nan,nan,nan,0.0,"[300, 100, 100, 100, 100]","[0.006895146665228487, 0.007477406052119285, 0.012608468386218416, 0.0, 0.003463058878184494]","[null, null, null, null, null]","[null, null, null, null, null]","[null, null, null, null, null]","[null, null, null, null, null]",,0.11784587660162155,0.07753468875710608,5.0,1.96
1a,2500,553005,neural-fore,neural-main-oracle-bellman,-12.562905851667004,-12.551839288140215,-12.586673112426368,0.1255754298971469,-12.797967130738623,-12.305711445541807,1.0,0.02376726075936375,0.034833824286153,0.6997187112317697,0.6997187112317697,0.0865107937181323,0.07458750496686635,0.03075788109978741,nan,nan,0.4014833745976772,9.371976030476606,30.826700855004443,1623.227016122587,nan,nan,nan,nan,nan,nan,nan,nan,nan,100.0,0.0133759055807881,5.041086783027277,2000.0,1.0,0.0,nan,nan,nan,nan,nan,nan,nan,nan,nan,nan,nan,nan,nan,nan,nan,nan,0.0,"[100, 100, 100, 100, 100]","[0.0, 0.03228739408163505, 0.022481070135466262, 0.00429459665044574, 0.007816467036393457]","[null, null, null, null, null]","[null, null, null, null, null]","[null, null, null, null, null]","[null, null, null, null, null]",,0.1255754298971469,0.06982946043013091,5.0,1.96
1a,2500,563005,neural-fore,neural-main-oracle-bellman,-12.564962990855534,-12.504754990573732,-12.586673112426368,0.11881408808159906,-12.737630603213665,-12.271879377933798,1.0,0.021710121570833962,0.08191812185263636,1.078699593950747,1.078699593950747,0.17618663381764132,0.15759499763178805,0.03969252093162695,nan,nan,0.27929328030677847,9.684742959433766,28.008803605746326,1695.9088821653108,nan,nan,nan,nan,nan,nan,nan,nan,nan,140.0,0.0059828883973607324,5.596552491805051,2000.0,1.0,0.0,nan,nan,nan,nan,nan,nan,nan,nan,nan,nan,nan,nan,nan,nan,nan,nan,0.0,"[100, 300, 100, 100, 100]","[0.0, 0.002264150267217089, 0.009923648356401336, 0.009796520224471458, 0.00793012313871378]","[null, null, null, null, null]","[null, null, null, null, null]","[null, null, null, null, null]","[null, null, null, null, null]",,0.11881408808159906,0.11969584644755597,5.0,1.96
1a,2500,573005,neural-fore,neural-main-oracle-bellman,-12.753738177983832,-12.879626887965525,-12.586673112426368,0.13549180086328452,-13.145190817657562,-12.614062958273488,0.0,-0.16706506555746437,-0.29295377553915714,0.7993009722583531,0.7993009722583531,0.1288243762417029,0.1117340715054563,0.06587828168909626,nan,nan,0.27969342490598764,8.739365028452006,31.480203633444297,1547.3606011218942,nan,nan,nan,nan,nan,nan,nan,nan,nan,140.0,0.025099532819550414,5.789731441996992,2000.0,1.0,0.0,nan,nan,nan,nan,nan,nan,nan,nan,nan,nan,nan,nan,nan,nan,nan,nan,0.0,"[100, 100, 100, 100, 300]","[0.004121385074519059, 0.006354824149816233, 0.08885568785487175, 0.020230972966713744, 0.005934794051831278]","[null, null, null, null, null]","[null, null, null, null, null]","[null, null, null, null, null]","[null, null, null, null, null]",,0.13549180086328452,0.1416566291114016,5.0,1.96
1a,2500,583005,neural-fore,neural-main-oracle-bellman,-12.494593884251612,-12.508358482433731,-12.586673112426368,0.12637339526317476,-12.756050337149555,-12.260666627717908,1.0,0.09207922817475556,0.0783146299926365,0.7082316408140554,0.7082316408140554,0.1373446325337999,0.13360990928079447,0.04352264957682377,nan,nan,0.3092633848879238,9.074474652233075,33.03716617715356,1606.7805639424848,nan,nan,nan,nan,nan,nan,nan,nan,nan,140.0,0.013220450062325514,5.253643458371516,2000.0,1.0,0.0,nan,nan,nan,nan,nan,nan,nan,nan,nan,nan,nan,nan,nan,nan,nan,nan,0.0,"[100, 100, 300, 100, 100]","[0.008037562565368967, 0.038560224957638084, 0.0063531687526125775, 0.001935158498986746, 0.011216135537021202]","[null, null, null, null, null]","[null, null, null, null, null]","[null, null, null, null, null]","[null, null, null, null, null]",,0.12637339526317476,0.15616558968616503,5.0,1.96
1a,2500,593005,neural-fore,neural-main-oracle-bellman,-12.503962730838637,-12.439452493664124,-12.586673112426368,0.12106419456045504,-12.676738315002616,-12.202166672325632,1.0,0.08271038158773081,0.14722061876224402,1.1153085468611432,1.1153085468611432,0.17435083969609128,0.13730461897270604,0.04979008574531006,nan,nan,0.37682409913238046,9.410256967020388,29.481687862003213,1702.2681404703405,nan,nan,nan,nan,nan,nan,nan,nan,nan,140.0,0.015811134095074158,5.583268766582478,2000.0,1.0,0.0,nan,nan,nan,nan,nan,nan,nan,nan,nan,nan,nan,nan,nan,nan,nan,nan,0.0,"[300, 100, 100, 100, 100]","[0.0042481550884405144, 0.011677411971242379, 0.0046772415042110275, 0.005924610638653139, 0.05252825127282373]","[null, null, null, null, null]","[null, null, null, null, null]","[null, null, null, null, null]","[null, null, null, null, null]",,0.12106419456045504,0.14191511088898115,5.0,1.96
1a,2500,603005,neural-fore,neural-main-oracle-bellman,-12.432854275107273,-12.323916502602184,-12.586673112426368,0.11739431967054705,-12.554009369156457,-12.093823636047912,0.0,0.15381883731909518,0.2627566098241836,0.7606051543468157,0.7606051543468157,0.1298467315496804,0.10142394148568697,0.04645460285710612,nan,nan,0.4020387127128496,9.502295221684115,27.691127068516046,1726.829749088843,nan,nan,nan,nan,nan,nan,nan,nan,nan,140.0,0.017094125707398135,5.375961616798304,2000.0,1.0,0.0,nan,nan,nan,nan,nan,nan,nan,nan,nan,nan,nan,nan,nan,nan,nan,nan,0.0,"[100, 300, 100, 100, 100]","[0.02490011773849949, 0.0, 0.014711532188425252, 0.01168955715684608, 0.034169421453219856]","[null, null, null, null, null]","[null, null, null, null, null]","[null, null, null, null, null]","[null, null, null, null, null]",,0.11739431967054705,0.08425644599473332,5.0,1.96
1a,2500,613005,neural-fore,neural-main-oracle-bellman,-12.659860809058541,-12.578718099848883,-12.586673112426368,0.12980294741910398,-12.833131876790327,-12.32430432290744,1.0,-0.07318769663217317,0.007955012577484766,0.7813902878044732,0.7813902878044732,0.10306996562354058,0.08197821089524078,0.054261902243391655,nan,nan,0.348566102650985,9.007414029348976,33.42859891330195,1588.6660707590725,nan,nan,nan,nan,nan,nan,nan,nan,nan,180.0,0.008486210819208062,5.655722183780744,2000.0,1.0,0.0,nan,nan,nan,nan,nan,nan,nan,nan,nan,nan,nan,nan,nan,nan,nan,nan,0.0,"[300, 300, 100, 100, 100]","[0.007614867317652386, 0.0, 0.01193002440263295, 0.0176837977582664, 0.005202364617488573]","[null, null, null, null, null]","[null, null, null, null, null]","[null, null, null, null, null]","[null, null, null, null, null]",,0.12980294741910398,0.09579198521970793,5.0,1.96
1a,2500,623005,neural-fore,neural-main-oracle-bellman,-12.569445147194536,-12.403539154673284,-12.586673112426368,0.11767278949797172,-12.63417782208931,-12.172900487257259,1.0,0.017227965231832343,0.18313395775308372,0.8009633216325976,0.8009633216325976,0.1328086237294635,0.1161964973068518,0.054369264884490065,nan,nan,0.37338407947625596,9.589686047082132,28.4646926348021,1686.2460388052432,nan,nan,nan,nan,nan,nan,nan,nan,nan,140.0,0.016198705322617975,5.759542991628405,2000.0,1.0,0.0,nan,nan,nan,nan,nan,nan,nan,nan,nan,nan,nan,nan,nan,nan,nan,nan,0.0,"[100, 100, 300, 100, 100]","[0.0017932205643931532, 0.05917808473306826, 0.004549517647747954, 0.0, 0.015472703667880516]","[null, null, null, null, null]","[null, null, null, null, null]","[null, null, null, null, null]","[null, null, null, null, null]",,0.11767278949797172,0.1211888490956499,5.0,1.96
1a,2500,633005,neural-fore,neural-main-oracle-bellman,-12.769461720623847,-12.811302607965368,-12.586673112426368,0.13152602552446482,-13.06909361799332,-12.553511597937417,1.0,-0.18278860819747855,-0.22462949553900025,0.7599856889218999,0.7599856889218999,0.14094433618752128,0.11913002903812316,0.04338446876348115,nan,nan,0.47207923283343545,9.144917614254515,30.829886177808213,1617.1648346737936,nan,nan,nan,nan,nan,nan,nan,nan,nan,100.0,0.010862931567104096,5.328873833583202,2000.0,1.0,0.0,nan,nan,nan,nan,nan,nan,nan,nan,nan,nan,nan,nan,nan,nan,nan,nan,0.0,"[100, 100, 100, 100, 100]","[0.006817782038018009, 0.0077046850034168035, 0.005494634184865893, 0.013624476931636138, 0.02067307967758363]","[null, null, null, null, null]","[null, null, null, null, null]","[null, null, null, null, null]","[null, null, null, null, null]",,0.13152602552446482,0.07549130979984361,5.0,1.96
1a,2500,643005,neural-fore,neural-main-oracle-bellman,-12.763519601630845,-12.633380526003956,-12.586673112426368,0.13123926486232163,-12.890609485134107,-12.376151566873805,1.0,-0.1768464892044772,-0.046707413577587786,1.1064695274486607,1.1064695274486607,0.23815839310885703,0.1694396362127144,0.04040558332272017,nan,nan,0.2874918789771614,9.314988863324007,31.54882896058968,1605.138010267323,nan,nan,nan,nan,nan,nan,nan,nan,nan,140.0,0.010736414671906334,5.524929308600258,2000.0,1.0,0.0,nan,nan,nan,nan,nan,nan,nan,nan,nan,nan,nan,nan,nan,nan,nan,nan,0.0,"[300, 100, 100, 100, 100]","[0.0034108712422418978, 0.024291121413257365, 0.0, 0.021173886721436126, 0.004806193982596291]","[null, null, null, null, null]","[null, null, null, null, null]","[null, null, null, null, null]","[null, null, null, null, null]",,0.13123926486232163,0.16989929801204753,5.0,1.96
1a,2500,653005,neural-fore,neural-main-oracle-bellman,-12.513351224479411,-12.47011567736108,-12.586673112426368,0.12109505680040383,-12.707461988689872,-12.23276936603229,1.0,0.07332188794695682,0.11655743506528715,0.5057619311815589,0.5057619311815589,0.08484407995829155,0.08165918356405233,0.03271550597119509,nan,nan,0.2681822147050152,9.302382264484752,29.466187446167865,1641.8301412777348,nan,nan,nan,nan,nan,nan,nan,nan,nan,180.0,0.0166115621627525,6.0121819419669915,2000.0,1.0,0.0,nan,nan,nan,nan,nan,nan,nan,nan,nan,nan,nan,nan,nan,nan,nan,nan,0.0,"[100, 100, 300, 300, 100]","[0.00458201764000709, 0.03687301328735278, 0.010526437836664416, 0.010944018683875909, 0.020132323365862306]","[null, null, null, null, null]","[null, null, null, null, null]","[null, null, null, null, null]","[null, null, null, null, null]",,0.12109505680040383,0.17591449107939958,5.0,1.96
1a,2500,663005,neural-fore,neural-main-oracle-bellman,-12.656981035136665,-12.599681239186417,-12.586673112426368,0.12782293166638004,-12.850214185252522,-12.349148293120312,1.0,-0.07030792271029718,-0.01300812676004881,0.7048749915900429,0.7048749915900429,0.13082534064565246,0.12050706921376934,0.04068315357244709,nan,nan,0.2639334945082757,9.408890839799671,31.386219266097033,1629.9925301874475,nan,nan,nan,nan,nan,nan,nan,nan,nan,220.0,0.011913897504395518,6.568078283767681,2000.0,1.0,0.0,nan,nan,nan,nan,nan,nan,nan,nan,nan,nan,nan,nan,nan,nan,nan,nan,0.0,"[100, 300, 100, 300, 300]","[0.005259737121313775, 0.01643339359353947, 0.03114610809149782, 0.0, 0.006730248715626521]","[null, null, null, null, null]","[null, null, null, null, null]","[null, null, null, null, null]","[null, null, null, null, null]",,0.12782293166638004,0.053182150529257136,5.0,1.96
1a,2500,673005,neural-fore,neural-main-oracle-bellman,-12.763353480802209,-12.616851017572378,-12.586673112426368,0.12596822871290178,-12.863748745849666,-12.36995328929509,1.0,-0.1766803683758411,-0.03017790514600982,0.7882843773135478,0.7882843773135478,0.11994047977684222,0.11229918151057498,0.027954004907942226,nan,nan,0.24489587506071653,9.709531865363594,29.758732556854234,1653.4734476205765,nan,nan,nan,nan,nan,nan,nan,nan,nan,220.0,0.009051729953828965,6.590336558583658,2000.0,1.0,0.0,nan,nan,nan,nan,nan,nan,nan,nan,nan,nan,nan,nan,nan,nan,nan,nan,0.0,"[100, 300, 100, 300, 300]","[0.016207571477900917, 0.0, 0.00401153300780118, 0.00879082024601173, 0.016248725037430994]","[null, null, null, null, null]","[null, null, null, null, null]","[null, null, null, null, null]","[null, null, null, null, null]",,0.12596822871290178,0.1528758851257494,5.0,1.96
1a,2500,683005,neural-fore,neural-main-oracle-bellman,-12.62765039508288,-12.582865092201901,-12.586673112426368,0.13070508931618258,-12.83904706726162,-12.326683117142183,1.0,-0.04097728265651135,0.0038080202244668016,0.9824618357064082,0.9824618357064082,0.15658113281105965,0.12620483646323782,0.058328851848902005,nan,nan,0.32265849691731885,9.16854005369667,32.368607325080816,1604.5478652694985,nan,nan,nan,nan,nan,nan,nan,nan,nan,180.0,0.004361681342199693,5.943276742415037,2000.0,1.0,0.0,nan,nan,nan,nan,nan,nan,nan,nan,nan,nan,nan,nan,nan,nan,nan,nan,0.0,"[300, 100, 100, 100, 300]","[0.0020978499364966694, 0.009367647711817797, 0.0, 0.0042152915914132946, 0.006127617471270703]","[null, null, null, null, null]","[null, null, null, null, null]","[null, null, null, null, null]","[null, null, null, null, null]",,0.13070508931618258,0.09906124003659009,5.0,1.96
1a,2500,693005,neural-fore,neural-main-oracle-bellman,-12.822359012293447,-12.763545978634644,-12.586673112426368,0.1449244909723849,-13.047597980940518,-12.47949397632877,1.0,-0.23568589986707877,-0.17687286620827614,0.8372323092387157,0.8372323092387157,0.13363465836193725,0.10903277754044624,0.036541078999034,nan,nan,0.29598008537799114,8.998687064208458,34.7596047262858,1512.1140767768798,nan,nan,nan,nan,nan,nan,nan,nan,nan,260.0,0.0063034902548497794,7.083952333615161,2000.0,1.0,0.0,nan,nan,nan,nan,nan,nan,nan,nan,nan,nan,nan,nan,nan,nan,nan,nan,0.0,"[300, 300, 100, 300, 300]","[0.004386975203664319, 0.0, 0.008419085245281125, 0.011737898995557789, 0.006973491829745662]","[null, null, null, null, null]","[null, null, null, null, null]","[null, null, null, null, null]","[null, null, null, null, null]",,0.1449244909723849,0.16611401699980663,5.0,1.96
1a,2500,703005,neural-fore,neural-main-oracle-bellman,-12.543387840582756,-12.498613832103528,-12.586673112426368,0.12293178373206678,-12.739560128218379,-12.257667535988677,1.0,0.04328527184361164,0.08805928032283994,0.6190394570807286,0.6190394570807286,0.14017047297690394,0.14204838361410363,0.04855407250192456,nan,nan,0.3176404607025774,9.295749800871292,30.416899240920152,1615.8406399606529,nan,nan,nan,nan,nan,nan,nan,nan,nan,140.0,0.01780874757073999,5.492867341591046,2000.0,1.0,0.0,nan,nan,nan,nan,nan,nan,nan,nan,nan,nan,nan,nan,nan,nan,nan,nan,0.0,"[100, 100, 300, 100, 100]","[0.013163470965907647, 0.003199459614229026, 0.0037484214693834813, 0.0621016880639933, 0.006830697740186506]","[null, null, null, null, null]","[null, null, null, null, null]","[null, null, null, null, null]","[null, null, null, null, null]",,0.12293178373206678,0.11526908890648442,5.0,1.96
1a,2500,713005,neural-fore,neural-main-oracle-bellman,-12.601320397649259,-12.589057420051669,-12.586673112426368,0.12563372191255662,-12.83529951500028,-12.342815325103057,1.0,-0.014647285222890716,-0.002384307625300508,0.9475941627461489,0.9475941627461489,0.14641468304956468,0.13184795679336697,0.04181319410021997,nan,nan,0.24881429072911884,8.838149125337445,28.377798001404425,1609.2204449611188,nan,nan,nan,nan,nan,nan,nan,nan,nan,180.0,0.013168400029173457,5.896943324815948,2000.0,1.0,0.0,nan,nan,nan,nan,nan,nan,nan,nan,nan,nan,nan,nan,nan,nan,nan,nan,0.0,"[300, 300, 100, 100, 100]","[0.0037040977699266593, 0.0026612408167260137, 0.0, 0.014034416795148325, 0.04544224476406629]","[null, null, null, null, null]","[null, null, null, null, null]","[null, null, null, null, null]","[null, null, null, null, null]",,0.12563372191255662,0.10335026077003001,5.0,1.96
1a,2500,723005,neural-fore,neural-main-oracle-bellman,-12.597996258268882,-12.652034937828114,-12.586673112426368,0.1334236667184184,-12.913545324596214,-12.390524551060015,1.0,-0.011323145842514037,-0.06536182540174629,0.9333300920777032,0.9333300920777032,0.1404210573014159,0.12823225673985356,0.04083954299117297,nan,nan,0.2720734379126229,9.207127830214187,34.86694635296579,1559.5157263556587,nan,nan,nan,nan,nan,nan,nan,nan,nan,140.0,0.013224612038764688,5.780442508589476,2000.0,1.0,0.0,nan,nan,nan,nan,nan,nan,nan,nan,nan,nan,nan,nan,nan,nan,nan,nan,0.0,"[300, 100, 100, 100, 100]","[0.004048182515645598, 0.016847963038101245, 0.0244581500635517, 0.02076876457652489, 0.0]","[null, null, null, null, null]","[null, null, null, null, null]","[null, null, null, null, null]","[null, null, null, null, null]",,0.1334236667184184,0.13418586914020678,5.0,1.96
1a,2500,733005,neural-fore,neural-main-oracle-bellman,-12.58295364778173,-12.505493853230911,-12.586673112426368,0.12146436745942896,-12.743564013451392,-12.26742369301043,1.0,0.0037194646446376822,0.08117925919545677,0.8437114542012258,0.8437114542012258,0.12815596137111873,0.12240202363820618,0.05214386105895691,nan,nan,0.304541264149043,9.235367869980664,27.205677333024955,1668.4940025475178,nan,nan,nan,nan,nan,nan,nan,nan,nan,140.0,0.016958528196397666,5.371021908789407,2000.0,1.0,0.0,nan,nan,nan,nan,nan,nan,nan,nan,nan,nan,nan,nan,nan,nan,nan,nan,0.0,"[100, 300, 100, 100, 100]","[0.0026429621984455426, 0.0, 0.0035370014338487734, 0.016891430892101968, 0.06172124645759205]","[null, null, null, null, null]","[null, null, null, null, null]","[null, null, null, null, null]","[null, null, null, null, null]",,0.12146436745942896,0.1413735755816101,5.0,1.96
1a,2500,743005,neural-fore,neural-main-oracle-bellman,-12.543089392930383,-12.389533820663843,-12.586673112426368,0.11550312178074462,-12.615919939354102,-12.163147701973584,1.0,0.043583719495984496,0.1971392917625252,1.0498232656785174,1.0498232656785174,0.1853492520878927,0.16112282017954294,0.03574852379829579,nan,nan,0.307404677090276,9.731808362514581,27.39321424873069,1716.4065006025849,nan,nan,nan,nan,nan,nan,nan,nan,nan,140.0,0.0076615433201406265,5.523489533399697,2000.0,1.0,0.0,nan,nan,nan,nan,nan,nan,nan,nan,nan,nan,nan,nan,nan,nan,nan,nan,0.0,"[100, 300, 100, 100, 100]","[0.008650808173632037, 0.0, 0.017456301315501604, 0.005007918795741244, 0.007192688315828251]","[null, null, null, null, null]","[null, null, null, null, null]","[null, null, null, null, null]","[null, null, null, null, null]",,0.11550312178074462,0.06775370595314785,5.0,1.96
1a,2500,753005,neural-fore,neural-main-oracle-bellman,-12.663595442680295,-12.560880866270445,-12.586673112426368,0.12805884185813815,-12.811876196312395,-12.309885536228494,1.0,-0.07692233025392703,0.025792246155923237,0.8616150533870437,0.8616150533870437,0.13941368026870116,0.12191811882629366,0.04076920804300647,nan,nan,0.4183928608239028,9.132007888750959,29.963765308121275,1619.337085476927,nan,nan,nan,nan,nan,nan,nan,nan,nan,140.0,0.005725348674246561,5.83362829919206,2000.0,1.0,0.0,nan,nan,nan,nan,nan,nan,nan,nan,nan,nan,nan,nan,nan,nan,nan,nan,0.0,"[100, 100, 100, 300, 100]","[0.007972892413732746, 0.005036012705267184, 0.002688260157013874, 0.0, 0.012929578095219003]","[null, null, null, null, null]","[null, null, null, null, null]","[null, null, null, null, null]","[null, null, null, null, null]",,0.12805884185813815,0.05710550650262499,5.0,1.96
1a,2500,763005,neural-fore,neural-main-oracle-bellman,-12.686640731236757,-12.564285809923605,-12.586673112426368,0.1259158736251732,-12.811080922228944,-12.317490697618267,1.0,-0.09996761881038907,0.02238730250276255,0.8545717732256553,0.8545717732256553,0.2316312237354686,0.22230181761588516,0.04146485781319746,nan,nan,0.34813621645802373,9.523540529727084,28.92339078946114,1652.38495787781,nan,nan,nan,nan,nan,nan,nan,nan,nan,140.0,0.009534047544039742,5.639093640982173,2000.0,1.0,0.0,nan,nan,nan,nan,nan,nan,nan,nan,nan,nan,nan,nan,nan,nan,nan,nan,0.0,"[300, 100, 100, 100, 100]","[0.0, 0.012145882869839406, 0.005952680507488402, 0.005624712821909383, 0.023946961520961516]","[null, null, null, null, null]","[null, null, null, null, null]","[null, null, null, null, null]","[null, null, null, null, null]",,0.1259158736251732,0.10505315036403864,5.0,1.96
1a,2500,773005,neural-fore,neural-main-oracle-bellman,-12.64637627945325,-12.618651043033106,-12.586673112426368,0.12872260329864513,-12.87094734549845,-12.366354740567761,1.0,-0.05970316702688194,-0.031977930606737814,0.9721979080895101,0.9721979080895101,0.13655685261518383,0.12784182001725525,0.04053846028763163,nan,nan,0.4419428441650209,9.402385841228195,32.046170576447835,1616.434401233783,nan,nan,nan,nan,nan,nan,nan,nan,nan,100.0,0.024738943258193927,5.181545249628835,2000.0,1.0,0.0,nan,nan,nan,nan,nan,nan,nan,nan,nan,nan,nan,nan,nan,nan,nan,nan,0.0,"[100, 100, 100, 100, 100]","[0.009594817388558548, 0.00944787178658115, 0.049844526685345295, 0.023773538960732837, 0.03103396146975181]","[null, null, null, null, null]","[null, null, null, null, null]","[null, null, null, null, null]","[null, null, null, null, null]",,0.12872260329864513,0.0992072289855648,5.0,1.96
1a,2500,783005,neural-fore,neural-main-oracle-bellman,-12.732094741198637,-12.722417223803204,-12.586673112426368,0.13465855569583446,-12.986347992967039,-12.458486454639369,1.0,-0.14542162877226872,-0.13574411137683562,0.8954858991679145,0.8954858991679145,0.14951102787325196,0.1400649251061103,0.04276047011011333,nan,nan,0.38029705881183823,8.95731105525454,32.43495443560149,1598.0779135109094,nan,nan,nan,nan,nan,nan,nan,nan,nan,140.0,0.010983707809123036,5.566856083390303,2000.0,1.0,0.0,nan,nan,nan,nan,nan,nan,nan,nan,nan,nan,nan,nan,nan,nan,nan,nan,0.0,"[300, 100, 100, 100, 100]","[0.002302434649404949, 0.0035174387160219318, 0.00618874375329394, 0.033905928257662525, 0.009003993669231835]","[null, null, null, null, null]","[null, null, null, null, null]","[null, null, null, null, null]","[null, null, null, null, null]",,0.13465855569583446,0.15089319884846214,5.0,1.96
1a,2500,793005,neural-fore,neural-main-oracle-bellman,-12.599751262459458,-12.549331817457723,-12.586673112426368,0.1200152274873869,-12.784561663333001,-12.314101971582446,1.0,-0.013078150033090097,0.03734129496864469,1.0944839084082796,1.0944839084082796,0.15871478359825505,0.13362032608967733,0.04760962175057826,nan,nan,0.31254902047040994,9.729842112376222,28.310425487729404,1666.4716984907216,nan,nan,nan,nan,nan,nan,nan,nan,nan,140.0,0.027021599555406606,5.399582116014789,2000.0,1.0,0.0,nan,nan,nan,nan,nan,nan,nan,nan,nan,nan,nan,nan,nan,nan,nan,nan,0.0,"[300, 100, 100, 100, 100]","[0.0026731837037741873, 0.026884985762082612, 0.008844231688559051, 0.0740773330756708, 0.022628263546946373]","[null, null, null, null, null]","[null, null, null, null, null]","[null, null, null, null, null]","[null, null, null, null, null]",,0.1200152274873869,0.05903610740904589,5.0,1.96
1a,2500,803005,neural-fore,neural-main-oracle-bellman,-12.666476864238124,-12.643558718455841,-12.586673112426368,0.13061451996563953,-12.899563177588494,-12.387554259323188,1.0,-0.07980375181175603,-0.056885606029473124,1.1587477208989203,1.1587477208989203,0.2288695906510238,0.1756732843301988,0.03616915076792617,nan,nan,0.3719833000797546,9.05620681978736,32.41248527339865,1590.721178761555,nan,nan,nan,nan,nan,nan,nan,nan,nan,100.0,0.006186629113885203,5.266249374602921,2000.0,1.0,0.0,nan,nan,nan,nan,nan,nan,nan,nan,nan,nan,nan,nan,nan,nan,nan,nan,0.0,"[100, 100, 100, 100, 100]","[0.030933145569426015, 0.0, 0.0, 0.0, 0.0]","[null, null, null, null, null]","[null, null, null, null, null]","[null, null, null, null, null]","[null, null, null, null, null]",,0.13061451996563953,0.05061932789600975,5.0,1.96
1a,2500,813005,neural-fore,neural-main-oracle-bellman,-12.384307571778441,-12.4115919782421,-12.586673112426368,0.11743959533360133,-12.641773585095958,-12.181410371388242,1.0,0.20236554064792678,0.17508113418426774,0.9402281782822142,0.9402281782822142,0.16393141753391893,0.1271468541111225,0.04543541816578473,nan,nan,0.3679335399464495,9.266165025597546,29.72635735940614,1677.0588703282976,nan,nan,nan,nan,nan,nan,nan,nan,nan,140.0,0.014040290034222358,5.51614878361579,2000.0,1.0,0.0,nan,nan,nan,nan,nan,nan,nan,nan,nan,nan,nan,nan,nan,nan,nan,nan,0.0,"[100, 100, 100, 300, 100]","[0.012749841420612132, 0.0, 0.05026008435112477, 0.0032580203342589672, 0.003933504065115916]","[null, null, null, null, null]","[null, null, null, null, null]","[null, null, null, null, null]","[null, null, null, null, null]",,0.11743959533360133,0.046453445544535614,5.0,1.96
1a,2500,823005,neural-fore,neural-main-oracle-bellman,-12.730612857715583,-12.559183048411358,-12.586673112426368,0.1265026877444896,-12.807128316390557,-12.311237780432158,1.0,-0.14393974528921483,0.027490064015010418,0.9149360391997965,0.9149360391997965,0.15587032058349842,0.1505615850210394,0.0479245844280908,nan,nan,0.22118714495570857,9.46337685807041,32.12827836180892,1599.5799573578367,nan,nan,nan,nan,nan,nan,nan,nan,nan,180.0,0.009836348841373414,5.965009016636759,2000.0,1.0,0.0,nan,nan,nan,nan,nan,nan,nan,nan,nan,nan,nan,nan,nan,nan,nan,nan,0.0,"[300, 100, 100, 300, 100]","[0.005139873653849708, 0.0036637571189853564, 0.005599702007027935, 0.002871081859214217, 0.031907329567789855]","[null, null, null, null, null]","[null, null, null, null, null]","[null, null, null, null, null]","[null, null, null, null, null]",,0.1265026877444896,0.16706538711750088,5.0,1.96
1a,2500,833005,neural-fore,neural-main-oracle-bellman,-12.623730325784477,-12.687216613064383,-12.586673112426368,0.14053033383639746,-12.962656067383723,-12.411777158745043,1.0,-0.037057213358108854,-0.10054350063801465,0.8586966704001998,0.8586966704001998,0.14254346340459695,0.12238049883970128,0.03905257093508355,nan,nan,0.30294563264631774,8.92086088920202,39.16094471950866,1479.2665835070252,nan,nan,nan,nan,nan,nan,nan,nan,nan,180.0,0.008102505677415325,6.26815509123262,2000.0,1.0,0.0,nan,nan,nan,nan,nan,nan,nan,nan,nan,nan,nan,nan,nan,nan,nan,nan,0.0,"[300, 100, 300, 100, 100]","[0.006145962683772931, 0.021031935462967954, 0.0, 0.006826777296417036, 0.006507852943918695]","[null, null, null, null, null]","[null, null, null, null, null]","[null, null, null, null, null]","[null, null, null, null, null]",,0.14053033383639746,0.07986230405423014,5.0,1.96
1a,2500,843005,neural-fore,neural-main-oracle-bellman,-12.61642790546753,-12.528317095794598,-12.586673112426368,0.12769698963834558,-12.778603195485756,-12.27803099610344,1.0,-0.02975479304116213,0.05835601663176959,0.9681779432329911,0.9681779432329911,0.12648574667506424,0.1234578550528628,0.032097952924243514,nan,nan,0.31565609036792036,9.491740762230423,33.40080111445091,1624.135747457957,nan,nan,nan,nan,nan,nan,nan,nan,nan,180.0,0.010397388405179436,6.101103100017644,2000.0,1.0,0.0,nan,nan,nan,nan,nan,nan,nan,nan,nan,nan,nan,nan,nan,nan,nan,nan,0.0,"[100, 100, 100, 300, 300]","[0.006128226963668047, 0.011319251844314263, 0.024326691250661604, 0.010212771967253268, 0.0]","[null, null, null, null, null]","[null, null, null, null, null]","[null, null, null, null, null]","[null, null, null, null, null]",,0.12769698963834558,0.07566873456664075,5.0,1.96
1a,2500,853005,neural-fore,neural-main-oracle-bellman,-12.44718467496225,-12.41017618746945,-12.586673112426368,0.11739390857017247,-12.640268248266988,-12.180084126671911,1.0,0.13948843746411832,0.17649692495691838,0.9665325231105133,0.9665325231105133,0.1473818190780789,0.11984436190353982,0.04013098414271094,nan,nan,0.31156871058815705,9.614523778371264,27.3487654945569,1698.214519203886,nan,nan,nan,nan,nan,nan,nan,nan,nan,100.0,0.010229223330279341,5.6937520245788615,2000.0,1.0,0.0,nan,nan,nan,nan,nan,nan,nan,nan,nan,nan,nan,nan,nan,nan,nan,nan,0.0,"[100, 100, 100, 100, 100]","[0.013555488714088711, 0.0, 0.03418217575990186, 0.003408452177406141, 0.0]","[null, null, null, null, null]","[null, null, null, null, null]","[null, null, null, null, null]","[null, null, null, null, null]",,0.11739390857017247,0.0628672817672071,5.0,1.96
1a,2500,863005,neural-fore,neural-main-oracle-bellman,-12.617363375834579,-12.618874044704278,-12.586673112426368,0.12874293785986793,-12.87121020290962,-12.366537886498936,1.0,-0.030690263408210683,-0.032200932277909544,1.0730922702924515,1.0730922702924515,0.17552775667141501,0.1461457156695249,0.027536700440292116,nan,nan,0.27163700948327507,9.147303708122848,32.32325059510093,1594.2979639220148,nan,nan,nan,nan,nan,nan,nan,nan,nan,180.0,0.00420531212346341,7.540619017160497,2000.0,1.0,0.0,nan,nan,nan,nan,nan,nan,nan,nan,nan,nan,nan,nan,nan,nan,nan,nan,0.0,"[300, 100, 100, 300, 100]","[0.007240396014258119, 0.00114725226663694, 0.009368148024445853, 0.0, 0.0032707643119761396]","[null, null, null, null, null]","[null, null, null, null, null]","[null, null, null, null, null]","[null, null, null, null, null]",,0.12874293785986793,0.13139472390737664,5.0,1.96
1a,2500,873005,neural-fore,neural-main-oracle-bellman,-12.525998712627768,-12.551984279251684,-12.586673112426368,0.12641042545709588,-12.799748713147592,-12.304219845355776,1.0,0.06067439979860012,0.034688833174683964,0.915712182638571,0.915712182638571,0.14385388898514762,0.13680718308802892,0.03973875847083924,nan,nan,0.3011867288369043,9.390212380018381,29.759926821053487,1630.5985455192485,nan,nan,nan,nan,nan,nan,nan,nan,nan,220.0,0.005806691335217147,7.968540433410089,2000.0,1.0,0.0,nan,nan,nan,nan,nan,nan,nan,nan,nan,nan,nan,nan,nan,nan,nan,nan,0.0,"[100, 300, 300, 100, 300]","[0.0063658674095855225, 0.0, 0.0, 0.02177319838683469, 0.0008943908796655183]","[null, null, null, null, null]","[null, null, null, null, null]","[null, null, null, null, null]","[null, null, null, null, null]",,0.12641042545709588,0.07609253805493481,5.0,1.96
1a,2500,883005,neural-fore,neural-main-oracle-bellman,-12.71057685788083,-12.748889378981263,-12.586673112426368,0.12840432552361292,-13.000561857007543,-12.497216900954982,1.0,-0.12390374545446114,-0.16221626655489452,0.7608814722965533,0.7608814722965533,0.10167567874096202,0.08844108913756418,0.034919871736152415,nan,nan,0.35703416343042216,9.033585361750127,30.915879978940573,1597.827952022751,nan,nan,nan,nan,nan,nan,nan,nan,nan,100.0,0.00818280147070774,6.597862083010841,2000.0,1.0,0.0,nan,nan,nan,nan,nan,nan,nan,nan,nan,nan,nan,nan,nan,nan,nan,nan,0.0,"[100, 100, 100, 100, 100]","[0.0, 0.0, 0.011233835654447782, 0.02782639954155123, 0.0018537721575396912]","[null, null, null, null, null]","[null, null, null, null, null]","[null, null, null, null, null]","[null, null, null, null, null]",,0.12840432552361292,0.07037064210586949,5.0,1.96
1a,2500,893005,neural-fore,neural-main-oracle-bellman,-12.664414345438708,-12.530494101731206,-12.586673112426368,0.1291095366287431,-12.783548793523542,-12.27743940993887,1.0,-0.0777412330123397,0.05617901069516229,0.873719894465842,0.873719894465842,0.13858005646128008,0.11868965962908666,0.06668609006489076,nan,nan,0.2893082408182832,9.289187793774985,31.32530981514696,1619.7739628020395,nan,nan,nan,nan,nan,nan,nan,nan,nan,180.0,0.002708011648114553,7.475214516615961,2000.0,1.0,0.0,nan,nan,nan,nan,nan,nan,nan,nan,nan,nan,nan,nan,nan,nan,nan,nan,0.0,"[300, 100, 300, 100, 100]","[0.0, 0.004232693035069464, 0.0010424760179013341, 0.008264889187601968, 0.0]","[null, null, null, null, null]","[null, null, null, null, null]","[null, null, null, null, null]","[null, null, null, null, null]",,0.1291095366287431,0.19700220494927742,5.0,1.96
1a,2500,903005,neural-fore,neural-main-oracle-bellman,-12.594677391559792,-12.44455689685297,-12.586673112426368,0.1203277750448888,-12.680399335940951,-12.208714457764987,1.0,-0.008004279133423609,0.14211621557339882,0.6768481445120523,0.6768481445120523,0.11692977376394784,0.09628822308259696,0.030979606478709117,nan,nan,0.388622328741599,9.569844711457964,30.10153451956894,1652.6868883390223,nan,nan,nan,nan,nan,nan,nan,nan,nan,140.0,0.012420721234478465,7.145198025181889,2000.0,1.0,0.0,nan,nan,nan,nan,nan,nan,nan,nan,nan,nan,nan,nan,nan,nan,nan,nan,0.0,"[300, 100, 100, 100, 100]","[0.0029644704931496946, 0.0010896647054385524, 0.007917266641079806, 0.005478681691091739, 0.04465352264163253]","[null, null, null, null, null]","[null, null, null, null, null]","[null, null, null, null, null]","[null, null, null, null, null]",,0.1203277750448888,0.14365614696407253,5.0,1.96
1a,2500,913005,neural-fore,neural-main-oracle-bellman,-12.628712024589925,-12.542211254930358,-12.586673112426368,0.12279848384664815,-12.782896283269787,-12.301526226590928,1.0,-0.04203891216355693,0.04446185749601028,0.5596027956393614,0.5596027956393614,0.09946078365099582,0.08333781867997414,0.026463388217638106,nan,nan,0.31055064880619004,9.336642661488966,29.25984573942036,1661.5331991884602,nan,nan,nan,nan,nan,nan,nan,nan,nan,140.0,0.005514814802197289,7.087432974600233,2000.0,1.0,0.0,nan,nan,nan,nan,nan,nan,nan,nan,nan,nan,nan,nan,nan,nan,nan,nan,0.0,"[300, 100, 100, 100, 100]","[0.0, 0.003035282159230415, 0.002451813791694543, 0.022086978060061487, 0.0]","[null, null, null, null, null]","[null, null, null, null, null]","[null, null, null, null, null]","[null, null, null, null, null]",,0.12279848384664815,0.10495183438736326,5.0,1.96
1a,2500,923005,neural-fore,neural-main-oracle-bellman,-12.678644454804493,-12.492950966241025,-12.586673112426368,0.12171328985640197,-12.731509014359574,-12.254392918122477,1.0,-0.09197134237812499,0.09372214618534258,0.8706638618242776,0.8706638618242776,0.15990216563938559,0.15687713605963768,0.042137341067909645,nan,nan,0.3012107499425362,9.278280822043607,28.790459630037102,1642.6224480061574,nan,nan,nan,nan,nan,nan,nan,nan,nan,220.0,0.012504560958326472,7.690045716438908,2000.0,1.0,0.0,nan,nan,nan,nan,nan,nan,nan,nan,nan,nan,nan,nan,nan,nan,nan,nan,0.0,"[100, 100, 300, 300, 300]","[0.007729496019113753, 0.04498397586990511, 0.0059799113558816905, 0.0038294215467318056, 0.0]","[null, null, null, null, null]","[null, null, null, null, null]","[null, null, null, null, null]","[null, null, null, null, null]",,0.12171328985640197,0.2051396726251835,5.0,1.96
1a,2500,933005,neural-fore,neural-main-oracle-bellman,-12.463253510061758,-12.30297165212542,-12.586673112426368,0.11661590579302913,-12.531538827479757,-12.074404476771083,0.0,0.12341960236460991,0.2837014603009482,0.9644375824217832,0.9644375824217832,0.1398440036310267,0.12642697129527297,0.031731061539769234,nan,nan,0.32678732181489817,9.602233974494311,28.793450048398537,1696.9377387931625,nan,nan,nan,nan,nan,nan,nan,nan,nan,140.0,0.01070450147476926,6.770472050423268,2000.0,1.0,0.0,nan,nan,nan,nan,nan,nan,nan,nan,nan,nan,nan,nan,nan,nan,nan,nan,0.0,"[100, 100, 300, 100, 100]","[0.006953372305059427, 0.012749223330902686, 0.0015664335401059395, 0.011049455947675087, 0.021204022250103163]","[null, null, null, null, null]","[null, null, null, null, null]","[null, null, null, null, null]","[null, null, null, null, null]",,0.11661590579302913,0.1582870064160467,5.0,1.96
1a,2500,943005,neural-fore,neural-main-oracle-bellman,-12.625932425182855,-12.638296981567777,-12.586673112426368,0.1256621524537686,-12.884594800377164,-12.39199916275839,1.0,-0.039259312756486864,-0.05162386914140882,1.2307800502180373,1.2307800502180373,0.22030635389136868,0.1706457515221685,0.04495414570924634,nan,nan,0.3662259792028605,9.229087362332363,29.310525238228635,1640.911515739099,nan,nan,nan,nan,nan,nan,nan,nan,nan,140.0,0.005963032435590915,7.858883833186701,2000.0,1.0,0.0,nan,nan,nan,nan,nan,nan,nan,nan,nan,nan,nan,nan,nan,nan,nan,nan,0.0,"[100, 100, 300, 100, 100]","[0.011313507349828413, 0.0007798919871068782, 0.0036087410501385226, 0.008468719095084933, 0.005644302695795827]","[null, null, null, null, null]","[null, null, null, null, null]","[null, null, null, null, null]","[null, null, null, null, null]",,0.1256621524537686,0.11716009116789297,5.0,1.96
1a,2500,953005,neural-fore,neural-main-oracle-bellman,-12.661027829150932,-12.577563624423743,-12.586673112426368,0.12503506199438688,-12.82263234593274,-12.332494902914744,1.0,-0.07435471672456373,0.009109488002625454,0.5324694155090258,0.5324694155090258,0.07665662448127128,0.06647270912347623,0.041753328851439966,nan,nan,0.4728952193164839,9.36626324058269,29.227608764459664,1659.0358619799042,nan,nan,nan,nan,nan,nan,nan,nan,nan,140.0,0.010442410266540334,7.110086933197453,2000.0,1.0,0.0,nan,nan,nan,nan,nan,nan,nan,nan,nan,nan,nan,nan,nan,nan,nan,nan,0.0,"[100, 100, 100, 300, 100]","[0.005765524914050097, 0.013014483767009014, 0.018054059990992292, 0.0087125716523403, 0.006665411008309965]","[null, null, null, null, null]","[null, null, null, null, null]","[null, null, null, null, null]","[null, null, null, null, null]",,0.12503506199438688,0.10019545648800954,5.0,1.96
1a,2500,963005,neural-fore,neural-main-oracle-bellman,-12.606685516759446,-12.58820602875122,-12.586673112426368,0.12316812911201126,-12.829615561810762,-12.346796495691677,1.0,-0.020012404333078493,-0.0015329163248516409,1.0639199023002166,1.0639199023002166,0.13606224204522527,0.134825550587166,0.050695555327663226,nan,nan,0.3221532304376266,9.44268462654914,30.49468700904601,1664.5846199615557,nan,nan,nan,nan,nan,nan,nan,nan,nan,140.0,0.016887629257287085,6.776247950631659,2000.0,1.0,0.0,nan,nan,nan,nan,nan,nan,nan,nan,nan,nan,nan,nan,nan,nan,nan,nan,0.0,"[100, 300, 100, 100, 100]","[0.03321625078904939, 0.0010677477136271684, 0.014297951609046391, 0.026237310201757826, 0.00961888597295465]","[null, null, null, null, null]","[null, null, null, null, null]","[null, null, null, null, null]","[null, null, null, null, null]",,0.12316812911201126,0.13153356728246615,5.0,1.96
1a,2500,973005,neural-fore,neural-main-oracle-bellman,-12.812057140543507,-12.753998628123261,-12.586673112426368,0.13247171165343086,-13.013643182963985,-12.494354073282537,1.0,-0.22538402811713887,-0.16732551569689313,0.7421186344231164,0.7421186344231164,0.13523890003936218,0.1285165790377491,0.04083960187381013,nan,nan,0.38670598660766253,9.208072200107871,30.51851555161292,1613.8580511818077,nan,nan,nan,nan,nan,nan,nan,nan,nan,100.0,0.011740333780213634,6.075107833405491,2000.0,1.0,0.0,nan,nan,nan,nan,nan,nan,nan,nan,nan,nan,nan,nan,nan,nan,nan,nan,0.0,"[100, 100, 100, 100, 100]","[0.0075710606269397684, 0.0015730711453015168, 0.02850428313899, 0.005918728647495717, 0.01513452534234117]","[null, null, null, null, null]","[null, null, null, null, null]","[null, null, null, null, null]","[null, null, null, null, null]",,0.13247171165343086,0.10694601090068642,5.0,1.96
1a,2500,983005,neural-fore,neural-main-oracle-bellman,-12.541004139798629,-12.461104871265025,-12.586673112426368,0.11941278806856355,-12.695153935879409,-12.227055806650641,1.0,0.04566897262773928,0.1255682411613428,0.9720248593467817,0.9720248593467817,0.13287967530557426,0.11786297884729224,0.04301583133158564,nan,nan,0.2872016966361146,9.673785492633412,27.544760791651214,1698.701600745951,nan,nan,nan,nan,nan,nan,nan,nan,nan,180.0,0.00891229371736761,7.3992596913944,2000.0,1.0,0.0,nan,nan,nan,nan,nan,nan,nan,nan,nan,nan,nan,nan,nan,nan,nan,nan,0.0,"[100, 100, 300, 100, 300]","[0.004494545161716732, 0.014721790806942482, 0.010181096295906066, 0.006540265647486399, 0.008623770674786367]","[null, null, null, null, null]","[null, null, null, null, null]","[null, null, null, null, null]","[null, null, null, null, null]",,0.11941278806856355,0.04733600333095432,5.0,1.96
1a,2500,993005,neural-fore,neural-main-oracle-bellman,-12.76874559966343,-12.666107553071864,-12.586673112426368,0.1313547442049207,-12.923562851713509,-12.40865225443022,1.0,-0.18207248723706115,-0.0794344406454961,0.662612387453242,0.662612387453242,0.10178670847069202,0.09001153658282193,0.04044367809116208,nan,nan,0.37760057998225255,8.919914648031753,32.42984433886278,1578.4969156324883,nan,nan,nan,nan,nan,nan,nan,nan,nan,100.0,0.008044230197949817,6.692391891579609,2000.0,1.0,0.0,nan,nan,nan,nan,nan,nan,nan,nan,nan,nan,nan,nan,nan,nan,nan,nan,0.0,"[100, 100, 100, 100, 100]","[0.009771090855472982, 0.0, 0.02098041466631039, 0.009469645467965712, 0.0]","[null, null, null, null, null]","[null, null, null, null, null]","[null, null, null, null, null]","[null, null, null, null, null]",,0.1313547442049207,0.2041627272743088,5.0,1.96
1a,2500,1003005,neural-fore,neural-main-oracle-bellman,-12.50285121875683,-12.429180049562982,-12.586673112426368,0.12288055031424698,-12.670025928178905,-12.188334170947059,1.0,0.08382189366953874,0.15749306286338616,0.7321013156747116,0.7321013156747116,0.11760117907622006,0.10026172531880118,0.04319988125470607,nan,nan,0.4374307059273211,9.599956756184099,29.366420657184836,1665.4166435076163,nan,nan,nan,nan,nan,nan,nan,nan,nan,100.0,0.008919456900457201,5.96071326660458,2000.0,1.0,0.0,nan,nan,nan,nan,nan,nan,nan,nan,nan,nan,nan,nan,nan,nan,nan,nan,0.0,"[100, 100, 100, 100, 100]","[0.028626351965590238, 0.010683062060483342, 0.00016985802037542015, 0.0008083792372644076, 0.004309633218572595]","[null, null, null, null, null]","[null, null, null, null, null]","[null, null, null, null, null]","[null, null, null, null, null]",,0.12288055031424698,0.12039551442974457,5.0,1.96
1a,2500,1013005,neural-fore,neural-main-oracle-bellman,-12.64264516036515,-12.503211750772273,-12.586673112426368,0.13223628443048369,-12.76239486825602,-12.244028633288526,1.0,-0.05597204793878241,0.0834613616540949,0.882494566027199,0.882494566027199,0.12436294032116332,0.10647768208163884,0.0422816909799367,nan,nan,0.2755785178572255,9.1864957392912,34.24471899664476,1551.633275238232,nan,nan,nan,nan,nan,nan,nan,nan,nan,140.0,0.006453731017165676,7.0724113418255,2000.0,1.0,0.0,nan,nan,nan,nan,nan,nan,nan,nan,nan,nan,nan,nan,nan,nan,nan,nan,0.0,"[100, 100, 100, 100, 300]","[0.01133999601513425, 0.011735920079998248, 0.009192738990695885, 0.0, 0.0]","[null, null, null, null, null]","[null, null, null, null, null]","[null, null, null, null, null]","[null, null, null, null, null]",,0.13223628443048369,0.1046201718004324,5.0,1.96
1a,2500,1023005,neural-fore,neural-main-oracle-bellman,-12.547240464115681,-12.577104270702641,-12.586673112426368,0.1254767132532688,-12.823038628679049,-12.331169912726233,1.0,0.0394326483106866,0.009568841723726962,0.9430318908976577,0.9430318908976577,0.12850978489020426,0.11345306788338005,0.05670447970956373,nan,nan,0.3387333180969163,9.208879940997615,28.48703691112559,1661.036159107592,nan,nan,nan,nan,nan,nan,nan,nan,nan,180.0,0.006311366322183089,7.928731600008905,2000.0,1.0,0.0,nan,nan,nan,nan,nan,nan,nan,nan,nan,nan,nan,nan,nan,nan,nan,nan,0.0,"[300, 100, 100, 100, 300]","[0.0, 0.013351802245010404, 0.004237164350307393, 0.011061158358900494, 0.0029067066566971526]","[null, null, null, null, null]","[null, null, null, null, null]","[null, null, null, null, null]","[null, null, null, null, null]",,0.1254767132532688,0.08630939373791233,5.0,1.96
1a,2500,1033005,neural-fore,neural-main-oracle-bellman,-12.580396353638498,-12.554864244447314,-12.586673112426368,0.11881288761141456,-12.787737504165687,-12.321990984728941,1.0,0.006276758787869596,0.0318088679790538,1.1860980320062313,1.1860980320062313,0.14274886046462743,0.13113237405811695,0.04710376383336305,nan,nan,0.4469433470617721,9.36873040928252,27.625447556574656,1682.5261445509095,nan,nan,nan,nan,nan,nan,nan,nan,nan,100.0,0.016278698710320783,6.053402966528665,2000.0,1.0,0.0,nan,nan,nan,nan,nan,nan,nan,nan,nan,nan,nan,nan,nan,nan,nan,nan,0.0,"[100, 100, 100, 100, 100]","[0.012714693678520558, 0.0164554623401734, 0.02263968577744835, 0.004737644465528001, 0.02484600728993361]","[null, null, null, null, null]","[null, null, null, null, null]","[null, null, null, null, null]","[null, null, null, null, null]",,0.11881288761141456,0.11537919098851639,5.0,1.96
1a,2500,1043005,neural-fore,neural-main-oracle-bellman,-12.585297400221513,-12.509952246008213,-12.586673112426368,0.12316639053154356,-12.751358371450038,-12.268546120566388,1.0,0.0013757122048545511,0.0767208664181549,0.8627295700630387,0.8627295700630387,0.1189691333914874,0.10515514303665678,0.053142542441457205,nan,nan,0.3927757312767702,9.316685767498852,28.6221180648296,1654.3013385342067,nan,nan,nan,nan,nan,nan,nan,nan,nan,100.0,0.017152931201289932,6.762381258420646,2000.0,1.0,0.0,nan,nan,nan,nan,nan,nan,nan,nan,nan,nan,nan,nan,nan,nan,nan,nan,0.0,"[100, 100, 100, 100, 100]","[0.02100931755620948, 0.008088070009315131, 0.023289741379064404, 0.0, 0.03337752706186065]","[null, null, null, null, null]","[null, null, null, null, null]","[null, null, null, null, null]","[null, null, null, null, null]",,0.12316639053154356,0.11896380729934662,5.0,1.96
1a,2500,1053005,neural-fore,neural-main-oracle-bellman,-12.723116592968447,-12.680185611594046,-12.586673112426368,0.1300611992546908,-12.93510556213324,-12.425265661054853,1.0,-0.1364434805420789,-0.09351249916767834,0.6234797922556179,0.6234797922556179,0.12498931361002348,0.12301915307550745,0.03720707563075256,nan,nan,0.39865426382104635,9.148942957431494,30.001165366981407,1631.6547585702644,nan,nan,nan,nan,nan,nan,nan,nan,nan,140.0,0.02551578640615897,6.716819283179939,2000.0,1.0,0.0,nan,nan,nan,nan,nan,nan,nan,nan,nan,nan,nan,nan,nan,nan,nan,nan,0.0,"[100, 100, 300, 100, 100]","[0.014931641341617986, 0.03730567130710413, 0.0006707186415002258, 0.07282873796703797, 0.0018421627735345203]","[null, null, null, null, null]","[null, null, null, null, null]","[null, null, null, null, null]","[null, null, null, null, null]",,0.1300611992546908,0.1105296352377195,5.0,1.96
1a,2500,1063005,neural-fore,neural-main-oracle-bellman,-12.696239538729392,-12.703343740709403,-12.586673112426368,0.14029111276764294,-12.978314321733983,-12.428373159684824,1.0,-0.10956642630302404,-0.11667062828303543,0.7318310633308268,0.7318310633308268,0.15119224622134034,0.13831689305033712,0.08149383472621874,nan,nan,0.4029859007507457,8.788554000803538,35.77864186879346,1536.6889099649368,nan,nan,nan,nan,nan,nan,nan,nan,nan,100.0,0.015610252389496907,5.942856833804399,2000.0,1.0,0.0,nan,nan,nan,nan,nan,nan,nan,nan,nan,nan,nan,nan,nan,nan,nan,nan,0.0,"[100, 100, 100, 100, 100]","[0.03468459614970637, 0.01738015028707117, 0.01710221291764934, 0.003982241252558772, 0.004902061340498877]","[null, null, null, null, null]","[null, null, null, null, null]","[null, null, null, null, null]","[null, null, null, null, null]",,0.14029111276764294,0.1802834063576939,5.0,1.96
1a,2500,1073005,neural-fore,neural-main-oracle-bellman,-12.623679443140313,-12.573793629141717,-12.586673112426368,0.13467556648466805,-12.837757739451666,-12.309829518831767,1.0,-0.03700633071394499,0.012879483284651272,0.9299370482461728,0.9299370482461728,0.11983131514003639,0.10871323797057757,0.043141485065537354,nan,nan,0.48263576006809256,9.178456333877943,35.197509680516134,1545.0284138179672,nan,nan,nan,nan,nan,nan,nan,nan,nan,100.0,0.015797416154320943,7.191886524844449,2000.0,1.0,0.0,nan,nan,nan,nan,nan,nan,nan,nan,nan,nan,nan,nan,nan,nan,nan,nan,0.0,"[100, 100, 100, 100, 100]","[0.01879539006577275, 0.0264850998433926, 0.006335019678039821, 0.008686098215262904, 0.018685472969136648]","[null, null, null, null, null]","[null, null, null, null, null]","[null, null, null, null, null]","[null, null, null, null, null]",,0.13467556648466805,0.0910256468115814,5.0,1.96
1a,2500,1083005,neural-fore,neural-main-oracle-bellman,-12.665656012160504,-12.644693803735905,-12.586673112426368,0.12535131166556063,-12.890382374600403,-12.399005232871406,1.0,-0.07898289973413597,-0.05802069130953669,0.9981100007560446,0.9981100007560446,0.1666573177138905,0.1451290535881204,0.04730276512926714,nan,nan,0.2805815516682025,9.348938532186533,29.824203042798352,1639.6288068907336,nan,nan,nan,nan,nan,nan,nan,nan,nan,180.0,0.011630837035810058,8.170130033197347,2000.0,1.0,0.0,nan,nan,nan,nan,nan,nan,nan,nan,nan,nan,nan,nan,nan,nan,nan,nan,0.0,"[100, 300, 100, 300, 100]","[0.004360013442740849, 0.0, 0.03123087847183988, 0.013339785640077961, 0.00922350762439159]","[null, null, null, null, null]","[null, null, null, null, null]","[null, null, null, null, null]","[null, null, null, null, null]",,0.12535131166556063,0.23499017926855975,5.0,1.96
1a,2500,1093005,neural-fore,neural-main-oracle-bellman,-12.55580417517139,-12.39837624507888,-12.586673112426368,0.12382503628816151,-12.641073316203677,-12.155679173954084,1.0,0.030868937254977524,0.1882968673474874,1.1465479867583637,1.1465479867583637,0.20455563611601724,0.16313811013639318,0.06500305335780106,nan,nan,0.3680273783001216,9.440519696357818,29.48048390605113,1665.1621968098443,nan,nan,nan,nan,nan,nan,nan,nan,nan,180.0,0.01984777769200621,7.164198392000981,2000.0,1.0,0.0,nan,nan,nan,nan,nan,nan,nan,nan,nan,nan,nan,nan,nan,nan,nan,nan,0.0,"[100, 300, 100, 100, 300]","[0.014111015482829033, 0.0, 0.05267075579948982, 0.0324571171777122, 0.0]","[null, null, null, null, null]","[null, null, null, null, null]","[null, null, null, null, null]","[null, null, null, null, null]",,0.12382503628816151,0.160825352031594,5.0,1.96
1a,2500,1103005,neural-fore,neural-main-oracle-bellman,-12.62266373534919,-12.549348562538889,-12.586673112426368,0.12429230138009821,-12.792961473243881,-12.305735651833896,1.0,-0.035990622922822624,0.03732454988747946,0.934059308249015,0.934059308249015,0.1571951179025668,0.1386075257304685,0.05643275498997879,nan,nan,0.19499122398425697,9.209242175001757,27.69147923134814,1674.582946594456,nan,nan,nan,nan,nan,nan,nan,nan,nan,180.0,0.022359518498964073,7.153484133793972,2000.0,1.0,0.0,nan,nan,nan,nan,nan,nan,nan,nan,nan,nan,nan,nan,nan,nan,nan,nan,0.0,"[300, 100, 100, 300, 100]","[0.0013823248983525099, 0.03661330015142379, 0.05085434909378561, 0.01196649393922017, 0.010981124412038287]","[null, null, null, null, null]","[null, null, null, null, null]","[null, null, null, null, null]","[null, null, null, null, null]",,0.12429230138009821,0.08879961786851158,5.0,1.96
1a,2500,1113005,neural-fore,neural-main-oracle-bellman,-12.620195792657455,-12.5703803221674,-12.586673112426368,0.12718802137782506,-12.819668844067937,-12.321091800266863,1.0,-0.033522680231087065,0.01629279025896757,0.5559667977619341,0.5559667977619341,0.12021087772690384,0.110871927443253,0.05083854076183536,nan,nan,0.31975619502193176,9.396937420486108,30.594384724208208,1622.935803273966,nan,nan,nan,nan,nan,nan,nan,nan,nan,140.0,0.0033234799181308303,7.331447008228861,2000.0,1.0,0.0,nan,nan,nan,nan,nan,nan,nan,nan,nan,nan,nan,nan,nan,nan,nan,nan,0.0,"[300, 100, 100, 100, 100]","[0.006481781692322476, 7.478521595349579e-06, 0.003680831937669207, 0.0, 0.006447307439067119]","[null, null, null, null, null]","[null, null, null, null, null]","[null, null, null, null, null]","[null, null, null, null, null]",,0.12718802137782506,0.12253509305258692,5.0,1.96
1a,2500,1123005,neural-fore,neural-main-oracle-bellman,-12.687913638481367,-12.613068933858063,-12.586673112426368,0.12977758145956736,-12.867432993518815,-12.358704874197311,1.0,-0.10124052605499934,-0.026395821431695055,0.5985036118091076,0.5985036118091076,0.09826151418812262,0.0924351322189577,0.06569165826324717,nan,nan,0.23323592557368086,9.317076897649994,27.408640897095967,1630.7684882417116,nan,nan,nan,nan,nan,nan,nan,nan,nan,180.0,0.008636175172453308,8.03221575820353,2000.0,1.0,0.0,nan,nan,nan,nan,nan,nan,nan,nan,nan,nan,nan,nan,nan,nan,nan,nan,0.0,"[300, 100, 100, 300, 100]","[0.0019459212330728021, 0.014281422268191655, 0.02221316929336447, 0.0, 0.004740363067637615]","[null, null, null, null, null]","[null, null, null, null, null]","[null, null, null, null, null]","[null, null, null, null, null]",,0.12977758145956736,0.16656894360450727,5.0,1.96
1a,2500,1133005,neural-fore,neural-main-oracle-bellman,-12.666541407171518,-12.577310715898362,-12.586673112426368,0.12312205161607784,-12.818629937065873,-12.33599149473085,1.0,-0.07986829474515034,0.0093623965280063,0.7062763058696777,0.7062763058696777,0.12233404287650149,0.1148631410099056,0.049326247870721186,nan,nan,0.3068169912791314,9.305990502341297,27.0610684218463,1689.224014199877,nan,nan,nan,nan,nan,nan,nan,nan,nan,140.0,0.0030492383080808995,6.833287158387248,2000.0,1.0,0.0,nan,nan,nan,nan,nan,nan,nan,nan,nan,nan,nan,nan,nan,nan,nan,nan,0.0,"[100, 100, 100, 100, 300]","[0.0018983717121424117, 0.003331762888625639, 0.010016056939636447, 0.0, 0.0]","[null, null, null, null, null]","[null, null, null, null, null]","[null, null, null, null, null]","[null, null, null, null, null]",,0.12312205161607784,0.06041167950154402,5.0,1.96
1a,2500,1143005,neural-fore,neural-main-oracle-bellman,-12.801910450348233,-12.834450450487827,-12.586673112426368,0.1323758341433204,-13.093907085408734,-12.57499381556692,1.0,-0.21523733792186484,-0.24777733806145896,0.9257081573935084,0.9257081573935084,0.12246443455397045,0.10854803913609715,0.04486334997008567,nan,nan,0.45870370069409855,9.112973246901527,30.000247804994164,1620.911355759612,nan,nan,nan,nan,nan,nan,nan,nan,nan,100.0,0.016546649511890534,6.813846625387669,2000.0,1.0,0.0,nan,nan,nan,nan,nan,nan,nan,nan,nan,nan,nan,nan,nan,nan,nan,nan,0.0,"[100, 100, 100, 100, 100]","[0.006965394460539168, 0.03784556917097973, 0.0004887164454264374, 0.035052893624195974, 0.002380673858311346]","[null, null, null, null, null]","[null, null, null, null, null]","[null, null, null, null, null]","[null, null, null, null, null]",,0.1323758341433204,0.1328887474790653,5.0,1.96
1a,2500,1153005,neural-fore,neural-main-oracle-bellman,-12.978409238976912,-13.0004359798835,-12.586673112426368,0.14115064134955835,-13.277091236928634,-12.723780722838367,0.0,-0.39173612655054413,-0.4137628674571321,1.2060059706635113,1.2060059706635113,0.216684868962552,0.1851380335033803,0.06328816345946729,nan,nan,0.30484435899804646,8.723710353606762,33.54867036284812,1551.6275399942472,nan,nan,nan,nan,nan,nan,nan,nan,nan,100.0,0.004232259018781502,7.572579883225262,2000.0,1.0,0.0,nan,nan,nan,nan,nan,nan,nan,nan,nan,nan,nan,nan,nan,nan,nan,nan,0.0,"[100, 100, 100, 100, 100]","[0.0011341077999106838, 0.006816082450262614, 5.045793180697316e-05, 0.008059453844499154, 0.005101193067428083]","[null, null, null, null, null]","[null, null, null, null, null]","[null, null, null, null, null]","[null, null, null, null, null]",,0.14115064134955835,0.13262912880478142,5.0,1.96
1a,2500,1163005,neural-fore,neural-main-oracle-bellman,-12.467214516836865,-12.461596462957855,-12.586673112426368,0.12029911280548648,-12.69738272405661,-12.225810201859101,1.0,0.11945859558950289,0.1250766494685127,1.1626196329899947,1.1626196329899947,0.20830120072860478,0.19408091332315616,0.05908659355139263,nan,nan,0.39114322455347056,9.541996564453399,30.463657951157025,1691.1564897349215,nan,nan,nan,nan,nan,nan,nan,nan,nan,140.0,0.00879097624453762,7.578158908803016,2000.0,1.0000000000000002,0.0,nan,nan,nan,nan,nan,nan,nan,nan,nan,nan,nan,nan,nan,nan,nan,nan,0.0,"[300, 100, 100, 100, 100]","[0.0, 0.013860610848517144, 0.012586702361785275, 0.006574594419576328, 0.01093297359280935]","[null, null, null, null, null]","[null, null, null, null, null]","[null, null, null, null, null]","[null, null, null, null, null]",,0.12029911280548648,0.11772942529566807,5.0,1.96
1a,2500,1173005,neural-fore,neural-main-oracle-bellman,-12.75675754433987,-12.771647035235318,-12.586673112426368,0.13558668424048267,-13.037396936346665,-12.505897134123972,1.0,-0.17008443191350153,-0.18497392280895042,0.9159847874437415,0.9159847874437415,0.1469629494602331,0.13262254930530598,0.028518710375144207,nan,nan,0.24975471083236267,9.05485673185115,33.93414764060897,1554.2071056730483,nan,nan,nan,nan,nan,nan,nan,nan,nan,140.0,0.00625216196685037,8.10577396643348,2000.0,1.0,0.0,nan,nan,nan,nan,nan,nan,nan,nan,nan,nan,nan,nan,nan,nan,nan,nan,0.0,"[300, 100, 100, 100, 100]","[0.0, 0.007454543127705538, 0.007692580856438939, 0.008927427307936525, 0.0071862585421708465]","[null, null, null, null, null]","[null, null, null, null, null]","[null, null, null, null, null]","[null, null, null, null, null]",,0.13558668424048267,0.11662365731219021,5.0,1.96
1a,2500,1183005,neural-fore,neural-main-oracle-bellman,-12.623075702868174,-12.54244509909763,-12.586673112426368,0.12690362088202706,-12.791176196026404,-12.293714002168857,1.0,-0.03640259044180638,0.0442280133287376,0.76055296254188,0.76055296254188,0.11314263178231662,0.10377035970199126,0.05170462634062406,nan,nan,0.4314247331542435,9.108051209061554,31.82289984742063,1617.342681074227,nan,nan,nan,nan,nan,nan,nan,nan,nan,100.0,0.005932708158002878,6.668415924778674,2000.0,1.0,0.0,nan,nan,nan,nan,nan,nan,nan,nan,nan,nan,nan,nan,nan,nan,nan,nan,0.0,"[100, 100, 100, 100, 100]","[0.005501961749683506, 0.0, 0.009682991394534038, 0.01352782861464009, 0.0009507590311567617]","[null, null, null, null, null]","[null, null, null, null, null]","[null, null, null, null, null]","[null, null, null, null, null]",,0.12690362088202706,0.20238765645022294,5.0,1.96
1a,2500,1193005,neural-fore,neural-main-oracle-bellman,-12.618724226430642,-12.490111293553971,-12.586673112426368,0.12616371574192428,-12.737392176408143,-12.2428304106998,1.0,-0.03205111400427363,0.0965618188723969,0.9595725151424134,0.9595725151424134,0.1318637091141364,0.11339852756232571,0.051334686328413794,nan,nan,0.34851379025473017,9.184975036561184,31.171663723286176,1632.9580190534311,nan,nan,nan,nan,nan,nan,nan,nan,nan,100.0,0.01045322013386522,7.915823325410019,2000.0,1.0,0.0,nan,nan,nan,nan,nan,nan,nan,nan,nan,nan,nan,nan,nan,nan,nan,nan,0.0,"[100, 100, 100, 100, 100]","[0.004081525304286135, 0.02233891222800815, 0.010079451702354275, 0.0012406841978581044, 0.014525527236819439]","[null, null, null, null, null]","[null, null, null, null, null]","[null, null, null, null, null]","[null, null, null, null, null]",,0.12616371574192428,0.0851048326183305,5.0,1.96
1a,2500,1203005,neural-fore,neural-main-oracle-bellman,-12.460915056918182,-12.336485870849396,-12.586673112426368,0.11741750117921132,-12.56662417316065,-12.106347568538142,0.0,0.12575805550818586,0.25018724157697214,1.0212590862996342,1.0212590862996342,0.15517052981756746,0.12436003383174339,0.039010069262824486,nan,nan,0.28316626005655304,9.709382469993818,28.217878793048865,1703.3359043056598,nan,nan,nan,nan,nan,nan,nan,nan,nan,180.0,0.0069753866287133705,8.812324625172186,2000.0,1.0,0.0,nan,nan,nan,nan,nan,nan,nan,nan,nan,nan,nan,nan,nan,nan,nan,nan,0.0,"[100, 300, 100, 100, 300]","[0.003562831075346507, 0.009997890235983214, 0.00796867901008615, 0.002437330610317658, 0.010910202211833323]","[null, null, null, null, null]","[null, null, null, null, null]","[null, null, null, null, null]","[null, null, null, null, null]",,0.11741750117921132,0.13484866918716912,5.0,1.96
1a,2500,1213005,neural-fore,neural-main-oracle-bellman,-12.800382099055327,-12.81252425148827,-12.586673112426368,0.12961098815351466,-13.066561788269158,-12.558486714707382,1.0,-0.21370898662895854,-0.22585113906190202,1.1053853128746396,1.1053853128746396,0.25263073274809233,0.21963240358086483,0.029929349885262052,nan,nan,0.37553814515604217,9.403324410786421,28.513182483119685,1644.5713673687192,nan,nan,nan,nan,nan,nan,nan,nan,nan,100.0,0.01640494585341902,7.3157316335709766,2000.0,1.0,0.0,nan,nan,nan,nan,nan,nan,nan,nan,nan,nan,nan,nan,nan,nan,nan,nan,0.0,"[100, 100, 100, 100, 100]","[0.031949362785482556, 0.002949071369236212, 0.020633057464852438, 0.019763852788585348, 0.006729384858938548]","[null, null, null, null, null]","[null, null, null, null, null]","[null, null, null, null, null]","[null, null, null, null, null]",,0.12961098815351466,0.13679809715175964,5.0,1.96
1a,2500,1223005,neural-fore,neural-main-oracle-bellman,-12.568539833501218,-12.527836948921417,-12.586673112426368,0.1268967586318643,-12.77655459583987,-12.279119302002963,1.0,0.018133278925150265,0.058836163504951244,0.6986348930300632,0.6986348930300632,0.12807292632815437,0.1142740821164383,0.040206599057660976,nan,nan,0.3212012443458904,8.914065575139475,31.464362312979073,1609.433598690297,nan,nan,nan,nan,nan,nan,nan,nan,nan,180.0,0.024429680310717312,8.53410630042199,2000.0,1.0,0.0,nan,nan,nan,nan,nan,nan,nan,nan,nan,nan,nan,nan,nan,nan,nan,nan,0.0,"[100, 100, 100, 300, 300]","[0.062197667431271586, 0.004040801097266539, 0.05236865204755921, 0.0034555440295389213, 8.573694795030703e-05]","[null, null, null, null, null]","[null, null, null, null, null]","[null, null, null, null, null]","[null, null, null, null, null]",,0.1268967586318643,0.09664202438507398,5.0,1.96
1a,2500,1233005,neural-fore,neural-main-oracle-bellman,-12.571006507969342,-12.52382690770745,-12.586673112426368,0.1271285183952195,-12.77299880376208,-12.27465501165282,1.0,0.015666604457026168,0.06284620471891778,0.731985007257064,0.731985007257064,0.11843855349863867,0.0998935007215245,0.056944324766684234,nan,nan,0.35282654338530506,9.449942366315174,35.02360535714497,1598.1676930526726,nan,nan,nan,nan,nan,nan,nan,nan,nan,140.0,0.01268593278388131,7.892907407972961,2000.0,1.0,0.0,nan,nan,nan,nan,nan,nan,nan,nan,nan,nan,nan,nan,nan,nan,nan,nan,0.0,"[300, 100, 100, 100, 100]","[0.0, 0.007993595198920999, 0.0006404950613765076, 0.018569260901428877, 0.03622631275768016]","[null, null, null, null, null]","[null, null, null, null, null]","[null, null, null, null, null]","[null, null, null, null, null]",,0.1271285183952195,0.20521954671902284,5.0,1.96
1a,2500,1243005,neural-fore,neural-main-oracle-bellman,-12.825364815578597,-12.827742886272832,-12.586673112426368,0.13286138147306886,-13.088151193960046,-12.567334578585617,1.0,-0.2386917031522291,-0.24106977384646378,1.1175149632613184,1.1175149632613184,0.22293410149108772,0.19093719948682047,0.06257646387849643,nan,nan,0.42668299334675774,9.200361686525019,30.759608187383467,1609.0907192141785,nan,nan,nan,nan,nan,nan,nan,nan,nan,100.0,0.025484396126867887,6.839970558241475,2000.0,1.0,0.0,nan,nan,nan,nan,nan,nan,nan,nan,nan,nan,nan,nan,nan,nan,nan,nan,0.0,"[100, 100, 100, 100, 100]","[0.006187025838840281, 0.04356901601416949, 0.05132704654627716, 0.017286920774767452, 0.00905197146028506]","[null, null, null, null, null]","[null, null, null, null, null]","[null, null, null, null, null]","[null, null, null, null, null]",,0.13286138147306886,0.12974790310928094,5.0,1.96
1a,2500,1253005,neural-fore,neural-main-oracle-bellman,-12.525307361744536,-12.480197496764987,-12.586673112426368,0.12414862526040331,-12.723528802275377,-12.236866191254597,1.0,0.0613657506818317,0.10647561566138108,0.7283847329753173,0.7283847329753173,0.11220249661778547,0.08818972973058721,0.038424634072473096,nan,nan,0.2993876454457785,9.48819604288054,30.961107686152662,1615.3453427624747,nan,nan,nan,nan,nan,nan,nan,nan,nan,140.0,0.016357412755502274,8.039896258839871,2000.0,1.0,0.0,nan,nan,nan,nan,nan,nan,nan,nan,nan,nan,nan,nan,nan,nan,nan,nan,0.0,"[100, 100, 300, 100, 100]","[0.03785616781462378, 0.0, 0.0, 0.03300749078180304, 0.010923405181084546]","[null, null, null, null, null]","[null, null, null, null, null]","[null, null, null, null, null]","[null, null, null, null, null]",,0.12414862526040331,0.16223214032642877,5.0,1.96
1a,2500,1263005,neural-fore,neural-main-oracle-bellman,-12.627694654169185,-12.52008667556381,-12.586673112426368,0.12667054728514407,-12.768360948242693,-12.271812402884928,1.0,-0.04102154174281658,0.06658643686255772,0.655070334746626,0.655070334746626,0.12145709370715477,0.11072372329323028,0.026231242241181132,nan,nan,0.300566579731546,9.32434205140526,28.830986965579598,1637.4380898595807,nan,nan,nan,nan,nan,nan,nan,nan,nan,180.0,0.02448833176760739,8.615060241811443,2000.0,1.0,0.0,nan,nan,nan,nan,nan,nan,nan,nan,nan,nan,nan,nan,nan,nan,nan,nan,0.0,"[300, 100, 100, 100, 300]","[0.0, 0.015083969361782969, 0.006315967411449732, 0.10104172206480426, 0.0]","[null, null, null, null, null]","[null, null, null, null, null]","[null, null, null, null, null]","[null, null, null, null, null]",,0.12667054728514407,0.18020647258856773,5.0,1.96
1a,2500,1273005,neural-fore,neural-main-oracle-bellman,-12.76703651196078,-12.642024991210652,-12.586673112426368,0.13176449103146481,-12.900283393632323,-12.383766588788982,1.0,-0.1803633995344125,-0.05535187878428438,1.0633158988173825,1.0633158988173825,0.13365646328361078,0.11827904409757069,0.06106763488413236,nan,nan,0.24334376132308985,9.167783929003303,29.651517852905968,1605.8784125468937,nan,nan,nan,nan,nan,nan,nan,nan,nan,100.0,0.008486854483322462,7.88339810082689,2000.0,1.0,0.0,nan,nan,nan,nan,nan,nan,nan,nan,nan,nan,nan,nan,nan,nan,nan,nan,0.0,"[100, 100, 100, 100, 100]","[0.0025871957830327563, 0.012279880199680994, 0.01979225199213982, 0.007774944441758739, 0.0]","[null, null, null, null, null]","[null, null, null, null, null]","[null, null, null, null, null]","[null, null, null, null, null]",,0.13176449103146481,0.1963070181439613,5.0,1.96
1a,2500,1283005,neural-fore,neural-main-oracle-bellman,-12.869973974762736,-12.964759996809299,-12.586673112426368,0.13976820654950173,-13.238705681646323,-12.690814311972275,0.0,-0.2833008623363682,-0.37808688438293103,1.0209613002848372,1.0209613002848372,0.1343932721280961,0.11882034902705489,0.035922701764555746,nan,nan,0.2901793843917765,8.795623343769822,33.77652850635674,1538.9971547830617,nan,nan,nan,nan,nan,nan,nan,nan,nan,140.0,0.016292617945983683,7.711651582969353,2000.0,1.0,0.0,nan,nan,nan,nan,nan,nan,nan,nan,nan,nan,nan,nan,nan,nan,nan,nan,0.0,"[300, 100, 100, 100, 100]","[0.0026505943423458848, 0.0, 0.006972546972779318, 0.007982878066858675, 0.06385707034793454]","[null, null, null, null, null]","[null, null, null, null, null]","[null, null, null, null, null]","[null, null, null, null, null]",,0.13976820654950173,0.1269973300442713,5.0,1.96
1a,2500,1293005,neural-fore,neural-main-oracle-bellman,-12.435724838787454,-12.307195646745411,-12.586673112426368,0.1146700657664129,-12.53194897564758,-12.082442317843242,0.0,0.15094827363891383,0.2794774656809569,0.9241930562158526,0.9241930562158526,0.13297334886402676,0.11741025610940811,0.04337622505795947,nan,nan,0.36464295279269104,9.425223309798035,29.481901669750588,1692.7005427635038,nan,nan,nan,nan,nan,nan,nan,nan,nan,100.0,0.012831405414071925,6.915112124604638,2000.0,1.0,0.0,nan,nan,nan,nan,nan,nan,nan,nan,nan,nan,nan,nan,nan,nan,nan,nan,0.0,"[100, 100, 100, 100, 100]","[0.012241767150652411, 0.011791373976835435, 0.03071992355517081, 0.00019924542592918208, 0.00920471696177179]","[null, null, null, null, null]","[null, null, null, null, null]","[null, null, null, null, null]","[null, null, null, null, null]",,0.1146700657664129,0.14226289958229316,5.0,1.96
1a,2500,1303005,neural-fore,neural-main-oracle-bellman,-12.72686487950435,-12.562106385519064,-12.586673112426368,0.12635207387393024,-12.809756450311967,-12.31445632072616,1.0,-0.1401917670779813,0.024566726907304215,1.1354514655405472,1.1354514655405472,0.15170431388342617,0.14536782730499592,0.06840502001507594,nan,nan,0.25562380746131713,9.180833487119388,28.892631309478443,1644.7617769965566,nan,nan,nan,nan,nan,nan,nan,nan,nan,180.0,0.004771958835698904,8.312273383606225,2000.0,1.0000000000000002,0.0,nan,nan,nan,nan,nan,nan,nan,nan,nan,nan,nan,nan,nan,nan,nan,nan,0.0,"[100, 100, 300, 100, 300]","[0.00730204322702308, 0.009994889595669135, 0.0, 0.005890585159585425, 0.0006722761962168817]","[null, null, null, null, null]","[null, null, null, null, null]","[null, null, null, null, null]","[null, null, null, null, null]",,0.12635207387393024,0.20243984009901447,5.0,1.96
1a,2500,1313005,neural-fore,neural-main-oracle-bellman,-12.882936701723171,-12.818513878743708,-12.586673112426368,0.13389281701063144,-13.080943800084546,-12.55608395740287,1.0,-0.2962635892968031,-0.2318407663173403,1.1435416423348868,1.1435416423348868,0.16298590029442922,0.15168812525842082,0.042015887975771896,nan,nan,0.26964289903690297,9.029036733880703,31.41023228306309,1603.9671167426789,nan,nan,nan,nan,nan,nan,nan,nan,nan,140.0,0.018113772281064096,7.175559466972482,2000.0,1.0,0.0,nan,nan,nan,nan,nan,nan,nan,nan,nan,nan,nan,nan,nan,nan,nan,nan,0.0,"[100, 100, 100, 300, 100]","[0.004922198502942414, 0.018766938602498465, 0.003729573646782657, 0.0006173063831304633, 0.06253284426996647]","[null, null, null, null, null]","[null, null, null, null, null]","[null, null, null, null, null]","[null, null, null, null, null]",,0.13389281701063144,0.05719115985886605,5.0,1.96
1a,2500,1323005,neural-fore,neural-main-oracle-bellman,-12.7226729157784,-12.634882401091449,-12.586673112426368,0.1252083821911069,-12.880290830186018,-12.38947397199688,1.0,-0.135999803352032,-0.04820928866508112,0.8475368876916246,0.8475368876916246,0.11412048188951773,0.10429631726033368,0.04438592028088463,nan,nan,0.4536553756845742,9.206611882398988,29.475333139115413,1666.2239965959477,nan,nan,nan,nan,nan,nan,nan,nan,nan,100.0,0.011207556325217135,6.8978973748045975,2000.0,1.0,0.0,nan,nan,nan,nan,nan,nan,nan,nan,nan,nan,nan,nan,nan,nan,nan,nan,0.0,"[100, 100, 100, 100, 100]","[0.011637567518290823, 0.02716118003215455, 0.009538606088127205, 0.004037997785701804, 0.003662430201811301]","[null, null, null, null, null]","[null, null, null, null, null]","[null, null, null, null, null]","[null, null, null, null, null]",,0.1252083821911069,0.10354563803313477,5.0,1.96
1a,2500,1333005,neural-fore,neural-main-oracle-bellman,-12.587133585252339,-12.593740818618222,-12.586673112426368,0.12948982822017435,-12.847540881929763,-12.339940755306682,1.0,-0.0004604728259707258,-0.007067706191854484,0.6080733049150272,0.6080733049150272,0.10283168261725888,0.08510025678081683,0.03693001826450487,nan,nan,0.2817308399928261,9.060757513531524,30.879652245137812,1584.7503908379092,nan,nan,nan,nan,nan,nan,nan,nan,nan,140.0,0.010323007546691772,7.943725433188956,2000.0,0.9999999999999998,0.0,nan,nan,nan,nan,nan,nan,nan,nan,nan,nan,nan,nan,nan,nan,nan,nan,0.0,"[100, 100, 100, 300, 100]","[0.0, 0.042826189827356746, 0.005874224616524861, 0.0006708179393478649, 0.0022438053502293787]","[null, null, null, null, null]","[null, null, null, null, null]","[null, null, null, null, null]","[null, null, null, null, null]",,0.12948982822017435,0.17441476274604975,5.0,1.96
1a,2500,1343005,neural-fore,neural-main-oracle-bellman,-12.558910777783172,-12.452499072830566,-12.586673112426368,0.12365063202215403,-12.694854311593987,-12.210143834067145,1.0,0.027762334643195885,0.13417403959580199,1.1353886090747394,1.1353886090747394,0.1459244735092166,0.13271371287538647,0.04370653898375375,nan,nan,0.35939591416265965,9.144799425048678,28.26471131667655,1652.8736262508423,nan,nan,nan,nan,nan,nan,nan,nan,nan,140.0,0.008199438081502508,8.088255283236503,2000.0,1.0,0.0,nan,nan,nan,nan,nan,nan,nan,nan,nan,nan,nan,nan,nan,nan,nan,nan,0.0,"[300, 100, 100, 100, 100]","[0.0, 0.026668105179952776, 0.00528937085153354, 0.004737146753120384, 0.004302567622905849]","[null, null, null, null, null]","[null, null, null, null, null]","[null, null, null, null, null]","[null, null, null, null, null]",,0.12365063202215403,0.15496988622249466,5.0,1.96
1a,2500,1353005,neural-fore,neural-main-oracle-bellman,-12.572158537650056,-12.443660239219426,-12.586673112426368,0.12296333995501803,-12.68466838553126,-12.202652092907591,1.0,0.014514574776312017,0.143012873206942,1.0705766519380124,1.0705766519380124,0.17727015839645172,0.14682366029645968,0.03640391398358566,nan,nan,0.3338889580081958,9.427710538097001,29.426547729910993,1657.22654864212,nan,nan,nan,nan,nan,nan,nan,nan,nan,180.0,0.023956691403361468,8.579314241791144,2000.0,1.0,0.0,nan,nan,nan,nan,nan,nan,nan,nan,nan,nan,nan,nan,nan,nan,nan,nan,0.0,"[300, 300, 100, 100, 100]","[0.0, 0.006255802251420501, 0.08891723062251677, 0.023795732806468115, 0.0008146913364019501]","[null, null, null, null, null]","[null, null, null, null, null]","[null, null, null, null, null]","[null, null, null, null, null]",,0.12296333995501803,0.07927022685261569,5.0,1.96
1a,2500,1363005,neural-fore,neural-main-oracle-bellman,-12.606838890222647,-12.67838445191945,-12.586673112426368,0.12747697345583822,-12.928239319892894,-12.428529583946007,1.0,-0.02016577779627937,-0.09171133949308263,0.9226352406475635,0.9226352406475635,0.16859432442929043,0.15568500582506342,0.049386458387691186,nan,nan,0.2677051958474473,9.334030572530924,31.23440308186858,1626.1340376670341,nan,nan,nan,nan,nan,nan,nan,nan,nan,100.0,0.018317940058444053,7.075860875169747,2000.0,1.0,0.0,nan,nan,nan,nan,nan,nan,nan,nan,nan,nan,nan,nan,nan,nan,nan,nan,0.0,"[100, 100, 100, 100, 100]","[0.0055779977217024325, 0.004207211672448912, 0.012144731737867787, 0.00884531289657292, 0.06081444626362822]","[null, null, null, null, null]","[null, null, null, null, null]","[null, null, null, null, null]","[null, null, null, null, null]",,0.12747697345583822,0.10776477887843808,5.0,1.96
1a,2500,1373005,neural-fore,neural-main-oracle-bellman,-12.6242491393245,-12.543419100063964,-12.586673112426368,0.1262355711069012,-12.790840819433491,-12.295997380694438,1.0,-0.03757602689813133,0.04325401236240367,0.9044288736433256,0.9044288736433256,0.11824467955416477,0.10353454466064446,0.04679406134235538,nan,nan,0.28684986991152045,9.244285990077243,29.8153935008794,1620.1456512750015,nan,nan,nan,nan,nan,nan,nan,nan,nan,180.0,0.014439598717378275,8.003040157980285,2000.0,1.0,0.0,nan,nan,nan,nan,nan,nan,nan,nan,nan,nan,nan,nan,nan,nan,nan,nan,0.0,"[100, 300, 100, 100, 300]","[0.011773656092373859, 0.004356389207348497, 0.03326764255111698, 0.020530342166262802, 0.002269963569789225]","[null, null, null, null, null]","[null, null, null, null, null]","[null, null, null, null, null]","[null, null, null, null, null]",,0.1262355711069012,0.14480032454021174,5.0,1.96
1a,2500,1383005,neural-fore,neural-main-oracle-bellman,-12.680710452582717,-12.679530378064761,-12.586673112426368,0.13489737740436533,-12.943929237777317,-12.415131518352206,1.0,-0.09403734015634946,-0.09285726563839347,1.0872526240894302,1.0872526240894302,0.15934097573660866,0.13754738587484244,0.04968621579765727,nan,nan,0.24795325627025228,9.009670082221714,35.11415220812624,1565.159055745986,nan,nan,nan,nan,nan,nan,nan,nan,nan,100.0,0.02762716555586761,7.306165749009233,2000.0,1.0,0.0,nan,nan,nan,nan,nan,nan,nan,nan,nan,nan,nan,nan,nan,nan,nan,nan,0.0,"[100, 100, 100, 100, 100]","[0.04467512156341703, 0.004997890276489927, 0.037816009614401985, 0.04395332712636729, 0.006693479198661822]","[null, null, null, null, null]","[null, null, null, null, null]","[null, null, null, null, null]","[null, null, null, null, null]",,0.13489737740436533,0.16131774205841948,5.0,1.96
1a,2500,1393005,neural-fore,neural-main-oracle-bellman,-12.62323126751499,-12.527267117469286,-12.586673112426368,0.12133262753718613,-12.765079067442171,-12.289455167496401,1.0,-0.03655815508862226,0.05940599495708199,0.8168349733123101,0.8168349733123101,0.11397473963415658,0.09897639919898496,0.03378571495432249,nan,nan,0.308552754925913,9.362209003250262,26.221755402649666,1692.143306646033,nan,nan,nan,nan,nan,nan,nan,nan,nan,140.0,0.0061088175750686705,8.090857150394005,2000.0,1.0,0.0,nan,nan,nan,nan,nan,nan,nan,nan,nan,nan,nan,nan,nan,nan,nan,nan,0.0,"[100, 100, 100, 300, 100]","[0.008973609958369265, 0.005165462162794863, 0.011400154237470358, 0.0, 0.005004861516708868]","[null, null, null, null, null]","[null, null, null, null, null]","[null, null, null, null, null]","[null, null, null, null, null]",,0.12133262753718613,0.1262893925451842,5.0,1.96
1a,2500,1403005,neural-fore,neural-main-oracle-bellman,-12.503626078137437,-12.447188746738238,-12.586673112426368,0.11922728952486365,-12.680874234206971,-12.213503259269505,1.0,0.08304703428893134,0.13948436568812994,1.234422963798974,1.234422963798974,0.13931486749279082,0.12357145444258297,0.046038185076756354,nan,nan,0.26064987396963435,9.670195036635205,27.76543841539175,1692.160890797456,nan,nan,nan,nan,nan,nan,nan,nan,nan,180.0,0.009187736167085622,8.590354458207731,2000.0,1.0,0.0,nan,nan,nan,nan,nan,nan,nan,nan,nan,nan,nan,nan,nan,nan,nan,nan,0.0,"[100, 300, 100, 300, 100]","[0.0047339338823051014, 0.0, 0.03205915255578677, 0.0, 0.009145594397336235]","[null, null, null, null, null]","[null, null, null, null, null]","[null, null, null, null, null]","[null, null, null, null, null]",,0.11922728952486365,0.12020786604586137,5.0,1.96
1a,2500,1413005,neural-fore,neural-main-oracle-bellman,-12.797402279794929,-12.844580110802871,-12.586673112426368,0.13248405771700283,-13.104248863928197,-12.584911357677546,1.0,-0.2107291673685605,-0.25790699837650344,0.7974597395284636,0.7974597395284636,0.1169998636839249,0.10600069800746251,0.038628962884318475,nan,nan,0.38563402577795725,9.073288860940071,30.994486371142827,1618.2480861112886,nan,nan,nan,nan,nan,nan,nan,nan,nan,100.0,0.017476560978169232,7.418785191245843,2000.0,1.0,0.0,nan,nan,nan,nan,nan,nan,nan,nan,nan,nan,nan,nan,nan,nan,nan,nan,0.0,"[100, 100, 100, 100, 100]","[0.0006337720671243515, 0.0378984723654679, 0.0, 0.03705420994678463, 0.011796350511469274]","[null, null, null, null, null]","[null, null, null, null, null]","[null, null, null, null, null]","[null, null, null, null, null]",,0.13248405771700283,0.1911500720077678,5.0,1.96
1a,2500,1423005,neural-fore,neural-main-oracle-bellman,-12.481169064305066,-12.41701069222886,-12.586673112426368,0.12066202563806741,-12.653508262479473,-12.180513121978247,1.0,0.10550404812130232,0.16966242019750766,1.0082268245003791,1.0082268245003791,0.13264313441039088,0.11151673697609074,0.04371483956875649,nan,nan,0.32825646056484464,9.43585136374864,30.82167071190435,1650.3066002319738,nan,nan,nan,nan,nan,nan,nan,nan,nan,220.0,0.0065912021193679695,9.122343033808283,2000.0,1.0,0.0,nan,nan,nan,nan,nan,nan,nan,nan,nan,nan,nan,nan,nan,nan,nan,nan,0.0,"[300, 100, 300, 300, 100]","[0.012196515850292428, 0.004919458575058909, 0.005616616004038058, 0.0, 0.010223420167450457]","[null, null, null, null, null]","[null, null, null, null, null]","[null, null, null, null, null]","[null, null, null, null, null]",,0.12066202563806741,0.18348771905647304,5.0,1.96
1a,2500,1433005,neural-fore,neural-main-oracle-bellman,-12.770132982441314,-12.652839980101254,-12.586673112426368,0.1325147510361022,-12.912568892132015,-12.393111068070493,1.0,-0.18345987001494635,-0.06616686767488567,0.7115770856893385,0.7115770856893385,0.13836724681024606,0.11864446273684678,0.03934620985671364,nan,nan,0.362126951009883,9.335798494487236,31.588673425298783,1618.3825403879925,nan,nan,nan,nan,nan,nan,nan,nan,nan,140.0,0.022916665313331506,8.144265383225866,2000.0,1.0,0.0,nan,nan,nan,nan,nan,nan,nan,nan,nan,nan,nan,nan,nan,nan,nan,nan,0.0,"[100, 300, 100, 100, 100]","[0.005676904521345614, 0.006983936465184255, 0.01383528320302319, 0.06776994585063623, 0.020317256526468236]","[null, null, null, null, null]","[null, null, null, null, null]","[null, null, null, null, null]","[null, null, null, null, null]",,0.1325147510361022,0.11653236339824695,5.0,1.96
1a,2500,1443005,neural-fore,neural-main-oracle-bellman,-12.75137415880193,-12.836611793573603,-12.586673112426368,0.13166020089755168,-13.094665787332804,-12.578557799814401,1.0,-0.16470104637556204,-0.24993868114723483,1.0512679171452937,1.0512679171452937,0.15516091432513662,0.14379997704913897,0.04758567310793113,nan,nan,0.31891978753348044,9.033606954443988,33.66080003200377,1578.1429930426202,nan,nan,nan,nan,nan,nan,nan,nan,nan,100.0,0.01561626789950774,7.201234866993036,2000.0,1.0,0.0,nan,nan,nan,nan,nan,nan,nan,nan,nan,nan,nan,nan,nan,nan,nan,nan,0.0,"[100, 100, 100, 100, 100]","[0.00972520032486118, 0.0, 0.05152484965475324, 0.011930248045799542, 0.004901041472124752]","[null, null, null, null, null]","[null, null, null, null, null]","[null, null, null, null, null]","[null, null, null, null, null]",,0.13166020089755168,0.17407259842541326,5.0,1.96
1a,2500,1453005,neural-fore,neural-main-oracle-bellman,-12.713779206299117,-12.706032649452789,-12.586673112426368,0.13498905499455083,-12.970611197242109,-12.441454101663469,1.0,-0.12710609387274907,-0.11935953702642088,1.21735383487882,1.21735383487882,0.14388495463112264,0.14059057536291011,0.04594619200499132,nan,nan,0.47516859104338693,9.16152403592437,34.28210805459858,1563.7230455431795,nan,nan,nan,nan,nan,nan,nan,nan,nan,100.0,0.01332542412334875,7.328808041987941,2000.0,1.0,0.0,nan,nan,nan,nan,nan,nan,nan,nan,nan,nan,nan,nan,nan,nan,nan,nan,0.0,"[100, 100, 100, 100, 100]","[0.007716585487875367, 0.019767738165779425, 0.010667545182527752, 0.028475251780561206, 0.0]","[null, null, null, null, null]","[null, null, null, null, null]","[null, null, null, null, null]","[null, null, null, null, null]",,0.13498905499455083,0.08378061779165291,5.0,1.96
1a,2500,1463005,neural-fore,neural-main-oracle-bellman,-12.60604852892361,-12.554645010276099,-12.586673112426368,0.12679191568299855,-12.803157165014776,-12.306132855537422,1.0,-0.01937541649724217,0.03202810215026908,0.6982476641140545,0.6982476641140545,0.11451697324462866,0.10040159382388832,0.03915721413174691,nan,nan,0.3937909074005816,9.189574672629814,31.30203368258957,1643.8565941669403,nan,nan,nan,nan,nan,nan,nan,nan,nan,140.0,0.01008110105215921,7.6124776329961605,2000.0,1.0,0.0,nan,nan,nan,nan,nan,nan,nan,nan,nan,nan,nan,nan,nan,nan,nan,nan,0.0,"[100, 100, 300, 100, 100]","[0.00976922328008295, 0.0036327216619396014, 0.0, 0.032663936776630355, 0.004339623542143142]","[null, null, null, null, null]","[null, null, null, null, null]","[null, null, null, null, null]","[null, null, null, null, null]",,0.12679191568299855,0.10185123719344627,5.0,1.96
1a,2500,1473005,neural-fore,neural-main-oracle-bellman,-12.620803098217285,-12.639795721638107,-12.586673112426368,0.12596663907537523,-12.886690334225843,-12.39290110905037,1.0,-0.034129985790917416,-0.05312260921173895,0.7175455613842247,0.7175455613842247,0.11472430480845612,0.10462321118175766,0.03737098441890555,nan,nan,0.3033356285629787,9.278724517914242,29.375655152260027,1644.8709133908108,nan,nan,nan,nan,nan,nan,nan,nan,nan,100.0,0.02446240058783173,7.358147966628894,2000.0,1.0,0.0,nan,nan,nan,nan,nan,nan,nan,nan,nan,nan,nan,nan,nan,nan,nan,nan,0.0,"[100, 100, 100, 100, 100]","[0.06935236973428482, 0.024204315119716692, 0.007312745906340362, 0.005362997535379133, 0.016079574643437643]","[null, null, null, null, null]","[null, null, null, null, null]","[null, null, null, null, null]","[null, null, null, null, null]",,0.12596663907537523,0.171261955385703,5.0,1.96
1a,2500,1483005,neural-fore,neural-main-oracle-bellman,-12.52711068482896,-12.40567606675685,-12.586673112426368,0.11814880735984212,-12.63724772918214,-12.17410440433156,1.0,0.05956242759740782,0.18099704566951758,0.6483547626910345,0.6483547626910345,0.11861059809782545,0.10948100917661119,0.05042513903986972,nan,nan,0.4946801719085394,9.301549383295374,26.823660217895956,1703.4439315927784,nan,nan,nan,nan,nan,nan,nan,nan,nan,100.0,0.008019240036701713,7.074289916607086,2000.0,1.0,0.0,nan,nan,nan,nan,nan,nan,nan,nan,nan,nan,nan,nan,nan,nan,nan,nan,0.0,"[100, 100, 100, 100, 100]","[0.0, 0.0022590354157175693, 0.006438574260976168, 0.00429135545709132, 0.027107235049723514]","[null, null, null, null, null]","[null, null, null, null, null]","[null, null, null, null, null]","[null, null, null, null, null]",,0.11814880735984212,0.07952014659550255,5.0,1.96
1a,2500,1493005,neural-fore,neural-main-oracle-bellman,-12.687998953698614,-12.561276035474869,-12.586673112426368,0.12328054692426953,-12.802905907446437,-12.3196461635033,1.0,-0.10132584127224575,0.025397076951499287,0.8646052978348852,0.8646052978348852,0.12509522415780225,0.10500527255533532,0.028626748381565717,nan,nan,0.2907485244606623,9.709687092786455,29.122666763146714,1633.5133306065907,nan,nan,nan,nan,nan,nan,nan,nan,nan,140.0,0.006035239963969111,7.731309924996458,2000.0,1.0,0.0,nan,nan,nan,nan,nan,nan,nan,nan,nan,nan,nan,nan,nan,nan,nan,nan,0.0,"[100, 100, 100, 100, 300]","[0.015590727655930618, 0.008394478580727397, 0.006190993583187537, 0.0, 0.0]","[null, null, null, null, null]","[null, null, null, null, null]","[null, null, null, null, null]","[null, null, null, null, null]",,0.12328054692426953,0.07396564587892725,5.0,1.96
1a,2500,1503005,neural-fore,neural-main-oracle-bellman,-12.79515641484674,-12.772108776478001,-12.586673112426368,0.13878028339113277,-13.044118131924622,-12.500099421031381,1.0,-0.2084833024203725,-0.18543566405163325,0.7957654605933095,0.7957654605933095,0.17597499778659276,0.14906118517205857,0.055618655033851515,nan,nan,0.22265707430269913,8.76132661782005,34.36436147882687,1527.090760998543,nan,nan,nan,nan,nan,nan,nan,nan,nan,140.0,0.016163122659380656,7.905776158394292,2000.0,1.0,0.0,nan,nan,nan,nan,nan,nan,nan,nan,nan,nan,nan,nan,nan,nan,nan,nan,0.0,"[100, 300, 100, 100, 100]","[0.04049103242763332, 0.0, 0.011466870530837836, 0.0061572213384921155, 0.02270048899994]","[null, null, null, null, null]","[null, null, null, null, null]","[null, null, null, null, null]","[null, null, null, null, null]",,0.13878028339113277,0.18626031674836285,5.0,1.96
1a,2500,1513005,neural-fore,neural-main-oracle-bellman,-12.573895396676983,-12.474195550472642,-12.586673112426368,0.11873117493770362,-12.70690865335054,-12.241482447594743,1.0,0.01277771574938491,0.11247756195372638,0.8362624699487791,0.8362624699487791,0.12806534445181536,0.10008603855467427,0.04058317291180139,nan,nan,0.31209334940337163,9.466485264143977,28.58460956548665,1685.9929161251994,nan,nan,nan,nan,nan,nan,nan,nan,nan,100.0,0.029584533377142876,7.221105249994435,2000.0,1.0,0.0,nan,nan,nan,nan,nan,nan,nan,nan,nan,nan,nan,nan,nan,nan,nan,nan,0.0,"[100, 100, 100, 100, 100]","[0.07427608627568773, 0.026413725273577916, 0.007095999019830043, 0.029514702491620082, 0.010622153824998594]","[null, null, null, null, null]","[null, null, null, null, null]","[null, null, null, null, null]","[null, null, null, null, null]",,0.11873117493770362,0.13774217415321025,5.0,1.96
1a,2500,1523005,neural-fore,neural-main-oracle-bellman,-12.629499733014768,-12.675820327273916,-12.586673112426368,0.1329012451393844,-12.93630676774711,-12.415333886800722,1.0,-0.04282662058840003,-0.08914721484754828,0.6061316290883637,0.6061316290883637,0.12415921797269273,0.106487032344772,0.029327413595736433,nan,nan,0.3296755052515684,9.067829905635318,34.50530672436365,1573.8494215157573,nan,nan,nan,nan,nan,nan,nan,nan,nan,140.0,0.013349537575825984,8.475205433380324,2000.0,1.0,0.0,nan,nan,nan,nan,nan,nan,nan,nan,nan,nan,nan,nan,nan,nan,nan,nan,0.0,"[300, 100, 100, 100, 100]","[0.011064532472109253, 0.008712923202589842, 0.03778708430036117, 0.0044287653598128005, 0.004754382544256856]","[null, null, null, null, null]","[null, null, null, null, null]","[null, null, null, null, null]","[null, null, null, null, null]",,0.1329012451393844,0.04641109039276132,5.0,1.96
1a,2500,1533005,neural-fore,neural-main-oracle-bellman,-12.518963879883112,-12.423360750431058,-12.586673112426368,0.12419464000486263,-12.66678224484059,-12.179939256021527,1.0,0.06770923254325645,0.16331236199530963,0.7641456273013423,0.7641456273013423,0.1199064942257548,0.10390416321078111,0.05888159409838632,nan,nan,0.4736078336286535,9.240132161079478,30.434265338781763,1654.8478366209104,nan,nan,nan,nan,nan,nan,nan,nan,nan,100.0,0.018477034412916017,6.702871508407407,2000.0,1.0,0.0,nan,nan,nan,nan,nan,nan,nan,nan,nan,nan,nan,nan,nan,nan,nan,nan,0.0,"[100, 100, 100, 100, 100]","[0.002256040311366155, 0.044014732842892285, 0.00460234471643982, 0.00556247771416348, 0.03594957647971833]","[null, null, null, null, null]","[null, null, null, null, null]","[null, null, null, null, null]","[null, null, null, null, null]",,0.12419464000486263,0.08349954573774075,5.0,1.96
1a,2500,1543005,neural-fore,neural-main-oracle-bellman,-12.986137845376705,-12.87399191810833,-12.586673112426368,0.13768793661618298,-13.143860273876049,-12.604123562340613,0.0,-0.3994647329503369,-0.2873188056819629,0.9598505302213015,0.9598505302213015,0.16519353129401024,0.14171577827117998,0.06091462219862666,nan,nan,0.31728822581609634,9.03749173483585,31.95907696632165,1569.0913052563205,nan,nan,nan,nan,nan,nan,nan,nan,nan,100.0,0.02565403638364113,7.02483572504716,2000.0,1.0,0.0,nan,nan,nan,nan,nan,nan,nan,nan,nan,nan,nan,nan,nan,nan,nan,nan,0.0,"[100, 100, 100, 100, 100]","[0.02949810281859955, 0.046355153867972315, 0.006215404575041142, 0.009023873288303801, 0.037177647368288866]","[null, null, null, null, null]","[null, null, null, null, null]","[null, null, null, null, null]","[null, null, null, null, null]",,0.13768793661618298,0.11669173754969325,5.0,1.96
1a,2500,1553005,neural-fore,neural-main-oracle-bellman,-12.528018920567916,-12.416672284501809,-12.586673112426368,0.11680428518500373,-12.645608683464417,-12.187735885539201,1.0,0.058654191858451554,0.17000082792455906,0.5235268138871539,0.5235268138871539,0.1064345603191468,0.08851970676272364,0.036635510612143235,nan,nan,0.44222804013801675,9.71425692148542,26.729958004906138,1728.3437018271943,nan,nan,nan,nan,nan,nan,nan,nan,nan,100.0,0.014621218732580332,7.2955323330126705,2000.0,1.0,0.0,nan,nan,nan,nan,nan,nan,nan,nan,nan,nan,nan,nan,nan,nan,nan,nan,0.0,"[100, 100, 100, 100, 100]","[0.002645053621729406, 0.014949645643537275, 0.027149453827296808, 0.024154920826700597, 0.004207019743637568]","[null, null, null, null, null]","[null, null, null, null, null]","[null, null, null, null, null]","[null, null, null, null, null]",,0.11680428518500373,0.10671804102089077,5.0,1.96
1a,2500,1563005,neural-fore,neural-main-oracle-bellman,-12.6533284469565,-12.565628701252235,-12.586673112426368,0.1302250567339734,-12.820869812450823,-12.310387590053647,1.0,-0.06665533453013239,0.021044411174132804,0.6813799607553824,0.6813799607553824,0.09921003481955559,0.08885480375583121,0.04936272583668784,nan,nan,0.39318012412238706,9.323625412462942,32.14519874798461,1594.746431229705,nan,nan,nan,nan,nan,nan,nan,nan,nan,140.0,0.020332499054454795,7.619831983197946,2000.0,1.0,0.0,nan,nan,nan,nan,nan,nan,nan,nan,nan,nan,nan,nan,nan,nan,nan,nan,0.0,"[100, 300, 100, 100, 100]","[0.013561112933828348, 0.006680151274418298, 0.013219263475826465, 0.018190582809109783, 0.050011384779091075]","[null, null, null, null, null]","[null, null, null, null, null]","[null, null, null, null, null]","[null, null, null, null, null]",,0.1302250567339734,0.07914861032520684,5.0,1.96
1a,2500,1573005,neural-fore,neural-main-oracle-bellman,-12.635308841174462,-12.49234210030285,-12.586673112426368,0.1207023478255829,-12.728918702040993,-12.255765498564706,1.0,-0.048635728748093854,0.09433101212351858,0.7447429161257911,0.7447429161257911,0.1518978838107205,0.15075001256625434,0.041781797265156934,nan,nan,0.36389782126217884,9.652922434568291,29.55213184014098,1675.8788919683402,nan,nan,nan,nan,nan,nan,nan,nan,nan,180.0,0.010429590932832649,8.195623024972155,2000.0,1.0,0.0,nan,nan,nan,nan,nan,nan,nan,nan,nan,nan,nan,nan,nan,nan,nan,nan,0.0,"[300, 100, 300, 100, 100]","[0.0065085691400306655, 0.014527973743735332, 0.001905387395090297, 0.016610149677879136, 0.012595874707427812]","[null, null, null, null, null]","[null, null, null, null, null]","[null, null, null, null, null]","[null, null, null, null, null]",,0.1207023478255829,0.09486805563065658,5.0,1.96
1a,2500,1583005,neural-fore,neural-main-oracle-bellman,-12.688256406813819,-12.70627905214409,-12.586673112426368,0.12716925817695837,-12.955530798170928,-12.457027306117253,1.0,-0.10158329438745106,-0.11960593971772226,0.7836286098383602,0.7836286098383602,0.10718676453432145,0.08850956447429487,0.03278399263766129,nan,nan,0.36050782580102847,9.293552226992608,29.336412735401282,1646.5927181598117,nan,nan,nan,nan,nan,nan,nan,nan,nan,100.0,0.028300902769581648,6.984879492176697,2000.0,1.0,0.0,nan,nan,nan,nan,nan,nan,nan,nan,nan,nan,nan,nan,nan,nan,nan,nan,0.0,"[100, 100, 100, 100, 100]","[0.013322723779526511, 0.0161667167284529, 0.026677897494050043, 0.0674110943385148, 0.017926081507363967]","[null, null, null, null, null]","[null, null, null, null, null]","[null, null, null, null, null]","[null, null, null, null, null]",,0.12716925817695837,0.09320366380133407,5.0,1.96
1a,2500,1593005,neural-fore,neural-main-oracle-bellman,-12.701914642085542,-12.691539374746414,-12.586673112426368,0.13041670537033215,-12.947156117272264,-12.435922632220564,1.0,-0.11524152965917445,-0.10486626232004603,1.237502582503906,1.237502582503906,0.1579901237296864,0.12641147708253953,0.043790614323261076,nan,nan,0.3941412035853669,9.11692830663377,34.348221071226675,1603.5860367578234,nan,nan,nan,nan,nan,nan,nan,nan,nan,140.0,0.018968398370695045,8.131076066789683,2000.0,1.0,0.0,nan,nan,nan,nan,nan,nan,nan,nan,nan,nan,nan,nan,nan,nan,nan,nan,0.0,"[300, 100, 100, 100, 100]","[0.005388689516887696, 0.06488717081476178, 0.004888496266783485, 0.011057116942167555, 0.008620518312874694]","[null, null, null, null, null]","[null, null, null, null, null]","[null, null, null, null, null]","[null, null, null, null, null]",,0.13041670537033215,0.10749168795943906,5.0,1.96
1a,2500,1603005,neural-fore,neural-main-oracle-bellman,-12.6690709743286,-12.581748936356078,-12.586673112426368,0.13010867784302252,-12.836761944928401,-12.326735927783755,1.0,-0.08239786190223164,0.004924176070289832,1.0031500040478174,1.0031500040478174,0.1469112690461804,0.1312901543980204,0.03350678643988753,nan,nan,0.2884235697886527,9.171446895926678,34.26917064532003,1578.387971496256,nan,nan,nan,nan,nan,nan,nan,nan,nan,180.0,0.009681682891689332,8.494320958445314,2000.0,1.0,0.0,nan,nan,nan,nan,nan,nan,nan,nan,nan,nan,nan,nan,nan,nan,nan,nan,0.0,"[300, 100, 100, 100, 300]","[0.002014510244641794, 0.003713457029356392, 0.02748841943097785, 0.015192027753470623, 0.0]","[null, null, null, null, null]","[null, null, null, null, null]","[null, null, null, null, null]","[null, null, null, null, null]",,0.13010867784302252,0.14595936898314832,5.0,1.96
1a,2500,1613005,neural-fore,neural-main-oracle-bellman,-12.8082510673405,-12.735332556909043,-12.586673112426368,0.13134876732838108,-12.99277614087267,-12.477888972945417,1.0,-0.22157795491413168,-0.14865944448267499,0.9987117368796199,0.9987117368796199,0.1489755312335357,0.1391681813553507,0.04931548249370879,nan,nan,0.32607335576508156,9.070015992871166,30.909930252992634,1625.8815904364521,nan,nan,nan,nan,nan,nan,nan,nan,nan,100.0,0.019301102535977815,7.2311842745984904,2000.0,1.0,0.0,nan,nan,nan,nan,nan,nan,nan,nan,nan,nan,nan,nan,nan,nan,nan,nan,0.0,"[100, 100, 100, 100, 100]","[0.0, 0.014572890442352852, 0.033218842253031775, 0.014315317068420206, 0.034398462916084234]","[null, null, null, null, null]","[null, null, null, null, null]","[null, null, null, null, null]","[null, null, null, null, null]",,0.13134876732838108,0.10349573543414359,5.0,1.96
1a,2500,1623005,neural-fore,neural-main-oracle-bellman,-12.574361948867606,-12.596219806496094,-12.586673112426368,0.1310404166265837,-12.853059023084198,-12.339380589907991,1.0,0.012311163558761606,-0.009546694069726414,0.79867412673229,0.79867412673229,0.12270483315934881,0.10929762254905132,0.09489924132045259,nan,nan,0.39175379429169854,9.013767077263498,33.13967054144624,1585.2379942323478,nan,nan,nan,nan,nan,nan,nan,nan,nan,140.0,0.006376231497406505,7.245195866585709,2000.0,1.0,0.0,nan,nan,nan,nan,nan,nan,nan,nan,nan,nan,nan,nan,nan,nan,nan,nan,0.0,"[100, 100, 100, 100, 300]","[0.02125413244755707, 0.005058163790470163, 0.0005106319102844783, 0.0024542894628910984, 0.0026039398758297204]","[null, null, null, null, null]","[null, null, null, null, null]","[null, null, null, null, null]","[null, null, null, null, null]",,0.1310404166265837,0.146957655216043,5.0,1.96
1a,2500,1633005,neural-fore,neural-main-oracle-bellman,-12.848281942533637,-12.824776087439988,-12.586673112426368,0.14077685223053776,-13.100698717811841,-12.548853457068134,1.0,-0.261608830107269,-0.23810297501361966,0.8901593592746799,0.8901593592746799,0.14241420019047582,0.12049939560821701,0.029950569220793713,nan,nan,0.2395293463674848,8.973705865623108,34.782778227927274,1525.2975815455793,nan,nan,nan,nan,nan,nan,nan,nan,nan,180.0,0.0022378001456168613,7.622585824609269,2000.0,1.0,0.0,nan,nan,nan,nan,nan,nan,nan,nan,nan,nan,nan,nan,nan,nan,nan,nan,0.0,"[300, 100, 100, 300, 100]","[0.0018695444709445723, 0.0014775950365041432, 0.0021688092631536467, 0.0, 0.005673051957481943]","[null, null, null, null, null]","[null, null, null, null, null]","[null, null, null, null, null]","[null, null, null, null, null]",,0.14077685223053776,0.11474881146453406,5.0,1.96
1a,2500,1643005,neural-fore,neural-main-oracle-bellman,-12.488025905704802,-12.487226278217744,-12.586673112426368,0.12144912861874664,-12.725266570310486,-12.249185986125001,1.0,0.0986472067215658,0.09944683420862432,1.0605256468236999,1.0605256468236999,0.15168354474486231,0.1341602627366503,0.04015220593742458,nan,nan,0.4403345324042933,9.203455472181163,29.886997572992723,1655.415670324974,nan,nan,nan,nan,nan,nan,nan,nan,nan,140.0,0.011543758103564353,8.637122508022003,2000.0,1.0,0.0,nan,nan,nan,nan,nan,nan,nan,nan,nan,nan,nan,nan,nan,nan,nan,nan,0.0,"[300, 100, 100, 100, 100]","[0.0029972239364598895, 0.013306604537690968, 0.006699387835890711, 0.004896363946376204, 0.029819210261403994]","[null, null, null, null, null]","[null, null, null, null, null]","[null, null, null, null, null]","[null, null, null, null, null]",,0.12144912861874664,0.16726776884259392,5.0,1.96
1a,2500,1653005,neural-fore,neural-main-oracle-bellman,-12.719755715616492,-12.609870310838406,-12.586673112426368,0.12887121912599525,-12.862457900325357,-12.357282721351456,1.0,-0.13308260319012355,-0.02319719841203849,0.865557412075078,0.865557412075078,0.13701439180676517,0.11783267569200273,0.04742015731930497,nan,nan,0.3412242446570823,9.231563883990752,32.82331737253199,1587.8805903450814,nan,nan,nan,nan,nan,nan,nan,nan,nan,140.0,0.03171660891133495,7.082548474799841,2000.0,1.0,0.0,nan,nan,nan,nan,nan,nan,nan,nan,nan,nan,nan,nan,nan,nan,nan,nan,0.0,"[100, 100, 100, 300, 100]","[0.02269652206304725, 0.005739433687066819, 0.07686331357055948, 0.01039163440375304, 0.04289214083224817]","[null, null, null, null, null]","[null, null, null, null, null]","[null, null, null, null, null]","[null, null, null, null, null]",,0.12887121912599525,0.098539121104968,5.0,1.96
1a,2500,1663005,neural-fore,neural-main-oracle-bellman,-12.562129810251617,-12.463024456021847,-12.586673112426368,0.12538220379037904,-12.708773575450989,-12.217275336592705,1.0,0.024543302174750536,0.12364865640452116,0.7982483580304158,0.7982483580304158,0.17289469017579512,0.12735925594517394,0.06320993074981354,nan,nan,0.23090252853052112,9.320257618059909,29.763352799520696,1612.4266547372283,nan,nan,nan,nan,nan,nan,nan,nan,nan,140.0,0.019931684328879512,7.579338666796684,2000.0,1.0,0.0,nan,nan,nan,nan,nan,nan,nan,nan,nan,nan,nan,nan,nan,nan,nan,nan,0.0,"[100, 100, 100, 300, 100]","[0.06179449073762101, 0.02398894969358558, 0.009669875746066519, 0.003951825848757103, 0.00025327961836735295]","[null, null, null, null, null]","[null, null, null, null, null]","[null, null, null, null, null]","[null, null, null, null, null]",,0.12538220379037904,0.2543369125725951,5.0,1.96
1a,2500,1673005,neural-fore,neural-main-oracle-bellman,-12.749589082311745,-12.571519940916982,-12.586673112426368,0.12529584370053481,-12.81709979457003,-12.325940087263934,1.0,-0.16291596988537727,0.015153171509385999,0.6539783130348183,0.6539783130348183,0.11995142141866459,0.1101733014869499,0.06794220938674049,nan,nan,0.24324872824477684,9.372609725979135,29.335220312536382,1627.916927876071,nan,nan,nan,nan,nan,nan,nan,nan,nan,140.0,0.017294960046596274,8.217235783801879,2000.0,1.0,0.0,nan,nan,nan,nan,nan,nan,nan,nan,nan,nan,nan,nan,nan,nan,nan,nan,0.0,"[100, 300, 100, 100, 100]","[0.006415526058206538, 0.011277406620495317, 0.0010481244101534278, 0.03286585630950146, 0.03486788683462462]","[null, null, null, null, null]","[null, null, null, null, null]","[null, null, null, null, null]","[null, null, null, null, null]",,0.12529584370053481,0.12063659212854003,5.0,1.96
1a,2500,1683005,neural-fore,neural-main-oracle-bellman,-12.577512824170862,-12.580319263609844,-12.586673112426368,0.126332868413077,-12.827931685699475,-12.332706841520213,1.0,0.009160288255506188,0.006353848816523566,0.6171903567577177,0.6171903567577177,0.11349312470731825,0.0905848482161272,0.03093417278319857,nan,nan,0.3393630365653827,8.931457009991512,30.994399269323914,1612.8295728378573,nan,nan,nan,nan,nan,nan,nan,nan,nan,100.0,0.025364182438721204,7.989864808390848,2000.0,1.0,0.0,nan,nan,nan,nan,nan,nan,nan,nan,nan,nan,nan,nan,nan,nan,nan,nan,0.0,"[100, 100, 100, 100, 100]","[0.0, 0.021085992245290976, 0.034477026473289804, 0.001885050688748003, 0.06937284278627724]","[null, null, null, null, null]","[null, null, null, null, null]","[null, null, null, null, null]","[null, null, null, null, null]",,0.126332868413077,0.06769409991681012,5.0,1.96
1a,2500,1693005,neural-fore,neural-main-oracle-bellman,-12.71180154511148,-12.631744616607804,-12.586673112426368,0.13299926393614375,-12.892423173922646,-12.371066059292962,1.0,-0.12512843268511276,-0.04507150418143624,0.5833673090096567,0.5833673090096567,0.0951538160334425,0.08262680820779662,0.0422950095939139,nan,nan,0.38670515862551824,9.309438723702355,33.7449083993202,1592.6152132486852,nan,nan,nan,nan,nan,nan,nan,nan,nan,140.0,0.024341666607573885,8.316890099598094,2000.0,1.0,0.0,nan,nan,nan,nan,nan,nan,nan,nan,nan,nan,nan,nan,nan,nan,nan,nan,0.0,"[100, 100, 100, 300, 100]","[0.006632434613442051, 0.006953504520705951, 0.008494963285005465, 0.08912491715009191, 0.01050251346862403]","[null, null, null, null, null]","[null, null, null, null, null]","[null, null, null, null, null]","[null, null, null, null, null]",,0.13299926393614375,0.23328618190205422,5.0,1.96
1a,2500,1703005,neural-fore,neural-main-oracle-bellman,-12.542075186047951,-12.433535205845589,-12.586673112426368,0.123936289018925,-12.676450332322682,-12.190620079368495,1.0,0.044597926378417085,0.15313790658077941,0.6585298125738027,0.6585298125738027,0.127501966301513,0.11380428865652006,0.036661727894565725,nan,nan,0.3322883157086908,9.545427361760492,31.599741309159654,1650.3543150251398,nan,nan,nan,nan,nan,nan,nan,nan,nan,140.0,0.02545676964750726,7.523868749802932,2000.0,1.0,0.0,nan,nan,nan,nan,nan,nan,nan,nan,nan,nan,nan,nan,nan,nan,nan,nan,0.0,"[300, 100, 100, 100, 100]","[0.012910979449554567, 0.041421835352558806, 0.022387349738774934, 0.02347861985631744, 0.027085063840330575]","[null, null, null, null, null]","[null, null, null, null, null]","[null, null, null, null, null]","[null, null, null, null, null]",,0.123936289018925,0.10546537452039716,5.0,1.96
1a,2500,1713005,neural-fore,neural-main-oracle-bellman,-12.479990046372121,-12.383290974311885,-12.586673112426368,0.11660355381665992,-12.611833939792538,-12.154748008831232,1.0,0.10668306605424682,0.2033821381144829,0.8140977067148247,0.8140977067148247,0.1302826267175094,0.10991675457383421,0.03826081769050838,nan,nan,0.35839209945688655,9.643781554548985,28.922149957293108,1693.0616089134508,nan,nan,nan,nan,nan,nan,nan,nan,nan,140.0,0.0029290920944031397,8.098829882987776,2000.0,1.0,0.0,nan,nan,nan,nan,nan,nan,nan,nan,nan,nan,nan,nan,nan,nan,nan,nan,0.0,"[100, 300, 100, 100, 100]","[0.00784355991430676, 0.0, 0.0, 0.003260940991940499, 0.0035409595657684384]","[null, null, null, null, null]","[null, null, null, null, null]","[null, null, null, null, null]","[null, null, null, null, null]",,0.11660355381665992,0.19423481075338167,5.0,1.96
1a,2500,1723005,neural-fore,neural-main-oracle-bellman,-12.429140665192326,-12.339836393101953,-12.586673112426368,0.122189432295819,-12.579327680401757,-12.100345105802148,0.0,0.15753244723404158,0.2468367193244152,0.9934206085218559,0.9934206085218559,0.16898315271737055,0.15030017273003984,0.04184941282601368,nan,nan,0.2686910064988851,9.502391272811046,29.687053536729085,1648.1105934653588,nan,nan,nan,nan,nan,nan,nan,nan,nan,180.0,0.010657020080211677,8.298170417186338,2000.0,1.0,0.0,nan,nan,nan,nan,nan,nan,nan,nan,nan,nan,nan,nan,nan,nan,nan,nan,0.0,"[100, 100, 100, 300, 300]","[0.010790883863543235, 0.019859017141941375, 0.015331454727083593, 0.0051825600476277656, 0.0021211846208624187]","[null, null, null, null, null]","[null, null, null, null, null]","[null, null, null, null, null]","[null, null, null, null, null]",,0.122189432295819,0.13550706528192674,5.0,1.96
1a,2500,1733005,neural-fore,neural-main-oracle-bellman,-12.543147874342566,-12.441523606545402,-12.586673112426368,0.1207121464352438,-12.67811941355848,-12.204927799532324,1.0,0.043525238083802265,0.14514950588096553,1.0058717630113954,1.0058717630113954,0.15483395938043626,0.13250789553334238,0.05679556064588768,nan,nan,0.3760304534255434,9.279518896368703,26.95092615653992,1672.3733148945053,nan,nan,nan,nan,nan,nan,nan,nan,nan,180.0,0.006308644185556593,9.004307899961713,2000.0,1.0,0.0,nan,nan,nan,nan,nan,nan,nan,nan,nan,nan,nan,nan,nan,nan,nan,nan,0.0,"[100, 300, 100, 100, 300]","[0.01310861492621537, 0.008007196367717241, 0.0, 0.00553250034449184, 0.004894909289358514]","[null, null, null, null, null]","[null, null, null, null, null]","[null, null, null, null, null]","[null, null, null, null, null]",,0.1207121464352438,0.0743620146602331,5.0,1.96
1a,2500,1743005,neural-fore,neural-main-oracle-bellman,-12.66537604466073,-12.735717588199682,-12.586673112426368,0.12919917217191043,-12.988947965656626,-12.482487210742738,1.0,-0.07870293223436242,-0.14904447577331403,0.8583576811265031,0.8583576811265031,0.11126975118335383,0.0992282579860535,0.0638403676372647,nan,nan,0.33517406123664145,9.155495447348015,31.006484562413714,1591.2614857904366,nan,nan,nan,nan,nan,nan,nan,nan,nan,140.0,0.0013885480558064195,7.9718955583870414,2000.0,1.0,0.0,nan,nan,nan,nan,nan,nan,nan,nan,nan,nan,nan,nan,nan,nan,nan,nan,0.0,"[100, 100, 300, 100, 100]","[0.0, 0.0, 0.0, 0.006942740279032097, 0.0]","[null, null, null, null, null]","[null, null, null, null, null]","[null, null, null, null, null]","[null, null, null, null, null]",,0.12919917217191043,0.06661625473675703,5.0,1.96
1a,2500,1753005,neural-fore,neural-main-oracle-bellman,-12.58488966154523,-12.476211786305042,-12.586673112426368,0.12156148692429283,-12.714472300676656,-12.237951271933428,1.0,0.0017834508811382932,0.11046132612132631,0.8111705084927008,0.8111705084927008,0.12590393261924,0.11437045804217824,0.030552576760885297,nan,nan,0.30233618147609076,9.617064667935274,28.695562860527687,1668.5598580748758,nan,nan,nan,nan,nan,nan,nan,nan,nan,140.0,0.009982170788381522,8.084890825173352,2000.0,1.0000000000000002,0.0,nan,nan,nan,nan,nan,nan,nan,nan,nan,nan,nan,nan,nan,nan,nan,nan,0.0,"[300, 100, 100, 100, 100]","[0.014630678484798315, 0.007230967109335523, 0.015053742786899412, 0.007607076211338085, 0.005388389349536274]","[null, null, null, null, null]","[null, null, null, null, null]","[null, null, null, null, null]","[null, null, null, null, null]",,0.12156148692429283,0.07633061014968344,5.0,1.96
1a,2500,1763005,neural-fore,neural-main-oracle-bellman,-12.737328769950963,-12.769185830212534,-12.586673112426368,0.13486545328853514,-13.033522118658063,-12.504849541767005,1.0,-0.1506556575245952,-0.18251271778616562,1.0255872156201762,1.0255872156201762,0.14920187088877088,0.1292340216833625,0.05565019653588859,nan,nan,0.27796692120838057,8.917863919458838,32.64581607266009,1561.0655362188345,nan,nan,nan,nan,nan,nan,nan,nan,nan,180.0,0.00976951604242954,8.160656299965922,2000.0,1.0,0.0,nan,nan,nan,nan,nan,nan,nan,nan,nan,nan,nan,nan,nan,nan,nan,nan,0.0,"[100, 100, 300, 300, 100]","[0.0, 0.0012086824423102043, 0.03096082448175783, 0.010514915555282816, 0.0061631577327968465]","[null, null, null, null, null]","[null, null, null, null, null]","[null, null, null, null, null]","[null, null, null, null, null]",,0.13486545328853514,0.10866647768443889,5.0,1.96
1a,2500,1773005,neural-fore,neural-main-oracle-bellman,-12.827574381829974,-12.720429094025441,-12.586673112426368,0.12860973053525107,-12.972504165874533,-12.46835402217635,1.0,-0.24090126940360612,-0.13375598159907298,0.6417768149029113,0.6417768149029113,0.13304089299911595,0.1107819936032032,0.0446972890158151,nan,nan,0.4586715957194836,9.315772301103811,30.773118223785715,1640.2348501846627,nan,nan,nan,nan,nan,nan,nan,nan,nan,100.0,0.010538895970361636,7.675444058608264,2000.0,1.0,0.0,nan,nan,nan,nan,nan,nan,nan,nan,nan,nan,nan,nan,nan,nan,nan,nan,0.0,"[100, 100, 100, 100, 100]","[0.009819440912622542, 0.01017209477910905, 0.022497533134085097, 0.003321634898704317, 0.0068837761272871716]","[null, null, null, null, null]","[null, null, null, null, null]","[null, null, null, null, null]","[null, null, null, null, null]",,0.12860973053525107,0.0683945912656879,5.0,1.96
1a,2500,1783005,neural-fore,neural-main-oracle-bellman,-12.62809748291412,-12.58625848353559,-12.586673112426368,0.12975213158833038,-12.840572661448716,-12.331944305622462,1.0,-0.041424370487751716,0.000414628890778701,0.8377348553554617,0.8377348553554617,0.13640650695304474,0.11164551311287266,0.036632945312917796,nan,nan,0.2026121440577478,9.306388212845755,30.875870733709004,1591.622984047884,nan,nan,nan,nan,nan,nan,nan,nan,nan,220.0,0.00851378599019973,9.452278866793495,2000.0,1.0,0.0,nan,nan,nan,nan,nan,nan,nan,nan,nan,nan,nan,nan,nan,nan,nan,nan,0.0,"[300, 300, 300, 100, 100]","[0.0, 0.004631462085865395, 0.0006067998557367645, 0.03004699007997509, 0.007283677929421405]","[null, null, null, null, null]","[null, null, null, null, null]","[null, null, null, null, null]","[null, null, null, null, null]",,0.12975213158833038,0.09407257926162464,5.0,1.96
1a,2500,1793005,neural-fore,neural-main-oracle-bellman,-12.76080854832424,-12.708877104814645,-12.586673112426368,0.13376526471302325,-12.97105702365217,-12.44669718597712,1.0,-0.17413543589787217,-0.12220399238827717,0.7487740470795465,0.7487740470795465,0.11891990850971705,0.1072772979754121,0.03895102370210188,nan,nan,0.28912666836528134,9.266979873142091,32.451812668828346,1580.623881579984,nan,nan,nan,nan,nan,nan,nan,nan,nan,140.0,0.010025293987146943,8.235053824598435,2000.0,1.0,0.0,nan,nan,nan,nan,nan,nan,nan,nan,nan,nan,nan,nan,nan,nan,nan,nan,0.0,"[300, 100, 100, 100, 100]","[0.0, 0.003893539248501962, 0.024791711536450496, 0.01707712727778962, 0.00436409187299264]","[null, null, null, null, null]","[null, null, null, null, null]","[null, null, null, null, null]","[null, null, null, null, null]",,0.13376526471302325,0.14310256478637104,5.0,1.96
1a,2500,1803005,neural-fore,neural-main-oracle-bellman,-12.761286230163323,-12.631575947928207,-12.586673112426368,0.13212070199604883,-12.890532523840463,-12.37261937201595,1.0,-0.1746131177369552,-0.04490283550183882,0.835289907789698,0.835289907789698,0.13196839101080174,0.11594276824679492,0.03745029762111229,nan,nan,0.37274753684071604,9.04939668836655,32.799509834803445,1585.9529551581863,nan,nan,nan,nan,nan,nan,nan,nan,nan,140.0,0.003748508328454607,7.626116791064851,2000.0,1.0,0.0,nan,nan,nan,nan,nan,nan,nan,nan,nan,nan,nan,nan,nan,nan,nan,nan,0.0,"[100, 300, 100, 100, 100]","[0.010780851399270725, 0.0, 0.005704705710516646, 0.0012773922547002928, 0.0009795922777853688]","[null, null, null, null, null]","[null, null, null, null, null]","[null, null, null, null, null]","[null, null, null, null, null]",,0.13212070199604883,0.15021223705406903,5.0,1.96
1a,2500,1813005,neural-fore,neural-main-oracle-bellman,-12.587841426864193,-12.545676304265697,-12.586673112426368,0.13378993114532067,-12.807904569310526,-12.283448039220868,1.0,-0.0011683144378249466,0.04099680816067064,0.8751534431998593,0.8751534431998593,0.15222360781756314,0.1348033431240876,0.04830086733348096,nan,nan,0.314511294146592,9.39868101926697,33.447741925426804,1564.787206308962,nan,nan,nan,nan,nan,nan,nan,nan,nan,140.0,0.005163350442685919,7.790272550226655,2000.0,1.0,0.0,nan,nan,nan,nan,nan,nan,nan,nan,nan,nan,nan,nan,nan,nan,nan,nan,0.0,"[100, 100, 100, 100, 300]","[0.010109340726016642, 0.009712040042431883, 0.005256333435347276, 0.0007390380096337948, 0.0]","[null, null, null, null, null]","[null, null, null, null, null]","[null, null, null, null, null]","[null, null, null, null, null]",,0.13378993114532067,0.1482870485170139,5.0,1.96
1a,2500,1823005,neural-fore,neural-main-oracle-bellman,-12.560463419727595,-12.558162111607034,-12.586673112426368,0.12574472302752307,-12.80462176874098,-12.311702454473089,1.0,0.026209692698772713,0.028511000819333887,0.8680801475972497,0.8680801475972497,0.13985339187273524,0.11499466262082596,0.03730753436140998,nan,nan,0.3524183715408546,9.469381376477333,31.968495041401983,1644.0255981318064,nan,nan,nan,nan,nan,nan,nan,nan,nan,140.0,0.007079284399576195,7.851670708612073,2000.0,1.0,0.0,nan,nan,nan,nan,nan,nan,nan,nan,nan,nan,nan,nan,nan,nan,nan,nan,0.0,"[100, 100, 300, 100, 100]","[0.012156408210572272, 0.007615464182066437, 0.0, 0.00642963504088593, 0.009194914564356336]","[null, null, null, null, null]","[null, null, null, null, null]","[null, null, null, null, null]","[null, null, null, null, null]",,0.12574472302752307,0.12038533567642289,5.0,1.96
1a,2500,1833005,neural-fore,neural-main-oracle-bellman,-12.626220227441792,-12.625269464114304,-12.586673112426368,0.13036848126585557,-12.88079168739538,-12.369747240833227,1.0,-0.03954711501542363,-0.03859635168793574,0.9056186617325336,0.9056186617325336,0.13747776372534778,0.10766093084708939,0.03832590777917983,nan,nan,0.36215806099294856,9.054413104171045,32.22256728129906,1594.735158498693,nan,nan,nan,nan,nan,nan,nan,nan,nan,140.0,0.012569115756993992,8.10996388363419,2000.0,1.0,0.0,nan,nan,nan,nan,nan,nan,nan,nan,nan,nan,nan,nan,nan,nan,nan,nan,0.0,"[100, 100, 100, 100, 300]","[0.030880023450912716, 0.0018114524977733467, 0.004151721558986751, 0.026002381277297152, 0.0]","[null, null, null, null, null]","[null, null, null, null, null]","[null, null, null, null, null]","[null, null, null, null, null]",,0.13036848126585557,0.14840511507943613,5.0,1.96
1a,2500,1843005,neural-fore,neural-main-oracle-bellman,-12.521915491028317,-12.40244086378429,-12.586673112426368,0.11800874428017265,-12.633738002573429,-12.171143724995153,1.0,0.06475762139805141,0.18423224864207732,0.9572230480465371,0.9572230480465371,0.12057269348414257,0.1115025315344742,0.030548871703573174,nan,nan,0.3696744546640972,9.681703081955359,28.79319892501566,1692.2763524388436,nan,nan,nan,nan,nan,nan,nan,nan,nan,140.0,0.016984907914536766,7.657148891803809,2000.0,1.0,0.0,nan,nan,nan,nan,nan,nan,nan,nan,nan,nan,nan,nan,nan,nan,nan,nan,0.0,"[100, 100, 100, 300, 100]","[0.03178447095146642, 0.02316450860190568, 0.00022773910930189102, 0.01199934803912133, 0.017748472870888522]","[null, null, null, null, null]","[null, null, null, null, null]","[null, null, null, null, null]","[null, null, null, null, null]",,0.11800874428017265,0.09592334376847589,5.0,1.96
1a,2500,1853005,neural-fore,neural-main-oracle-bellman,-12.61116591062365,-12.74326244998361,-12.586673112426368,0.14517351651497734,-13.027802542352966,-12.458722357614253,1.0,-0.024492798197282895,-0.15658933755724114,1.1134466549070343,1.1134466549070343,0.15540663378026412,0.13104922518590492,0.05490607356303681,nan,nan,0.19178288578536715,8.795833240294574,39.067267337929096,1485.8553883389984,nan,nan,nan,nan,nan,nan,nan,nan,nan,220.0,0.00938439719626832,9.840494116814806,2000.0,1.0,0.0,nan,nan,nan,nan,nan,nan,nan,nan,nan,nan,nan,nan,nan,nan,nan,nan,0.0,"[300, 300, 300, 100, 100]","[0.001791987607409347, 0.0006118333683680054, 0.0, 0.044518165005564256, 0.0]","[null, null, null, null, null]","[null, null, null, null, null]","[null, null, null, null, null]","[null, null, null, null, null]",,0.14517351651497734,0.12732318168042966,5.0,1.96
1a,2500,1863005,neural-fore,neural-main-oracle-bellman,-12.907381284348398,-12.777087144918841,-12.586673112426368,0.13825207084800478,-13.04806120378093,-12.506113086056752,1.0,-0.32070817192203016,-0.19041403249247324,0.7151650158014354,0.7151650158014354,0.13174328252125894,0.1251931702033751,0.037851757637397614,nan,nan,0.3943591438884239,9.077215379982759,32.775769856666045,1563.5396032039876,nan,nan,nan,nan,nan,nan,nan,nan,nan,100.0,0.002782164755742027,7.387879299779888,2000.0,1.0,0.0,nan,nan,nan,nan,nan,nan,nan,nan,nan,nan,nan,nan,nan,nan,nan,nan,0.0,"[100, 100, 100, 100, 100]","[0.005817647303876167, 0.004335039950829617, 0.0009585730640178526, 0.0, 0.0027995634599864965]","[null, null, null, null, null]","[null, null, null, null, null]","[null, null, null, null, null]","[null, null, null, null, null]",,0.13825207084800478,0.16571368047109972,5.0,1.96
1a,2500,1873005,neural-fore,neural-main-oracle-bellman,-12.397463666346084,-12.407147693626777,-12.586673112426368,0.11836489858092689,-12.639142894845394,-12.175152492408161,1.0,0.18920944608028378,0.1795254187995905,0.6629974483341835,0.6629974483341835,0.10726470829663581,0.09433729913156311,0.029309588788573676,nan,nan,0.3859280967741242,9.469628135775054,28.667422429167264,1669.6422729587612,nan,nan,nan,nan,nan,nan,nan,nan,nan,100.0,0.016192622454673393,7.1633463079924695,2000.0,1.0,0.0,nan,nan,nan,nan,nan,nan,nan,nan,nan,nan,nan,nan,nan,nan,nan,nan,0.0,"[100, 100, 100, 100, 100]","[0.015194966500162783, 0.012879625071670269, 0.041595802253214006, 0.0, 0.011292718448319902]","[null, null, null, null, null]","[null, null, null, null, null]","[null, null, null, null, null]","[null, null, null, null, null]",,0.11836489858092689,0.06217357696341308,5.0,1.96
1a,2500,1883005,neural-fore,neural-main-oracle-bellman,-12.691207806747784,-12.619420253806407,-12.586673112426368,0.13033472241951866,-12.874876309748663,-12.363964197864151,1.0,-0.1045346943214156,-0.03274714138003887,0.8421769182476575,0.8421769182476575,0.12426230200447372,0.1121289304496633,0.06138927931761842,nan,nan,0.3647504000008589,9.154832866054974,28.96541385295719,1641.5224561867954,nan,nan,nan,nan,nan,nan,nan,nan,nan,140.0,0.012077347108840553,7.949771024985239,2000.0,1.0,0.0,nan,nan,nan,nan,nan,nan,nan,nan,nan,nan,nan,nan,nan,nan,nan,nan,0.0,"[100, 100, 100, 300, 100]","[0.006929109246713406, 0.011077542514012583, 0.006809822195541599, 0.0, 0.03557026158793518]","[null, null, null, null, null]","[null, null, null, null, null]","[null, null, null, null, null]","[null, null, null, null, null]",,0.13033472241951866,0.17622027508474183,5.0,1.96
1a,2500,1893005,neural-fore,neural-main-oracle-bellman,-12.667272902873872,-12.524443441163015,-12.586673112426368,0.12259385662097283,-12.764727400140123,-12.284159482185908,1.0,-0.0805997904475042,0.06222967126335277,0.8946003003312274,0.8946003003312274,0.13595388858180424,0.12661793471960164,0.04653017335319167,nan,nan,0.30862912812491244,8.871063905636586,28.062435281943383,1659.527690843954,nan,nan,nan,nan,nan,nan,nan,nan,nan,180.0,0.005290895588552715,8.617272791569121,2000.0,1.0,0.0,nan,nan,nan,nan,nan,nan,nan,nan,nan,nan,nan,nan,nan,nan,nan,nan,0.0,"[300, 100, 100, 300, 100]","[0.0, 0.0, 0.01208153440568458, 0.0023484145809090076, 0.012024528956169985]","[null, null, null, null, null]","[null, null, null, null, null]","[null, null, null, null, null]","[null, null, null, null, null]",,0.12259385662097283,0.11112982953663182,5.0,1.96
1a,2500,1903005,neural-fore,neural-main-oracle-bellman,-12.516855333391893,-12.51925422674812,-12.586673112426368,0.11756344700992359,-12.74967858288757,-12.288829870608671,1.0,0.06981777903447473,0.06741888567824716,0.8231632977751564,0.8231632977751564,0.15634332597597847,0.1390485020466752,0.043309442068347796,nan,nan,0.3535728676652001,9.712897825301019,27.570793221864598,1697.5871961848688,nan,nan,nan,nan,nan,nan,nan,nan,nan,100.0,0.010074904007580146,7.387626933201682,2000.0,1.0,0.0,nan,nan,nan,nan,nan,nan,nan,nan,nan,nan,nan,nan,nan,nan,nan,nan,0.0,"[100, 100, 100, 100, 100]","[0.0, 0.0013000183679738595, 0.015289628313879627, 0.007180289614233177, 0.02660458374181407]","[null, null, null, null, null]","[null, null, null, null, null]","[null, null, null, null, null]","[null, null, null, null, null]",,0.11756344700992359,0.14019961142927634,5.0,1.96
1a,2500,1913005,neural-fore,neural-main-oracle-bellman,-12.624153550961152,-12.571400361713954,-12.586673112426368,0.13281810301802374,-12.83172384362928,-12.311076879798627,1.0,-0.037480438534784,0.015272750712414407,0.7298304223532073,0.7298304223532073,0.112799899319981,0.10756502368185197,0.04168511323074787,nan,nan,0.30397610772272327,9.022686362927736,34.31349178414506,1587.8208868380339,nan,nan,nan,nan,nan,nan,nan,nan,nan,140.0,0.010654438247146123,8.160731632786337,2000.0,1.0,0.0,nan,nan,nan,nan,nan,nan,nan,nan,nan,nan,nan,nan,nan,nan,nan,nan,0.0,"[100, 100, 100, 100, 300]","[0.013623584327607645, 0.005015091311271208, 0.02709653582926676, 0.003985662292943335, 0.003551317474641664]","[null, null, null, null, null]","[null, null, null, null, null]","[null, null, null, null, null]","[null, null, null, null, null]",,0.13281810301802374,0.20959136226633004,5.0,1.96
1a,2500,1923005,neural-fore,neural-main-oracle-bellman,-12.52027579573834,-12.48430253634052,-12.586673112426368,0.12255635427096472,-12.724512990711611,-12.244092081969429,1.0,0.06639731668802717,0.10237057608584799,0.9669812375636615,0.9669812375636615,0.1316326079586796,0.11933017317030432,0.03349625095869739,nan,nan,0.2810554374567209,9.47478836897129,30.211194299445573,1632.6899103431258,nan,nan,nan,nan,nan,nan,nan,nan,nan,140.0,0.014380688530157832,8.198037149221637,2000.0,0.9999999999999998,0.0,nan,nan,nan,nan,nan,nan,nan,nan,nan,nan,nan,nan,nan,nan,nan,nan,0.0,"[100, 100, 100, 100, 300]","[0.007723989585706199, 0.003071375880116768, 0.010752019889337659, 0.04305303426922757, 0.00730302302640095]","[null, null, null, null, null]","[null, null, null, null, null]","[null, null, null, null, null]","[null, null, null, null, null]",,0.12255635427096472,0.09203619118220824,5.0,1.96
1a,2500,1933005,neural-fore,neural-main-oracle-bellman,-12.67631492213232,-12.540444109108394,-12.586673112426368,0.12387430757847477,-12.783237751962204,-12.297650466254584,1.0,-0.08964180970595237,0.04622900331797375,0.6758275562685957,0.6758275562685957,0.09759699910858806,0.08781559250366912,0.03955013115115303,nan,nan,0.37176705641204383,9.2754069025283,29.39855693812654,1648.521229493671,nan,nan,nan,nan,nan,nan,nan,nan,nan,140.0,0.012714079908107573,7.985486224782653,2000.0,1.0,0.0,nan,nan,nan,nan,nan,nan,nan,nan,nan,nan,nan,nan,nan,nan,nan,nan,0.0,"[100, 100, 100, 300, 100]","[0.0123539102439323, 0.010701637765965442, 0.013702492801403591, 0.00961688152276343, 0.017195477206473096]","[null, null, null, null, null]","[null, null, null, null, null]","[null, null, null, null, null]","[null, null, null, null, null]",,0.12387430757847477,0.10682201617285163,5.0,1.96
1a,2500,1943005,neural-fore,neural-main-oracle-bellman,-12.608660519031378,-12.49946042965928,-12.586673112426368,0.1232766685182163,-12.741082699954983,-12.257838159363576,1.0,-0.021987406605010307,0.08721268276708827,1.1263291605188024,1.1263291605188024,0.19672883441036462,0.1742223412655113,0.041212536873080435,nan,nan,0.4789914015247157,9.685729516540354,30.331895036079725,1679.5419724822916,nan,nan,nan,nan,nan,nan,nan,nan,nan,100.0,0.013190817597228751,7.290601599775255,2000.0,1.0,0.0,nan,nan,nan,nan,nan,nan,nan,nan,nan,nan,nan,nan,nan,nan,nan,nan,0.0,"[100, 100, 100, 100, 100]","[0.004371128684164467, 0.02863838099954249, 0.010562375885092623, 0.0, 0.022382202417344177]","[null, null, null, null, null]","[null, null, null, null, null]","[null, null, null, null, null]","[null, null, null, null, null]",,0.1232766685182163,0.118051010608329,5.0,1.96
1a,2500,1953005,neural-fore,neural-main-oracle-bellman,-12.523984155019823,-12.386230798182941,-12.586673112426368,0.11753068355769121,-12.616590937956015,-12.155870658409867,1.0,0.06268895740654479,0.20044231424342662,0.5410073193438781,0.5410073193438781,0.11571780959399199,0.10628411487752554,0.055261936821866295,nan,nan,0.305104601979221,9.267392911686755,27.65701288120379,1659.078143958988,nan,nan,nan,nan,nan,nan,nan,nan,nan,140.0,0.015396700993767465,7.8449258008273315,2000.0,1.0,0.0,nan,nan,nan,nan,nan,nan,nan,nan,nan,nan,nan,nan,nan,nan,nan,nan,0.0,"[100, 100, 300, 100, 100]","[0.01329561645886746, 0.02637669368162966, 0.0024056755550985933, 0.00839711124770844, 0.026508408025533167]","[null, null, null, null, null]","[null, null, null, null, null]","[null, null, null, null, null]","[null, null, null, null, null]",,0.11753068355769121,0.14565424497373658,5.0,1.96
1a,2500,1963005,neural-fore,neural-main-oracle-bellman,-12.610695831204444,-12.5200004417294,-12.586673112426368,0.12281910621934983,-12.760725889919325,-12.279274993539474,1.0,-0.024022718778075713,0.0666726706969687,1.222382021295008,1.222382021295008,0.15534548908182944,0.1491573292399811,0.031657963094831994,nan,nan,0.33137789389769806,9.66773012653722,31.24031874223378,1629.4822435876742,nan,nan,nan,nan,nan,nan,nan,nan,nan,140.0,0.021963955836620825,7.942035091598518,2000.0,1.0,0.0,nan,nan,nan,nan,nan,nan,nan,nan,nan,nan,nan,nan,nan,nan,nan,nan,0.0,"[100, 300, 100, 100, 100]","[0.02901356927340001, 0.01031827343967314, 0.01086895322203351, 0.047239254625780436, 0.012379728622217038]","[null, null, null, null, null]","[null, null, null, null, null]","[null, null, null, null, null]","[null, null, null, null, null]",,0.12281910621934983,0.0679221619100946,5.0,1.96
1a,2500,1973005,neural-fore,neural-main-oracle-bellman,-12.619062043238197,-12.708324026398136,-12.586673112426368,0.1367028398413125,-12.97626159248711,-12.440386460309163,1.0,-0.03238893081182859,-0.1216509139717683,1.0468527832116439,1.0468527832116439,0.16757500433472977,0.16240719285916855,0.03846477339381519,nan,nan,0.2135060260333504,8.805304392035977,31.496675297335045,1553.7345004702436,nan,nan,nan,nan,nan,nan,nan,nan,nan,220.0,0.017242628303780323,9.560779975436162,2000.0,1.0,0.0,nan,nan,nan,nan,nan,nan,nan,nan,nan,nan,nan,nan,nan,nan,nan,nan,0.0,"[300, 100, 300, 100, 300]","[0.0127316679314257, 0.026663831379324293, 0.00329668507752645, 0.004435486686730197, 0.03908547044389497]","[null, null, null, null, null]","[null, null, null, null, null]","[null, null, null, null, null]","[null, null, null, null, null]",,0.1367028398413125,0.18059740500620486,5.0,1.96
1a,2500,1983005,neural-fore,neural-main-oracle-bellman,-12.573422322794078,-12.436316308372293,-12.586673112426368,0.11907862862973156,-12.669710420486567,-12.202922196258019,1.0,0.013250789632289539,0.15035680405407525,0.5942214986012989,0.5942214986012989,0.09651508602911026,0.07945592216690942,0.028887342706531694,nan,nan,0.18303191602976795,9.797035958318578,26.891233405428952,1683.776668770585,nan,nan,nan,nan,nan,nan,nan,nan,nan,220.0,0.007975246949552001,9.149071133008693,2000.0,1.0,0.0,nan,nan,nan,nan,nan,nan,nan,nan,nan,nan,nan,nan,nan,nan,nan,nan,0.0,"[100, 300, 100, 300, 300]","[0.010440003881959564, 0.0010370346585787415, 0.006142046410219647, 0.018681130761601973, 0.0035760190354000776]","[null, null, null, null, null]","[null, null, null, null, null]","[null, null, null, null, null]","[null, null, null, null, null]",,0.11907862862973156,0.11929590027576113,5.0,1.96
1a,2500,1993005,neural-fore,neural-main-oracle-bellman,-12.70464684718537,-12.544908665005272,-12.586673112426368,0.12681530343581027,-12.79346665973946,-12.296350670271083,1.0,-0.1179737347590013,0.04176444742109631,1.1080902734070501,1.1080902734070501,0.12476208173409113,0.11780472426613749,0.03728592108958774,nan,nan,0.24280298622995344,9.455186601560957,27.998515995308576,1635.2043425946683,nan,nan,nan,nan,nan,nan,nan,nan,nan,220.0,0.004680562616249979,9.389080641430336,2000.0,1.0,0.0,nan,nan,nan,nan,nan,nan,nan,nan,nan,nan,nan,nan,nan,nan,nan,nan,0.0,"[300, 100, 300, 100, 300]","[0.0037627142166146376, 0.0008902273754503122, 0.0, 0.010327214032672814, 0.008422657456512132]","[null, null, null, null, null]","[null, null, null, null, null]","[null, null, null, null, null]","[null, null, null, null, null]",,0.12681530343581027,0.10960144002836704,5.0,1.96
1a,2500,2003005,neural-fore,neural-main-oracle-bellman,-12.58998111898564,-12.55006382208792,-12.586673112426368,0.12081003244226927,-12.786851485674767,-12.313276158501072,1.0,-0.003308006559272769,0.03660929033844873,0.6238504337598305,0.6238504337598305,0.1067880661809704,0.10192583373830236,0.04597215008207541,nan,nan,0.36135930546262685,9.170102470977099,26.102263078349335,1686.5366003498496,nan,nan,nan,nan,nan,nan,nan,nan,nan,140.0,0.010632103460984784,8.339309625001624,2000.0,1.0,0.0,nan,nan,nan,nan,nan,nan,nan,nan,nan,nan,nan,nan,nan,nan,nan,nan,0.0,"[100, 100, 100, 100, 300]","[0.0, 0.013654572169102366, 0.004444153032258831, 0.01948707747021837, 0.015574714633344347]","[null, null, null, null, null]","[null, null, null, null, null]","[null, null, null, null, null]","[null, null, null, null, null]",,0.12081003244226927,0.13890011835862215,5.0,1.96
1a,2500,2013005,neural-fore,neural-main-oracle-bellman,-12.747771519478825,-12.578900206104604,-12.586673112426368,0.12480785261769911,-12.823523597235294,-12.334276814973915,1.0,-0.1610984070524566,0.007772906321763529,0.5604591346015969,0.5604591346015969,0.11150442773202425,0.10800348578001621,0.04030833697081077,nan,nan,0.25366977183549566,9.261251465211892,30.865735656111685,1594.9591560288375,nan,nan,nan,nan,nan,nan,nan,nan,nan,220.0,0.01572951801347217,9.859497049625498,2000.0,1.0,0.0,nan,nan,nan,nan,nan,nan,nan,nan,nan,nan,nan,nan,nan,nan,nan,nan,0.0,"[100, 100, 300, 300, 300]","[0.012604592064881017, 0.06444837481451282, 0.0, 0.0, 0.0015946231879670108]","[null, null, null, null, null]","[null, null, null, null, null]","[null, null, null, null, null]","[null, null, null, null, null]",,0.12480785261769911,0.09055554994438621,5.0,1.96
1a,2500,2023005,neural-fore,neural-main-oracle-bellman,-12.541636568746606,-12.487155710349887,-12.586673112426368,0.12058008342640106,-12.723492673865634,-12.25081874683414,1.0,0.045036543679762175,0.09951740207648108,0.8827796513073354,0.8827796513073354,0.13696558204755876,0.1207566193606818,0.040630993552519985,nan,nan,0.48743192320638357,9.640602583726782,29.49578056367516,1675.733996479347,nan,nan,nan,nan,nan,nan,nan,nan,nan,100.0,0.010243451783527131,7.244090657797642,2000.0,1.0,0.0,nan,nan,nan,nan,nan,nan,nan,nan,nan,nan,nan,nan,nan,nan,nan,nan,0.0,"[100, 100, 100, 100, 100]","[0.014086954204364751, 0.017539054596326063, 0.009275789569723655, 0.0, 0.010315460547221185]","[null, null, null, null, null]","[null, null, null, null, null]","[null, null, null, null, null]","[null, null, null, null, null]",,0.12058008342640106,0.07962098272248914,5.0,1.96
1a,2500,2033005,neural-fore,neural-main-oracle-bellman,-12.409796950749847,-12.425447377829546,-12.586673112426368,0.1209508579831586,-12.662511059476536,-12.188383696182555,1.0,0.1768761616765211,0.16122573459682243,1.1730634172806471,1.1730634172806471,0.1799632816244833,0.15090447622974235,0.03268558146877418,nan,nan,0.32122715984409056,9.412422024413953,31.45108102148677,1653.9090874068797,nan,nan,nan,nan,nan,nan,nan,nan,nan,220.0,0.021552778914311024,9.262343999755103,2000.0,1.0,0.0,nan,nan,nan,nan,nan,nan,nan,nan,nan,nan,nan,nan,nan,nan,nan,nan,0.0,"[100, 300, 300, 300, 100]","[0.047700419377056734, 0.003859095309128882, 0.009230912363042333, 0.0, 0.04697346752232717]","[null, null, null, null, null]","[null, null, null, null, null]","[null, null, null, null, null]","[null, null, null, null, null]",,0.1209508579831586,0.16524925854151867,5.0,1.96
1a,2500,2043005,neural-fore,neural-main-oracle-bellman,-12.633844039714004,-12.501079357754168,-12.586673112426368,0.12282416543356009,-12.741814722003946,-12.26034399350439,1.0,-0.04717092728763639,0.08559375467219965,1.0035672968462532,1.0035672968462532,0.1764731349048303,0.16713791027865604,0.053975661096067565,nan,nan,0.4754940864562424,8.941979263829232,28.313696395427446,1665.929027491884,nan,nan,nan,nan,nan,nan,nan,nan,nan,140.0,0.006938669784588937,7.9076417167671025,2000.0,1.0,0.0,nan,nan,nan,nan,nan,nan,nan,nan,nan,nan,nan,nan,nan,nan,nan,nan,0.0,"[100, 100, 100, 300, 100]","[0.01898863830962792, 0.006590417904250531, 0.004639562412736653, 0.0, 0.004474730296329581]","[null, null, null, null, null]","[null, null, null, null, null]","[null, null, null, null, null]","[null, null, null, null, null]",,0.12282416543356009,0.13662728145543637,5.0,1.96
1a,2500,2053005,neural-fore,neural-main-oracle-bellman,-12.542772121810613,-12.392249146001289,-12.586673112426368,0.11540511124218847,-12.618443164035979,-12.1660551279666,1.0,0.043900990615755475,0.1944239664250791,0.6244294331411928,0.6244294331411928,0.11020393563166653,0.09003423887070794,0.030851758417213337,nan,nan,0.23360044411740216,10.121248742856075,27.171397517944445,1698.0311227872132,nan,nan,nan,nan,nan,nan,nan,nan,nan,180.0,0.00802657105059931,9.362584150605835,2000.0,1.0,0.0,nan,nan,nan,nan,nan,nan,nan,nan,nan,nan,nan,nan,nan,nan,nan,nan,0.0,"[100, 100, 300, 100, 300]","[0.008236528072480905, 0.0014624998944354247, 0.01813459285905578, 0.010747736498112889, 0.0015514979289115605]","[null, null, null, null, null]","[null, null, null, null, null]","[null, null, null, null, null]","[null, null, null, null, null]",,0.11540511124218847,0.14480706002933647,5.0,1.96
1a,2500,2063005,neural-fore,neural-main-oracle-bellman,-12.645450709767141,-12.47073086081981,-12.586673112426368,0.11765789274139844,-12.70134033059295,-12.240121391046669,1.0,-0.05877759734077337,0.11594225160655824,1.0009506670607216,1.0009506670607216,0.1247696855089202,0.10722484785256929,0.036237717189841534,nan,nan,0.3002112603323054,9.935516790836278,28.980624843888904,1708.5375090879525,nan,nan,nan,nan,nan,nan,nan,nan,nan,140.0,0.02437168634912379,9.141532141203061,2000.0,1.0,0.0,nan,nan,nan,nan,nan,nan,nan,nan,nan,nan,nan,nan,nan,nan,nan,nan,0.0,"[100, 100, 300, 100, 100]","[0.06997102764767024, 0.009427523436752827, 0.0035087591316173075, 0.01956725511614354, 0.019383866413435032]","[null, null, null, null, null]","[null, null, null, null, null]","[null, null, null, null, null]","[null, null, null, null, null]",,0.11765789274139844,0.08142487126389854,5.0,1.96
1a,2500,2073005,neural-fore,neural-main-oracle-bellman,-12.554724853130104,-12.342581780539403,-12.586673112426368,0.1270554966458055,-12.591610553965182,-12.093553007113623,1.0,0.031948259296264325,0.24409133188696508,0.9738186669701016,0.9738186669701016,0.1268574856274552,0.1071996709244605,0.05834360567909675,nan,nan,0.2905367141247346,9.257842175991254,33.19883415427197,1585.408001166376,nan,nan,nan,nan,nan,nan,nan,nan,nan,140.0,0.026930472303306845,9.244697100203485,2000.0,1.0,0.0,nan,nan,nan,nan,nan,nan,nan,nan,nan,nan,nan,nan,nan,nan,nan,nan,0.0,"[100, 100, 300, 100, 100]","[0.036592180153873104, 0.002960005397393869, 0.0025299820937503634, 0.031021426919065734, 0.061548766952451164]","[null, null, null, null, null]","[null, null, null, null, null]","[null, null, null, null, null]","[null, null, null, null, null]",,0.1270554966458055,0.14006988800632977,5.0,1.96
1a,2500,2083005,neural-fore,neural-main-oracle-bellman,-12.734197378908686,-12.765987614315877,-12.586673112426368,0.13564158423329972,-13.031845119413145,-12.50013010921861,1.0,-0.14752426648231776,-0.17931450188950926,0.8319135484670624,0.8319135484670624,0.12649411649400338,0.1162947696870981,0.060453947149765125,nan,nan,0.21952956352998662,9.379367896361419,33.92200962246154,1555.2835296709331,nan,nan,nan,nan,nan,nan,nan,nan,nan,220.0,0.0020934762443143295,10.035073374817149,2000.0,1.0,0.0,nan,nan,nan,nan,nan,nan,nan,nan,nan,nan,nan,nan,nan,nan,nan,nan,0.0,"[100, 100, 300, 300, 300]","[0.0016718184800150388, 0.0, 0.005064130174651879, 0.0, 0.0037314325669047287]","[null, null, null, null, null]","[null, null, null, null, null]","[null, null, null, null, null]","[null, null, null, null, null]",,0.13564158423329972,0.12108682674101419,5.0,1.96
1a,2500,2093005,neural-fore,neural-main-oracle-bellman,-12.65105738597026,-12.555416851853247,-12.586673112426368,0.12292635886917179,-12.796352515236823,-12.31448118846967,1.0,-0.06438427354389198,0.03125626057312125,1.108419531203561,1.108419531203561,0.15115596122450053,0.14054831641889182,0.05891781876888255,nan,nan,0.46922072723397973,9.37721274037254,28.373280542625984,1674.3808588930763,nan,nan,nan,nan,nan,nan,nan,nan,nan,100.0,0.024582375233309826,7.640702741581481,2000.0,1.0,0.0,nan,nan,nan,nan,nan,nan,nan,nan,nan,nan,nan,nan,nan,nan,nan,nan,0.0,"[100, 100, 100, 100, 100]","[0.03353084641557446, 0.0399860069673026, 0.003764360240965522, 0.015975635061593434, 0.029655027481113122]","[null, null, null, null, null]","[null, null, null, null, null]","[null, null, null, null, null]","[null, null, null, null, null]",,0.12292635886917179,0.03851905575709222,5.0,1.96
1a,2500,2103005,neural-fore,neural-main-oracle-bellman,-12.426162274604286,-12.4068924136863,-12.586673112426368,0.11572584706034267,-12.633715073924572,-12.180069753448029,1.0,0.1605108378220823,0.17978069874006763,0.7959566732151562,0.7959566732151562,0.16856833763464582,0.14357124162555884,0.0421591002410289,nan,nan,0.3997122419381061,9.525758914958722,29.04368442892301,1719.1811378797704,nan,nan,nan,nan,nan,nan,nan,nan,nan,100.0,0.03807065878735866,7.287792867200915,2000.0,1.0,0.0,nan,nan,nan,nan,nan,nan,nan,nan,nan,nan,nan,nan,nan,nan,nan,nan,0.0,"[100, 100, 100, 100, 100]","[0.00966496224004635, 0.05488042736695278, 0.03908659134749597, 0.03455016261670771, 0.05217115036559047]","[null, null, null, null, null]","[null, null, null, null, null]","[null, null, null, null, null]","[null, null, null, null, null]",,0.11572584706034267,0.04834808842199917,5.0,1.96
1a,2500,2113005,neural-fore,neural-main-oracle-bellman,-12.541465695354358,-12.575603746480827,-12.586673112426368,0.13272824576333042,-12.835751108176954,-12.3154563847847,1.0,0.04520741707201026,0.01106936594554142,1.176530006958491,1.176530006958491,0.15077794024651303,0.13186081877626502,0.05385291386008851,nan,nan,0.308391920621636,9.079571565916162,34.882025662837364,1558.3399986426612,nan,nan,nan,nan,nan,nan,nan,nan,nan,180.0,0.019239366741459492,8.782966549985577,2000.0,1.0,0.0,nan,nan,nan,nan,nan,nan,nan,nan,nan,nan,nan,nan,nan,nan,nan,nan,0.0,"[100, 300, 100, 300, 100]","[0.010880629264544247, 0.0, 0.07183909361735383, 0.0, 0.013477110825399383]","[null, null, null, null, null]","[null, null, null, null, null]","[null, null, null, null, null]","[null, null, null, null, null]",,0.13272824576333042,0.05025333579952138,5.0,1.96
1a,2500,2123005,neural-fore,neural-main-oracle-bellman,-12.731158428006108,-12.694967975473395,-12.586673112426368,0.12932934046618602,-12.94845348278712,-12.44148246815967,1.0,-0.14448531557973965,-0.10829486304702662,0.7227792661843109,0.7227792661843109,0.10977458531968523,0.08966648960538678,0.03277690311252588,nan,nan,0.24384101752006543,9.609589897329741,30.143277786160784,1634.8905067560074,nan,nan,nan,nan,nan,nan,nan,nan,nan,180.0,0.010076621151917006,8.105920283216983,2000.0,1.0,0.0,nan,nan,nan,nan,nan,nan,nan,nan,nan,nan,nan,nan,nan,nan,nan,nan,0.0,"[300, 100, 100, 300, 100]","[0.0, 0.026517811464149336, 0.014476878086438244, 0.009388416208997453, 0.0]","[null, null, null, null, null]","[null, null, null, null, null]","[null, null, null, null, null]","[null, null, null, null, null]",,0.12932934046618602,0.12214639182177169,5.0,1.96
1a,2500,2133005,neural-fore,neural-main-oracle-bellman,-12.49639689780185,-12.423350144239949,-12.586673112426368,0.11908036888073532,-12.65674766724619,-12.189952621233708,1.0,0.0902762146245184,0.163322968186419,0.9733376001359881,0.9733376001359881,0.12100558729268171,0.11270072216903244,0.06308491032862193,nan,nan,0.34935215657554897,9.582153577041595,29.163511812165734,1700.579105106254,nan,nan,nan,nan,nan,nan,nan,nan,nan,100.0,0.024096523678409722,7.442666217195802,2000.0,1.0,0.0,nan,nan,nan,nan,nan,nan,nan,nan,nan,nan,nan,nan,nan,nan,nan,nan,0.0,"[100, 100, 100, 100, 100]","[0.04692676104437112, 0.03395010670729691, 0.02102775285704701, 0.01139020188858834, 0.007187795894745233]","[null, null, null, null, null]","[null, null, null, null, null]","[null, null, null, null, null]","[null, null, null, null, null]",,0.11908036888073532,0.19075589918493302,5.0,1.96
1a,2500,2143005,neural-fore,neural-main-oracle-bellman,-12.830145658870237,-12.740081870855516,-12.586673112426368,0.13544836285914497,-13.00556066205944,-12.474603079651592,1.0,-0.2434725464438685,-0.1534087584291477,0.9795051680453823,0.9795051680453823,0.1410499193360914,0.11700661498241602,0.07307889170102462,nan,nan,0.34622498050060435,9.075089556991708,31.898765796529325,1584.5161094427776,nan,nan,nan,nan,nan,nan,nan,nan,nan,140.0,0.011075757604547442,8.024698566191365,2000.0,1.0,0.0,nan,nan,nan,nan,nan,nan,nan,nan,nan,nan,nan,nan,nan,nan,nan,nan,0.0,"[100, 100, 300, 100, 100]","[0.02226006182964838, 0.012916209906920797, 0.0, 0.014366271558521592, 0.00583624472764644]","[null, null, null, null, null]","[null, null, null, null, null]","[null, null, null, null, null]","[null, null, null, null, null]",,0.13544836285914497,0.07486518933066823,5.0,1.96
1a,2500,2153005,neural-fore,neural-main-oracle-bellman,-12.694249574883736,-12.627509106273516,-12.586673112426368,0.12577275330620746,-12.874023702753682,-12.38099450979335,1.0,-0.1075764624573683,-0.04083599384714809,0.765353899783966,0.765353899783966,0.12384970910024687,0.10281748573928587,0.03635515560149684,nan,nan,0.38961460323051467,9.75113281086701,30.351504928078,1648.5242591109595,nan,nan,nan,nan,nan,nan,nan,nan,nan,180.0,0.006781759749545424,8.246335491572973,2000.0,1.0,0.0,nan,nan,nan,nan,nan,nan,nan,nan,nan,nan,nan,nan,nan,nan,nan,nan,0.0,"[100, 100, 300, 100, 300]","[0.016815642433547176, 0.002285719661924531, 0.007904183655189516, 0.006054055511755946, 0.0008491974853099516]","[null, null, null, null, null]","[null, null, null, null, null]","[null, null, null, null, null]","[null, null, null, null, null]",,0.12577275330620746,0.13207974006317494,5.0,1.96
1a,2500,2163005,neural-fore,neural-main-oracle-bellman,-12.560684186102584,-12.535925713461443,-12.586673112426368,0.11836357443732978,-12.76791831935861,-12.303933107564276,1.0,0.0259889263237838,0.05074739896492453,0.9313309829494191,0.9313309829494191,0.14578891127939475,0.12619873518662214,0.03910569700004655,nan,nan,0.37904648014434633,9.517215727768603,29.05775532141802,1688.5384067463983,nan,nan,nan,nan,nan,nan,nan,nan,nan,100.0,0.005439917484159709,6.917305175610818,2000.0,1.0,0.0,nan,nan,nan,nan,nan,nan,nan,nan,nan,nan,nan,nan,nan,nan,nan,nan,0.0,"[100, 100, 100, 100, 100]","[0.013639676507966676, 0.0050347448340120554, 0.003368787281473486, 0.0, 0.005156378797346327]","[null, null, null, null, null]","[null, null, null, null, null]","[null, null, null, null, null]","[null, null, null, null, null]",,0.11836357443732978,0.09428152333680846,5.0,1.96
1a,2500,2173005,neural-fore,neural-main-oracle-bellman,-12.92770352745404,-12.799623193427243,-12.586673112426368,0.14431087482931645,-13.082472508092703,-12.516773878761782,1.0,-0.3410304150276726,-0.21295008100087465,1.455429634046037,1.455429634046037,0.2745105432201678,0.266682217577041,0.056371325287451354,nan,nan,0.3685403656949449,8.944160055681483,38.069737327522866,1487.9881077514733,nan,nan,nan,nan,nan,nan,nan,nan,nan,140.0,0.010755944528154864,7.41799472499406,2000.0,1.0,0.0,nan,nan,nan,nan,nan,nan,nan,nan,nan,nan,nan,nan,nan,nan,nan,nan,0.0,"[100, 100, 300, 100, 100]","[0.01386830443451396, 0.01780713575089368, 0.0, 0.016834497730850488, 0.005269784724516192]","[null, null, null, null, null]","[null, null, null, null, null]","[null, null, null, null, null]","[null, null, null, null, null]",,0.14431087482931645,0.18243470577748586,5.0,1.96
1a,2500,2183005,neural-fore,neural-main-oracle-bellman,-12.616402540388718,-12.42526749915877,-12.586673112426368,0.1187928587810441,-12.658101502369616,-12.192433495947922,1.0,-0.029729427962349675,0.16140561326759872,1.0699714117552312,1.0699714117552312,0.1679836321379066,0.13723834748729236,0.04926307418208973,nan,nan,0.32033762070130517,9.391698997872238,29.184116100670934,1653.5022856181372,nan,nan,nan,nan,nan,nan,nan,nan,nan,140.0,0.005186080505047069,6.837259117013309,2000.0,1.0,0.0,nan,nan,nan,nan,nan,nan,nan,nan,nan,nan,nan,nan,nan,nan,nan,nan,0.0,"[300, 100, 100, 100, 100]","[0.00627401519352898, 0.0054969084204491555, 0.003927983871449417, 0.010172752813924282, 5.874222588351445e-05]","[null, null, null, null, null]","[null, null, null, null, null]","[null, null, null, null, null]","[null, null, null, null, null]",,0.1187928587810441,0.13366891667176173,5.0,1.96
1a,2500,2193005,neural-fore,neural-main-oracle-bellman,-12.648894053214024,-12.560742681409183,-12.586673112426368,0.13300241428561763,-12.821427413408994,-12.300057949409371,1.0,-0.06222094078765572,0.025930431017185285,0.820135667786398,0.820135667786398,0.11988384471609484,0.11596909993708485,0.053599539287703155,nan,nan,0.3496208381570195,9.331927830459037,32.89788784410115,1623.6332600604403,nan,nan,nan,nan,nan,nan,nan,nan,nan,140.0,0.019481297200836457,6.797811008023563,2000.0,1.0,0.0,nan,nan,nan,nan,nan,nan,nan,nan,nan,nan,nan,nan,nan,nan,nan,nan,0.0,"[100, 100, 100, 300, 100]","[0.016610233672032217, 0.04887194174613724, 0.020122831030516347, 0.0011046744448643586, 0.010696805110632127]","[null, null, null, null, null]","[null, null, null, null, null]","[null, null, null, null, null]","[null, null, null, null, null]",,0.13300241428561763,0.061547802905892665,5.0,1.96
1a,2500,2203005,neural-fore,neural-main-oracle-bellman,-12.657023864184168,-12.640511698629965,-12.586673112426368,0.12908161733427936,-12.893511668605152,-12.387511728654777,1.0,-0.07035075175780037,-0.053838586203596606,0.7902640428729973,0.7902640428729973,0.13676818921880546,0.12524949298268398,0.033579069168426366,nan,nan,0.26166257388149133,9.240226639081826,29.517493346173794,1623.6555629218637,nan,nan,nan,nan,nan,nan,nan,nan,nan,140.0,0.009286406766665176,7.076763675012626,2000.0,1.0,0.0,nan,nan,nan,nan,nan,nan,nan,nan,nan,nan,nan,nan,nan,nan,nan,nan,0.0,"[100, 300, 100, 100, 100]","[0.003984128876471214, 0.007631789696347924, 0.004604447269046771, 0.003356208209855159, 0.026855459781604814]","[null, null, null, null, null]","[null, null, null, null, null]","[null, null, null, null, null]","[null, null, null, null, null]",,0.12908161733427936,0.1973561972506995,5.0,1.96
1a,2500,2213005,neural-fore,neural-main-oracle-bellman,-12.500520082520335,-12.501217069046044,-12.586673112426368,0.12457198235596395,-12.745378154463733,-12.257055983628355,1.0,0.08615302990603269,0.08545604338032398,0.5387067698757709,0.5387067698757709,0.07812152046784984,0.07235000394783385,0.03207439857472689,nan,nan,0.3600773526088194,9.423893883464306,29.524349279555537,1637.5775839898627,nan,nan,nan,nan,nan,nan,nan,nan,nan,140.0,0.00892035824480519,6.783338825195097,2000.0,1.0,0.0,nan,nan,nan,nan,nan,nan,nan,nan,nan,nan,nan,nan,nan,nan,nan,nan,0.0,"[100, 100, 100, 100, 300]","[0.006517074343242275, 0.0, 0.03718399879797263, 0.0009007180828110486, 0.0]","[null, null, null, null, null]","[null, null, null, null, null]","[null, null, null, null, null]","[null, null, null, null, null]",,0.12457198235596395,0.07863166906802113,5.0,1.96
1a,2500,2223005,neural-fore,neural-main-oracle-bellman,-12.644143203968367,-12.622649701003848,-12.586673112426368,0.12424702167384648,-12.866173863484587,-12.379125538523109,1.0,-0.057470091541999224,-0.03597658857747987,0.6838975035292785,0.6838975035292785,0.15409133371061307,0.14528226165064773,0.03850588684546139,nan,nan,0.2790959432696914,9.135725322466001,30.122480478758785,1623.571176357014,nan,nan,nan,nan,nan,nan,nan,nan,nan,140.0,0.006784339152647166,6.5844112822203895,2000.0,1.0,0.0,nan,nan,nan,nan,nan,nan,nan,nan,nan,nan,nan,nan,nan,nan,nan,nan,0.0,"[100, 100, 300, 100, 100]","[0.008348442412195515, 0.0010884259680145583, 0.0, 0.0081344982166345, 0.01635032916639126]","[null, null, null, null, null]","[null, null, null, null, null]","[null, null, null, null, null]","[null, null, null, null, null]",,0.12424702167384648,0.09320048045726187,5.0,1.96
1a,2500,2233005,neural-fore,neural-main-oracle-bellman,-12.795521843708169,-12.741828116878704,-12.586673112426368,0.13286907077274873,-13.002251495593292,-12.481404738164116,1.0,-0.20884873128180104,-0.155155004452336,1.1763809378476868,1.1763809378476868,0.15545499668369156,0.13206268412836447,0.04537045374448159,nan,nan,0.29416936175762654,9.35336857127447,32.056284152564515,1581.9188486448916,nan,nan,nan,nan,nan,nan,nan,nan,nan,140.0,0.007079580007268241,6.46365040037781,2000.0,1.0,0.0,nan,nan,nan,nan,nan,nan,nan,nan,nan,nan,nan,nan,nan,nan,nan,nan,0.0,"[100, 100, 100, 300, 100]","[0.009143353030765052, 0.0, 0.007753739296283899, 0.0, 0.018500807709292248]","[null, null, null, null, null]","[null, null, null, null, null]","[null, null, null, null, null]","[null, null, null, null, null]",,0.13286907077274873,0.05240386124529118,5.0,1.96
1a,2500,2243005,neural-fore,neural-main-oracle-bellman,-12.4802433547232,-12.429003283886667,-12.586673112426368,0.11952436249573901,-12.663271034378315,-12.194735533395018,1.0,0.10642975770316809,0.15766982853970113,0.8274034653982589,0.8274034653982589,0.13431653548288786,0.12028099309193892,0.04364855286857023,nan,nan,0.490315155784408,9.201794515719211,26.458393694307652,1706.2011054054722,nan,nan,nan,nan,nan,nan,nan,nan,nan,140.0,0.011934583833305472,6.2485971169779075,2000.0,1.0,0.0,nan,nan,nan,nan,nan,nan,nan,nan,nan,nan,nan,nan,nan,nan,nan,nan,0.0,"[100, 300, 100, 100, 100]","[0.016152836939412073, 0.014815938117183573, 0.0036301293711697245, 0.025074014738761988, 0.0]","[null, null, null, null, null]","[null, null, null, null, null]","[null, null, null, null, null]","[null, null, null, null, null]",,0.11952436249573901,0.022917537782152362,5.0,1.96
1a,2500,2253005,neural-fore,neural-main-oracle-bellman,-12.764867576977492,-12.686208689422854,-12.586673112426368,0.13229594765553154,-12.945508746827695,-12.426908632018012,1.0,-0.1781944645511242,-0.09953557699648563,0.82803847026728,0.82803847026728,0.12438294981695577,0.11965687417145403,0.042921999755237666,nan,nan,0.35672062250416503,9.213328248030646,31.442600895309756,1611.012698349571,nan,nan,nan,nan,nan,nan,nan,nan,nan,100.0,0.024167319962379242,6.118913491629064,2000.0,1.0,0.0,nan,nan,nan,nan,nan,nan,nan,nan,nan,nan,nan,nan,nan,nan,nan,nan,0.0,"[100, 100, 100, 100, 100]","[0.010232291038088207, 0.004712705281311794, 0.054781397967277816, 0.0, 0.05111020552521839]","[null, null, null, null, null]","[null, null, null, null, null]","[null, null, null, null, null]","[null, null, null, null, null]",,0.13229594765553154,0.1442241589307703,5.0,1.96
1a,2500,2263005,neural-fore,neural-main-oracle-bellman,-12.480857177622015,-12.259143200371808,-12.586673112426368,0.11252237409649622,-12.47968705360094,-12.038599347142675,0.0,0.10581593480435281,0.32752991205456006,0.8739138942252346,0.8739138942252346,0.14004143091188193,0.1239141119917541,0.07814973247656244,nan,nan,0.32846389079539345,10.155467480822995,27.880870198467466,1752.570350208975,nan,nan,nan,nan,nan,nan,nan,nan,nan,180.0,0.02043704566423108,7.2054975083912725,2000.0,1.0,0.0,nan,nan,nan,nan,nan,nan,nan,nan,nan,nan,nan,nan,nan,nan,nan,nan,0.0,"[100, 300, 100, 300, 100]","[0.08049577953956553, 0.0, 0.013590723157679742, 0.0, 0.008098725623910116]","[null, null, null, null, null]","[null, null, null, null, null]","[null, null, null, null, null]","[null, null, null, null, null]",,0.11252237409649622,0.136611867648551,5.0,1.96
1a,2500,2273005,neural-fore,neural-main-oracle-bellman,-12.725580841990112,-12.615172989751253,-12.586673112426368,0.1269452100592206,-12.863985601467325,-12.36636037803518,1.0,-0.1389077295637442,-0.028499877324884793,1.2005967398018011,1.2005967398018011,0.2102999452814256,0.166013121513842,0.06329000639986422,nan,nan,0.19475165470287062,9.069241884260979,28.311229144731662,1638.9198314954726,nan,nan,nan,nan,nan,nan,nan,nan,nan,140.0,0.007028454986358531,7.107319166604429,2000.0,1.0,0.0,nan,nan,nan,nan,nan,nan,nan,nan,nan,nan,nan,nan,nan,nan,nan,nan,0.0,"[100, 100, 100, 300, 100]","[0.007095715545656257, 0.009460984142552548, 0.013093389451784086, 0.0, 0.00549218579179977]","[null, null, null, null, null]","[null, null, null, null, null]","[null, null, null, null, null]","[null, null, null, null, null]",,0.1269452100592206,0.11372292672910987,5.0,1.96
1a,2500,2283005,neural-fore,neural-main-oracle-bellman,-12.605369357140491,-12.518007447405541,-12.586673112426368,0.12296289180676306,-12.759014715346797,-12.277000179464284,1.0,-0.01869624471412301,0.06866566502082705,1.1617249580320403,1.1617249580320403,0.16679028483922576,0.14773382571446753,0.031674607561470315,nan,nan,0.2924212911481787,9.62895165924961,30.51348327656349,1654.5031546529106,nan,nan,nan,nan,nan,nan,nan,nan,nan,180.0,0.004976808323996845,7.5055348665569905,2000.0,1.0,0.0,nan,nan,nan,nan,nan,nan,nan,nan,nan,nan,nan,nan,nan,nan,nan,nan,0.0,"[300, 100, 300, 100, 100]","[0.00728084109820246, 0.004780750658574248, 0.0, 0.010422713941582847, 0.0023997359216246707]","[null, null, null, null, null]","[null, null, null, null, null]","[null, null, null, null, null]","[null, null, null, null, null]",,0.12296289180676306,0.10331071795030085,5.0,1.96
1a,2500,2293005,neural-fore,neural-main-oracle-bellman,-12.737593467726512,-12.794560532756808,-12.586673112426368,0.13244412324556395,-13.054151014318114,-12.534970051195502,1.0,-0.15092035530014414,-0.20788742033044016,0.787217039365402,0.787217039365402,0.14958585775069738,0.1303434413280395,0.048864506202574924,nan,nan,0.29485899471024696,9.081594661258507,29.266423805041583,1617.5099107706437,nan,nan,nan,nan,nan,nan,nan,nan,nan,180.0,0.00845476013621554,7.590817108610645,2000.0,1.0000000000000002,0.0,nan,nan,nan,nan,nan,nan,nan,nan,nan,nan,nan,nan,nan,nan,nan,nan,0.0,"[300, 100, 100, 100, 300]","[0.0, 0.008244755850360707, 0.010929947485404972, 0.017429404844688835, 0.005669692500623182]","[null, null, null, null, null]","[null, null, null, null, null]","[null, null, null, null, null]","[null, null, null, null, null]",,0.13244412324556395,0.17966536156700255,5.0,1.96
1a,2500,2303005,neural-fore,neural-main-oracle-bellman,-12.58316635846716,-12.45623276392876,-12.586673112426368,0.11955088716834045,-12.690552502778708,-12.221913025078813,1.0,0.0035067539592077424,0.13044034849760777,0.7357224407961145,0.7357224407961145,0.1133678562007743,0.10454497260085885,0.03714107937639587,nan,nan,0.3183944340619072,9.679779693926136,28.020196452828632,1679.4723787225323,nan,nan,nan,nan,nan,nan,nan,nan,nan,100.0,0.010625351071699953,5.996170616161544,2000.0,1.0,0.0,nan,nan,nan,nan,nan,nan,nan,nan,nan,nan,nan,nan,nan,nan,nan,nan,0.0,"[100, 100, 100, 100, 100]","[0.00892343851496544, 0.018308864037272488, 0.0023925125038280516, 0.015836445371814698, 0.007665494930619088]","[null, null, null, null, null]","[null, null, null, null, null]","[null, null, null, null, null]","[null, null, null, null, null]",,0.11955088716834045,0.05878406197100264,5.0,1.96
1a,2500,2313005,neural-fore,neural-main-oracle-bellman,-12.676673402310488,-12.591957987353593,-12.586673112426368,0.1265107893822596,-12.839919134542821,-12.343996840164365,1.0,-0.09000028988412012,-0.0052848749272254025,1.0440057307804362,1.0440057307804362,0.14129271600625448,0.1157673860229966,0.036655640828346624,nan,nan,0.23563850518316784,9.477873077696874,30.310162888173032,1622.831585263501,nan,nan,nan,nan,nan,nan,nan,nan,nan,140.0,0.010286997872817623,7.4429644424119035,2000.0,1.0,0.0,nan,nan,nan,nan,nan,nan,nan,nan,nan,nan,nan,nan,nan,nan,nan,nan,0.0,"[100, 300, 100, 100, 100]","[0.02605561260121474, 0.0, 0.010780473499108356, 0.0055653880680424875, 0.009033515195722536]","[null, null, null, null, null]","[null, null, null, null, null]","[null, null, null, null, null]","[null, null, null, null, null]",,0.1265107893822596,0.10322730243137276,5.0,1.96
1a,2500,2323005,neural-fore,neural-main-oracle-bellman,-12.573153195487798,-12.532422267631146,-12.586673112426368,0.1252888151178944,-12.77798834526222,-12.286856190000073,1.0,0.01351991693857002,0.05425084479522191,0.9268999254127396,0.9268999254127396,0.12959368097058027,0.1151777689206124,0.04127384560104496,nan,nan,0.36279964608661897,9.30937829880498,32.25723893604513,1637.0795190092012,nan,nan,nan,nan,nan,nan,nan,nan,nan,180.0,0.01219954113498127,7.759655500215013,2000.0,1.0,0.0,nan,nan,nan,nan,nan,nan,nan,nan,nan,nan,nan,nan,nan,nan,nan,nan,0.0,"[100, 100, 300, 300, 100]","[0.026582955807910476, 0.005253009860227119, 0.0, 0.005619057851565244, 0.023542682155203512]","[null, null, null, null, null]","[null, null, null, null, null]","[null, null, null, null, null]","[null, null, null, null, null]",,0.1252888151178944,0.11434644695285681,5.0,1.96
1a,2500,2333005,neural-fore,neural-main-oracle-bellman,-12.833720982425374,-12.732853213728669,-12.586673112426368,0.13187485217295963,-12.99132792398767,-12.474378503469667,1.0,-0.2470478699990064,-0.14618010130230097,0.8006837900288689,0.8006837900288689,0.11229003497430459,0.09990683731165655,0.052153146242729174,nan,nan,0.32913209504676616,9.232614213376117,31.254301467822852,1608.980773922427,nan,nan,nan,nan,nan,nan,nan,nan,nan,180.0,0.015170085740907419,7.22002027540002,2000.0,1.0000000000000002,0.0,nan,nan,nan,nan,nan,nan,nan,nan,nan,nan,nan,nan,nan,nan,nan,nan,0.0,"[100, 100, 300, 100, 300]","[0.032938951429549654, 0.015263615584430467, 0.004594851095462341, 0.020915484483002775, 0.0021375261120918556]","[null, null, null, null, null]","[null, null, null, null, null]","[null, null, null, null, null]","[null, null, null, null, null]",,0.13187485217295963,0.1262475942759175,5.0,1.96
1a,2500,2343005,neural-fore,neural-main-oracle-bellman,-12.77082605743189,-12.839642630866553,-12.586673112426368,0.13174823143302383,-13.09786916447528,-12.581416097257826,1.0,-0.18415294500552193,-0.2529695184401852,1.07424940105222,1.07424940105222,0.13603444761271227,0.13169242887251936,0.043421701618858034,nan,nan,0.23570313390258546,9.25427988667656,32.94830052193807,1548.1865977390505,nan,nan,nan,nan,nan,nan,nan,nan,nan,220.0,0.0028810055649237244,8.169312658207492,2000.0,1.0,0.0,nan,nan,nan,nan,nan,nan,nan,nan,nan,nan,nan,nan,nan,nan,nan,nan,0.0,"[100, 300, 300, 100, 300]","[0.006685365735386233, 0.0028612122508127327, 0.0016198892804631737, 0.0014378433501998906, 0.001800717207756592]","[null, null, null, null, null]","[null, null, null, null, null]","[null, null, null, null, null]","[null, null, null, null, null]",,0.13174823143302383,0.04275740178593979,5.0,1.96
1a,2500,2353005,neural-fore,neural-main-oracle-bellman,-12.504652365693023,-12.509403540412038,-12.586673112426368,0.1287684086939348,-12.76178962145215,-12.257017459371925,1.0,0.08202074673334536,0.07726957201433038,0.8471812752819542,0.8471812752819542,0.13230178010541374,0.11143084336625124,0.028326389231519786,nan,nan,0.2950218716331272,9.32930361303729,31.982121462788918,1612.229024305367,nan,nan,nan,nan,nan,nan,nan,nan,nan,180.0,0.020391508313566675,7.238335741811897,2000.0,1.0,0.0,nan,nan,nan,nan,nan,nan,nan,nan,nan,nan,nan,nan,nan,nan,nan,nan,0.0,"[100, 100, 300, 300, 100]","[0.04498819552546053, 0.03578933748929372, 0.003221746774389663, 0.007238685934938628, 0.010719575843750832]","[null, null, null, null, null]","[null, null, null, null, null]","[null, null, null, null, null]","[null, null, null, null, null]",,0.1287684086939348,0.08022583153386383,5.0,1.96
1a,2500,2363005,neural-fore,neural-main-oracle-bellman,-12.5733305458721,-12.488589339592114,-12.586673112426368,0.12107044863493116,-12.725887418916578,-12.25129126026765,1.0,0.013342566554268132,0.09808377283425429,0.8590800105758138,0.8590800105758138,0.10253519054594311,0.09224815995356608,0.057625527688295236,nan,nan,0.4631719369106954,9.442122114306038,26.94710044662881,1717.8946012163265,nan,nan,nan,nan,nan,nan,nan,nan,nan,100.0,0.02134390004780265,6.414180016634054,2000.0,1.0,0.0,nan,nan,nan,nan,nan,nan,nan,nan,nan,nan,nan,nan,nan,nan,nan,nan,0.0,"[100, 100, 100, 100, 100]","[0.03663472553611059, 0.008474168979517758, 0.010452599943979558, 0.05115800577940533, 0.0]","[null, null, null, null, null]","[null, null, null, null, null]","[null, null, null, null, null]","[null, null, null, null, null]",,0.12107044863493116,0.0730762742345352,5.0,1.96
1a,2500,2373005,neural-fore,neural-main-oracle-bellman,-12.390322962949263,-12.3520791866107,-12.586673112426368,0.11844332840618352,-12.58422811028682,-12.11993026293458,0.0,0.19635014947710516,0.23459392581566796,0.6991653497060083,0.6991653497060083,0.13180131119559457,0.12318703833766267,0.05933213360548236,nan,nan,0.44375787618419255,9.441969974001402,28.194855853905537,1700.5337882224453,nan,nan,nan,nan,nan,nan,nan,nan,nan,140.0,0.02517161616028112,6.498430208396167,2000.0,1.0,0.0,nan,nan,nan,nan,nan,nan,nan,nan,nan,nan,nan,nan,nan,nan,nan,nan,0.0,"[100, 100, 100, 100, 300]","[0.029296997388420235, 0.025287713789094148, 0.039490364878874716, 0.03178300474501651, 0.0]","[null, null, null, null, null]","[null, null, null, null, null]","[null, null, null, null, null]","[null, null, null, null, null]",,0.11844332840618352,0.08482856719108836,5.0,1.96
1a,2500,2383005,neural-fore,neural-main-oracle-bellman,-12.614735581996149,-12.537254341497766,-12.586673112426368,0.12671226310953743,-12.785610377192459,-12.288898305803073,1.0,-0.028062469569780646,0.04941877092860203,0.8000886315221752,0.8000886315221752,0.1512395815900406,0.13378493099106048,0.035868564995589415,nan,nan,0.1976533101454074,9.319936264293421,34.991058418144675,1583.6316811265667,nan,nan,nan,nan,nan,nan,nan,nan,nan,180.0,0.013249800197306563,7.869901384413242,2000.0,1.0,0.0,nan,nan,nan,nan,nan,nan,nan,nan,nan,nan,nan,nan,nan,nan,nan,nan,0.0,"[100, 300, 100, 300, 100]","[0.009528495877407745, 0.006073149229411705, 0.01659830517840917, 0.018870100946335858, 0.015178949754968337]","[null, null, null, null, null]","[null, null, null, null, null]","[null, null, null, null, null]","[null, null, null, null, null]",,0.12671226310953743,0.0838078400488712,5.0,1.96
1a,2500,2393005,neural-fore,neural-main-oracle-bellman,-12.786904887536414,-12.812259231447229,-12.586673112426368,0.12941465047313125,-13.065911946374566,-12.558606516519891,1.0,-0.20023177511004597,-0.22558611902086056,0.678682265716724,0.678682265716724,0.13626665308041228,0.12248600454976506,0.04257626140022438,nan,nan,0.2337684625465462,9.192257674277311,27.616719088041805,1614.291450453935,nan,nan,nan,nan,nan,nan,nan,nan,nan,180.0,0.013270448756750453,7.747786991787143,2000.0,1.0,0.0,nan,nan,nan,nan,nan,nan,nan,nan,nan,nan,nan,nan,nan,nan,nan,nan,0.0,"[300, 300, 100, 100, 100]","[0.0, 0.0005468942518279561, 0.006862150392663872, 0.05415221719719328, 0.004790981942067158]","[null, null, null, null, null]","[null, null, null, null, null]","[null, null, null, null, null]","[null, null, null, null, null]",,0.12941465047313125,0.15451642555807274,5.0,1.96
1a,2500,2403005,neural-fore,neural-main-oracle-bellman,-12.613221498307071,-12.563367645103286,-12.586673112426368,0.12322957080433893,-12.804897603879791,-12.32183768632678,1.0,-0.026548385880703407,0.02330546732308214,0.6817299877812827,0.6817299877812827,0.10741034368270766,0.10091153461994018,0.04996788010993111,nan,nan,0.3736352036133558,9.463550353669339,30.00254538368849,1646.7942539597982,nan,nan,nan,nan,nan,nan,nan,nan,nan,140.0,0.014093577561195147,7.077297466620803,2000.0,1.0,0.0,nan,nan,nan,nan,nan,nan,nan,nan,nan,nan,nan,nan,nan,nan,nan,nan,0.0,"[100, 300, 100, 100, 100]","[0.04013627725435173, 0.0003025983430789151, 0.003068651352222512, 0.026316611381208645, 0.0006437494751139294]","[null, null, null, null, null]","[null, null, null, null, null]","[null, null, null, null, null]","[null, null, null, null, null]",,0.12322957080433893,0.18488559154526757,5.0,1.96
1a,2500,2413005,neural-fore,neural-main-oracle-bellman,-12.602262910818945,-12.601915037207265,-12.586673112426368,0.1355567672841541,-12.867606301084207,-12.336223773330323,1.0,-0.015589798392577237,-0.01524192478089681,1.1812498087547614,1.1812498087547614,0.1812532624615491,0.13770614389363936,0.05796238086364907,nan,nan,0.39535574329370515,9.049764151074996,36.55542748510519,1553.270666166557,nan,nan,nan,nan,nan,nan,nan,nan,nan,100.0,0.01258443199515406,6.139680158835835,2000.0,1.0,0.0,nan,nan,nan,nan,nan,nan,nan,nan,nan,nan,nan,nan,nan,nan,nan,nan,0.0,"[100, 100, 100, 100, 100]","[0.017937149893924694, 0.0, 0.007741640758134494, 0.027624325788796072, 0.009619043534915042]","[null, null, null, null, null]","[null, null, null, null, null]","[null, null, null, null, null]","[null, null, null, null, null]",,0.1355567672841541,0.18253794033361126,5.0,1.96
1a,2500,2423005,neural-fore,neural-main-oracle-bellman,-12.613143036050266,-12.683385587934907,-12.586673112426368,0.13376456167150125,-12.94556412881105,-12.421207047058765,1.0,-0.026469923623897884,-0.09671247550853934,0.6614995508424333,0.6614995508424333,0.09611409746259032,0.07891919828687177,0.03864324363912801,nan,nan,0.2825061556556084,9.25358953751358,34.826786751585075,1577.1313297143074,nan,nan,nan,nan,nan,nan,nan,nan,nan,180.0,0.005869669812523156,7.678412491362542,2000.0,1.0,0.0,nan,nan,nan,nan,nan,nan,nan,nan,nan,nan,nan,nan,nan,nan,nan,nan,0.0,"[100, 100, 100, 300, 300]","[0.006837235780714185, 0.0076845939326067765, 0.004286022210146873, 0.0036196822679307726, 0.00692081487121717]","[null, null, null, null, null]","[null, null, null, null, null]","[null, null, null, null, null]","[null, null, null, null, null]",,0.13376456167150125,0.11644391847426606,5.0,1.96
1a,2500,2433005,neural-fore,neural-main-oracle-bellman,-12.465207345688833,-12.409652112715282,-12.586673112426368,0.12079754071804416,-12.646415292522649,-12.172888932907915,1.0,0.12146576673753451,0.1770209997110861,0.7185550040679323,0.7185550040679323,0.11439503732267124,0.09035400302375232,0.04925301302691333,nan,nan,0.3405200090232558,9.198206498164176,32.35533533366477,1647.242149386645,nan,nan,nan,nan,nan,nan,nan,nan,nan,100.0,0.014334589031223938,6.017096366593615,2000.0,1.0,0.0,nan,nan,nan,nan,nan,nan,nan,nan,nan,nan,nan,nan,nan,nan,nan,nan,0.0,"[100, 100, 100, 100, 100]","[0.00035436512027872127, 0.014340965785739394, 0.0090217163357217, 0.03436638709044107, 0.013589510823938809]","[null, null, null, null, null]","[null, null, null, null, null]","[null, null, null, null, null]","[null, null, null, null, null]",,0.12079754071804416,0.10563124915343496,5.0,1.96
1a,2500,2443005,neural-fore,neural-main-oracle-bellman,-12.77362580969931,-12.589398865267626,-12.586673112426368,0.12459691551035348,-12.83360881966792,-12.345188910867332,1.0,-0.1869526972729414,-0.002725752841257645,0.7370805734673012,0.7370805734673012,0.11996213603552768,0.10017690431656867,0.04209223539249843,nan,nan,0.32873802700048127,9.274717145036366,29.98905259091865,1633.413704324161,nan,nan,nan,nan,nan,nan,nan,nan,nan,100.0,0.015027563111412942,5.984683240996674,2000.0,1.0,0.0,nan,nan,nan,nan,nan,nan,nan,nan,nan,nan,nan,nan,nan,nan,nan,nan,0.0,"[100, 100, 100, 100, 100]","[0.0, 0.01249518230578015, 0.011900255102071511, 0.015449418129013594, 0.03529296002019945]","[null, null, null, null, null]","[null, null, null, null, null]","[null, null, null, null, null]","[null, null, null, null, null]",,0.12459691551035348,0.031148936267656226,5.0,1.96
1a,2500,2453005,neural-fore,neural-main-oracle-bellman,-12.612544807308124,-12.539078323857561,-12.586673112426368,0.1234848515797208,-12.781108632953813,-12.297048014761309,1.0,-0.025871694881756113,0.047594788568806834,0.7103046479451531,0.7103046479451531,0.1183246720230396,0.10689711812752653,0.045355692964234126,nan,nan,0.37517149520396664,9.625285888321198,29.465694491096556,1687.6476053010365,nan,nan,nan,nan,nan,nan,nan,nan,nan,140.0,0.013586031350639915,6.719451016804669,2000.0,1.0,0.0,nan,nan,nan,nan,nan,nan,nan,nan,nan,nan,nan,nan,nan,nan,nan,nan,0.0,"[100, 300, 100, 100, 100]","[0.023314687571322296, 0.0050702138956351, 0.0037807938671526515, 0.005395478472482044, 0.030368982946607483]","[null, null, null, null, null]","[null, null, null, null, null]","[null, null, null, null, null]","[null, null, null, null, null]",,0.1234848515797208,0.13765161613516114,5.0,1.96
1a,2500,2463005,neural-fore,neural-main-oracle-bellman,-12.59996495729267,-12.544999034078828,-12.586673112426368,0.12271670216204165,-12.785523770316429,-12.304474297841226,1.0,-0.013291844866301972,0.041674078347540444,0.5385716836809816,0.5385716836809816,0.1103088061636835,0.10752845851815118,0.04773897736710661,nan,nan,0.39428815844928944,9.470897539336093,29.53864029874753,1685.4652739278085,nan,nan,nan,nan,nan,nan,nan,nan,nan,100.0,0.016422218881477674,6.491898700001184,2000.0,1.0,0.0,nan,nan,nan,nan,nan,nan,nan,nan,nan,nan,nan,nan,nan,nan,nan,nan,0.0,"[100, 100, 100, 100, 100]","[0.0, 0.025753257619642842, 0.03325086855462146, 0.007158161692451741, 0.015948806540672326]","[null, null, null, null, null]","[null, null, null, null, null]","[null, null, null, null, null]","[null, null, null, null, null]",,0.12271670216204165,0.10993794031449916,5.0,1.96
1a,2500,2473005,neural-fore,neural-main-oracle-bellman,-12.49488988030887,-12.435684050647732,-12.586673112426368,0.11895234141007745,-12.668830639811484,-12.20253746148398,1.0,0.09178323211749806,0.15098906177863647,1.0895977854141818,1.0895977854141818,0.1259902483237223,0.11934838725215513,0.0325417807346888,nan,nan,0.35503012867628847,9.300415590670667,31.178860291276447,1652.1008640606499,nan,nan,nan,nan,nan,nan,nan,nan,nan,100.0,0.0197608385858512,6.082519066426903,2000.0,1.0,0.0,nan,nan,nan,nan,nan,nan,nan,nan,nan,nan,nan,nan,nan,nan,nan,nan,0.0,"[100, 100, 100, 100, 100]","[0.010058414578730461, 0.04204798464483902, 0.015070308371197357, 0.0036062712868112166, 0.028021214047677948]","[null, null, null, null, null]","[null, null, null, null, null]","[null, null, null, null, null]","[null, null, null, null, null]",,0.11895234141007745,0.04769028168323485,5.0,1.96
1a,2500,2483005,neural-fore,neural-main-oracle-bellman,-12.700002976655222,-12.788944457187165,-12.586673112426368,0.13726586999423487,-13.057985562375865,-12.519903351998465,1.0,-0.11332986422885405,-0.20227134476079733,1.093993628617007,1.093993628617007,0.16579295947962933,0.12828805154269693,0.044800536066625304,nan,nan,0.30516593156898775,9.098451356848518,33.25989082335504,1554.9654416847723,nan,nan,nan,nan,nan,nan,nan,nan,nan,140.0,0.039290152818969616,6.946061675203964,2000.0,1.0,0.0,nan,nan,nan,nan,nan,nan,nan,nan,nan,nan,nan,nan,nan,nan,nan,nan,0.0,"[100, 100, 300, 100, 100]","[0.01692908856425828, 0.06337659990456619, 0.005274352752229507, 0.07599917900926718, 0.0348715438645269]","[null, null, null, null, null]","[null, null, null, null, null]","[null, null, null, null, null]","[null, null, null, null, null]",,0.13726586999423487,0.14564691479018743,5.0,1.96
1a,2500,2493005,neural-fore,neural-main-oracle-bellman,-12.733930035048598,-12.700909185722702,-12.586673112426368,0.1344331309881538,-12.964398122459484,-12.437420248985921,1.0,-0.14725692262222978,-0.11423607329633434,0.6819287414552786,0.6819287414552786,0.1203334700257902,0.1129987222032434,0.0500238049987031,nan,nan,0.41678106509584834,9.058588315549612,33.85600555914182,1570.424085146646,nan,nan,nan,nan,nan,nan,nan,nan,nan,100.0,0.009208306510592125,6.259452167025302,2000.0,1.0,0.0,nan,nan,nan,nan,nan,nan,nan,nan,nan,nan,nan,nan,nan,nan,nan,nan,0.0,"[100, 100, 100, 100, 100]","[0.0060618616675051, 0.022064995579000102, 0.0, 0.0003150464171077187, 0.017599628889347702]","[null, null, null, null, null]","[null, null, null, null, null]","[null, null, null, null, null]","[null, null, null, null, null]",,0.1344331309881538,0.10528078717637138,5.0,1.96
1a,2500,2503005,neural-fore,neural-main-oracle-bellman,-12.62761203290096,-12.580751470066703,-12.586673112426368,0.12257721441998637,-12.821002810329876,-12.34050012980353,1.0,-0.040938920474591356,0.005921642359664858,1.0836436821467132,1.0836436821467132,0.1616738966783359,0.14913323868873968,0.05237898017406095,nan,nan,0.38837607567829335,9.32266249075576,27.73007195373244,1675.2245251542956,nan,nan,nan,nan,nan,nan,nan,nan,nan,140.0,0.01691663268462979,7.136572466988582,2000.0,1.0,0.0,nan,nan,nan,nan,nan,nan,nan,nan,nan,nan,nan,nan,nan,nan,nan,nan,0.0,"[300, 100, 100, 100, 100]","[0.0035101766153003786, 0.03163283635213929, 0.0034772465653003354, 0.02434606806034602, 0.02161683583006294]","[null, null, null, null, null]","[null, null, null, null, null]","[null, null, null, null, null]","[null, null, null, null, null]",,0.12257721441998637,0.18787641859671086,5.0,1.96
1a,2500,2513005,neural-fore,neural-main-oracle-bellman,-12.741616832852113,-12.617546940363885,-12.586673112426368,0.12929964331324034,-12.870974241257837,-12.364119639469934,1.0,-0.1549437204257451,-0.030873827937517362,0.715529014291635,0.715529014291635,0.12162026121826361,0.11328806303433851,0.045456507411675943,nan,nan,0.38157716080128434,9.435387006971473,29.275787935520675,1634.108516930551,nan,nan,nan,nan,nan,nan,nan,nan,nan,100.0,0.008200008731317526,6.630279516789597,2000.0,1.0,0.0,nan,nan,nan,nan,nan,nan,nan,nan,nan,nan,nan,nan,nan,nan,nan,nan,0.0,"[100, 100, 100, 100, 100]","[0.005860025026008268, 0.0, 0.0, 0.009652340268747091, 0.02548767836183227]","[null, null, null, null, null]","[null, null, null, null, null]","[null, null, null, null, null]","[null, null, null, null, null]",,0.12929964331324034,0.1668378012085681,5.0,1.96
1a,2500,2523005,neural-fore,neural-main-oracle-bellman,-12.795558603315902,-12.729283525638039,-12.586673112426368,0.1333967242076327,-12.990741105084998,-12.467825946191079,1.0,-0.2088854908895339,-0.14261041321167056,0.8534912088436112,0.8534912088436112,0.12939896764140452,0.11959805882406452,0.043793279596022805,nan,nan,0.3039031653852981,9.041556573405824,31.532341210775588,1590.9921425493214,nan,nan,nan,nan,nan,nan,nan,nan,nan,180.0,0.0065273262381255765,7.18374245838495,2000.0,1.0,0.0,nan,nan,nan,nan,nan,nan,nan,nan,nan,nan,nan,nan,nan,nan,nan,nan,0.0,"[100, 100, 300, 300, 100]","[0.014681270268542917, 0.0047111166434706635, 0.0, 0.0, 0.013244244278614302]","[null, null, null, null, null]","[null, null, null, null, null]","[null, null, null, null, null]","[null, null, null, null, null]",,0.1333967242076327,0.15834407384287308,5.0,1.96
1a,2500,2533005,neural-fore,neural-main-oracle-bellman,-12.621316358553411,-12.45786741553394,-12.586673112426368,0.1255193435829889,-12.703885328956598,-12.211849502111281,1.0,-0.03464324612704317,0.12880569689242805,0.7472492640155715,0.7472492640155715,0.14149182045290232,0.13094245597686174,0.050521412363062644,nan,nan,0.3630023574725581,9.367356874502303,31.851947214388485,1632.7153203999344,nan,nan,nan,nan,nan,nan,nan,nan,nan,140.0,0.0027597783000870126,6.71063248302089,2000.0,1.0,0.0,nan,nan,nan,nan,nan,nan,nan,nan,nan,nan,nan,nan,nan,nan,nan,nan,0.0,"[100, 100, 100, 100, 300]","[0.0007139437251075644, 0.001573555656994235, 0.0019038082296012912, 0.006470505056918313, 0.0031370788318136594]","[null, null, null, null, null]","[null, null, null, null, null]","[null, null, null, null, null]","[null, null, null, null, null]",,0.1255193435829889,0.07406148021632615,5.0,1.96
1a,2500,2543005,neural-fore,neural-main-oracle-bellman,-12.747206499966842,-12.616914800650417,-12.586673112426368,0.13437898150953875,-12.880297604409112,-12.353531996891721,1.0,-0.16053338754047353,-0.030241688224048602,0.5720108804130536,0.5720108804130536,0.1280292072398903,0.11371896010325447,0.034724569615083495,nan,nan,0.27725667461566905,9.102264762616205,33.788274988012276,1556.100485069961,nan,nan,nan,nan,nan,nan,nan,nan,nan,220.0,0.0065056109549678385,8.323846124194096,2000.0,1.0,0.0,nan,nan,nan,nan,nan,nan,nan,nan,nan,nan,nan,nan,nan,nan,nan,nan,0.0,"[100, 300, 100, 300, 300]","[0.02230716044231513, 0.004162423440018504, 0.001365845606178599, 0.0046926252863269645, 0.0]","[null, null, null, null, null]","[null, null, null, null, null]","[null, null, null, null, null]","[null, null, null, null, null]",,0.13437898150953875,0.14069333983777096,5.0,1.96
1a,2500,2553005,neural-fore,neural-main-oracle-bellman,-12.726410606155147,-12.57421429784578,-12.586673112426368,0.12676271584898688,-12.822669220909795,-12.325759374781764,1.0,-0.13973749372877897,0.012458814580588395,0.9236216591687786,0.9236216591687786,0.22489397395429855,0.200002532403951,0.06653393445686974,nan,nan,0.38839482403764725,9.333912679170068,28.253080383495753,1651.29438631995,nan,nan,nan,nan,nan,nan,nan,nan,nan,100.0,0.018820907417914,5.912816866801586,2000.0,1.0,0.0,nan,nan,nan,nan,nan,nan,nan,nan,nan,nan,nan,nan,nan,nan,nan,nan,0.0,"[100, 100, 100, 100, 100]","[0.002131099172508389, 0.031303737982781014, 0.00843088149421851, 0.022515577073643718, 0.029723241366418372]","[null, null, null, null, null]","[null, null, null, null, null]","[null, null, null, null, null]","[null, null, null, null, null]",,0.12676271584898688,0.1993881834787028,5.0,1.96
1a,2500,2563005,neural-fore,neural-main-oracle-bellman,-12.604453965928865,-12.549482895197375,-12.586673112426368,0.1252913481039544,-12.795053937481125,-12.303911852913625,1.0,-0.01778085350249725,0.03719021722899285,0.8059479794153649,0.8059479794153649,0.13554847860437666,0.11019129386008417,0.04061970917836502,nan,nan,0.3277208471957434,9.33071313645069,28.928236966844974,1658.0002006456273,nan,nan,nan,nan,nan,nan,nan,nan,nan,140.0,0.01663989124943126,6.704772416804917,2000.0,1.0,0.0,nan,nan,nan,nan,nan,nan,nan,nan,nan,nan,nan,nan,nan,nan,nan,nan,0.0,"[100, 100, 300, 100, 100]","[0.0, 0.03264838456000651, 0.00894970626497895, 0.008737483905672397, 0.03286388151649845]","[null, null, null, null, null]","[null, null, null, null, null]","[null, null, null, null, null]","[null, null, null, null, null]",,0.1252913481039544,0.08634704399215645,5.0,1.96
1a,2500,2573005,neural-fore,neural-main-oracle-bellman,-12.527763853214285,-12.43588417481483,-12.586673112426368,0.12738481737092514,-12.685558416861845,-12.186209932767817,1.0,0.05890925921208279,0.15078893761153722,0.7810697650419157,0.7810697650419157,0.10905350517497377,0.08768803068735555,0.040132453562221414,nan,nan,0.2871976068341504,9.362558625146065,31.162639903973812,1615.7372656181699,nan,nan,nan,nan,nan,nan,nan,nan,nan,140.0,0.015835527994580236,6.363637999619823,2000.0,1.0,0.0,nan,nan,nan,nan,nan,nan,nan,nan,nan,nan,nan,nan,nan,nan,nan,nan,0.0,"[300, 100, 100, 100, 100]","[0.0060451071846690544, 0.0, 0.04333008836469418, 0.015184429964225874, 0.014618014459312073]","[null, null, null, null, null]","[null, null, null, null, null]","[null, null, null, null, null]","[null, null, null, null, null]",,0.12738481737092514,0.18714730927605297,5.0,1.96
1a,2500,2583005,neural-fore,neural-main-oracle-bellman,-12.726784499297452,-12.569390353605245,-12.586673112426368,0.12942999373278263,-12.8230731413215,-12.31570756588899,1.0,-0.1401113868710837,0.017282758821123068,0.9487471038074341,0.9487471038074341,0.1212935589542353,0.10940784415722364,0.03833812938133255,nan,nan,0.4780186891061202,9.551298809067823,32.76647486093862,1591.7868169799692,nan,nan,nan,nan,nan,nan,nan,nan,nan,100.0,0.005820042015464217,6.465027824393474,2000.0,1.0,0.0,nan,nan,nan,nan,nan,nan,nan,nan,nan,nan,nan,nan,nan,nan,nan,nan,0.0,"[100, 100, 100, 100, 100]","[0.011187729651427161, 0.0032202729543973733, 0.0, 0.013961115155541248, 0.0007310923159553027]","[null, null, null, null, null]","[null, null, null, null, null]","[null, null, null, null, null]","[null, null, null, null, null]",,0.12942999373278263,0.16109346392634696,5.0,1.96
1a,2500,2593005,neural-fore,neural-main-oracle-bellman,-12.69576194744591,-12.653928231601265,-12.586673112426368,0.12929627946748928,-12.907348939357544,-12.400507523844986,1.0,-0.10908883501954136,-0.0672551191748969,0.5286440609983142,0.5286440609983142,0.10193321150544818,0.09396815944010424,0.03706273811796053,nan,nan,0.2927222619731222,8.917668298449211,30.364392193146937,1613.5126584893846,nan,nan,nan,nan,nan,nan,nan,nan,nan,100.0,0.005826796367066913,6.671890033828094,2000.0,1.0,0.0,nan,nan,nan,nan,nan,nan,nan,nan,nan,nan,nan,nan,nan,nan,nan,nan,0.0,"[100, 100, 100, 100, 100]","[0.0018388726701093103, 0.011004833529559907, 0.0010232279337277102, 0.014479061668958059, 0.000787986032979579]","[null, null, null, null, null]","[null, null, null, null, null]","[null, null, null, null, null]","[null, null, null, null, null]",,0.12929627946748928,0.10508829792711076,5.0,1.96
1a,2500,2603005,neural-fore,neural-main-oracle-bellman,-12.557991854857917,-12.501518849330193,-12.586673112426368,0.12604330751234583,-12.748563732054391,-12.254473966605994,1.0,0.028681257568450746,0.08515426309617524,1.123717247754032,1.123717247754032,0.24919675928252155,0.19537321051497203,0.0425024839715506,nan,nan,0.31513902832063606,9.339121434747451,31.409824567538706,1646.156165104818,nan,nan,nan,nan,nan,nan,nan,nan,nan,140.0,0.01219654518398371,6.6826032917713745,2000.0,1.0,0.0,nan,nan,nan,nan,nan,nan,nan,nan,nan,nan,nan,nan,nan,nan,nan,nan,0.0,"[100, 100, 100, 300, 100]","[0.00568500329125803, 0.04311593652898668, 0.00297038774667146, 0.002215820702871585, 0.006995577650130784]","[null, null, null, null, null]","[null, null, null, null, null]","[null, null, null, null, null]","[null, null, null, null, null]",,0.12604330751234583,0.11485639882340738,5.0,1.96
1a,2500,2613005,neural-fore,neural-main-oracle-bellman,-12.710396312396075,-12.776591238141261,-12.586673112426368,0.13698687148782532,-13.045085506257399,-12.508096970025123,1.0,-0.1237231999697066,-0.1899181257148932,0.7141348599764491,0.7141348599764491,0.09487448049177434,0.07563298703507308,0.03708185378469659,nan,nan,0.27910913751618954,8.952508621761133,35.66137543631377,1533.5546319963826,nan,nan,nan,nan,nan,nan,nan,nan,nan,180.0,0.01620379779540234,7.338139890995808,2000.0,1.0,0.0,nan,nan,nan,nan,nan,nan,nan,nan,nan,nan,nan,nan,nan,nan,nan,nan,0.0,"[300, 100, 100, 100, 300]","[0.00569230269841479, 0.0, 0.04114239628917994, 0.034184289989416965, 0.0]","[null, null, null, null, null]","[null, null, null, null, null]","[null, null, null, null, null]","[null, null, null, null, null]",,0.13698687148782532,0.0567085074545,5.0,1.96
1a,2500,2623005,neural-fore,neural-main-oracle-bellman,-12.501881190292819,-12.43396785942511,-12.586673112426368,0.1215930256034524,-12.672290189607876,-12.195645529242343,1.0,0.08479192213354914,0.15270525300125826,0.7140226303889742,0.7140226303889742,0.11979763565289472,0.10219484482965835,0.04682347254694399,nan,nan,0.31933760199006367,9.375845095950982,32.45480925368426,1610.2930589121315,nan,nan,nan,nan,nan,nan,nan,nan,nan,180.0,0.0051678250220750675,7.186245291214436,2000.0,1.0,0.0,nan,nan,nan,nan,nan,nan,nan,nan,nan,nan,nan,nan,nan,nan,nan,nan,0.0,"[100, 100, 300, 100, 300]","[0.0022705411558928716, 0.013775979719696532, 0.0, 0.009792604234785932, 0.0]","[null, null, null, null, null]","[null, null, null, null, null]","[null, null, null, null, null]","[null, null, null, null, null]",,0.1215930256034524,0.09122162551034375,5.0,1.96
1a,2500,2633005,neural-fore,neural-main-oracle-bellman,-12.642876957528783,-12.565617034572211,-12.586673112426368,0.12350094092205334,-12.807678878779436,-12.323555190364987,1.0,-0.05620384510241472,0.02105607785415664,0.7685267467198273,0.7685267467198273,0.11226361515410951,0.08133930696590855,0.05103311278845304,nan,nan,0.3663755415653386,9.19473773394237,27.34436887969421,1658.4187309936538,nan,nan,nan,nan,nan,nan,nan,nan,nan,180.0,0.005059938456766036,7.608068157802336,2000.0,1.0,0.0,nan,nan,nan,nan,nan,nan,nan,nan,nan,nan,nan,nan,nan,nan,nan,nan,0.0,"[100, 100, 300, 100, 300]","[0.01256972912047169, 0.009551453370745689, 0.0, 0.0031785097926127995, 0.0]","[null, null, null, null, null]","[null, null, null, null, null]","[null, null, null, null, null]","[null, null, null, null, null]",,0.12350094092205334,0.08001598408814879,5.0,1.96
1a,2500,2643005,neural-fore,neural-main-oracle-bellman,-12.640869502980893,-12.58021111938913,-12.586673112426368,0.1279383337000086,-12.830970253441146,-12.329451985337114,1.0,-0.054196390554524854,0.006461993037238045,0.6513253071762511,0.6513253071762511,0.11792356139711058,0.09611326488520627,0.037802712912622945,nan,nan,0.2950459117561049,9.48831038950977,31.275250312935718,1630.7531674285026,nan,nan,nan,nan,nan,nan,nan,nan,nan,100.0,0.013219797889132297,6.031031758361496,2000.0,1.0,0.0,nan,nan,nan,nan,nan,nan,nan,nan,nan,nan,nan,nan,nan,nan,nan,nan,0.0,"[100, 100, 100, 100, 100]","[0.028214313449184368, 0.008881362717251774, 0.0, 0.010395872000586377, 0.01860744127863897]","[null, null, null, null, null]","[null, null, null, null, null]","[null, null, null, null, null]","[null, null, null, null, null]",,0.1279383337000086,0.09158990420046938,5.0,1.96
1a,2500,2653005,neural-fore,neural-main-oracle-bellman,-12.643397108067191,-12.705050512599351,-12.586673112426368,0.12819881082302595,-12.956320181812483,-12.45378084338622,1.0,-0.05672399564082298,-0.11837740017298337,0.6563682207156927,0.6563682207156927,0.11198709247091179,0.10175755241785293,0.050410656422796324,nan,nan,0.2608787555974676,9.230740645222932,29.565678847825737,1613.366474127524,nan,nan,nan,nan,nan,nan,nan,nan,nan,180.0,0.008914496825011648,7.747637225186918,2000.0,1.0,0.0,nan,nan,nan,nan,nan,nan,nan,nan,nan,nan,nan,nan,nan,nan,nan,nan,0.0,"[100, 300, 300, 100, 100]","[0.022992873939931782, 0.00487704790787175, 0.0, 0.004726882811939351, 0.011975679465315366]","[null, null, null, null, null]","[null, null, null, null, null]","[null, null, null, null, null]","[null, null, null, null, null]",,0.12819881082302595,0.10737353696293425,5.0,1.96
1a,2500,2663005,neural-fore,neural-main-oracle-bellman,-12.693472541630138,-12.578185072710438,-12.586673112426368,0.12195117477030994,-12.817209375260246,-12.33916077016063,1.0,-0.10679942920376995,0.00848803971592993,0.7661789455309961,0.7661789455309961,0.1383671964861087,0.11428205973622023,0.047020964621260646,nan,nan,0.38314516432436685,9.327584264527077,27.869524857066377,1677.300655305648,nan,nan,nan,nan,nan,nan,nan,nan,nan,100.0,0.009045240539594646,6.28711073345039,2000.0,1.0,0.0,nan,nan,nan,nan,nan,nan,nan,nan,nan,nan,nan,nan,nan,nan,nan,nan,0.0,"[100, 100, 100, 100, 100]","[0.00647509297753188, 0.015313843754990739, 0.01522109677565875, 0.006417116985723047, 0.0017990522040688141]","[null, null, null, null, null]","[null, null, null, null, null]","[null, null, null, null, null]","[null, null, null, null, null]",,0.12195117477030994,0.09652114288055112,5.0,1.96
1a,2500,2673005,neural-fore,neural-main-oracle-bellman,-12.46128279658145,-12.363886183952369,-12.586673112426368,0.12052214175828828,-12.600109581798614,-12.127662786106123,1.0,0.12539031584491767,0.22278692847399917,0.6375106671945586,0.6375106671945586,0.12482829790093664,0.11981438763249679,0.04542416302848448,nan,nan,0.3671274120147006,9.330279246761002,28.787174860400565,1675.7287063565723,nan,nan,nan,nan,nan,nan,nan,nan,nan,140.0,0.016221116584516086,7.033723042416386,2000.0,1.0,0.0,nan,nan,nan,nan,nan,nan,nan,nan,nan,nan,nan,nan,nan,nan,nan,nan,0.0,"[100, 100, 100, 100, 300]","[0.034035861927195356, 0.029408036732836717, 0.004035805018168964, 0.013250470520053901, 0.00037540872432547745]","[null, null, null, null, null]","[null, null, null, null, null]","[null, null, null, null, null]","[null, null, null, null, null]",,0.12052214175828828,0.11073145466720838,5.0,1.96
1a,2500,2683005,neural-fore,neural-main-oracle-bellman,-12.565596457709836,-12.528562658335916,-12.586673112426368,0.12736095282804535,-12.778190125878885,-12.278935190792948,1.0,0.021076654716532417,0.05811045409045157,0.9421931604946412,0.9421931604946412,0.1429960489682777,0.13547336664748877,0.053681657018197715,nan,nan,0.3055028404121437,9.298081146877081,31.54670300945128,1621.0050985054786,nan,nan,nan,nan,nan,nan,nan,nan,nan,180.0,0.008595857065331834,6.967664916999638,2000.0,1.0,0.0,nan,nan,nan,nan,nan,nan,nan,nan,nan,nan,nan,nan,nan,nan,nan,nan,0.0,"[300, 100, 100, 100, 300]","[0.00151547441877323, 0.02103731344945768, 0.0, 0.005301785558378782, 0.015124711900049477]","[null, null, null, null, null]","[null, null, null, null, null]","[null, null, null, null, null]","[null, null, null, null, null]",,0.12736095282804535,0.14938972902985362,5.0,1.96
1a,2500,2693005,neural-fore,neural-main-oracle-bellman,-12.595586528517929,-12.54496758382958,-12.586673112426368,0.12800525090460338,-12.795857875602602,-12.294077292056558,1.0,-0.008913416091560933,0.041705528596788,0.8208701163795922,0.8208701163795922,0.13600787793167207,0.11200154129398021,0.031604232187855845,nan,nan,0.24160496927741576,9.513020272697727,31.795707664340902,1623.631873494876,nan,nan,nan,nan,nan,nan,nan,nan,nan,140.0,0.01007215007445246,6.576972983183805,2000.0,1.0,0.0,nan,nan,nan,nan,nan,nan,nan,nan,nan,nan,nan,nan,nan,nan,nan,nan,0.0,"[100, 300, 100, 100, 100]","[0.018531395605580682, 0.004888644550779325, 0.004266494360677298, 0.0038206644875451385, 0.01885355136767985]","[null, null, null, null, null]","[null, null, null, null, null]","[null, null, null, null, null]","[null, null, null, null, null]",,0.12800525090460338,0.2271425781122378,5.0,1.96
1a,2500,2703005,neural-fore,neural-main-oracle-bellman,-12.682443801051098,-12.632062610638933,-12.586673112426368,0.13141952681016147,-12.889644883186849,-12.374480338091017,1.0,-0.09577068862473048,-0.04538949821256466,1.198003802857302,1.198003802857302,0.21544749151856393,0.14230874654214892,0.05551584794985718,nan,nan,0.38986569445101876,9.33418921795137,31.86911345282715,1611.282002629969,nan,nan,nan,nan,nan,nan,nan,nan,nan,180.0,0.009938373725689039,7.638512741215527,2000.0,1.0,0.0,nan,nan,nan,nan,nan,nan,nan,nan,nan,nan,nan,nan,nan,nan,nan,nan,0.0,"[300, 100, 300, 100, 100]","[0.0057434551621021925, 0.011690754609706118, 0.007661570884246081, 0.021417100472541546, 0.003178987499849253]","[null, null, null, null, null]","[null, null, null, null, null]","[null, null, null, null, null]","[null, null, null, null, null]",,0.13141952681016147,0.13078361516132692,5.0,1.96
1a,2500,2713005,neural-fore,neural-main-oracle-bellman,-12.703749055350627,-12.521983291514696,-12.586673112426368,0.12941472705314117,-12.775636156538852,-12.26833042649054,1.0,-0.11707594292425938,0.06468982091167241,0.8440946044387575,0.8440946044387575,0.1645874150543424,0.1543289671783495,0.05445002565967892,nan,nan,0.30376544895500424,9.176683535417116,31.62239216459241,1611.5521912946037,nan,nan,nan,nan,nan,nan,nan,nan,nan,140.0,0.00788927896290546,7.005763775401283,2000.0,1.0,0.0,nan,nan,nan,nan,nan,nan,nan,nan,nan,nan,nan,nan,nan,nan,nan,nan,0.0,"[100, 300, 100, 100, 100]","[0.006699110577332835, 0.004831164939510977, 0.02686997766602829, 0.0008773199910197462, 0.0001688216406354511]","[null, null, null, null, null]","[null, null, null, null, null]","[null, null, null, null, null]","[null, null, null, null, null]",,0.12941472705314117,0.110017909929205,5.0,1.96
1a,2500,2723005,neural-fore,neural-main-oracle-bellman,-12.324787239779377,-12.203096572376314,-12.586673112426368,0.11115570746637614,-12.42096175901041,-11.985231385742217,0.0,0.2618858726469906,0.38357654005005415,0.9867645231329183,0.9867645231329183,0.1546449849284188,0.13187137938207522,0.037436277432675504,nan,nan,0.3277429007477732,9.475155838952158,27.666137475484717,1723.103524284587,nan,nan,nan,nan,nan,nan,nan,nan,nan,100.0,0.0073596221229200245,6.906690533005166,2000.0,1.0000000000000002,0.0,nan,nan,nan,nan,nan,nan,nan,nan,nan,nan,nan,nan,nan,nan,nan,nan,0.0,"[100, 100, 100, 100, 100]","[0.0, 0.007890587253773314, 0.005297503908233872, 0.009867380060113966, 0.013742639392478969]","[null, null, null, null, null]","[null, null, null, null, null]","[null, null, null, null, null]","[null, null, null, null, null]",,0.11115570746637614,0.09222178524977166,5.0,1.96
1a,2500,2733005,neural-fore,neural-main-oracle-bellman,-12.60634730500621,-12.544209645917528,-12.586673112426368,0.1289587622798095,-12.796968819985954,-12.291450471849101,1.0,-0.019674192579842043,0.04246346650884014,1.0194690997861147,1.0194690997861147,0.17658825686227253,0.17832070245223006,0.042109306499208944,nan,nan,0.3654349699316802,9.09998962582437,30.32596343090165,1595.921229463529,nan,nan,nan,nan,nan,nan,nan,nan,nan,140.0,0.013830690086782232,6.792919683188666,2000.0,1.0,0.0,nan,nan,nan,nan,nan,nan,nan,nan,nan,nan,nan,nan,nan,nan,nan,nan,0.0,"[300, 100, 100, 100, 100]","[0.0, 0.009524187053609657, 0.005338978638077771, 0.0, 0.05429028474222373]","[null, null, null, null, null]","[null, null, null, null, null]","[null, null, null, null, null]","[null, null, null, null, null]",,0.1289587622798095,0.1681201658739823,5.0,1.96
1a,2500,2743005,neural-fore,neural-main-oracle-bellman,-12.84486990322315,-12.886856593530366,-12.586673112426368,0.14104382126723478,-13.163302483214146,-12.610410703846586,0.0,-0.2581967907967826,-0.30018348110399806,0.6757954131813957,0.6757954131813957,0.12497124574367957,0.12010755853162411,0.040520641068501374,nan,nan,0.38946968047582775,8.822993775533284,34.034349792778535,1548.7158366817655,nan,nan,nan,nan,nan,nan,nan,nan,nan,140.0,0.01165519436853447,6.881901241804007,2000.0,1.0,0.0,nan,nan,nan,nan,nan,nan,nan,nan,nan,nan,nan,nan,nan,nan,nan,nan,0.0,"[100, 300, 100, 100, 100]","[0.020130036096381063, 0.0015000591966440493, 0.0, 0.019995713039061898, 0.01665016351058533]","[null, null, null, null, null]","[null, null, null, null, null]","[null, null, null, null, null]","[null, null, null, null, null]",,0.14104382126723478,0.09045339378799154,5.0,1.96
1a,2500,2753005,neural-fore,neural-main-oracle-bellman,-12.695704485823589,-12.633791197356087,-12.586673112426368,0.1302173620557513,-12.88901722698536,-12.378565167726816,1.0,-0.10903137339722058,-0.04711808492971947,1.0349987098658948,1.0349987098658948,0.1229482071638012,0.10979564013096618,0.05539609975841941,nan,nan,0.3784007596846196,9.108387300359034,31.390617812607623,1584.9048294561037,nan,nan,nan,nan,nan,nan,nan,nan,nan,180.0,0.0057083219980973,7.497457933786791,2000.0,1.0,0.0,nan,nan,nan,nan,nan,nan,nan,nan,nan,nan,nan,nan,nan,nan,nan,nan,0.0,"[300, 300, 100, 100, 100]","[0.0028654349712394, 0.003601651058722211, 0.0097689684272232, 0.0022959540044162115, 0.010009601528885475]","[null, null, null, null, null]","[null, null, null, null, null]","[null, null, null, null, null]","[null, null, null, null, null]",,0.1302173620557513,0.1620397190754942,5.0,1.96
1a,2500,2763005,neural-fore,neural-main-oracle-bellman,-12.866184555762588,-12.795862183777778,-12.586673112426368,0.13385696811444628,-13.058221841282093,-12.533502526273464,1.0,-0.27951144333622047,-0.2091890713514104,0.7604192251107211,0.7604192251107211,0.1298537707803951,0.1174783966226487,0.05989047483049959,nan,nan,0.3388555121459103,8.980142826951951,31.194842429693356,1579.6309414110592,nan,nan,nan,nan,nan,nan,nan,nan,nan,140.0,0.01774136531406172,7.122905008785892,2000.0,1.0,0.0,nan,nan,nan,nan,nan,nan,nan,nan,nan,nan,nan,nan,nan,nan,nan,nan,0.0,"[100, 100, 100, 300, 100]","[0.0029549436417423782, 0.012088593291256096, 0.013072032170549901, 0.011743087859311729, 0.0488481696074485]","[null, null, null, null, null]","[null, null, null, null, null]","[null, null, null, null, null]","[null, null, null, null, null]",,0.13385696811444628,0.09056182251326073,5.0,1.96
1a,2500,2773005,neural-fore,neural-main-oracle-bellman,-12.916554488257981,-12.845237421679787,-12.586673112426368,0.13317147041949856,-13.106253503702003,-12.58422133965757,1.0,-0.32988137583161325,-0.2585643092534191,0.9939519555983688,0.9939519555983688,0.15064725335060114,0.1452037057990308,0.04149216066972494,nan,nan,0.31167969483208263,9.325112482884222,29.749739534579042,1625.5382163133152,nan,nan,nan,nan,nan,nan,nan,nan,nan,140.0,0.007207300182504322,6.939978950005025,2000.0,1.0,0.0,nan,nan,nan,nan,nan,nan,nan,nan,nan,nan,nan,nan,nan,nan,nan,nan,0.0,"[300, 100, 100, 100, 100]","[0.0004484905060787969, 0.0139826492893102, 0.001997548122100229, 0.009109655086059515, 0.010498157908972877]","[null, null, null, null, null]","[null, null, null, null, null]","[null, null, null, null, null]","[null, null, null, null, null]",,0.13317147041949856,0.1288335296509778,5.0,1.96
1a,2500,2783005,neural-fore,neural-main-oracle-bellman,-12.713533452296979,-12.609597069115656,-12.586673112426368,0.12273648243058305,-12.850160574679599,-12.369033563551714,1.0,-0.12686033987061052,-0.02292395668928826,1.178572245205995,1.178572245205995,0.1593241410930357,0.13125194307887833,0.055949953544830754,nan,nan,0.33603988577362814,9.43434599436469,26.989893731553746,1663.058260987663,nan,nan,nan,nan,nan,nan,nan,nan,nan,180.0,0.004690300765521599,7.521387099404819,2000.0,1.0,0.0,nan,nan,nan,nan,nan,nan,nan,nan,nan,nan,nan,nan,nan,nan,nan,nan,0.0,"[100, 100, 300, 300, 100]","[0.0012749957498818271, 0.006227041015676797, 0.0022811904987537885, 0.004656792152766047, 0.009011484410529532]","[null, null, null, null, null]","[null, null, null, null, null]","[null, null, null, null, null]","[null, null, null, null, null]",,0.12273648243058305,0.1600271299349829,5.0,1.96
1a,2500,2793005,neural-fore,neural-main-oracle-bellman,-12.674309995871893,-12.587861499007591,-12.586673112426368,0.12672986163100605,-12.836252027804363,-12.339470970210819,1.0,-0.08763688344552456,-0.001188386581223,0.5419452123318277,0.5419452123318277,0.12177120494249291,0.10939293651269236,0.030053065602836587,nan,nan,0.45213350563828486,9.609884951045135,32.146399114037926,1641.993703552861,nan,nan,nan,nan,nan,nan,nan,nan,nan,100.0,0.020665198946700745,6.146875732811168,2000.0,1.0,0.0,nan,nan,nan,nan,nan,nan,nan,nan,nan,nan,nan,nan,nan,nan,nan,nan,0.0,"[100, 100, 100, 100, 100]","[0.018627625433062463, 0.01121756233236902, 0.0, 0.06603405058619681, 0.007446756381875434]","[null, null, null, null, null]","[null, null, null, null, null]","[null, null, null, null, null]","[null, null, null, null, null]",,0.12672986163100605,0.09735245077883113,5.0,1.96
1a,2500,2803005,neural-fore,neural-main-oracle-bellman,-12.465146378002126,-12.42395579463004,-12.586673112426368,0.1212973267720552,-12.661698555103268,-12.186213034156811,1.0,0.12152673442424167,0.1627173177963286,0.8772219350409733,0.8772219350409733,0.13877591139333004,0.1264461236853317,0.03669699866781212,nan,nan,0.37401290166348444,9.416949544424401,29.936794882279504,1661.2542470594071,nan,nan,nan,nan,nan,nan,nan,nan,nan,140.0,0.009948173892162964,6.908736324985512,2000.0,1.0,0.0,nan,nan,nan,nan,nan,nan,nan,nan,nan,nan,nan,nan,nan,nan,nan,nan,0.0,"[100, 300, 100, 100, 100]","[0.003212538728347053, 0.0, 0.004730503492866999, 0.0195668419786983, 0.022230985260902468]","[null, null, null, null, null]","[null, null, null, null, null]","[null, null, null, null, null]","[null, null, null, null, null]",,0.1212973267720552,0.18688168898993665,5.0,1.96
1a,2500,2813005,neural-fore,neural-main-oracle-bellman,-12.580523203906225,-12.519141724122491,-12.586673112426368,0.12357797889512889,-12.761354562756944,-12.276928885488038,1.0,0.006149908520143299,0.06753138830387684,0.6151387716433513,0.6151387716433513,0.10827125821661943,0.09785898272661551,0.0386634177203465,nan,nan,0.3011741039298539,9.303331297672834,30.319717133593063,1640.5256307760642,nan,nan,nan,nan,nan,nan,nan,nan,nan,140.0,0.004685574171832023,6.9507488089846445,2000.0,1.0,0.0,nan,nan,nan,nan,nan,nan,nan,nan,nan,nan,nan,nan,nan,nan,nan,nan,0.0,"[300, 100, 100, 100, 100]","[0.002954590573196882, 0.010256465376885791, 0.004992785915795877, 0.0024276835606928653, 0.0027963454325887]","[null, null, null, null, null]","[null, null, null, null, null]","[null, null, null, null, null]","[null, null, null, null, null]",,0.12357797889512889,0.04771767997584052,5.0,1.96
1a,2500,2823005,neural-fore,neural-main-oracle-bellman,-12.658461987975748,-12.736401737964512,-12.586673112426368,0.1277075984851583,-12.986708630995421,-12.486094844933602,1.0,-0.0717888755493803,-0.1497286255381436,0.785813692539877,0.785813692539877,0.0934798403849449,0.08299978124373618,0.042821398816249356,nan,nan,0.3690115704452166,9.212951044618471,31.346812534449175,1617.6408660292125,nan,nan,nan,nan,nan,nan,nan,nan,nan,140.0,0.012222352767416863,6.949690350587479,2000.0,1.0,0.0,nan,nan,nan,nan,nan,nan,nan,nan,nan,nan,nan,nan,nan,nan,nan,nan,0.0,"[100, 100, 100, 300, 100]","[0.02457527638875658, 0.0023151235425276353, 0.00014069116902033218, 0.008834261004373718, 0.02524641173240606]","[null, null, null, null, null]","[null, null, null, null, null]","[null, null, null, null, null]","[null, null, null, null, null]",,0.1277075984851583,0.057760915292191246,5.0,1.96
1a,2500,2833005,neural-fore,neural-main-oracle-bellman,-12.467014257522445,-12.421210554403832,-12.586673112426368,0.11849180868852117,-12.653454499433334,-12.18896660937433,1.0,0.11965885490392303,0.1654625580225364,1.2504384357579486,1.2504384357579486,0.1899355947166696,0.1797991752854437,0.051341930026941096,nan,nan,0.33244494049160483,9.405215261163175,27.21060727679722,1704.909674291895,nan,nan,nan,nan,nan,nan,nan,nan,nan,180.0,0.019015493740855077,7.022459166811314,2000.0,1.0,0.0,nan,nan,nan,nan,nan,nan,nan,nan,nan,nan,nan,nan,nan,nan,nan,nan,0.0,"[300, 100, 300, 100, 100]","[0.0019490418972144242, 0.06268948658030561, 0.0027865883626127445, 0.015039117130922215, 0.012613234733220409]","[null, null, null, null, null]","[null, null, null, null, null]","[null, null, null, null, null]","[null, null, null, null, null]",,0.11849180868852117,0.14263759056560862,5.0,1.96
1a,2500,2843005,neural-fore,neural-main-oracle-bellman,-12.569631467418166,-12.472301435436297,-12.586673112426368,0.12105270134356343,-12.709564730069681,-12.235038140802912,1.0,0.017041645008202266,0.11437167699007134,0.7429536326209986,0.7429536326209986,0.1351575029422621,0.113969048886997,0.04178434146722749,nan,nan,0.3111291589360749,9.469713452655144,27.74026698864891,1679.0907435892902,nan,nan,nan,nan,nan,nan,nan,nan,nan,140.0,0.018878305169697424,6.821816817007493,2000.0,1.0,0.0,nan,nan,nan,nan,nan,nan,nan,nan,nan,nan,nan,nan,nan,nan,nan,nan,0.0,"[100, 300, 100, 100, 100]","[0.051444267834598066, 0.004588091305428141, 0.0034789696012637035, 0.033589658849458276, 0.0012905382577389217]","[null, null, null, null, null]","[null, null, null, null, null]","[null, null, null, null, null]","[null, null, null, null, null]",,0.12105270134356343,0.16153680274663806,5.0,1.96
1a,2500,2853005,neural-fore,neural-main-oracle-bellman,-12.442922868507887,-12.299248610495347,-12.586673112426368,0.11344602146863235,-12.521602812573867,-12.076894408416827,0.0,0.1437502439184808,0.28742450193102087,0.6312064273524383,0.6312064273524383,0.09806240238873794,0.08798575952619467,0.030203162981879354,nan,nan,0.32280874901063256,9.484749855934297,28.234504347666864,1703.2080476876417,nan,nan,nan,nan,nan,nan,nan,nan,nan,100.0,0.013158090117935279,6.349768433172722,2000.0,1.0,0.0,nan,nan,nan,nan,nan,nan,nan,nan,nan,nan,nan,nan,nan,nan,nan,nan,0.0,"[100, 100, 100, 100, 100]","[0.008112736610263464, 0.03396370852972048, 0.007703970939381374, 0.007310657596965275, 0.008699376913345797]","[null, null, null, null, null]","[null, null, null, null, null]","[null, null, null, null, null]","[null, null, null, null, null]",,0.11344602146863235,0.11794114086651376,5.0,1.96
1a,2500,2863005,neural-fore,neural-main-oracle-bellman,-12.65406891658066,-12.633055672994468,-12.586673112426368,0.13275595674889012,-12.893257348222292,-12.372853997766644,1.0,-0.0673958041542928,-0.04638256056809986,0.9154598950433538,0.9154598950433538,0.12143175317326635,0.09262384663307104,0.03583649870376903,nan,nan,0.32597303047868265,8.85228909627724,30.86915431004528,1595.088384234545,nan,nan,nan,nan,nan,nan,nan,nan,nan,100.0,0.011004055277965436,6.601048608403653,2000.0,1.0,0.0,nan,nan,nan,nan,nan,nan,nan,nan,nan,nan,nan,nan,nan,nan,nan,nan,0.0,"[100, 100, 100, 100, 100]","[0.02359163260412103, 0.020087636952062237, 0.005160402782582856, 0.004600122489588241, 0.0015804815614728158]","[null, null, null, null, null]","[null, null, null, null, null]","[null, null, null, null, null]","[null, null, null, null, null]",,0.13275595674889012,0.09240627358217776,5.0,1.96
1a,2500,2873005,neural-fore,neural-main-oracle-bellman,-12.410352280179389,-12.29652766873335,-12.586673112426368,0.11286808648149733,-12.517749118237086,-12.075306219229615,0.0,0.17632083224697936,0.2901454436930173,1.1272121652364013,1.1272121652364013,0.17771454453359928,0.15808993060627136,0.050055758759750324,nan,nan,0.3758259529984287,9.652659662466556,24.562730782705383,1738.706799310434,nan,nan,nan,nan,nan,nan,nan,nan,nan,140.0,0.014577805440697578,6.767311733821407,2000.0,1.0,0.0,nan,nan,nan,nan,nan,nan,nan,nan,nan,nan,nan,nan,nan,nan,nan,nan,0.0,"[100, 100, 300, 100, 100]","[0.0652472662487673, 0.0, 0.0028937775389460316, 0.004469558031760994, 0.0002784253840135729]","[null, null, null, null, null]","[null, null, null, null, null]","[null, null, null, null, null]","[null, null, null, null, null]",,0.11286808648149733,0.12222591756604899,5.0,1.96
1a,2500,2883005,neural-fore,neural-main-oracle-bellman,-12.508454967051971,-12.498828992730749,-12.586673112426368,0.12750251554332398,-12.748733923195664,-12.248924062265834,1.0,0.07821814537439664,0.08784411969561923,0.9212730123152397,0.9212730123152397,0.12795960158656816,0.09658476425651683,0.04859787158030276,nan,nan,0.4318574392468343,9.147268479791078,31.209882878630225,1639.4120597211222,nan,nan,nan,nan,nan,nan,nan,nan,nan,140.0,0.01122129801276298,7.251214241585695,2000.0,1.0,0.0,nan,nan,nan,nan,nan,nan,nan,nan,nan,nan,nan,nan,nan,nan,nan,nan,0.0,"[300, 100, 100, 100, 100]","[0.0019862754461082714, 0.026695643302353904, 0.009023614489332586, 0.006995848159489812, 0.011405108666530326]","[null, null, null, null, null]","[null, null, null, null, null]","[null, null, null, null, null]","[null, null, null, null, null]",,0.12750251554332398,0.14170987119703912,5.0,1.96
1a,2500,2893005,neural-fore,neural-main-oracle-bellman,-12.442681176331716,-12.417145863839192,-12.586673112426368,0.12082090427462455,-12.653954836217457,-12.180336891460927,1.0,0.14399193609465222,0.16952724858717616,1.0679867871326718,1.0679867871326718,0.1181848019551794,0.11209117530255701,0.06680085315671219,nan,nan,0.20153918666396747,9.249961916432241,28.927692895145977,1623.0788014433735,nan,nan,nan,nan,nan,nan,nan,nan,nan,220.0,0.011947338481918967,8.479940516792704,2000.0,1.0,0.0,nan,nan,nan,nan,nan,nan,nan,nan,nan,nan,nan,nan,nan,nan,nan,nan,0.0,"[100, 300, 300, 100, 300]","[0.013379258010996304, 0.0, 0.0026955157032718213, 0.04178189050055634, 0.0018800281947703636]","[null, null, null, null, null]","[null, null, null, null, null]","[null, null, null, null, null]","[null, null, null, null, null]",,0.12082090427462455,0.03745497893631107,5.0,1.96
1a,2500,2903005,neural-fore,neural-main-oracle-bellman,-12.650127836020758,-12.637038650715551,-12.586673112426368,0.13248073716780598,-12.89670089556445,-12.377376405866652,1.0,-0.06345472359438986,-0.05036553828918322,0.9420015803493454,0.9420015803493454,0.14491888563694244,0.12140518796151445,0.05686511881193988,nan,nan,0.36755927931465465,8.839192832451975,33.12829670332622,1567.0661984000415,nan,nan,nan,nan,nan,nan,nan,nan,nan,180.0,0.01206498742657077,7.468027825036552,2000.0,1.0,0.0,nan,nan,nan,nan,nan,nan,nan,nan,nan,nan,nan,nan,nan,nan,nan,nan,0.0,"[300, 100, 300, 100, 100]","[0.005536127654402724, 0.0058231975297429435, 0.0, 0.02048798642278437, 0.02847762552592381]","[null, null, null, null, null]","[null, null, null, null, null]","[null, null, null, null, null]","[null, null, null, null, null]",,0.13248073716780598,0.03998287595034932,5.0,1.96
1a,2500,2913005,neural-fore,neural-main-oracle-bellman,-12.825736113233724,-12.748039693457041,-12.586673112426368,0.13906451717461266,-13.020606147119283,-12.4754732397948,1.0,-0.23906300080735576,-0.16136658103067347,0.7600068803214286,0.7600068803214286,0.16743031648555423,0.17295669985455495,0.042958325086110104,nan,nan,0.23903067321559965,8.795790116824492,33.53329461187824,1539.5726071263105,nan,nan,nan,nan,nan,nan,nan,nan,nan,180.0,0.00659319410074913,7.276823766971939,2000.0,1.0,0.0,nan,nan,nan,nan,nan,nan,nan,nan,nan,nan,nan,nan,nan,nan,nan,nan,0.0,"[300, 100, 100, 100, 300]","[0.0, 0.0022785240998539906, 0.008619133679133362, 0.022068312724758295, 0.0]","[null, null, null, null, null]","[null, null, null, null, null]","[null, null, null, null, null]","[null, null, null, null, null]",,0.13906451717461266,0.10767072875374453,5.0,1.96
1a,2500,2923005,neural-fore,neural-main-oracle-bellman,-12.588930482646552,-12.535511897604968,-12.586673112426368,0.12830807746066608,-12.786995729427874,-12.284028065782062,1.0,-0.0022573702201835744,0.051161214821400236,0.907271659696162,0.907271659696162,0.11777505196928317,0.10693133747407443,0.0452436622904415,nan,nan,0.38345276732048855,9.141770138129514,32.90863164195038,1619.1375298665807,nan,nan,nan,nan,nan,nan,nan,nan,nan,100.0,0.01340111881967349,6.056138683785685,2000.0,1.0,0.0,nan,nan,nan,nan,nan,nan,nan,nan,nan,nan,nan,nan,nan,nan,nan,nan,0.0,"[100, 100, 100, 100, 100]","[0.014271853824055485, 0.00408227316065716, 0.004444942555528127, 0.005312482101743559, 0.03889404245638313]","[null, null, null, null, null]","[null, null, null, null, null]","[null, null, null, null, null]","[null, null, null, null, null]",,0.12830807746066608,0.13229795132747368,5.0,1.96
1a,2500,2933005,neural-fore,neural-main-oracle-bellman,-12.647145847977637,-12.499503462091095,-12.586673112426368,0.12496783787897757,-12.744440424333892,-12.254566499848298,1.0,-0.06047273555126864,0.08716965033527302,0.794664897602823,0.794664897602823,0.10227649795297741,0.09077751543972155,0.04981811012617987,nan,nan,0.40807098440429523,9.552183707035105,32.00589742848041,1640.8571191396402,nan,nan,nan,nan,nan,nan,nan,nan,nan,140.0,0.0037748036649913248,6.976206783007365,2000.0,1.0,0.0,nan,nan,nan,nan,nan,nan,nan,nan,nan,nan,nan,nan,nan,nan,nan,nan,0.0,"[100, 300, 100, 100, 100]","[0.001013934113711692, 0.0, 0.008479318962474475, 0.009380765248770458, 0.0]","[null, null, null, null, null]","[null, null, null, null, null]","[null, null, null, null, null]","[null, null, null, null, null]",,0.12496783787897757,0.15008059001774748,5.0,1.96
1a,2500,2943005,neural-fore,neural-main-oracle-bellman,-12.679798302870367,-12.725087872912875,-12.586673112426368,0.1380697789056023,-12.995704639567855,-12.454471106257895,1.0,-0.09312519044399892,-0.1384147604865067,0.7913011830935227,0.7913011830935227,0.12605757265446868,0.11862431996047085,0.04679946626786275,nan,nan,0.44284947860876483,8.752556798926427,32.88484640637816,1563.0098686567064,nan,nan,nan,nan,nan,nan,nan,nan,nan,100.0,0.01166013144114633,6.065645732835401,2000.0,1.0,0.0,nan,nan,nan,nan,nan,nan,nan,nan,nan,nan,nan,nan,nan,nan,nan,nan,0.0,"[100, 100, 100, 100, 100]","[0.003117982595504968, 0.01819423491186907, 0.02904192902728096, 0.0070857113880221706, 0.0008607992830544835]","[null, null, null, null, null]","[null, null, null, null, null]","[null, null, null, null, null]","[null, null, null, null, null]",,0.1380697789056023,0.16889764178614994,5.0,1.96
1a,2500,2953005,neural-fore,neural-main-oracle-bellman,-12.446275348672284,-12.390230900671696,-12.586673112426368,0.11850462789237566,-12.622499971340753,-12.15796183000264,1.0,0.14039776375408408,0.1964422117546718,0.7160227318923704,0.7160227318923704,0.09833130233870205,0.09609252701517759,0.04067188047182909,nan,nan,0.36208627190166687,9.554292007327277,29.42065603586014,1673.0784213655963,nan,nan,nan,nan,nan,nan,nan,nan,nan,100.0,0.01868756909461551,6.606326399999671,2000.0,1.0,0.0,nan,nan,nan,nan,nan,nan,nan,nan,nan,nan,nan,nan,nan,nan,nan,nan,0.0,"[100, 100, 100, 100, 100]","[0.01173483273694115, 0.05502297011773742, 0.007589972099142648, 0.017682460359653363, 0.001407610159602968]","[null, null, null, null, null]","[null, null, null, null, null]","[null, null, null, null, null]","[null, null, null, null, null]",,0.11850462789237566,0.049207604054248226,5.0,1.96
1a,2500,2963005,neural-fore,neural-main-oracle-bellman,-12.7466762872815,-12.710624658614623,-12.586673112426368,0.1357859029384371,-12.97676502837396,-12.444484288855287,1.0,-0.1600031748551327,-0.12395154618825543,1.0832748208109337,1.0832748208109337,0.1822439871647162,0.16946662752294656,0.05963418529099123,nan,nan,0.2749027797640524,8.902907238082797,32.560978712996075,1555.5490945025772,nan,nan,nan,nan,nan,nan,nan,nan,nan,140.0,0.025860232483359273,6.754398100147955,2000.0,1.0,0.0,nan,nan,nan,nan,nan,nan,nan,nan,nan,nan,nan,nan,nan,nan,nan,nan,0.0,"[100, 300, 100, 100, 100]","[0.042724622857890734, 0.012003273577236536, 0.038548043252373466, 0.010298983632582985, 0.025726239096712653]","[null, null, null, null, null]","[null, null, null, null, null]","[null, null, null, null, null]","[null, null, null, null, null]",,0.1357859029384371,0.14555570195563533,5.0,1.96
1a,2500,2973005,neural-fore,neural-main-oracle-bellman,-12.449779919440253,-12.428069888310125,-12.586673112426368,0.12112779816342402,-12.665480372710435,-12.190659403909814,1.0,0.1368931929861148,0.15860322411624317,0.9029112382404371,0.9029112382404371,0.14590626675537793,0.11148500581425666,0.033264508601761535,nan,nan,0.32741129129962643,9.89121087568019,29.34643269781418,1685.7351008535259,nan,nan,nan,nan,nan,nan,nan,nan,nan,140.0,0.012378636343356616,7.384199049603194,2000.0,0.9999999999999998,0.0,nan,nan,nan,nan,nan,nan,nan,nan,nan,nan,nan,nan,nan,nan,nan,nan,0.0,"[100, 100, 300, 100, 100]","[0.007371707175021966, 0.015377401455909701, 0.0, 0.019572230205479046, 0.019571842880372375]","[null, null, null, null, null]","[null, null, null, null, null]","[null, null, null, null, null]","[null, null, null, null, null]",,0.12112779816342402,0.15245837760956132,5.0,1.96
1a,2500,2983005,neural-fore,neural-main-oracle-bellman,-12.625190215750763,-12.47571089529515,-12.586673112426368,0.12728203472715602,-12.725183683360376,-12.226238107229923,1.0,-0.03851710332439495,0.11096221713121857,1.05458982519915,1.05458982519915,0.21220735335314225,0.17197718031105297,0.053981062217969014,nan,nan,0.302307262668494,9.294015363529063,30.178522065556443,1603.4082033538507,nan,nan,nan,nan,nan,nan,nan,nan,nan,180.0,0.014136306704551151,7.811519966018386,2000.0,1.0000000000000002,0.0,nan,nan,nan,nan,nan,nan,nan,nan,nan,nan,nan,nan,nan,nan,nan,nan,0.0,"[100, 300, 100, 300, 100]","[0.004194944590414393, 0.0204119534081736, 0.013729510894429663, 0.0, 0.032345124629738105]","[null, null, null, null, null]","[null, null, null, null, null]","[null, null, null, null, null]","[null, null, null, null, null]",,0.12728203472715602,0.14004409899634865,5.0,1.96
1a,2500,2993005,neural-fore,neural-main-oracle-bellman,-12.71571152169479,-12.688593680578517,-12.586673112426368,0.13743312538091287,-12.957962606325106,-12.419224754831928,1.0,-0.12903840926842136,-0.10192056815214912,0.8753041649475491,0.8753041649475491,0.15081770785688703,0.12545242306041446,0.03689682410876026,nan,nan,0.3712080395593744,8.955195834564789,35.57490875127813,1540.0688218522675,nan,nan,nan,nan,nan,nan,nan,nan,nan,100.0,0.032597629828164394,6.1073479920160025,2000.0,1.0,0.0,nan,nan,nan,nan,nan,nan,nan,nan,nan,nan,nan,nan,nan,nan,nan,nan,0.0,"[100, 100, 100, 100, 100]","[0.012805073862560943, 0.02072641575139661, 0.09740238048958534, 0.022266041416632507, 0.009788237620646529]","[null, null, null, null, null]","[null, null, null, null, null]","[null, null, null, null, null]","[null, null, null, null, null]",,0.13743312538091287,0.23103650664804706,5.0,1.96
1a,2500,3003005,neural-fore,neural-main-oracle-bellman,-12.70429399701067,-12.662750403052849,-12.586673112426368,0.13767382658209287,-12.93259110315375,-12.392909702951947,1.0,-0.11762088458430142,-0.07607729062648083,0.9761184803675172,0.9761184803675172,0.12972794093154938,0.12350455293528957,0.04666784423200872,nan,nan,0.22731294064497437,9.06549889563898,33.886144166913084,1535.50154990231,nan,nan,nan,nan,nan,nan,nan,nan,nan,220.0,0.0037439963545386713,7.452989925013389,2000.0,1.0,0.0,nan,nan,nan,nan,nan,nan,nan,nan,nan,nan,nan,nan,nan,nan,nan,nan,0.0,"[300, 300, 100, 100, 300]","[0.008452349761297944, 0.0, 0.00032594684582175565, 0.009941685165573656, 0.0]","[null, null, null, null, null]","[null, null, null, null, null]","[null, null, null, null, null]","[null, null, null, null, null]",,0.13767382658209287,0.09334168249155624,5.0,1.96
1a,2500,3013005,neural-fore,neural-main-oracle-bellman,-12.688325026814697,-12.590785626480745,-12.586673112426368,0.12474979509812019,-12.835295224873061,-12.346276028088429,1.0,-0.10165191438832899,-0.004112514054376959,0.94156659308688,0.94156659308688,0.13579100583742607,0.11525454853218153,0.04533462460478249,nan,nan,0.3661384003568102,9.269981838400621,28.938387317211653,1643.8982262190357,nan,nan,nan,nan,nan,nan,nan,nan,nan,180.0,0.00436926447986009,7.867783983389382,2000.0,1.0,0.0,nan,nan,nan,nan,nan,nan,nan,nan,nan,nan,nan,nan,nan,nan,nan,nan,0.0,"[300, 100, 100, 300, 100]","[0.0, 0.0, 0.02184632239930045, 0.0, 0.0]","[null, null, null, null, null]","[null, null, null, null, null]","[null, null, null, null, null]","[null, null, null, null, null]",,0.12474979509812019,0.06976506185414764,5.0,1.96
1a,2500,3023005,neural-fore,neural-main-oracle-bellman,-12.842644960244172,-12.68037626823028,-12.586673112426368,0.13668061923501137,-12.948270281930903,-12.412482254529657,1.0,-0.25597184781780413,-0.09370315580391164,1.1080963385077138,1.1080963385077138,0.11951535421713191,0.11453269069795957,0.04676928064565626,nan,nan,0.3280253987882848,9.056823537426325,34.68956505398797,1532.5324869537699,nan,nan,nan,nan,nan,nan,nan,nan,nan,220.0,0.006168033110665529,8.092729582812172,2000.0,1.0,0.0,nan,nan,nan,nan,nan,nan,nan,nan,nan,nan,nan,nan,nan,nan,nan,nan,0.0,"[100, 300, 300, 300, 100]","[0.012592736601256238, 0.0035842932229620886, 0.004163376438851302, 0.0, 0.010499759290258013]","[null, null, null, null, null]","[null, null, null, null, null]","[null, null, null, null, null]","[null, null, null, null, null]",,0.13668061923501137,0.1506073389393071,5.0,1.96
1a,2500,3033005,neural-fore,neural-main-oracle-bellman,-12.512928839523212,-12.497622940907107,-12.586673112426368,0.11766915028430142,-12.728254475464338,-12.266991406349876,1.0,0.07374427290315566,0.08905017151926131,0.6496544324813273,0.6496544324813273,0.11297766092169896,0.0833263273305515,0.03483876214333556,nan,nan,0.38283041943716845,9.482102758204237,27.461829992388683,1709.0744817439536,nan,nan,nan,nan,nan,nan,nan,nan,nan,100.0,0.017501436258132903,6.705405507585965,2000.0,1.0,0.0,nan,nan,nan,nan,nan,nan,nan,nan,nan,nan,nan,nan,nan,nan,nan,nan,0.0,"[100, 100, 100, 100, 100]","[0.0, 0.019290409533309138, 0.06593730255545746, 0.002279469201897908, 0.0]","[null, null, null, null, null]","[null, null, null, null, null]","[null, null, null, null, null]","[null, null, null, null, null]",,0.11766915028430142,0.07710817649963865,5.0,1.96
1a,2500,3043005,neural-fore,neural-main-oracle-bellman,-12.81847945948563,-12.74833003622047,-12.586673112426368,0.13284231900408344,-13.008700981468474,-12.487959090972465,1.0,-0.23180634705926195,-0.16165692379410146,1.1434888788840938,1.1434888788840938,0.17194445646200646,0.1577837716677612,0.04228331059202501,nan,nan,0.3566712662689354,8.952267346139934,31.40829918887783,1582.6931028540848,nan,nan,nan,nan,nan,nan,nan,nan,nan,140.0,0.006771944054220394,6.606755116803106,2000.0,1.0,0.0,nan,nan,nan,nan,nan,nan,nan,nan,nan,nan,nan,nan,nan,nan,nan,nan,0.0,"[100, 100, 100, 300, 100]","[0.0033513656953523176, 0.002770981201927684, 0.0216927450647411, 0.0, 0.006044628309080868]","[null, null, null, null, null]","[null, null, null, null, null]","[null, null, null, null, null]","[null, null, null, null, null]",,0.13284231900408344,0.08575131905313514,5.0,1.96
1a,2500,3053005,neural-fore,neural-main-oracle-bellman,-12.635397509881281,-12.615485567673483,-12.586673112426368,0.12891821845114979,-12.868165275837736,-12.36280585950923,1.0,-0.048724397454913415,-0.028812455247114954,0.5272909712384437,0.5272909712384437,0.12498054555281712,0.10999858058513294,0.035615813541834074,nan,nan,0.3918211289104539,9.162516337821028,32.684747731723135,1605.1239041903107,nan,nan,nan,nan,nan,nan,nan,nan,nan,100.0,0.01172712600583821,6.398208774800878,2000.0,1.0,0.0,nan,nan,nan,nan,nan,nan,nan,nan,nan,nan,nan,nan,nan,nan,nan,nan,0.0,"[100, 100, 100, 100, 100]","[0.04808899653881905, 0.010546633490372, 0.0, 0.0, 0.0]","[null, null, null, null, null]","[null, null, null, null, null]","[null, null, null, null, null]","[null, null, null, null, null]",,0.12891821845114979,0.24793926405668754,5.0,1.96
1a,2500,3063005,neural-fore,neural-main-oracle-bellman,-12.708142615660153,-12.617198699740982,-12.586673112426368,0.12330627462368891,-12.858878998003412,-12.375518401478551,1.0,-0.12146950323378469,-0.030525587314613745,0.9526843949524354,0.9526843949524354,0.16188238756850223,0.14067822992484955,0.04062809059914415,nan,nan,0.3715810806851938,9.640899936086862,28.17584226631041,1671.8833688544041,nan,nan,nan,nan,nan,nan,nan,nan,nan,140.0,0.016741888617745736,6.814382908982225,2000.0,1.0,0.0,nan,nan,nan,nan,nan,nan,nan,nan,nan,nan,nan,nan,nan,nan,nan,nan,0.0,"[300, 100, 100, 100, 100]","[0.0, 0.007617361994939631, 0.0019424168693990124, 0.05105000140478255, 0.02309966281960748]","[null, null, null, null, null]","[null, null, null, null, null]","[null, null, null, null, null]","[null, null, null, null, null]",,0.12330627462368891,0.10626666728592696,5.0,1.96
1a,2500,3073005,neural-fore,neural-main-oracle-bellman,-12.703311414858836,-12.586318878164521,-12.586673112426368,0.1318330614105827,-12.844711678529263,-12.327926077799779,1.0,-0.11663830243246842,0.00035423426184699736,0.5573790816101337,0.5573790816101337,0.10417730411429786,0.09922371536882457,0.06561087105613021,nan,nan,0.2952339139537771,9.180045901528654,32.736175603638735,1578.49343254246,nan,nan,nan,nan,nan,nan,nan,nan,nan,220.0,0.0034508280229246222,7.681600308406632,2000.0,1.0,0.0,nan,nan,nan,nan,nan,nan,nan,nan,nan,nan,nan,nan,nan,nan,nan,nan,0.0,"[100, 300, 300, 100, 300]","[0.0030378218545295027, 0.010061761513336043, 0.0, 0.004154556746757566, 0.0]","[null, null, null, null, null]","[null, null, null, null, null]","[null, null, null, null, null]","[null, null, null, null, null]",,0.1318330614105827,0.20398565041630745,5.0,1.96
1a,2500,3083005,neural-fore,neural-main-oracle-bellman,-12.776170314409155,-12.716195303637418,-12.586673112426368,0.13293130252824714,-12.976740656592783,-12.455649950682053,1.0,-0.1894972019827872,-0.12952219121105024,0.7412280783222314,0.7412280783222314,0.14126016507149772,0.12564347783870794,0.04104285477194985,nan,nan,0.3856167033019866,9.10737074395892,32.31854812071841,1591.459652654962,nan,nan,nan,nan,nan,nan,nan,nan,nan,100.0,0.02389127843016059,5.933842341799755,2000.0,1.0,0.0,nan,nan,nan,nan,nan,nan,nan,nan,nan,nan,nan,nan,nan,nan,nan,nan,0.0,"[100, 100, 100, 100, 100]","[0.007545262250906541, 0.05210960529626185, 0.023279665466940908, 0.023795304344747286, 0.012726554791946362]","[null, null, null, null, null]","[null, null, null, null, null]","[null, null, null, null, null]","[null, null, null, null, null]",,0.13293130252824714,0.07021894281081743,5.0,1.96
1a,2500,3093005,neural-fore,neural-main-oracle-bellman,-12.603120409355736,-12.594779419513001,-12.586673112426368,0.12632391074284852,-12.842374284568985,-12.347184554457018,1.0,-0.01644729692936764,-0.00810630708663318,1.0491567573226703,1.0491567573226703,0.16479921135601355,0.15106191211432818,0.04495428893280361,nan,nan,0.43876334176520787,9.257813953359825,32.77433059890487,1634.6795605131224,nan,nan,nan,nan,nan,nan,nan,nan,nan,100.0,0.012446648950814666,6.164770850399509,2000.0,1.0,0.0,nan,nan,nan,nan,nan,nan,nan,nan,nan,nan,nan,nan,nan,nan,nan,nan,0.0,"[100, 100, 100, 100, 100]","[0.051093380573849524, 0.006209411251707823, 0.0032625503910562598, 0.0016679025374597227, 0.0]","[null, null, null, null, null]","[null, null, null, null, null]","[null, null, null, null, null]","[null, null, null, null, null]",,0.12632391074284852,0.14142611151412318,5.0,1.96
1a,2500,3103005,neural-fore,neural-main-oracle-bellman,-12.72515458255783,-12.713690875013803,-12.586673112426368,0.12830163932052818,-12.965162088082039,-12.462219661945568,1.0,-0.1384814701314614,-0.12701776258743536,0.743890893313506,0.743890893313506,0.11700951815700925,0.10655914275625604,0.052031592019729414,nan,nan,0.3346607844150881,9.26204746016545,31.574219854421965,1622.7048169198317,nan,nan,nan,nan,nan,nan,nan,nan,nan,100.0,0.02082928166079716,6.356742499978282,2000.0,1.0,0.0,nan,nan,nan,nan,nan,nan,nan,nan,nan,nan,nan,nan,nan,nan,nan,nan,0.0,"[100, 100, 100, 100, 100]","[0.009979763377459016, 0.006303937271774936, 0.005498110312576416, 0.04288659424816621, 0.039478003094009236]","[null, null, null, null, null]","[null, null, null, null, null]","[null, null, null, null, null]","[null, null, null, null, null]",,0.12830163932052818,0.06968394767814329,5.0,1.96
1a,2500,3113005,neural-fore,neural-main-oracle-bellman,-12.582687358565591,-12.403307859442165,-12.586673112426368,0.12181374790001982,-12.642062805326205,-12.164552913558126,1.0,0.0039857538607765974,0.1833652529842027,1.0376263015222957,1.0376263015222957,0.14815031139600707,0.1255807004944411,0.03556801982639501,nan,nan,0.25213473679048526,9.80309067307067,29.749558151385553,1668.3694246258947,nan,nan,nan,nan,nan,nan,nan,nan,nan,180.0,0.003327278832838819,7.566930500173475,2000.0,1.0,0.0,nan,nan,nan,nan,nan,nan,nan,nan,nan,nan,nan,nan,nan,nan,nan,nan,0.0,"[100, 100, 300, 100, 300]","[0.0, 0.0, 0.006231399846515212, 0.0014200950680963833, 0.008984899249582498]","[null, null, null, null, null]","[null, null, null, null, null]","[null, null, null, null, null]","[null, null, null, null, null]",,0.12181374790001982,0.10741774090207036,5.0,1.96
1a,2500,3123005,neural-fore,neural-main-oracle-bellman,-12.65269716733559,-12.68626695524623,-12.586673112426368,0.12856078565127727,-12.938246095122734,-12.434287815369727,1.0,-0.06602405490922258,-0.09959384281986239,0.9197297521331663,0.9197297521331663,0.1423761061091245,0.1419785901407608,0.03695682338965334,nan,nan,0.2429477617341152,9.209717822726535,31.203598358225186,1606.2887010795064,nan,nan,nan,nan,nan,nan,nan,nan,nan,260.0,0.00416311369857808,8.364952333259861,2000.0,1.0,0.0,nan,nan,nan,nan,nan,nan,nan,nan,nan,nan,nan,nan,nan,nan,nan,nan,0.0,"[300, 100, 300, 300, 300]","[0.005100106110553149, 0.004866778181603946, 0.003271177249508907, 0.00014383061590310853, 0.00743367633532129]","[null, null, null, null, null]","[null, null, null, null, null]","[null, null, null, null, null]","[null, null, null, null, null]",,0.12856078565127727,0.07398769209100982,5.0,1.96
1a,2500,3133005,neural-fore,neural-main-oracle-bellman,-12.587546205293048,-12.696976231163447,-12.586673112426368,0.1314749222157793,-12.954667078706374,-12.43928538362052,1.0,-0.0008730928666800253,-0.11030311873707888,0.7739562027538384,0.7739562027538384,0.12074637006589577,0.10957132499870632,0.03653110108466203,nan,nan,0.2935579598241997,8.87352256487199,30.053328214468305,1590.181688503644,nan,nan,nan,nan,nan,nan,nan,nan,nan,220.0,0.006736694598278814,7.822227600577753,2000.0,1.0,0.0,nan,nan,nan,nan,nan,nan,nan,nan,nan,nan,nan,nan,nan,nan,nan,nan,0.0,"[300, 300, 100, 300, 100]","[0.0032160016449284813, 0.005543691863036911, 0.0002657420229885978, 0.0, 0.024658037460440083]","[null, null, null, null, null]","[null, null, null, null, null]","[null, null, null, null, null]","[null, null, null, null, null]",,0.1314749222157793,0.1670197212978221,5.0,1.96
1a,2500,3143005,neural-fore,neural-main-oracle-bellman,-12.535694223302338,-12.500331089172722,-12.586673112426368,0.12007037104782803,-12.735669016426465,-12.264993161918978,1.0,0.05097888912403015,0.08634202325364626,0.4902870687512898,0.4902870687512898,0.09335758927067175,0.0761361048908544,0.028823635574333047,nan,nan,0.3512551911838373,9.287379448094601,29.572363779434887,1672.8107521793347,nan,nan,nan,nan,nan,nan,nan,nan,nan,100.0,0.004669688166936586,6.446983199787792,2000.0,1.0,0.0,nan,nan,nan,nan,nan,nan,nan,nan,nan,nan,nan,nan,nan,nan,nan,nan,0.0,"[100, 100, 100, 100, 100]","[0.003424231590930294, 0.011649215856551588, 0.00827499338720105, 0.0, 0.0]","[null, null, null, null, null]","[null, null, null, null, null]","[null, null, null, null, null]","[null, null, null, null, null]",,0.12007037104782803,0.14513978960383375,5.0,1.96
1a,2500,3153005,neural-fore,neural-main-oracle-bellman,-12.754910105546081,-12.611776758271732,-12.586673112426368,0.1317259540403106,-12.869959628190742,-12.353593888352723,1.0,-0.16823699311971296,-0.025103645845364397,0.8084944523929142,0.8084944523929142,0.16480245142653155,0.14530600225941434,0.05347062931824025,nan,nan,0.3008100843363916,9.107080909475606,29.58163278028695,1611.5397074429177,nan,nan,nan,nan,nan,nan,nan,nan,nan,180.0,0.016073755239786477,6.906300391792319,2000.0,1.0,0.0,nan,nan,nan,nan,nan,nan,nan,nan,nan,nan,nan,nan,nan,nan,nan,nan,0.0,"[100, 100, 100, 300, 300]","[0.02291093192563314, 0.01039148334330444, 0.02658575321482071, 0.005360487861381581, 0.015120119853792514]","[null, null, null, null, null]","[null, null, null, null, null]","[null, null, null, null, null]","[null, null, null, null, null]",,0.1317259540403106,0.15656727349867225,5.0,1.96
1a,2500,3163005,neural-fore,neural-main-oracle-bellman,-12.56598828697409,-12.451966133294412,-12.586673112426368,0.12458993612159007,-12.696162408092729,-12.207769858496096,1.0,0.020684825452278233,0.1347069791319555,1.0005670220083804,1.0005670220083804,0.18203783881736033,0.12401787763760722,0.02796248324557964,nan,nan,0.3100810586154475,9.295285497187649,30.908722049559444,1614.6931191203134,nan,nan,nan,nan,nan,nan,nan,nan,nan,140.0,0.02287604046715553,6.61747789158253,2000.0,1.0,0.0,nan,nan,nan,nan,nan,nan,nan,nan,nan,nan,nan,nan,nan,nan,nan,nan,0.0,"[300, 100, 100, 100, 100]","[0.00522016977390693, 0.02576900664318803, 0.028080154918470768, 0.007607154255366555, 0.04770371674484535]","[null, null, null, null, null]","[null, null, null, null, null]","[null, null, null, null, null]","[null, null, null, null, null]",,0.12458993612159007,0.13031261211051196,5.0,1.96
1a,2500,3173005,neural-fore,neural-main-oracle-bellman,-12.700168257298914,-12.565637401353278,-12.586673112426368,0.12473421444519212,-12.810116461665855,-12.321158341040702,1.0,-0.1134951448725463,0.021035711073089658,0.7416156528557597,0.7416156528557597,0.14086037856079126,0.12045350294066266,0.029525860965108786,nan,nan,0.2899818062367524,9.51508426442781,30.06597974963094,1621.4961903446663,nan,nan,nan,nan,nan,nan,nan,nan,nan,180.0,0.011965965278147547,7.683807792013977,2000.0,1.0,0.0,nan,nan,nan,nan,nan,nan,nan,nan,nan,nan,nan,nan,nan,nan,nan,nan,0.0,"[100, 100, 100, 300, 300]","[0.008420501540426636, 0.004444982333454608, 0.046964342516856494, 0.0, 0.0]","[null, null, null, null, null]","[null, null, null, null, null]","[null, null, null, null, null]","[null, null, null, null, null]",,0.12473421444519212,0.1556287575548674,5.0,1.96
1a,2500,3183005,neural-fore,neural-main-oracle-bellman,-12.578752506033846,-12.479604855648224,-12.586673112426368,0.12219740112012645,-12.719111761843672,-12.240097949452776,1.0,0.007920606392522345,0.10706825677814358,0.6978700026240154,0.6978700026240154,0.12992258972301451,0.1091962910543954,0.04039802402130318,nan,nan,0.27002479381771094,9.375055292919182,29.53459943197725,1654.468380015006,nan,nan,nan,nan,nan,nan,nan,nan,nan,180.0,0.009185460809695503,7.509975650231354,2000.0,1.0,0.0,nan,nan,nan,nan,nan,nan,nan,nan,nan,nan,nan,nan,nan,nan,nan,nan,0.0,"[100, 100, 300, 300, 100]","[0.001560492148949248, 0.004725964424491378, 0.01655108927663065, 0.007981144417766114, 0.015108613780640125]","[null, null, null, null, null]","[null, null, null, null, null]","[null, null, null, null, null]","[null, null, null, null, null]",,0.12219740112012645,0.08915117408095846,5.0,1.96
1a,2500,3193005,neural-fore,neural-main-oracle-bellman,-12.755359751513494,-12.650896684884184,-12.586673112426368,0.13028795103441898,-12.906261068911645,-12.395532300856724,1.0,-0.16868663908712556,-0.0642235724578164,1.2100016721726257,1.2100016721726257,0.19292054453854313,0.19021261722635258,0.03728126302656905,nan,nan,0.3253509062142414,9.510573357051681,32.472434437077595,1605.9572106413686,nan,nan,nan,nan,nan,nan,nan,nan,nan,140.0,0.023403928545302814,6.802304525196087,2000.0,1.0,0.0,nan,nan,nan,nan,nan,nan,nan,nan,nan,nan,nan,nan,nan,nan,nan,nan,0.0,"[300, 100, 100, 100, 100]","[0.007373702708071178, 0.02971648703172266, 0.0006368893189728557, 0.0594333408098778, 0.019859222857869594]","[null, null, null, null, null]","[null, null, null, null, null]","[null, null, null, null, null]","[null, null, null, null, null]",,0.13028795103441898,0.048562770755529935,5.0,1.96
1a,2500,3203005,neural-fore,neural-main-oracle-bellman,-12.879145354891312,-12.79515127429682,-12.586673112426368,0.1376027242120637,-13.064852613752466,-12.525449934841175,1.0,-0.2924722424649442,-0.20847816187045254,1.0814670281663152,1.0814670281663152,0.13284121945881594,0.12588060007132623,0.045046290617116146,nan,nan,0.3469297683536603,8.982632696394802,34.13259158750023,1562.849395007031,nan,nan,nan,nan,nan,nan,nan,nan,nan,140.0,0.024849075340951224,6.5548693835851735,2000.0,1.0,0.0,nan,nan,nan,nan,nan,nan,nan,nan,nan,nan,nan,nan,nan,nan,nan,nan,0.0,"[100, 100, 100, 100, 300]","[0.0629874746812848, 0.032064462292966014, 0.027866358503879505, 0.001327081226625815, 0.0]","[null, null, null, null, null]","[null, null, null, null, null]","[null, null, null, null, null]","[null, null, null, null, null]",,0.1376027242120637,0.056851966581556154,5.0,1.96
1a,2500,3213005,neural-fore,neural-main-oracle-bellman,-12.568382106464806,-12.404267364172684,-12.586673112426368,0.11608552332302931,-12.63179498988582,-12.176739738459547,1.0,0.018291005961561524,0.18240574825368405,1.1322445226765787,1.1322445226765787,0.15012416469214257,0.1395407450902469,0.05264669690198603,nan,nan,0.3541846760211669,9.807234021809181,27.623522838566043,1697.2828543626238,nan,nan,nan,nan,nan,nan,nan,nan,nan,140.0,0.00584527819367991,7.174828533781692,2000.0,1.0000000000000002,0.0,nan,nan,nan,nan,nan,nan,nan,nan,nan,nan,nan,nan,nan,nan,nan,nan,0.0,"[100, 300, 100, 100, 100]","[0.0036933803398972163, 0.0, 0.016270207449769727, 0.00926280317873261, 0.0]","[null, null, null, null, null]","[null, null, null, null, null]","[null, null, null, null, null]","[null, null, null, null, null]",,0.11608552332302931,0.12135520417185781,5.0,1.96
1a,2500,3223005,neural-fore,neural-main-oracle-bellman,-12.775365892668084,-12.87191119427824,-12.586673112426368,0.14077761642588957,-13.147835322472984,-12.595987066083497,0.0,-0.1886927802417162,-0.2852380818518725,0.6130751158013655,0.6130751158013655,0.10663115669154115,0.09887478084367163,0.03301309695675412,nan,nan,0.31875196130682626,8.942968833194485,36.58696388946105,1529.270663327224,nan,nan,nan,nan,nan,nan,nan,nan,nan,180.0,0.005845635718055494,7.22096079220064,2000.0,1.0,0.0,nan,nan,nan,nan,nan,nan,nan,nan,nan,nan,nan,nan,nan,nan,nan,nan,0.0,"[300, 100, 100, 100, 300]","[0.0, 0.006574136431673105, 0.011604190867964081, 0.008599840590104409, 0.002450010700535876]","[null, null, null, null, null]","[null, null, null, null, null]","[null, null, null, null, null]","[null, null, null, null, null]",,0.14077761642588957,0.14146086226946125,5.0,1.96
1a,2500,3233005,neural-fore,neural-main-oracle-bellman,-12.549534177858051,-12.47050582090929,-12.586673112426368,0.12794929932787397,-12.721286447591924,-12.219725194226656,1.0,0.03713893456831663,0.11616729151707794,0.7783879114939504,0.7783879114939504,0.12699945581058747,0.12103460728104629,0.040897422426712945,nan,nan,0.2917529294157528,9.200218230756864,34.540098844757956,1577.9113097306495,nan,nan,nan,nan,nan,nan,nan,nan,nan,220.0,0.012436413004005206,7.438680649793241,2000.0,1.0,0.0,nan,nan,nan,nan,nan,nan,nan,nan,nan,nan,nan,nan,nan,nan,nan,nan,0.0,"[300, 100, 300, 100, 300]","[0.014151018284779033, 0.02062211923228655, 0.010730380019874015, 0.012913222975963914, 0.003765324507122518]","[null, null, null, null, null]","[null, null, null, null, null]","[null, null, null, null, null]","[null, null, null, null, null]",,0.12794929932787397,0.11578803477625445,5.0,1.96
1a,2500,3243005,neural-fore,neural-main-oracle-bellman,-12.619275296611255,-12.563312574914066,-12.586673112426368,0.1220815981894152,-12.80259250736532,-12.324032642462813,1.0,-0.032602184184886696,0.023360537512301605,1.0516125598099078,1.0516125598099078,0.1294009067405946,0.11436151618581766,0.04113227156501209,nan,nan,0.4404484342309066,9.556036050076393,29.336126231704434,1673.447470247505,nan,nan,nan,nan,nan,nan,nan,nan,nan,100.0,0.00949679895794168,5.744754067028407,2000.0,1.0,0.0,nan,nan,nan,nan,nan,nan,nan,nan,nan,nan,nan,nan,nan,nan,nan,nan,0.0,"[100, 100, 100, 100, 100]","[0.005286476487038949, 0.0, 0.014834903747488394, 0.010589144933039415, 0.016773469622141643]","[null, null, null, null, null]","[null, null, null, null, null]","[null, null, null, null, null]","[null, null, null, null, null]",,0.1220815981894152,0.032791979721901954,5.0,1.96
