example_id,n,seed,ratio_mode,nuisance_method,plugin_estimate,if_estimate,truth,estimated_se,ci_lower,ci_upper,covered,plugin_error,if_error,reward_rmse,reward_rmse_grid,reward_rmse_stationary,reward_rmse_rho_weighted,bellman_residual_rmse,q_nu_bellman_rmse,q_eval_bellman_rmse,ratio_q01,ratio_q50,ratio_q99,weight_ess,pi0_action0_q01,pi0_action0_q50,pi0_action0_q99,pi_ratio_q01,pi_ratio_q50,pi_ratio_q99,nu_ratio_q01,nu_ratio_q50,nu_ratio_q99,fore_selected_iterations,fore_apbv_score,fore_fit_seconds,fore_training_rows,fore_normalized_mass,fore_logit_cap_fraction,signed_positive_iterations,signed_negative_iterations,signed_positive_mass,signed_negative_mass,signed_positive_apbv_score,signed_negative_apbv_score,signed_positive_fit_seconds,signed_negative_fit_seconds,signed_positive_normalized_mass,signed_negative_normalized_mass,signed_positive_ess,signed_negative_ess,signed_positive_ratio_q99,signed_negative_ratio_q99,signed_positive_logit_cap_fraction,signed_negative_logit_cap_fraction,ratio_failure,fore_selected_iterations_by_fold,fore_apbv_scores_by_fold,signed_positive_iterations_by_fold,signed_negative_iterations_by_fold,signed_positive_apbv_scores_by_fold,signed_negative_apbv_scores_by_fold,failure_message,iid_estimated_se,fold_cluster_estimated_se,crossfit_fold_count,ci_critical_value
1a,5000,495505,neural-fore,neural-main-oracle-bellman,-12.750334824225483,-12.712127413802483,-12.586673112426368,0.08900780681820543,-12.886582715166165,-12.5376721124388,1.0,-0.16366171179911504,-0.12545430137611469,0.5262357938269824,0.5262357938269824,0.10004585248964641,0.0852375045980501,0.033010080442867996,nan,nan,0.3931687703365699,9.35381558529344,29.70369724226108,3299.2052740500153,nan,nan,nan,nan,nan,nan,nan,nan,nan,140.0,0.003189397774374435,7.907354733208194,4000.0,1.0,0.0,nan,nan,nan,nan,nan,nan,nan,nan,nan,nan,nan,nan,nan,nan,nan,nan,0.0,"[100, 100, 100, 100, 300]","[0.00416220002225856, 0.005312566795724161, 0.0015214007365074677, 0.004950821317381986, 0.0]","[null, null, null, null, null]","[null, null, null, null, null]","[null, null, null, null, null]","[null, null, null, null, null]",,0.08900780681820543,0.11267897398354233,5.0,1.96
1a,5000,505505,neural-fore,neural-main-oracle-bellman,-12.528662703831694,-12.547095260163365,-12.586673112426368,0.08529602920401314,-12.71427547740323,-12.3799150429235,1.0,0.05801040859467399,0.03957785226300281,0.46931601045852833,0.46931601045852833,0.09647927450620611,0.08371874391293695,0.04898316909035684,nan,nan,0.386462271644825,9.456561399149248,27.92809901364071,3376.8032140826244,nan,nan,nan,nan,nan,nan,nan,nan,nan,140.0,0.005584624025175373,7.451419108617119,4000.0,1.0,0.0,nan,nan,nan,nan,nan,nan,nan,nan,nan,nan,nan,nan,nan,nan,nan,nan,0.0,"[100, 100, 300, 100, 100]","[0.0032206857933670518, 0.007864381994082001, 0.00494423183836473, 0.008834030992225248, 0.003059789507837832]","[null, null, null, null, null]","[null, null, null, null, null]","[null, null, null, null, null]","[null, null, null, null, null]",,0.08529602920401314,0.048286496648504915,5.0,1.96
1a,5000,515505,neural-fore,neural-main-oracle-bellman,-12.53595041794838,-12.521784451084544,-12.586673112426368,0.08195638473083024,-12.682418965156971,-12.361149937012117,1.0,0.050722694477988384,0.0648886613418238,0.9500394226944634,0.9500394226944634,0.1408146519413272,0.13995166045386256,0.03642891574505328,nan,nan,0.2974553269636145,9.773893819517681,28.17568559403574,3348.8259153356416,nan,nan,nan,nan,nan,nan,nan,nan,nan,140.0,0.010367287245095943,8.274400741013233,4000.0,1.0,0.0,nan,nan,nan,nan,nan,nan,nan,nan,nan,nan,nan,nan,nan,nan,nan,nan,0.0,"[100, 100, 100, 300, 100]","[0.014139052724357545, 0.015304414714700782, 0.018282320071739095, 0.0, 0.004110648714682288]","[null, null, null, null, null]","[null, null, null, null, null]","[null, null, null, null, null]","[null, null, null, null, null]",,0.08195638473083024,0.04397311895479302,5.0,1.96
1a,5000,525505,neural-fore,neural-main-oracle-bellman,-12.582915959478907,-12.55256942000538,-12.586673112426368,0.0845174525438997,-12.718223626991424,-12.386915213019336,1.0,0.003757152947461151,0.034103692420988097,0.720731235783575,0.720731235783575,0.09472944264506993,0.08918673806210795,0.0392119191853762,nan,nan,0.3227639381701995,9.608400594633896,28.414763920214114,3349.8796160920688,nan,nan,nan,nan,nan,nan,nan,nan,nan,220.0,0.004174516674436855,9.07704702479532,4000.0,1.0,0.0,nan,nan,nan,nan,nan,nan,nan,nan,nan,nan,nan,nan,nan,nan,nan,nan,0.0,"[100, 300, 300, 300, 100]","[0.0075525056771737036, 0.0027210383368504935, 0.0, 0.0012470474535183436, 0.009351991904641734]","[null, null, null, null, null]","[null, null, null, null, null]","[null, null, null, null, null]","[null, null, null, null, null]",,0.0845174525438997,0.058185431478560784,5.0,1.96
1a,5000,535505,neural-fore,neural-main-oracle-bellman,-12.587024612075348,-12.542421016552018,-12.586673112426368,0.08545372654241823,-12.709910320575156,-12.374931712528879,1.0,-0.00035149964898018027,0.04425209587435042,0.48748926295647604,0.48748926295647604,0.07306797768399824,0.05612979884070426,0.03756382266994468,nan,nan,0.5099480713668383,9.444698089722555,28.448413277738577,3384.7892187204425,nan,nan,nan,nan,nan,nan,nan,nan,nan,100.0,0.01048270744500249,6.968708774808329,4000.0,1.0,0.0,nan,nan,nan,nan,nan,nan,nan,nan,nan,nan,nan,nan,nan,nan,nan,nan,0.0,"[100, 100, 100, 100, 100]","[0.0071486596485398485, 0.011758946399747103, 0.0058887536425669615, 0.021989086977718612, 0.005628090556439924]","[null, null, null, null, null]","[null, null, null, null, null]","[null, null, null, null, null]","[null, null, null, null, null]",,0.08545372654241823,0.11780491457608425,5.0,1.96
1a,5000,545505,neural-fore,neural-main-oracle-bellman,-12.667094548923393,-12.681957658890562,-12.586673112426368,0.08836286186062775,-12.855148868137393,-12.508766449643732,1.0,-0.0804214364970246,-0.09528454646419426,0.519248692253498,0.519248692253498,0.07857256795587497,0.0716840280814872,0.029764151982816477,nan,nan,0.30788454314689434,9.481599225016467,29.13527283979188,3286.9564224443156,nan,nan,nan,nan,nan,nan,nan,nan,nan,180.0,0.006010413790630572,8.683395333192312,4000.0,1.0,0.0,nan,nan,nan,nan,nan,nan,nan,nan,nan,nan,nan,nan,nan,nan,nan,nan,0.0,"[300, 100, 100, 100, 300]","[0.0010642061702211575, 0.0020248174354454184, 0.025573045338103385, 0.0013900000093829013, 0.0]","[null, null, null, null, null]","[null, null, null, null, null]","[null, null, null, null, null]","[null, null, null, null, null]",,0.08836286186062775,0.0996555227900596,5.0,1.96
1a,5000,555505,neural-fore,neural-main-oracle-bellman,-12.588763702549015,-12.544640629889631,-12.586673112426368,0.08416433297951992,-12.70960272252949,-12.379678537249772,1.0,-0.002090590122646674,0.04203248253673664,0.7183260449870857,0.7183260449870857,0.09213374482712475,0.08735716638221723,0.045100365082999166,nan,nan,0.2994965334959801,9.604951500938423,27.789220782380394,3414.207956626051,nan,nan,nan,nan,nan,nan,nan,nan,nan,180.0,0.005403798595412351,8.953617624822073,4000.0,1.0,0.0,nan,nan,nan,nan,nan,nan,nan,nan,nan,nan,nan,nan,nan,nan,nan,nan,0.0,"[100, 100, 300, 300, 100]","[0.006717113995837821, 0.01656492948107012, 0.0, 0.0, 0.0037369495001538106]","[null, null, null, null, null]","[null, null, null, null, null]","[null, null, null, null, null]","[null, null, null, null, null]",,0.08416433297951992,0.08314902470032337,5.0,1.96
1a,5000,565505,neural-fore,neural-main-oracle-bellman,-12.548403915183416,-12.534860021681194,-12.586673112426368,0.08599495453519881,-12.703410132570184,-12.366309910792204,1.0,0.0382691972429523,0.05181309074517415,0.5198592518675091,0.5198592518675091,0.09653492061079232,0.08068571088932666,0.044190016719678524,nan,nan,0.26591626747689806,9.548137783403448,30.155611874291793,3244.7206768620354,nan,nan,nan,nan,nan,nan,nan,nan,nan,220.0,0.004963914786075917,8.965316733368672,4000.0,1.0,0.0,nan,nan,nan,nan,nan,nan,nan,nan,nan,nan,nan,nan,nan,nan,nan,nan,0.0,"[100, 100, 300, 300, 300]","[0.000779088165995083, 0.004840251551738944, 0.003107934169897612, 0.0060518408177873476, 0.010040459224960599]","[null, null, null, null, null]","[null, null, null, null, null]","[null, null, null, null, null]","[null, null, null, null, null]",,0.08599495453519881,0.159438510373959,5.0,1.96
1a,5000,575505,neural-fore,neural-main-oracle-bellman,-12.549357589188409,-12.522708018149261,-12.586673112426368,0.08384843856000294,-12.687050957726868,-12.358365078571655,1.0,0.03731552323795917,0.06396509427710662,0.761786731328151,0.761786731328151,0.1057896564070997,0.10397382402087856,0.03894872832571997,nan,nan,0.32465964254960944,9.459794469210784,28.605241032702743,3326.9862533995906,nan,nan,nan,nan,nan,nan,nan,nan,nan,180.0,0.006200949871625637,8.113835658191238,4000.0,1.0,0.0,nan,nan,nan,nan,nan,nan,nan,nan,nan,nan,nan,nan,nan,nan,nan,nan,0.0,"[100, 300, 100, 100, 300]","[0.010636899669388961, 0.0, 0.006501700916530782, 0.0032599733027460073, 0.010606175469462431]","[null, null, null, null, null]","[null, null, null, null, null]","[null, null, null, null, null]","[null, null, null, null, null]",,0.08384843856000294,0.06778493209015496,5.0,1.96
1a,5000,585505,neural-fore,neural-main-oracle-bellman,-12.671797587142452,-12.655778630785449,-12.586673112426368,0.09119114095239508,-12.834513267052143,-12.477043994518754,1.0,-0.08512447471608375,-0.06910551835908052,0.9412072201461065,0.9412072201461065,0.17179324644425814,0.14294389207234579,0.02602999040122434,nan,nan,0.2881693073911616,9.301896565908692,32.4737389749974,3205.8504999615934,nan,nan,nan,nan,nan,nan,nan,nan,nan,180.0,0.006046393432543892,8.647213408595416,4000.0,1.0,0.0,nan,nan,nan,nan,nan,nan,nan,nan,nan,nan,nan,nan,nan,nan,nan,nan,0.0,"[300, 100, 100, 300, 100]","[0.0, 0.0, 0.016510202141430383, 0.0033219360486727322, 0.010399828972616343]","[null, null, null, null, null]","[null, null, null, null, null]","[null, null, null, null, null]","[null, null, null, null, null]",,0.09119114095239508,0.06254568938572676,5.0,1.96
1a,5000,595505,neural-fore,neural-main-oracle-bellman,-12.541065814215667,-12.469108932660411,-12.586673112426368,0.0851068294631198,-12.635918318408127,-12.302299546912696,1.0,0.045607298210700975,0.11756417976595657,0.8041533405001727,0.8041533405001727,0.10055626299280693,0.09554620304227482,0.03284455239015888,nan,nan,0.3061741174235606,9.51746589379162,30.323754611691662,3276.82823911579,nan,nan,nan,nan,nan,nan,nan,nan,nan,180.0,0.002878427677356705,8.532919774437323,4000.0,1.0,0.0,nan,nan,nan,nan,nan,nan,nan,nan,nan,nan,nan,nan,nan,nan,nan,nan,0.0,"[100, 300, 100, 300, 100]","[0.0, 0.0, 0.006889857608366138, 0.003444043784464541, 0.004058236993952844]","[null, null, null, null, null]","[null, null, null, null, null]","[null, null, null, null, null]","[null, null, null, null, null]",,0.0851068294631198,0.0580067396742635,5.0,1.96
1a,5000,605505,neural-fore,neural-main-oracle-bellman,-12.640198541044555,-12.58393332823638,-12.586673112426368,0.08597688186686939,-12.752448016695444,-12.415418639777316,1.0,-0.053525428618186766,0.0027397841899876596,0.45782626504467244,0.45782626504467244,0.09327594094832885,0.0734966290759303,0.03812083256783047,nan,nan,0.21572464561125712,9.88197266453329,28.58127797213253,3317.568934388306,nan,nan,nan,nan,nan,nan,nan,nan,nan,260.0,0.005467368393461442,9.277690375410021,4000.0,1.0,0.0,nan,nan,nan,nan,nan,nan,nan,nan,nan,nan,nan,nan,nan,nan,nan,nan,0.0,"[300, 100, 300, 300, 300]","[0.0078880026298534, 0.0019052931738426874, 0.0, 0.015850869020317702, 0.0016926771432934156]","[null, null, null, null, null]","[null, null, null, null, null]","[null, null, null, null, null]","[null, null, null, null, null]",,0.08597688186686939,0.17891983545489168,5.0,1.96
1a,5000,615505,neural-fore,neural-main-oracle-bellman,-12.54660235336508,-12.545424356486608,-12.586673112426368,0.08741911273722028,-12.71676581745156,-12.374082895521656,1.0,0.04007075906128854,0.04124875593976007,0.6336070451664824,0.6336070451664824,0.11177544150707559,0.10221783597065812,0.036409193503808425,nan,nan,0.3561641989013252,9.375031467917044,28.904341946061628,3318.7679685748103,nan,nan,nan,nan,nan,nan,nan,nan,nan,140.0,0.005384484338732361,7.615657633193768,4000.0,1.0,0.0,nan,nan,nan,nan,nan,nan,nan,nan,nan,nan,nan,nan,nan,nan,nan,nan,0.0,"[100, 300, 100, 100, 100]","[0.0034755191342751785, 0.00450906579395774, 0.001772721862752454, 0.016058670289579264, 0.0011064446130971688]","[null, null, null, null, null]","[null, null, null, null, null]","[null, null, null, null, null]","[null, null, null, null, null]",,0.08741911273722028,0.06183161690175423,5.0,1.96
1a,5000,625505,neural-fore,neural-main-oracle-bellman,-12.674767238488474,-12.692778619441395,-12.586673112426368,0.08950966980412434,-12.868217572257478,-12.517339666625311,1.0,-0.08809412606210643,-0.10610550701502675,0.7332677751332348,0.7332677751332348,0.1319105473086968,0.11901717533303888,0.0388704169938996,nan,nan,0.2173735843612528,9.42389597823826,30.694409470778915,3206.854586604336,nan,nan,nan,nan,nan,nan,nan,nan,nan,220.0,0.003376493394053555,9.119814866804518,4000.0,1.0,0.0,nan,nan,nan,nan,nan,nan,nan,nan,nan,nan,nan,nan,nan,nan,nan,nan,0.0,"[300, 300, 300, 100, 100]","[0.0, 0.006354625901370229, 0.0007540756768390396, 0.008501368112389654, 0.0012723972796688538]","[null, null, null, null, null]","[null, null, null, null, null]","[null, null, null, null, null]","[null, null, null, null, null]",,0.08950966980412434,0.07165641804797741,5.0,1.96
1a,5000,635505,neural-fore,neural-main-oracle-bellman,-12.58421567623662,-12.548946899425474,-12.586673112426368,0.08460519884409637,-12.714773089159902,-12.383120709691045,1.0,0.002457436189747142,0.037726213000894404,0.4207279835766534,0.4207279835766534,0.06378655325704728,0.05241560908844546,0.02320885429507975,nan,nan,0.3077290821282252,9.516991297824452,29.129875526353814,3325.2244683522736,nan,nan,nan,nan,nan,nan,nan,nan,nan,180.0,0.006231816027856478,8.423385708616115,4000.0,1.0,0.0,nan,nan,nan,nan,nan,nan,nan,nan,nan,nan,nan,nan,nan,nan,nan,nan,0.0,"[100, 100, 300, 300, 100]","[0.0027945443791841775, 0.018846583345760563, 0.0017262918243935949, 0.00016027421999437685, 0.007631386369949678]","[null, null, null, null, null]","[null, null, null, null, null]","[null, null, null, null, null]","[null, null, null, null, null]",,0.08460519884409637,0.09743619563603678,5.0,1.96
1a,5000,645505,neural-fore,neural-main-oracle-bellman,-12.57711872916726,-12.560173021196812,-12.586673112426368,0.08743359852019209,-12.73154287429639,-12.388803168097235,1.0,0.009554383259107624,0.026500091229555878,0.7127027354666774,0.7127027354666774,0.09001269016531445,0.07588110140653012,0.04561469396487442,nan,nan,0.32266864227053693,9.288129901430857,32.99240009331481,3256.9826036902455,nan,nan,nan,nan,nan,nan,nan,nan,nan,180.0,0.003909771751461262,8.193943966180086,4000.0,1.0,0.0,nan,nan,nan,nan,nan,nan,nan,nan,nan,nan,nan,nan,nan,nan,nan,nan,0.0,"[100, 300, 300, 100, 100]","[0.008864417374628198, 0.0, 0.0, 0.008887635230670448, 0.0017968061520076686]","[null, null, null, null, null]","[null, null, null, null, null]","[null, null, null, null, null]","[null, null, null, null, null]",,0.08743359852019209,0.03689839499092172,5.0,1.96
1a,5000,655505,neural-fore,neural-main-oracle-bellman,-12.570648960486714,-12.5403163878761,-12.586673112426368,0.08691384487162017,-12.710667523824476,-12.369965251927724,1.0,0.016024151939653564,0.04635672455026807,0.9443465591672385,0.9443465591672385,0.11517570799888852,0.09735500320455574,0.026268442352869906,nan,nan,0.254962282448588,9.580249206757397,32.006601574102476,3291.3304543109325,nan,nan,nan,nan,nan,nan,nan,nan,nan,180.0,0.004676312628713878,8.259667592600454,4000.0,1.0,0.0,nan,nan,nan,nan,nan,nan,nan,nan,nan,nan,nan,nan,nan,nan,nan,nan,0.0,"[100, 300, 100, 300, 100]","[0.010845045492999035, 0.0, 0.0010119609519973784, 0.0, 0.011524556698572977]","[null, null, null, null, null]","[null, null, null, null, null]","[null, null, null, null, null]","[null, null, null, null, null]",,0.08691384487162017,0.06836365920225886,5.0,1.96
1a,5000,665505,neural-fore,neural-main-oracle-bellman,-12.593926665928045,-12.601304496969497,-12.586673112426368,0.08451818068177645,-12.76696013110578,-12.435648862833215,1.0,-0.00725355350167689,-0.0146313845431294,0.646140414749348,0.646140414749348,0.11392359121634818,0.08412934119849469,0.03710296920686104,nan,nan,0.31891953835132286,9.576403452283792,28.772933349213073,3331.8877634116557,nan,nan,nan,nan,nan,nan,nan,nan,nan,220.0,0.003950331300113266,9.17187592536211,4000.0,1.0,0.0,nan,nan,nan,nan,nan,nan,nan,nan,nan,nan,nan,nan,nan,nan,nan,nan,0.0,"[100, 300, 300, 100, 300]","[0.007395156745971512, 0.0, 0.0, 0.012356499754594817, 0.0]","[null, null, null, null, null]","[null, null, null, null, null]","[null, null, null, null, null]","[null, null, null, null, null]",,0.08451818068177645,0.0689938582201937,5.0,1.96
1a,5000,675505,neural-fore,neural-main-oracle-bellman,-12.511105500106337,-12.474251315629148,-12.586673112426368,0.08315827867449319,-12.637241541831155,-12.311261089427141,1.0,0.07556761232003062,0.11242179679721964,0.4432026853814577,0.4432026853814577,0.0866712909034539,0.07988256248436909,0.03128877175334152,nan,nan,0.32683257379215247,9.469942192295179,28.92154408066116,3360.5874425649804,nan,nan,nan,nan,nan,nan,nan,nan,nan,140.0,0.006198462321815276,7.753403791773598,4000.0,1.0,0.0,nan,nan,nan,nan,nan,nan,nan,nan,nan,nan,nan,nan,nan,nan,nan,nan,0.0,"[100, 300, 100, 100, 100]","[0.004573625064333744, 0.0, 0.00402910664141823, 0.006383763018486659, 0.01600581688483775]","[null, null, null, null, null]","[null, null, null, null, null]","[null, null, null, null, null]","[null, null, null, null, null]",,0.08315827867449319,0.06196920424245111,5.0,1.96
1a,5000,685505,neural-fore,neural-main-oracle-bellman,-12.670675516619111,-12.659525184942224,-12.586673112426368,0.09014274374761727,-12.836204962687553,-12.482845407196894,1.0,-0.08400240419274319,-0.07285207251585568,0.531454498401416,0.531454498401416,0.10266027943176541,0.09389629202461493,0.04316072435094404,nan,nan,0.3448680760093094,9.302316119509051,31.36484611309542,3250.59406244074,nan,nan,nan,nan,nan,nan,nan,nan,nan,180.0,0.005511494978484371,8.19692295800196,4000.0,1.0,0.0,nan,nan,nan,nan,nan,nan,nan,nan,nan,nan,nan,nan,nan,nan,nan,nan,0.0,"[100, 300, 100, 300, 100]","[0.009104673576963339, 0.008830090539542963, 0.00014895002241911145, 0.0020381603261401355, 0.007435600427356305]","[null, null, null, null, null]","[null, null, null, null, null]","[null, null, null, null, null]","[null, null, null, null, null]",,0.09014274374761727,0.11863074473715028,5.0,1.96
1a,5000,695505,neural-fore,neural-main-oracle-bellman,-12.549373660363385,-12.55071225240805,-12.586673112426368,0.08577247326596968,-12.71882630000935,-12.38259820480675,1.0,0.03729945206298346,0.03596086001831722,0.4941807952575824,0.4941807952575824,0.10999265055807053,0.10151095877801067,0.03411663025562925,nan,nan,0.34088908771169213,9.452426372824878,29.80141727529011,3328.151763400784,nan,nan,nan,nan,nan,nan,nan,nan,nan,220.0,0.0036430243252545532,8.784617300413084,4000.0,1.0,0.0,nan,nan,nan,nan,nan,nan,nan,nan,nan,nan,nan,nan,nan,nan,nan,nan,0.0,"[300, 100, 300, 300, 100]","[0.0009168675274282824, 0.0030863454746536453, 0.00470020780419235, 0.0035645124844202467, 0.005947188335578241]","[null, null, null, null, null]","[null, null, null, null, null]","[null, null, null, null, null]","[null, null, null, null, null]",,0.08577247326596968,0.08477741819480984,5.0,1.96
1a,5000,705505,neural-fore,neural-main-oracle-bellman,-12.526190560675143,-12.530959501239057,-12.586673112426368,0.086421594892566,-12.700345827228485,-12.361573175249628,1.0,0.060482551751224634,0.05571361118731133,0.4476505139154872,0.4476505139154872,0.09326478995807101,0.0845437540361389,0.03670471271279478,nan,nan,0.35419985227352213,9.30087625439235,29.705816423488503,3271.5721050027973,nan,nan,nan,nan,nan,nan,nan,nan,nan,140.0,0.008982853904115079,8.311546791600994,4000.0,1.0,0.0,nan,nan,nan,nan,nan,nan,nan,nan,nan,nan,nan,nan,nan,nan,nan,nan,0.0,"[100, 100, 100, 300, 100]","[0.0021475650343342695, 0.006888672182977935, 0.004136258589318269, 0.0, 0.031741773713944925]","[null, null, null, null, null]","[null, null, null, null, null]","[null, null, null, null, null]","[null, null, null, null, null]",,0.086421594892566,0.04046384601477463,5.0,1.96
1a,5000,715505,neural-fore,neural-main-oracle-bellman,-12.57476482055598,-12.55449323014641,-12.586673112426368,0.08371296543495128,-12.718570642398914,-12.390415817893905,1.0,0.011908291870387444,0.032179882279958605,0.7344347694770461,0.7344347694770461,0.10744480464514727,0.08605686009815927,0.04270524088234185,nan,nan,0.28629048377366545,9.659540872619655,28.05689326039349,3324.266306320654,nan,nan,nan,nan,nan,nan,nan,nan,nan,180.0,0.010632255747241207,8.218734583212063,4000.0,1.0,0.0,nan,nan,nan,nan,nan,nan,nan,nan,nan,nan,nan,nan,nan,nan,nan,nan,0.0,"[100, 100, 300, 100, 300]","[0.00817935498250208, 0.037873816657783436, 0.0031658381451987556, 0.003942268950721762, 0.0]","[null, null, null, null, null]","[null, null, null, null, null]","[null, null, null, null, null]","[null, null, null, null, null]",,0.08371296543495128,0.10502438312640701,5.0,1.96
1a,5000,725505,neural-fore,neural-main-oracle-bellman,-12.672522600004557,-12.587640775785164,-12.586673112426368,0.08536289932110872,-12.754952058454538,-12.42032949311579,1.0,-0.085849487578189,-0.0009676633587965,0.6920545419224983,0.6920545419224983,0.09730933473312522,0.08017008483770627,0.04283283830279879,nan,nan,0.3737742197163677,9.562935035079821,28.262066100912378,3364.6985760583148,nan,nan,nan,nan,nan,nan,nan,nan,nan,140.0,0.005994507937541539,7.265585466392804,4000.0,1.0,0.0,nan,nan,nan,nan,nan,nan,nan,nan,nan,nan,nan,nan,nan,nan,nan,nan,0.0,"[100, 300, 100, 100, 100]","[0.0, 0.006822352596506692, 0.0, 0.003746332169986445, 0.019403854921214558]","[null, null, null, null, null]","[null, null, null, null, null]","[null, null, null, null, null]","[null, null, null, null, null]",,0.08536289932110872,0.07933893730115424,5.0,1.96
1a,5000,735505,neural-fore,neural-main-oracle-bellman,-12.46262572665721,-12.479396063280527,-12.586673112426368,0.08075947903364646,-12.637684642186475,-12.32110748437458,1.0,0.12404738576915797,0.10727704914584102,0.6648531034536871,0.6648531034536871,0.09428463487069927,0.07816792671516426,0.033026419155254394,nan,nan,0.36020538901282934,9.596845246527288,25.897788240183036,3450.859285579708,nan,nan,nan,nan,nan,nan,nan,nan,nan,180.0,0.003759715703252768,8.0825628667837,4000.0,1.0,0.0,nan,nan,nan,nan,nan,nan,nan,nan,nan,nan,nan,nan,nan,nan,nan,nan,0.0,"[100, 100, 100, 300, 300]","[0.0, 0.012386645319478843, 0.006411933196784996, 0.0, 0.0]","[null, null, null, null, null]","[null, null, null, null, null]","[null, null, null, null, null]","[null, null, null, null, null]",,0.08075947903364646,0.036736813703436705,5.0,1.96
1a,5000,745505,neural-fore,neural-main-oracle-bellman,-12.634526932742942,-12.706894128787537,-12.586673112426368,0.09045541214168112,-12.884186736585232,-12.529601520989843,1.0,-0.0478538203165737,-0.12022101636116922,0.7275443278930733,0.7275443278930733,0.10600137323128851,0.08940749407240656,0.03139662965352185,nan,nan,0.4476709265494627,9.24969473563846,31.089563572748286,3257.3519631847334,nan,nan,nan,nan,nan,nan,nan,nan,nan,100.0,0.0051300456248618755,7.386400442023296,4000.0,1.0,0.0,nan,nan,nan,nan,nan,nan,nan,nan,nan,nan,nan,nan,nan,nan,nan,nan,0.0,"[100, 100, 100, 100, 100]","[0.0020246006018496904, 0.014477965851024755, 0.003402241828805282, 0.0020086068781875344, 0.003736812964442116]","[null, null, null, null, null]","[null, null, null, null, null]","[null, null, null, null, null]","[null, null, null, null, null]",,0.09045541214168112,0.05144706749161291,5.0,1.96
1a,5000,755505,neural-fore,neural-main-oracle-bellman,-12.70365352670671,-12.692709785222565,-12.586673112426368,0.09017475695529606,-12.869452308854946,-12.515967261590184,1.0,-0.11698041428034145,-0.106036672796197,0.42448599648202023,0.42448599648202023,0.0990017418496212,0.08610799528655455,0.027637327202236033,nan,nan,0.2779068972106971,9.211725974367479,27.811234170424797,3278.159798018047,nan,nan,nan,nan,nan,nan,nan,nan,nan,220.0,0.00415965916629777,8.871277925360483,4000.0,1.0,0.0,nan,nan,nan,nan,nan,nan,nan,nan,nan,nan,nan,nan,nan,nan,nan,nan,0.0,"[100, 300, 300, 300, 100]","[0.005557834549998924, 0.0, 0.0, 0.005631505707304442, 0.009608955574185488]","[null, null, null, null, null]","[null, null, null, null, null]","[null, null, null, null, null]","[null, null, null, null, null]",,0.09017475695529606,0.03870416627033154,5.0,1.96
1a,5000,765505,neural-fore,neural-main-oracle-bellman,-12.486236342715927,-12.39773477484412,-12.586673112426368,0.08166673941472223,-12.557801584096975,-12.237667965591264,0.0,0.10043676971044135,0.18893833758224865,0.527211243033639,0.527211243033639,0.10981751852168968,0.09077817432410748,0.036271524413108706,nan,nan,0.27499623211311713,9.531610668153313,29.21511386607797,3306.928059981965,nan,nan,nan,nan,nan,nan,nan,nan,nan,180.0,0.0044290493077727856,8.276568457984832,4000.0,1.0,0.0,nan,nan,nan,nan,nan,nan,nan,nan,nan,nan,nan,nan,nan,nan,nan,nan,0.0,"[100, 300, 100, 300, 100]","[0.008548699986119063, 0.0013042459140094201, 0.003527168936106243, 0.0019639800733597407, 0.006801151629269457]","[null, null, null, null, null]","[null, null, null, null, null]","[null, null, null, null, null]","[null, null, null, null, null]",,0.08166673941472223,0.0497927762251784,5.0,1.96
1a,5000,775505,neural-fore,neural-main-oracle-bellman,-12.655074559939417,-12.632690421548975,-12.586673112426368,0.08991065380778876,-12.808915303012242,-12.45646554008571,1.0,-0.06840144751304855,-0.046017309122607486,0.5569613427655722,0.5569613427655722,0.12643742153032866,0.126371921688354,0.03205905524943824,nan,nan,0.4495690576211001,9.154386596450315,31.58066703241661,3252.099967300646,nan,nan,nan,nan,nan,nan,nan,nan,nan,100.0,0.006639433123783728,7.251910499786026,4000.0,1.0,0.0,nan,nan,nan,nan,nan,nan,nan,nan,nan,nan,nan,nan,nan,nan,nan,nan,0.0,"[100, 100, 100, 100, 100]","[0.002122075348708011, 0.013026827933736709, 0.013540334598958995, 0.0020405142197909196, 0.0024674135177240046]","[null, null, null, null, null]","[null, null, null, null, null]","[null, null, null, null, null]","[null, null, null, null, null]",,0.08991065380778876,0.07032885430375702,5.0,1.96
1a,5000,785505,neural-fore,neural-main-oracle-bellman,-12.666402837551173,-12.544015588822795,-12.586673112426368,0.08417438116134791,-12.708997375899036,-12.379033801746553,1.0,-0.07972972512480503,0.04265752360357311,0.5033238963079794,0.5033238963079794,0.10879325934956188,0.1021965455989998,0.041003540946281884,nan,nan,0.20672153336601543,9.643222902583135,27.69655915170063,3303.1497477492157,nan,nan,nan,nan,nan,nan,nan,nan,nan,260.0,0.0058390309108315615,10.266452650388237,4000.0,1.0,0.0,nan,nan,nan,nan,nan,nan,nan,nan,nan,nan,nan,nan,nan,nan,nan,nan,0.0,"[100, 300, 300, 300, 300]","[0.012385878800457988, 0.001889794634437446, 0.0, 0.01246685530670713, 0.0024526258125552405]","[null, null, null, null, null]","[null, null, null, null, null]","[null, null, null, null, null]","[null, null, null, null, null]",,0.08417438116134791,0.10296010737639893,5.0,1.96
1a,5000,795505,neural-fore,neural-main-oracle-bellman,-12.528504276083599,-12.494279612970923,-12.586673112426368,0.08294451673798493,-12.656850865777374,-12.331708360164471,1.0,0.05816883634276948,0.0923934994554454,0.47075756118723594,0.47075756118723594,0.09231866630388043,0.0799181862038251,0.03278071551794099,nan,nan,0.3988662614247191,9.764712378139802,27.006247763620927,3413.756095794583,nan,nan,nan,nan,nan,nan,nan,nan,nan,140.0,0.008120810112971664,7.700890608783811,4000.0,1.0,0.0,nan,nan,nan,nan,nan,nan,nan,nan,nan,nan,nan,nan,nan,nan,nan,nan,0.0,"[100, 100, 100, 100, 300]","[0.012643252703648964, 0.0018656583757972183, 0.011961975218454334, 0.01095680006272589, 0.003176364204231914]","[null, null, null, null, null]","[null, null, null, null, null]","[null, null, null, null, null]","[null, null, null, null, null]",,0.08294451673798493,0.09637518562117542,5.0,1.96
1a,5000,805505,neural-fore,neural-main-oracle-bellman,-12.550265188447135,-12.462530889454563,-12.586673112426368,0.08501358786142818,-12.629157521662961,-12.295904257246164,1.0,0.0364079239792332,0.12414222297180544,0.6484388025840044,0.6484388025840044,0.08051638180200163,0.07709553377557461,0.03722306653092817,nan,nan,0.22753596950690516,9.679287865632102,28.996941762146037,3286.37804294863,nan,nan,nan,nan,nan,nan,nan,nan,nan,260.0,0.005370779897714074,9.407532816985622,4000.0,1.0,0.0,nan,nan,nan,nan,nan,nan,nan,nan,nan,nan,nan,nan,nan,nan,nan,nan,0.0,"[100, 300, 300, 300, 300]","[0.005582351108336451, 0.006384977376883125, 0.00442223684873945, 0.001232765139667858, 0.009231569014943491]","[null, null, null, null, null]","[null, null, null, null, null]","[null, null, null, null, null]","[null, null, null, null, null]",,0.08501358786142818,0.08494827526428855,5.0,1.96
1a,5000,815505,neural-fore,neural-main-oracle-bellman,-12.58930835953637,-12.563351267789027,-12.586673112426368,0.08470916409512144,-12.729381229415466,-12.397321306162588,1.0,-0.002635247110001515,0.02332184463734066,0.5743036642650973,0.5743036642650973,0.08378282826304542,0.07326465700873677,0.034935143545850936,nan,nan,0.3620711596619873,9.477217113052642,27.680960757398836,3365.2988844663673,nan,nan,nan,nan,nan,nan,nan,nan,nan,140.0,0.005237967527265628,7.45846616581548,4000.0,1.0,0.0,nan,nan,nan,nan,nan,nan,nan,nan,nan,nan,nan,nan,nan,nan,nan,nan,0.0,"[300, 100, 100, 100, 100]","[0.0, 0.003146316817998178, 0.0019366760026087086, 0.005308195575120353, 0.0157986492406009]","[null, null, null, null, null]","[null, null, null, null, null]","[null, null, null, null, null]","[null, null, null, null, null]",,0.08470916409512144,0.03760540194387708,5.0,1.96
1a,5000,825505,neural-fore,neural-main-oracle-bellman,-12.541646158845491,-12.49085938206406,-12.586673112426368,0.08541836804361425,-12.658279383429544,-12.323439380698577,1.0,0.045026953580876494,0.09581373036230723,0.5361681464991881,0.5361681464991881,0.09581026437329222,0.08524283577179433,0.030235231975062095,nan,nan,0.2803582989323797,9.353501055637947,28.881233722242683,3307.590313116824,nan,nan,nan,nan,nan,nan,nan,nan,nan,220.0,0.009589074892654929,9.200289766618516,4000.0,1.0,0.0,nan,nan,nan,nan,nan,nan,nan,nan,nan,nan,nan,nan,nan,nan,nan,nan,0.0,"[300, 300, 100, 300, 100]","[0.001048705910991482, 0.005844002308119209, 0.02962949355579584, 0.0, 0.01142317268836811]","[null, null, null, null, null]","[null, null, null, null, null]","[null, null, null, null, null]","[null, null, null, null, null]",,0.08541836804361425,0.07217846355280663,5.0,1.96
1a,5000,835505,neural-fore,neural-main-oracle-bellman,-12.66180083049086,-12.606947448717797,-12.586673112426368,0.09058697781924797,-12.784497925243523,-12.429396972192071,1.0,-0.07512771806449159,-0.02027433629142905,0.6474040584781658,0.6474040584781658,0.09033812032653274,0.08076177712303875,0.04355726851430299,nan,nan,0.3148567744097294,9.034841681300183,30.52804427121632,3185.2766943668703,nan,nan,nan,nan,nan,nan,nan,nan,nan,180.0,0.002624836921897273,9.06504759961972,4000.0,1.0,0.0,nan,nan,nan,nan,nan,nan,nan,nan,nan,nan,nan,nan,nan,nan,nan,nan,0.0,"[100, 100, 300, 100, 300]","[0.000989666166958168, 0.001199173278403409, 0.003104493210762955, 0.007830851953361832, 0.0]","[null, null, null, null, null]","[null, null, null, null, null]","[null, null, null, null, null]","[null, null, null, null, null]",,0.09058697781924797,0.08306079366303089,5.0,1.96
1a,5000,845505,neural-fore,neural-main-oracle-bellman,-12.652081092289201,-12.59811710294784,-12.586673112426368,0.08945656358897978,-12.773451967582242,-12.42278223831344,1.0,-0.06540797986283309,-0.011443990521472713,0.5934990440910191,0.5934990440910191,0.10124532034822406,0.09227062961528698,0.03355432510565931,nan,nan,0.3281562677381675,9.349801973133026,32.81938762800929,3202.657310392428,nan,nan,nan,nan,nan,nan,nan,nan,nan,180.0,0.00449552511228614,7.911781016434543,4000.0,1.0,0.0,nan,nan,nan,nan,nan,nan,nan,nan,nan,nan,nan,nan,nan,nan,nan,nan,0.0,"[300, 100, 300, 100, 100]","[0.003434302837988765, 0.008394787635652044, 0.0, 0.005071772394812862, 0.005576762692977025]","[null, null, null, null, null]","[null, null, null, null, null]","[null, null, null, null, null]","[null, null, null, null, null]",,0.08945656358897978,0.07794189773798921,5.0,1.96
1a,5000,855505,neural-fore,neural-main-oracle-bellman,-12.669183867791718,-12.616699109347154,-12.586673112426368,0.08780417173543567,-12.788795285948607,-12.4446029327457,1.0,-0.08251075536534991,-0.030025996920786113,0.5825644771873562,0.5825644771873562,0.08240235608092736,0.07768809329255905,0.034347379517949535,nan,nan,0.3052300125021014,9.45234471662179,30.16816090988593,3307.869372929897,nan,nan,nan,nan,nan,nan,nan,nan,nan,140.0,0.006218660237905236,7.466942374780774,4000.0,1.0,0.0,nan,nan,nan,nan,nan,nan,nan,nan,nan,nan,nan,nan,nan,nan,nan,nan,0.0,"[100, 100, 300, 100, 100]","[0.0060944025003092615, 0.0024186006780943102, 0.0007508708677405086, 0.013310785058440211, 0.00851864208494189]","[null, null, null, null, null]","[null, null, null, null, null]","[null, null, null, null, null]","[null, null, null, null, null]",,0.08780417173543567,0.07453355179017074,5.0,1.96
1a,5000,865505,neural-fore,neural-main-oracle-bellman,-12.648194814885196,-12.578951157533574,-12.586673112426368,0.09017979623472681,-12.755703558153638,-12.40219875691351,1.0,-0.06152170245882793,0.007721954892794258,0.6813575630406121,0.6813575630406121,0.09028215836567702,0.08691204176797285,0.028201160701923293,nan,nan,0.24584868414995517,9.130432705228237,33.70293780999178,3164.6331865367897,nan,nan,nan,nan,nan,nan,nan,nan,nan,180.0,0.004398238116678152,8.431761741777882,4000.0,1.0,0.0,nan,nan,nan,nan,nan,nan,nan,nan,nan,nan,nan,nan,nan,nan,nan,nan,0.0,"[100, 100, 300, 300, 100]","[0.000692788054150687, 0.0023773343419324325, 0.0041930087370821365, 0.0006208670505548509, 0.014107192399670655]","[null, null, null, null, null]","[null, null, null, null, null]","[null, null, null, null, null]","[null, null, null, null, null]",,0.09017979623472681,0.08895842562496262,5.0,1.96
1a,5000,875505,neural-fore,neural-main-oracle-bellman,-12.760586278310319,-12.695130818174716,-12.586673112426368,0.08972318593306186,-12.870988262603518,-12.519273373745914,1.0,-0.17391316588395078,-0.10845770574834823,0.338795940740349,0.338795940740349,0.06903110120804862,0.06294954522318634,0.04473917349378611,nan,nan,0.3351394611788903,9.35508739563309,29.77100194303874,3286.3822964828446,nan,nan,nan,nan,nan,nan,nan,nan,nan,140.0,0.011596032096149886,7.417284858599305,4000.0,1.0,0.0,nan,nan,nan,nan,nan,nan,nan,nan,nan,nan,nan,nan,nan,nan,nan,nan,0.0,"[100, 300, 100, 100, 100]","[0.017195095502745963, 0.0, 0.013897262549204873, 0.022223551146503897, 0.004664251282294697]","[null, null, null, null, null]","[null, null, null, null, null]","[null, null, null, null, null]","[null, null, null, null, null]",,0.08972318593306186,0.0335307798582289,5.0,1.96
1a,5000,885505,neural-fore,neural-main-oracle-bellman,-12.533583869391691,-12.556430470070362,-12.586673112426368,0.08466480118720572,-12.722373480397286,-12.390487459743438,1.0,0.05308924303467677,0.030242642356006044,0.6396002359156299,0.6396002359156299,0.09667046317217007,0.0912969301860416,0.03391617665002316,nan,nan,0.34760389953057,9.22590338719954,29.124086110650186,3299.8529379177717,nan,nan,nan,nan,nan,nan,nan,nan,nan,140.0,0.006501045222556697,8.1488584500039,4000.0,1.0,0.0,nan,nan,nan,nan,nan,nan,nan,nan,nan,nan,nan,nan,nan,nan,nan,nan,0.0,"[100, 300, 100, 100, 100]","[0.009527139036415997, 0.00760274947617374, 0.005564984042891762, 0.003098645994832366, 0.006711707562469614]","[null, null, null, null, null]","[null, null, null, null, null]","[null, null, null, null, null]","[null, null, null, null, null]",,0.08466480118720572,0.061762268553990085,5.0,1.96
1a,5000,895505,neural-fore,neural-main-oracle-bellman,-12.562983929149835,-12.514601567470043,-12.586673112426368,0.0858110078360748,-12.68279114282875,-12.346411992111337,1.0,0.023689183276532688,0.07207154495632473,0.570228385682398,0.570228385682398,0.08939199340841365,0.07527071967657901,0.04480032778893749,nan,nan,0.3457801652894947,9.493090135965579,29.128791863301593,3299.029006875867,nan,nan,nan,nan,nan,nan,nan,nan,nan,180.0,0.004016356779285893,8.113050300406758,4000.0,1.0,0.0,nan,nan,nan,nan,nan,nan,nan,nan,nan,nan,nan,nan,nan,nan,nan,nan,0.0,"[100, 300, 100, 100, 300]","[0.009766624208524232, 0.0, 0.005860616526046497, 0.000529579295943507, 0.003924963865915223]","[null, null, null, null, null]","[null, null, null, null, null]","[null, null, null, null, null]","[null, null, null, null, null]",,0.0858110078360748,0.11465380816947938,5.0,1.96
1a,5000,905505,neural-fore,neural-main-oracle-bellman,-12.599419541045723,-12.530450066104969,-12.586673112426368,0.08684600279760757,-12.70066823158828,-12.360231900621658,1.0,-0.012746428619355044,0.056223046321399295,0.5477750611494876,0.5477750611494876,0.08782085254975575,0.07097412571196998,0.03884051314734272,nan,nan,0.27480806917256273,9.476640997721297,28.730724823122184,3308.119247891558,nan,nan,nan,nan,nan,nan,nan,nan,nan,180.0,0.0009715950674050816,8.009221724816598,4000.0,1.0,0.0,nan,nan,nan,nan,nan,nan,nan,nan,nan,nan,nan,nan,nan,nan,nan,nan,0.0,"[100, 100, 300, 300, 100]","[0.0022160635721275882, 0.0, 0.0, 0.0017191293247520504, 0.0009227824401457694]","[null, null, null, null, null]","[null, null, null, null, null]","[null, null, null, null, null]","[null, null, null, null, null]",,0.08684600279760757,0.06664860260136406,5.0,1.96
1a,5000,915505,neural-fore,neural-main-oracle-bellman,-12.525593065288332,-12.536514447362645,-12.586673112426368,0.08398184159731975,-12.701118856893391,-12.3719100378319,1.0,0.061080047138036164,0.05015866506372291,0.6270016874158955,0.6270016874158955,0.09520747480350514,0.08185764728649275,0.04276176587958937,nan,nan,0.37110438904253007,9.40809498720738,28.18911021285909,3370.257972338059,nan,nan,nan,nan,nan,nan,nan,nan,nan,140.0,0.003209094518260744,7.805997674795799,4000.0,1.0,0.0,nan,nan,nan,nan,nan,nan,nan,nan,nan,nan,nan,nan,nan,nan,nan,nan,0.0,"[100, 100, 300, 100, 100]","[0.00952727226812511, 0.0005946957547200569, 0.002310438464304232, 0.0012286908700868205, 0.002384375234067499]","[null, null, null, null, null]","[null, null, null, null, null]","[null, null, null, null, null]","[null, null, null, null, null]",,0.08398184159731975,0.04177211305729218,5.0,1.96
1a,5000,925505,neural-fore,neural-main-oracle-bellman,-12.67184367349816,-12.649296107650667,-12.586673112426368,0.08826625830815892,-12.822297973934658,-12.476294241366675,1.0,-0.08517056107179144,-0.0626229952242987,0.8535119767824447,0.8535119767824447,0.14716540967548078,0.11150331176199431,0.03145674626560664,nan,nan,0.3306697509082456,9.28015241113372,27.793262449389427,3294.3505397814333,nan,nan,nan,nan,nan,nan,nan,nan,nan,140.0,0.01288346011779371,7.713302766811102,4000.0,1.0,0.0,nan,nan,nan,nan,nan,nan,nan,nan,nan,nan,nan,nan,nan,nan,nan,nan,0.0,"[100, 100, 100, 300, 100]","[0.02320847092415302, 0.023459350966441188, 0.012529403736752532, 0.0011851168911863894, 0.004034958070435423]","[null, null, null, null, null]","[null, null, null, null, null]","[null, null, null, null, null]","[null, null, null, null, null]",,0.08826625830815892,0.05951476721867583,5.0,1.96
1a,5000,935505,neural-fore,neural-main-oracle-bellman,-12.53177846142973,-12.49708268962513,-12.586673112426368,0.08623052191190765,-12.666094512572469,-12.32807086667779,1.0,0.054894650996638816,0.08959042280123874,0.5779659684855805,0.5779659684855805,0.11029511948032344,0.10963242666070276,0.041026908128813766,nan,nan,0.35338147141355586,9.436990570469625,30.136834396328034,3280.254311735012,nan,nan,nan,nan,nan,nan,nan,nan,nan,180.0,0.005403405440145374,7.955904541851487,4000.0,1.0,0.0,nan,nan,nan,nan,nan,nan,nan,nan,nan,nan,nan,nan,nan,nan,nan,nan,0.0,"[300, 100, 300, 100, 100]","[0.0049427127499642644, 0.0020433278683517487, 0.003933419685921684, 0.014142021281446069, 0.001955545615043107]","[null, null, null, null, null]","[null, null, null, null, null]","[null, null, null, null, null]","[null, null, null, null, null]",,0.08623052191190765,0.0888653232079117,5.0,1.96
1a,5000,945505,neural-fore,neural-main-oracle-bellman,-12.597494814621056,-12.588532288951441,-12.586673112426368,0.0880239718410237,-12.761059273759848,-12.416005304143034,1.0,-0.010821702194688143,-0.0018591765250732806,0.5871756338138943,0.5871756338138943,0.10788356940463414,0.09084415097210516,0.0394071273363995,nan,nan,0.31995836776058567,9.242566480936887,30.56635498618381,3282.483949361035,nan,nan,nan,nan,nan,nan,nan,nan,nan,220.0,0.0038092780375852376,8.577927991584875,4000.0,1.0,0.0,nan,nan,nan,nan,nan,nan,nan,nan,nan,nan,nan,nan,nan,nan,nan,nan,0.0,"[300, 300, 100, 300, 100]","[0.00013425018809609443, 0.002750660314342298, 0.01058590474294301, 0.0, 0.005575574942544787]","[null, null, null, null, null]","[null, null, null, null, null]","[null, null, null, null, null]","[null, null, null, null, null]",,0.0880239718410237,0.0961655067958207,5.0,1.96
1a,5000,955505,neural-fore,neural-main-oracle-bellman,-12.745773915581053,-12.743998252780017,-12.586673112426368,0.09144444501946611,-12.92322936501817,-12.564767140541864,1.0,-0.15910080315468456,-0.15732514035364886,0.44043811063144467,0.44043811063144467,0.08102320258802352,0.07843064464367312,0.04169196664636922,nan,nan,0.2714103096014513,9.456553379644166,31.456942983419683,3187.4116607532765,nan,nan,nan,nan,nan,nan,nan,nan,nan,220.0,0.005709173192555796,8.874329524603672,4000.0,1.0,0.0,nan,nan,nan,nan,nan,nan,nan,nan,nan,nan,nan,nan,nan,nan,nan,nan,0.0,"[300, 300, 100, 100, 300]","[0.013440147313657502, 0.0008526827352041481, 0.002920666058726537, 0.005579004702630216, 0.005753365152560576]","[null, null, null, null, null]","[null, null, null, null, null]","[null, null, null, null, null]","[null, null, null, null, null]",,0.09144444501946611,0.05763575392367234,5.0,1.96
1a,5000,965505,neural-fore,neural-main-oracle-bellman,-12.569446136874102,-12.568053506336614,-12.586673112426368,0.08844072952592985,-12.741397336207436,-12.394709676465792,1.0,0.0172269755522656,0.01861960608975366,0.6599769122345953,0.6599769122345953,0.10662208281403732,0.09460093788226673,0.05719835913263203,nan,nan,0.34111222481786213,9.098203040178184,30.528664266664396,3239.821371307095,nan,nan,nan,nan,nan,nan,nan,nan,nan,140.0,0.010833996122723465,7.8843874834128655,4000.0,1.0,0.0,nan,nan,nan,nan,nan,nan,nan,nan,nan,nan,nan,nan,nan,nan,nan,nan,0.0,"[300, 100, 100, 100, 100]","[0.0, 0.01694492699912714, 0.011253765818738975, 0.0188240040389406, 0.007147283756810611]","[null, null, null, null, null]","[null, null, null, null, null]","[null, null, null, null, null]","[null, null, null, null, null]",,0.08844072952592985,0.07207332040094046,5.0,1.96
1a,5000,975505,neural-fore,neural-main-oracle-bellman,-12.531173007926698,-12.532684571466348,-12.586673112426368,0.08674181389320307,-12.702698526697025,-12.36267061623567,1.0,0.05550010449966969,0.05398854096002026,0.5500044679516825,0.5500044679516825,0.08835921497982553,0.07513898846573444,0.04644781076835892,nan,nan,0.3277422685118521,9.386394226929674,29.727335920660064,3297.0005193706716,nan,nan,nan,nan,nan,nan,nan,nan,nan,140.0,0.010277351077770414,7.524159433390014,4000.0,1.0,0.0,nan,nan,nan,nan,nan,nan,nan,nan,nan,nan,nan,nan,nan,nan,nan,nan,0.0,"[100, 300, 100, 100, 100]","[0.02023317360070781, 0.005079267618181986, 0.005283922770021655, 0.005117702711799231, 0.015672688688141388]","[null, null, null, null, null]","[null, null, null, null, null]","[null, null, null, null, null]","[null, null, null, null, null]",,0.08674181389320307,0.07633124613479252,5.0,1.96
1a,5000,985505,neural-fore,neural-main-oracle-bellman,-12.721591371327161,-12.754812100810739,-12.586673112426368,0.09272172040756332,-12.936546672809563,-12.573077528811915,1.0,-0.13491825890079312,-0.1681389883843707,0.8502466733108427,0.8502466733108427,0.10446043163526604,0.08814151060212268,0.034957510860251416,nan,nan,0.29661901527516193,8.920184946935997,31.475083113265764,3194.764742744873,nan,nan,nan,nan,nan,nan,nan,nan,nan,220.0,0.0034651479662800187,8.655385992210359,4000.0,1.0,0.0,nan,nan,nan,nan,nan,nan,nan,nan,nan,nan,nan,nan,nan,nan,nan,nan,0.0,"[300, 300, 100, 300, 100]","[0.0, 0.0, 0.004583342321722154, 0.006352674860101944, 0.006389722649575997]","[null, null, null, null, null]","[null, null, null, null, null]","[null, null, null, null, null]","[null, null, null, null, null]",,0.09272172040756332,0.11547482324930809,5.0,1.96
1a,5000,995505,neural-fore,neural-main-oracle-bellman,-12.671434524128225,-12.612325251603231,-12.586673112426368,0.08876296804433056,-12.786300668970119,-12.438349834236343,1.0,-0.08476141170185691,-0.02565213917686293,0.8590417252380262,0.8590417252380262,0.09289013965635007,0.08907474628059701,0.03203890896481331,nan,nan,0.2878579249835802,9.347006507837282,29.64452744716135,3273.042443438092,nan,nan,nan,nan,nan,nan,nan,nan,nan,220.0,0.009263037300064985,8.58360774142202,4000.0,1.0,0.0,nan,nan,nan,nan,nan,nan,nan,nan,nan,nan,nan,nan,nan,nan,nan,nan,0.0,"[300, 300, 100, 300, 100]","[0.0, 0.0, 0.030843278774205535, 0.003183290618792845, 0.012288617107326547]","[null, null, null, null, null]","[null, null, null, null, null]","[null, null, null, null, null]","[null, null, null, null, null]",,0.08876296804433056,0.12473979191378967,5.0,1.96
1a,5000,1005505,neural-fore,neural-main-oracle-bellman,-12.631502654161615,-12.638655901079092,-12.586673112426368,0.08949062746559973,-12.814057530911668,-12.463254271246516,1.0,-0.04482954173524689,-0.05198278865272421,0.639642963017165,0.639642963017165,0.09889544945731518,0.08523857319365219,0.028734063985376732,nan,nan,0.35495520010604337,9.280545471413664,31.664753336491668,3254.163926406793,nan,nan,nan,nan,nan,nan,nan,nan,nan,140.0,0.014447145434291587,7.264855500229169,4000.0,1.0,0.0,nan,nan,nan,nan,nan,nan,nan,nan,nan,nan,nan,nan,nan,nan,nan,nan,0.0,"[100, 100, 300, 100, 100]","[0.01026134957839768, 0.03176389709650881, 0.005036530887695343, 0.012732611581589861, 0.012441338027266234]","[null, null, null, null, null]","[null, null, null, null, null]","[null, null, null, null, null]","[null, null, null, null, null]",,0.08949062746559973,0.04513737410417132,5.0,1.96
1a,5000,1015505,neural-fore,neural-main-oracle-bellman,-12.628576723651276,-12.558788789488629,-12.586673112426368,0.08811867359161558,-12.731501389728196,-12.386076189249062,1.0,-0.04190361122490849,0.027884322937739014,0.4534534199191091,0.4534534199191091,0.07874926758242529,0.07177297717538787,0.04273614332385619,nan,nan,0.27185368760951023,9.36476204446133,31.325363235960065,3253.5456008532083,nan,nan,nan,nan,nan,nan,nan,nan,nan,180.0,0.008670713567522607,8.598812433425337,4000.0,1.0,0.0,nan,nan,nan,nan,nan,nan,nan,nan,nan,nan,nan,nan,nan,nan,nan,nan,0.0,"[300, 300, 100, 100, 100]","[0.004420653276063991, 0.0021252943233037204, 0.005092066459357868, 0.0215929028904083, 0.010122650888479153]","[null, null, null, null, null]","[null, null, null, null, null]","[null, null, null, null, null]","[null, null, null, null, null]",,0.08811867359161558,0.0977814688695372,5.0,1.96
1a,5000,1025505,neural-fore,neural-main-oracle-bellman,-12.587265214907774,-12.498302331796827,-12.586673112426368,0.08536425149704305,-12.665616264731032,-12.330988398862623,1.0,-0.0005921024814057319,0.08837078062954085,0.8002411729630385,0.8002411729630385,0.13096972761913447,0.10710858001620456,0.03913704548524651,nan,nan,0.24298722125158076,9.747736352833314,28.137067569862598,3321.655717941893,nan,nan,nan,nan,nan,nan,nan,nan,nan,220.0,0.006662769830553343,8.700145458232146,4000.0,1.0,0.0,nan,nan,nan,nan,nan,nan,nan,nan,nan,nan,nan,nan,nan,nan,nan,nan,0.0,"[300, 300, 100, 300, 100]","[0.0032998300227968136, 0.0050712350965060535, 0.009886140796983363, 0.003272838460667589, 0.011783804775812898]","[null, null, null, null, null]","[null, null, null, null, null]","[null, null, null, null, null]","[null, null, null, null, null]",,0.08536425149704305,0.10025494740192258,5.0,1.96
1a,5000,1035505,neural-fore,neural-main-oracle-bellman,-12.665839846432364,-12.67820458944694,-12.586673112426368,0.08820176111682827,-12.851080041235923,-12.505329137657958,1.0,-0.07916673400599628,-0.09153147702057218,0.8432805757410925,0.8432805757410925,0.13251796907085636,0.11658053621379236,0.04027734286425627,nan,nan,0.3600485184659329,9.460132700449062,28.033271141422695,3318.9877832100988,nan,nan,nan,nan,nan,nan,nan,nan,nan,140.0,0.00793630388805797,7.479536724428181,4000.0,1.0,0.0,nan,nan,nan,nan,nan,nan,nan,nan,nan,nan,nan,nan,nan,nan,nan,nan,0.0,"[300, 100, 100, 100, 100]","[0.0, 0.011293283882265043, 0.006850428053952961, 0.009920813983790376, 0.011616993520281465]","[null, null, null, null, null]","[null, null, null, null, null]","[null, null, null, null, null]","[null, null, null, null, null]",,0.08820176111682827,0.09957280602518655,5.0,1.96
1a,5000,1045505,neural-fore,neural-main-oracle-bellman,-12.625348284883405,-12.61973971334382,-12.586673112426368,0.08845129335963674,-12.793104248328708,-12.446375178358933,1.0,-0.038675172457036666,-0.033066600917452504,0.4319169557061592,0.4319169557061592,0.07976908699553317,0.06754629841256792,0.02726242929506989,nan,nan,0.3341947057993098,9.204896856598413,29.13750844924178,3267.661084351457,nan,nan,nan,nan,nan,nan,nan,nan,nan,180.0,0.007626956761796267,7.8782168248202655,4000.0,1.0,0.0,nan,nan,nan,nan,nan,nan,nan,nan,nan,nan,nan,nan,nan,nan,nan,nan,0.0,"[300, 100, 100, 100, 300]","[0.0, 0.005141335040551121, 0.025862380400138534, 0.005057293537557806, 0.0020737748307338775]","[null, null, null, null, null]","[null, null, null, null, null]","[null, null, null, null, null]","[null, null, null, null, null]",,0.08845129335963674,0.04059034253319221,5.0,1.96
1a,5000,1055505,neural-fore,neural-main-oracle-bellman,-12.61559432256773,-12.537290252755616,-12.586673112426368,0.08619009362547066,-12.706222836261539,-12.368357669249693,1.0,-0.028921210141362508,0.049382859670751955,0.4689653081290735,0.4689653081290735,0.08318174987791885,0.07119413582951888,0.04349642099461691,nan,nan,0.2606351811248199,9.505497683987254,29.259453909343947,3331.1477313544415,nan,nan,nan,nan,nan,nan,nan,nan,nan,180.0,0.005940006650668546,8.55368190817535,4000.0,1.0,0.0,nan,nan,nan,nan,nan,nan,nan,nan,nan,nan,nan,nan,nan,nan,nan,nan,0.0,"[100, 100, 100, 300, 300]","[0.0001294852490178941, 0.005824211884412353, 0.00653219660260263, 0.0072975382187871595, 0.00991660129852269]","[null, null, null, null, null]","[null, null, null, null, null]","[null, null, null, null, null]","[null, null, null, null, null]",,0.08619009362547066,0.03399652532018072,5.0,1.96
1a,5000,1065505,neural-fore,neural-main-oracle-bellman,-12.720409154148097,-12.68486675458489,-12.586673112426368,0.09009432045829342,-12.861451622683145,-12.508281886486635,1.0,-0.13373604172172904,-0.09819364215852211,0.393080646409808,0.393080646409808,0.09878043891266566,0.09201923492826047,0.038275038594582055,nan,nan,0.26234065299127557,9.160092806176479,29.594355328708467,3204.1922337925353,nan,nan,nan,nan,nan,nan,nan,nan,nan,220.0,0.00770381483637497,8.667721758410334,4000.0,1.0,0.0,nan,nan,nan,nan,nan,nan,nan,nan,nan,nan,nan,nan,nan,nan,nan,nan,0.0,"[300, 300, 300, 100, 100]","[0.005554762355672757, 0.001155980854848361, 0.0, 0.004797736634022895, 0.027010594337330832]","[null, null, null, null, null]","[null, null, null, null, null]","[null, null, null, null, null]","[null, null, null, null, null]",,0.09009432045829342,0.030068118048283746,5.0,1.96
1a,5000,1075505,neural-fore,neural-main-oracle-bellman,-12.682129329869788,-12.60444823333338,-12.586673112426368,0.08895831726679639,-12.778806535176301,-12.43008993149046,1.0,-0.09545621744342014,-0.01777512090701272,0.5870292344471008,0.5870292344471008,0.0950565829705102,0.07536057641129192,0.03360860873422534,nan,nan,0.2898376011643339,9.274999198660876,30.370333063722896,3210.5933346313177,nan,nan,nan,nan,nan,nan,nan,nan,nan,220.0,0.002425335132774638,8.762593508220743,4000.0,1.0,0.0,nan,nan,nan,nan,nan,nan,nan,nan,nan,nan,nan,nan,nan,nan,nan,nan,0.0,"[100, 300, 100, 300, 300]","[0.0016431790618813178, 0.0017909635026848055, 0.008692533099307067, 0.0, 0.0]","[null, null, null, null, null]","[null, null, null, null, null]","[null, null, null, null, null]","[null, null, null, null, null]",,0.08895831726679639,0.08696616007582886,5.0,1.96
1a,5000,1085505,neural-fore,neural-main-oracle-bellman,-12.838297248722851,-12.864528208614484,-12.586673112426368,0.09365100431465653,-13.04808417707121,-12.680972240157757,0.0,-0.25162413629648306,-0.2778550961881159,0.46316654636110666,0.46316654636110666,0.08480797960404962,0.07718537173282417,0.026350739446429433,nan,nan,0.31139000057194177,9.05350648211763,31.780798334925294,3154.92109509039,nan,nan,nan,nan,nan,nan,nan,nan,nan,140.0,0.011409813794960862,7.466551725228783,4000.0,1.0,0.0,nan,nan,nan,nan,nan,nan,nan,nan,nan,nan,nan,nan,nan,nan,nan,nan,0.0,"[100, 100, 300, 100, 100]","[0.005336387761957031, 0.02158982320395928, 0.006080648390019287, 0.007509163679030209, 0.01653304593983851]","[null, null, null, null, null]","[null, null, null, null, null]","[null, null, null, null, null]","[null, null, null, null, null]",,0.09365100431465653,0.059461003704435224,5.0,1.96
1a,5000,1095505,neural-fore,neural-main-oracle-bellman,-12.725919076972177,-12.701109364369762,-12.586673112426368,0.09299951142776584,-12.883388406768182,-12.518830321971341,1.0,-0.1392459645458093,-0.11443625194339369,0.6315128808610007,0.6315128808610007,0.08222889587067359,0.07282191815608668,0.045402032487472654,nan,nan,0.40952417992985646,8.954225291257238,33.41632519262775,3151.7950004498766,nan,nan,nan,nan,nan,nan,nan,nan,nan,100.0,0.003228698833358657,7.142109699419234,4000.0,1.0,0.0,nan,nan,nan,nan,nan,nan,nan,nan,nan,nan,nan,nan,nan,nan,nan,nan,0.0,"[100, 100, 100, 100, 100]","[0.0013613956330520852, 0.006827224109108654, 0.002650497078699383, 0.005304377345933163, 0.0]","[null, null, null, null, null]","[null, null, null, null, null]","[null, null, null, null, null]","[null, null, null, null, null]",,0.09299951142776584,0.13235889180982632,5.0,1.96
1a,5000,1105505,neural-fore,neural-main-oracle-bellman,-12.535067214853834,-12.45216207850909,-12.586673112426368,0.0856696309558581,-12.620074555182573,-12.284249601835608,1.0,0.051605897572533976,0.1345110339172777,0.5182587012323432,0.5182587012323432,0.10438513880936529,0.09306446845770247,0.035702913238849186,nan,nan,0.2485105769305589,9.518429512417347,30.176166110025353,3275.085703056765,nan,nan,nan,nan,nan,nan,nan,nan,nan,260.0,0.00785940714472386,9.580777382978704,4000.0,1.0,0.0,nan,nan,nan,nan,nan,nan,nan,nan,nan,nan,nan,nan,nan,nan,nan,nan,0.0,"[300, 300, 100, 300, 300]","[0.007840702202458113, 0.0017931609906299425, 0.028683238373620176, 0.0, 0.000979934156911073]","[null, null, null, null, null]","[null, null, null, null, null]","[null, null, null, null, null]","[null, null, null, null, null]",,0.0856696309558581,0.11753149640671576,5.0,1.96
1a,5000,1115505,neural-fore,neural-main-oracle-bellman,-12.59687820323997,-12.573196471327302,-12.586673112426368,0.09125623615714525,-12.752058694195307,-12.394334248459296,1.0,-0.01020509081360288,0.0134766410990661,0.7845482863400497,0.7845482863400497,0.08873679948284156,0.08445746825929457,0.031218820694296972,nan,nan,0.297486373648282,9.292757507691869,33.24300356742834,3152.580763326248,nan,nan,nan,nan,nan,nan,nan,nan,nan,180.0,0.00801029514681784,8.586356058809907,4000.0,1.0,0.0,nan,nan,nan,nan,nan,nan,nan,nan,nan,nan,nan,nan,nan,nan,nan,nan,0.0,"[300, 300, 100, 100, 100]","[0.007008829212734511, 0.004685900429153459, 0.0017416062333891176, 0.015352323922871672, 0.011262815935940437]","[null, null, null, null, null]","[null, null, null, null, null]","[null, null, null, null, null]","[null, null, null, null, null]",,0.09125623615714525,0.1100565523005445,5.0,1.96
1a,5000,1125505,neural-fore,neural-main-oracle-bellman,-12.66299102808283,-12.646091240139667,-12.586673112426368,0.0880919267847036,-12.818751416637685,-12.473431063641648,1.0,-0.07631791565646218,-0.059418127713298574,0.6012206669919823,0.6012206669919823,0.07944296857477029,0.07822759186207576,0.036340569284770266,nan,nan,0.36502644287896563,9.391540787638109,28.448002691864414,3319.4650899746484,nan,nan,nan,nan,nan,nan,nan,nan,nan,140.0,0.00655747725104201,7.740390249807388,4000.0,1.0000000000000002,0.0,nan,nan,nan,nan,nan,nan,nan,nan,nan,nan,nan,nan,nan,nan,nan,nan,0.0,"[100, 300, 100, 100, 100]","[0.005567201609818291, 0.0017471666279799247, 0.004459080519412679, 0.0033344323935669343, 0.01767950510443222]","[null, null, null, null, null]","[null, null, null, null, null]","[null, null, null, null, null]","[null, null, null, null, null]",,0.0880919267847036,0.10523730448059011,5.0,1.96
1a,5000,1135505,neural-fore,neural-main-oracle-bellman,-12.463715491262162,-12.481155207345829,-12.586673112426368,0.08399182112928047,-12.645779176759218,-12.31653123793244,1.0,0.12295762116420583,0.10551790508053926,0.6254373246388312,0.6254373246388312,0.08587393519452458,0.0795855843199575,0.03570576303727536,nan,nan,0.4433850729580742,9.519969065263773,29.821594400868058,3358.529987669552,nan,nan,nan,nan,nan,nan,nan,nan,nan,140.0,0.006026323601513883,8.066750024596695,4000.0,1.0,0.0,nan,nan,nan,nan,nan,nan,nan,nan,nan,nan,nan,nan,nan,nan,nan,nan,0.0,"[100, 100, 100, 100, 300]","[0.01163362215032074, 0.0037026171007384294, 0.0065232753029085405, 0.008272103453601708, 0.0]","[null, null, null, null, null]","[null, null, null, null, null]","[null, null, null, null, null]","[null, null, null, null, null]",,0.08399182112928047,0.08381600628203976,5.0,1.96
1a,5000,1145505,neural-fore,neural-main-oracle-bellman,-12.507854836636438,-12.492026265284563,-12.586673112426368,0.08465772986720345,-12.657955415824283,-12.326097114744844,1.0,0.07881827578992961,0.09464684714180471,0.5420960753771286,0.5420960753771286,0.08611085610386023,0.08218989846661322,0.030132662605255708,nan,nan,0.28496893086886904,9.530406999115428,29.713140044809194,3323.7770684817174,nan,nan,nan,nan,nan,nan,nan,nan,nan,220.0,0.005589609404847094,8.717615042009857,4000.0,1.0,0.0,nan,nan,nan,nan,nan,nan,nan,nan,nan,nan,nan,nan,nan,nan,nan,nan,0.0,"[100, 300, 300, 300, 100]","[0.00879253896182674, 0.0, 0.0036271708694311363, 0.002615384426852786, 0.01291295276612481]","[null, null, null, null, null]","[null, null, null, null, null]","[null, null, null, null, null]","[null, null, null, null, null]",,0.08465772986720345,0.09252588583072013,5.0,1.96
1a,5000,1155505,neural-fore,neural-main-oracle-bellman,-12.64501401269486,-12.601297685859652,-12.586673112426368,0.09257648707947168,-12.782747600535417,-12.419847771183887,1.0,-0.058340900268492035,-0.014624573433284382,0.6817099589452902,0.6817099589452902,0.11308953356078208,0.0973895768246175,0.03488259041042124,nan,nan,0.36727209468821015,9.160028990376082,31.109953521409256,3197.202321268362,nan,nan,nan,nan,nan,nan,nan,nan,nan,180.0,0.005620520315108986,8.824696966807824,4000.0,1.0,0.0,nan,nan,nan,nan,nan,nan,nan,nan,nan,nan,nan,nan,nan,nan,nan,nan,0.0,"[100, 300, 100, 100, 300]","[0.024839402733682053, 0.0, 0.0004419528819815487, 0.002821245959881331, 0.0]","[null, null, null, null, null]","[null, null, null, null, null]","[null, null, null, null, null]","[null, null, null, null, null]",,0.09257648707947168,0.12088096558094913,5.0,1.96
1a,5000,1165505,neural-fore,neural-main-oracle-bellman,-12.562276528414028,-12.508146909920901,-12.586673112426368,0.08304508597193752,-12.670915278425898,-12.345378541415904,1.0,0.024396584012340128,0.07852620250546671,0.5008165950170531,0.5008165950170531,0.1165572339074297,0.11078424718832784,0.03376589483656773,nan,nan,0.3593370185857804,9.704215173109965,28.788620112607262,3370.636637455899,nan,nan,nan,nan,nan,nan,nan,nan,nan,220.0,0.0028129477661748103,9.536751624790487,4000.0,1.0,0.0,nan,nan,nan,nan,nan,nan,nan,nan,nan,nan,nan,nan,nan,nan,nan,nan,0.0,"[100, 300, 300, 100, 300]","[0.00029548306845203964, 0.009791343255962114, 0.0006659905783884109, 0.0008586801121754761, 0.0024532418158960123]","[null, null, null, null, null]","[null, null, null, null, null]","[null, null, null, null, null]","[null, null, null, null, null]",,0.08304508597193752,0.09809414795237484,5.0,1.96
1a,5000,1175505,neural-fore,neural-main-oracle-bellman,-12.5419500280443,-12.531384325282147,-12.586673112426368,0.08673214036161238,-12.701379320390908,-12.361389330173386,1.0,0.044723084382068734,0.05528878714422092,0.645366506789071,0.645366506789071,0.10565617468966818,0.09963389646122087,0.05177291541591661,nan,nan,0.3859939906407621,9.185294582623364,28.258669170873645,3323.529740233858,nan,nan,nan,nan,nan,nan,nan,nan,nan,180.0,0.0038713370451508855,8.45516245762119,4000.0,1.0,0.0,nan,nan,nan,nan,nan,nan,nan,nan,nan,nan,nan,nan,nan,nan,nan,nan,0.0,"[100, 100, 300, 100, 300]","[0.00464462128197319, 0.0011715850256189557, 0.003552388161032128, 0.00835344202100314, 0.0016346487361270149]","[null, null, null, null, null]","[null, null, null, null, null]","[null, null, null, null, null]","[null, null, null, null, null]",,0.08673214036161238,0.07129102341269777,5.0,1.96
1a,5000,1185505,neural-fore,neural-main-oracle-bellman,-12.723960388928752,-12.634582862704384,-12.586673112426368,0.0898700665724833,-12.810728193186451,-12.458437532222318,1.0,-0.13728727650238426,-0.04790975027801636,0.9205422889710324,0.9205422889710324,0.12465601516659415,0.115860347629517,0.044810243708806756,nan,nan,0.38105121827785066,9.109498489325784,29.78101269231204,3317.424428895992,nan,nan,nan,nan,nan,nan,nan,nan,nan,180.0,0.008194758247824058,8.222820133029018,4000.0,1.0,0.0,nan,nan,nan,nan,nan,nan,nan,nan,nan,nan,nan,nan,nan,nan,nan,nan,0.0,"[100, 100, 100, 300, 300]","[0.004366169073993923, 0.009087964138779325, 0.0265102518837614, 0.0, 0.0010094061425856453]","[null, null, null, null, null]","[null, null, null, null, null]","[null, null, null, null, null]","[null, null, null, null, null]",,0.0898700665724833,0.10802090297533497,5.0,1.96
1a,5000,1195505,neural-fore,neural-main-oracle-bellman,-12.508124562695606,-12.51833479304795,-12.586673112426368,0.08494440062892017,-12.684825818280634,-12.351843767815266,1.0,0.07854854973076186,0.06833831937841772,0.43819317534487245,0.43819317534487245,0.07842231522429605,0.06290376199044614,0.030266886759890355,nan,nan,0.32977174981344826,9.443811156881946,30.64402762851067,3327.71637731555,nan,nan,nan,nan,nan,nan,nan,nan,nan,220.0,0.005374939815061578,9.384345499181654,4000.0,1.0,0.0,nan,nan,nan,nan,nan,nan,nan,nan,nan,nan,nan,nan,nan,nan,nan,nan,0.0,"[100, 100, 300, 300, 300]","[0.020857867404217363, 0.006016831671090525, 0.0, 0.0, 0.0]","[null, null, null, null, null]","[null, null, null, null, null]","[null, null, null, null, null]","[null, null, null, null, null]",,0.08494440062892017,0.05707780678142295,5.0,1.96
1a,5000,1205505,neural-fore,neural-main-oracle-bellman,-12.592603732989549,-12.520379234097938,-12.586673112426368,0.08734126988703197,-12.69156812307652,-12.349190345119355,1.0,-0.005930620563180611,0.06629387832843037,0.5400555835250671,0.5400555835250671,0.08657109747730382,0.07409274468420635,0.03361534138043708,nan,nan,0.22221126330296928,9.512738380654472,31.6641666147166,3210.5897498111644,nan,nan,nan,nan,nan,nan,nan,nan,nan,300.0,0.0024240165556171506,10.112887516629417,4000.0,1.0,0.0,nan,nan,nan,nan,nan,nan,nan,nan,nan,nan,nan,nan,nan,nan,nan,nan,0.0,"[300, 300, 300, 300, 300]","[0.0008820805716168868, 0.0, 0.0, 0.007690607628656579, 0.003547394577812287]","[null, null, null, null, null]","[null, null, null, null, null]","[null, null, null, null, null]","[null, null, null, null, null]",,0.08734126988703197,0.09290274673129434,5.0,1.96
1a,5000,1215505,neural-fore,neural-main-oracle-bellman,-12.630385550888803,-12.623430592675968,-12.586673112426368,0.0891760763025331,-12.798215702228934,-12.448645483123002,1.0,-0.04371243846243544,-0.036757480249599794,0.6054678881397866,0.6054678881397866,0.09702233027999829,0.08840788055493323,0.04269879598945899,nan,nan,0.28673830683599744,9.424074902414496,28.272999167201853,3309.200317554921,nan,nan,nan,nan,nan,nan,nan,nan,nan,140.0,0.006374510126001862,8.01987782502547,4000.0,1.0,0.0,nan,nan,nan,nan,nan,nan,nan,nan,nan,nan,nan,nan,nan,nan,nan,nan,0.0,"[100, 300, 100, 100, 100]","[0.005175125442952631, 0.004600892967442137, 0.004562053438941154, 0.0010650033126364277, 0.016469475468036957]","[null, null, null, null, null]","[null, null, null, null, null]","[null, null, null, null, null]","[null, null, null, null, null]",,0.0891760763025331,0.06971077114768466,5.0,1.96
1a,5000,1225505,neural-fore,neural-main-oracle-bellman,-12.611218253591652,-12.59120036271153,-12.586673112426368,0.08563488702818996,-12.759044741286782,-12.423355984136279,1.0,-0.024545141165283724,-0.004527250285162765,0.6576819560121867,0.6576819560121867,0.09552909739640424,0.08539633152358206,0.03653237006782311,nan,nan,0.24312454866934208,9.499014786456227,28.22854553671185,3346.886902534537,nan,nan,nan,nan,nan,nan,nan,nan,nan,220.0,0.004876455406410492,8.826741107983981,4000.0,1.0,0.0,nan,nan,nan,nan,nan,nan,nan,nan,nan,nan,nan,nan,nan,nan,nan,nan,0.0,"[300, 300, 300, 100, 100]","[0.0, 0.0016607378889302378, 0.0006186708791528092, 0.014259630513412625, 0.007843237750556785]","[null, null, null, null, null]","[null, null, null, null, null]","[null, null, null, null, null]","[null, null, null, null, null]",,0.08563488702818996,0.10620647315512112,5.0,1.96
1a,5000,1235505,neural-fore,neural-main-oracle-bellman,-12.450195682783121,-12.416184860386116,-12.586673112426368,0.0842844119697965,-12.581382307846917,-12.250987412925314,0.0,0.1364774296432465,0.17048825204025242,0.5370037331429119,0.5370037331429119,0.08443135707225521,0.07403905366905719,0.03009448168910522,nan,nan,0.40162827563662024,9.500965761948844,28.622190204842394,3369.354285259684,nan,nan,nan,nan,nan,nan,nan,nan,nan,140.0,0.008824281504392127,7.894886866386514,4000.0,1.0,0.0,nan,nan,nan,nan,nan,nan,nan,nan,nan,nan,nan,nan,nan,nan,nan,nan,0.0,"[100, 300, 100, 100, 100]","[0.00681889692138617, 0.0044399444783170495, 0.013022334985243215, 0.010864301697247943, 0.008975929439766253]","[null, null, null, null, null]","[null, null, null, null, null]","[null, null, null, null, null]","[null, null, null, null, null]",,0.0842844119697965,0.09044004483151213,5.0,1.96
1a,5000,1245505,neural-fore,neural-main-oracle-bellman,-12.681551355706219,-12.637050782254198,-12.586673112426368,0.08714800115354181,-12.80786086451514,-12.466240699993255,1.0,-0.09487824327985095,-0.05037766982782976,0.5204483141365805,0.5204483141365805,0.0860137807492088,0.07696171615799588,0.031075988402294145,nan,nan,0.3925375878840568,9.330369298954665,30.0514748366596,3278.0185374969415,nan,nan,nan,nan,nan,nan,nan,nan,nan,100.0,0.008459372149770685,7.131461066380143,4000.0,1.0,0.0,nan,nan,nan,nan,nan,nan,nan,nan,nan,nan,nan,nan,nan,nan,nan,nan,0.0,"[100, 100, 100, 100, 100]","[0.008718961852218243, 0.027837758055881363, 0.0, 0.002345753680825601, 0.0033943871599282182]","[null, null, null, null, null]","[null, null, null, null, null]","[null, null, null, null, null]","[null, null, null, null, null]",,0.08714800115354181,0.09656128726565165,5.0,1.96
1a,5000,1255505,neural-fore,neural-main-oracle-bellman,-12.651690743386784,-12.66206472492408,-12.586673112426368,0.09036067270700633,-12.839171643429813,-12.484957806418349,1.0,-0.06501763096041557,-0.07539161249771276,0.5347573684582515,0.5347573684582515,0.0856117307351796,0.07171040119348893,0.03643063995047588,nan,nan,0.36027459243722604,9.066274767953143,32.260093087865734,3218.6440539917635,nan,nan,nan,nan,nan,nan,nan,nan,nan,140.0,0.008443528712861265,7.516373958031181,4000.0,1.0,0.0,nan,nan,nan,nan,nan,nan,nan,nan,nan,nan,nan,nan,nan,nan,nan,nan,0.0,"[100, 100, 300, 100, 100]","[0.0025978934001072798, 0.022078135594061864, 0.0, 0.011146484711766255, 0.006395129858370922]","[null, null, null, null, null]","[null, null, null, null, null]","[null, null, null, null, null]","[null, null, null, null, null]",,0.09036067270700633,0.09551822390560834,5.0,1.96
1a,5000,1265505,neural-fore,neural-main-oracle-bellman,-12.595469642905691,-12.547186749879966,-12.586673112426368,0.08630772851004252,-12.716349897759649,-12.378023602000283,1.0,-0.00879653047932294,0.03948636254640192,0.4923627119019011,0.4923627119019011,0.11600860139426135,0.10608127340577478,0.032190055271232317,nan,nan,0.3759034821095311,9.368655810264762,31.364830266060224,3286.7432703629383,nan,nan,nan,nan,nan,nan,nan,nan,nan,140.0,0.007198568943842959,7.387540633394383,4000.0,1.0,0.0,nan,nan,nan,nan,nan,nan,nan,nan,nan,nan,nan,nan,nan,nan,nan,nan,0.0,"[100, 100, 100, 300, 100]","[0.0027247819255862885, 0.020021570363520626, 0.010106187768550488, 0.0, 0.0031403046615573987]","[null, null, null, null, null]","[null, null, null, null, null]","[null, null, null, null, null]","[null, null, null, null, null]",,0.08630772851004252,0.11241556594237642,5.0,1.96
1a,5000,1275505,neural-fore,neural-main-oracle-bellman,-12.476606294088823,-12.496402988654488,-12.586673112426368,0.08584596980111661,-12.664661089464676,-12.3281448878443,1.0,0.11006681833754506,0.09027012377188015,0.4924150188527328,0.4924150188527328,0.09699398011604281,0.090493168927211,0.038747877521340075,nan,nan,0.3845923085103882,9.16158318383522,29.184697700299292,3311.393810727425,nan,nan,nan,nan,nan,nan,nan,nan,nan,140.0,0.009238147693659996,7.991222366609145,4000.0,1.0,0.0,nan,nan,nan,nan,nan,nan,nan,nan,nan,nan,nan,nan,nan,nan,nan,nan,0.0,"[100, 100, 100, 300, 100]","[0.017208552060198848, 0.0, 0.017085847350763465, 0.0018232020297464283, 0.010073137027591236]","[null, null, null, null, null]","[null, null, null, null, null]","[null, null, null, null, null]","[null, null, null, null, null]",,0.08584596980111661,0.0688901884189751,5.0,1.96
1a,5000,1285505,neural-fore,neural-main-oracle-bellman,-12.828555239352479,-12.78721102665774,-12.586673112426368,0.09063483788226408,-12.964855308906978,-12.609566744408502,0.0,-0.24188212692611089,-0.20053791423137213,0.6653891921492425,0.6653891921492425,0.11389401498435188,0.08562656735713689,0.0444724924138972,nan,nan,0.37870617209125407,9.228057450731633,30.236873190358338,3264.374026374501,nan,nan,nan,nan,nan,nan,nan,nan,nan,180.0,0.011411135242451798,8.8303000416141,4000.0,1.0,0.0,nan,nan,nan,nan,nan,nan,nan,nan,nan,nan,nan,nan,nan,nan,nan,nan,0.0,"[300, 100, 300, 100, 100]","[0.0002672095904721623, 0.019441581671768435, 0.007853581035341528, 0.027439887947653847, 0.0020534159670230114]","[null, null, null, null, null]","[null, null, null, null, null]","[null, null, null, null, null]","[null, null, null, null, null]",,0.09063483788226408,0.06085505949630307,5.0,1.96
1a,5000,1295505,neural-fore,neural-main-oracle-bellman,-12.578325537189405,-12.598094469238655,-12.586673112426368,0.08898176512218461,-12.772498728878137,-12.423690209599172,1.0,0.008347575236962612,-0.011421356812286731,0.7554647288593481,0.7554647288593481,0.10879032462305349,0.09548481067163414,0.04734398955242707,nan,nan,0.2856994590795691,9.35676449898856,30.405630950490874,3264.371983649119,nan,nan,nan,nan,nan,nan,nan,nan,nan,180.0,0.002127593177495949,8.273130224982742,4000.0,1.0,0.0,nan,nan,nan,nan,nan,nan,nan,nan,nan,nan,nan,nan,nan,nan,nan,nan,0.0,"[100, 100, 300, 300, 100]","[0.0, 0.00428404549883712, 8.192985426209564e-05, 0.0, 0.006271990534380529]","[null, null, null, null, null]","[null, null, null, null, null]","[null, null, null, null, null]","[null, null, null, null, null]",,0.08898176512218461,0.1038042108375151,5.0,1.96
1a,5000,1305505,neural-fore,neural-main-oracle-bellman,-12.645818197940132,-12.575636152338909,-12.586673112426368,0.08528657639632264,-12.742797842075701,-12.408474462602117,1.0,-0.05914508551376407,0.011036960087459136,0.7092159607156627,0.7092159607156627,0.1105779920480724,0.10210381007633298,0.038076885638613514,nan,nan,0.34679252874354344,9.753406796092058,29.317349777912405,3338.4977380715586,nan,nan,nan,nan,nan,nan,nan,nan,nan,220.0,0.0062115219685677,8.272083266812842,4000.0,1.0,0.0,nan,nan,nan,nan,nan,nan,nan,nan,nan,nan,nan,nan,nan,nan,nan,nan,0.0,"[300, 100, 100, 300, 300]","[0.005573549819600057, 0.02374516822787407, 0.0017388917953643727, 0.0, 0.0]","[null, null, null, null, null]","[null, null, null, null, null]","[null, null, null, null, null]","[null, null, null, null, null]",,0.08528657639632264,0.08519900040406857,5.0,1.96
1a,5000,1315505,neural-fore,neural-main-oracle-bellman,-12.507928502331033,-12.509676103646866,-12.586673112426368,0.08195918187971896,-12.670316100131116,-12.349036107162616,1.0,0.07874461009533462,0.076997008779502,0.926487434364154,0.926487434364154,0.14572910561008293,0.14549245627403476,0.049500697327725475,nan,nan,0.3702696925314759,9.566867500873936,26.220512955514405,3421.5048296259397,nan,nan,nan,nan,nan,nan,nan,nan,nan,140.0,0.006014985623708499,8.074167849577497,4000.0,1.0,0.0,nan,nan,nan,nan,nan,nan,nan,nan,nan,nan,nan,nan,nan,nan,nan,nan,0.0,"[100, 100, 100, 300, 100]","[0.0019016448568224295, 0.014917992545485214, 0.005826633457355012, 0.002370378477807511, 0.0050582787810723295]","[null, null, null, null, null]","[null, null, null, null, null]","[null, null, null, null, null]","[null, null, null, null, null]",,0.08195918187971896,0.053051615115344224,5.0,1.96
1a,5000,1325505,neural-fore,neural-main-oracle-bellman,-12.462369802079275,-12.48139328373835,-12.586673112426368,0.08475962237425082,-12.647522143591882,-12.31526442388482,1.0,0.12430331034709319,0.10527982868801722,0.6298042432950683,0.6298042432950683,0.11214695635028582,0.09634604676954425,0.05397259961148738,nan,nan,0.32022696112666105,9.384245629943038,29.201417663293906,3322.03395795491,nan,nan,nan,nan,nan,nan,nan,nan,nan,180.0,0.0061615148068291745,8.898014400014654,4000.0,1.0,0.0,nan,nan,nan,nan,nan,nan,nan,nan,nan,nan,nan,nan,nan,nan,nan,nan,0.0,"[100, 300, 300, 100, 100]","[0.012971488233694591, 0.0024212857217321285, 0.0, 0.013967934160221827, 0.0014468659184973301]","[null, null, null, null, null]","[null, null, null, null, null]","[null, null, null, null, null]","[null, null, null, null, null]",,0.08475962237425082,0.08986812350651213,5.0,1.96
1a,5000,1335505,neural-fore,neural-main-oracle-bellman,-12.66681042342867,-12.55754712989795,-12.586673112426368,0.08763761127730543,-12.729316848001469,-12.38577741179443,1.0,-0.08013731100230181,0.02912598252841825,0.41985999645259875,0.41985999645259875,0.07771376250380208,0.06903084132370238,0.024987614231845024,nan,nan,0.3981324249639648,9.219944068880672,31.75715026157462,3264.0649725060002,nan,nan,nan,nan,nan,nan,nan,nan,nan,100.0,0.010147550621282156,6.792026600195095,4000.0,1.0,0.0,nan,nan,nan,nan,nan,nan,nan,nan,nan,nan,nan,nan,nan,nan,nan,nan,0.0,"[100, 100, 100, 100, 100]","[0.006026418959693413, 0.01444255767521512, 0.017555901536556777, 0.007415227951246048, 0.005297646983699413]","[null, null, null, null, null]","[null, null, null, null, null]","[null, null, null, null, null]","[null, null, null, null, null]",,0.08763761127730543,0.10172048335755729,5.0,1.96
1a,5000,1345505,neural-fore,neural-main-oracle-bellman,-12.707883034378362,-12.702152083357023,-12.586673112426368,0.08898976913345498,-12.876572030858593,-12.527732135855452,1.0,-0.1212099219519942,-0.11547897093065451,0.8087063283956418,0.8087063283956418,0.10332702345466534,0.09909128194436886,0.03756676488288735,nan,nan,0.22061721932227588,9.288882441909724,30.716482152352228,3201.6723704143847,nan,nan,nan,nan,nan,nan,nan,nan,nan,220.0,0.0018922231231562816,8.549180649977643,4000.0,1.0,0.0,nan,nan,nan,nan,nan,nan,nan,nan,nan,nan,nan,nan,nan,nan,nan,nan,0.0,"[300, 300, 100, 300, 100]","[0.0, 0.001903011500956695, 0.0034743266728238676, 0.003018719927139025, 0.001065057514861822]","[null, null, null, null, null]","[null, null, null, null, null]","[null, null, null, null, null]","[null, null, null, null, null]",,0.08898976913345498,0.0637853207172708,5.0,1.96
1a,5000,1355505,neural-fore,neural-main-oracle-bellman,-12.585368904076391,-12.630553951956486,-12.586673112426368,0.08853303326235896,-12.80407869715071,-12.457029206762263,1.0,0.0013042083499765766,-0.04388083953011801,0.6692126544769665,0.6692126544769665,0.08318228212827745,0.0774184228749224,0.04642549453102805,nan,nan,0.3201627553761834,9.128375006597794,30.91075243599709,3226.273780189659,nan,nan,nan,nan,nan,nan,nan,nan,nan,180.0,0.01174291721872831,8.693755066231825,4000.0,0.9999999999999998,0.0,nan,nan,nan,nan,nan,nan,nan,nan,nan,nan,nan,nan,nan,nan,nan,nan,0.0,"[100, 300, 300, 100, 100]","[0.0023594337119013714, 0.0, 0.0, 0.007090294786589945, 0.04926485759515024]","[null, null, null, null, null]","[null, null, null, null, null]","[null, null, null, null, null]","[null, null, null, null, null]",,0.08853303326235896,0.13008887488051082,5.0,1.96
1a,5000,1365505,neural-fore,neural-main-oracle-bellman,-12.532155914545449,-12.517209970839945,-12.586673112426368,0.0869583863343001,-12.687648408055173,-12.346771533624716,1.0,0.054517197880919355,0.0694631415864233,1.0047826908749922,1.0047826908749922,0.12608399347400842,0.12945708088363408,0.04498211328422374,nan,nan,0.3604779411731384,9.25632045688484,30.373171248255588,3276.489710751859,nan,nan,nan,nan,nan,nan,nan,nan,nan,100.0,0.005519842701532286,6.997553599975072,4000.0,1.0,0.0,nan,nan,nan,nan,nan,nan,nan,nan,nan,nan,nan,nan,nan,nan,nan,nan,0.0,"[100, 100, 100, 100, 100]","[0.004385587142980844, 0.0037331225504248374, 0.01086926580948581, 0.005174602796079356, 0.0034366352086905856]","[null, null, null, null, null]","[null, null, null, null, null]","[null, null, null, null, null]","[null, null, null, null, null]",,0.0869583863343001,0.08865060651306658,5.0,1.96
1a,5000,1375505,neural-fore,neural-main-oracle-bellman,-12.758572685417906,-12.742370989358182,-12.586673112426368,0.09223918932103688,-12.923159800427415,-12.56158217828895,1.0,-0.17189957299153846,-0.15569787693181425,0.5436195076582496,0.5436195076582496,0.07837195602660534,0.07160804108329555,0.02608830916140138,nan,nan,0.28763206221479315,9.356531574630392,32.74012432553746,3211.2433018356596,nan,nan,nan,nan,nan,nan,nan,nan,nan,180.0,0.007758132527536907,9.032068133412395,4000.0,1.0,0.0,nan,nan,nan,nan,nan,nan,nan,nan,nan,nan,nan,nan,nan,nan,nan,nan,0.0,"[100, 300, 100, 300, 100]","[0.00382904781056684, 0.004334345548792082, 0.012323081791313868, 0.0, 0.018304187487011743]","[null, null, null, null, null]","[null, null, null, null, null]","[null, null, null, null, null]","[null, null, null, null, null]",,0.09223918932103688,0.10004763150704726,5.0,1.96
1a,5000,1385505,neural-fore,neural-main-oracle-bellman,-12.69640844118501,-12.619462995338848,-12.586673112426368,0.08816935913292169,-12.792274939239375,-12.446651051438321,1.0,-0.10973532875864223,-0.032789882912480195,0.5577398384403753,0.5577398384403753,0.08643971466984016,0.06888680138915892,0.03178968321444058,nan,nan,0.29339075911535534,9.323622931476137,27.421450434507598,3283.4422613210277,nan,nan,nan,nan,nan,nan,nan,nan,nan,220.0,0.005632502577833184,8.541347950208001,4000.0,1.0,0.0,nan,nan,nan,nan,nan,nan,nan,nan,nan,nan,nan,nan,nan,nan,nan,nan,0.0,"[100, 100, 300, 300, 300]","[0.012766011466800798, 0.005314477293409214, 0.003546954696056044, 0.006535069432899865, 0.0]","[null, null, null, null, null]","[null, null, null, null, null]","[null, null, null, null, null]","[null, null, null, null, null]",,0.08816935913292169,0.07293636736345324,5.0,1.96
1a,5000,1395505,neural-fore,neural-main-oracle-bellman,-12.37570023131668,-12.371757492171705,-12.586673112426368,0.08209828599246816,-12.532670132716943,-12.210844851626467,0.0,0.21097288110968826,0.21491562025466315,0.6150504711437554,0.6150504711437554,0.09666041366627212,0.09672875693891499,0.04405585456658352,nan,nan,0.39221757012734704,9.389528239786333,28.36808888505132,3368.139231175562,nan,nan,nan,nan,nan,nan,nan,nan,nan,180.0,0.0061978158835106455,7.993066641804762,4000.0,1.0,0.0,nan,nan,nan,nan,nan,nan,nan,nan,nan,nan,nan,nan,nan,nan,nan,nan,0.0,"[300, 100, 100, 100, 300]","[0.0036079572177895535, 0.013992380659788733, 0.0026468517918549145, 0.00844483240843807, 0.002297057339681957]","[null, null, null, null, null]","[null, null, null, null, null]","[null, null, null, null, null]","[null, null, null, null, null]",,0.08209828599246816,0.11104260529647857,5.0,1.96
1a,5000,1405505,neural-fore,neural-main-oracle-bellman,-12.720072359049288,-12.72776447155037,-12.586673112426368,0.0921552106050483,-12.908388684336266,-12.547140258764475,1.0,-0.13339924662292013,-0.14109135912400284,0.7995714608122625,0.7995714608122625,0.1006449480868921,0.08824835294719481,0.029945566479131523,nan,nan,0.32199690030549366,9.169508051622692,31.665218121929733,3184.2514559470656,nan,nan,nan,nan,nan,nan,nan,nan,nan,180.0,0.005616209487967455,8.807740725378972,4000.0,1.0,0.0,nan,nan,nan,nan,nan,nan,nan,nan,nan,nan,nan,nan,nan,nan,nan,nan,0.0,"[100, 100, 100, 300, 300]","[0.013286455907419314, 0.0024842751194652725, 0.008059098658871057, 0.0005269286985561004, 0.0037242890555255295]","[null, null, null, null, null]","[null, null, null, null, null]","[null, null, null, null, null]","[null, null, null, null, null]",,0.0921552106050483,0.09293539014733355,5.0,1.96
1a,5000,1415505,neural-fore,neural-main-oracle-bellman,-12.648691683801928,-12.642568249615003,-12.586673112426368,0.08743243328894801,-12.81393581886134,-12.471200680368666,1.0,-0.06201857137556033,-0.05589513718863515,0.5433459789760546,0.5433459789760546,0.08938771898132394,0.08162677069970314,0.035578717954577545,nan,nan,0.23356113454907024,9.307233794150005,28.531485283091005,3232.6442491174694,nan,nan,nan,nan,nan,nan,nan,nan,nan,260.0,0.005074025908884569,10.044494133011904,4000.0,1.0,0.0,nan,nan,nan,nan,nan,nan,nan,nan,nan,nan,nan,nan,nan,nan,nan,nan,0.0,"[300, 300, 300, 300, 100]","[0.0066782257731018545, 0.001726135027907788, 0.006459636764619753, 0.0, 0.010506131978793453]","[null, null, null, null, null]","[null, null, null, null, null]","[null, null, null, null, null]","[null, null, null, null, null]",,0.08743243328894801,0.09134452493660218,5.0,1.96
1a,5000,1425505,neural-fore,neural-main-oracle-bellman,-12.494355844056578,-12.511580601959558,-12.586673112426368,0.08206024933103641,-12.672418690648389,-12.350742513270728,1.0,0.09231726836978993,0.07509251046680987,0.5879381025697242,0.5879381025697242,0.07934007227696882,0.07266264818498136,0.02829898244448928,nan,nan,0.31679836952087304,9.583152588948801,26.9646014931581,3392.0512206317244,nan,nan,nan,nan,nan,nan,nan,nan,nan,180.0,0.0029265802697030496,8.297693899378647,4000.0,1.0,0.0,nan,nan,nan,nan,nan,nan,nan,nan,nan,nan,nan,nan,nan,nan,nan,nan,0.0,"[300, 300, 100, 100, 100]","[0.0, 0.0, 0.004285017337312139, 0.0033387224119079554, 0.007009161599295155]","[null, null, null, null, null]","[null, null, null, null, null]","[null, null, null, null, null]","[null, null, null, null, null]",,0.08206024933103641,0.08395776200519545,5.0,1.96
1a,5000,1435505,neural-fore,neural-main-oracle-bellman,-12.534706550492562,-12.441109425817768,-12.586673112426368,0.08507466948459809,-12.607855778007579,-12.274363073627956,1.0,0.05196656193380633,0.1455636866086003,0.4955444990554512,0.4955444990554512,0.0662383224715275,0.0554999474631251,0.034904996792599695,nan,nan,0.3708233953432703,9.506840092192949,30.730459176253685,3286.673210451581,nan,nan,nan,nan,nan,nan,nan,nan,nan,140.0,0.007552212278615265,7.3741557913948785,4000.0,1.0,0.0,nan,nan,nan,nan,nan,nan,nan,nan,nan,nan,nan,nan,nan,nan,nan,nan,0.0,"[100, 100, 300, 100, 100]","[0.00562304418822131, 0.0, 0.0, 0.0018804617835996929, 0.030257555421255324]","[null, null, null, null, null]","[null, null, null, null, null]","[null, null, null, null, null]","[null, null, null, null, null]",,0.08507466948459809,0.06633491285079597,5.0,1.96
1a,5000,1445505,neural-fore,neural-main-oracle-bellman,-12.48835015909145,-12.438544713594759,-12.586673112426368,0.0833394324074655,-12.601890001113391,-12.275199426076126,1.0,0.09832295333491814,0.14812839883160933,0.563271933265179,0.563271933265179,0.07970317403533053,0.07635873120979955,0.033196398728314175,nan,nan,0.3494649513149747,9.68384874848823,29.40557347586455,3373.8233985048755,nan,nan,nan,nan,nan,nan,nan,nan,nan,180.0,0.004231762435366488,8.85090350836981,4000.0,1.0,0.0,nan,nan,nan,nan,nan,nan,nan,nan,nan,nan,nan,nan,nan,nan,nan,nan,0.0,"[300, 300, 100, 100, 100]","[0.0, 0.0017585236306482122, 0.006749170264083978, 0.009868643773034294, 0.002782474509065949]","[null, null, null, null, null]","[null, null, null, null, null]","[null, null, null, null, null]","[null, null, null, null, null]",,0.0833394324074655,0.15616434576185453,5.0,1.96
1a,5000,1455505,neural-fore,neural-main-oracle-bellman,-12.465274831491762,-12.421429693887779,-12.586673112426368,0.08223153750395384,-12.582603507395529,-12.26025588038003,0.0,0.12139828093460636,0.16524341853858893,0.5657289711568361,0.5657289711568361,0.07899336937534154,0.06936100072942304,0.052829186606076446,nan,nan,0.3085770084836894,9.503425747615726,27.319845712727528,3388.851591523948,nan,nan,nan,nan,nan,nan,nan,nan,nan,180.0,0.006870329321467782,8.370388524618466,4000.0,1.0,0.0,nan,nan,nan,nan,nan,nan,nan,nan,nan,nan,nan,nan,nan,nan,nan,nan,0.0,"[300, 300, 100, 100, 100]","[0.00520235079654675, 0.0, 0.006469933737550367, 0.009859683160426421, 0.01281967891281537]","[null, null, null, null, null]","[null, null, null, null, null]","[null, null, null, null, null]","[null, null, null, null, null]",,0.08223153750395384,0.07633499043766294,5.0,1.96
1a,5000,1465505,neural-fore,neural-main-oracle-bellman,-12.54914749604721,-12.537542957945977,-12.586673112426368,0.0837634043936049,-12.701719230557442,-12.373366685334512,1.0,0.03752561637915797,0.04913015448039104,0.6886721110950618,0.6886721110950618,0.08417160036467665,0.07970849434101722,0.03656604384597368,nan,nan,0.3117873418866465,9.470475369778118,28.07377300448362,3348.5621860868364,nan,nan,nan,nan,nan,nan,nan,nan,nan,140.0,0.005504897754473628,7.268991983169689,4000.0,1.0,0.0,nan,nan,nan,nan,nan,nan,nan,nan,nan,nan,nan,nan,nan,nan,nan,nan,0.0,"[100, 300, 100, 100, 100]","[0.01309909094293949, 0.002104454765352065, 0.0066701724422920305, 0.00036090266334902574, 0.00528986795843553]","[null, null, null, null, null]","[null, null, null, null, null]","[null, null, null, null, null]","[null, null, null, null, null]",,0.0837634043936049,0.08584807715475745,5.0,1.96
1a,5000,1475505,neural-fore,neural-main-oracle-bellman,-12.630466728591855,-12.645976315396556,-12.586673112426368,0.08919768456570405,-12.820803777145336,-12.471148853647776,1.0,-0.04379361616548749,-0.059303202970188096,0.5179368695694944,0.5179368695694944,0.1231828012189298,0.12663189097464286,0.03661742823332679,nan,nan,0.3476849935178457,9.222165305937668,32.30410128941862,3219.8435182149956,nan,nan,nan,nan,nan,nan,nan,nan,nan,140.0,0.006548211126018918,7.22497301743133,4000.0,1.0,0.0,nan,nan,nan,nan,nan,nan,nan,nan,nan,nan,nan,nan,nan,nan,nan,nan,0.0,"[100, 300, 100, 100, 100]","[0.00833034473387504, 0.0025359054212659203, 0.004948153244232084, 0.015227166982285973, 0.0016994852484355748]","[null, null, null, null, null]","[null, null, null, null, null]","[null, null, null, null, null]","[null, null, null, null, null]",,0.08919768456570405,0.05436946983940272,5.0,1.96
1a,5000,1485505,neural-fore,neural-main-oracle-bellman,-12.65647321849124,-12.608105783705854,-12.586673112426368,0.09043092738691211,-12.785350401384202,-12.430861166027507,1.0,-0.06980010606487141,-0.021432671279486115,0.828301381032064,0.828301381032064,0.10371136703473419,0.09742257990354818,0.037129094423020904,nan,nan,0.29167714286264956,9.175591805532042,32.010882511648475,3196.740629676634,nan,nan,nan,nan,nan,nan,nan,nan,nan,180.0,0.014413799700484101,8.72712542458903,4000.0,1.0,0.0,nan,nan,nan,nan,nan,nan,nan,nan,nan,nan,nan,nan,nan,nan,nan,nan,0.0,"[100, 100, 300, 100, 300]","[0.05474632781684828, 0.0020822832230160734, 0.0, 0.012367756564129825, 0.002872630898426316]","[null, null, null, null, null]","[null, null, null, null, null]","[null, null, null, null, null]","[null, null, null, null, null]",,0.09043092738691211,0.07944341177102038,5.0,1.96
1a,5000,1495505,neural-fore,neural-main-oracle-bellman,-12.660754035071626,-12.640092943883076,-12.586673112426368,0.08863194966268785,-12.813811565221943,-12.466374322544208,1.0,-0.07408092264525834,-0.05341983145670781,0.5751282253661384,0.5751282253661384,0.08776983629931381,0.07494243207390092,0.034004917409959964,nan,nan,0.4711215349786638,9.276911916603755,30.194679154929588,3295.5467882634384,nan,nan,nan,nan,nan,nan,nan,nan,nan,100.0,0.007358847210770003,7.228164841607213,4000.0,1.0,0.0,nan,nan,nan,nan,nan,nan,nan,nan,nan,nan,nan,nan,nan,nan,nan,nan,0.0,"[100, 100, 100, 100, 100]","[0.0017689098545560077, 0.008112051774845403, 0.007581445039046133, 0.00993800569710736, 0.009393823688295111]","[null, null, null, null, null]","[null, null, null, null, null]","[null, null, null, null, null]","[null, null, null, null, null]",,0.08863194966268785,0.08184210225263082,5.0,1.96
1a,5000,1505505,neural-fore,neural-main-oracle-bellman,-12.506270022751766,-12.404514155287236,-12.586673112426368,0.08569465002018112,-12.572475669326792,-12.23655264124768,0.0,0.08040308967460241,0.18215895713913177,0.5059954978952794,0.5059954978952794,0.09714791125223331,0.08907089778522503,0.040062953758357694,nan,nan,0.28535167866331834,9.174901171816284,29.417178238019023,3276.2567913836997,nan,nan,nan,nan,nan,nan,nan,nan,nan,180.0,0.003421167535606201,7.873320200189482,4000.0,1.0,0.0,nan,nan,nan,nan,nan,nan,nan,nan,nan,nan,nan,nan,nan,nan,nan,nan,0.0,"[100, 300, 100, 300, 100]","[0.0004352620863508097, 0.0, 0.014276472290547718, 0.0, 0.002394103301132477]","[null, null, null, null, null]","[null, null, null, null, null]","[null, null, null, null, null]","[null, null, null, null, null]",,0.08569465002018112,0.09538563520403524,5.0,1.96
1a,5000,1515505,neural-fore,neural-main-oracle-bellman,-12.635834971308627,-12.627511346960757,-12.586673112426368,0.08820110409175781,-12.800385510980602,-12.454637182940912,1.0,-0.049161858882259324,-0.04083823453438917,1.0952765039269299,1.0952765039269299,0.131445734666597,0.1175542920441989,0.040588739208395286,nan,nan,0.35266357228703094,9.307491185666397,30.643211550620467,3279.113596443583,nan,nan,nan,nan,nan,nan,nan,nan,nan,180.0,0.0027392857350208247,7.875221650209278,4000.0,1.0,0.0,nan,nan,nan,nan,nan,nan,nan,nan,nan,nan,nan,nan,nan,nan,nan,nan,0.0,"[100, 300, 100, 300, 100]","[0.005423816882091988, 0.000993467308785332, 0.0038484469864355263, 0.0, 0.003430697497791278]","[null, null, null, null, null]","[null, null, null, null, null]","[null, null, null, null, null]","[null, null, null, null, null]",,0.08820110409175781,0.11766877616669874,5.0,1.96
1a,5000,1525505,neural-fore,neural-main-oracle-bellman,-12.641589137920862,-12.624149276286351,-12.586673112426368,0.08711569736199418,-12.794896043115859,-12.453402509456843,1.0,-0.054916025494494036,-0.0374761638599832,0.6449322013531471,0.6449322013531471,0.08227621399623544,0.07511525208480765,0.029528483285544548,nan,nan,0.4116811808498824,9.45329537124963,27.213377057446834,3350.812715090228,nan,nan,nan,nan,nan,nan,nan,nan,nan,100.0,0.007476502443267845,7.141544958564919,4000.0,1.0,0.0,nan,nan,nan,nan,nan,nan,nan,nan,nan,nan,nan,nan,nan,nan,nan,nan,0.0,"[100, 100, 100, 100, 100]","[0.011658080801049239, 0.017635838056059373, 0.0010799854079678569, 0.005304742363151417, 0.0017038655881113358]","[null, null, null, null, null]","[null, null, null, null, null]","[null, null, null, null, null]","[null, null, null, null, null]",,0.08711569736199418,0.07250348116960131,5.0,1.96
1a,5000,1535505,neural-fore,neural-main-oracle-bellman,-12.50270894180809,-12.472086287619462,-12.586673112426368,0.08535472822601527,-12.639381554942451,-12.304791020296472,1.0,0.08396417061827854,0.1145868248069064,0.8307553232895977,0.8307553232895977,0.11350968409771992,0.10113386707650736,0.03363594136258952,nan,nan,0.37500156536342616,9.434762571471548,30.61139311853661,3297.7995968047007,nan,nan,nan,nan,nan,nan,nan,nan,nan,140.0,0.010260087212800736,7.689971483196132,4000.0,1.0000000000000002,0.0,nan,nan,nan,nan,nan,nan,nan,nan,nan,nan,nan,nan,nan,nan,nan,nan,0.0,"[300, 100, 100, 100, 100]","[0.010872318019692462, 0.006806017813208205, 0.02515156290903093, 0.008470537322072088, 0.0]","[null, null, null, null, null]","[null, null, null, null, null]","[null, null, null, null, null]","[null, null, null, null, null]",,0.08535472822601527,0.06522007606477316,5.0,1.96
1a,5000,1545505,neural-fore,neural-main-oracle-bellman,-12.675261201732459,-12.64036294434336,-12.586673112426368,0.08999586304639794,-12.8167548359143,-12.46397105277242,1.0,-0.08858808930609108,-0.0536898319169925,0.41773615571879424,0.41773615571879424,0.07485814040664578,0.072236141422045,0.04208549037150542,nan,nan,0.2240330911773345,9.220478148003695,30.061980378917433,3200.4485985282504,nan,nan,nan,nan,nan,nan,nan,nan,nan,260.0,0.007032228126866191,9.11763404100202,4000.0,1.0,0.0,nan,nan,nan,nan,nan,nan,nan,nan,nan,nan,nan,nan,nan,nan,nan,nan,0.0,"[300, 100, 300, 300, 300]","[0.0024029460884248386, 0.016374246219419946, 0.01036921793008971, 0.002085986330664858, 0.003928744065731605]","[null, null, null, null, null]","[null, null, null, null, null]","[null, null, null, null, null]","[null, null, null, null, null]",,0.08999586304639794,0.0699147889099991,5.0,1.96
1a,5000,1555505,neural-fore,neural-main-oracle-bellman,-12.780296273497388,-12.768704692501496,-12.586673112426368,0.09305937229793841,-12.951101062205455,-12.586308322797537,1.0,-0.19362316107102018,-0.18203158007512776,0.4250927187273527,0.4250927187273527,0.07847178860690966,0.07404429583211605,0.03146708670783836,nan,nan,0.24984272386707365,9.187901434659787,31.394732129688574,3134.550233504559,nan,nan,nan,nan,nan,nan,nan,nan,nan,220.0,0.0067675084131290225,8.639115683629644,4000.0,1.0,0.0,nan,nan,nan,nan,nan,nan,nan,nan,nan,nan,nan,nan,nan,nan,nan,nan,0.0,"[100, 300, 300, 100, 300]","[0.015181512408206112, 0.010165473416980052, 0.0007086792904442648, 0.007781876950014681, 0.0]","[null, null, null, null, null]","[null, null, null, null, null]","[null, null, null, null, null]","[null, null, null, null, null]",,0.09305937229793841,0.09472876277780269,5.0,1.96
1a,5000,1565505,neural-fore,neural-main-oracle-bellman,-12.679920681636304,-12.669272259017962,-12.586673112426368,0.08947117966555133,-12.844635771162443,-12.493908746873482,1.0,-0.09324756920993593,-0.08259914659159406,0.5822698561032084,0.5822698561032084,0.10212898350161159,0.08089181481702927,0.028017876667048216,nan,nan,0.33313692356685576,9.304173193096602,31.22402207490058,3254.0453533318487,nan,nan,nan,nan,nan,nan,nan,nan,nan,140.0,0.008970140001896084,7.776278775034006,4000.0,1.0,0.0,nan,nan,nan,nan,nan,nan,nan,nan,nan,nan,nan,nan,nan,nan,nan,nan,0.0,"[100, 100, 100, 300, 100]","[0.03243933158984798, 0.006438216894775582, 0.0014388244462765854, 0.0, 0.004534327078580272]","[null, null, null, null, null]","[null, null, null, null, null]","[null, null, null, null, null]","[null, null, null, null, null]",,0.08947117966555133,0.10340025606983429,5.0,1.96
1a,5000,1575505,neural-fore,neural-main-oracle-bellman,-12.612934412966576,-12.634869426784682,-12.586673112426368,0.08869230656316222,-12.80870634764848,-12.461032505920885,1.0,-0.0262613005402077,-0.048196314358314396,0.801333798478119,0.801333798478119,0.10749048226214375,0.09511641829081599,0.030066446780602798,nan,nan,0.3101597612367512,9.271418141149278,32.071295717624615,3240.683562824039,nan,nan,nan,nan,nan,nan,nan,nan,nan,140.0,0.007853226432683979,7.688857241580263,4000.0,1.0,0.0,nan,nan,nan,nan,nan,nan,nan,nan,nan,nan,nan,nan,nan,nan,nan,nan,0.0,"[100, 100, 100, 100, 300]","[0.0107861480638851, 0.008325130103108798, 0.015570486104383626, 0.004584367892042369, 0.0]","[null, null, null, null, null]","[null, null, null, null, null]","[null, null, null, null, null]","[null, null, null, null, null]",,0.08869230656316222,0.10478767891633663,5.0,1.96
1a,5000,1585505,neural-fore,neural-main-oracle-bellman,-12.70741202111447,-12.756946719440357,-12.586673112426368,0.09227813997903059,-12.937811873799257,-12.576081565081457,1.0,-0.12073890868810189,-0.1702736070139892,0.7995053549213824,0.7995053549213824,0.1190470063622916,0.11905413051157962,0.0404090313847226,nan,nan,0.3278065555172933,8.945856033853413,33.07427100681364,3201.3723081107455,nan,nan,nan,nan,nan,nan,nan,nan,nan,180.0,0.003629629773779567,7.952642791799735,4000.0,1.0,0.0,nan,nan,nan,nan,nan,nan,nan,nan,nan,nan,nan,nan,nan,nan,nan,nan,0.0,"[100, 100, 300, 100, 300]","[0.006246043130441456, 0.009185415548297408, 0.0, 0.002716690190158972, 0.0]","[null, null, null, null, null]","[null, null, null, null, null]","[null, null, null, null, null]","[null, null, null, null, null]",,0.09227813997903059,0.1216482183391236,5.0,1.96
1a,5000,1595505,neural-fore,neural-main-oracle-bellman,-12.602939669445824,-12.554620011536725,-12.586673112426368,0.0860608886392279,-12.723299353269612,-12.385940669803839,1.0,-0.01626655701945623,0.03205310088964275,0.39262409943215965,0.39262409943215965,0.06953399873303506,0.0593545636652827,0.031873911373197054,nan,nan,0.24241555335335507,9.390641711508968,29.090507350962824,3270.183521490514,nan,nan,nan,nan,nan,nan,nan,nan,nan,180.0,0.0057339598773466696,7.9400720168370755,4000.0,1.0,0.0,nan,nan,nan,nan,nan,nan,nan,nan,nan,nan,nan,nan,nan,nan,nan,nan,0.0,"[100, 100, 300, 100, 300]","[0.00881417787658164, 0.005667046320390652, 0.0, 0.010679093425818159, 0.003509481763942898]","[null, null, null, null, null]","[null, null, null, null, null]","[null, null, null, null, null]","[null, null, null, null, null]",,0.0860608886392279,0.0658617428001498,5.0,1.96
1a,5000,1605505,neural-fore,neural-main-oracle-bellman,-12.775560318350125,-12.768555288129951,-12.586673112426368,0.09230207568145368,-12.9494673564656,-12.587643219794302,0.0,-0.1888872059237574,-0.18188217570358312,0.5862043746078601,0.5862043746078601,0.11039345613336116,0.09584786325569665,0.030942676482380287,nan,nan,0.25899114492827374,9.073489483986162,29.6647151595709,3179.0239064952025,nan,nan,nan,nan,nan,nan,nan,nan,nan,220.0,0.002991133266538147,9.284322708181572,4000.0,1.0,0.0,nan,nan,nan,nan,nan,nan,nan,nan,nan,nan,nan,nan,nan,nan,nan,nan,0.0,"[100, 300, 100, 300, 300]","[0.002072959014383028, 0.0, 0.011491234167250043, 0.0011896346437315676, 0.0002018385073260949]","[null, null, null, null, null]","[null, null, null, null, null]","[null, null, null, null, null]","[null, null, null, null, null]",,0.09230207568145368,0.03055164937524231,5.0,1.96
1a,5000,1615505,neural-fore,neural-main-oracle-bellman,-12.637354086012207,-12.554895756691863,-12.586673112426368,0.08632095466709686,-12.724084827839373,-12.385706685544353,1.0,-0.05068097358583934,0.03177735573450491,0.4573639601491705,0.4573639601491705,0.10459241087390306,0.09364636300748139,0.0336702327687014,nan,nan,0.22014024632260648,9.783665041032414,29.011100278690492,3265.99783387692,nan,nan,nan,nan,nan,nan,nan,nan,nan,300.0,0.004230614437760636,10.227261017006821,4000.0,1.0,0.0,nan,nan,nan,nan,nan,nan,nan,nan,nan,nan,nan,nan,nan,nan,nan,nan,0.0,"[300, 300, 300, 300, 300]","[0.0137814976762518, 0.0, 0.0, 0.00645014418312446, 0.0009214303294269203]","[null, null, null, null, null]","[null, null, null, null, null]","[null, null, null, null, null]","[null, null, null, null, null]",,0.08632095466709686,0.06260796144494618,5.0,1.96
1a,5000,1625505,neural-fore,neural-main-oracle-bellman,-12.746495368556687,-12.715909871029002,-12.586673112426368,0.09066281836768054,-12.893608995029656,-12.538210747028348,1.0,-0.15982225613031886,-0.12923675860263373,0.5152493503348675,0.5152493503348675,0.0958405242208847,0.09348975080392027,0.042141222052011304,nan,nan,0.3947544897186716,9.311667055831393,29.98527252489294,3256.6100564503945,nan,nan,nan,nan,nan,nan,nan,nan,nan,180.0,0.002534983111975177,7.88651998321293,4000.0,1.0,0.0,nan,nan,nan,nan,nan,nan,nan,nan,nan,nan,nan,nan,nan,nan,nan,nan,0.0,"[100, 100, 300, 100, 300]","[0.005190910869052223, 0.0036628693443293086, 0.0005401123505205017, 0.0032810229959738513, 0.0]","[null, null, null, null, null]","[null, null, null, null, null]","[null, null, null, null, null]","[null, null, null, null, null]",,0.09066281836768054,0.10181358907107618,5.0,1.96
1a,5000,1635505,neural-fore,neural-main-oracle-bellman,-12.60617178952786,-12.58751725275514,-12.586673112426368,0.08854666716951282,-12.761068720407385,-12.413965785102894,1.0,-0.01949867710149178,-0.0008441403287715588,0.7413390963834613,0.7413390963834613,0.10033176503517045,0.08510746849126924,0.05200381667860406,nan,nan,0.19974337419524052,9.545745542385337,28.88671830910419,3208.7397278643098,nan,nan,nan,nan,nan,nan,nan,nan,nan,300.0,0.005046350081643769,9.98004865021212,4000.0,1.0,0.0,nan,nan,nan,nan,nan,nan,nan,nan,nan,nan,nan,nan,nan,nan,nan,nan,0.0,"[300, 300, 300, 300, 300]","[0.005613572041412756, 0.0024867265589807214, 0.006005507589973771, 0.0035374314664636222, 0.007588512751387975]","[null, null, null, null, null]","[null, null, null, null, null]","[null, null, null, null, null]","[null, null, null, null, null]",,0.08854666716951282,0.09155859305930099,5.0,1.96
1a,5000,1645505,neural-fore,neural-main-oracle-bellman,-12.572774196809943,-12.554669584917503,-12.586673112426368,0.08978041612297555,-12.730639200518535,-12.378699969316472,1.0,0.013898915616424645,0.03200352750886459,0.48641209528687845,0.48641209528687845,0.08599878740366322,0.08235343696516788,0.032582035186819305,nan,nan,0.2911601975839139,9.344678775857506,31.92647246122111,3222.586858308831,nan,nan,nan,nan,nan,nan,nan,nan,nan,140.0,0.00868975383835154,7.747173025587108,4000.0,1.0,0.0,nan,nan,nan,nan,nan,nan,nan,nan,nan,nan,nan,nan,nan,nan,nan,nan,0.0,"[100, 100, 100, 100, 300]","[0.002006565372552378, 0.0027132839367372493, 0.029316488194329957, 0.0026143379230802854, 0.006798093765057833]","[null, null, null, null, null]","[null, null, null, null, null]","[null, null, null, null, null]","[null, null, null, null, null]",,0.08978041612297555,0.024637066123700858,5.0,1.96
1a,5000,1655505,neural-fore,neural-main-oracle-bellman,-12.631437954033053,-12.6309830075829,-12.586673112426368,0.09095180751186052,-12.809248550306148,-12.452717464859653,1.0,-0.04476484160668548,-0.044309895156532164,0.835657800509636,0.835657800509636,0.1248671349146924,0.10098632223477629,0.04049282575319339,nan,nan,0.2393147286322964,9.013360378953628,30.94404947851074,3182.057371871063,nan,nan,nan,nan,nan,nan,nan,nan,nan,220.0,0.005857229711638162,8.946972266957165,4000.0,1.0,0.0,nan,nan,nan,nan,nan,nan,nan,nan,nan,nan,nan,nan,nan,nan,nan,nan,0.0,"[100, 300, 300, 100, 300]","[0.01175742015456193, 0.0, 0.003976511781633507, 0.013552216621995374, 0.0]","[null, null, null, null, null]","[null, null, null, null, null]","[null, null, null, null, null]","[null, null, null, null, null]",,0.09095180751186052,0.14550105593165166,5.0,1.96
1a,5000,1665505,neural-fore,neural-main-oracle-bellman,-12.64518675485848,-12.605401640251161,-12.586673112426368,0.0897092991659717,-12.781231866616466,-12.429571413885856,1.0,-0.058513642432112434,-0.018728527824793062,0.515643877606845,0.515643877606845,0.08192082100633538,0.06952793214026806,0.05341840526675754,nan,nan,0.30310592817022075,9.15665197364497,31.793054094996027,3219.286232298137,nan,nan,nan,nan,nan,nan,nan,nan,nan,180.0,0.005739668494383496,8.03747346616583,4000.0,1.0,0.0,nan,nan,nan,nan,nan,nan,nan,nan,nan,nan,nan,nan,nan,nan,nan,nan,0.0,"[100, 100, 300, 100, 300]","[0.01392767557594004, 0.0036702850203119957, 0.0, 0.005534603501169265, 0.005565778374496179]","[null, null, null, null, null]","[null, null, null, null, null]","[null, null, null, null, null]","[null, null, null, null, null]",,0.0897092991659717,0.07407744329186014,5.0,1.96
1a,5000,1675505,neural-fore,neural-main-oracle-bellman,-12.6239418436131,-12.623279603693605,-12.586673112426368,0.09229393828471405,-12.804175722731644,-12.442383484655567,1.0,-0.037268731186731685,-0.03660649126723747,0.5737203386295789,0.5737203386295789,0.08941578350253829,0.06368908774059798,0.05889938907971587,nan,nan,0.2444394285513216,9.060895823773766,33.63817123570811,3100.7712362291063,nan,nan,nan,nan,nan,nan,nan,nan,nan,220.0,0.003994389666545442,8.873048116790596,4000.0,1.0,0.0,nan,nan,nan,nan,nan,nan,nan,nan,nan,nan,nan,nan,nan,nan,nan,nan,0.0,"[300, 300, 100, 300, 100]","[0.0035860629506308476, 0.002915398274763877, 0.006365517918809027, 0.0016545460110989653, 0.005450423177424493]","[null, null, null, null, null]","[null, null, null, null, null]","[null, null, null, null, null]","[null, null, null, null, null]",,0.09229393828471405,0.029049261863164335,5.0,1.96
1a,5000,1685505,neural-fore,neural-main-oracle-bellman,-12.651575333005658,-12.587586314683637,-12.586673112426368,0.08793454628790151,-12.759938025407925,-12.41523460395935,1.0,-0.06490222057928996,-0.0009132022572693188,0.5961158702000804,0.5961158702000804,0.08508103370190619,0.07298178564640148,0.047822773434677196,nan,nan,0.25748410065342353,9.267387090905824,30.000638334359937,3265.757586098534,nan,nan,nan,nan,nan,nan,nan,nan,nan,180.0,0.011034780363403619,8.42808127515018,4000.0,1.0,0.0,nan,nan,nan,nan,nan,nan,nan,nan,nan,nan,nan,nan,nan,nan,nan,nan,0.0,"[300, 300, 100, 100, 100]","[0.003814714534720813, 0.004487458299090172, 0.0, 0.04384872175640381, 0.0030230072268033026]","[null, null, null, null, null]","[null, null, null, null, null]","[null, null, null, null, null]","[null, null, null, null, null]",,0.08793454628790151,0.08438345497836636,5.0,1.96
1a,5000,1695505,neural-fore,neural-main-oracle-bellman,-12.71093191127757,-12.694128576458397,-12.586673112426368,0.09097741895865953,-12.872444317617369,-12.515812835299425,1.0,-0.12425879885120139,-0.10745546403202866,0.4958543013029906,0.4958543013029906,0.08572284456168,0.07792379837228347,0.038788589043002926,nan,nan,0.28179212880350235,9.152513192275599,30.274441051357392,3196.6100748853814,nan,nan,nan,nan,nan,nan,nan,nan,nan,180.0,0.010148108977797514,8.685521516005974,4000.0,1.0,0.0,nan,nan,nan,nan,nan,nan,nan,nan,nan,nan,nan,nan,nan,nan,nan,nan,0.0,"[100, 100, 300, 300, 100]","[0.011408809845045846, 0.0033349753521862953, 0.004987846509921836, 0.0, 0.03100891318183359]","[null, null, null, null, null]","[null, null, null, null, null]","[null, null, null, null, null]","[null, null, null, null, null]",,0.09097741895865953,0.08048586353268841,5.0,1.96
1a,5000,1705505,neural-fore,neural-main-oracle-bellman,-12.587787202458879,-12.578513648181302,-12.586673112426368,0.08578733453948496,-12.746656823878691,-12.410370472483912,1.0,-0.0011140900325106173,0.008159464245066417,0.4847222074286318,0.4847222074286318,0.0873214715411938,0.07339392960441223,0.0361238172605982,nan,nan,0.4960592309157872,9.362797665187674,27.861517940881804,3395.6731593481577,nan,nan,nan,nan,nan,nan,nan,nan,nan,100.0,0.008936497501547439,7.007678775198292,4000.0,1.0,0.0,nan,nan,nan,nan,nan,nan,nan,nan,nan,nan,nan,nan,nan,nan,nan,nan,0.0,"[100, 100, 100, 100, 100]","[0.0064382664098054454, 0.009743878330600789, 0.007068585083968103, 0.0036418676033464375, 0.017789890080016416]","[null, null, null, null, null]","[null, null, null, null, null]","[null, null, null, null, null]","[null, null, null, null, null]",,0.08578733453948496,0.09881887575930651,5.0,1.96
1a,5000,1715505,neural-fore,neural-main-oracle-bellman,-12.707796654625987,-12.734251976460127,-12.586673112426368,0.09243463306665185,-12.915423857270765,-12.55308009564949,1.0,-0.1211235421996193,-0.14757886403375942,0.4944752542273931,0.4944752542273931,0.10159288286016901,0.08714364068051424,0.04106450190838658,nan,nan,0.3265335619774177,9.211647408586598,29.970433090667743,3233.2527267304567,nan,nan,nan,nan,nan,nan,nan,nan,nan,140.0,0.014718867893613966,7.7408212415874,4000.0,1.0,0.0,nan,nan,nan,nan,nan,nan,nan,nan,nan,nan,nan,nan,nan,nan,nan,nan,0.0,"[100, 100, 300, 100, 100]","[0.02179444703885068, 0.044137326613221325, 0.001547272923705046, 0.002871057172254168, 0.0032442357200386063]","[null, null, null, null, null]","[null, null, null, null, null]","[null, null, null, null, null]","[null, null, null, null, null]",,0.09243463306665185,0.1323192335907132,5.0,1.96
1a,5000,1725505,neural-fore,neural-main-oracle-bellman,-12.634485572805698,-12.586629053226455,-12.586673112426368,0.08754680363754837,-12.758220788356049,-12.41503731809686,1.0,-0.047812460379329735,4.4059199913348834e-05,0.5687781267177877,0.5687781267177877,0.07826053688537822,0.06798792320655064,0.035454494119674135,nan,nan,0.3024063030195606,9.296899385866926,30.212283270642743,3296.3113811942835,nan,nan,nan,nan,nan,nan,nan,nan,nan,220.0,0.0028188039355941915,8.993061641987879,4000.0,1.0000000000000002,0.0,nan,nan,nan,nan,nan,nan,nan,nan,nan,nan,nan,nan,nan,nan,nan,nan,0.0,"[100, 100, 300, 300, 300]","[0.005452456799095995, 0.0031296466281000275, 0.0032056007648905162, 0.0, 0.002306315485884417]","[null, null, null, null, null]","[null, null, null, null, null]","[null, null, null, null, null]","[null, null, null, null, null]",,0.08754680363754837,0.054372134729635084,5.0,1.96
1a,5000,1735505,neural-fore,neural-main-oracle-bellman,-12.603255406050703,-12.56317309508234,-12.586673112426368,0.08568353353339235,-12.731112820807788,-12.395233369356891,1.0,-0.016582293624335165,0.023500017344028734,0.5409307145285913,0.5409307145285913,0.08103169757684023,0.0719121719251621,0.0318157568140002,nan,nan,0.34051658923847955,9.52356726351462,27.32046764334306,3357.6838347603443,nan,nan,nan,nan,nan,nan,nan,nan,nan,140.0,0.018214278252596423,7.562157050601672,4000.0,1.0,0.0,nan,nan,nan,nan,nan,nan,nan,nan,nan,nan,nan,nan,nan,nan,nan,nan,0.0,"[100, 100, 300, 100, 100]","[0.029446418261318837, 0.012432023983447553, 0.0013411396168736757, 0.01816042352228442, 0.02969138587905762]","[null, null, null, null, null]","[null, null, null, null, null]","[null, null, null, null, null]","[null, null, null, null, null]",,0.08568353353339235,0.0762747701631864,5.0,1.96
1a,5000,1745505,neural-fore,neural-main-oracle-bellman,-12.797490012282614,-12.803043822311004,-12.586673112426368,0.09214504344226314,-12.98364810745784,-12.622439537164167,0.0,-0.21081689985624585,-0.21637070988463591,0.4187656717240083,0.4187656717240083,0.07972488630497479,0.07393656483142755,0.06131682436212228,nan,nan,0.37182605037592914,9.315060516513181,30.362441912725767,3233.8471769487096,nan,nan,nan,nan,nan,nan,nan,nan,nan,140.0,0.006388852938028459,7.797007283614948,4000.0,1.0,0.0,nan,nan,nan,nan,nan,nan,nan,nan,nan,nan,nan,nan,nan,nan,nan,nan,0.0,"[100, 100, 300, 100, 100]","[0.0, 0.01680980160579655, 0.0013333574610269235, 0.008476124592716532, 0.005324981030602292]","[null, null, null, null, null]","[null, null, null, null, null]","[null, null, null, null, null]","[null, null, null, null, null]",,0.09214504344226314,0.05779219179028086,5.0,1.96
1a,5000,1755505,neural-fore,neural-main-oracle-bellman,-12.747672247147959,-12.741714410744834,-12.586673112426368,0.08959246043984523,-12.91731563320693,-12.566113188282737,1.0,-0.16099913472159066,-0.1550412983184657,0.6337821180072203,0.6337821180072203,0.09495026865014726,0.0797824603326224,0.025966222146455012,nan,nan,0.3450435414576492,9.217088454194089,29.19834744595769,3260.9920389353815,nan,nan,nan,nan,nan,nan,nan,nan,nan,180.0,0.0043774087159706475,8.410918333416339,4000.0,1.0,0.0,nan,nan,nan,nan,nan,nan,nan,nan,nan,nan,nan,nan,nan,nan,nan,nan,0.0,"[300, 100, 100, 300, 100]","[0.0018757700030972023, 0.008518400452681318, 0.0, 0.0, 0.011492873124074716]","[null, null, null, null, null]","[null, null, null, null, null]","[null, null, null, null, null]","[null, null, null, null, null]",,0.08959246043984523,0.1067153668107361,5.0,1.96
1a,5000,1765505,neural-fore,neural-main-oracle-bellman,-12.699526123879684,-12.702063878247701,-12.586673112426368,0.09088941119180516,-12.88020712418364,-12.523920632311762,1.0,-0.11285301145331594,-0.11539076582133312,0.8196925054465419,0.8196925054465419,0.10477878377449712,0.1011015756953225,0.0552004932209142,nan,nan,0.28187363454911174,9.159227459241427,29.03284572315021,3242.1506860655,nan,nan,nan,nan,nan,nan,nan,nan,nan,180.0,0.009595605339311652,8.465379240782932,4000.0,1.0,0.0,nan,nan,nan,nan,nan,nan,nan,nan,nan,nan,nan,nan,nan,nan,nan,nan,0.0,"[300, 100, 300, 100, 100]","[0.0033629884063475857, 0.032468830464523195, 0.007093302237127369, 0.0006588291250212029, 0.004394076463538912]","[null, null, null, null, null]","[null, null, null, null, null]","[null, null, null, null, null]","[null, null, null, null, null]",,0.09088941119180516,0.06241446842771875,5.0,1.96
1a,5000,1775505,neural-fore,neural-main-oracle-bellman,-12.561063428310343,-12.548977997272223,-12.586673112426368,0.08576339022967433,-12.717074242122385,-12.380881752422061,1.0,0.025609684116025377,0.03769511515414514,0.7246764361960047,0.7246764361960047,0.12490669976576534,0.11383829373310117,0.03590215166049978,nan,nan,0.3179599999442009,9.55176691473133,30.830051450637576,3284.1088369309964,nan,nan,nan,nan,nan,nan,nan,nan,nan,180.0,0.010838046003730584,8.031824542407412,4000.0,1.0,0.0,nan,nan,nan,nan,nan,nan,nan,nan,nan,nan,nan,nan,nan,nan,nan,nan,0.0,"[100, 300, 100, 300, 100]","[0.021185623033566536, 0.0, 0.014361590996383549, 0.0021482273205338637, 0.016494788668168968]","[null, null, null, null, null]","[null, null, null, null, null]","[null, null, null, null, null]","[null, null, null, null, null]",,0.08576339022967433,0.12256358885522325,5.0,1.96
1a,5000,1785505,neural-fore,neural-main-oracle-bellman,-12.424855812175354,-12.467737458100919,-12.586673112426368,0.0824727580726628,-12.629384063923338,-12.3060908522785,1.0,0.16181730025101437,0.11893565432544939,0.7938800880413683,0.7938800880413683,0.10044686282732762,0.09051410553153397,0.0294008478397532,nan,nan,0.33305426455951137,9.493553991097233,28.697030330870444,3359.6463925517146,nan,nan,nan,nan,nan,nan,nan,nan,nan,140.0,0.008089325034844587,7.821302866400219,4000.0,1.0,0.0,nan,nan,nan,nan,nan,nan,nan,nan,nan,nan,nan,nan,nan,nan,nan,nan,0.0,"[100, 100, 100, 100, 300]","[0.019034156544265202, 0.003589942107083223, 0.0041424859379252795, 0.011568408488366004, 0.0021116320965832254]","[null, null, null, null, null]","[null, null, null, null, null]","[null, null, null, null, null]","[null, null, null, null, null]",,0.0824727580726628,0.06344358223959058,5.0,1.96
1a,5000,1795505,neural-fore,neural-main-oracle-bellman,-12.775125562584032,-12.796071793226941,-12.586673112426368,0.0945987325756619,-12.98148530907524,-12.610658277378644,0.0,-0.18845245015766388,-0.20939868080057344,0.5015131443929779,0.5015131443929779,0.10060867428018279,0.09553022987698091,0.03349766729278955,nan,nan,0.3179386402370787,9.10545240037835,33.72351115091757,3164.9554716586977,nan,nan,nan,nan,nan,nan,nan,nan,nan,140.0,0.005429073588711182,7.678030300606042,4000.0,1.0,0.0,nan,nan,nan,nan,nan,nan,nan,nan,nan,nan,nan,nan,nan,nan,nan,nan,0.0,"[100, 100, 100, 300, 100]","[0.01071719313202006, 0.009263426953896054, 0.005723993585981357, 0.0006252139555157504, 0.0008155403161426869]","[null, null, null, null, null]","[null, null, null, null, null]","[null, null, null, null, null]","[null, null, null, null, null]",,0.0945987325756619,0.13503219971880473,5.0,1.96
1a,5000,1805505,neural-fore,neural-main-oracle-bellman,-12.528569423081482,-12.538952533084585,-12.586673112426368,0.0863673701095488,-12.7082325784993,-12.369672487669868,1.0,0.05810368934488608,0.04772057934178342,0.4898320198651901,0.4898320198651901,0.08920637293706109,0.07891698076036958,0.0457302039055436,nan,nan,0.3189157227187949,9.38575916811627,28.53297877342168,3312.167488101948,nan,nan,nan,nan,nan,nan,nan,nan,nan,140.0,0.016756167133682203,7.975218374619726,4000.0,1.0,0.0,nan,nan,nan,nan,nan,nan,nan,nan,nan,nan,nan,nan,nan,nan,nan,nan,0.0,"[100, 100, 100, 300, 100]","[0.01320391425214685, 0.023237987175414487, 0.032599708053679795, 0.008290289690757912, 0.006448936496411968]","[null, null, null, null, null]","[null, null, null, null, null]","[null, null, null, null, null]","[null, null, null, null, null]",,0.0863673701095488,0.0352718105109211,5.0,1.96
1a,5000,1815505,neural-fore,neural-main-oracle-bellman,-12.637603470167525,-12.663225956951944,-12.586673112426368,0.08667625920825689,-12.833111425000128,-12.49334048890376,1.0,-0.05093035774115684,-0.07655284452557609,0.3499507459406469,0.3499507459406469,0.08895484371681196,0.08375683097504147,0.03961935062723778,nan,nan,0.2664327693315341,9.491922348006042,28.028192437860906,3324.147326144906,nan,nan,nan,nan,nan,nan,nan,nan,nan,140.0,0.005659911813723224,7.56547440859722,4000.0,1.0,0.0,nan,nan,nan,nan,nan,nan,nan,nan,nan,nan,nan,nan,nan,nan,nan,nan,0.0,"[100, 100, 100, 300, 100]","[0.006253008973732733, 0.002414927778726551, 0.0002082322441590325, 0.003001939944896256, 0.01642145012710155]","[null, null, null, null, null]","[null, null, null, null, null]","[null, null, null, null, null]","[null, null, null, null, null]",,0.08667625920825689,0.10553691295789118,5.0,1.96
1a,5000,1825505,neural-fore,neural-main-oracle-bellman,-12.571545849358563,-12.540417651565212,-12.586673112426368,0.08712951116324555,-12.711191493445174,-12.36964380968525,1.0,0.01512726306780543,0.04625546086115584,0.36368343100815115,0.36368343100815115,0.06941317178745483,0.0678518530483394,0.028890537236736003,nan,nan,0.26570711248764795,9.388646956873007,31.462269796881714,3254.855366441875,nan,nan,nan,nan,nan,nan,nan,nan,nan,260.0,0.006003115220162362,10.12488090840634,4000.0,1.0,0.0,nan,nan,nan,nan,nan,nan,nan,nan,nan,nan,nan,nan,nan,nan,nan,nan,0.0,"[300, 100, 300, 300, 300]","[0.0034015474933311654, 0.013015648282966776, 0.0, 0.013598380324513867, 0.0]","[null, null, null, null, null]","[null, null, null, null, null]","[null, null, null, null, null]","[null, null, null, null, null]",,0.08712951116324555,0.0699102663373686,5.0,1.96
1a,5000,1835505,neural-fore,neural-main-oracle-bellman,-12.513316289093735,-12.499369208392931,-12.586673112426368,0.08688501932731767,-12.669663846274474,-12.329074570511388,1.0,0.07335682333263271,0.08730390403343691,0.6053166056813994,0.6053166056813994,0.11375349545922295,0.10894378551607886,0.037538802531193086,nan,nan,0.22849800256943845,9.285353788448186,29.051065984777512,3235.0938384684287,nan,nan,nan,nan,nan,nan,nan,nan,nan,260.0,0.00396871774419217,9.204999299580232,4000.0,1.0,0.0,nan,nan,nan,nan,nan,nan,nan,nan,nan,nan,nan,nan,nan,nan,nan,nan,0.0,"[300, 100, 300, 300, 300]","[0.004851087019104115, 0.012298809422728985, 0.0, 0.0, 0.0026936922791277514]","[null, null, null, null, null]","[null, null, null, null, null]","[null, null, null, null, null]","[null, null, null, null, null]",,0.08688501932731767,0.06809285339768967,5.0,1.96
1a,5000,1845505,neural-fore,neural-main-oracle-bellman,-12.475815125597915,-12.452426750134856,-12.586673112426368,0.08316429480712813,-12.615428767956828,-12.289424732312884,1.0,0.11085798682845294,0.13424636229151155,0.5348830890696001,0.5348830890696001,0.0946401905701478,0.08333775260238012,0.041368806731569965,nan,nan,0.25345467183385223,9.493477887386328,30.00020640478841,3328.5374960578206,nan,nan,nan,nan,nan,nan,nan,nan,nan,220.0,0.0029797892149972666,8.898552142223343,4000.0,1.0,0.0,nan,nan,nan,nan,nan,nan,nan,nan,nan,nan,nan,nan,nan,nan,nan,nan,0.0,"[300, 100, 300, 100, 300]","[0.001996909567769654, 0.0009330345942882908, 0.0, 0.011711595599105142, 0.00025740631382324756]","[null, null, null, null, null]","[null, null, null, null, null]","[null, null, null, null, null]","[null, null, null, null, null]",,0.08316429480712813,0.08869348175480023,5.0,1.96
1a,5000,1855505,neural-fore,neural-main-oracle-bellman,-12.5180323783328,-12.546349639054434,-12.586673112426368,0.08588980639441189,-12.71469365958748,-12.378005618521387,1.0,0.06864073409356841,0.040323473371934426,0.7668677085901622,0.7668677085901622,0.09222557262935518,0.07937532870519642,0.03131344581826446,nan,nan,0.33006962291619635,9.459686480899947,30.37643074730685,3274.003450387831,nan,nan,nan,nan,nan,nan,nan,nan,nan,220.0,0.002633537330475717,8.595536175218877,4000.0,1.0,0.0,nan,nan,nan,nan,nan,nan,nan,nan,nan,nan,nan,nan,nan,nan,nan,nan,0.0,"[300, 100, 100, 300, 300]","[0.0027438893223808033, 0.000211866518980898, 0.0029952129739177365, 0.0008024019472421132, 0.006414315889857034]","[null, null, null, null, null]","[null, null, null, null, null]","[null, null, null, null, null]","[null, null, null, null, null]",,0.08588980639441189,0.07638999848704914,5.0,1.96
1a,5000,1865505,neural-fore,neural-main-oracle-bellman,-12.640767850931125,-12.653151793185858,-12.586673112426368,0.09013032949125546,-12.82980723898872,-12.476496347382996,1.0,-0.05409473850475699,-0.0664786807594897,0.6984914036676255,0.6984914036676255,0.09063613017116394,0.07660351993988242,0.05267491258763617,nan,nan,0.4070448024239967,9.192204378201506,31.951165073633145,3249.212330021416,nan,nan,nan,nan,nan,nan,nan,nan,nan,100.0,0.010948536569784378,7.677076258009765,4000.0,1.0,0.0,nan,nan,nan,nan,nan,nan,nan,nan,nan,nan,nan,nan,nan,nan,nan,nan,0.0,"[100, 100, 100, 100, 100]","[0.013877356893265903, 0.005342962477835365, 0.001843363803461049, 0.011927855607329894, 0.02175114406702968]","[null, null, null, null, null]","[null, null, null, null, null]","[null, null, null, null, null]","[null, null, null, null, null]",,0.09013032949125546,0.08256250191127222,5.0,1.96
1a,5000,1875505,neural-fore,neural-main-oracle-bellman,-12.520655954361963,-12.518094520155518,-12.586673112426368,0.08509532833329383,-12.684881363688774,-12.351307676622262,1.0,0.06601715806440467,0.06857859227084973,0.6986375690127714,0.6986375690127714,0.08701280013743476,0.07484945666491233,0.024127638586693916,nan,nan,0.3306665540493859,9.492540338095314,29.835771386093217,3314.8182003610573,nan,nan,nan,nan,nan,nan,nan,nan,nan,180.0,0.00660847952209499,7.797919658769388,4000.0,1.0,0.0,nan,nan,nan,nan,nan,nan,nan,nan,nan,nan,nan,nan,nan,nan,nan,nan,0.0,"[300, 100, 300, 100, 100]","[0.0, 0.006939673708749349, 0.0, 0.0032777008052888423, 0.022825023096436758]","[null, null, null, null, null]","[null, null, null, null, null]","[null, null, null, null, null]","[null, null, null, null, null]",,0.08509532833329383,0.12435561801168357,5.0,1.96
1a,5000,1885505,neural-fore,neural-main-oracle-bellman,-12.575626437454945,-12.62532694594993,-12.586673112426368,0.08616794763328155,-12.79421612331116,-12.456437768588698,1.0,0.011046674971423087,-0.03865383352356133,0.665483092536148,0.665483092536148,0.08351292514431359,0.07268470307657483,0.04502567596124249,nan,nan,0.3574580254468643,9.272676592743856,27.927148976809352,3335.805238877955,nan,nan,nan,nan,nan,nan,nan,nan,nan,140.0,0.00750561947758626,7.744945074990392,4000.0,1.0,0.0,nan,nan,nan,nan,nan,nan,nan,nan,nan,nan,nan,nan,nan,nan,nan,nan,0.0,"[100, 300, 100, 100, 100]","[0.0057014849268282935, 0.008579817577966503, 0.00709810466166722, 0.001763067955547034, 0.014385622265922254]","[null, null, null, null, null]","[null, null, null, null, null]","[null, null, null, null, null]","[null, null, null, null, null]",,0.08616794763328155,0.10277951743081624,5.0,1.96
1a,5000,1895505,neural-fore,neural-main-oracle-bellman,-12.531545822245436,-12.484240958343152,-12.586673112426368,0.08936587671311642,-12.65939807670086,-12.309083839985444,1.0,0.05512729018093232,0.10243215408321582,0.7757311796716506,0.7757311796716506,0.09414910848750459,0.0882464639964731,0.04108729106645313,nan,nan,0.3269413847963985,9.3345096537157,32.09545462150636,3206.625495687003,nan,nan,nan,nan,nan,nan,nan,nan,nan,220.0,0.009551522528428337,8.840608233574311,4000.0,1.0,0.0,nan,nan,nan,nan,nan,nan,nan,nan,nan,nan,nan,nan,nan,nan,nan,nan,0.0,"[300, 300, 100, 300, 100]","[0.0, 0.0027292185555164786, 0.004275751132559756, 0.000702591571568969, 0.04005005138249648]","[null, null, null, null, null]","[null, null, null, null, null]","[null, null, null, null, null]","[null, null, null, null, null]",,0.08936587671311642,0.1379632256642171,5.0,1.96
1a,5000,1905505,neural-fore,neural-main-oracle-bellman,-12.710329706010642,-12.67754344656943,-12.586673112426368,0.08828424010407734,-12.850580557173421,-12.50450633596544,1.0,-0.12365659358427372,-0.09087033414306234,0.4708454444306865,0.4708454444306865,0.07098262627186491,0.06447986941505783,0.03183407850551683,nan,nan,0.2519285130127396,9.188176162722316,28.615255654749475,3270.5961847064045,nan,nan,nan,nan,nan,nan,nan,nan,nan,220.0,0.004616322097242722,9.435689683409873,4000.0,1.0,0.0,nan,nan,nan,nan,nan,nan,nan,nan,nan,nan,nan,nan,nan,nan,nan,nan,0.0,"[300, 100, 300, 300, 100]","[0.0, 0.001616184455448316, 0.0010862391923728057, 0.01208125213113141, 0.008297934707261076]","[null, null, null, null, null]","[null, null, null, null, null]","[null, null, null, null, null]","[null, null, null, null, null]",,0.08828424010407734,0.08746984799370215,5.0,1.96
1a,5000,1915505,neural-fore,neural-main-oracle-bellman,-12.500764282120176,-12.492501234584383,-12.586673112426368,0.08304410565603049,-12.655267681670203,-12.329734787498563,1.0,0.08590883030619167,0.09417187784198511,0.5192064415155953,0.5192064415155953,0.09674981707338057,0.08880413389690747,0.0475238662212449,nan,nan,0.2948326765855023,9.506991804771221,29.20611191050083,3359.520915633198,nan,nan,nan,nan,nan,nan,nan,nan,nan,140.0,0.004726957872943591,7.523919092002325,4000.0,1.0,0.0,nan,nan,nan,nan,nan,nan,nan,nan,nan,nan,nan,nan,nan,nan,nan,nan,0.0,"[100, 100, 100, 300, 100]","[0.002264905116939761, 0.00455612880297364, 0.008887140136777731, 0.003085901641014303, 0.004840713667012518]","[null, null, null, null, null]","[null, null, null, null, null]","[null, null, null, null, null]","[null, null, null, null, null]",,0.08304410565603049,0.044399661659096944,5.0,1.96
1a,5000,1925505,neural-fore,neural-main-oracle-bellman,-12.541970224129411,-12.518354345309955,-12.586673112426368,0.08498372994865758,-12.684922456009325,-12.351786234610586,1.0,0.0447028882969569,0.06831876711641272,0.5810557909430234,0.5810557909430234,0.12409999711849751,0.10335235225696049,0.03516550800062687,nan,nan,0.35828353033351984,9.242325588689617,27.597643258673088,3357.2055795155675,nan,nan,nan,nan,nan,nan,nan,nan,nan,140.0,0.002459982049134237,7.896390741772484,4000.0,1.0,0.0,nan,nan,nan,nan,nan,nan,nan,nan,nan,nan,nan,nan,nan,nan,nan,nan,0.0,"[300, 100, 100, 100, 100]","[0.0012224829547356638, 0.0012931748096419878, 0.004968236711733829, 0.0, 0.004816015769559706]","[null, null, null, null, null]","[null, null, null, null, null]","[null, null, null, null, null]","[null, null, null, null, null]",,0.08498372994865758,0.10766586934168787,5.0,1.96
1a,5000,1935505,neural-fore,neural-main-oracle-bellman,-12.61632285896217,-12.595299228090088,-12.586673112426368,0.08736984199155229,-12.766544118393531,-12.424054337786645,1.0,-0.029649746535801214,-0.008626115663719958,0.5045047041485249,0.5045047041485249,0.08017054955067836,0.07385224179488929,0.05148958288338881,nan,nan,0.352277514779594,9.25972671554555,29.238749302684266,3294.3841879834163,nan,nan,nan,nan,nan,nan,nan,nan,nan,140.0,0.007113126950410808,7.371818608371541,4000.0,1.0,0.0,nan,nan,nan,nan,nan,nan,nan,nan,nan,nan,nan,nan,nan,nan,nan,nan,0.0,"[100, 300, 100, 100, 100]","[0.0020696683892871296, 0.003981713189333982, 0.007921853179305443, 0.021592399994127487, 0.0]","[null, null, null, null, null]","[null, null, null, null, null]","[null, null, null, null, null]","[null, null, null, null, null]",,0.08736984199155229,0.08766148868374632,5.0,1.96
1a,5000,1945505,neural-fore,neural-main-oracle-bellman,-12.623446963267607,-12.626702644600227,-12.586673112426368,0.08653263528680545,-12.796306609762366,-12.457098679438088,1.0,-0.03677385084123941,-0.040029532173859295,0.5411417593840799,0.5411417593840799,0.09243521481823698,0.07569578868645606,0.04323775644313157,nan,nan,0.3659793370443268,9.424645887539421,29.02129670300032,3281.565493191497,nan,nan,nan,nan,nan,nan,nan,nan,nan,140.0,0.005107135493741474,8.028671524813399,4000.0,1.0,0.0,nan,nan,nan,nan,nan,nan,nan,nan,nan,nan,nan,nan,nan,nan,nan,nan,0.0,"[300, 100, 100, 100, 100]","[0.0, 0.004034121289158247, 0.018552807041797986, 0.0, 0.0029487491377511357]","[null, null, null, null, null]","[null, null, null, null, null]","[null, null, null, null, null]","[null, null, null, null, null]",,0.08653263528680545,0.10718475149280884,5.0,1.96
1a,5000,1955505,neural-fore,neural-main-oracle-bellman,-12.56530173735192,-12.607145797963266,-12.586673112426368,0.08654258500182746,-12.776769264566848,-12.437522331359684,1.0,0.021371375074448196,-0.020472685536898183,0.8065133664298647,0.8065133664298647,0.10841351893106052,0.10990558429482108,0.0346364073380092,nan,nan,0.2841029873703768,9.430412710759875,29.663133519492664,3312.541804191913,nan,nan,nan,nan,nan,nan,nan,nan,nan,180.0,0.004322647090780472,8.265513091592585,4000.0,1.0,0.0,nan,nan,nan,nan,nan,nan,nan,nan,nan,nan,nan,nan,nan,nan,nan,nan,0.0,"[300, 300, 100, 100, 100]","[0.0031058025916869876, 0.0018941050273218038, 0.0037155691586226707, 0.012897758676270897, 0.0]","[null, null, null, null, null]","[null, null, null, null, null]","[null, null, null, null, null]","[null, null, null, null, null]",,0.08654258500182746,0.04654036986923032,5.0,1.96
1a,5000,1965505,neural-fore,neural-main-oracle-bellman,-12.608193570599367,-12.56269788983227,-12.586673112426368,0.08759037581027289,-12.734375026420405,-12.391020753244135,1.0,-0.021520458172998858,0.0239752225940979,0.5060781673658672,0.5060781673658672,0.06516765797877644,0.05908056026677884,0.0336611416238364,nan,nan,0.35188209684271926,9.268761467626767,29.35972030194303,3282.96086503628,nan,nan,nan,nan,nan,nan,nan,nan,nan,100.0,0.005371728730775299,7.310638417222071,4000.0,1.0,0.0,nan,nan,nan,nan,nan,nan,nan,nan,nan,nan,nan,nan,nan,nan,nan,nan,0.0,"[100, 100, 100, 100, 100]","[0.009209917672596808, 0.0075077138288560785, 0.0, 0.007222389794891448, 0.0029186223575321593]","[null, null, null, null, null]","[null, null, null, null, null]","[null, null, null, null, null]","[null, null, null, null, null]",,0.08759037581027289,0.11165279461915173,5.0,1.96
1a,5000,1975505,neural-fore,neural-main-oracle-bellman,-12.525564515626426,-12.53489008118709,-12.586673112426368,0.08412028240807509,-12.699765834706916,-12.370014327667263,1.0,0.06110859679994185,0.05178303123927819,0.7785895623193143,0.7785895623193143,0.10472022139997934,0.0967364665343434,0.05072081902151478,nan,nan,0.3861416715238436,9.294867356060777,27.374704493817905,3367.531760754319,nan,nan,nan,nan,nan,nan,nan,nan,nan,140.0,0.007930422367337863,7.433390374807641,4000.0,1.0,0.0,nan,nan,nan,nan,nan,nan,nan,nan,nan,nan,nan,nan,nan,nan,nan,nan,0.0,"[100, 100, 100, 300, 100]","[0.007629508676703881, 0.006316999281589598, 0.005284942492984588, 0.009662525669667221, 0.010758135715744023]","[null, null, null, null, null]","[null, null, null, null, null]","[null, null, null, null, null]","[null, null, null, null, null]",,0.08412028240807509,0.06599823583120226,5.0,1.96
1a,5000,1985505,neural-fore,neural-main-oracle-bellman,-12.722496233924952,-12.608709195189405,-12.586673112426368,0.0878031122295575,-12.780803295159338,-12.436615095219473,1.0,-0.1358231214985839,-0.022036082763037257,0.6571446120510015,0.6571446120510015,0.08795921016819662,0.07805823293996339,0.027755397722609286,nan,nan,0.24525586609214528,9.60982730395764,28.865473566722745,3264.6261498747813,nan,nan,nan,nan,nan,nan,nan,nan,nan,260.0,0.0026267433857251896,9.833690150023903,4000.0,1.0,0.0,nan,nan,nan,nan,nan,nan,nan,nan,nan,nan,nan,nan,nan,nan,nan,nan,0.0,"[300, 100, 300, 300, 300]","[0.0, 0.00296919014473193, 0.0028247186942348887, 0.0064932576053571365, 0.0008465504843019941]","[null, null, null, null, null]","[null, null, null, null, null]","[null, null, null, null, null]","[null, null, null, null, null]",,0.0878031122295575,0.12356267666426965,5.0,1.96
1a,5000,1995505,neural-fore,neural-main-oracle-bellman,-12.700319337183481,-12.701886673715158,-12.586673112426368,0.09016679716953191,-12.87861359616744,-12.525159751262876,1.0,-0.1136462247571135,-0.11521356128879034,0.7739495402154175,0.7739495402154175,0.11175988459865367,0.10366379186395633,0.05718582889449174,nan,nan,0.2557865927793923,9.303531787227293,30.35968788462012,3209.261021903759,nan,nan,nan,nan,nan,nan,nan,nan,nan,220.0,0.004874879405375263,8.846337191399652,4000.0,1.0,0.0,nan,nan,nan,nan,nan,nan,nan,nan,nan,nan,nan,nan,nan,nan,nan,nan,0.0,"[300, 100, 300, 300, 100]","[0.005917247368476191, 0.012398529751456562, 0.005531092398643212, 0.0, 0.0005275275083003503]","[null, null, null, null, null]","[null, null, null, null, null]","[null, null, null, null, null]","[null, null, null, null, null]",,0.09016679716953191,0.05984401014682259,5.0,1.96
1a,5000,2005505,neural-fore,neural-main-oracle-bellman,-12.664032224097133,-12.607629262391011,-12.586673112426368,0.08736593761375763,-12.778866500113976,-12.436392024668047,1.0,-0.07735911167076459,-0.020956149964643345,0.5537429774815366,0.5537429774815366,0.09322893092545625,0.08988609394858928,0.03459476105463545,nan,nan,0.3406226060492285,9.32804551806756,30.398480786758416,3300.950992790403,nan,nan,nan,nan,nan,nan,nan,nan,nan,140.0,0.004979868396153426,8.008118217391893,4000.0,1.0,0.0,nan,nan,nan,nan,nan,nan,nan,nan,nan,nan,nan,nan,nan,nan,nan,nan,0.0,"[100, 300, 100, 100, 100]","[0.014368083630950441, 0.0011669018117295585, 0.007802992540553168, 0.0, 0.0015613639975339659]","[null, null, null, null, null]","[null, null, null, null, null]","[null, null, null, null, null]","[null, null, null, null, null]",,0.08736593761375763,0.07997243148673489,5.0,1.96
1a,5000,2015505,neural-fore,neural-main-oracle-bellman,-12.545238695465432,-12.57397142099576,-12.586673112426368,0.08796992839542324,-12.746392480650789,-12.40155036134073,1.0,0.04143441696093575,0.01270169143060862,0.5438614665147951,0.5438614665147951,0.08813340777213943,0.07759393800662337,0.030821621657245935,nan,nan,0.38070299691842935,9.27850719580604,31.053760945991908,3251.413336132466,nan,nan,nan,nan,nan,nan,nan,nan,nan,140.0,0.007162056419848586,7.693471207970288,4000.0,1.0,0.0,nan,nan,nan,nan,nan,nan,nan,nan,nan,nan,nan,nan,nan,nan,nan,nan,0.0,"[100, 100, 100, 300, 100]","[0.0018439044326600722, 0.002788282920105246, 0.030807809345921172, 0.0, 0.00037028540055644347]","[null, null, null, null, null]","[null, null, null, null, null]","[null, null, null, null, null]","[null, null, null, null, null]",,0.08796992839542324,0.07851067796367717,5.0,1.96
1a,5000,2025505,neural-fore,neural-main-oracle-bellman,-12.418093411114423,-12.378899399239778,-12.586673112426368,0.08132768244707933,-12.538301656836053,-12.219497141643503,0.0,0.16857970131194477,0.20777371318659021,0.46313105859643205,0.46313105859643205,0.09012540585811268,0.08285230700681173,0.04791492283043691,nan,nan,0.31991791328351216,9.719268897175368,28.932724894206746,3396.531881553624,nan,nan,nan,nan,nan,nan,nan,nan,nan,220.0,0.003229530197874542,8.537940616812557,4000.0,1.0,0.0,nan,nan,nan,nan,nan,nan,nan,nan,nan,nan,nan,nan,nan,nan,nan,nan,0.0,"[300, 300, 100, 100, 300]","[0.0025273231546149165, 0.0018118598314984416, 0.00598331219462589, 0.0058251558086334625, 0.0]","[null, null, null, null, null]","[null, null, null, null, null]","[null, null, null, null, null]","[null, null, null, null, null]",,0.08132768244707933,0.02025642909174198,5.0,1.96
1a,5000,2035505,neural-fore,neural-main-oracle-bellman,-12.74894416318306,-12.662956914784887,-12.586673112426368,0.09247080723186851,-12.84419969695935,-12.481714132610424,1.0,-0.1622710507566918,-0.07628380235851928,0.5132896231143477,0.5132896231143477,0.08282158171174045,0.071980098080215,0.039130677049094904,nan,nan,0.2044589502072634,9.217023564202586,31.627188715747447,3144.3235390284726,nan,nan,nan,nan,nan,nan,nan,nan,nan,300.0,0.001420153282700458,10.49054869178217,4000.0,1.0,0.0,nan,nan,nan,nan,nan,nan,nan,nan,nan,nan,nan,nan,nan,nan,nan,nan,0.0,"[300, 300, 300, 300, 300]","[0.0, 0.0005193511986743583, 0.004223509239646539, 0.0, 0.0023579059751813927]","[null, null, null, null, null]","[null, null, null, null, null]","[null, null, null, null, null]","[null, null, null, null, null]",,0.09247080723186851,0.09855443525727167,5.0,1.96
1a,5000,2045505,neural-fore,neural-main-oracle-bellman,-12.575470598425468,-12.525453024170874,-12.586673112426368,0.08629920270782947,-12.69459946147822,-12.356306586863528,1.0,0.011202514000899555,0.061220088255494076,0.5480685513394462,0.5480685513394462,0.11574644999118999,0.10775990696431063,0.0332372908998498,nan,nan,0.24786642329403175,9.354625504555932,30.983893473193433,3248.9644554312003,nan,nan,nan,nan,nan,nan,nan,nan,nan,220.0,0.007116167046459202,9.035005891823676,4000.0,1.0,0.0,nan,nan,nan,nan,nan,nan,nan,nan,nan,nan,nan,nan,nan,nan,nan,nan,0.0,"[100, 100, 300, 300, 300]","[0.005161658187847237, 0.019652141494933162, 0.006279924237857703, 0.00425271074272315, 0.00023440056893475681]","[null, null, null, null, null]","[null, null, null, null, null]","[null, null, null, null, null]","[null, null, null, null, null]",,0.08629920270782947,0.09302022190069355,5.0,1.96
1a,5000,2055505,neural-fore,neural-main-oracle-bellman,-12.714104672069537,-12.643691780664208,-12.586673112426368,0.0881488151222043,-12.816463458303728,-12.470920103024687,1.0,-0.12743155964316877,-0.05701866823783952,0.5635161911406454,0.5635161911406454,0.09127325464654737,0.08252184619793831,0.028391244601693472,nan,nan,0.2948828486800492,9.281836088407523,27.995463682013312,3256.5734427791576,nan,nan,nan,nan,nan,nan,nan,nan,nan,220.0,0.0036956560185698595,8.451646450557746,4000.0,0.9999999999999998,0.0,nan,nan,nan,nan,nan,nan,nan,nan,nan,nan,nan,nan,nan,nan,nan,nan,0.0,"[300, 300, 100, 100, 300]","[0.0, 0.0, 0.01584273470827767, 0.0020951599439130997, 0.0005403854406585262]","[null, null, null, null, null]","[null, null, null, null, null]","[null, null, null, null, null]","[null, null, null, null, null]",,0.0881488151222043,0.05946382674778377,5.0,1.96
1a,5000,2065505,neural-fore,neural-main-oracle-bellman,-12.667649182398232,-12.643030339813112,-12.586673112426368,0.09303241543899894,-12.82537387407355,-12.460686805552674,1.0,-0.08097606997186446,-0.05635722738674431,0.5295825811950049,0.5295825811950049,0.10263745981245373,0.09672178895121349,0.033508540129813275,nan,nan,0.30140364497305183,9.177479450396394,35.68962257525405,3124.3800885826267,nan,nan,nan,nan,nan,nan,nan,nan,nan,220.0,0.0038097722940127433,8.499649933213368,4000.0,1.0,0.0,nan,nan,nan,nan,nan,nan,nan,nan,nan,nan,nan,nan,nan,nan,nan,nan,0.0,"[100, 300, 300, 100, 300]","[0.009652566700734154, 0.0038411129966771968, 0.0, 0.005555181772652368, 0.0]","[null, null, null, null, null]","[null, null, null, null, null]","[null, null, null, null, null]","[null, null, null, null, null]",,0.09303241543899894,0.09376716957508721,5.0,1.96
1a,5000,2075505,neural-fore,neural-main-oracle-bellman,-12.597198413057399,-12.591193203775864,-12.586673112426368,0.08869430280389047,-12.765034037271489,-12.41735237028024,1.0,-0.010525300631030632,-0.004520091349496269,0.4389069589973034,0.4389069589973034,0.0744722541260006,0.06556219065260278,0.027521437927573836,nan,nan,0.39387260291808796,9.238362647705813,30.572832622786645,3275.9317481624007,nan,nan,nan,nan,nan,nan,nan,nan,nan,140.0,0.011025772203628357,7.675548608566169,4000.0,1.0,0.0,nan,nan,nan,nan,nan,nan,nan,nan,nan,nan,nan,nan,nan,nan,nan,nan,0.0,"[300, 100, 100, 100, 100]","[0.003613646473632779, 0.013294241406734004, 0.002839918166758676, 0.03143915773807865, 0.00394189723293767]","[null, null, null, null, null]","[null, null, null, null, null]","[null, null, null, null, null]","[null, null, null, null, null]",,0.08869430280389047,0.08833830969164237,5.0,1.96
1a,5000,2085505,neural-fore,neural-main-oracle-bellman,-12.625345133928462,-12.690221675939426,-12.586673112426368,0.09148225712677462,-12.869526899907905,-12.510916451970948,1.0,-0.03867202150209437,-0.10354856351305841,0.5851999362807945,0.5851999362807945,0.08748898510886331,0.07642970610072,0.02953893778462351,nan,nan,0.30884962829857354,9.262117517426393,34.31033461566539,3164.3026837937655,nan,nan,nan,nan,nan,nan,nan,nan,nan,180.0,0.004701184688825054,8.128131033002864,4000.0,1.0,0.0,nan,nan,nan,nan,nan,nan,nan,nan,nan,nan,nan,nan,nan,nan,nan,nan,0.0,"[300, 100, 100, 100, 300]","[0.002955645578250026, 0.0075551558701516695, 0.0016545934806539465, 0.011340528515069628, 0.0]","[null, null, null, null, null]","[null, null, null, null, null]","[null, null, null, null, null]","[null, null, null, null, null]",,0.09148225712677462,0.07707086102255284,5.0,1.96
1a,5000,2095505,neural-fore,neural-main-oracle-bellman,-12.680462170903073,-12.734424016903294,-12.586673112426368,0.08960040582151217,-12.910040812313458,-12.55880722149313,1.0,-0.09378905847670538,-0.14775090447692563,0.7180089808490921,0.7180089808490921,0.09847328949543821,0.08558334271047784,0.035546338370014675,nan,nan,0.4329506204260106,9.066109018607408,29.469942448752843,3304.328500339888,nan,nan,nan,nan,nan,nan,nan,nan,nan,100.0,0.005406570077371098,7.265401182579808,4000.0,1.0,0.0,nan,nan,nan,nan,nan,nan,nan,nan,nan,nan,nan,nan,nan,nan,nan,nan,0.0,"[100, 100, 100, 100, 100]","[0.003971265548791371, 0.0, 0.008447247514595954, 0.008264065114091284, 0.006350272209376879]","[null, null, null, null, null]","[null, null, null, null, null]","[null, null, null, null, null]","[null, null, null, null, null]",,0.08960040582151217,0.09480257559476445,5.0,1.96
1a,5000,2105505,neural-fore,neural-main-oracle-bellman,-12.623014218140069,-12.525365183610019,-12.586673112426368,0.08612601309893117,-12.694172169283924,-12.356558197936113,1.0,-0.03634110571370108,0.06130792881634939,0.49790189627535303,0.49790189627535303,0.1041368250636138,0.0972004430250671,0.033900209331548706,nan,nan,0.3315614337048566,9.57999998093953,30.52921536953853,3329.680468488845,nan,nan,nan,nan,nan,nan,nan,nan,nan,220.0,0.006689250168569187,11.689942524651997,4000.0,1.0,0.0,nan,nan,nan,nan,nan,nan,nan,nan,nan,nan,nan,nan,nan,nan,nan,nan,0.0,"[100, 100, 300, 300, 300]","[0.004741096803851906, 0.004021019050350427, 0.006435694519996977, 0.00797165241496746, 0.010276788053679166]","[null, null, null, null, null]","[null, null, null, null, null]","[null, null, null, null, null]","[null, null, null, null, null]",,0.08612601309893117,0.10565336766663731,5.0,1.96
1a,5000,2115505,neural-fore,neural-main-oracle-bellman,-12.433288148727966,-12.431279017232448,-12.586673112426368,0.08187518953588621,-12.591754388722785,-12.270803645742111,1.0,0.15338496369840193,0.15539409519391967,0.537580043465814,0.537580043465814,0.09796275171145266,0.08539948090432944,0.04743383936066502,nan,nan,0.31956132087280564,9.438727895743911,26.960823359571517,3394.6172164892614,nan,nan,nan,nan,nan,nan,nan,nan,nan,180.0,0.005622670388406548,10.705722566600889,4000.0,1.0,0.0,nan,nan,nan,nan,nan,nan,nan,nan,nan,nan,nan,nan,nan,nan,nan,nan,0.0,"[300, 300, 100, 100, 100]","[0.00964848784594842, 0.0008767628616880925, 0.007741311335333263, 0.007567701747108822, 0.0022790881519541427]","[null, null, null, null, null]","[null, null, null, null, null]","[null, null, null, null, null]","[null, null, null, null, null]",,0.08187518953588621,0.049312224676750824,5.0,1.96
1a,5000,2125505,neural-fore,neural-main-oracle-bellman,-12.640102783275804,-12.65964032611768,-12.586673112426368,0.08913293552338757,-12.83434087974352,-12.48493977249184,1.0,-0.05342967084943595,-0.07296721369131198,0.5796436787723752,0.5796436787723752,0.09054149656227552,0.08422205010081876,0.02752157057776624,nan,nan,0.24831968079326197,9.479611334164101,31.13755955777085,3240.171038017731,nan,nan,nan,nan,nan,nan,nan,nan,nan,180.0,0.0007988885521268314,10.82451168341795,4000.0,1.0,0.0,nan,nan,nan,nan,nan,nan,nan,nan,nan,nan,nan,nan,nan,nan,nan,nan,0.0,"[100, 300, 100, 100, 300]","[0.0030504548923174953, 0.0, 0.0009439878683166621, 0.0, 0.0]","[null, null, null, null, null]","[null, null, null, null, null]","[null, null, null, null, null]","[null, null, null, null, null]",,0.08913293552338757,0.07966376031600896,5.0,1.96
1a,5000,2135505,neural-fore,neural-main-oracle-bellman,-12.533546264587342,-12.525815938754832,-12.586673112426368,0.08534751395379947,-12.69309706610428,-12.358534811405384,1.0,0.053126847839026325,0.0608571736715362,0.832759544116312,0.832759544116312,0.12953132152636967,0.12417817759699515,0.039662006828603276,nan,nan,0.24049142228524004,9.53477605995138,28.72962689030013,3327.1154253048676,nan,nan,nan,nan,nan,nan,nan,nan,nan,220.0,0.004856414511965903,11.66933159159962,4000.0,1.0,0.0,nan,nan,nan,nan,nan,nan,nan,nan,nan,nan,nan,nan,nan,nan,nan,nan,0.0,"[100, 300, 300, 100, 300]","[0.0043463902947975365, 0.0, 0.008522870880554164, 0.007483417199437698, 0.0039293941850401136]","[null, null, null, null, null]","[null, null, null, null, null]","[null, null, null, null, null]","[null, null, null, null, null]",,0.08534751395379947,0.04014895048120937,5.0,1.96
1a,5000,2145505,neural-fore,neural-main-oracle-bellman,-12.513173987929624,-12.453009626023917,-12.586673112426368,0.08343561076207491,-12.616543423117584,-12.28947582893025,1.0,0.07349912449674356,0.13366348640245107,0.7646966690811379,0.7646966690811379,0.11404248160808006,0.09255440089617503,0.036955909082723816,nan,nan,0.24213840371448953,9.700708602160741,27.92714687559439,3367.0201697376096,nan,nan,nan,nan,nan,nan,nan,nan,nan,260.0,0.004148235689321067,12.29616362497909,4000.0,1.0,0.0,nan,nan,nan,nan,nan,nan,nan,nan,nan,nan,nan,nan,nan,nan,nan,nan,0.0,"[300, 300, 100, 300, 300]","[0.002362833500919478, 0.004214120771953299, 0.01055392380924331, 0.003610300364489251, 0.0]","[null, null, null, null, null]","[null, null, null, null, null]","[null, null, null, null, null]","[null, null, null, null, null]",,0.08343561076207491,0.10906551470326213,5.0,1.96
1a,5000,2155505,neural-fore,neural-main-oracle-bellman,-12.48538711951721,-12.459539262690038,-12.586673112426368,0.0846916430999399,-12.62553488316592,-12.293543642214155,1.0,0.1012859929091583,0.1271338497363299,0.6778866870549793,0.6778866870549793,0.11798922037039235,0.08563105407637588,0.028506458445402106,nan,nan,0.4002538755244271,9.210064515818921,29.853810891009125,3344.060721354296,nan,nan,nan,nan,nan,nan,nan,nan,nan,100.0,0.009520843705639732,9.688621016591787,4000.0,1.0000000000000002,0.0,nan,nan,nan,nan,nan,nan,nan,nan,nan,nan,nan,nan,nan,nan,nan,nan,0.0,"[100, 100, 100, 100, 100]","[0.010086057141111599, 0.003052194135646757, 0.01649145142548858, 0.009288138521588727, 0.008686377304363004]","[null, null, null, null, null]","[null, null, null, null, null]","[null, null, null, null, null]","[null, null, null, null, null]",,0.0846916430999399,0.06344216966871143,5.0,1.96
1a,5000,2165505,neural-fore,neural-main-oracle-bellman,-12.66323551199763,-12.585139198071316,-12.586673112426368,0.08859379831537706,-12.758783042769455,-12.411495353373176,1.0,-0.07656239957126232,0.001533914355052346,0.6272161153591741,0.6272161153591741,0.1013848163950161,0.07297475181328164,0.024046351701891858,nan,nan,0.2780880189828425,9.215269549250085,30.1163567397813,3237.3139482311144,nan,nan,nan,nan,nan,nan,nan,nan,nan,180.0,0.008231768880015585,10.868143000162672,4000.0,0.9999999999999998,0.0,nan,nan,nan,nan,nan,nan,nan,nan,nan,nan,nan,nan,nan,nan,nan,nan,0.0,"[100, 300, 100, 100, 300]","[0.00610772774321333, 0.007574324573018901, 0.0060287046520867155, 0.02068215890091089, 0.0007659285308480847]","[null, null, null, null, null]","[null, null, null, null, null]","[null, null, null, null, null]","[null, null, null, null, null]",,0.08859379831537706,0.08027588852468893,5.0,1.96
1a,5000,2175505,neural-fore,neural-main-oracle-bellman,-12.481068456234429,-12.437046762649645,-12.586673112426368,0.08506442034740243,-12.603773026530554,-12.270320498768736,1.0,0.10560465619193948,0.14962634977672273,0.5018483106987843,0.5018483106987843,0.07787946937812565,0.07320671022560252,0.03371649444626821,nan,nan,0.3046464294562669,9.614785833483037,30.423879111837277,3315.231634509094,nan,nan,nan,nan,nan,nan,nan,nan,nan,220.0,0.0037573042597371805,11.612997141014784,4000.0,1.0,0.0,nan,nan,nan,nan,nan,nan,nan,nan,nan,nan,nan,nan,nan,nan,nan,nan,0.0,"[300, 100, 300, 300, 100]","[0.004837350730276618, 0.003564424843451634, 0.003964748480072015, 0.0019107844345962173, 0.004509212810289419]","[null, null, null, null, null]","[null, null, null, null, null]","[null, null, null, null, null]","[null, null, null, null, null]",,0.08506442034740243,0.09842535086933726,5.0,1.96
1a,5000,2185505,neural-fore,neural-main-oracle-bellman,-12.544180137785151,-12.537978284426677,-12.586673112426368,0.08411348924572774,-12.702840723348302,-12.373115845505051,1.0,0.04249297464121682,0.04869482799969127,0.7454731564505208,0.7454731564505208,0.13285468799048425,0.1176744698255792,0.036425167076918584,nan,nan,0.27133845240488297,9.537248807217159,29.15514158822366,3311.9898299583533,nan,nan,nan,nan,nan,nan,nan,nan,nan,180.0,0.00931302628650034,11.225243800191674,4000.0,1.0,0.0,nan,nan,nan,nan,nan,nan,nan,nan,nan,nan,nan,nan,nan,nan,nan,nan,0.0,"[300, 300, 100, 100, 100]","[0.0087912227205476, 0.0022553037287063424, 0.00650282109662031, 0.018028545118065, 0.010987238768562448]","[null, null, null, null, null]","[null, null, null, null, null]","[null, null, null, null, null]","[null, null, null, null, null]",,0.08411348924572774,0.060579703063603996,5.0,1.96
1a,5000,2195505,neural-fore,neural-main-oracle-bellman,-12.559736987991908,-12.611159253506473,-12.586673112426368,0.08839081712280698,-12.784405255067176,-12.437913251945771,1.0,0.02693612443446014,-0.024486141080105384,0.5104001895878916,0.5104001895878916,0.07207171095017798,0.06439549042135011,0.03965643148620456,nan,nan,0.37827960599727134,9.08063305689849,31.04359101569152,3227.3611868720695,nan,nan,nan,nan,nan,nan,nan,nan,nan,140.0,0.006500512596924047,9.656288350198883,4000.0,1.0,0.0,nan,nan,nan,nan,nan,nan,nan,nan,nan,nan,nan,nan,nan,nan,nan,nan,0.0,"[300, 100, 100, 100, 100]","[0.004892939072143811, 4.1807909424140637e-05, 0.02385273955183915, 0.0, 0.003715076451213133]","[null, null, null, null, null]","[null, null, null, null, null]","[null, null, null, null, null]","[null, null, null, null, null]",,0.08839081712280698,0.06488026797288245,5.0,1.96
1a,5000,2205505,neural-fore,neural-main-oracle-bellman,-12.60768393846907,-12.560948730932981,-12.586673112426368,0.0861605255778465,-12.729823361065561,-12.392074100800402,1.0,-0.021010826042701325,0.025724381493386517,0.6155626124086317,0.6155626124086317,0.07213635735678432,0.06223070183334457,0.04177486848763778,nan,nan,0.27077738161585657,9.528772694810886,28.470132465982882,3259.326764552149,nan,nan,nan,nan,nan,nan,nan,nan,nan,220.0,0.0017710454515843534,11.37345180781558,4000.0,1.0,0.0,nan,nan,nan,nan,nan,nan,nan,nan,nan,nan,nan,nan,nan,nan,nan,nan,0.0,"[300, 300, 100, 300, 100]","[0.002879702787509627, 0.0, 0.002024506541244013, 0.0, 0.003951017929168128]","[null, null, null, null, null]","[null, null, null, null, null]","[null, null, null, null, null]","[null, null, null, null, null]",,0.0861605255778465,0.10703655244090117,5.0,1.96
1a,5000,2215505,neural-fore,neural-main-oracle-bellman,-12.704823488009698,-12.669123194589263,-12.586673112426368,0.08967218930409605,-12.844880685625292,-12.493365703553234,1.0,-0.11815037558332975,-0.08245008216289484,0.4980979353094842,0.4980979353094842,0.07400375394278381,0.0657529227197003,0.03032847440310464,nan,nan,0.2739244740776717,9.388963189478318,31.166238953237016,3214.8238352615854,nan,nan,nan,nan,nan,nan,nan,nan,nan,180.0,0.007429467083602012,10.568527375371195,4000.0,0.9999999999999998,0.0,nan,nan,nan,nan,nan,nan,nan,nan,nan,nan,nan,nan,nan,nan,nan,nan,0.0,"[100, 300, 300, 100, 100]","[0.0124312185212189, 0.005195964513864919, 0.0, 0.0017885556881960538, 0.017731596694730185]","[null, null, null, null, null]","[null, null, null, null, null]","[null, null, null, null, null]","[null, null, null, null, null]",,0.08967218930409605,0.09684625163791372,5.0,1.96
1a,5000,2225505,neural-fore,neural-main-oracle-bellman,-12.705639697273588,-12.655422766137944,-12.586673112426368,0.08827576348621714,-12.82844326257093,-12.482402269704957,1.0,-0.11896658484721989,-0.06874965371157593,0.7086637462532023,0.7086637462532023,0.12284797025049003,0.09080136784334819,0.03274030164432689,nan,nan,0.3648776642284226,9.424566675958452,29.29399846721801,3305.778471129434,nan,nan,nan,nan,nan,nan,nan,nan,nan,140.0,0.0051252762724993736,9.864485349995084,4000.0,1.0,0.0,nan,nan,nan,nan,nan,nan,nan,nan,nan,nan,nan,nan,nan,nan,nan,nan,0.0,"[100, 100, 100, 100, 300]","[0.005227424911847505, 0.0037607236744647997, 0.007201076376491671, 0.009437156399692894, 0.0]","[null, null, null, null, null]","[null, null, null, null, null]","[null, null, null, null, null]","[null, null, null, null, null]",,0.08827576348621714,0.1289818222842977,5.0,1.96
1a,5000,2235505,neural-fore,neural-main-oracle-bellman,-12.6368869986825,-12.634770091771763,-12.586673112426368,0.08920384996141291,-12.809609637696132,-12.459930545847394,1.0,-0.05021388625613277,-0.04809697934539514,0.42858146860443946,0.42858146860443946,0.08071505016502402,0.0672876147250097,0.03999553887272345,nan,nan,0.3786038026207502,9.402802536834963,31.711338289350053,3243.378018117332,nan,nan,nan,nan,nan,nan,nan,nan,nan,140.0,0.005143612973467724,9.873085699789225,4000.0,1.0,0.0,nan,nan,nan,nan,nan,nan,nan,nan,nan,nan,nan,nan,nan,nan,nan,nan,0.0,"[300, 100, 100, 100, 100]","[0.002278061740677487, 0.005035993036340326, 0.005314053995149946, 0.0015880489372706763, 0.011501907157900185]","[null, null, null, null, null]","[null, null, null, null, null]","[null, null, null, null, null]","[null, null, null, null, null]",,0.08920384996141291,0.12367917715029099,5.0,1.96
1a,5000,2245505,neural-fore,neural-main-oracle-bellman,-12.540997288312518,-12.473493971668491,-12.586673112426368,0.08155237424128906,-12.633336625181418,-12.313651318155564,1.0,0.04567582411385018,0.11317914075787705,0.4935396962387699,0.4935396962387699,0.0891914616760758,0.07394789265875712,0.03678393147799641,nan,nan,0.2801658552122823,9.668661500397041,27.028113669790105,3393.70750414311,nan,nan,nan,nan,nan,nan,nan,nan,nan,220.0,0.0069879777469368225,11.52051537440857,4000.0,1.0,0.0,nan,nan,nan,nan,nan,nan,nan,nan,nan,nan,nan,nan,nan,nan,nan,nan,0.0,"[300, 300, 300, 100, 100]","[0.0038943049203161483, 0.0, 0.0, 0.022700792360122075, 0.008344791454245893]","[null, null, null, null, null]","[null, null, null, null, null]","[null, null, null, null, null]","[null, null, null, null, null]",,0.08155237424128906,0.08439841360265832,5.0,1.96
1a,5000,2255505,neural-fore,neural-main-oracle-bellman,-12.594546763501839,-12.591374735891335,-12.586673112426368,0.08709457056870025,-12.762080094205988,-12.420669377576683,1.0,-0.007873651075470889,-0.004701623464967497,0.44880251985792646,0.44880251985792646,0.09431193734763946,0.0831858857511388,0.02443774044673357,nan,nan,0.33286261784585763,9.48264355381382,32.14908284679331,3270.0033085897458,nan,nan,nan,nan,nan,nan,nan,nan,nan,180.0,0.0026822095644834314,10.551076300407294,4000.0,1.0,0.0,nan,nan,nan,nan,nan,nan,nan,nan,nan,nan,nan,nan,nan,nan,nan,nan,0.0,"[300, 100, 300, 100, 100]","[0.0025122018295470195, 0.0, 0.0, 0.003872666602475118, 0.007026179390395021]","[null, null, null, null, null]","[null, null, null, null, null]","[null, null, null, null, null]","[null, null, null, null, null]",,0.08709457056870025,0.14017912487484255,5.0,1.96
1a,5000,2265505,neural-fore,neural-main-oracle-bellman,-12.514001623497766,-12.549624818463055,-12.586673112426368,0.08502022922173633,-12.716264467737659,-12.382985169188451,1.0,0.0726714889286022,0.03704829396331277,0.9041428009697812,0.9041428009697812,0.11490410390110714,0.10103730684271375,0.0623126855932783,nan,nan,0.27265378117609834,9.455196845029636,28.701095980132887,3335.1273323001615,nan,nan,nan,nan,nan,nan,nan,nan,nan,220.0,0.001690901115867495,11.404860899760388,4000.0,1.0,0.0,nan,nan,nan,nan,nan,nan,nan,nan,nan,nan,nan,nan,nan,nan,nan,nan,0.0,"[300, 300, 300, 100, 100]","[0.0001609370463712217, 0.003416917570914387, 0.0007872369078725286, 0.0017148245434442228, 0.0023745895107351147]","[null, null, null, null, null]","[null, null, null, null, null]","[null, null, null, null, null]","[null, null, null, null, null]",,0.08502022922173633,0.12414914531787814,5.0,1.96
1a,5000,2275505,neural-fore,neural-main-oracle-bellman,-12.620903383196222,-12.545955717611808,-12.586673112426368,0.08489836869834244,-12.712356520260558,-12.379554914963057,1.0,-0.03423027076985363,0.04071739481456049,0.5345956553146803,0.5345956553146803,0.07512601438401827,0.06401355416453777,0.035131964808539744,nan,nan,0.29467670208902796,9.511291679193903,28.283872288610834,3312.7662963420253,nan,nan,nan,nan,nan,nan,nan,nan,nan,180.0,0.007239602803889547,11.163273249799385,4000.0,1.0,0.0,nan,nan,nan,nan,nan,nan,nan,nan,nan,nan,nan,nan,nan,nan,nan,nan,0.0,"[300, 100, 300, 100, 100]","[0.0, 0.004548220332622948, 0.007860254155870971, 0.011483121122668442, 0.012306418408285377]","[null, null, null, null, null]","[null, null, null, null, null]","[null, null, null, null, null]","[null, null, null, null, null]",,0.08489836869834244,0.11204799937431112,5.0,1.96
1a,5000,2285505,neural-fore,neural-main-oracle-bellman,-12.74346297150342,-12.673854319560219,-12.586673112426368,0.08843791046028995,-12.847192624062387,-12.50051601505805,1.0,-0.15678985907705112,-0.08718120713385069,0.5291208519513416,0.5291208519513416,0.09183796018387394,0.08682850907431088,0.03345812371760186,nan,nan,0.3172448964469534,9.367775071427054,29.011121490293775,3296.8532334823494,nan,nan,nan,nan,nan,nan,nan,nan,nan,140.0,0.0034864165309978997,9.971615458792076,4000.0,1.0,0.0,nan,nan,nan,nan,nan,nan,nan,nan,nan,nan,nan,nan,nan,nan,nan,nan,0.0,"[100, 100, 100, 300, 100]","[0.006643952513885407, 0.0034296996114234982, 0.0013363168628111484, 0.0012931123258871267, 0.004729001340982319]","[null, null, null, null, null]","[null, null, null, null, null]","[null, null, null, null, null]","[null, null, null, null, null]",,0.08843791046028995,0.07139295590851322,5.0,1.96
1a,5000,2295505,neural-fore,neural-main-oracle-bellman,-12.708933765561834,-12.635948387184769,-12.586673112426368,0.08731183449539574,-12.807079582795744,-12.464817191573793,1.0,-0.12226065313546641,-0.049275274758400656,0.6529404386279499,0.6529404386279499,0.11783888883624458,0.09986000714185739,0.029337847398899046,nan,nan,0.26943442492290065,9.46243095233095,28.73386707198848,3297.156507353396,nan,nan,nan,nan,nan,nan,nan,nan,nan,180.0,0.013759535111272647,10.621900932851712,4000.0,1.0,0.0,nan,nan,nan,nan,nan,nan,nan,nan,nan,nan,nan,nan,nan,nan,nan,nan,0.0,"[100, 100, 100, 300, 300]","[0.02067816571985265, 0.016827182985029953, 0.018716147194090465, 0.0011189281437427123, 0.011457251513647446]","[null, null, null, null, null]","[null, null, null, null, null]","[null, null, null, null, null]","[null, null, null, null, null]",,0.08731183449539574,0.08503773690416673,5.0,1.96
1a,5000,2305505,neural-fore,neural-main-oracle-bellman,-12.531672047616244,-12.5091898795563,-12.586673112426368,0.08421899669223545,-12.674259113073083,-12.344120646039519,1.0,0.055001064810124234,0.0774832328700672,0.959628530389874,0.959628530389874,0.10910805755518213,0.10948512994963315,0.03973419793399126,nan,nan,0.27250283103620193,9.463001531915404,28.027618060804034,3365.269326566093,nan,nan,nan,nan,nan,nan,nan,nan,nan,180.0,0.004521791840101206,10.682351042155641,4000.0,1.0,0.0,nan,nan,nan,nan,nan,nan,nan,nan,nan,nan,nan,nan,nan,nan,nan,nan,0.0,"[100, 100, 300, 300, 100]","[0.010289722441110935, 0.001647518146067857, 0.002366680154609362, 0.0010254110012853281, 0.007279627457432554]","[null, null, null, null, null]","[null, null, null, null, null]","[null, null, null, null, null]","[null, null, null, null, null]",,0.08421899669223545,0.08192366540391503,5.0,1.96
1a,5000,2315505,neural-fore,neural-main-oracle-bellman,-12.607988488316405,-12.578057871679308,-12.586673112426368,0.0901947562823428,-12.754839593992699,-12.401276149365916,1.0,-0.021315375890036847,0.008615240747060326,0.6037361758085203,0.6037361758085203,0.11224728275269844,0.09064599327098113,0.03822036702069225,nan,nan,0.3507306443996502,9.241984036575007,33.695260094986786,3220.5836299328867,nan,nan,nan,nan,nan,nan,nan,nan,nan,180.0,0.0029141552554102224,10.636278833635151,4000.0,1.0,0.0,nan,nan,nan,nan,nan,nan,nan,nan,nan,nan,nan,nan,nan,nan,nan,nan,0.0,"[100, 100, 300, 100, 300]","[0.0, 0.0027187149664005712, 0.006411184423243205, 0.003965466870077931, 0.001475410017329406]","[null, null, null, null, null]","[null, null, null, null, null]","[null, null, null, null, null]","[null, null, null, null, null]",,0.0901947562823428,0.08879220355242526,5.0,1.96
1a,5000,2325505,neural-fore,neural-main-oracle-bellman,-12.609088250048796,-12.666191661462813,-12.586673112426368,0.09289448707845217,-12.848264856136579,-12.484118466789047,1.0,-0.02241513762242775,-0.07951854903644495,0.47318117591338904,0.47318117591338904,0.07181629923541658,0.05884673197578044,0.03897931945010678,nan,nan,0.36053756490444994,9.022573429123788,33.190747367212836,3136.4775263136657,nan,nan,nan,nan,nan,nan,nan,nan,nan,140.0,0.005437909181367653,9.790839932777454,4000.0,1.0,0.0,nan,nan,nan,nan,nan,nan,nan,nan,nan,nan,nan,nan,nan,nan,nan,nan,0.0,"[300, 100, 100, 100, 100]","[0.0, 0.0, 0.008015535560067752, 0.016947862083437952, 0.002226148263332562]","[null, null, null, null, null]","[null, null, null, null, null]","[null, null, null, null, null]","[null, null, null, null, null]",,0.09289448707845217,0.12964417330778527,5.0,1.96
1a,5000,2335505,neural-fore,neural-main-oracle-bellman,-12.717221384077085,-12.717893346558444,-12.586673112426368,0.08988794686804849,-12.894073722419819,-12.54171297069707,1.0,-0.13054827165071714,-0.13122023413207629,0.6078798672281005,0.6078798672281005,0.09453388064392222,0.08605617285256792,0.03728387920456949,nan,nan,0.3165257342041376,9.242850784533907,29.37357874721302,3271.031654222333,nan,nan,nan,nan,nan,nan,nan,nan,nan,100.0,0.01588359433377364,9.13519142504083,4000.0,1.0,0.0,nan,nan,nan,nan,nan,nan,nan,nan,nan,nan,nan,nan,nan,nan,nan,nan,0.0,"[100, 100, 100, 100, 100]","[0.007417003137758373, 0.020182519440039254, 0.02328611255969437, 0.00431279047082719, 0.024219546060549022]","[null, null, null, null, null]","[null, null, null, null, null]","[null, null, null, null, null]","[null, null, null, null, null]",,0.08988794686804849,0.08773463420567042,5.0,1.96
1a,5000,2345505,neural-fore,neural-main-oracle-bellman,-12.550273461706164,-12.489450554734887,-12.586673112426368,0.0851835501465077,-12.656410313022041,-12.322490796447733,1.0,0.036399650720204235,0.09722255769148092,0.4266692981773527,0.4266692981773527,0.08708034321275082,0.07873218452537194,0.04412924367199237,nan,nan,0.20902643043750688,9.38666971953468,29.83214290994852,3259.4883155465873,nan,nan,nan,nan,nan,nan,nan,nan,nan,300.0,0.0031410196968378727,13.206496166379656,4000.0,1.0,0.0,nan,nan,nan,nan,nan,nan,nan,nan,nan,nan,nan,nan,nan,nan,nan,nan,0.0,"[300, 300, 300, 300, 300]","[0.003683986421861092, 0.0, 0.006745940784103768, 0.005275171278224501, 0.0]","[null, null, null, null, null]","[null, null, null, null, null]","[null, null, null, null, null]","[null, null, null, null, null]",,0.0851835501465077,0.09889368744265105,5.0,1.96
1a,5000,2355505,neural-fore,neural-main-oracle-bellman,-12.60527059537986,-12.574051888945021,-12.586673112426368,0.08956462909916439,-12.749598561979383,-12.39850521591066,1.0,-0.01859748295349206,0.012621223481346533,0.5582201096615522,0.5582201096615522,0.08289039062201523,0.06502681115309542,0.03532071682817921,nan,nan,0.328449577205498,9.33549511755244,31.024781860285795,3276.9511227458347,nan,nan,nan,nan,nan,nan,nan,nan,nan,140.0,0.0073715292908282035,9.698363591381348,4000.0,1.0,0.0,nan,nan,nan,nan,nan,nan,nan,nan,nan,nan,nan,nan,nan,nan,nan,nan,0.0,"[100, 300, 100, 100, 100]","[0.007192670060296121, 0.006054104872577565, 0.006053434608168683, 0.009740127281070496, 0.007817309632028152]","[null, null, null, null, null]","[null, null, null, null, null]","[null, null, null, null, null]","[null, null, null, null, null]",,0.08956462909916439,0.06094314680650212,5.0,1.96
1a,5000,2365505,neural-fore,neural-main-oracle-bellman,-12.498649145411452,-12.418685647736206,-12.586673112426368,0.08211292865688277,-12.579626987903696,-12.257744307568716,0.0,0.08802396701491588,0.16798746469016201,0.35131989628634697,0.35131989628634697,0.08196296961972165,0.07615477200046619,0.0312938395501649,nan,nan,0.2544184714252315,9.83991441844292,29.308221552365715,3344.3720291534255,nan,nan,nan,nan,nan,nan,nan,nan,nan,220.0,0.005073323846539029,11.865525758184958,4000.0,1.0,0.0,nan,nan,nan,nan,nan,nan,nan,nan,nan,nan,nan,nan,nan,nan,nan,nan,0.0,"[300, 300, 100, 100, 300]","[0.0017750874516535313, 0.0, 0.009421421136918176, 0.008307884449575248, 0.005862226194548195]","[null, null, null, null, null]","[null, null, null, null, null]","[null, null, null, null, null]","[null, null, null, null, null]",,0.08211292865688277,0.07952568479311764,5.0,1.96
1a,5000,2375505,neural-fore,neural-main-oracle-bellman,-12.595297851577069,-12.584475023471295,-12.586673112426368,0.08534277466187315,-12.751746861808567,-12.417203185134024,1.0,-0.008624739150700833,0.0021980889550725635,0.7760152806006995,0.7760152806006995,0.10672429484123694,0.09255235699388936,0.033896592272619826,nan,nan,0.3238322503888954,9.571371074791514,27.117321330340623,3375.834446281609,nan,nan,nan,nan,nan,nan,nan,nan,nan,140.0,0.008985607809111177,9.890429841598962,4000.0,1.0000000000000002,0.0,nan,nan,nan,nan,nan,nan,nan,nan,nan,nan,nan,nan,nan,nan,nan,nan,0.0,"[100, 100, 100, 300, 100]","[0.012114447158474354, 0.02317145292633545, 0.0, 0.006486945221923902, 0.003155193738822173]","[null, null, null, null, null]","[null, null, null, null, null]","[null, null, null, null, null]","[null, null, null, null, null]",,0.08534277466187315,0.08677057280095088,5.0,1.96
1a,5000,2385505,neural-fore,neural-main-oracle-bellman,-12.579322075748147,-12.547923283194516,-12.586673112426368,0.08472605915921626,-12.71398635914658,-12.381860207242452,1.0,0.007351036678221234,0.03874982923185222,0.7077752480986894,0.7077752480986894,0.10153605977046536,0.0824740789133345,0.040893173570449234,nan,nan,0.23153000776129715,9.306838368404811,26.442198409775607,3343.670222396478,nan,nan,nan,nan,nan,nan,nan,nan,nan,220.0,0.0040614179775334365,11.390971141401678,4000.0,1.0,0.0,nan,nan,nan,nan,nan,nan,nan,nan,nan,nan,nan,nan,nan,nan,nan,nan,0.0,"[100, 300, 300, 300, 100]","[0.0030390278511510187, 0.003809535108274717, 0.006231474483328496, 0.0028719114651468494, 0.004355140979766104]","[null, null, null, null, null]","[null, null, null, null, null]","[null, null, null, null, null]","[null, null, null, null, null]",,0.08472605915921626,0.09558786460499683,5.0,1.96
1a,5000,2395505,neural-fore,neural-main-oracle-bellman,-12.661894730396888,-12.58208355284389,-12.586673112426368,0.08633885338147487,-12.751307705471582,-12.412859400216199,1.0,-0.07522161797052007,0.0045895595824774205,0.5681804694813707,0.5681804694813707,0.10718745463404629,0.10078175474484896,0.04627295103812716,nan,nan,0.3312209802004,9.40385435060417,26.974619016377012,3335.9802611532054,nan,nan,nan,nan,nan,nan,nan,nan,nan,220.0,0.0034850374017042127,11.554936508799438,4000.0,1.0,0.0,nan,nan,nan,nan,nan,nan,nan,nan,nan,nan,nan,nan,nan,nan,nan,nan,0.0,"[300, 100, 300, 100, 300]","[0.0, 0.0134424207313798, 0.003982766277141263, 0.0, 0.0]","[null, null, null, null, null]","[null, null, null, null, null]","[null, null, null, null, null]","[null, null, null, null, null]",,0.08633885338147487,0.06079935673635284,5.0,1.96
1a,5000,2405505,neural-fore,neural-main-oracle-bellman,-12.578665979229493,-12.510818156038024,-12.586673112426368,0.08563773439302316,-12.67866811544835,-12.342968196627698,1.0,0.00800713319687496,0.07585495638834416,0.6221829383738658,0.6221829383738658,0.11039049648789823,0.09199366881051592,0.0385258285151633,nan,nan,0.3305361317427822,9.459150721845841,29.759206725172664,3310.6100341713163,nan,nan,nan,nan,nan,nan,nan,nan,nan,180.0,0.0049812266524307215,10.50086483322084,4000.0,1.0,0.0,nan,nan,nan,nan,nan,nan,nan,nan,nan,nan,nan,nan,nan,nan,nan,nan,0.0,"[100, 100, 300, 300, 100]","[0.004177806886431158, 0.004595312055297985, 0.003198937671682899, 0.0063070587699296, 0.006627017878811966]","[null, null, null, null, null]","[null, null, null, null, null]","[null, null, null, null, null]","[null, null, null, null, null]",,0.08563773439302316,0.08380188538794041,5.0,1.96
1a,5000,2415505,neural-fore,neural-main-oracle-bellman,-12.586815627333367,-12.60280550114614,-12.586673112426368,0.08411072552571555,-12.767662523176542,-12.437948479115738,1.0,-0.00014251490699912495,-0.01613238871977174,0.5136943599677415,0.5136943599677415,0.0715998386884955,0.0666599226092283,0.03264884805828608,nan,nan,0.29694226268100155,9.569633458620064,28.364625863130147,3344.85345819885,nan,nan,nan,nan,nan,nan,nan,nan,nan,180.0,0.00656561379507709,10.7429580247961,4000.0,1.0000000000000002,0.0,nan,nan,nan,nan,nan,nan,nan,nan,nan,nan,nan,nan,nan,nan,nan,nan,0.0,"[300, 100, 100, 100, 300]","[0.003405003650689852, 0.006998433323923669, 0.01025949363336243, 0.010500500603424721, 0.0016646377639847722]","[null, null, null, null, null]","[null, null, null, null, null]","[null, null, null, null, null]","[null, null, null, null, null]",,0.08411072552571555,0.059547790097002576,5.0,1.96
1a,5000,2425505,neural-fore,neural-main-oracle-bellman,-12.453938909708429,-12.39768686391011,-12.586673112426368,0.0845168217210862,-12.56333983448344,-12.23203389333678,0.0,0.13273420271793945,0.18898624851625812,0.8616983202835214,0.8616983202835214,0.10357826421597957,0.08897459951189492,0.04794927251081748,nan,nan,0.24547595926748764,9.562475899579795,31.720805913036582,3279.2421484431,nan,nan,nan,nan,nan,nan,nan,nan,nan,220.0,0.002876972365959649,11.508399716601707,4000.0,1.0,0.0,nan,nan,nan,nan,nan,nan,nan,nan,nan,nan,nan,nan,nan,nan,nan,nan,0.0,"[300, 100, 100, 300, 300]","[0.0012600879515886135, 0.0, 0.008407932087762176, 0.004716841790447455, 0.0]","[null, null, null, null, null]","[null, null, null, null, null]","[null, null, null, null, null]","[null, null, null, null, null]",,0.0845168217210862,0.09504067416216516,5.0,1.96
1a,5000,2435505,neural-fore,neural-main-oracle-bellman,-12.46430867159772,-12.396247733370178,-12.586673112426368,0.08361175586961314,-12.56012677487462,-12.232368691865735,0.0,0.1223644408286475,0.19042537905619028,0.7639259515609154,0.7639259515609154,0.08320874817336449,0.07965592146623478,0.04703496754576369,nan,nan,0.3429394005643852,9.569136710689017,30.01800818059468,3367.403425931189,nan,nan,nan,nan,nan,nan,nan,nan,nan,220.0,0.005786814778722911,11.740672308614013,4000.0,1.0,0.0,nan,nan,nan,nan,nan,nan,nan,nan,nan,nan,nan,nan,nan,nan,nan,nan,0.0,"[100, 100, 300, 300, 300]","[0.015452688516667696, 0.008998831245916428, 8.506660608522376e-05, 0.0, 0.004397487524945202]","[null, null, null, null, null]","[null, null, null, null, null]","[null, null, null, null, null]","[null, null, null, null, null]",,0.08361175586961314,0.0446707075298074,5.0,1.96
1a,5000,2445505,neural-fore,neural-main-oracle-bellman,-12.663953730359873,-12.728569406093365,-12.586673112426368,0.09223755606761544,-12.909355015985891,-12.54778379620084,1.0,-0.07728061793350527,-0.1418962936669974,0.9514107906393597,0.9514107906393597,0.13237304472396175,0.09504937407118477,0.03229056196676584,nan,nan,0.2830813702811168,9.220565392912217,33.03981676156809,3183.3090516615325,nan,nan,nan,nan,nan,nan,nan,nan,nan,180.0,0.0045238697099574616,10.814215033198707,4000.0,1.0,0.0,nan,nan,nan,nan,nan,nan,nan,nan,nan,nan,nan,nan,nan,nan,nan,nan,0.0,"[100, 100, 300, 300, 100]","[0.00282327972891833, 0.01136807683229034, 0.0048573967503987795, 0.0, 0.003570595238179857]","[null, null, null, null, null]","[null, null, null, null, null]","[null, null, null, null, null]","[null, null, null, null, null]",,0.09223755606761544,0.12453208401460965,5.0,1.96
1a,5000,2455505,neural-fore,neural-main-oracle-bellman,-12.511478822214901,-12.502366591861934,-12.586673112426368,0.08416967112893045,-12.667339147274637,-12.337394036449231,1.0,0.07519429021146706,0.084306520564434,0.5496829368966287,0.5496829368966287,0.09936374079773366,0.09624536673440257,0.042646116742199834,nan,nan,0.29779614584510705,9.375327068934618,27.2116881501447,3345.038477148037,nan,nan,nan,nan,nan,nan,nan,nan,nan,140.0,0.009654735708635644,10.04864500038093,4000.0,1.0,0.0,nan,nan,nan,nan,nan,nan,nan,nan,nan,nan,nan,nan,nan,nan,nan,nan,0.0,"[100, 100, 100, 300, 100]","[0.005933216673991467, 0.00592850460682388, 0.026116753827140914, 0.003357355221987339, 0.006937848213234619]","[null, null, null, null, null]","[null, null, null, null, null]","[null, null, null, null, null]","[null, null, null, null, null]",,0.08416967112893045,0.05717897897413593,5.0,1.96
1a,5000,2465505,neural-fore,neural-main-oracle-bellman,-12.463710586261454,-12.403988113810001,-12.586673112426368,0.08288475202086645,-12.5664422277709,-12.241533999849104,0.0,0.12296252616491365,0.18268499861636656,0.5084823130745537,0.5084823130745537,0.0945245880073237,0.08629408182747084,0.038963018720171105,nan,nan,0.3574543846384456,9.61458526796211,28.14222356594346,3347.5404718618515,nan,nan,nan,nan,nan,nan,nan,nan,nan,180.0,0.008522937912238588,10.858476900588721,4000.0,1.0,0.0,nan,nan,nan,nan,nan,nan,nan,nan,nan,nan,nan,nan,nan,nan,nan,nan,0.0,"[100, 300, 100, 100, 300]","[0.02393939226789739, 0.0, 0.0069837668900332266, 0.007508691835652781, 0.004182838567609534]","[null, null, null, null, null]","[null, null, null, null, null]","[null, null, null, null, null]","[null, null, null, null, null]",,0.08288475202086645,0.11789790431769337,5.0,1.96
1a,5000,2475505,neural-fore,neural-main-oracle-bellman,-12.606801707383793,-12.571302675309218,-12.586673112426368,0.08915119662134456,-12.746039020687054,-12.396566329931382,1.0,-0.02012859495742525,0.01537043711715036,0.6405769707588536,0.6405769707588536,0.11180301068142606,0.10421393638071379,0.0327224991137964,nan,nan,0.32274513583493364,9.348436030215602,32.701871999628324,3208.955232998939,nan,nan,nan,nan,nan,nan,nan,nan,nan,220.0,0.004678757958013183,11.516871249780525,4000.0,1.0,0.0,nan,nan,nan,nan,nan,nan,nan,nan,nan,nan,nan,nan,nan,nan,nan,nan,0.0,"[300, 100, 300, 100, 300]","[0.0, 0.004028235455013033, 0.0, 0.015439731822751905, 0.003925822512300973]","[null, null, null, null, null]","[null, null, null, null, null]","[null, null, null, null, null]","[null, null, null, null, null]",,0.08915119662134456,0.08612406109399753,5.0,1.96
1a,5000,2485505,neural-fore,neural-main-oracle-bellman,-12.50294810035667,-12.507750938518123,-12.586673112426368,0.083749403630463,-12.67189976963383,-12.343602107402416,1.0,0.08372501206969751,0.07892217390824463,0.4644552827515015,0.4644552827515015,0.08500648791312518,0.0775028997676639,0.04417664201973193,nan,nan,0.27394071801461606,9.326040584374638,27.74041351784545,3335.166390162189,nan,nan,nan,nan,nan,nan,nan,nan,nan,100.0,0.007767984369452735,9.740756707824767,4000.0,1.0,0.0,nan,nan,nan,nan,nan,nan,nan,nan,nan,nan,nan,nan,nan,nan,nan,nan,0.0,"[100, 100, 100, 100, 100]","[0.014221407276118557, 0.00708865784577882, 0.003095080069031443, 0.006083529981740899, 0.008351246674593957]","[null, null, null, null, null]","[null, null, null, null, null]","[null, null, null, null, null]","[null, null, null, null, null]",,0.083749403630463,0.084134354410767,5.0,1.96
1a,5000,2495505,neural-fore,neural-main-oracle-bellman,-12.479415197262137,-12.49064992006861,-12.586673112426368,0.08448695632576485,-12.656244354467109,-12.32505548567011,1.0,0.10725791516423122,0.0960231923577588,0.6736927169275978,0.6736927169275978,0.11723682210098074,0.09142538909792716,0.04538979768171984,nan,nan,0.21573364279726512,9.740585654158323,29.720629631703904,3298.768040427694,nan,nan,nan,nan,nan,nan,nan,nan,nan,220.0,0.003667061338387469,11.749635825201404,4000.0,1.0,0.0,nan,nan,nan,nan,nan,nan,nan,nan,nan,nan,nan,nan,nan,nan,nan,nan,0.0,"[300, 300, 300, 100, 100]","[0.003259440899151867, 0.006863339428566175, 0.0, 0.00591824785608515, 0.002294278508134154]","[null, null, null, null, null]","[null, null, null, null, null]","[null, null, null, null, null]","[null, null, null, null, null]",,0.08448695632576485,0.08154583106501326,5.0,1.96
1a,5000,2505505,neural-fore,neural-main-oracle-bellman,-12.599593185556419,-12.607261070157877,-12.586673112426368,0.08764719451643645,-12.779049571410093,-12.435472568905661,1.0,-0.012920073130050724,-0.02058795773150912,0.6947923359983934,0.6947923359983934,0.12193952092401557,0.11243803049813986,0.04078738209138133,nan,nan,0.21502156018726862,9.27857088776248,28.5569410361735,3247.8373786149673,nan,nan,nan,nan,nan,nan,nan,nan,nan,260.0,0.0024052525368399046,12.25038673299132,4000.0,1.0,0.0,nan,nan,nan,nan,nan,nan,nan,nan,nan,nan,nan,nan,nan,nan,nan,nan,0.0,"[300, 100, 300, 300, 300]","[0.0052370073265452675, 0.002632072840768004, 0.0, 0.002215141603807956, 0.001942040913078296]","[null, null, null, null, null]","[null, null, null, null, null]","[null, null, null, null, null]","[null, null, null, null, null]",,0.08764719451643645,0.08138800776158366,5.0,1.96
1a,5000,2515505,neural-fore,neural-main-oracle-bellman,-12.732864982599203,-12.736363019049248,-12.586673112426368,0.09051665126431727,-12.91377565552731,-12.558950382571187,1.0,-0.14619187017283508,-0.1496899066228803,0.6223222397092478,0.6223222397092478,0.09619576286909337,0.08121844902654403,0.050308258546921884,nan,nan,0.43428706243484266,9.07770747699115,31.432482191821926,3269.9734180965647,nan,nan,nan,nan,nan,nan,nan,nan,nan,100.0,0.0067803679900493245,9.063031150819734,4000.0,1.0000000000000002,0.0,nan,nan,nan,nan,nan,nan,nan,nan,nan,nan,nan,nan,nan,nan,nan,nan,0.0,"[100, 100, 100, 100, 100]","[0.00677901491653225, 0.0050030665032700485, 0.01117575765243415, 0.010944000878010172, 0.0]","[null, null, null, null, null]","[null, null, null, null, null]","[null, null, null, null, null]","[null, null, null, null, null]",,0.09051665126431727,0.12718730474476536,5.0,1.96
1a,5000,2525505,neural-fore,neural-main-oracle-bellman,-12.571668435773304,-12.527387117777701,-12.586673112426368,0.08537205660851649,-12.694716348730394,-12.36005788682501,1.0,0.015004676653063598,0.05928599464866657,0.6207395862420751,0.6207395862420751,0.10407663325543157,0.09257152647345046,0.03836030599224613,nan,nan,0.30396376587296825,9.411645405898163,28.029079006524345,3333.6226929817417,nan,nan,nan,nan,nan,nan,nan,nan,nan,260.0,0.003106422859078673,12.867759933019988,4000.0,1.0,0.0,nan,nan,nan,nan,nan,nan,nan,nan,nan,nan,nan,nan,nan,nan,nan,nan,0.0,"[300, 300, 300, 300, 100]","[0.0045927456474823165, 0.0, 0.008233910248172372, 0.0, 0.0027054583997386775]","[null, null, null, null, null]","[null, null, null, null, null]","[null, null, null, null, null]","[null, null, null, null, null]",,0.08537205660851649,0.07305331520433178,5.0,1.96
1a,5000,2535505,neural-fore,neural-main-oracle-bellman,-12.626292565314715,-12.571558622508366,-12.586673112426368,0.08716705992171885,-12.742406059954934,-12.400711185061798,1.0,-0.03961945288834734,0.015114489918001794,0.9414016465111363,0.9414016465111363,0.10397898709934257,0.09351810036224247,0.03816164759936071,nan,nan,0.28452739676015415,9.609070210144129,28.907606926280614,3307.405975252954,nan,nan,nan,nan,nan,nan,nan,nan,nan,180.0,0.005542800582111823,10.73858765839832,4000.0,1.0,0.0,nan,nan,nan,nan,nan,nan,nan,nan,nan,nan,nan,nan,nan,nan,nan,nan,0.0,"[100, 100, 300, 100, 300]","[0.011352210408680277, 0.005293016894484959, 0.0, 0.010373580148541764, 0.0006951954588521165]","[null, null, null, null, null]","[null, null, null, null, null]","[null, null, null, null, null]","[null, null, null, null, null]",,0.08716705992171885,0.07100048753161463,5.0,1.96
1a,5000,2545505,neural-fore,neural-main-oracle-bellman,-12.48678662296136,-12.480579011138612,-12.586673112426368,0.08773757455696005,-12.652544657270255,-12.30861336500697,1.0,0.09988648946500867,0.10609410128775565,0.543266103924157,0.543266103924157,0.12124726009301816,0.10560634864115317,0.03470287691692973,nan,nan,0.32633829972628453,9.167866461886405,30.744253428590493,3260.628814255521,nan,nan,nan,nan,nan,nan,nan,nan,nan,140.0,0.0035886628615497485,9.803413049818483,4000.0,1.0,0.0,nan,nan,nan,nan,nan,nan,nan,nan,nan,nan,nan,nan,nan,nan,nan,nan,0.0,"[100, 100, 100, 100, 300]","[0.003941839427884639, 0.006749110766601094, 0.0030559399680398186, 0.0041964241452231875, 0.0]","[null, null, null, null, null]","[null, null, null, null, null]","[null, null, null, null, null]","[null, null, null, null, null]",,0.08773757455696005,0.08876856934734191,5.0,1.96
1a,5000,2555505,neural-fore,neural-main-oracle-bellman,-12.539746124971561,-12.509609312045642,-12.586673112426368,0.08537726686541001,-12.676948755101845,-12.342269868989439,1.0,0.046926987454806834,0.07706380038072602,0.5396317210660376,0.5396317210660376,0.07829684810016982,0.07435052698958428,0.03610205448137966,nan,nan,0.2602122336629707,9.449961977189384,29.20153159810273,3267.31175183676,nan,nan,nan,nan,nan,nan,nan,nan,nan,220.0,0.007415744429106056,11.488878716598265,4000.0,1.0,0.0,nan,nan,nan,nan,nan,nan,nan,nan,nan,nan,nan,nan,nan,nan,nan,nan,0.0,"[300, 100, 100, 300, 300]","[0.0015975667238883923, 0.002448021772501062, 0.03159058981875015, 0.0014425438303906763, 0.0]","[null, null, null, null, null]","[null, null, null, null, null]","[null, null, null, null, null]","[null, null, null, null, null]",,0.08537726686541001,0.04672294138799573,5.0,1.96
1a,5000,2565505,neural-fore,neural-main-oracle-bellman,-12.630262400338523,-12.623772874529317,-12.586673112426368,0.0893043099329585,-12.798809321997917,-12.448736427060718,1.0,-0.04358928791215533,-0.037099762102949185,0.644617796612638,0.644617796612638,0.09470458810761014,0.07798881331712024,0.04360177932169676,nan,nan,0.3795713422612764,9.253943750633056,29.802563038290725,3276.7948451287225,nan,nan,nan,nan,nan,nan,nan,nan,nan,100.0,0.010158843676749893,9.121096141601447,4000.0,1.0,0.0,nan,nan,nan,nan,nan,nan,nan,nan,nan,nan,nan,nan,nan,nan,nan,nan,0.0,"[100, 100, 100, 100, 100]","[0.03353504657831425, 0.0028246258586051756, 0.00509542544489129, 0.004584441283433556, 0.00475467921850519]","[null, null, null, null, null]","[null, null, null, null, null]","[null, null, null, null, null]","[null, null, null, null, null]",,0.0893043099329585,0.13550611035302343,5.0,1.96
1a,5000,2575505,neural-fore,neural-main-oracle-bellman,-12.77324983447819,-12.747810833728096,-12.586673112426368,0.09164052156644655,-12.92742625599833,-12.568195411457861,1.0,-0.18657672205182152,-0.16113772130172777,0.9957334784948546,0.9957334784948546,0.13494233624286353,0.13589228703807477,0.044672724323284264,nan,nan,0.2711785313136735,9.34382090202327,29.56803799208423,3181.6731684197002,nan,nan,nan,nan,nan,nan,nan,nan,nan,220.0,0.011458376312784032,11.494714924995787,4000.0,1.0,0.0,nan,nan,nan,nan,nan,nan,nan,nan,nan,nan,nan,nan,nan,nan,nan,nan,0.0,"[300, 100, 300, 300, 100]","[0.009998001111656657, 0.0053578024380222244, 0.0, 0.003549305821261902, 0.038386772192979375]","[null, null, null, null, null]","[null, null, null, null, null]","[null, null, null, null, null]","[null, null, null, null, null]",,0.09164052156644655,0.10250340141361033,5.0,1.96
1a,5000,2585505,neural-fore,neural-main-oracle-bellman,-12.534814708468263,-12.510757082527777,-12.586673112426368,0.08907064619921154,-12.685335549078232,-12.336178615977321,1.0,0.05185840395810537,0.07591602989859147,0.6918842306692661,0.6918842306692661,0.09217579035799624,0.08166839996137575,0.028879354075618115,nan,nan,0.24540017346629134,9.267740153763915,31.90410942385992,3215.756301434392,nan,nan,nan,nan,nan,nan,nan,nan,nan,220.0,0.0049058163130714484,11.571358550223522,4000.0,1.0,0.0,nan,nan,nan,nan,nan,nan,nan,nan,nan,nan,nan,nan,nan,nan,nan,nan,0.0,"[300, 300, 100, 300, 100]","[0.0021538549357502383, 0.0, 0.00873673026834384, 0.010684533967902081, 0.0029539623933610834]","[null, null, null, null, null]","[null, null, null, null, null]","[null, null, null, null, null]","[null, null, null, null, null]",,0.08907064619921154,0.08155076853876463,5.0,1.96
1a,5000,2595505,neural-fore,neural-main-oracle-bellman,-12.606415878329653,-12.571150595139873,-12.586673112426368,0.08670029201072948,-12.741083167480902,-12.401218022798844,1.0,-0.01974276590328472,0.01552251728649523,0.4562962357381523,0.4562962357381523,0.09618624355818231,0.08487046700801462,0.03075018304191129,nan,nan,0.38791917598765613,9.338220202988941,28.878378213871816,3302.6089575425717,nan,nan,nan,nan,nan,nan,nan,nan,nan,180.0,0.003515459814276145,10.883131034392864,4000.0,1.0,0.0,nan,nan,nan,nan,nan,nan,nan,nan,nan,nan,nan,nan,nan,nan,nan,nan,0.0,"[100, 300, 300, 100, 100]","[0.004302429462998232, 0.001820761665758923, 0.002770866099318947, 0.0064242286803296795, 0.0022590131629749424]","[null, null, null, null, null]","[null, null, null, null, null]","[null, null, null, null, null]","[null, null, null, null, null]",,0.08670029201072948,0.1234251514069877,5.0,1.96
1a,5000,2605505,neural-fore,neural-main-oracle-bellman,-12.615601104933582,-12.589423983961828,-12.586673112426368,0.08781189856982097,-12.761535305158677,-12.417312662764978,1.0,-0.028927992507213673,-0.002750871535459609,0.7968331872632394,0.7968331872632394,0.10450706303275847,0.09948293503835985,0.03954619754229808,nan,nan,0.3405804858369825,9.212901907973528,31.113304421653268,3250.119765855065,nan,nan,nan,nan,nan,nan,nan,nan,nan,140.0,0.003931657336964529,10.150474558759015,4000.0,1.0,0.0,nan,nan,nan,nan,nan,nan,nan,nan,nan,nan,nan,nan,nan,nan,nan,nan,0.0,"[100, 100, 100, 100, 300]","[0.0076684303572185555, 0.0035378733215115326, 8.566889072874375e-06, 0.008443416117019683, 0.0]","[null, null, null, null, null]","[null, null, null, null, null]","[null, null, null, null, null]","[null, null, null, null, null]",,0.08781189856982097,0.05541452445224419,5.0,1.96
1a,5000,2615505,neural-fore,neural-main-oracle-bellman,-12.551016657233346,-12.521099909004349,-12.586673112426368,0.08593551049083463,-12.689533509566385,-12.352666308442313,1.0,0.035656455193022296,0.06557320342201933,0.654856376810133,0.654856376810133,0.08928145281799027,0.08819495733772495,0.03275573821292433,nan,nan,0.32555597582848295,9.36655779001866,30.29310675540376,3282.048770274432,nan,nan,nan,nan,nan,nan,nan,nan,nan,140.0,0.0060254253049851205,10.24297989163315,4000.0,1.0,0.0,nan,nan,nan,nan,nan,nan,nan,nan,nan,nan,nan,nan,nan,nan,nan,nan,0.0,"[100, 100, 100, 100, 300]","[0.006623200920031571, 0.007018149210206498, 0.006654794640807173, 0.004231968718118463, 0.005599013035761897]","[null, null, null, null, null]","[null, null, null, null, null]","[null, null, null, null, null]","[null, null, null, null, null]",,0.08593551049083463,0.0903067428508208,5.0,1.96
1a,5000,2625505,neural-fore,neural-main-oracle-bellman,-12.613557766237072,-12.51826924951244,-12.586673112426368,0.08565709763670722,-12.686157160880386,-12.350381338144492,1.0,-0.02688465381070415,0.06840386291392875,0.8135515375725861,0.8135515375725861,0.10895557110243995,0.09487188643611495,0.03418057826576663,nan,nan,0.42821552534520396,9.49105827308015,29.833854287255942,3348.675954706053,nan,nan,nan,nan,nan,nan,nan,nan,nan,140.0,0.0051809839177459445,10.054251400986686,4000.0,1.0,0.0,nan,nan,nan,nan,nan,nan,nan,nan,nan,nan,nan,nan,nan,nan,nan,nan,0.0,"[100, 100, 300, 100, 100]","[0.0061921097995713895, 0.002849377086576297, 0.0, 0.007940706265479864, 0.008922726437102175]","[null, null, null, null, null]","[null, null, null, null, null]","[null, null, null, null, null]","[null, null, null, null, null]",,0.08565709763670722,0.09621890060160848,5.0,1.96
1a,5000,2635505,neural-fore,neural-main-oracle-bellman,-12.379399686814923,-12.354924972920507,-12.586673112426368,0.08229421175185188,-12.516221627954137,-12.193628317886878,0.0,0.20727342561144546,0.2317481395058607,0.673009207043134,0.673009207043134,0.11796637150209102,0.10133256027059505,0.02989224987244675,nan,nan,0.30867796731010755,9.546761524355553,30.3145090159776,3349.9000279634674,nan,nan,nan,nan,nan,nan,nan,nan,nan,180.0,0.00298599658884788,10.88828786679078,4000.0,1.0,0.0,nan,nan,nan,nan,nan,nan,nan,nan,nan,nan,nan,nan,nan,nan,nan,nan,0.0,"[300, 300, 100, 100, 100]","[0.0014415979171084781, 0.0, 0.0, 0.008804430559162316, 0.0046839544679686046]","[null, null, null, null, null]","[null, null, null, null, null]","[null, null, null, null, null]","[null, null, null, null, null]",,0.08229421175185188,0.052533623626423234,5.0,1.96
1a,5000,2645505,neural-fore,neural-main-oracle-bellman,-12.588281268970833,-12.524588853576706,-12.586673112426368,0.08536769978779975,-12.691909545160794,-12.357268161992618,1.0,-0.0016081565444654444,0.06208425884966218,0.3485026086660627,0.3485026086660627,0.06784111978908061,0.061846819722549476,0.039550004463695485,nan,nan,0.26416943830847966,9.549751412135667,28.768610397120455,3347.755132303855,nan,nan,nan,nan,nan,nan,nan,nan,nan,220.0,0.004356806200847467,12.085716483404394,4000.0,1.0,0.0,nan,nan,nan,nan,nan,nan,nan,nan,nan,nan,nan,nan,nan,nan,nan,nan,0.0,"[100, 300, 300, 300, 100]","[0.007305503091935968, 0.0036876400653959164, 0.00024252408789255658, 0.005030848394695036, 0.005517515364317859]","[null, null, null, null, null]","[null, null, null, null, null]","[null, null, null, null, null]","[null, null, null, null, null]",,0.08536769978779975,0.15419339750207142,5.0,1.96
1a,5000,2655505,neural-fore,neural-main-oracle-bellman,-12.62081365001578,-12.613850153907228,-12.586673112426368,0.08822202114182731,-12.786765315345209,-12.440934992469247,1.0,-0.034140537589411935,-0.027177041480859643,0.48907910775691316,0.48907910775691316,0.1091449949007719,0.10319741451573525,0.03782571197844028,nan,nan,0.29516946209203776,9.345387472807237,29.648960030812464,3299.9026791171486,nan,nan,nan,nan,nan,nan,nan,nan,nan,180.0,0.008912526584029136,11.02337286717957,4000.0,1.0,0.0,nan,nan,nan,nan,nan,nan,nan,nan,nan,nan,nan,nan,nan,nan,nan,nan,0.0,"[100, 100, 300, 300, 100]","[0.02996813716818269, 0.002407887333627651, 0.0027627446863810446, 0.0, 0.009423863731954293]","[null, null, null, null, null]","[null, null, null, null, null]","[null, null, null, null, null]","[null, null, null, null, null]",,0.08822202114182731,0.060741753107287806,5.0,1.96
1a,5000,2665505,neural-fore,neural-main-oracle-bellman,-12.565269118584634,-12.440330791850123,-12.586673112426368,0.08320513453768862,-12.603412855543992,-12.277248728156254,1.0,0.021403993841733637,0.1463423205762453,0.6949825617499817,0.6949825617499817,0.11260099776159209,0.09006233756693564,0.035290529467798024,nan,nan,0.25625957545032285,9.652395884543235,27.307032871024475,3360.1366780769777,nan,nan,nan,nan,nan,nan,nan,nan,nan,220.0,0.003872542456346665,11.435149924387224,4000.0,1.0,0.0,nan,nan,nan,nan,nan,nan,nan,nan,nan,nan,nan,nan,nan,nan,nan,nan,0.0,"[300, 100, 100, 300, 300]","[0.0, 0.011162134802753285, 0.00013238594772875192, 0.007786283674132522, 0.00028190785711876536]","[null, null, null, null, null]","[null, null, null, null, null]","[null, null, null, null, null]","[null, null, null, null, null]",,0.08320513453768862,0.11105832696134742,5.0,1.96
1a,5000,2675505,neural-fore,neural-main-oracle-bellman,-12.551228473204382,-12.444524727376152,-12.586673112426368,0.08318684608228592,-12.607570945697432,-12.281478509054871,1.0,0.0354446392219856,0.14214838505021632,0.6306914198721258,0.6306914198721258,0.09478957121559946,0.08961011050547671,0.024814510796390563,nan,nan,0.29683591624167227,9.466297028477836,29.078416726259867,3319.272833454884,nan,nan,nan,nan,nan,nan,nan,nan,nan,180.0,0.006147498312323049,10.583374100201763,4000.0,1.0,0.0,nan,nan,nan,nan,nan,nan,nan,nan,nan,nan,nan,nan,nan,nan,nan,nan,0.0,"[100, 100, 300, 300, 100]","[0.0011099394785571127, 0.011163630104056528, 0.004629211860545267, 0.004554421940516917, 0.009280288177939421]","[null, null, null, null, null]","[null, null, null, null, null]","[null, null, null, null, null]","[null, null, null, null, null]",,0.08318684608228592,0.13356080545084145,5.0,1.96
1a,5000,2685505,neural-fore,neural-main-oracle-bellman,-12.673144240699525,-12.695136737275257,-12.586673112426368,0.08836117861655932,-12.868324647363714,-12.521948827186801,1.0,-0.08647112827315695,-0.1084636248488895,0.3829039185083981,0.3829039185083981,0.06986012359206292,0.06517943132992551,0.04187357707213112,nan,nan,0.3371232372153407,9.215855348970322,29.046133453786766,3288.7807418422894,nan,nan,nan,nan,nan,nan,nan,nan,nan,180.0,0.007050291879153682,10.574800283182412,4000.0,1.0,0.0,nan,nan,nan,nan,nan,nan,nan,nan,nan,nan,nan,nan,nan,nan,nan,nan,0.0,"[100, 300, 100, 300, 100]","[0.023149814240012046, 0.0, 0.011114537365320979, 0.0, 0.0009871077904353843]","[null, null, null, null, null]","[null, null, null, null, null]","[null, null, null, null, null]","[null, null, null, null, null]",,0.08836117861655932,0.09560710226142154,5.0,1.96
1a,5000,2695505,neural-fore,neural-main-oracle-bellman,-12.60127658657491,-12.570539726374042,-12.586673112426368,0.08788707119940704,-12.74279838592488,-12.398281066823204,1.0,-0.014603474148541906,0.01613338605232606,0.6436636376875169,0.6436636376875169,0.09761904031700591,0.09126599320299036,0.029175170105834085,nan,nan,0.3638007270879392,9.361391386257127,29.91682732771669,3280.6799394412687,nan,nan,nan,nan,nan,nan,nan,nan,nan,140.0,0.007556899406436971,9.835200032626744,4000.0,1.0000000000000002,0.0,nan,nan,nan,nan,nan,nan,nan,nan,nan,nan,nan,nan,nan,nan,nan,nan,0.0,"[300, 100, 100, 100, 100]","[0.003698352634478866, 0.008632113947401803, 0.008368714810427577, 0.015095104126515262, 0.0019902115133613426]","[null, null, null, null, null]","[null, null, null, null, null]","[null, null, null, null, null]","[null, null, null, null, null]",,0.08788707119940704,0.026884257781576514,5.0,1.96
1a,5000,2705505,neural-fore,neural-main-oracle-bellman,-12.729121635615314,-12.663475982993406,-12.586673112426368,0.08970479062552547,-12.839297372619436,-12.487654593367376,1.0,-0.1424485231889463,-0.07680287056703783,0.8248558158252333,0.8248558158252333,0.1181844320767282,0.10281431379953028,0.0334490079681599,nan,nan,0.24505510418252288,9.273247654396819,30.60362579117446,3213.773356385436,nan,nan,nan,nan,nan,nan,nan,nan,nan,220.0,0.0027995430417538233,11.22437429104466,4000.0,1.0,0.0,nan,nan,nan,nan,nan,nan,nan,nan,nan,nan,nan,nan,nan,nan,nan,nan,0.0,"[300, 100, 300, 100, 300]","[0.0, 0.006832997703758346, 0.0, 0.00464826929763531, 0.0025164482073754615]","[null, null, null, null, null]","[null, null, null, null, null]","[null, null, null, null, null]","[null, null, null, null, null]",,0.08970479062552547,0.07862152946836679,5.0,1.96
1a,5000,2715505,neural-fore,neural-main-oracle-bellman,-12.705679722119644,-12.633366835706209,-12.586673112426368,0.08936929179877051,-12.808530647631798,-12.45820302378062,1.0,-0.11900660969327603,-0.04669372327984078,0.5630486972615132,0.5630486972615132,0.10084761588653131,0.08196828484310283,0.037283416396392786,nan,nan,0.2690738422934603,9.280878417418473,32.000747397451505,3250.6430491852475,nan,nan,nan,nan,nan,nan,nan,nan,nan,180.0,0.0048335376447186645,10.609978366608265,4000.0,1.0,0.0,nan,nan,nan,nan,nan,nan,nan,nan,nan,nan,nan,nan,nan,nan,nan,nan,0.0,"[100, 100, 300, 300, 100]","[0.0110818064253384, 0.003937453228058782, 0.001854298488698896, 0.0033931268043714347, 0.0039010032771258107]","[null, null, null, null, null]","[null, null, null, null, null]","[null, null, null, null, null]","[null, null, null, null, null]",,0.08936929179877051,0.03245557200398612,5.0,1.96
1a,5000,2725505,neural-fore,neural-main-oracle-bellman,-12.597964230098057,-12.459461785214085,-12.586673112426368,0.08838026985277543,-12.632687114125526,-12.286236456302644,1.0,-0.011291117671689221,0.127211327212283,0.8335199017860256,0.8335199017860256,0.10341078629783558,0.09228045248529668,0.04321223742092406,nan,nan,0.3497035944832285,9.394855883470392,30.82039791253643,3220.6956268233434,nan,nan,nan,nan,nan,nan,nan,nan,nan,180.0,0.010674513351622356,11.023635333403945,4000.0,1.0,0.0,nan,nan,nan,nan,nan,nan,nan,nan,nan,nan,nan,nan,nan,nan,nan,nan,0.0,"[300, 100, 100, 100, 300]","[0.0034564762998052427, 0.0, 0.025748300449942866, 0.013848096496989577, 0.010319693511374094]","[null, null, null, null, null]","[null, null, null, null, null]","[null, null, null, null, null]","[null, null, null, null, null]",,0.08838026985277543,0.11996967029825496,5.0,1.96
1a,5000,2735505,neural-fore,neural-main-oracle-bellman,-12.549362008278994,-12.557568986061657,-12.586673112426368,0.08428027796447446,-12.722758330872027,-12.392379641251287,1.0,0.03731110414737415,0.029104126364710936,0.7659429922586285,0.7659429922586285,0.10249958862449807,0.09671642175998765,0.05054233679779099,nan,nan,0.3413622392430763,9.593957892700507,27.173046192637884,3375.142259555523,nan,nan,nan,nan,nan,nan,nan,nan,nan,140.0,0.0056427415355204584,9.947517008404247,4000.0,1.0,0.0,nan,nan,nan,nan,nan,nan,nan,nan,nan,nan,nan,nan,nan,nan,nan,nan,0.0,"[300, 100, 100, 100, 100]","[0.005659944541858368, 0.0030627111972235887, 0.0033398601574018915, 0.011296933831925602, 0.004854257949192842]","[null, null, null, null, null]","[null, null, null, null, null]","[null, null, null, null, null]","[null, null, null, null, null]",,0.08428027796447446,0.10564472821434247,5.0,1.96
1a,5000,2745505,neural-fore,neural-main-oracle-bellman,-12.683597413466783,-12.658918096341434,-12.586673112426368,0.09087308969096816,-12.837029352135731,-12.480806840547137,1.0,-0.09692430104041527,-0.07224498391506629,0.5701822246842041,0.5701822246842041,0.08628920852841135,0.06749480339307892,0.029232337400052356,nan,nan,0.2656338289285992,9.35457265581043,33.24005569136068,3174.241969356868,nan,nan,nan,nan,nan,nan,nan,nan,nan,180.0,0.0056173384252563695,10.586633167229593,4000.0,1.0,0.0,nan,nan,nan,nan,nan,nan,nan,nan,nan,nan,nan,nan,nan,nan,nan,nan,0.0,"[300, 100, 300, 100, 100]","[0.004024605891686157, 0.011777387681114528, 0.0021141575324467978, 0.005518972531237961, 0.004651568489796408]","[null, null, null, null, null]","[null, null, null, null, null]","[null, null, null, null, null]","[null, null, null, null, null]",,0.09087308969096816,0.12183114021662178,5.0,1.96
1a,5000,2755505,neural-fore,neural-main-oracle-bellman,-12.631506417465248,-12.65214914485081,-12.586673112426368,0.08631168528179162,-12.821320048003122,-12.482978241698499,1.0,-0.044833305038880056,-0.06547603242444211,0.6259662649411485,0.6259662649411485,0.08519375038411772,0.08390839343646464,0.03702040046270444,nan,nan,0.25762246060266925,9.460544417345055,27.86350233682649,3317.625436844943,nan,nan,nan,nan,nan,nan,nan,nan,nan,140.0,0.008771516217579286,9.86869609161513,4000.0,1.0,0.0,nan,nan,nan,nan,nan,nan,nan,nan,nan,nan,nan,nan,nan,nan,nan,nan,0.0,"[300, 100, 100, 100, 100]","[0.0035552915338926305, 0.005569761522148317, 0.0016428750611314703, 0.02025193983390548, 0.01283771313681854]","[null, null, null, null, null]","[null, null, null, null, null]","[null, null, null, null, null]","[null, null, null, null, null]",,0.08631168528179162,0.12878531621807138,5.0,1.96
1a,5000,2765505,neural-fore,neural-main-oracle-bellman,-12.664439808604557,-12.562690455842278,-12.586673112426368,0.08512853033915549,-12.729542375307023,-12.395838536377532,1.0,-0.07776669617818932,0.023982656584090378,0.7350825146463169,0.7350825146463169,0.11624270156095642,0.09209215922321959,0.03221343857235819,nan,nan,0.35110387428013035,9.5350138708327,30.32249085833443,3306.0355318363795,nan,nan,nan,nan,nan,nan,nan,nan,nan,140.0,0.004270659050429939,9.787833874800707,4000.0,1.0,0.0,nan,nan,nan,nan,nan,nan,nan,nan,nan,nan,nan,nan,nan,nan,nan,nan,0.0,"[100, 100, 300, 100, 100]","[0.010943425770767658, 0.0, 0.0004691078860077254, 0.0036037339195741373, 0.006337027675800177]","[null, null, null, null, null]","[null, null, null, null, null]","[null, null, null, null, null]","[null, null, null, null, null]",,0.08512853033915549,0.07264582332397668,5.0,1.96
1a,5000,2775505,neural-fore,neural-main-oracle-bellman,-12.574291454832453,-12.519961920474925,-12.586673112426368,0.08527150101970547,-12.687094062473548,-12.352829778476302,1.0,0.012381657593914852,0.06671119195144293,0.5879326900584003,0.5879326900584003,0.08239472192593393,0.06745396903947408,0.030366358288457625,nan,nan,0.36358265413780844,9.367733748903106,30.161563966297646,3326.5644476487687,nan,nan,nan,nan,nan,nan,nan,nan,nan,100.0,0.008355018328412001,9.092864232987631,4000.0,1.0,0.0,nan,nan,nan,nan,nan,nan,nan,nan,nan,nan,nan,nan,nan,nan,nan,nan,0.0,"[100, 100, 100, 100, 100]","[0.008173029682476265, 0.011115806890032241, 0.015227176053125407, 0.004534419065063937, 0.002724659951362159]","[null, null, null, null, null]","[null, null, null, null, null]","[null, null, null, null, null]","[null, null, null, null, null]",,0.08527150101970547,0.047965737982502046,5.0,1.96
1a,5000,2785505,neural-fore,neural-main-oracle-bellman,-12.504757452629535,-12.483831334464572,-12.586673112426368,0.07949257850335834,-12.639636788331154,-12.32802588059799,1.0,0.08191565979683268,0.10284177796179605,0.5085857715596258,0.5085857715596258,0.10236711280896868,0.08496595900903699,0.04108210911802405,nan,nan,0.3520038424341957,9.774527118207239,25.044152265426145,3514.3899425565437,nan,nan,nan,nan,nan,nan,nan,nan,nan,100.0,0.006319106268368779,9.015613616188057,4000.0,1.0,0.0,nan,nan,nan,nan,nan,nan,nan,nan,nan,nan,nan,nan,nan,nan,nan,nan,0.0,"[100, 100, 100, 100, 100]","[0.007832198233251023, 0.003710240719934258, 0.01067527602321396, 0.007797413613177578, 0.001580402752267081]","[null, null, null, null, null]","[null, null, null, null, null]","[null, null, null, null, null]","[null, null, null, null, null]",,0.07949257850335834,0.02786427131946558,5.0,1.96
1a,5000,2795505,neural-fore,neural-main-oracle-bellman,-12.641585069615525,-12.643356707072723,-12.586673112426368,0.08839800073628731,-12.816616788515846,-12.4700966256296,1.0,-0.05491195718915698,-0.05668359464635486,0.5504730822312093,0.5504730822312093,0.07408565051704688,0.06953284840189186,0.028988439921977402,nan,nan,0.2812576598124832,9.367961427655782,29.254751386757896,3263.7137227783,nan,nan,nan,nan,nan,nan,nan,nan,nan,220.0,0.0027597639349302185,11.381435816234443,4000.0,1.0,0.0,nan,nan,nan,nan,nan,nan,nan,nan,nan,nan,nan,nan,nan,nan,nan,nan,0.0,"[300, 100, 300, 100, 300]","[0.001775064957079783, 0.004295256193210404, 0.0027646598864925803, 0.002405729064533314, 0.0025581095733350117]","[null, null, null, null, null]","[null, null, null, null, null]","[null, null, null, null, null]","[null, null, null, null, null]",,0.08839800073628731,0.05854700813751778,5.0,1.96
1a,5000,2805505,neural-fore,neural-main-oracle-bellman,-12.50701084308509,-12.446909507904568,-12.586673112426368,0.08256444896017483,-12.60873582786651,-12.285083187942625,1.0,0.07966226934127718,0.13976360452180003,0.3872799262610912,0.3872799262610912,0.06583234969489955,0.05884459605444953,0.0284889577421508,nan,nan,0.38002449560483786,9.462182872384664,26.92562872714462,3413.0079124376102,nan,nan,nan,nan,nan,nan,nan,nan,nan,140.0,0.007816261854630815,10.02613603399368,4000.0,1.0,0.0,nan,nan,nan,nan,nan,nan,nan,nan,nan,nan,nan,nan,nan,nan,nan,nan,0.0,"[100, 100, 100, 100, 300]","[0.0023390618221531888, 0.0027028535571442854, 0.022658874504287323, 0.008848980765690014, 0.00253153862387927]","[null, null, null, null, null]","[null, null, null, null, null]","[null, null, null, null, null]","[null, null, null, null, null]",,0.08256444896017483,0.12158152754057684,5.0,1.96
1a,5000,2815505,neural-fore,neural-main-oracle-bellman,-12.549111886489392,-12.534669063846984,-12.586673112426368,0.0849423264599544,-12.701156023708494,-12.368182103985474,1.0,0.03756122593697597,0.05200404857938423,0.4844483173903811,0.4844483173903811,0.06430102767340619,0.06175867703844086,0.038004593455753966,nan,nan,0.21228498285589797,9.791425407948761,27.765874563851902,3315.114937745657,nan,nan,nan,nan,nan,nan,nan,nan,nan,300.0,0.0049032159725922965,13.646920941805002,4000.0,1.0,0.0,nan,nan,nan,nan,nan,nan,nan,nan,nan,nan,nan,nan,nan,nan,nan,nan,0.0,"[300, 300, 300, 300, 300]","[0.0029489893019836178, 0.005022658396652599, 0.0, 0.004275554933260071, 0.012268877231065194]","[null, null, null, null, null]","[null, null, null, null, null]","[null, null, null, null, null]","[null, null, null, null, null]",,0.0849423264599544,0.04216901682682036,5.0,1.96
1a,5000,2825505,neural-fore,neural-main-oracle-bellman,-12.560819031871633,-12.455602629846242,-12.586673112426368,0.08314582684151275,-12.618568450455607,-12.292636809236877,1.0,0.025854080554735148,0.13107048258012632,0.8373423495180768,0.8373423495180768,0.14242094217409135,0.09450224441051147,0.037490813493104375,nan,nan,0.28147977464080226,9.50845425844328,27.18250727977114,3355.835318857929,nan,nan,nan,nan,nan,nan,nan,nan,nan,180.0,0.0030615921319843455,10.885658000246622,4000.0,1.0,0.0,nan,nan,nan,nan,nan,nan,nan,nan,nan,nan,nan,nan,nan,nan,nan,nan,0.0,"[300, 100, 100, 300, 100]","[0.0, 0.005157303889374119, 0.0, 0.0, 0.01015065677054761]","[null, null, null, null, null]","[null, null, null, null, null]","[null, null, null, null, null]","[null, null, null, null, null]",,0.08314582684151275,0.11934656606695705,5.0,1.96
1a,5000,2835505,neural-fore,neural-main-oracle-bellman,-12.582030031740816,-12.55429345262003,-12.586673112426368,0.08325436400050762,-12.717472006061024,-12.391114899179035,1.0,0.004643080685552192,0.03237965980633817,1.0330565231279147,1.0330565231279147,0.13791957275218653,0.1349298079428372,0.057934271911255,nan,nan,0.31958784973613796,9.49664089614901,27.28272800459788,3390.337170686802,nan,nan,nan,nan,nan,nan,nan,nan,nan,180.0,0.006032850153029111,10.861896733159664,4000.0,1.0,0.0,nan,nan,nan,nan,nan,nan,nan,nan,nan,nan,nan,nan,nan,nan,nan,nan,0.0,"[300, 100, 300, 100, 100]","[0.003020393497830723, 0.004230402137521454, 0.0, 0.010693441327165785, 0.012220013802627591]","[null, null, null, null, null]","[null, null, null, null, null]","[null, null, null, null, null]","[null, null, null, null, null]",,0.08325436400050762,0.08975967725001259,5.0,1.96
1a,5000,2845505,neural-fore,neural-main-oracle-bellman,-12.475983868570177,-12.452880749511536,-12.586673112426368,0.08153925066768657,-12.612697680820201,-12.29306381820287,1.0,0.11068924385619106,0.1337923629148321,0.8319300738653878,0.8319300738653878,0.11608362152766083,0.10749206023960604,0.05453540579447938,nan,nan,0.41573700005421593,9.50966572663846,27.60828832275169,3398.414328363392,nan,nan,nan,nan,nan,nan,nan,nan,nan,140.0,0.006267387490995449,10.051021808804943,4000.0,1.0,0.0,nan,nan,nan,nan,nan,nan,nan,nan,nan,nan,nan,nan,nan,nan,nan,nan,0.0,"[100, 100, 100, 100, 300]","[0.00351903930136746, 0.007529499467130235, 0.006679157397951992, 0.009966711974931888, 0.0036425293135956683]","[null, null, null, null, null]","[null, null, null, null, null]","[null, null, null, null, null]","[null, null, null, null, null]",,0.08153925066768657,0.07939518334481072,5.0,1.96
1a,5000,2855505,neural-fore,neural-main-oracle-bellman,-12.802719224959917,-12.723135648414416,-12.586673112426368,0.08932180080935746,-12.898206378000758,-12.548064918828075,1.0,-0.2160461125335491,-0.13646253598804847,0.8071404784496728,0.8071404784496728,0.1064338247809518,0.09583220804548212,0.035081161457028325,nan,nan,0.26681576143541735,9.672562494186268,28.733439022391067,3267.04607955324,nan,nan,nan,nan,nan,nan,nan,nan,nan,140.0,0.0048311900361462075,9.971158050408121,4000.0,1.0,0.0,nan,nan,nan,nan,nan,nan,nan,nan,nan,nan,nan,nan,nan,nan,nan,nan,0.0,"[100, 100, 100, 100, 300]","[0.0003351656234236765, 8.625963356366875e-05, 0.010498585318659657, 0.0050091396252856316, 0.008226799979798402]","[null, null, null, null, null]","[null, null, null, null, null]","[null, null, null, null, null]","[null, null, null, null, null]",,0.08932180080935746,0.09372516084668849,5.0,1.96
1a,5000,2865505,neural-fore,neural-main-oracle-bellman,-12.502632014803606,-12.359891862537173,-12.586673112426368,0.07969384472590743,-12.516091798199952,-12.203691926874395,0.0,0.08404109762276235,0.22678124988919457,0.6269347501868124,0.6269347501868124,0.09829563633763107,0.0905149206079352,0.0572694853863315,nan,nan,0.3309764854326977,9.734444575016884,26.55063972432247,3412.6855607533753,nan,nan,nan,nan,nan,nan,nan,nan,nan,180.0,0.005016044851658666,11.024291841790546,4000.0,1.0,0.0,nan,nan,nan,nan,nan,nan,nan,nan,nan,nan,nan,nan,nan,nan,nan,nan,0.0,"[300, 100, 300, 100, 100]","[0.0, 0.010257152737480523, 0.0025499414959881026, 0.004302600057631926, 0.007970529967192776]","[null, null, null, null, null]","[null, null, null, null, null]","[null, null, null, null, null]","[null, null, null, null, null]",,0.07969384472590743,0.11956795766517214,5.0,1.96
1a,5000,2875505,neural-fore,neural-main-oracle-bellman,-12.581068441870508,-12.526042397302293,-12.586673112426368,0.08313644129565481,-12.688989822241776,-12.36309497236281,1.0,0.00560467055585967,0.06063071512407525,0.5764201005548164,0.5764201005548164,0.08829855398406869,0.07866714255959081,0.03404781752667988,nan,nan,0.39128004647440046,9.467658422892782,27.91430566988457,3400.594678696182,nan,nan,nan,nan,nan,nan,nan,nan,nan,140.0,0.007645872015907544,10.87901265056571,4000.0,1.0,0.0,nan,nan,nan,nan,nan,nan,nan,nan,nan,nan,nan,nan,nan,nan,nan,nan,0.0,"[100, 100, 100, 300, 100]","[0.004323227122099923, 0.013291411124555985, 0.014347615221189724, 0.0, 0.006267106611692086]","[null, null, null, null, null]","[null, null, null, null, null]","[null, null, null, null, null]","[null, null, null, null, null]",,0.08313644129565481,0.060222430610270564,5.0,1.96
1a,5000,2885505,neural-fore,neural-main-oracle-bellman,-12.582204123296828,-12.657318938230084,-12.586673112426368,0.0911033872687926,-12.835881577276917,-12.478756299183251,1.0,0.004468989129540191,-0.07064582580371592,0.6040320618392059,0.6040320618392059,0.08863795659751722,0.07793747906631876,0.03586687146598239,nan,nan,0.3056024468823477,9.205790469934094,29.178011596829734,3242.054411735248,nan,nan,nan,nan,nan,nan,nan,nan,nan,180.0,0.006590986418220245,11.876087907981127,4000.0,0.9999999999999998,0.0,nan,nan,nan,nan,nan,nan,nan,nan,nan,nan,nan,nan,nan,nan,nan,nan,0.0,"[300, 100, 100, 300, 100]","[0.0, 0.004535387754959225, 0.0091713215110009, 0.008970801354263886, 0.010277421470877216]","[null, null, null, null, null]","[null, null, null, null, null]","[null, null, null, null, null]","[null, null, null, null, null]",,0.0911033872687926,0.1294845342676961,5.0,1.96
1a,5000,2895505,neural-fore,neural-main-oracle-bellman,-12.535587379020994,-12.517713869390732,-12.586673112426368,0.08367231506027782,-12.681711606908877,-12.353716131872588,1.0,0.051085733405374256,0.06895924303563561,0.4464625230524167,0.4464625230524167,0.0765164043380541,0.06567678994528574,0.031361739404569385,nan,nan,0.34873809535929207,9.370455049529763,28.899321675035672,3363.9268332613974,nan,nan,nan,nan,nan,nan,nan,nan,nan,140.0,0.0037340362269439355,12.088406675017904,4000.0,1.0,0.0,nan,nan,nan,nan,nan,nan,nan,nan,nan,nan,nan,nan,nan,nan,nan,nan,0.0,"[100, 100, 300, 100, 100]","[0.0035116289086047, 0.012797275869461111, 0.0014514921614256937, 0.0007380630878719718, 0.0001717211073562]","[null, null, null, null, null]","[null, null, null, null, null]","[null, null, null, null, null]","[null, null, null, null, null]",,0.08367231506027782,0.0366735669676939,5.0,1.96
1a,5000,2905505,neural-fore,neural-main-oracle-bellman,-12.693243352402876,-12.646075893974455,-12.586673112426368,0.08834400453593381,-12.819230142864885,-12.472921645084025,1.0,-0.10657023997650761,-0.05940278154808709,0.42758520012469736,0.42758520012469736,0.1229670656641382,0.11060276321609903,0.05063127255468103,nan,nan,0.3925488325228495,9.345830371211738,28.686734971184965,3287.06543844413,nan,nan,nan,nan,nan,nan,nan,nan,nan,140.0,0.011290329139838611,11.790407583420166,4000.0,1.0,0.0,nan,nan,nan,nan,nan,nan,nan,nan,nan,nan,nan,nan,nan,nan,nan,nan,0.0,"[300, 100, 100, 100, 100]","[0.0, 0.010246758311297623, 0.008475274737215708, 0.014029972031997916, 0.0236996406186818]","[null, null, null, null, null]","[null, null, null, null, null]","[null, null, null, null, null]","[null, null, null, null, null]",,0.08834400453593381,0.10367698859356608,5.0,1.96
1a,5000,2915505,neural-fore,neural-main-oracle-bellman,-12.663348222181513,-12.615699425308337,-12.586673112426368,0.08895163325063894,-12.79004462647959,-12.441354224137084,1.0,-0.07667510975514524,-0.02902631288196922,0.5080580992219983,0.5080580992219983,0.07291765624956198,0.06072666285394841,0.0332501486728491,nan,nan,0.25394587353903675,9.379843890625022,29.290719935196282,3234.496647531605,nan,nan,nan,nan,nan,nan,nan,nan,nan,220.0,0.004344255400698556,13.260748566605617,4000.0,1.0,0.0,nan,nan,nan,nan,nan,nan,nan,nan,nan,nan,nan,nan,nan,nan,nan,nan,0.0,"[300, 300, 100, 100, 300]","[0.0, 0.0022529868827054476, 0.008567269498636797, 0.009676774918155207, 0.0012242457039953266]","[null, null, null, null, null]","[null, null, null, null, null]","[null, null, null, null, null]","[null, null, null, null, null]",,0.08895163325063894,0.07643546279143754,5.0,1.96
1a,5000,2925505,neural-fore,neural-main-oracle-bellman,-12.666697152506904,-12.71285927574975,-12.586673112426368,0.0891021205942803,-12.88749943211454,-12.53821911938496,1.0,-0.0800240400805361,-0.12618616332338206,0.650106933627163,0.650106933627163,0.0983104244622022,0.0834357155241029,0.030968103114627124,nan,nan,0.318116739500106,9.127955383100627,29.159807695342227,3243.8649244082817,nan,nan,nan,nan,nan,nan,nan,nan,nan,180.0,0.017867945601335034,12.486371049832087,4000.0,1.0,0.0,nan,nan,nan,nan,nan,nan,nan,nan,nan,nan,nan,nan,nan,nan,nan,nan,0.0,"[100, 100, 100, 300, 300]","[0.00936504855589053, 0.04082671698303743, 0.034370262886036354, 0.0, 0.004777699581710863]","[null, null, null, null, null]","[null, null, null, null, null]","[null, null, null, null, null]","[null, null, null, null, null]",,0.0891021205942803,0.09075369943994943,5.0,1.96
1a,5000,2935505,neural-fore,neural-main-oracle-bellman,-12.50415980759242,-12.506865790954645,-12.586673112426368,0.08460291336918556,-12.672687501158249,-12.341044080751042,1.0,0.08251330483394881,0.07980732147172276,0.7337758123557716,0.7337758123557716,0.12469752708109483,0.118598155397646,0.03041214900802933,nan,nan,0.3700344011770151,9.443217979635897,29.42844208364887,3345.5441850372545,nan,nan,nan,nan,nan,nan,nan,nan,nan,140.0,0.007854157063291126,11.483734132989776,4000.0,1.0,0.0,nan,nan,nan,nan,nan,nan,nan,nan,nan,nan,nan,nan,nan,nan,nan,nan,0.0,"[300, 100, 100, 100, 100]","[0.0, 0.02652394899990313, 0.0, 0.00580418739097834, 0.006942648925574152]","[null, null, null, null, null]","[null, null, null, null, null]","[null, null, null, null, null]","[null, null, null, null, null]",,0.08460291336918556,0.04585589841973595,5.0,1.96
1a,5000,2945505,neural-fore,neural-main-oracle-bellman,-12.58043481035418,-12.592082691187938,-12.586673112426368,0.09201592015384423,-12.772433894689474,-12.411731487686403,1.0,0.006238302072187452,-0.005409578761570444,0.5642179359755988,0.5642179359755988,0.10115596645132605,0.08392228403348975,0.03304927103931539,nan,nan,0.31989378138943003,9.273479637378706,33.570863070680055,3142.891807123595,nan,nan,nan,nan,nan,nan,nan,nan,nan,220.0,0.0042579655867389914,12.796620250015986,4000.0,1.0,0.0,nan,nan,nan,nan,nan,nan,nan,nan,nan,nan,nan,nan,nan,nan,nan,nan,0.0,"[300, 100, 300, 300, 100]","[0.000785820047950648, 0.0020863015254221503, 0.0, 0.0, 0.018417706360322156]","[null, null, null, null, null]","[null, null, null, null, null]","[null, null, null, null, null]","[null, null, null, null, null]",,0.09201592015384423,0.06022972473340899,5.0,1.96
1a,5000,2955505,neural-fore,neural-main-oracle-bellman,-12.63631270665748,-12.537729107987325,-12.586673112426368,0.08787613975991758,-12.709966341916763,-12.365491874057886,1.0,-0.04963959423111142,0.048944004439043454,0.5526098865568756,0.5526098865568756,0.09132022843813549,0.08558522475402264,0.03025017473697299,nan,nan,0.38549184079323867,9.383950378850795,29.613764357174073,3283.128372182166,nan,nan,nan,nan,nan,nan,nan,nan,nan,140.0,0.005849497710362061,10.825098674569745,4000.0,1.0,0.0,nan,nan,nan,nan,nan,nan,nan,nan,nan,nan,nan,nan,nan,nan,nan,nan,0.0,"[300, 100, 100, 100, 100]","[0.0, 0.011273928330137234, 0.010013047617094538, 0.0013733409824858668, 0.0065871716220926675]","[null, null, null, null, null]","[null, null, null, null, null]","[null, null, null, null, null]","[null, null, null, null, null]",,0.08787613975991758,0.14432354882742385,5.0,1.96
1a,5000,2965505,neural-fore,neural-main-oracle-bellman,-12.629790253005675,-12.610571678870347,-12.586673112426368,0.08661893602147322,-12.780344793472434,-12.44079856426826,1.0,-0.043117140579306934,-0.023898566443978808,0.46697113085019437,0.46697113085019437,0.10622141083411225,0.09702108355262642,0.043044139102975984,nan,nan,0.37552494527681485,9.267687980483366,28.685103714589765,3337.8237359813384,nan,nan,nan,nan,nan,nan,nan,nan,nan,140.0,0.009191277228004006,10.755736566591077,4000.0,1.0,0.0,nan,nan,nan,nan,nan,nan,nan,nan,nan,nan,nan,nan,nan,nan,nan,nan,0.0,"[300, 100, 100, 100, 100]","[0.003038051718935385, 0.014806220953695512, 0.004446218407719127, 0.01714858471467171, 0.006517310344998299]","[null, null, null, null, null]","[null, null, null, null, null]","[null, null, null, null, null]","[null, null, null, null, null]",,0.08661893602147322,0.09457151333556203,5.0,1.96
1a,5000,2975505,neural-fore,neural-main-oracle-bellman,-12.531094595816185,-12.472472694589975,-12.586673112426368,0.08196375727764386,-12.633121658854156,-12.311823730325793,1.0,0.05557851661018276,0.11420041783639334,0.42261025914321876,0.42261025914321876,0.13206955935999304,0.13347411901936806,0.03359009287244991,nan,nan,0.2987720955755087,9.705643908089378,27.197904160876824,3381.7447224286198,nan,nan,nan,nan,nan,nan,nan,nan,nan,220.0,0.005703204436749533,11.86209709161194,4000.0,1.0,0.0,nan,nan,nan,nan,nan,nan,nan,nan,nan,nan,nan,nan,nan,nan,nan,nan,0.0,"[300, 100, 300, 300, 100]","[0.004418029331244397, 0.009390671191682168, 0.0, 0.005810624500309113, 0.008896697160511986]","[null, null, null, null, null]","[null, null, null, null, null]","[null, null, null, null, null]","[null, null, null, null, null]",,0.08196375727764386,0.10320296548093846,5.0,1.96
1a,5000,2985505,neural-fore,neural-main-oracle-bellman,-12.477815838989592,-12.43324049146886,-12.586673112426368,0.07994865877277009,-12.589939862663488,-12.276541120274231,1.0,0.10885727343677587,0.1534326209575081,0.6198245592815331,0.6198245592815331,0.08062664977115415,0.07040854889471493,0.042759914018655455,nan,nan,0.2265441546668614,9.73233949330698,26.35527375229409,3382.689669937521,nan,nan,nan,nan,nan,nan,nan,nan,nan,260.0,0.005557871908442931,12.37534398365533,4000.0,1.0,0.0,nan,nan,nan,nan,nan,nan,nan,nan,nan,nan,nan,nan,nan,nan,nan,nan,0.0,"[300, 300, 100, 300, 300]","[0.002290507633313326, 0.0029352931742481205, 0.008483621144719938, 0.00656179350160246, 0.007518144088330808]","[null, null, null, null, null]","[null, null, null, null, null]","[null, null, null, null, null]","[null, null, null, null, null]",,0.07994865877277009,0.08764171430455052,5.0,1.96
1a,5000,2995505,neural-fore,neural-main-oracle-bellman,-12.5375822586372,-12.514805920655226,-12.586673112426368,0.0835826287388779,-12.678627872983427,-12.350983968327025,1.0,0.049090853789168776,0.0718671917711422,0.5734177656618601,0.5734177656618601,0.11650357613619441,0.11421310546369132,0.03602145605660346,nan,nan,0.30475604234871034,9.713624002546727,27.634968510566175,3327.9392783085273,nan,nan,nan,nan,nan,nan,nan,nan,nan,220.0,0.0041130785184609366,11.404387916985433,4000.0,1.0,0.0,nan,nan,nan,nan,nan,nan,nan,nan,nan,nan,nan,nan,nan,nan,nan,nan,0.0,"[300, 100, 300, 300, 100]","[0.0, 0.0058288071733661444, 0.0007046720173174127, 0.0022706547363939714, 0.011761258665227155]","[null, null, null, null, null]","[null, null, null, null, null]","[null, null, null, null, null]","[null, null, null, null, null]",,0.0835826287388779,0.08762161184572488,5.0,1.96
1a,5000,3005505,neural-fore,neural-main-oracle-bellman,-12.445676814912757,-12.460850477164055,-12.586673112426368,0.08253762990086895,-12.622624231769757,-12.299076722558352,1.0,0.14099629751361142,0.1258226352623133,0.6422865448581765,0.6422865448581765,0.11046289838319487,0.11047783607305961,0.03970658966075982,nan,nan,0.4114636518100233,9.445945655008593,27.124595712918463,3437.5865288718874,nan,nan,nan,nan,nan,nan,nan,nan,nan,180.0,0.004907948738962961,10.577344224613626,4000.0,1.0,0.0,nan,nan,nan,nan,nan,nan,nan,nan,nan,nan,nan,nan,nan,nan,nan,nan,0.0,"[300, 100, 100, 100, 300]","[0.0, 0.0037597176428652646, 0.007538600130384981, 0.008910890108834038, 0.004330535812730522]","[null, null, null, null, null]","[null, null, null, null, null]","[null, null, null, null, null]","[null, null, null, null, null]",,0.08253762990086895,0.10371867134589552,5.0,1.96
1a,5000,3015505,neural-fore,neural-main-oracle-bellman,-12.603823514554001,-12.588335773791277,-12.586673112426368,0.0870110021997906,-12.758877338102867,-12.417794209479688,1.0,-0.017150402127633413,-0.0016626613649091126,0.6745762514319434,0.6745762514319434,0.09373373333886657,0.08727847679723219,0.03892134489906208,nan,nan,0.30781604427340964,9.354582511456998,29.135234252514852,3294.1708181782788,nan,nan,nan,nan,nan,nan,nan,nan,nan,140.0,0.00728891945351708,9.928834465751425,4000.0,1.0,0.0,nan,nan,nan,nan,nan,nan,nan,nan,nan,nan,nan,nan,nan,nan,nan,nan,0.0,"[100, 100, 100, 300, 100]","[0.013759288517415128, 0.003188663480878948, 0.001895515691257952, 0.0031805764325810006, 0.014420553145452377]","[null, null, null, null, null]","[null, null, null, null, null]","[null, null, null, null, null]","[null, null, null, null, null]",,0.0870110021997906,0.07595221834442553,5.0,1.96
1a,5000,3025505,neural-fore,neural-main-oracle-bellman,-12.549396177581576,-12.486637624464553,-12.586673112426368,0.08532975071094191,-12.653883935858,-12.319391313071106,1.0,0.03727693484479211,0.10003548796181505,0.8278716981619153,0.8278716981619153,0.11356701175663542,0.09727862380846204,0.059658167550726636,nan,nan,0.35496363206686715,9.353127344624998,28.11617842259217,3319.3215725963983,nan,nan,nan,nan,nan,nan,nan,nan,nan,180.0,0.008503650814305477,10.52105533319991,4000.0,1.0,0.0,nan,nan,nan,nan,nan,nan,nan,nan,nan,nan,nan,nan,nan,nan,nan,nan,0.0,"[300, 100, 100, 300, 100]","[0.002854098571591968, 0.03394262075967902, 0.004239065449291921, 0.0, 0.0014824692909644727]","[null, null, null, null, null]","[null, null, null, null, null]","[null, null, null, null, null]","[null, null, null, null, null]",,0.08532975071094191,0.10401738533229166,5.0,1.96
1a,5000,3035505,neural-fore,neural-main-oracle-bellman,-12.6769469949536,-12.657379200045884,-12.586673112426368,0.09155238994653413,-12.836821884341092,-12.477936515750677,1.0,-0.09027388252723156,-0.07070608761951647,0.5163049814121015,0.5163049814121015,0.08936003666459602,0.07827359786404393,0.02860893786701902,nan,nan,0.30078904292908565,9.299024903699445,32.52417213752817,3165.996007782093,nan,nan,nan,nan,nan,nan,nan,nan,nan,220.0,0.002305211571625532,11.313722483394667,4000.0,1.0,0.0,nan,nan,nan,nan,nan,nan,nan,nan,nan,nan,nan,nan,nan,nan,nan,nan,0.0,"[300, 100, 300, 300, 100]","[0.0008874627045558001, 0.000536012635411125, 0.004554333497070124, 0.005548249021090609, 0.0]","[null, null, null, null, null]","[null, null, null, null, null]","[null, null, null, null, null]","[null, null, null, null, null]",,0.09155238994653413,0.053390942625552176,5.0,1.96
1a,5000,3045505,neural-fore,neural-main-oracle-bellman,-12.56733602380141,-12.54236094518799,-12.586673112426368,0.08741255820398827,-12.713689559267808,-12.371032331108173,1.0,0.0193370886249582,0.0443121672383775,1.0331686474296429,1.0331686474296429,0.18432591228417544,0.13318145700349374,0.053073125243801235,nan,nan,0.3339430307621614,9.398753975352218,28.69823911199183,3308.507093433364,nan,nan,nan,nan,nan,nan,nan,nan,nan,180.0,0.0030143471276055937,10.690831216576044,4000.0,1.0,0.0,nan,nan,nan,nan,nan,nan,nan,nan,nan,nan,nan,nan,nan,nan,nan,nan,0.0,"[300, 100, 100, 300, 100]","[0.0029008475369481997, 0.0011277069765253964, 0.0032107606654270524, 0.006935491443729745, 0.0008969290153975745]","[null, null, null, null, null]","[null, null, null, null, null]","[null, null, null, null, null]","[null, null, null, null, null]",,0.08741255820398827,0.06920336767654252,5.0,1.96
1a,5000,3055505,neural-fore,neural-main-oracle-bellman,-12.583961292262423,-12.564678874781722,-12.586673112426368,0.08964645124524714,-12.740385919222406,-12.388971830341037,1.0,0.002711820163945333,0.021994237644646475,0.7867135438411286,0.7867135438411286,0.10326117808004402,0.09131876602435032,0.046800957672725754,nan,nan,0.2571555289306276,9.104476806415612,33.33571730038784,3162.3394009457616,nan,nan,nan,nan,nan,nan,nan,nan,nan,180.0,0.004026280698067433,11.039270525239408,4000.0,1.0,0.0,nan,nan,nan,nan,nan,nan,nan,nan,nan,nan,nan,nan,nan,nan,nan,nan,0.0,"[300, 100, 100, 100, 300]","[0.0010567934025323528, 0.007148392429067978, 0.001632658412579994, 0.006952918939249517, 0.003340640306907325]","[null, null, null, null, null]","[null, null, null, null, null]","[null, null, null, null, null]","[null, null, null, null, null]",,0.08964645124524714,0.07921103953509874,5.0,1.96
1a,5000,3065505,neural-fore,neural-main-oracle-bellman,-12.442515812270818,-12.480237296134513,-12.586673112426368,0.08479024469106121,-12.646426175728994,-12.314048416540032,1.0,0.14415730015555006,0.10643581629185483,0.5619793078187689,0.5619793078187689,0.08996850677897854,0.08055300189803113,0.030015457702821432,nan,nan,0.3814628514717658,9.24278028301184,28.254890647968928,3328.5140133388054,nan,nan,nan,nan,nan,nan,nan,nan,nan,140.0,0.004552684121701747,9.912712300592101,4000.0,1.0,0.0,nan,nan,nan,nan,nan,nan,nan,nan,nan,nan,nan,nan,nan,nan,nan,nan,0.0,"[100, 300, 100, 100, 100]","[0.011221511195861964, 0.0011326434944252636, 0.005122770457724185, 0.0, 0.005286495460497321]","[null, null, null, null, null]","[null, null, null, null, null]","[null, null, null, null, null]","[null, null, null, null, null]",,0.08479024469106121,0.08149295268561511,5.0,1.96
1a,5000,3075505,neural-fore,neural-main-oracle-bellman,-12.513381900336485,-12.426241684084863,-12.586673112426368,0.08181440400850251,-12.586597915941528,-12.265885452228197,0.0,0.07329121208988276,0.16043142834150537,0.547595393768755,0.547595393768755,0.07945036750617768,0.0774033617156199,0.033493440499332644,nan,nan,0.20599984100027768,9.668104602192203,27.664551801712374,3332.198897649855,nan,nan,nan,nan,nan,nan,nan,nan,nan,260.0,0.0011960848002498894,12.150361192424317,4000.0,1.0,0.0,nan,nan,nan,nan,nan,nan,nan,nan,nan,nan,nan,nan,nan,nan,nan,nan,0.0,"[300, 300, 100, 300, 300]","[0.0, 0.0, 0.0056267780176866315, 0.0, 0.00035364598356281543]","[null, null, null, null, null]","[null, null, null, null, null]","[null, null, null, null, null]","[null, null, null, null, null]",,0.08181440400850251,0.08806221500912806,5.0,1.96
1a,5000,3085505,neural-fore,neural-main-oracle-bellman,-12.500444377724492,-12.477211525961758,-12.586673112426368,0.08277280428731726,-12.6394462223649,-12.314976829558617,1.0,0.08622873470187642,0.1094615864646098,0.4096914044989465,0.4096914044989465,0.0717484066663496,0.060130518791284226,0.0374348851218231,nan,nan,0.3012366511375406,9.600067321458884,26.581065357938954,3365.9288376820127,nan,nan,nan,nan,nan,nan,nan,nan,nan,220.0,0.004875655794918978,11.195831208617893,4000.0,1.0,0.0,nan,nan,nan,nan,nan,nan,nan,nan,nan,nan,nan,nan,nan,nan,nan,nan,0.0,"[300, 300, 100, 100, 300]","[0.004445355148820963, 0.00666348996021251, 0.0028783628098518754, 0.008418301406401658, 0.0019727696493078853]","[null, null, null, null, null]","[null, null, null, null, null]","[null, null, null, null, null]","[null, null, null, null, null]",,0.08277280428731726,0.03912073648090251,5.0,1.96
1a,5000,3095505,neural-fore,neural-main-oracle-bellman,-12.561400771148309,-12.563353496932873,-12.586673112426368,0.08780529607926113,-12.735451877248225,-12.39125511661752,1.0,0.02527234127805933,0.02331961549349515,0.5645295585691509,0.5645295585691509,0.07709879429559525,0.06925290805201272,0.039982378643272094,nan,nan,0.34958818165222355,9.282511291388984,30.281429962715848,3265.129149252346,nan,nan,nan,nan,nan,nan,nan,nan,nan,140.0,0.007596687786289205,9.866147458413616,4000.0,1.0,0.0,nan,nan,nan,nan,nan,nan,nan,nan,nan,nan,nan,nan,nan,nan,nan,nan,0.0,"[100, 100, 300, 100, 100]","[0.015379248434633418, 0.00716231851200186, 0.0, 0.00982808671530013, 0.005613785269510616]","[null, null, null, null, null]","[null, null, null, null, null]","[null, null, null, null, null]","[null, null, null, null, null]",,0.08780529607926113,0.0878492442775526,5.0,1.96
1a,5000,3105505,neural-fore,neural-main-oracle-bellman,-12.613164693713893,-12.517216717150834,-12.586673112426368,0.08558180876784172,-12.684957062335805,-12.349476371965864,1.0,-0.026491581287524824,0.06945639527553382,0.6842071280833136,0.6842071280833136,0.1374779302876261,0.12489309666142678,0.04982097779723127,nan,nan,0.3720152450268792,9.442313877829163,28.961350835228217,3316.8353490329937,nan,nan,nan,nan,nan,nan,nan,nan,nan,140.0,0.006066985617841631,9.658316233020741,4000.0,1.0,0.0,nan,nan,nan,nan,nan,nan,nan,nan,nan,nan,nan,nan,nan,nan,nan,nan,0.0,"[100, 100, 300, 100, 100]","[0.011442483311752964, 0.0016061446880245164, 0.011813136063550627, 0.002332877776419944, 0.0031402862494601036]","[null, null, null, null, null]","[null, null, null, null, null]","[null, null, null, null, null]","[null, null, null, null, null]",,0.08558180876784172,0.05115496806047413,5.0,1.96
1a,5000,3115505,neural-fore,neural-main-oracle-bellman,-12.589371242482224,-12.509956624764254,-12.586673112426368,0.0854439124419673,-12.67742669315051,-12.342486556377997,1.0,-0.002698130055856396,0.07671648766211447,0.7585818504263198,0.7585818504263198,0.10879115747431392,0.09764929301143747,0.04445960304586549,nan,nan,0.348248896085882,9.284258977984805,28.00213815004491,3315.3207071695124,nan,nan,nan,nan,nan,nan,nan,nan,nan,140.0,0.00608782444358223,9.86037721639732,4000.0,1.0,0.0,nan,nan,nan,nan,nan,nan,nan,nan,nan,nan,nan,nan,nan,nan,nan,nan,0.0,"[100, 300, 100, 100, 100]","[0.007220938877887205, 0.0010454803424242596, 0.0104368710405437, 0.004581073622425951, 0.007154758334630034]","[null, null, null, null, null]","[null, null, null, null, null]","[null, null, null, null, null]","[null, null, null, null, null]",,0.0854439124419673,0.09262910949737212,5.0,1.96
1a,5000,3125505,neural-fore,neural-main-oracle-bellman,-12.600923731031827,-12.515495816311413,-12.586673112426368,0.08533625141635101,-12.68275486908746,-12.348236763535365,1.0,-0.014250618605458953,0.07117729611495527,0.5365186764873437,0.5365186764873437,0.10833957981279778,0.09798467695891727,0.032722949781527996,nan,nan,0.27813653170711217,9.357341605547063,28.126718444554513,3277.2906410737555,nan,nan,nan,nan,nan,nan,nan,nan,nan,260.0,0.005908615784193492,12.318220049783122,4000.0,1.0,0.0,nan,nan,nan,nan,nan,nan,nan,nan,nan,nan,nan,nan,nan,nan,nan,nan,0.0,"[300, 300, 300, 100, 300]","[0.004431914345784377, 0.0009165460102618446, 0.0054473924610872115, 0.011052651410631425, 0.007694574693202604]","[null, null, null, null, null]","[null, null, null, null, null]","[null, null, null, null, null]","[null, null, null, null, null]",,0.08533625141635101,0.07188407156149428,5.0,1.96
1a,5000,3135505,neural-fore,neural-main-oracle-bellman,-12.447328937678153,-12.374936717020788,-12.586673112426368,0.08175429830306664,-12.535175141694799,-12.214698292346776,0.0,0.13934417474821537,0.21173639540558042,0.5097082414999943,0.5097082414999943,0.1332697217320769,0.12082875509981765,0.030468559920916766,nan,nan,0.25901076396758677,9.626057106769098,29.62713699606582,3384.151911373496,nan,nan,nan,nan,nan,nan,nan,nan,nan,220.0,0.005452191608284189,11.975282633001916,4000.0,1.0,0.0,nan,nan,nan,nan,nan,nan,nan,nan,nan,nan,nan,nan,nan,nan,nan,nan,0.0,"[300, 300, 100, 300, 100]","[0.0, 0.0, 0.014033017433731344, 0.0013113559586472503, 0.011916584649042352]","[null, null, null, null, null]","[null, null, null, null, null]","[null, null, null, null, null]","[null, null, null, null, null]",,0.08175429830306664,0.09273606738393844,5.0,1.96
1a,5000,3145505,neural-fore,neural-main-oracle-bellman,-12.742777742692951,-12.690872118581822,-12.586673112426368,0.09255794327015683,-12.87228568739133,-12.509458549772315,1.0,-0.15610463026658294,-0.1041990061554543,0.4764638493659524,0.4764638493659524,0.07375947408780478,0.06939701243476301,0.029694703819263077,nan,nan,0.2811342110049244,9.327999981485426,31.071296955261094,3202.6927177579155,nan,nan,nan,nan,nan,nan,nan,nan,nan,180.0,0.002861206388941547,10.744686075823846,4000.0,1.0,0.0,nan,nan,nan,nan,nan,nan,nan,nan,nan,nan,nan,nan,nan,nan,nan,nan,0.0,"[100, 100, 100, 300, 300]","[0.009802088311793024, 0.0020430346905951032, 0.00246090894231961, 0.0, 0.0]","[null, null, null, null, null]","[null, null, null, null, null]","[null, null, null, null, null]","[null, null, null, null, null]",,0.09255794327015683,0.10489243970136256,5.0,1.96
1a,5000,3155505,neural-fore,neural-main-oracle-bellman,-12.592705226990383,-12.48525123965204,-12.586673112426368,0.08480831579249742,-12.651475538605336,-12.319026940698745,1.0,-0.006032114564014535,0.10142187277432768,0.8352578126831111,0.8352578126831111,0.11099239259758312,0.1036903779421984,0.04314390689909946,nan,nan,0.29620741227350994,9.552800086740081,28.12745892814848,3328.2898518383963,nan,nan,nan,nan,nan,nan,nan,nan,nan,220.0,0.0065661486890139205,11.341878824762535,4000.0,1.0,0.0,nan,nan,nan,nan,nan,nan,nan,nan,nan,nan,nan,nan,nan,nan,nan,nan,0.0,"[100, 300, 300, 100, 300]","[0.016260589986926213, 0.001911481487845981, 0.0, 0.007430375382559282, 0.007228296587738121]","[null, null, null, null, null]","[null, null, null, null, null]","[null, null, null, null, null]","[null, null, null, null, null]",,0.08480831579249742,0.13807726856122307,5.0,1.96
1a,5000,3165505,neural-fore,neural-main-oracle-bellman,-12.679379506735643,-12.606190356272222,-12.586673112426368,0.08766876790792133,-12.778021141371749,-12.434359571172696,1.0,-0.09270639430927474,-0.019517243845854182,0.9005906701209015,0.9005906701209015,0.11239094882646136,0.10177766777138575,0.06150189595695711,nan,nan,0.30389001818946004,9.495150866237454,29.740241272726045,3268.273937515603,nan,nan,nan,nan,nan,nan,nan,nan,nan,180.0,0.008854604291615106,10.528696232987567,4000.0,1.0,0.0,nan,nan,nan,nan,nan,nan,nan,nan,nan,nan,nan,nan,nan,nan,nan,nan,0.0,"[300, 100, 300, 100, 100]","[0.004588272637275501, 0.023559375693943067, 0.004548634157550319, 0.007413373647999674, 0.004163365321306966]","[null, null, null, null, null]","[null, null, null, null, null]","[null, null, null, null, null]","[null, null, null, null, null]",,0.08766876790792133,0.061927318611757806,5.0,1.96
1a,5000,3175505,neural-fore,neural-main-oracle-bellman,-12.543410271090762,-12.630920421171666,-12.586673112426368,0.0880020437975006,-12.803404427014767,-12.458436415328565,1.0,0.043262841335605984,-0.04424730874529814,0.371155232516792,0.371155232516792,0.07447922687635719,0.06524215323479343,0.028994307394719802,nan,nan,0.2243876915982309,9.233764835559494,30.821715826338455,3247.516636440822,nan,nan,nan,nan,nan,nan,nan,nan,nan,220.0,0.00748459938008896,11.329630675003864,4000.0,1.0,0.0,nan,nan,nan,nan,nan,nan,nan,nan,nan,nan,nan,nan,nan,nan,nan,nan,0.0,"[300, 100, 100, 300, 300]","[0.005115956504414724, 0.018980186745222692, 0.009043084383313823, 0.004100685494973603, 0.00018308377251995773]","[null, null, null, null, null]","[null, null, null, null, null]","[null, null, null, null, null]","[null, null, null, null, null]",,0.0880020437975006,0.0578833951157095,5.0,1.96
1a,5000,3185505,neural-fore,neural-main-oracle-bellman,-12.668769002584359,-12.62315961041293,-12.586673112426368,0.0864014529483062,-12.79250645819161,-12.45381276263425,1.0,-0.08209589015799068,-0.03648649798656223,0.6376446759296914,0.6376446759296914,0.09357766522358492,0.07769869635660784,0.05158918816118554,nan,nan,0.23223799270811016,9.445791596036589,28.690978291090687,3309.001881033177,nan,nan,nan,nan,nan,nan,nan,nan,nan,180.0,0.0051721056902845645,10.75485620800173,4000.0,1.0,0.0,nan,nan,nan,nan,nan,nan,nan,nan,nan,nan,nan,nan,nan,nan,nan,nan,0.0,"[300, 100, 100, 100, 300]","[0.004338268019659659, 0.006030049928905505, 0.009304797399389938, 0.0008156517515944624, 0.005371761351873261]","[null, null, null, null, null]","[null, null, null, null, null]","[null, null, null, null, null]","[null, null, null, null, null]",,0.0864014529483062,0.088314905187639,5.0,1.96
1a,5000,3195505,neural-fore,neural-main-oracle-bellman,-12.48990269203718,-12.470851770073256,-12.586673112426368,0.08515178706412538,-12.637749272718942,-12.30395426742757,1.0,0.0967704203891877,0.11582134235311159,0.7473883691188539,0.7473883691188539,0.10415165544854384,0.08932529764533735,0.031615339567399287,nan,nan,0.3977342941480607,9.462550454216128,29.91316158114352,3360.6566245945946,nan,nan,nan,nan,nan,nan,nan,nan,nan,140.0,0.01842325199548797,9.791925658413675,4000.0,1.0,0.0,nan,nan,nan,nan,nan,nan,nan,nan,nan,nan,nan,nan,nan,nan,nan,nan,0.0,"[100, 100, 100, 100, 300]","[0.005282622501536869, 0.004247708503126077, 0.046543257340756185, 0.03255390791345183, 0.0034887637185689107]","[null, null, null, null, null]","[null, null, null, null, null]","[null, null, null, null, null]","[null, null, null, null, null]",,0.08515178706412538,0.07314663194981173,5.0,1.96
1a,5000,3205505,neural-fore,neural-main-oracle-bellman,-12.662880167280122,-12.65689847680768,-12.586673112426368,0.0867352141529308,-12.826899496547425,-12.486897457067935,1.0,-0.07620705485375368,-0.07022536438131155,0.4198620585489839,0.4198620585489839,0.072783420390941,0.06631599530542888,0.040451464035161054,nan,nan,0.2255695591192968,9.575051019669559,28.296278671844043,3292.529509175889,nan,nan,nan,nan,nan,nan,nan,nan,nan,260.0,0.0042205337885867,12.268279241444542,4000.0,1.0000000000000002,0.0,nan,nan,nan,nan,nan,nan,nan,nan,nan,nan,nan,nan,nan,nan,nan,nan,0.0,"[300, 300, 300, 300, 100]","[0.010021349481369474, 0.0, 0.005983481243687916, 0.0, 0.005097838217876106]","[null, null, null, null, null]","[null, null, null, null, null]","[null, null, null, null, null]","[null, null, null, null, null]",,0.0867352141529308,0.11341227727686957,5.0,1.96
1a,5000,3215505,neural-fore,neural-main-oracle-bellman,-12.547649137672746,-12.498323113162236,-12.586673112426368,0.08410172882968409,-12.663162501668417,-12.333483724656055,1.0,0.03902397475362207,0.0883499992641319,0.4473934649297503,0.4473934649297503,0.058607822116306996,0.055297810257316435,0.027550486633571774,nan,nan,0.39800023748680974,9.657405288254125,29.91843705575882,3368.397378858937,nan,nan,nan,nan,nan,nan,nan,nan,nan,140.0,0.008759658685347865,9.871169732988346,4000.0,1.0,0.0,nan,nan,nan,nan,nan,nan,nan,nan,nan,nan,nan,nan,nan,nan,nan,nan,0.0,"[100, 100, 300, 100, 100]","[0.024756569212825683, 0.00506448368781518, 0.0, 0.006379659263341328, 0.007597581262757133]","[null, null, null, null, null]","[null, null, null, null, null]","[null, null, null, null, null]","[null, null, null, null, null]",,0.08410172882968409,0.10716246444599387,5.0,1.96
1a,5000,3225505,neural-fore,neural-main-oracle-bellman,-12.67921921299662,-12.685310495644126,-12.586673112426368,0.0854832765290169,-12.852857717641,-12.517763273647253,1.0,-0.09254610057025126,-0.09863738321775806,0.5169159783633577,0.5169159783633577,0.09127040553465432,0.07346668891002106,0.032444009425879085,nan,nan,0.23537361344032398,9.66398224103689,26.247035764325403,3370.5253234180873,nan,nan,nan,nan,nan,nan,nan,nan,nan,220.0,0.004186492796721614,11.339849816798232,4000.0,1.0,0.0,nan,nan,nan,nan,nan,nan,nan,nan,nan,nan,nan,nan,nan,nan,nan,nan,0.0,"[100, 100, 300, 300, 300]","[0.009371229325082107, 0.004086636196594556, 0.0013955953112629463, 0.004557829805164497, 0.0015211733455039672]","[null, null, null, null, null]","[null, null, null, null, null]","[null, null, null, null, null]","[null, null, null, null, null]",,0.0854832765290169,0.08852438678168671,5.0,1.96
1a,5000,3235505,neural-fore,neural-main-oracle-bellman,-12.59451152790825,-12.53660105771777,-12.586673112426368,0.08329442207939539,-12.699858124993384,-12.373343990442155,1.0,-0.007838415481881356,0.05007205470859866,0.5040624509720274,0.5040624509720274,0.08232301527467349,0.07567909531461947,0.036871018709078426,nan,nan,0.30281900753755797,9.705257043136712,28.06191796555229,3372.2509012480737,nan,nan,nan,nan,nan,nan,nan,nan,nan,180.0,0.0017146263404862337,11.068231732817367,4000.0,1.0,0.0,nan,nan,nan,nan,nan,nan,nan,nan,nan,nan,nan,nan,nan,nan,nan,nan,0.0,"[100, 300, 100, 300, 100]","[0.004119037346606309, 8.402901181748273e-05, 0.0014196871369115043, 0.0, 0.002950378207095873]","[null, null, null, null, null]","[null, null, null, null, null]","[null, null, null, null, null]","[null, null, null, null, null]",,0.08329442207939539,0.08879875696433313,5.0,1.96
1a,5000,3245505,neural-fore,neural-main-oracle-bellman,-12.580790989191481,-12.561525506794576,-12.586673112426368,0.08659333544873556,-12.731248444274097,-12.391802569315054,1.0,0.005882123234886905,0.025147605631792302,0.5128798505876133,0.5128798505876133,0.09057575077250889,0.0870501579093668,0.028588039228944224,nan,nan,0.25868371026961257,9.346065994008288,29.341662287812543,3245.093348772933,nan,nan,nan,nan,nan,nan,nan,nan,nan,260.0,0.0056966172349658655,12.178633574629202,4000.0,1.0,0.0,nan,nan,nan,nan,nan,nan,nan,nan,nan,nan,nan,nan,nan,nan,nan,nan,0.0,"[300, 300, 300, 100, 300]","[0.006133165649496339, 0.011444073783443077, 0.0, 0.007989490276781537, 0.0029163564651083777]","[null, null, null, null, null]","[null, null, null, null, null]","[null, null, null, null, null]","[null, null, null, null, null]",,0.08659333544873556,0.07881271745276167,5.0,1.96
1a,5000,3255505,neural-fore,neural-main-oracle-bellman,-12.55046624578432,-12.576079831266485,-12.586673112426368,0.08712946319965222,-12.746853579137804,-12.405306083395166,1.0,0.03620686664204875,0.010593281159883006,0.6392686285999365,0.6392686285999365,0.10239386937278513,0.08887917487041326,0.032611596054054885,nan,nan,0.3561114921961015,9.396368687420047,29.213526410962757,3295.8298986574578,nan,nan,nan,nan,nan,nan,nan,nan,nan,180.0,0.012148209808952462,10.601692149997689,4000.0,1.0,0.0,nan,nan,nan,nan,nan,nan,nan,nan,nan,nan,nan,nan,nan,nan,nan,nan,0.0,"[300, 100, 300, 100, 100]","[0.004016886109290435, 0.0220438853013869, 0.004905580456797809, 0.010156636992514638, 0.019618060184772534]","[null, null, null, null, null]","[null, null, null, null, null]","[null, null, null, null, null]","[null, null, null, null, null]",,0.08712946319965222,0.1146592685399578,5.0,1.96
1a,5000,3265505,neural-fore,neural-main-oracle-bellman,-12.609550984614616,-12.565339800372113,-12.586673112426368,0.08532365802724916,-12.732574170105522,-12.398105430638704,1.0,-0.022877872188248105,0.021333312054254705,0.9793990494067323,0.9793990494067323,0.149103057038015,0.13609041571186745,0.04703044164325995,nan,nan,0.3283770350541541,9.620594904367433,29.85546851277712,3325.9766095084015,nan,nan,nan,nan,nan,nan,nan,nan,nan,180.0,0.0044059161945255885,10.6562790913973,4000.0,1.0,0.0,nan,nan,nan,nan,nan,nan,nan,nan,nan,nan,nan,nan,nan,nan,nan,nan,0.0,"[100, 100, 300, 300, 100]","[0.00402446482377209, 0.0029945559294085626, 0.006136654511350487, 0.0, 0.008873905708096805]","[null, null, null, null, null]","[null, null, null, null, null]","[null, null, null, null, null]","[null, null, null, null, null]",,0.08532365802724916,0.06806392342034512,5.0,1.96
1a,5000,3275505,neural-fore,neural-main-oracle-bellman,-12.700950314329555,-12.695835835007438,-12.586673112426368,0.08990072485924519,-12.872041255731558,-12.519630414283318,1.0,-0.11427720190318702,-0.10916272258107007,0.8785869105575216,0.8785869105575216,0.0974461970359276,0.09451213894702895,0.04462203949058652,nan,nan,0.3557075239517903,9.317236842770974,30.276436798132146,3254.030634125533,nan,nan,nan,nan,nan,nan,nan,nan,nan,180.0,0.0029015279094773668,10.645376917009708,4000.0,1.0,0.0,nan,nan,nan,nan,nan,nan,nan,nan,nan,nan,nan,nan,nan,nan,nan,nan,0.0,"[100, 100, 300, 100, 300]","[4.28063899085172e-05, 0.00832396534702486, 0.0, 0.0020341799824356785, 0.004106687828017776]","[null, null, null, null, null]","[null, null, null, null, null]","[null, null, null, null, null]","[null, null, null, null, null]",,0.08990072485924519,0.03732880953634145,5.0,1.96
1a,5000,3285505,neural-fore,neural-main-oracle-bellman,-12.590585843164485,-12.545280575685144,-12.586673112426368,0.08579281004799057,-12.713434483379206,-12.377126667991082,1.0,-0.003912730738116821,0.041392536741224006,0.30942304095809287,0.30942304095809287,0.06307200096562195,0.05416915485074494,0.04317416488722857,nan,nan,0.3862466326319672,9.397813494849073,28.888587603817513,3325.906045504732,nan,nan,nan,nan,nan,nan,nan,nan,nan,140.0,0.006589061662880863,9.895082325371913,4000.0,1.0,0.0,nan,nan,nan,nan,nan,nan,nan,nan,nan,nan,nan,nan,nan,nan,nan,nan,0.0,"[100, 100, 100, 300, 100]","[0.007920139292619083, 0.007221637681498408, 0.003545825936016417, 0.0, 0.01425770540427041]","[null, null, null, null, null]","[null, null, null, null, null]","[null, null, null, null, null]","[null, null, null, null, null]",,0.08579281004799057,0.054604914849985996,5.0,1.96
1a,5000,3295505,neural-fore,neural-main-oracle-bellman,-12.674684424402987,-12.702507502661758,-12.586673112426368,0.09086417649432361,-12.880601288590633,-12.524413716732884,1.0,-0.0880113119766186,-0.11583439023539022,0.6970666412376072,0.6970666412376072,0.14406432056696433,0.11732124008533436,0.028205230549130475,nan,nan,0.25761503758901366,9.440129951885666,30.604043831305134,3214.629545021569,nan,nan,nan,nan,nan,nan,nan,nan,nan,180.0,0.011365759207232642,10.788460991811007,4000.0,1.0,0.0,nan,nan,nan,nan,nan,nan,nan,nan,nan,nan,nan,nan,nan,nan,nan,nan,0.0,"[300, 100, 100, 300, 100]","[0.02481630688564779, 0.00042282232959586416, 0.026929511841999074, 0.004047346975437991, 0.0006128080034824987]","[null, null, null, null, null]","[null, null, null, null, null]","[null, null, null, null, null]","[null, null, null, null, null]",,0.09086417649432361,0.15630207429951093,5.0,1.96
1a,5000,3305505,neural-fore,neural-main-oracle-bellman,-12.563782855871366,-12.484657080272573,-12.586673112426368,0.08274207321410458,-12.646831543772217,-12.322482616772929,1.0,0.022890256555001542,0.10201603215379507,0.3941614943920136,0.3941614943920136,0.07576796736743688,0.07188639662913882,0.03447545960670651,nan,nan,0.41472458192437633,9.528376400685552,27.757778543271975,3412.230554839686,nan,nan,nan,nan,nan,nan,nan,nan,nan,100.0,0.005990583919840002,9.635600791801698,4000.0,1.0,0.0,nan,nan,nan,nan,nan,nan,nan,nan,nan,nan,nan,nan,nan,nan,nan,nan,0.0,"[100, 100, 100, 100, 100]","[0.007315758435492923, 0.005569191126609454, 0.0001352315057271748, 0.006809808668326024, 0.010122929863044434]","[null, null, null, null, null]","[null, null, null, null, null]","[null, null, null, null, null]","[null, null, null, null, null]",,0.08274207321410458,0.08963660650199112,5.0,1.96
1a,5000,3315505,neural-fore,neural-main-oracle-bellman,-12.596077282752894,-12.590512703838446,-12.586673112426368,0.08602320178855058,-12.759118179344005,-12.421907228332886,1.0,-0.009404170326526184,-0.003839591412077681,0.6587209636815969,0.6587209636815969,0.08105553565619197,0.07159500463023731,0.032261824322556976,nan,nan,0.3318442444787739,9.42540706497429,28.820443238406746,3317.3671740027353,nan,nan,nan,nan,nan,nan,nan,nan,nan,220.0,0.0022216899409066033,11.515832300204783,4000.0,1.0,0.0,nan,nan,nan,nan,nan,nan,nan,nan,nan,nan,nan,nan,nan,nan,nan,nan,0.0,"[100, 300, 100, 300, 300]","[0.0049789631300307955, 0.0003217184782751877, 0.005807768096227033, 0.0, 0.0]","[null, null, null, null, null]","[null, null, null, null, null]","[null, null, null, null, null]","[null, null, null, null, null]",,0.08602320178855058,0.166589312628683,5.0,1.96
1a,5000,3325505,neural-fore,neural-main-oracle-bellman,-12.685215438896464,-12.64102329013862,-12.586673112426368,0.08817898379512125,-12.813854098377057,-12.468192481900182,1.0,-0.09854232647009553,-0.05435017771225148,1.1323588393434867,1.1323588393434867,0.15526872933860747,0.12997478527596834,0.039101775531819497,nan,nan,0.296696857361817,9.501111925984258,30.327894977498122,3295.726049937727,nan,nan,nan,nan,nan,nan,nan,nan,nan,220.0,0.004386366567548898,11.414873249770608,4000.0,1.0,0.0,nan,nan,nan,nan,nan,nan,nan,nan,nan,nan,nan,nan,nan,nan,nan,nan,0.0,"[300, 300, 100, 300, 100]","[0.003061176552785021, 0.0021074146627737818, 0.00714111207813932, 0.0010584157172086866, 0.00856371382683768]","[null, null, null, null, null]","[null, null, null, null, null]","[null, null, null, null, null]","[null, null, null, null, null]",,0.08817898379512125,0.09193011756079587,5.0,1.96
1a,5000,3335505,neural-fore,neural-main-oracle-bellman,-12.5353775346343,-12.590991362264313,-12.586673112426368,0.08894784366380976,-12.76532913584538,-12.416653588683246,1.0,0.05129557779206806,-0.004318249837945487,0.7710912169105413,0.7710912169105413,0.11020829510274384,0.09846829303167069,0.042224961550607044,nan,nan,0.3425298003944823,9.217796965184572,30.559646063152616,3242.3260699612915,nan,nan,nan,nan,nan,nan,nan,nan,nan,140.0,0.00553738713756769,9.926905475032981,4000.0,1.0,0.0,nan,nan,nan,nan,nan,nan,nan,nan,nan,nan,nan,nan,nan,nan,nan,nan,0.0,"[300, 100, 100, 100, 100]","[0.002383746336549208, 0.0, 0.005676730067284685, 0.006533337715941739, 0.013093121568062818]","[null, null, null, null, null]","[null, null, null, null, null]","[null, null, null, null, null]","[null, null, null, null, null]",,0.08894784366380976,0.07743708283282744,5.0,1.96
1a,5000,3345505,neural-fore,neural-main-oracle-bellman,-12.591416652093766,-12.548323895110935,-12.586673112426368,0.08648132048145005,-12.717827283254577,-12.378820506967292,1.0,-0.004743539667398267,0.03834921731543339,0.4561006093123816,0.4561006093123816,0.08625098515106314,0.07005845547364575,0.055956653223219334,nan,nan,0.29787910145543045,9.408629274121141,29.432973620553252,3268.921290411113,nan,nan,nan,nan,nan,nan,nan,nan,nan,220.0,0.0034783338324935117,11.601660542422906,4000.0,1.0,0.0,nan,nan,nan,nan,nan,nan,nan,nan,nan,nan,nan,nan,nan,nan,nan,nan,0.0,"[100, 300, 100, 300, 300]","[0.005350607563366521, 0.004220475390106797, 0.003446517468624101, 0.004374068740370137, 0.0]","[null, null, null, null, null]","[null, null, null, null, null]","[null, null, null, null, null]","[null, null, null, null, null]",,0.08648132048145005,0.0719533589562715,5.0,1.96
1a,5000,3355505,neural-fore,neural-main-oracle-bellman,-12.638957255199822,-12.610950560770917,-12.586673112426368,0.08755753252453288,-12.782563324519002,-12.439337797022832,1.0,-0.05228414277345372,-0.024277448344548702,0.6618438860676242,0.6618438860676242,0.12333207673770619,0.0830684722334639,0.02458337554401975,nan,nan,0.2502108428807928,9.449229263609991,30.708409988352184,3263.0535821979834,nan,nan,nan,nan,nan,nan,nan,nan,nan,220.0,0.005352870145680257,11.555338825366926,4000.0,1.0,0.0,nan,nan,nan,nan,nan,nan,nan,nan,nan,nan,nan,nan,nan,nan,nan,nan,0.0,"[100, 100, 300, 300, 300]","[0.004676199928010374, 0.006893657607339923, 0.009264070783072155, 0.0, 0.005930422409978829]","[null, null, null, null, null]","[null, null, null, null, null]","[null, null, null, null, null]","[null, null, null, null, null]",,0.08755753252453288,0.12987056461238358,5.0,1.96
1a,5000,3365505,neural-fore,neural-main-oracle-bellman,-12.718002053905618,-12.70286300280182,-12.586673112426368,0.09283308318820617,-12.884815845850705,-12.520910159752935,1.0,-0.13132894147925,-0.11618989037545191,0.5813103773764385,0.5813103773764385,0.09708504958855706,0.08832386047580877,0.03198870349353376,nan,nan,0.3086051934107151,9.211257280770354,34.55369574252629,3175.8281159365893,nan,nan,nan,nan,nan,nan,nan,nan,nan,180.0,0.0037846062595927425,10.833578766777645,4000.0,1.0,0.0,nan,nan,nan,nan,nan,nan,nan,nan,nan,nan,nan,nan,nan,nan,nan,nan,0.0,"[100, 300, 100, 300, 100]","[0.0, 0.0068931310804535625, 0.0037036604950905776, 0.0, 0.008326239722419573]","[null, null, null, null, null]","[null, null, null, null, null]","[null, null, null, null, null]","[null, null, null, null, null]",,0.09283308318820617,0.08235179509393807,5.0,1.96
1a,5000,3375505,neural-fore,neural-main-oracle-bellman,-12.666916657780835,-12.653471060722213,-12.586673112426368,0.08808905563269614,-12.826125609762297,-12.480816511682129,1.0,-0.08024354535446676,-0.06679794829584473,0.5015262369489969,0.5015262369489969,0.08283348295147767,0.06673575000513617,0.0317161409675563,nan,nan,0.24787183172231111,9.3895270696448,29.929330425694022,3251.704296524783,nan,nan,nan,nan,nan,nan,nan,nan,nan,180.0,0.0034330159898101954,10.729358275001868,4000.0,1.0,0.0,nan,nan,nan,nan,nan,nan,nan,nan,nan,nan,nan,nan,nan,nan,nan,nan,0.0,"[100, 300, 100, 300, 100]","[0.0021063062110569988, 0.0, 0.0048534725512074245, 0.0, 0.010205301186786553]","[null, null, null, null, null]","[null, null, null, null, null]","[null, null, null, null, null]","[null, null, null, null, null]",,0.08808905563269614,0.09867382231748202,5.0,1.96
1a,5000,3385505,neural-fore,neural-main-oracle-bellman,-12.603833477989197,-12.55349910017621,-12.586673112426368,0.08673731454223015,-12.723504236678982,-12.38349396367344,1.0,-0.017160365562828517,0.03317401225015715,0.5074562455735477,0.5074562455735477,0.08351126133115691,0.06916688955978165,0.04017752746559562,nan,nan,0.4662080338845582,9.233119565812164,31.30405592918587,3277.764200745724,nan,nan,nan,nan,nan,nan,nan,nan,nan,100.0,0.006698104708089059,9.496428149589338,4000.0,1.0,0.0,nan,nan,nan,nan,nan,nan,nan,nan,nan,nan,nan,nan,nan,nan,nan,nan,0.0,"[100, 100, 100, 100, 100]","[0.014792296346855223, 0.00595130139173866, 0.0032521133985332407, 0.0052636924716147095, 0.004231119931703461]","[null, null, null, null, null]","[null, null, null, null, null]","[null, null, null, null, null]","[null, null, null, null, null]",,0.08673731454223015,0.07308695665481783,5.0,1.96
1a,5000,3395505,neural-fore,neural-main-oracle-bellman,-12.566144095661524,-12.520383208635238,-12.586673112426368,0.08483104945551578,-12.68665206556805,-12.354114351702426,1.0,0.020529016764843533,0.0662899037911302,0.41454301091316975,0.41454301091316975,0.08960696276839905,0.08155954732483556,0.030832827940388455,nan,nan,0.35750101518072597,9.298043169717266,29.803695582363407,3321.0991969850807,nan,nan,nan,nan,nan,nan,nan,nan,nan,180.0,0.005636522594701859,10.529671974584925,4000.0,1.0,0.0,nan,nan,nan,nan,nan,nan,nan,nan,nan,nan,nan,nan,nan,nan,nan,nan,0.0,"[100, 300, 300, 100, 100]","[0.00945305285615522, 0.005286354487310374, 0.0033810254962570513, 0.003936223048294217, 0.00612595708549243]","[null, null, null, null, null]","[null, null, null, null, null]","[null, null, null, null, null]","[null, null, null, null, null]",,0.08483104945551578,0.08542326545463935,5.0,1.96
1a,5000,3405505,neural-fore,neural-main-oracle-bellman,-12.643989376994899,-12.659917659141412,-12.586673112426368,0.08869695578762535,-12.833763692485157,-12.486071625797667,1.0,-0.057316264568530784,-0.07324454671504377,0.6197178883402563,0.6197178883402563,0.09613740128667636,0.09336220551267996,0.04867961354644945,nan,nan,0.335429267401709,9.248875294502712,28.439663297269522,3299.899389629256,nan,nan,nan,nan,nan,nan,nan,nan,nan,140.0,0.006736476502794779,9.726801132969559,4000.0,1.0,0.0,nan,nan,nan,nan,nan,nan,nan,nan,nan,nan,nan,nan,nan,nan,nan,nan,0.0,"[100, 100, 300, 100, 100]","[0.008637868354220963, 0.015761479400190834, 0.0026324522706429195, 0.0034813887993319866, 0.00316919368958719]","[null, null, null, null, null]","[null, null, null, null, null]","[null, null, null, null, null]","[null, null, null, null, null]",,0.08869695578762535,0.16875111257486222,5.0,1.96
1a,5000,3415505,neural-fore,neural-main-oracle-bellman,-12.597873689657689,-12.53540301834562,-12.586673112426368,0.08499080160972683,-12.701984989500685,-12.368821047190556,1.0,-0.011200577231321063,0.05127009408074734,0.671688935539386,0.671688935539386,0.08755443759974034,0.0832643899941832,0.04926695569339014,nan,nan,0.28499554440541836,9.633067732333846,29.90265332083017,3297.3283798031853,nan,nan,nan,nan,nan,nan,nan,nan,nan,260.0,0.0044234518965250765,12.100929398974404,4000.0,1.0,0.0,nan,nan,nan,nan,nan,nan,nan,nan,nan,nan,nan,nan,nan,nan,nan,nan,0.0,"[300, 300, 100, 300, 300]","[0.0, 0.0066208622862237755, 0.015047356560424474, 0.0, 0.00044904063597713396]","[null, null, null, null, null]","[null, null, null, null, null]","[null, null, null, null, null]","[null, null, null, null, null]",,0.08499080160972683,0.08125247407749848,5.0,1.96
1a,5000,3425505,neural-fore,neural-main-oracle-bellman,-12.678205910804408,-12.666705861332801,-12.586673112426368,0.09042779774805455,-12.843944344918988,-12.489467377746614,1.0,-0.09153279837804007,-0.08003274890643297,0.8889083589087518,0.8889083589087518,0.09219223990537466,0.08762046163339818,0.047216134807738445,nan,nan,0.31882444051246306,9.260938046654376,29.254609411346518,3252.200349126092,nan,nan,nan,nan,nan,nan,nan,nan,nan,180.0,0.00855284997410925,10.668985025188885,4000.0,1.0,0.0,nan,nan,nan,nan,nan,nan,nan,nan,nan,nan,nan,nan,nan,nan,nan,nan,0.0,"[100, 300, 100, 100, 300]","[0.005192657856271029, 0.0016654978242202365, 0.008230565273587617, 0.02654290213610833, 0.0011326267803590318]","[null, null, null, null, null]","[null, null, null, null, null]","[null, null, null, null, null]","[null, null, null, null, null]",,0.09042779774805455,0.0549367343178896,5.0,1.96
1a,5000,3435505,neural-fore,neural-main-oracle-bellman,-12.576182693868844,-12.518618016960884,-12.586673112426368,0.08591335854624643,-12.687008199711528,-12.35022783421024,1.0,0.01049041855752364,0.06805509546548372,0.8067926282922748,0.8067926282922748,0.12689968803885682,0.11576736003314733,0.03733348936432226,nan,nan,0.29014548727904227,9.429002573798769,28.112532276965652,3288.881576484827,nan,nan,nan,nan,nan,nan,nan,nan,nan,180.0,0.003923545515446215,10.723297675012144,4000.0,1.0,0.0,nan,nan,nan,nan,nan,nan,nan,nan,nan,nan,nan,nan,nan,nan,nan,nan,0.0,"[100, 100, 300, 300, 100]","[0.00840684732363918, 0.0, 0.0028062833509406556, 0.0036268210786576625, 0.004777775823993576]","[null, null, null, null, null]","[null, null, null, null, null]","[null, null, null, null, null]","[null, null, null, null, null]",,0.08591335854624643,0.08785592044348586,5.0,1.96
1a,5000,3445505,neural-fore,neural-main-oracle-bellman,-12.636461682351845,-12.584956277315424,-12.586673112426368,0.08705794382793274,-12.755589847218172,-12.414322707412676,1.0,-0.04978856992547698,0.0017168351109440039,0.508524537704114,0.508524537704114,0.0852480885650478,0.07746758706021319,0.03482696800351882,nan,nan,0.22012299256567122,9.721025119613167,29.6736355301557,3285.337074965493,nan,nan,nan,nan,nan,nan,nan,nan,nan,220.0,0.005814700737472957,11.000769250385929,4000.0,1.0,0.0,nan,nan,nan,nan,nan,nan,nan,nan,nan,nan,nan,nan,nan,nan,nan,nan,0.0,"[300, 100, 300, 300, 100]","[0.0034637390626571737, 0.0028223602372806386, 0.010679086815337514, 0.007042355498493646, 0.0050659620735958154]","[null, null, null, null, null]","[null, null, null, null, null]","[null, null, null, null, null]","[null, null, null, null, null]",,0.08705794382793274,0.06277228555954294,5.0,1.96
1a,5000,3455505,neural-fore,neural-main-oracle-bellman,-12.813062871601895,-12.7544107830677,-12.586673112426368,0.094703354465716,-12.940029357820503,-12.568792208314896,1.0,-0.22638975917552706,-0.1677376706413316,0.6976429027958752,0.6976429027958752,0.11737483650087858,0.1050557216819541,0.05574869411307592,nan,nan,0.4383508562821407,8.81008149485718,31.461929350386573,3148.2980698090378,nan,nan,nan,nan,nan,nan,nan,nan,nan,100.0,0.007230808506395984,8.817919149796944,4000.0,1.0,0.0,nan,nan,nan,nan,nan,nan,nan,nan,nan,nan,nan,nan,nan,nan,nan,nan,0.0,"[100, 100, 100, 100, 100]","[0.006575729680614279, 0.004408531680874684, 0.020380288499528634, 0.003333496348882788, 0.0014559963220795382]","[null, null, null, null, null]","[null, null, null, null, null]","[null, null, null, null, null]","[null, null, null, null, null]",,0.094703354465716,0.0692969653070114,5.0,1.96
1a,5000,3465505,neural-fore,neural-main-oracle-bellman,-12.711883837286242,-12.66891434066554,-12.586673112426368,0.0873800906764409,-12.840179318391364,-12.497649362939715,1.0,-0.1252107248598744,-0.08224122823917135,0.5189579640621227,0.5189579640621227,0.08966375786612155,0.0710874978390932,0.04113153477011215,nan,nan,0.30766850809853724,9.4695389218425,29.30499350782051,3276.38274801901,nan,nan,nan,nan,nan,nan,nan,nan,nan,180.0,0.006658676439633365,9.468907591770403,4000.0,1.0,0.0,nan,nan,nan,nan,nan,nan,nan,nan,nan,nan,nan,nan,nan,nan,nan,nan,0.0,"[300, 100, 100, 300, 100]","[0.004151729770397651, 0.01734536073826779, 0.006647840686798235, 0.0026509128412045713, 0.0024975381614985763]","[null, null, null, null, null]","[null, null, null, null, null]","[null, null, null, null, null]","[null, null, null, null, null]",,0.0873800906764409,0.057361879488124386,5.0,1.96
1a,5000,3475505,neural-fore,neural-main-oracle-bellman,-12.68864930103854,-12.667511379951245,-12.586673112426368,0.09397055172491972,-12.851693661332087,-12.483329098570403,1.0,-0.10197618861217173,-0.08083826752487688,0.7212372608363448,0.7212372608363448,0.1101865709442517,0.09339363358952928,0.03198166555639439,nan,nan,0.31778647494498075,9.246345769037815,34.63780627494852,3094.94560285013,nan,nan,nan,nan,nan,nan,nan,nan,nan,220.0,0.003347676233793845,9.300442174996714,4000.0,1.0,0.0,nan,nan,nan,nan,nan,nan,nan,nan,nan,nan,nan,nan,nan,nan,nan,nan,0.0,"[300, 300, 100, 100, 300]","[7.139506300588364e-05, 0.0, 0.009576269710580208, 0.007090716395383135, 0.0]","[null, null, null, null, null]","[null, null, null, null, null]","[null, null, null, null, null]","[null, null, null, null, null]",,0.09397055172491972,0.12440436303041638,5.0,1.96
1a,5000,3485505,neural-fore,neural-main-oracle-bellman,-12.655851068699276,-12.624097933082824,-12.586673112426368,0.09261031848071163,-12.805614157305019,-12.44258170886063,1.0,-0.06917795627290779,-0.03742482065645625,0.5485283120365068,0.5485283120365068,0.07295064618319513,0.06459348296451144,0.032536565177825195,nan,nan,0.2681913075577542,8.989966122909586,32.75372401088584,3156.478738917855,nan,nan,nan,nan,nan,nan,nan,nan,nan,180.0,0.005771969913178623,8.83640661641257,4000.0,1.0,0.0,nan,nan,nan,nan,nan,nan,nan,nan,nan,nan,nan,nan,nan,nan,nan,nan,0.0,"[100, 100, 100, 300, 300]","[0.007252082341925678, 0.0013816277385234022, 0.006628230589787745, 0.00899737334962037, 0.004600535546035919]","[null, null, null, null, null]","[null, null, null, null, null]","[null, null, null, null, null]","[null, null, null, null, null]",,0.09261031848071163,0.06262174080136756,5.0,1.96
