component,candidate_id,candidate_index,worst_case_apbv,selected,event_index,example_id,n,repetition,seed,fold,outer_train_n,component_mass,hidden_dims,learning_rate,weight_decay,iterations
ordinary,h64x64_lr0.0003_wd0.001_k10,0,0.4512715800694642,False,0,1a,2500,0,243005,0,1250,,64x64,0.0003,0.001,10
ordinary,h64x64_lr0.0003_wd0.001_k30,1,0.22474905855059354,False,0,1a,2500,0,243005,0,1250,,64x64,0.0003,0.001,30
ordinary,h64x64_lr0.0003_wd0.001_k100,2,0.05862155353601341,False,0,1a,2500,0,243005,0,1250,,64x64,0.0003,0.001,100
ordinary,h64x64_lr0.0003_wd0.01_k10,3,0.4852834705523484,False,0,1a,2500,0,243005,0,1250,,64x64,0.0003,0.01,10
ordinary,h64x64_lr0.0003_wd0.01_k30,4,0.28416810952826455,False,0,1a,2500,0,243005,0,1250,,64x64,0.0003,0.01,30
ordinary,h64x64_lr0.0003_wd0.01_k100,5,0.09704127099172352,False,0,1a,2500,0,243005,0,1250,,64x64,0.0003,0.01,100
ordinary,h64x64_lr0.001_wd0.001_k10,6,0.25098434759074617,False,0,1a,2500,0,243005,0,1250,,64x64,0.001,0.001,10
ordinary,h64x64_lr0.001_wd0.001_k30,7,0.05784086838368156,False,0,1a,2500,0,243005,0,1250,,64x64,0.001,0.001,30
ordinary,h64x64_lr0.001_wd0.001_k100,8,0.0321601058706566,False,0,1a,2500,0,243005,0,1250,,64x64,0.001,0.001,100
ordinary,h64x64_lr0.001_wd0.01_k10,9,0.3043152261042278,False,0,1a,2500,0,243005,0,1250,,64x64,0.001,0.01,10
ordinary,h64x64_lr0.001_wd0.01_k30,10,0.10726100903658876,False,0,1a,2500,0,243005,0,1250,,64x64,0.001,0.01,30
ordinary,h64x64_lr0.001_wd0.01_k100,11,0.058656462547409485,False,0,1a,2500,0,243005,0,1250,,64x64,0.001,0.01,100
ordinary,h128x128_lr0.0003_wd0.001_k10,12,0.3700205816898241,False,0,1a,2500,0,243005,0,1250,,128x128,0.0003,0.001,10
ordinary,h128x128_lr0.0003_wd0.001_k30,13,0.1653446027037093,False,0,1a,2500,0,243005,0,1250,,128x128,0.0003,0.001,30
ordinary,h128x128_lr0.0003_wd0.001_k100,14,0.04566147925529439,False,0,1a,2500,0,243005,0,1250,,128x128,0.0003,0.001,100
ordinary,h128x128_lr0.0003_wd0.01_k10,15,0.4526199277897257,False,0,1a,2500,0,243005,0,1250,,128x128,0.0003,0.01,10
ordinary,h128x128_lr0.0003_wd0.01_k30,16,0.2301951820430063,False,0,1a,2500,0,243005,0,1250,,128x128,0.0003,0.01,30
ordinary,h128x128_lr0.0003_wd0.01_k100,17,0.08017045613864117,False,0,1a,2500,0,243005,0,1250,,128x128,0.0003,0.01,100
ordinary,h128x128_lr0.001_wd0.001_k10,18,0.18589100502180803,False,0,1a,2500,0,243005,0,1250,,128x128,0.001,0.001,10
ordinary,h128x128_lr0.001_wd0.001_k30,19,0.03848514496170298,False,0,1a,2500,0,243005,0,1250,,128x128,0.001,0.001,30
ordinary,h128x128_lr0.001_wd0.001_k100,20,0.028033597384005765,True,0,1a,2500,0,243005,0,1250,,128x128,0.001,0.001,100
ordinary,h128x128_lr0.001_wd0.01_k10,21,0.24588338950679003,False,0,1a,2500,0,243005,0,1250,,128x128,0.001,0.01,10
ordinary,h128x128_lr0.001_wd0.01_k30,22,0.08044631492594821,False,0,1a,2500,0,243005,0,1250,,128x128,0.001,0.01,30
ordinary,h128x128_lr0.001_wd0.01_k100,23,0.03412962043681376,False,0,1a,2500,0,243005,0,1250,,128x128,0.001,0.01,100
ordinary,h64x64_lr0.0003_wd0.001_k10,0,0.47505074908346495,False,1,1a,2500,0,243005,1,1250,,64x64,0.0003,0.001,10
ordinary,h64x64_lr0.0003_wd0.001_k30,1,0.20119092484829298,False,1,1a,2500,0,243005,1,1250,,64x64,0.0003,0.001,30
ordinary,h64x64_lr0.0003_wd0.001_k100,2,0.038470587785034496,False,1,1a,2500,0,243005,1,1250,,64x64,0.0003,0.001,100
ordinary,h64x64_lr0.0003_wd0.01_k10,3,0.5318135339293574,False,1,1a,2500,0,243005,1,1250,,64x64,0.0003,0.01,10
ordinary,h64x64_lr0.0003_wd0.01_k30,4,0.2481803246208492,False,1,1a,2500,0,243005,1,1250,,64x64,0.0003,0.01,30
ordinary,h64x64_lr0.0003_wd0.01_k100,5,0.08421462873852302,False,1,1a,2500,0,243005,1,1250,,64x64,0.0003,0.01,100
ordinary,h64x64_lr0.001_wd0.001_k10,6,0.2064661056223642,False,1,1a,2500,0,243005,1,1250,,64x64,0.001,0.001,10
ordinary,h64x64_lr0.001_wd0.001_k30,7,0.045641522821616896,False,1,1a,2500,0,243005,1,1250,,64x64,0.001,0.001,30
ordinary,h64x64_lr0.001_wd0.001_k100,8,0.010225264221061257,False,1,1a,2500,0,243005,1,1250,,64x64,0.001,0.001,100
ordinary,h64x64_lr0.001_wd0.01_k10,9,0.25313128575885196,False,1,1a,2500,0,243005,1,1250,,64x64,0.001,0.01,10
ordinary,h64x64_lr0.001_wd0.01_k30,10,0.09304032877328716,False,1,1a,2500,0,243005,1,1250,,64x64,0.001,0.01,30
ordinary,h64x64_lr0.001_wd0.01_k100,11,0.029801447686124586,False,1,1a,2500,0,243005,1,1250,,64x64,0.001,0.01,100
ordinary,h128x128_lr0.0003_wd0.001_k10,12,0.3477340739066855,False,1,1a,2500,0,243005,1,1250,,128x128,0.0003,0.001,10
ordinary,h128x128_lr0.0003_wd0.001_k30,13,0.13033038364545532,False,1,1a,2500,0,243005,1,1250,,128x128,0.0003,0.001,30
ordinary,h128x128_lr0.0003_wd0.001_k100,14,0.017743254737262883,False,1,1a,2500,0,243005,1,1250,,128x128,0.0003,0.001,100
ordinary,h128x128_lr0.0003_wd0.01_k10,15,0.4730693350973744,False,1,1a,2500,0,243005,1,1250,,128x128,0.0003,0.01,10
ordinary,h128x128_lr0.0003_wd0.01_k30,16,0.16965926079379176,False,1,1a,2500,0,243005,1,1250,,128x128,0.0003,0.01,30
ordinary,h128x128_lr0.0003_wd0.01_k100,17,0.044247575839059,False,1,1a,2500,0,243005,1,1250,,128x128,0.0003,0.01,100
ordinary,h128x128_lr0.001_wd0.001_k10,18,0.12497888705335064,False,1,1a,2500,0,243005,1,1250,,128x128,0.001,0.001,10
ordinary,h128x128_lr0.001_wd0.001_k30,19,0.023949153276420127,False,1,1a,2500,0,243005,1,1250,,128x128,0.001,0.001,30
ordinary,h128x128_lr0.001_wd0.001_k100,20,0.006077736392576765,True,1,1a,2500,0,243005,1,1250,,128x128,0.001,0.001,100
ordinary,h128x128_lr0.001_wd0.01_k10,21,0.17029436830153055,False,1,1a,2500,0,243005,1,1250,,128x128,0.001,0.01,10
ordinary,h128x128_lr0.001_wd0.01_k30,22,0.05243925665011497,False,1,1a,2500,0,243005,1,1250,,128x128,0.001,0.01,30
ordinary,h128x128_lr0.001_wd0.01_k100,23,0.02498251498366411,False,1,1a,2500,0,243005,1,1250,,128x128,0.001,0.01,100
ordinary,h64x64_lr0.0003_wd0.001_k10,0,0.5485145187957766,False,2,1a,2500,1,343008,0,1250,,64x64,0.0003,0.001,10
ordinary,h64x64_lr0.0003_wd0.001_k30,1,0.2871012022098486,False,2,1a,2500,1,343008,0,1250,,64x64,0.0003,0.001,30
ordinary,h64x64_lr0.0003_wd0.001_k100,2,0.03237899940269558,False,2,1a,2500,1,343008,0,1250,,64x64,0.0003,0.001,100
ordinary,h64x64_lr0.0003_wd0.01_k10,3,0.5898805114766408,False,2,1a,2500,1,343008,0,1250,,64x64,0.0003,0.01,10
ordinary,h64x64_lr0.0003_wd0.01_k30,4,0.34542672371536304,False,2,1a,2500,1,343008,0,1250,,64x64,0.0003,0.01,30
ordinary,h64x64_lr0.0003_wd0.01_k100,5,0.08342645024613513,False,2,1a,2500,1,343008,0,1250,,64x64,0.0003,0.01,100
ordinary,h64x64_lr0.001_wd0.001_k10,6,0.31341979632763944,False,2,1a,2500,1,343008,0,1250,,64x64,0.001,0.001,10
ordinary,h64x64_lr0.001_wd0.001_k30,7,0.04317046307010287,False,2,1a,2500,1,343008,0,1250,,64x64,0.001,0.001,30
ordinary,h64x64_lr0.001_wd0.001_k100,8,0.017966336810828525,False,2,1a,2500,1,343008,0,1250,,64x64,0.001,0.001,100
ordinary,h64x64_lr0.001_wd0.01_k10,9,0.37084730221934153,False,2,1a,2500,1,343008,0,1250,,64x64,0.001,0.01,10
ordinary,h64x64_lr0.001_wd0.01_k30,10,0.0928205117864743,False,2,1a,2500,1,343008,0,1250,,64x64,0.001,0.01,30
ordinary,h64x64_lr0.001_wd0.01_k100,11,0.02952367911084118,False,2,1a,2500,1,343008,0,1250,,64x64,0.001,0.01,100
ordinary,h128x128_lr0.0003_wd0.001_k10,12,0.45684592073670943,False,2,1a,2500,1,343008,0,1250,,128x128,0.0003,0.001,10
ordinary,h128x128_lr0.0003_wd0.001_k30,13,0.16110417134786492,False,2,1a,2500,1,343008,0,1250,,128x128,0.0003,0.001,30
ordinary,h128x128_lr0.0003_wd0.001_k100,14,0.011995281091378525,True,2,1a,2500,1,343008,0,1250,,128x128,0.0003,0.001,100
ordinary,h128x128_lr0.0003_wd0.01_k10,15,0.5470221714388568,False,2,1a,2500,1,343008,0,1250,,128x128,0.0003,0.01,10
ordinary,h128x128_lr0.0003_wd0.01_k30,16,0.2495300189071494,False,2,1a,2500,1,343008,0,1250,,128x128,0.0003,0.01,30
ordinary,h128x128_lr0.0003_wd0.01_k100,17,0.04379731577273843,False,2,1a,2500,1,343008,0,1250,,128x128,0.0003,0.01,100
ordinary,h128x128_lr0.001_wd0.001_k10,18,0.18719588749089294,False,2,1a,2500,1,343008,0,1250,,128x128,0.001,0.001,10
ordinary,h128x128_lr0.001_wd0.001_k30,19,0.016254514549887803,False,2,1a,2500,1,343008,0,1250,,128x128,0.001,0.001,30
ordinary,h128x128_lr0.001_wd0.001_k100,20,0.019274645130269025,False,2,1a,2500,1,343008,0,1250,,128x128,0.001,0.001,100
ordinary,h128x128_lr0.001_wd0.01_k10,21,0.28175037570752837,False,2,1a,2500,1,343008,0,1250,,128x128,0.001,0.01,10
ordinary,h128x128_lr0.001_wd0.01_k30,22,0.05620451560330397,False,2,1a,2500,1,343008,0,1250,,128x128,0.001,0.01,30
ordinary,h128x128_lr0.001_wd0.01_k100,23,0.01813862872244271,False,2,1a,2500,1,343008,0,1250,,128x128,0.001,0.01,100
ordinary,h64x64_lr0.0003_wd0.001_k10,0,0.5576140684526794,False,3,1a,2500,1,343008,1,1250,,64x64,0.0003,0.001,10
ordinary,h64x64_lr0.0003_wd0.001_k30,1,0.2862619385021852,False,3,1a,2500,1,343008,1,1250,,64x64,0.0003,0.001,30
ordinary,h64x64_lr0.0003_wd0.001_k100,2,0.017777514947683946,True,3,1a,2500,1,343008,1,1250,,64x64,0.0003,0.001,100
ordinary,h64x64_lr0.0003_wd0.01_k10,3,0.6013364634540806,False,3,1a,2500,1,343008,1,1250,,64x64,0.0003,0.01,10
ordinary,h64x64_lr0.0003_wd0.01_k30,4,0.34333310388920946,False,3,1a,2500,1,343008,1,1250,,64x64,0.0003,0.01,30
ordinary,h64x64_lr0.0003_wd0.01_k100,5,0.07814020186868503,False,3,1a,2500,1,343008,1,1250,,64x64,0.0003,0.01,100
ordinary,h64x64_lr0.001_wd0.001_k10,6,0.3040431377278045,False,3,1a,2500,1,343008,1,1250,,64x64,0.001,0.001,10
ordinary,h64x64_lr0.001_wd0.001_k30,7,0.03306511248963649,False,3,1a,2500,1,343008,1,1250,,64x64,0.001,0.001,30
ordinary,h64x64_lr0.001_wd0.001_k100,8,0.11859633704487117,False,3,1a,2500,1,343008,1,1250,,64x64,0.001,0.001,100
ordinary,h64x64_lr0.001_wd0.01_k10,9,0.3551878982548201,False,3,1a,2500,1,343008,1,1250,,64x64,0.001,0.01,10
ordinary,h64x64_lr0.001_wd0.01_k30,10,0.09650424406404955,False,3,1a,2500,1,343008,1,1250,,64x64,0.001,0.01,30
ordinary,h64x64_lr0.001_wd0.01_k100,11,0.018138632033237068,False,3,1a,2500,1,343008,1,1250,,64x64,0.001,0.01,100
ordinary,h128x128_lr0.0003_wd0.001_k10,12,0.44764975925608774,False,3,1a,2500,1,343008,1,1250,,128x128,0.0003,0.001,10
ordinary,h128x128_lr0.0003_wd0.001_k30,13,0.17776183912066013,False,3,1a,2500,1,343008,1,1250,,128x128,0.0003,0.001,30
ordinary,h128x128_lr0.0003_wd0.001_k100,14,0.04240514189395459,False,3,1a,2500,1,343008,1,1250,,128x128,0.0003,0.001,100
ordinary,h128x128_lr0.0003_wd0.01_k10,15,0.5623556242723644,False,3,1a,2500,1,343008,1,1250,,128x128,0.0003,0.01,10
ordinary,h128x128_lr0.0003_wd0.01_k30,16,0.24849125589837764,False,3,1a,2500,1,343008,1,1250,,128x128,0.0003,0.01,30
ordinary,h128x128_lr0.0003_wd0.01_k100,17,0.03524727805234177,False,3,1a,2500,1,343008,1,1250,,128x128,0.0003,0.01,100
ordinary,h128x128_lr0.001_wd0.001_k10,18,0.20120046077638812,False,3,1a,2500,1,343008,1,1250,,128x128,0.001,0.001,10
ordinary,h128x128_lr0.001_wd0.001_k30,19,0.04473299488272603,False,3,1a,2500,1,343008,1,1250,,128x128,0.001,0.001,30
ordinary,h128x128_lr0.001_wd0.001_k100,20,0.12987596707531263,False,3,1a,2500,1,343008,1,1250,,128x128,0.001,0.001,100
ordinary,h128x128_lr0.001_wd0.01_k10,21,0.25829504076085774,False,3,1a,2500,1,343008,1,1250,,128x128,0.001,0.01,10
ordinary,h128x128_lr0.001_wd0.01_k30,22,0.048451522464802055,False,3,1a,2500,1,343008,1,1250,,128x128,0.001,0.01,30
ordinary,h128x128_lr0.001_wd0.01_k100,23,0.02137780027879476,False,3,1a,2500,1,343008,1,1250,,128x128,0.001,0.01,100
ordinary,h64x64_lr0.0003_wd0.001_k10,0,0.44579103109446183,False,4,1a,2500,2,443011,0,1250,,64x64,0.0003,0.001,10
ordinary,h64x64_lr0.0003_wd0.001_k30,1,0.15676918568846876,False,4,1a,2500,2,443011,0,1250,,64x64,0.0003,0.001,30
ordinary,h64x64_lr0.0003_wd0.001_k100,2,0.01416548079108887,True,4,1a,2500,2,443011,0,1250,,64x64,0.0003,0.001,100
ordinary,h64x64_lr0.0003_wd0.01_k10,3,0.4892567257084703,False,4,1a,2500,2,443011,0,1250,,64x64,0.0003,0.01,10
ordinary,h64x64_lr0.0003_wd0.01_k30,4,0.2229817231272032,False,4,1a,2500,2,443011,0,1250,,64x64,0.0003,0.01,30
ordinary,h64x64_lr0.0003_wd0.01_k100,5,0.042267603624101924,False,4,1a,2500,2,443011,0,1250,,64x64,0.0003,0.01,100
ordinary,h64x64_lr0.001_wd0.001_k10,6,0.16968497131441543,False,4,1a,2500,2,443011,0,1250,,64x64,0.001,0.001,10
ordinary,h64x64_lr0.001_wd0.001_k30,7,0.01931640416353966,False,4,1a,2500,2,443011,0,1250,,64x64,0.001,0.001,30
ordinary,h64x64_lr0.001_wd0.001_k100,8,0.062145737687454176,False,4,1a,2500,2,443011,0,1250,,64x64,0.001,0.001,100
ordinary,h64x64_lr0.001_wd0.01_k10,9,0.23248672298954182,False,4,1a,2500,2,443011,0,1250,,64x64,0.001,0.01,10
ordinary,h64x64_lr0.001_wd0.01_k30,10,0.04719014169535044,False,4,1a,2500,2,443011,0,1250,,64x64,0.001,0.01,30
ordinary,h64x64_lr0.001_wd0.01_k100,11,0.023677558610620576,False,4,1a,2500,2,443011,0,1250,,64x64,0.001,0.01,100
ordinary,h128x128_lr0.0003_wd0.001_k10,12,0.34011676645180317,False,4,1a,2500,2,443011,0,1250,,128x128,0.0003,0.001,10
ordinary,h128x128_lr0.0003_wd0.001_k30,13,0.0656596261264367,False,4,1a,2500,2,443011,0,1250,,128x128,0.0003,0.001,30
ordinary,h128x128_lr0.0003_wd0.001_k100,14,0.03714099963656228,False,4,1a,2500,2,443011,0,1250,,128x128,0.0003,0.001,100
ordinary,h128x128_lr0.0003_wd0.01_k10,15,0.4439774782988365,False,4,1a,2500,2,443011,0,1250,,128x128,0.0003,0.01,10
ordinary,h128x128_lr0.0003_wd0.01_k30,16,0.12447818870804256,False,4,1a,2500,2,443011,0,1250,,128x128,0.0003,0.01,30
ordinary,h128x128_lr0.0003_wd0.01_k100,17,0.018801747321750353,False,4,1a,2500,2,443011,0,1250,,128x128,0.0003,0.01,100
ordinary,h128x128_lr0.001_wd0.001_k10,18,0.07168390854348712,False,4,1a,2500,2,443011,0,1250,,128x128,0.001,0.001,10
ordinary,h128x128_lr0.001_wd0.001_k30,19,0.029542187605306792,False,4,1a,2500,2,443011,0,1250,,128x128,0.001,0.001,30
ordinary,h128x128_lr0.001_wd0.001_k100,20,0.07165764147617568,False,4,1a,2500,2,443011,0,1250,,128x128,0.001,0.001,100
ordinary,h128x128_lr0.001_wd0.01_k10,21,0.12821697592473713,False,4,1a,2500,2,443011,0,1250,,128x128,0.001,0.01,10
ordinary,h128x128_lr0.001_wd0.01_k30,22,0.02136823475583103,False,4,1a,2500,2,443011,0,1250,,128x128,0.001,0.01,30
ordinary,h128x128_lr0.001_wd0.01_k100,23,0.028550200470609105,False,4,1a,2500,2,443011,0,1250,,128x128,0.001,0.01,100
ordinary,h64x64_lr0.0003_wd0.001_k10,0,0.3872465900334612,False,5,1a,2500,2,443011,1,1250,,64x64,0.0003,0.001,10
ordinary,h64x64_lr0.0003_wd0.001_k30,1,0.16176992776116864,False,5,1a,2500,2,443011,1,1250,,64x64,0.0003,0.001,30
ordinary,h64x64_lr0.0003_wd0.001_k100,2,0.011393772775620366,False,5,1a,2500,2,443011,1,1250,,64x64,0.0003,0.001,100
ordinary,h64x64_lr0.0003_wd0.01_k10,3,0.43130255190925343,False,5,1a,2500,2,443011,1,1250,,64x64,0.0003,0.01,10
ordinary,h64x64_lr0.0003_wd0.01_k30,4,0.19936593862526003,False,5,1a,2500,2,443011,1,1250,,64x64,0.0003,0.01,30
ordinary,h64x64_lr0.0003_wd0.01_k100,5,0.020353593640260514,False,5,1a,2500,2,443011,1,1250,,64x64,0.0003,0.01,100
ordinary,h64x64_lr0.001_wd0.001_k10,6,0.16542021667548376,False,5,1a,2500,2,443011,1,1250,,64x64,0.001,0.001,10
ordinary,h64x64_lr0.001_wd0.001_k30,7,0.01453136628002631,False,5,1a,2500,2,443011,1,1250,,64x64,0.001,0.001,30
ordinary,h64x64_lr0.001_wd0.001_k100,8,0.0619651851418992,False,5,1a,2500,2,443011,1,1250,,64x64,0.001,0.001,100
ordinary,h64x64_lr0.001_wd0.01_k10,9,0.19283947461654913,False,5,1a,2500,2,443011,1,1250,,64x64,0.001,0.01,10
ordinary,h64x64_lr0.001_wd0.01_k30,10,0.04042300033579665,False,5,1a,2500,2,443011,1,1250,,64x64,0.001,0.01,30
ordinary,h64x64_lr0.001_wd0.01_k100,11,0.025534219019661835,False,5,1a,2500,2,443011,1,1250,,64x64,0.001,0.01,100
ordinary,h128x128_lr0.0003_wd0.001_k10,12,0.2921814681431758,False,5,1a,2500,2,443011,1,1250,,128x128,0.0003,0.001,10
ordinary,h128x128_lr0.0003_wd0.001_k30,13,0.07822231435453489,False,5,1a,2500,2,443011,1,1250,,128x128,0.0003,0.001,30
ordinary,h128x128_lr0.0003_wd0.001_k100,14,0.041082559666793646,False,5,1a,2500,2,443011,1,1250,,128x128,0.0003,0.001,100
ordinary,h128x128_lr0.0003_wd0.01_k10,15,0.385778329386406,False,5,1a,2500,2,443011,1,1250,,128x128,0.0003,0.01,10
ordinary,h128x128_lr0.0003_wd0.01_k30,16,0.1413866783896155,False,5,1a,2500,2,443011,1,1250,,128x128,0.0003,0.01,30
ordinary,h128x128_lr0.0003_wd0.01_k100,17,0.010033253586546652,True,5,1a,2500,2,443011,1,1250,,128x128,0.0003,0.01,100
ordinary,h128x128_lr0.001_wd0.001_k10,18,0.09667719700104636,False,5,1a,2500,2,443011,1,1250,,128x128,0.001,0.001,10
ordinary,h128x128_lr0.001_wd0.001_k30,19,0.0419182505915199,False,5,1a,2500,2,443011,1,1250,,128x128,0.001,0.001,30
ordinary,h128x128_lr0.001_wd0.001_k100,20,0.08484108369709853,False,5,1a,2500,2,443011,1,1250,,128x128,0.001,0.001,100
ordinary,h128x128_lr0.001_wd0.01_k10,21,0.1264657161520243,False,5,1a,2500,2,443011,1,1250,,128x128,0.001,0.01,10
ordinary,h128x128_lr0.001_wd0.01_k30,22,0.020023305344274978,False,5,1a,2500,2,443011,1,1250,,128x128,0.001,0.01,30
ordinary,h128x128_lr0.001_wd0.01_k100,23,0.03134988558827855,False,5,1a,2500,2,443011,1,1250,,128x128,0.001,0.01,100
ordinary,h64x64_lr0.0003_wd0.001_k10,0,0.3385538190830488,False,6,1a,2500,3,543014,0,1250,,64x64,0.0003,0.001,10
ordinary,h64x64_lr0.0003_wd0.001_k30,1,0.12708142829518448,False,6,1a,2500,3,543014,0,1250,,64x64,0.0003,0.001,30
ordinary,h64x64_lr0.0003_wd0.001_k100,2,0.013074110323981852,True,6,1a,2500,3,543014,0,1250,,64x64,0.0003,0.001,100
ordinary,h64x64_lr0.0003_wd0.01_k10,3,0.3780163700816153,False,6,1a,2500,3,543014,0,1250,,64x64,0.0003,0.01,10
ordinary,h64x64_lr0.0003_wd0.01_k30,4,0.16965535225232176,False,6,1a,2500,3,543014,0,1250,,64x64,0.0003,0.01,30
ordinary,h64x64_lr0.0003_wd0.01_k100,5,0.04045046446151583,False,6,1a,2500,3,543014,0,1250,,64x64,0.0003,0.01,100
ordinary,h64x64_lr0.001_wd0.001_k10,6,0.1457743800856391,False,6,1a,2500,3,543014,0,1250,,64x64,0.001,0.001,10
ordinary,h64x64_lr0.001_wd0.001_k30,7,0.014670928679079346,False,6,1a,2500,3,543014,0,1250,,64x64,0.001,0.001,30
ordinary,h64x64_lr0.001_wd0.001_k100,8,0.07273297243758725,False,6,1a,2500,3,543014,0,1250,,64x64,0.001,0.001,100
ordinary,h64x64_lr0.001_wd0.01_k10,9,0.17880381269175413,False,6,1a,2500,3,543014,0,1250,,64x64,0.001,0.01,10
ordinary,h64x64_lr0.001_wd0.01_k30,10,0.05073073223630403,False,6,1a,2500,3,543014,0,1250,,64x64,0.001,0.01,30
ordinary,h64x64_lr0.001_wd0.01_k100,11,0.032385294734566555,False,6,1a,2500,3,543014,0,1250,,64x64,0.001,0.01,100
ordinary,h128x128_lr0.0003_wd0.001_k10,12,0.2948057235407045,False,6,1a,2500,3,543014,0,1250,,128x128,0.0003,0.001,10
ordinary,h128x128_lr0.0003_wd0.001_k30,13,0.09310682834643765,False,6,1a,2500,3,543014,0,1250,,128x128,0.0003,0.001,30
ordinary,h128x128_lr0.0003_wd0.001_k100,14,0.04668604973008511,False,6,1a,2500,3,543014,0,1250,,128x128,0.0003,0.001,100
ordinary,h128x128_lr0.0003_wd0.01_k10,15,0.3633933433097782,False,6,1a,2500,3,543014,0,1250,,128x128,0.0003,0.01,10
ordinary,h128x128_lr0.0003_wd0.01_k30,16,0.15598805369627394,False,6,1a,2500,3,543014,0,1250,,128x128,0.0003,0.01,30
ordinary,h128x128_lr0.0003_wd0.01_k100,17,0.01848282634364293,False,6,1a,2500,3,543014,0,1250,,128x128,0.0003,0.01,100
ordinary,h128x128_lr0.001_wd0.001_k10,18,0.1170681498474617,False,6,1a,2500,3,543014,0,1250,,128x128,0.001,0.001,10
ordinary,h128x128_lr0.001_wd0.001_k30,19,0.02868110311768981,False,6,1a,2500,3,543014,0,1250,,128x128,0.001,0.001,30
ordinary,h128x128_lr0.001_wd0.001_k100,20,0.10619044232271212,False,6,1a,2500,3,543014,0,1250,,128x128,0.001,0.001,100
ordinary,h128x128_lr0.001_wd0.01_k10,21,0.17600403030358153,False,6,1a,2500,3,543014,0,1250,,128x128,0.001,0.01,10
ordinary,h128x128_lr0.001_wd0.01_k30,22,0.027861661756368405,False,6,1a,2500,3,543014,0,1250,,128x128,0.001,0.01,30
ordinary,h128x128_lr0.001_wd0.01_k100,23,0.04415084757948455,False,6,1a,2500,3,543014,0,1250,,128x128,0.001,0.01,100
ordinary,h64x64_lr0.0003_wd0.001_k10,0,0.42393082256290743,False,7,1a,2500,3,543014,1,1250,,64x64,0.0003,0.001,10
ordinary,h64x64_lr0.0003_wd0.001_k30,1,0.10811844386502267,False,7,1a,2500,3,543014,1,1250,,64x64,0.0003,0.001,30
ordinary,h64x64_lr0.0003_wd0.001_k100,2,0.05317583905041914,False,7,1a,2500,3,543014,1,1250,,64x64,0.0003,0.001,100
ordinary,h64x64_lr0.0003_wd0.01_k10,3,0.4800232397379184,False,7,1a,2500,3,543014,1,1250,,64x64,0.0003,0.01,10
ordinary,h64x64_lr0.0003_wd0.01_k30,4,0.16078455237118705,False,7,1a,2500,3,543014,1,1250,,64x64,0.0003,0.01,30
ordinary,h64x64_lr0.0003_wd0.01_k100,5,0.00754894672098089,False,7,1a,2500,3,543014,1,1250,,64x64,0.0003,0.01,100
ordinary,h64x64_lr0.001_wd0.001_k10,6,0.11322876202166612,False,7,1a,2500,3,543014,1,1250,,64x64,0.001,0.001,10
ordinary,h64x64_lr0.001_wd0.001_k30,7,0.038156194390062716,False,7,1a,2500,3,543014,1,1250,,64x64,0.001,0.001,30
ordinary,h64x64_lr0.001_wd0.001_k100,8,0.17766047171638574,False,7,1a,2500,3,543014,1,1250,,64x64,0.001,0.001,100
ordinary,h64x64_lr0.001_wd0.01_k10,9,0.16783900999629028,False,7,1a,2500,3,543014,1,1250,,64x64,0.001,0.01,10
ordinary,h64x64_lr0.001_wd0.01_k30,10,0.00412481007538835,True,7,1a,2500,3,543014,1,1250,,64x64,0.001,0.01,30
ordinary,h64x64_lr0.001_wd0.01_k100,11,0.09493640018487069,False,7,1a,2500,3,543014,1,1250,,64x64,0.001,0.01,100
ordinary,h128x128_lr0.0003_wd0.001_k10,12,0.3031915392420608,False,7,1a,2500,3,543014,1,1250,,128x128,0.0003,0.001,10
ordinary,h128x128_lr0.0003_wd0.001_k30,13,0.03329576672255894,False,7,1a,2500,3,543014,1,1250,,128x128,0.0003,0.001,30
ordinary,h128x128_lr0.0003_wd0.001_k100,14,0.11174142635997611,False,7,1a,2500,3,543014,1,1250,,128x128,0.0003,0.001,100
ordinary,h128x128_lr0.0003_wd0.01_k10,15,0.4322668393897554,False,7,1a,2500,3,543014,1,1250,,128x128,0.0003,0.01,10
ordinary,h128x128_lr0.0003_wd0.01_k30,16,0.07497554608304159,False,7,1a,2500,3,543014,1,1250,,128x128,0.0003,0.01,30
ordinary,h128x128_lr0.0003_wd0.01_k100,17,0.037810952978524125,False,7,1a,2500,3,543014,1,1250,,128x128,0.0003,0.01,100
ordinary,h128x128_lr0.001_wd0.001_k10,18,0.04873129965650853,False,7,1a,2500,3,543014,1,1250,,128x128,0.001,0.001,10
ordinary,h128x128_lr0.001_wd0.001_k30,19,0.08951912812828244,False,7,1a,2500,3,543014,1,1250,,128x128,0.001,0.001,30
ordinary,h128x128_lr0.001_wd0.001_k100,20,0.2133928653357935,False,7,1a,2500,3,543014,1,1250,,128x128,0.001,0.001,100
ordinary,h128x128_lr0.001_wd0.01_k10,21,0.07952040755155129,False,7,1a,2500,3,543014,1,1250,,128x128,0.001,0.01,10
ordinary,h128x128_lr0.001_wd0.01_k30,22,0.021928109809432696,False,7,1a,2500,3,543014,1,1250,,128x128,0.001,0.01,30
ordinary,h128x128_lr0.001_wd0.01_k100,23,0.10019677123018912,False,7,1a,2500,3,543014,1,1250,,128x128,0.001,0.01,100
ordinary,h64x64_lr0.0003_wd0.001_k10,0,0.4479650672604146,False,8,1a,2500,4,643017,0,1250,,64x64,0.0003,0.001,10
ordinary,h64x64_lr0.0003_wd0.001_k30,1,0.18716376943789198,False,8,1a,2500,4,643017,0,1250,,64x64,0.0003,0.001,30
ordinary,h64x64_lr0.0003_wd0.001_k100,2,0.02199523018063956,False,8,1a,2500,4,643017,0,1250,,64x64,0.0003,0.001,100
ordinary,h64x64_lr0.0003_wd0.01_k10,3,0.4896858023425455,False,8,1a,2500,4,643017,0,1250,,64x64,0.0003,0.01,10
ordinary,h64x64_lr0.0003_wd0.01_k30,4,0.24176533160936092,False,8,1a,2500,4,643017,0,1250,,64x64,0.0003,0.01,30
ordinary,h64x64_lr0.0003_wd0.01_k100,5,0.061503002234364945,False,8,1a,2500,4,643017,0,1250,,64x64,0.0003,0.01,100
ordinary,h64x64_lr0.001_wd0.001_k10,6,0.20257366677636351,False,8,1a,2500,4,643017,0,1250,,64x64,0.001,0.001,10
ordinary,h64x64_lr0.001_wd0.001_k30,7,0.04130053389861691,False,8,1a,2500,4,643017,0,1250,,64x64,0.001,0.001,30
ordinary,h64x64_lr0.001_wd0.001_k100,8,0.011403843766263388,False,8,1a,2500,4,643017,0,1250,,64x64,0.001,0.001,100
ordinary,h64x64_lr0.001_wd0.01_k10,9,0.25831133613471835,False,8,1a,2500,4,643017,0,1250,,64x64,0.001,0.01,10
ordinary,h64x64_lr0.001_wd0.01_k30,10,0.07814951960881714,False,8,1a,2500,4,643017,0,1250,,64x64,0.001,0.01,30
ordinary,h64x64_lr0.001_wd0.01_k100,11,0.009922990741652827,False,8,1a,2500,4,643017,0,1250,,64x64,0.001,0.01,100
ordinary,h128x128_lr0.0003_wd0.001_k10,12,0.3681876661459646,False,8,1a,2500,4,643017,0,1250,,128x128,0.0003,0.001,10
ordinary,h128x128_lr0.0003_wd0.001_k30,13,0.1441065247042668,False,8,1a,2500,4,643017,0,1250,,128x128,0.0003,0.001,30
ordinary,h128x128_lr0.0003_wd0.001_k100,14,0.005560553498417569,True,8,1a,2500,4,643017,0,1250,,128x128,0.0003,0.001,100
ordinary,h128x128_lr0.0003_wd0.01_k10,15,0.4536843305116842,False,8,1a,2500,4,643017,0,1250,,128x128,0.0003,0.01,10
ordinary,h128x128_lr0.0003_wd0.01_k30,16,0.20878588002375975,False,8,1a,2500,4,643017,0,1250,,128x128,0.0003,0.01,30
ordinary,h128x128_lr0.0003_wd0.01_k100,17,0.03430887668377532,False,8,1a,2500,4,643017,0,1250,,128x128,0.0003,0.01,100
ordinary,h128x128_lr0.001_wd0.001_k10,18,0.14868466642258857,False,8,1a,2500,4,643017,0,1250,,128x128,0.001,0.001,10
ordinary,h128x128_lr0.001_wd0.001_k30,19,0.02027175846084793,False,8,1a,2500,4,643017,0,1250,,128x128,0.001,0.001,30
ordinary,h128x128_lr0.001_wd0.001_k100,20,0.02770182192675124,False,8,1a,2500,4,643017,0,1250,,128x128,0.001,0.001,100
ordinary,h128x128_lr0.001_wd0.01_k10,21,0.22204509420271756,False,8,1a,2500,4,643017,0,1250,,128x128,0.001,0.01,10
ordinary,h128x128_lr0.001_wd0.01_k30,22,0.04871290564165844,False,8,1a,2500,4,643017,0,1250,,128x128,0.001,0.01,30
ordinary,h128x128_lr0.001_wd0.01_k100,23,0.010927020671645244,False,8,1a,2500,4,643017,0,1250,,128x128,0.001,0.01,100
ordinary,h64x64_lr0.0003_wd0.001_k10,0,0.3707247528797537,False,9,1a,2500,4,643017,1,1250,,64x64,0.0003,0.001,10
ordinary,h64x64_lr0.0003_wd0.001_k30,1,0.13338454184899526,False,9,1a,2500,4,643017,1,1250,,64x64,0.0003,0.001,30
ordinary,h64x64_lr0.0003_wd0.001_k100,2,0.0,True,9,1a,2500,4,643017,1,1250,,64x64,0.0003,0.001,100
ordinary,h64x64_lr0.0003_wd0.01_k10,3,0.4144577566206113,False,9,1a,2500,4,643017,1,1250,,64x64,0.0003,0.01,10
ordinary,h64x64_lr0.0003_wd0.01_k30,4,0.19051056479202957,False,9,1a,2500,4,643017,1,1250,,64x64,0.0003,0.01,30
ordinary,h64x64_lr0.0003_wd0.01_k100,5,0.018738002089241448,False,9,1a,2500,4,643017,1,1250,,64x64,0.0003,0.01,100
ordinary,h64x64_lr0.001_wd0.001_k10,6,0.16098662813935577,False,9,1a,2500,4,643017,1,1250,,64x64,0.001,0.001,10
ordinary,h64x64_lr0.001_wd0.001_k30,7,0.015130741538229917,False,9,1a,2500,4,643017,1,1250,,64x64,0.001,0.001,30
ordinary,h64x64_lr0.001_wd0.001_k100,8,0.08891961608722673,False,9,1a,2500,4,643017,1,1250,,64x64,0.001,0.001,100
ordinary,h64x64_lr0.001_wd0.01_k10,9,0.20723665482966144,False,9,1a,2500,4,643017,1,1250,,64x64,0.001,0.01,10
ordinary,h64x64_lr0.001_wd0.01_k30,10,0.03817834311458811,False,9,1a,2500,4,643017,1,1250,,64x64,0.001,0.01,30
ordinary,h64x64_lr0.001_wd0.01_k100,11,0.01484178465235749,False,9,1a,2500,4,643017,1,1250,,64x64,0.001,0.01,100
ordinary,h128x128_lr0.0003_wd0.001_k10,12,0.2963734785017871,False,9,1a,2500,4,643017,1,1250,,128x128,0.0003,0.001,10
ordinary,h128x128_lr0.0003_wd0.001_k30,13,0.08734421266452824,False,9,1a,2500,4,643017,1,1250,,128x128,0.0003,0.001,30
ordinary,h128x128_lr0.0003_wd0.001_k100,14,0.024812150057397092,False,9,1a,2500,4,643017,1,1250,,128x128,0.0003,0.001,100
ordinary,h128x128_lr0.0003_wd0.01_k10,15,0.3814967594819407,False,9,1a,2500,4,643017,1,1250,,128x128,0.0003,0.01,10
ordinary,h128x128_lr0.0003_wd0.01_k30,16,0.15469789628281638,False,9,1a,2500,4,643017,1,1250,,128x128,0.0003,0.01,30
ordinary,h128x128_lr0.0003_wd0.01_k100,17,0.011422258007398425,False,9,1a,2500,4,643017,1,1250,,128x128,0.0003,0.01,100
ordinary,h128x128_lr0.001_wd0.001_k10,18,0.10800541408330826,False,9,1a,2500,4,643017,1,1250,,128x128,0.001,0.001,10
ordinary,h128x128_lr0.001_wd0.001_k30,19,0.03378738441368269,False,9,1a,2500,4,643017,1,1250,,128x128,0.001,0.001,30
ordinary,h128x128_lr0.001_wd0.001_k100,20,0.16967795303172378,False,9,1a,2500,4,643017,1,1250,,128x128,0.001,0.001,100
ordinary,h128x128_lr0.001_wd0.01_k10,21,0.1737625016051687,False,9,1a,2500,4,643017,1,1250,,128x128,0.001,0.01,10
ordinary,h128x128_lr0.001_wd0.01_k30,22,0.03389911086606607,False,9,1a,2500,4,643017,1,1250,,128x128,0.001,0.01,30
ordinary,h128x128_lr0.001_wd0.01_k100,23,0.03553991926262806,False,9,1a,2500,4,643017,1,1250,,128x128,0.001,0.01,100
ordinary,h64x64_lr0.0003_wd0.001_k10,0,0.4986985410050265,False,10,1a,2500,5,743020,0,1250,,64x64,0.0003,0.001,10
ordinary,h64x64_lr0.0003_wd0.001_k30,1,0.21012154864738936,False,10,1a,2500,5,743020,0,1250,,64x64,0.0003,0.001,30
ordinary,h64x64_lr0.0003_wd0.001_k100,2,0.00594533129350055,True,10,1a,2500,5,743020,0,1250,,64x64,0.0003,0.001,100
ordinary,h64x64_lr0.0003_wd0.01_k10,3,0.5560304740376784,False,10,1a,2500,5,743020,0,1250,,64x64,0.0003,0.01,10
ordinary,h64x64_lr0.0003_wd0.01_k30,4,0.2676441203955911,False,10,1a,2500,5,743020,0,1250,,64x64,0.0003,0.01,30
ordinary,h64x64_lr0.0003_wd0.01_k100,5,0.028318721920784502,False,10,1a,2500,5,743020,0,1250,,64x64,0.0003,0.01,100
ordinary,h64x64_lr0.001_wd0.001_k10,6,0.23009141168833205,False,10,1a,2500,5,743020,0,1250,,64x64,0.001,0.001,10
ordinary,h64x64_lr0.001_wd0.001_k30,7,0.0073934183246826875,False,10,1a,2500,5,743020,0,1250,,64x64,0.001,0.001,30
ordinary,h64x64_lr0.001_wd0.001_k100,8,0.058058037815099356,False,10,1a,2500,5,743020,0,1250,,64x64,0.001,0.001,100
ordinary,h64x64_lr0.001_wd0.01_k10,9,0.2832685906460478,False,10,1a,2500,5,743020,0,1250,,64x64,0.001,0.01,10
ordinary,h64x64_lr0.001_wd0.01_k30,10,0.03939908004372471,False,10,1a,2500,5,743020,0,1250,,64x64,0.001,0.01,30
ordinary,h64x64_lr0.001_wd0.01_k100,11,0.019495513304230293,False,10,1a,2500,5,743020,0,1250,,64x64,0.001,0.01,100
ordinary,h128x128_lr0.0003_wd0.001_k10,12,0.40269845083383987,False,10,1a,2500,5,743020,0,1250,,128x128,0.0003,0.001,10
ordinary,h128x128_lr0.0003_wd0.001_k30,13,0.09669522827950425,False,10,1a,2500,5,743020,0,1250,,128x128,0.0003,0.001,30
ordinary,h128x128_lr0.0003_wd0.001_k100,14,0.025878039168087928,False,10,1a,2500,5,743020,0,1250,,128x128,0.0003,0.001,100
ordinary,h128x128_lr0.0003_wd0.01_k10,15,0.5211474424703353,False,10,1a,2500,5,743020,0,1250,,128x128,0.0003,0.01,10
ordinary,h128x128_lr0.0003_wd0.01_k30,16,0.17936798176614244,False,10,1a,2500,5,743020,0,1250,,128x128,0.0003,0.01,30
ordinary,h128x128_lr0.0003_wd0.01_k100,17,0.00929350180224201,False,10,1a,2500,5,743020,0,1250,,128x128,0.0003,0.01,100
ordinary,h128x128_lr0.001_wd0.001_k10,18,0.14579145252067133,False,10,1a,2500,5,743020,0,1250,,128x128,0.001,0.001,10
ordinary,h128x128_lr0.001_wd0.001_k30,19,0.026402622307817786,False,10,1a,2500,5,743020,0,1250,,128x128,0.001,0.001,30
ordinary,h128x128_lr0.001_wd0.001_k100,20,0.06211713598226026,False,10,1a,2500,5,743020,0,1250,,128x128,0.001,0.001,100
ordinary,h128x128_lr0.001_wd0.01_k10,21,0.21493075775633863,False,10,1a,2500,5,743020,0,1250,,128x128,0.001,0.01,10
ordinary,h128x128_lr0.001_wd0.01_k30,22,0.02054652260493488,False,10,1a,2500,5,743020,0,1250,,128x128,0.001,0.01,30
ordinary,h128x128_lr0.001_wd0.01_k100,23,0.020818726991321687,False,10,1a,2500,5,743020,0,1250,,128x128,0.001,0.01,100
ordinary,h64x64_lr0.0003_wd0.001_k10,0,0.33670773013140587,False,11,1a,2500,5,743020,1,1250,,64x64,0.0003,0.001,10
ordinary,h64x64_lr0.0003_wd0.001_k30,1,0.1647757077498168,False,11,1a,2500,5,743020,1,1250,,64x64,0.0003,0.001,30
ordinary,h64x64_lr0.0003_wd0.001_k100,2,0.01669343750645306,False,11,1a,2500,5,743020,1,1250,,64x64,0.0003,0.001,100
ordinary,h64x64_lr0.0003_wd0.01_k10,3,0.37303814760282616,False,11,1a,2500,5,743020,1,1250,,64x64,0.0003,0.01,10
ordinary,h64x64_lr0.0003_wd0.01_k30,4,0.20748350409045496,False,11,1a,2500,5,743020,1,1250,,64x64,0.0003,0.01,30
ordinary,h64x64_lr0.0003_wd0.01_k100,5,0.05672491632296558,False,11,1a,2500,5,743020,1,1250,,64x64,0.0003,0.01,100
ordinary,h64x64_lr0.001_wd0.001_k10,6,0.18411526577992493,False,11,1a,2500,5,743020,1,1250,,64x64,0.001,0.001,10
ordinary,h64x64_lr0.001_wd0.001_k30,7,0.025110131002149337,False,11,1a,2500,5,743020,1,1250,,64x64,0.001,0.001,30
ordinary,h64x64_lr0.001_wd0.001_k100,8,0.02332164978710268,False,11,1a,2500,5,743020,1,1250,,64x64,0.001,0.001,100
ordinary,h64x64_lr0.001_wd0.01_k10,9,0.21693586635969123,False,11,1a,2500,5,743020,1,1250,,64x64,0.001,0.01,10
ordinary,h64x64_lr0.001_wd0.01_k30,10,0.06443690972023045,False,11,1a,2500,5,743020,1,1250,,64x64,0.001,0.01,30
ordinary,h64x64_lr0.001_wd0.01_k100,11,0.002726319499263651,True,11,1a,2500,5,743020,1,1250,,64x64,0.001,0.01,100
ordinary,h128x128_lr0.0003_wd0.001_k10,12,0.250082867489947,False,11,1a,2500,5,743020,1,1250,,128x128,0.0003,0.001,10
ordinary,h128x128_lr0.0003_wd0.001_k30,13,0.0656352088096664,False,11,1a,2500,5,743020,1,1250,,128x128,0.0003,0.001,30
ordinary,h128x128_lr0.0003_wd0.001_k100,14,0.01391770787163509,False,11,1a,2500,5,743020,1,1250,,128x128,0.0003,0.001,100
ordinary,h128x128_lr0.0003_wd0.01_k10,15,0.33797772177712226,False,11,1a,2500,5,743020,1,1250,,128x128,0.0003,0.01,10
ordinary,h128x128_lr0.0003_wd0.01_k30,16,0.11188294756364335,False,11,1a,2500,5,743020,1,1250,,128x128,0.0003,0.01,30
ordinary,h128x128_lr0.0003_wd0.01_k100,17,0.015024155188575042,False,11,1a,2500,5,743020,1,1250,,128x128,0.0003,0.01,100
ordinary,h128x128_lr0.001_wd0.001_k10,18,0.07055900525502792,False,11,1a,2500,5,743020,1,1250,,128x128,0.001,0.001,10
ordinary,h128x128_lr0.001_wd0.001_k30,19,0.01272202743854274,False,11,1a,2500,5,743020,1,1250,,128x128,0.001,0.001,30
ordinary,h128x128_lr0.001_wd0.001_k100,20,0.07312128849908472,False,11,1a,2500,5,743020,1,1250,,128x128,0.001,0.001,100
ordinary,h128x128_lr0.001_wd0.01_k10,21,0.12126321378145982,False,11,1a,2500,5,743020,1,1250,,128x128,0.001,0.01,10
ordinary,h128x128_lr0.001_wd0.01_k30,22,0.019210030664381164,False,11,1a,2500,5,743020,1,1250,,128x128,0.001,0.01,30
ordinary,h128x128_lr0.001_wd0.01_k100,23,0.008213147879176758,False,11,1a,2500,5,743020,1,1250,,128x128,0.001,0.01,100
ordinary,h64x64_lr0.0003_wd0.001_k10,0,0.31667933860912434,False,12,1a,2500,6,843023,0,1250,,64x64,0.0003,0.001,10
ordinary,h64x64_lr0.0003_wd0.001_k30,1,0.08112914016614302,False,12,1a,2500,6,843023,0,1250,,64x64,0.0003,0.001,30
ordinary,h64x64_lr0.0003_wd0.001_k100,2,0.018106854921150852,False,12,1a,2500,6,843023,0,1250,,64x64,0.0003,0.001,100
ordinary,h64x64_lr0.0003_wd0.01_k10,3,0.3713377326456546,False,12,1a,2500,6,843023,0,1250,,64x64,0.0003,0.01,10
ordinary,h64x64_lr0.0003_wd0.01_k30,4,0.12332099873933057,False,12,1a,2500,6,843023,0,1250,,64x64,0.0003,0.01,30
ordinary,h64x64_lr0.0003_wd0.01_k100,5,0.022278473855183376,False,12,1a,2500,6,843023,0,1250,,64x64,0.0003,0.01,100
ordinary,h64x64_lr0.001_wd0.001_k10,6,0.09390590588754107,False,12,1a,2500,6,843023,0,1250,,64x64,0.001,0.001,10
ordinary,h64x64_lr0.001_wd0.001_k30,7,0.015282387730998437,False,12,1a,2500,6,843023,0,1250,,64x64,0.001,0.001,30
ordinary,h64x64_lr0.001_wd0.001_k100,8,0.06556532699481589,False,12,1a,2500,6,843023,0,1250,,64x64,0.001,0.001,100
ordinary,h64x64_lr0.001_wd0.01_k10,9,0.12696148713189778,False,12,1a,2500,6,843023,0,1250,,64x64,0.001,0.01,10
ordinary,h64x64_lr0.001_wd0.01_k30,10,0.016434425072664995,False,12,1a,2500,6,843023,0,1250,,64x64,0.001,0.01,30
ordinary,h64x64_lr0.001_wd0.01_k100,11,0.033054329255199494,False,12,1a,2500,6,843023,0,1250,,64x64,0.001,0.01,100
ordinary,h128x128_lr0.0003_wd0.001_k10,12,0.251850384074406,False,12,1a,2500,6,843023,0,1250,,128x128,0.0003,0.001,10
ordinary,h128x128_lr0.0003_wd0.001_k30,13,0.046484119810539536,False,12,1a,2500,6,843023,0,1250,,128x128,0.0003,0.001,30
ordinary,h128x128_lr0.0003_wd0.001_k100,14,0.04953022156903683,False,12,1a,2500,6,843023,0,1250,,128x128,0.0003,0.001,100
ordinary,h128x128_lr0.0003_wd0.01_k10,15,0.3560496852154196,False,12,1a,2500,6,843023,0,1250,,128x128,0.0003,0.01,10
ordinary,h128x128_lr0.0003_wd0.01_k30,16,0.09323028629384417,False,12,1a,2500,6,843023,0,1250,,128x128,0.0003,0.01,30
ordinary,h128x128_lr0.0003_wd0.01_k100,17,0.016064445853749252,False,12,1a,2500,6,843023,0,1250,,128x128,0.0003,0.01,100
ordinary,h128x128_lr0.001_wd0.001_k10,18,0.07599021808335812,False,12,1a,2500,6,843023,0,1250,,128x128,0.001,0.001,10
ordinary,h128x128_lr0.001_wd0.001_k30,19,0.030075840973579702,False,12,1a,2500,6,843023,0,1250,,128x128,0.001,0.001,30
ordinary,h128x128_lr0.001_wd0.001_k100,20,0.10160951841544819,False,12,1a,2500,6,843023,0,1250,,128x128,0.001,0.001,100
ordinary,h128x128_lr0.001_wd0.01_k10,21,0.1071777963333274,False,12,1a,2500,6,843023,0,1250,,128x128,0.001,0.01,10
ordinary,h128x128_lr0.001_wd0.01_k30,22,0.0076607623608207515,True,12,1a,2500,6,843023,0,1250,,128x128,0.001,0.01,30
ordinary,h128x128_lr0.001_wd0.01_k100,23,0.03889748066232573,False,12,1a,2500,6,843023,0,1250,,128x128,0.001,0.01,100
ordinary,h64x64_lr0.0003_wd0.001_k10,0,0.3860663026791335,False,13,1a,2500,6,843023,1,1250,,64x64,0.0003,0.001,10
ordinary,h64x64_lr0.0003_wd0.001_k30,1,0.14348294404034223,False,13,1a,2500,6,843023,1,1250,,64x64,0.0003,0.001,30
ordinary,h64x64_lr0.0003_wd0.001_k100,2,0.028809543838935928,False,13,1a,2500,6,843023,1,1250,,64x64,0.0003,0.001,100
ordinary,h64x64_lr0.0003_wd0.01_k10,3,0.42918669219019534,False,13,1a,2500,6,843023,1,1250,,64x64,0.0003,0.01,10
ordinary,h64x64_lr0.0003_wd0.01_k30,4,0.195554326420313,False,13,1a,2500,6,843023,1,1250,,64x64,0.0003,0.01,30
ordinary,h64x64_lr0.0003_wd0.01_k100,5,0.017790841357327843,False,13,1a,2500,6,843023,1,1250,,64x64,0.0003,0.01,100
ordinary,h64x64_lr0.001_wd0.001_k10,6,0.16507751205679624,False,13,1a,2500,6,843023,1,1250,,64x64,0.001,0.001,10
ordinary,h64x64_lr0.001_wd0.001_k30,7,0.014896747183468558,False,13,1a,2500,6,843023,1,1250,,64x64,0.001,0.001,30
ordinary,h64x64_lr0.001_wd0.001_k100,8,0.07881692669743273,False,13,1a,2500,6,843023,1,1250,,64x64,0.001,0.001,100
ordinary,h64x64_lr0.001_wd0.01_k10,9,0.20366560865014088,False,13,1a,2500,6,843023,1,1250,,64x64,0.001,0.01,10
ordinary,h64x64_lr0.001_wd0.01_k30,10,0.018877269024090565,False,13,1a,2500,6,843023,1,1250,,64x64,0.001,0.01,30
ordinary,h64x64_lr0.001_wd0.01_k100,11,0.021853700937810167,False,13,1a,2500,6,843023,1,1250,,64x64,0.001,0.01,100
ordinary,h128x128_lr0.0003_wd0.001_k10,12,0.2950357773704151,False,13,1a,2500,6,843023,1,1250,,128x128,0.0003,0.001,10
ordinary,h128x128_lr0.0003_wd0.001_k30,13,0.06384778040773985,False,13,1a,2500,6,843023,1,1250,,128x128,0.0003,0.001,30
ordinary,h128x128_lr0.0003_wd0.001_k100,14,0.05475498693977519,False,13,1a,2500,6,843023,1,1250,,128x128,0.0003,0.001,100
ordinary,h128x128_lr0.0003_wd0.01_k10,15,0.39368474100302525,False,13,1a,2500,6,843023,1,1250,,128x128,0.0003,0.01,10
ordinary,h128x128_lr0.0003_wd0.01_k30,16,0.12209487649122243,False,13,1a,2500,6,843023,1,1250,,128x128,0.0003,0.01,30
ordinary,h128x128_lr0.0003_wd0.01_k100,17,0.007593125213652934,False,13,1a,2500,6,843023,1,1250,,128x128,0.0003,0.01,100
ordinary,h128x128_lr0.001_wd0.001_k10,18,0.08186380437913458,False,13,1a,2500,6,843023,1,1250,,128x128,0.001,0.001,10
ordinary,h128x128_lr0.001_wd0.001_k30,19,0.04415435080002484,False,13,1a,2500,6,843023,1,1250,,128x128,0.001,0.001,30
ordinary,h128x128_lr0.001_wd0.001_k100,20,0.10663792976082657,False,13,1a,2500,6,843023,1,1250,,128x128,0.001,0.001,100
ordinary,h128x128_lr0.001_wd0.01_k10,21,0.1382514945582518,False,13,1a,2500,6,843023,1,1250,,128x128,0.001,0.01,10
ordinary,h128x128_lr0.001_wd0.01_k30,22,0.0013437723640648263,True,13,1a,2500,6,843023,1,1250,,128x128,0.001,0.01,30
ordinary,h128x128_lr0.001_wd0.01_k100,23,0.04068116015493726,False,13,1a,2500,6,843023,1,1250,,128x128,0.001,0.01,100
ordinary,h64x64_lr0.0003_wd0.001_k10,0,0.42850865969533436,False,14,1a,2500,7,943026,0,1250,,64x64,0.0003,0.001,10
ordinary,h64x64_lr0.0003_wd0.001_k30,1,0.1015778479726279,False,14,1a,2500,7,943026,0,1250,,64x64,0.0003,0.001,30
ordinary,h64x64_lr0.0003_wd0.001_k100,2,0.019575759010421374,False,14,1a,2500,7,943026,0,1250,,64x64,0.0003,0.001,100
ordinary,h64x64_lr0.0003_wd0.01_k10,3,0.47863469309120193,False,14,1a,2500,7,943026,0,1250,,64x64,0.0003,0.01,10
ordinary,h64x64_lr0.0003_wd0.01_k30,4,0.17312324771809204,False,14,1a,2500,7,943026,0,1250,,64x64,0.0003,0.01,30
ordinary,h64x64_lr0.0003_wd0.01_k100,5,0.014752898157705703,False,14,1a,2500,7,943026,0,1250,,64x64,0.0003,0.01,100
ordinary,h64x64_lr0.001_wd0.001_k10,6,0.12055871577444921,False,14,1a,2500,7,943026,0,1250,,64x64,0.001,0.001,10
ordinary,h64x64_lr0.001_wd0.001_k30,7,0.015522441968793961,False,14,1a,2500,7,943026,0,1250,,64x64,0.001,0.001,30
ordinary,h64x64_lr0.001_wd0.001_k100,8,0.053821220771976944,False,14,1a,2500,7,943026,0,1250,,64x64,0.001,0.001,100
ordinary,h64x64_lr0.001_wd0.01_k10,9,0.1910011802702248,False,14,1a,2500,7,943026,0,1250,,64x64,0.001,0.01,10
ordinary,h64x64_lr0.001_wd0.01_k30,10,0.016857181343105345,False,14,1a,2500,7,943026,0,1250,,64x64,0.001,0.01,30
ordinary,h64x64_lr0.001_wd0.01_k100,11,0.03637911384393078,False,14,1a,2500,7,943026,0,1250,,64x64,0.001,0.01,100
ordinary,h128x128_lr0.0003_wd0.001_k10,12,0.30451939766112623,False,14,1a,2500,7,943026,0,1250,,128x128,0.0003,0.001,10
ordinary,h128x128_lr0.0003_wd0.001_k30,13,0.03937385922203922,False,14,1a,2500,7,943026,0,1250,,128x128,0.0003,0.001,30
ordinary,h128x128_lr0.0003_wd0.001_k100,14,0.05088641939378329,False,14,1a,2500,7,943026,0,1250,,128x128,0.0003,0.001,100
ordinary,h128x128_lr0.0003_wd0.01_k10,15,0.42168351075029986,False,14,1a,2500,7,943026,0,1250,,128x128,0.0003,0.01,10
ordinary,h128x128_lr0.0003_wd0.01_k30,16,0.09487164724371949,False,14,1a,2500,7,943026,0,1250,,128x128,0.0003,0.01,30
ordinary,h128x128_lr0.0003_wd0.01_k100,17,0.012548880503471195,True,14,1a,2500,7,943026,0,1250,,128x128,0.0003,0.01,100
ordinary,h128x128_lr0.001_wd0.001_k10,18,0.0636051622972801,False,14,1a,2500,7,943026,0,1250,,128x128,0.001,0.001,10
ordinary,h128x128_lr0.001_wd0.001_k30,19,0.03966094481852578,False,14,1a,2500,7,943026,0,1250,,128x128,0.001,0.001,30
ordinary,h128x128_lr0.001_wd0.001_k100,20,0.10137262595483647,False,14,1a,2500,7,943026,0,1250,,128x128,0.001,0.001,100
ordinary,h128x128_lr0.001_wd0.01_k10,21,0.11390862933007373,False,14,1a,2500,7,943026,0,1250,,128x128,0.001,0.01,10
ordinary,h128x128_lr0.001_wd0.01_k30,22,0.01864725107005305,False,14,1a,2500,7,943026,0,1250,,128x128,0.001,0.01,30
ordinary,h128x128_lr0.001_wd0.01_k100,23,0.04667816474308924,False,14,1a,2500,7,943026,0,1250,,128x128,0.001,0.01,100
ordinary,h64x64_lr0.0003_wd0.001_k10,0,0.43822506888349,False,15,1a,2500,7,943026,1,1250,,64x64,0.0003,0.001,10
ordinary,h64x64_lr0.0003_wd0.001_k30,1,0.22020643906361437,False,15,1a,2500,7,943026,1,1250,,64x64,0.0003,0.001,30
ordinary,h64x64_lr0.0003_wd0.001_k100,2,0.05476974500829244,False,15,1a,2500,7,943026,1,1250,,64x64,0.0003,0.001,100
ordinary,h64x64_lr0.0003_wd0.01_k10,3,0.4750945712131735,False,15,1a,2500,7,943026,1,1250,,64x64,0.0003,0.01,10
ordinary,h64x64_lr0.0003_wd0.01_k30,4,0.27751887228798117,False,15,1a,2500,7,943026,1,1250,,64x64,0.0003,0.01,30
ordinary,h64x64_lr0.0003_wd0.01_k100,5,0.08054604298864627,False,15,1a,2500,7,943026,1,1250,,64x64,0.0003,0.01,100
ordinary,h64x64_lr0.001_wd0.001_k10,6,0.2493850371255641,False,15,1a,2500,7,943026,1,1250,,64x64,0.001,0.001,10
ordinary,h64x64_lr0.001_wd0.001_k30,7,0.05053045627128638,False,15,1a,2500,7,943026,1,1250,,64x64,0.001,0.001,30
ordinary,h64x64_lr0.001_wd0.001_k100,8,0.12976268683924386,False,15,1a,2500,7,943026,1,1250,,64x64,0.001,0.001,100
ordinary,h64x64_lr0.001_wd0.01_k10,9,0.29594904453233534,False,15,1a,2500,7,943026,1,1250,,64x64,0.001,0.01,10
ordinary,h64x64_lr0.001_wd0.01_k30,10,0.07922259645044637,False,15,1a,2500,7,943026,1,1250,,64x64,0.001,0.01,30
ordinary,h64x64_lr0.001_wd0.01_k100,11,0.04791032781398176,False,15,1a,2500,7,943026,1,1250,,64x64,0.001,0.01,100
ordinary,h128x128_lr0.0003_wd0.001_k10,12,0.3570576898710232,False,15,1a,2500,7,943026,1,1250,,128x128,0.0003,0.001,10
ordinary,h128x128_lr0.0003_wd0.001_k30,13,0.13816777353398418,False,15,1a,2500,7,943026,1,1250,,128x128,0.0003,0.001,30
ordinary,h128x128_lr0.0003_wd0.001_k100,14,0.05008630232115889,False,15,1a,2500,7,943026,1,1250,,128x128,0.0003,0.001,100
ordinary,h128x128_lr0.0003_wd0.01_k10,15,0.436458413870182,False,15,1a,2500,7,943026,1,1250,,128x128,0.0003,0.01,10
ordinary,h128x128_lr0.0003_wd0.01_k30,16,0.20843450676552855,False,15,1a,2500,7,943026,1,1250,,128x128,0.0003,0.01,30
ordinary,h128x128_lr0.0003_wd0.01_k100,17,0.061463282160477264,False,15,1a,2500,7,943026,1,1250,,128x128,0.0003,0.01,100
ordinary,h128x128_lr0.001_wd0.001_k10,18,0.14516719070060513,False,15,1a,2500,7,943026,1,1250,,128x128,0.001,0.001,10
ordinary,h128x128_lr0.001_wd0.001_k30,19,0.033832823290595976,False,15,1a,2500,7,943026,1,1250,,128x128,0.001,0.001,30
ordinary,h128x128_lr0.001_wd0.001_k100,20,0.275726812106276,False,15,1a,2500,7,943026,1,1250,,128x128,0.001,0.001,100
ordinary,h128x128_lr0.001_wd0.01_k10,21,0.22491747338177126,False,15,1a,2500,7,943026,1,1250,,128x128,0.001,0.01,10
ordinary,h128x128_lr0.001_wd0.01_k30,22,0.059414000938617186,False,15,1a,2500,7,943026,1,1250,,128x128,0.001,0.01,30
ordinary,h128x128_lr0.001_wd0.01_k100,23,0.03382635052707232,True,15,1a,2500,7,943026,1,1250,,128x128,0.001,0.01,100
ordinary,h64x64_lr0.0003_wd0.001_k10,0,0.48726891221430935,False,16,1a,2500,8,1043029,0,1250,,64x64,0.0003,0.001,10
ordinary,h64x64_lr0.0003_wd0.001_k30,1,0.27026955937678276,False,16,1a,2500,8,1043029,0,1250,,64x64,0.0003,0.001,30
ordinary,h64x64_lr0.0003_wd0.001_k100,2,0.04502561692025684,False,16,1a,2500,8,1043029,0,1250,,64x64,0.0003,0.001,100
ordinary,h64x64_lr0.0003_wd0.01_k10,3,0.5211598746018355,False,16,1a,2500,8,1043029,0,1250,,64x64,0.0003,0.01,10
ordinary,h64x64_lr0.0003_wd0.01_k30,4,0.3125639413955727,False,16,1a,2500,8,1043029,0,1250,,64x64,0.0003,0.01,30
ordinary,h64x64_lr0.0003_wd0.01_k100,5,0.09464002887854865,False,16,1a,2500,8,1043029,0,1250,,64x64,0.0003,0.01,100
ordinary,h64x64_lr0.001_wd0.001_k10,6,0.28181191287212654,False,16,1a,2500,8,1043029,0,1250,,64x64,0.001,0.001,10
ordinary,h64x64_lr0.001_wd0.001_k30,7,0.059432826160193054,False,16,1a,2500,8,1043029,0,1250,,64x64,0.001,0.001,30
ordinary,h64x64_lr0.001_wd0.001_k100,8,0.008818581104059548,True,16,1a,2500,8,1043029,0,1250,,64x64,0.001,0.001,100
ordinary,h64x64_lr0.001_wd0.01_k10,9,0.31683153734140396,False,16,1a,2500,8,1043029,0,1250,,64x64,0.001,0.01,10
ordinary,h64x64_lr0.001_wd0.01_k30,10,0.11219386358376003,False,16,1a,2500,8,1043029,0,1250,,64x64,0.001,0.01,30
ordinary,h64x64_lr0.001_wd0.01_k100,11,0.02874415648127664,False,16,1a,2500,8,1043029,0,1250,,64x64,0.001,0.01,100
ordinary,h128x128_lr0.0003_wd0.001_k10,12,0.3976734474624119,False,16,1a,2500,8,1043029,0,1250,,128x128,0.0003,0.001,10
ordinary,h128x128_lr0.0003_wd0.001_k30,13,0.20164213219759067,False,16,1a,2500,8,1043029,0,1250,,128x128,0.0003,0.001,30
ordinary,h128x128_lr0.0003_wd0.001_k100,14,0.01830350731167859,False,16,1a,2500,8,1043029,0,1250,,128x128,0.0003,0.001,100
ordinary,h128x128_lr0.0003_wd0.01_k10,15,0.4806867977956541,False,16,1a,2500,8,1043029,0,1250,,128x128,0.0003,0.01,10
ordinary,h128x128_lr0.0003_wd0.01_k30,16,0.2513760244857259,False,16,1a,2500,8,1043029,0,1250,,128x128,0.0003,0.01,30
ordinary,h128x128_lr0.0003_wd0.01_k100,17,0.05866795915914387,False,16,1a,2500,8,1043029,0,1250,,128x128,0.0003,0.01,100
ordinary,h128x128_lr0.001_wd0.001_k10,18,0.1991779531232072,False,16,1a,2500,8,1043029,0,1250,,128x128,0.001,0.001,10
ordinary,h128x128_lr0.001_wd0.001_k30,19,0.031709167555051904,False,16,1a,2500,8,1043029,0,1250,,128x128,0.001,0.001,30
ordinary,h128x128_lr0.001_wd0.001_k100,20,0.0304141445926668,False,16,1a,2500,8,1043029,0,1250,,128x128,0.001,0.001,100
ordinary,h128x128_lr0.001_wd0.01_k10,21,0.24662070892413657,False,16,1a,2500,8,1043029,0,1250,,128x128,0.001,0.01,10
ordinary,h128x128_lr0.001_wd0.01_k30,22,0.07265210764766897,False,16,1a,2500,8,1043029,0,1250,,128x128,0.001,0.01,30
ordinary,h128x128_lr0.001_wd0.01_k100,23,0.01884005148235118,False,16,1a,2500,8,1043029,0,1250,,128x128,0.001,0.01,100
ordinary,h64x64_lr0.0003_wd0.001_k10,0,0.48920110380261783,False,17,1a,2500,8,1043029,1,1250,,64x64,0.0003,0.001,10
ordinary,h64x64_lr0.0003_wd0.001_k30,1,0.16865256256156927,False,17,1a,2500,8,1043029,1,1250,,64x64,0.0003,0.001,30
ordinary,h64x64_lr0.0003_wd0.001_k100,2,0.0547765106659857,False,17,1a,2500,8,1043029,1,1250,,64x64,0.0003,0.001,100
ordinary,h64x64_lr0.0003_wd0.01_k10,3,0.5258959886958107,False,17,1a,2500,8,1043029,1,1250,,64x64,0.0003,0.01,10
ordinary,h64x64_lr0.0003_wd0.01_k30,4,0.2834552659089593,False,17,1a,2500,8,1043029,1,1250,,64x64,0.0003,0.01,30
ordinary,h64x64_lr0.0003_wd0.01_k100,5,0.06561743449263897,False,17,1a,2500,8,1043029,1,1250,,64x64,0.0003,0.01,100
ordinary,h64x64_lr0.001_wd0.001_k10,6,0.19422669487725547,False,17,1a,2500,8,1043029,1,1250,,64x64,0.001,0.001,10
ordinary,h64x64_lr0.001_wd0.001_k30,7,0.036314328027747464,False,17,1a,2500,8,1043029,1,1250,,64x64,0.001,0.001,30
ordinary,h64x64_lr0.001_wd0.001_k100,8,0.0388487890600035,False,17,1a,2500,8,1043029,1,1250,,64x64,0.001,0.001,100
ordinary,h64x64_lr0.001_wd0.01_k10,9,0.3357983359792889,False,17,1a,2500,8,1043029,1,1250,,64x64,0.001,0.01,10
ordinary,h64x64_lr0.001_wd0.01_k30,10,0.05341881505092431,False,17,1a,2500,8,1043029,1,1250,,64x64,0.001,0.01,30
ordinary,h64x64_lr0.001_wd0.01_k100,11,0.03574980307563846,False,17,1a,2500,8,1043029,1,1250,,64x64,0.001,0.01,100
ordinary,h128x128_lr0.0003_wd0.001_k10,12,0.3768188090572673,False,17,1a,2500,8,1043029,1,1250,,128x128,0.0003,0.001,10
ordinary,h128x128_lr0.0003_wd0.001_k30,13,0.10303979309169617,False,17,1a,2500,8,1043029,1,1250,,128x128,0.0003,0.001,30
ordinary,h128x128_lr0.0003_wd0.001_k100,14,0.05048894629868803,False,17,1a,2500,8,1043029,1,1250,,128x128,0.0003,0.001,100
ordinary,h128x128_lr0.0003_wd0.01_k10,15,0.47698312539068355,False,17,1a,2500,8,1043029,1,1250,,128x128,0.0003,0.01,10
ordinary,h128x128_lr0.0003_wd0.01_k30,16,0.18067488005307142,False,17,1a,2500,8,1043029,1,1250,,128x128,0.0003,0.01,30
ordinary,h128x128_lr0.0003_wd0.01_k100,17,0.0558194756485493,False,17,1a,2500,8,1043029,1,1250,,128x128,0.0003,0.01,100
ordinary,h128x128_lr0.001_wd0.001_k10,18,0.1187121684793102,False,17,1a,2500,8,1043029,1,1250,,128x128,0.001,0.001,10
ordinary,h128x128_lr0.001_wd0.001_k30,19,0.0314146018943321,False,17,1a,2500,8,1043029,1,1250,,128x128,0.001,0.001,30
ordinary,h128x128_lr0.001_wd0.001_k100,20,0.044309666156631206,False,17,1a,2500,8,1043029,1,1250,,128x128,0.001,0.001,100
ordinary,h128x128_lr0.001_wd0.01_k10,21,0.19564670131661197,False,17,1a,2500,8,1043029,1,1250,,128x128,0.001,0.01,10
ordinary,h128x128_lr0.001_wd0.01_k30,22,0.04324526236304902,False,17,1a,2500,8,1043029,1,1250,,128x128,0.001,0.01,30
ordinary,h128x128_lr0.001_wd0.01_k100,23,0.02482665548329613,True,17,1a,2500,8,1043029,1,1250,,128x128,0.001,0.01,100
ordinary,h64x64_lr0.0003_wd0.001_k10,0,0.3635175852578256,False,18,1a,2500,9,1143032,0,1250,,64x64,0.0003,0.001,10
ordinary,h64x64_lr0.0003_wd0.001_k30,1,0.16823087690856822,False,18,1a,2500,9,1143032,0,1250,,64x64,0.0003,0.001,30
ordinary,h64x64_lr0.0003_wd0.001_k100,2,0.08811351482663111,False,18,1a,2500,9,1143032,0,1250,,64x64,0.0003,0.001,100
ordinary,h64x64_lr0.0003_wd0.01_k10,3,0.40654350110228954,False,18,1a,2500,9,1143032,0,1250,,64x64,0.0003,0.01,10
ordinary,h64x64_lr0.0003_wd0.01_k30,4,0.19417313386707014,False,18,1a,2500,9,1143032,0,1250,,64x64,0.0003,0.01,30
ordinary,h64x64_lr0.0003_wd0.01_k100,5,0.042508814154713685,False,18,1a,2500,9,1143032,0,1250,,64x64,0.0003,0.01,100
ordinary,h64x64_lr0.001_wd0.001_k10,6,0.23097292291343707,False,18,1a,2500,9,1143032,0,1250,,64x64,0.001,0.001,10
ordinary,h64x64_lr0.001_wd0.001_k30,7,0.08453765970968978,False,18,1a,2500,9,1143032,0,1250,,64x64,0.001,0.001,30
ordinary,h64x64_lr0.001_wd0.001_k100,8,0.15955881108470488,False,18,1a,2500,9,1143032,0,1250,,64x64,0.001,0.001,100
ordinary,h64x64_lr0.001_wd0.01_k10,9,0.21629633807570528,False,18,1a,2500,9,1143032,0,1250,,64x64,0.001,0.01,10
ordinary,h64x64_lr0.001_wd0.01_k30,10,0.0407592735798291,False,18,1a,2500,9,1143032,0,1250,,64x64,0.001,0.01,30
ordinary,h64x64_lr0.001_wd0.01_k100,11,0.08657447572522155,False,18,1a,2500,9,1143032,0,1250,,64x64,0.001,0.01,100
ordinary,h128x128_lr0.0003_wd0.001_k10,12,0.290529285607347,False,18,1a,2500,9,1143032,0,1250,,128x128,0.0003,0.001,10
ordinary,h128x128_lr0.0003_wd0.001_k30,13,0.11113758309211659,False,18,1a,2500,9,1143032,0,1250,,128x128,0.0003,0.001,30
ordinary,h128x128_lr0.0003_wd0.001_k100,14,0.12481597465216318,False,18,1a,2500,9,1143032,0,1250,,128x128,0.0003,0.001,100
ordinary,h128x128_lr0.0003_wd0.01_k10,15,0.377839079024745,False,18,1a,2500,9,1143032,0,1250,,128x128,0.0003,0.01,10
ordinary,h128x128_lr0.0003_wd0.01_k30,16,0.15597283398909992,False,18,1a,2500,9,1143032,0,1250,,128x128,0.0003,0.01,30
ordinary,h128x128_lr0.0003_wd0.01_k100,17,0.05530381275068746,False,18,1a,2500,9,1143032,0,1250,,128x128,0.0003,0.01,100
ordinary,h128x128_lr0.001_wd0.001_k10,18,0.16242384118447878,False,18,1a,2500,9,1143032,0,1250,,128x128,0.001,0.001,10
ordinary,h128x128_lr0.001_wd0.001_k30,19,0.09744275942118814,False,18,1a,2500,9,1143032,0,1250,,128x128,0.001,0.001,30
ordinary,h128x128_lr0.001_wd0.001_k100,20,0.23923308757098746,False,18,1a,2500,9,1143032,0,1250,,128x128,0.001,0.001,100
ordinary,h128x128_lr0.001_wd0.01_k10,21,0.20118373398588893,False,18,1a,2500,9,1143032,0,1250,,128x128,0.001,0.01,10
ordinary,h128x128_lr0.001_wd0.01_k30,22,0.029854436856490477,True,18,1a,2500,9,1143032,0,1250,,128x128,0.001,0.01,30
ordinary,h128x128_lr0.001_wd0.01_k100,23,0.1275509366288034,False,18,1a,2500,9,1143032,0,1250,,128x128,0.001,0.01,100
ordinary,h64x64_lr0.0003_wd0.001_k10,0,0.5081739620819586,False,19,1a,2500,9,1143032,1,1250,,64x64,0.0003,0.001,10
ordinary,h64x64_lr0.0003_wd0.001_k30,1,0.21883843450743434,False,19,1a,2500,9,1143032,1,1250,,64x64,0.0003,0.001,30
ordinary,h64x64_lr0.0003_wd0.001_k100,2,0.02798694196099596,False,19,1a,2500,9,1143032,1,1250,,64x64,0.0003,0.001,100
ordinary,h64x64_lr0.0003_wd0.01_k10,3,0.5568339700977457,False,19,1a,2500,9,1143032,1,1250,,64x64,0.0003,0.01,10
ordinary,h64x64_lr0.0003_wd0.01_k30,4,0.27724590558002166,False,19,1a,2500,9,1143032,1,1250,,64x64,0.0003,0.01,30
ordinary,h64x64_lr0.0003_wd0.01_k100,5,0.07149276441676468,False,19,1a,2500,9,1143032,1,1250,,64x64,0.0003,0.01,100
ordinary,h64x64_lr0.001_wd0.001_k10,6,0.24109473186955982,False,19,1a,2500,9,1143032,1,1250,,64x64,0.001,0.001,10
ordinary,h64x64_lr0.001_wd0.001_k30,7,0.0338309693349704,False,19,1a,2500,9,1143032,1,1250,,64x64,0.001,0.001,30
ordinary,h64x64_lr0.001_wd0.001_k100,8,0.0760568209888631,False,19,1a,2500,9,1143032,1,1250,,64x64,0.001,0.001,100
ordinary,h64x64_lr0.001_wd0.01_k10,9,0.29398904311272456,False,19,1a,2500,9,1143032,1,1250,,64x64,0.001,0.01,10
ordinary,h64x64_lr0.001_wd0.01_k30,10,0.07857029887949103,False,19,1a,2500,9,1143032,1,1250,,64x64,0.001,0.01,30
ordinary,h64x64_lr0.001_wd0.01_k100,11,0.026765134645500892,True,19,1a,2500,9,1143032,1,1250,,64x64,0.001,0.01,100
ordinary,h128x128_lr0.0003_wd0.001_k10,12,0.3960689343277939,False,19,1a,2500,9,1143032,1,1250,,128x128,0.0003,0.001,10
ordinary,h128x128_lr0.0003_wd0.001_k30,13,0.1130682884836404,False,19,1a,2500,9,1143032,1,1250,,128x128,0.0003,0.001,30
ordinary,h128x128_lr0.0003_wd0.001_k100,14,0.039942898273051655,False,19,1a,2500,9,1143032,1,1250,,128x128,0.0003,0.001,100
ordinary,h128x128_lr0.0003_wd0.01_k10,15,0.5096924013685409,False,19,1a,2500,9,1143032,1,1250,,128x128,0.0003,0.01,10
ordinary,h128x128_lr0.0003_wd0.01_k30,16,0.1916640874844709,False,19,1a,2500,9,1143032,1,1250,,128x128,0.0003,0.01,30
ordinary,h128x128_lr0.0003_wd0.01_k100,17,0.034669144804851955,False,19,1a,2500,9,1143032,1,1250,,128x128,0.0003,0.01,100
ordinary,h128x128_lr0.001_wd0.001_k10,18,0.12683896892989815,False,19,1a,2500,9,1143032,1,1250,,128x128,0.001,0.001,10
ordinary,h128x128_lr0.001_wd0.001_k30,19,0.03022620790393597,False,19,1a,2500,9,1143032,1,1250,,128x128,0.001,0.001,30
ordinary,h128x128_lr0.001_wd0.001_k100,20,0.10628630808437632,False,19,1a,2500,9,1143032,1,1250,,128x128,0.001,0.001,100
ordinary,h128x128_lr0.001_wd0.01_k10,21,0.20095388084228083,False,19,1a,2500,9,1143032,1,1250,,128x128,0.001,0.01,10
ordinary,h128x128_lr0.001_wd0.01_k30,22,0.039366216237843636,False,19,1a,2500,9,1143032,1,1250,,128x128,0.001,0.01,30
ordinary,h128x128_lr0.001_wd0.01_k100,23,0.03377137890792241,False,19,1a,2500,9,1143032,1,1250,,128x128,0.001,0.01,100
ordinary,h64x64_lr0.0003_wd0.001_k10,0,0.45963025644100425,False,20,1a,10000,0,970505,0,5000,,64x64,0.0003,0.001,10
ordinary,h64x64_lr0.0003_wd0.001_k30,1,0.14500673840505082,False,20,1a,10000,0,970505,0,5000,,64x64,0.0003,0.001,30
ordinary,h64x64_lr0.0003_wd0.001_k100,2,0.024856335381448,False,20,1a,10000,0,970505,0,5000,,64x64,0.0003,0.001,100
ordinary,h64x64_lr0.0003_wd0.01_k10,3,0.5080408391239196,False,20,1a,10000,0,970505,0,5000,,64x64,0.0003,0.01,10
ordinary,h64x64_lr0.0003_wd0.01_k30,4,0.2122177172521025,False,20,1a,10000,0,970505,0,5000,,64x64,0.0003,0.01,30
ordinary,h64x64_lr0.0003_wd0.01_k100,5,0.04865907187589479,False,20,1a,10000,0,970505,0,5000,,64x64,0.0003,0.01,100
ordinary,h64x64_lr0.001_wd0.001_k10,6,0.16070502670505493,False,20,1a,10000,0,970505,0,5000,,64x64,0.001,0.001,10
ordinary,h64x64_lr0.001_wd0.001_k30,7,0.02420622602764947,False,20,1a,10000,0,970505,0,5000,,64x64,0.001,0.001,30
ordinary,h64x64_lr0.001_wd0.001_k100,8,0.050550815341971846,False,20,1a,10000,0,970505,0,5000,,64x64,0.001,0.001,100
ordinary,h64x64_lr0.001_wd0.01_k10,9,0.22672705879028945,False,20,1a,10000,0,970505,0,5000,,64x64,0.001,0.01,10
ordinary,h64x64_lr0.001_wd0.01_k30,10,0.05573713611052566,False,20,1a,10000,0,970505,0,5000,,64x64,0.001,0.01,30
ordinary,h64x64_lr0.001_wd0.01_k100,11,0.021759120383773083,False,20,1a,10000,0,970505,0,5000,,64x64,0.001,0.01,100
ordinary,h128x128_lr0.0003_wd0.001_k10,12,0.35157295224523016,False,20,1a,10000,0,970505,0,5000,,128x128,0.0003,0.001,10
ordinary,h128x128_lr0.0003_wd0.001_k30,13,0.09387525927147042,False,20,1a,10000,0,970505,0,5000,,128x128,0.0003,0.001,30
ordinary,h128x128_lr0.0003_wd0.001_k100,14,0.032559020861833335,False,20,1a,10000,0,970505,0,5000,,128x128,0.0003,0.001,100
ordinary,h128x128_lr0.0003_wd0.01_k10,15,0.46695828218995794,False,20,1a,10000,0,970505,0,5000,,128x128,0.0003,0.01,10
ordinary,h128x128_lr0.0003_wd0.01_k30,16,0.1508434089335027,False,20,1a,10000,0,970505,0,5000,,128x128,0.0003,0.01,30
ordinary,h128x128_lr0.0003_wd0.01_k100,17,0.021389337703972156,True,20,1a,10000,0,970505,0,5000,,128x128,0.0003,0.01,100
ordinary,h128x128_lr0.001_wd0.001_k10,18,0.11008485511748779,False,20,1a,10000,0,970505,0,5000,,128x128,0.001,0.001,10
ordinary,h128x128_lr0.001_wd0.001_k30,19,0.022116493536160724,False,20,1a,10000,0,970505,0,5000,,128x128,0.001,0.001,30
ordinary,h128x128_lr0.001_wd0.001_k100,20,0.054549893716793495,False,20,1a,10000,0,970505,0,5000,,128x128,0.001,0.001,100
ordinary,h128x128_lr0.001_wd0.01_k10,21,0.15956962855882773,False,20,1a,10000,0,970505,0,5000,,128x128,0.001,0.01,10
ordinary,h128x128_lr0.001_wd0.01_k30,22,0.02811429519065591,False,20,1a,10000,0,970505,0,5000,,128x128,0.001,0.01,30
ordinary,h128x128_lr0.001_wd0.01_k100,23,0.03296491616225139,False,20,1a,10000,0,970505,0,5000,,128x128,0.001,0.01,100
ordinary,h64x64_lr0.0003_wd0.001_k10,0,0.37650718572917263,False,21,1a,10000,0,970505,1,5000,,64x64,0.0003,0.001,10
ordinary,h64x64_lr0.0003_wd0.001_k30,1,0.12064656097251458,False,21,1a,10000,0,970505,1,5000,,64x64,0.0003,0.001,30
ordinary,h64x64_lr0.0003_wd0.001_k100,2,0.008077010711921849,False,21,1a,10000,0,970505,1,5000,,64x64,0.0003,0.001,100
ordinary,h64x64_lr0.0003_wd0.01_k10,3,0.42085199311138616,False,21,1a,10000,0,970505,1,5000,,64x64,0.0003,0.01,10
ordinary,h64x64_lr0.0003_wd0.01_k30,4,0.17226645689894288,False,21,1a,10000,0,970505,1,5000,,64x64,0.0003,0.01,30
ordinary,h64x64_lr0.0003_wd0.01_k100,5,0.028842365792266827,False,21,1a,10000,0,970505,1,5000,,64x64,0.0003,0.01,100
ordinary,h64x64_lr0.001_wd0.001_k10,6,0.13597765781812826,False,21,1a,10000,0,970505,1,5000,,64x64,0.001,0.001,10
ordinary,h64x64_lr0.001_wd0.001_k30,7,0.007554608643458881,True,21,1a,10000,0,970505,1,5000,,64x64,0.001,0.001,30
ordinary,h64x64_lr0.001_wd0.001_k100,8,0.026194999799466427,False,21,1a,10000,0,970505,1,5000,,64x64,0.001,0.001,100
ordinary,h64x64_lr0.001_wd0.01_k10,9,0.18055538194461554,False,21,1a,10000,0,970505,1,5000,,64x64,0.001,0.01,10
ordinary,h64x64_lr0.001_wd0.01_k30,10,0.032025569143025484,False,21,1a,10000,0,970505,1,5000,,64x64,0.001,0.01,30
ordinary,h64x64_lr0.001_wd0.01_k100,11,0.01631885219626807,False,21,1a,10000,0,970505,1,5000,,64x64,0.001,0.01,100
ordinary,h128x128_lr0.0003_wd0.001_k10,12,0.3108125385634546,False,21,1a,10000,0,970505,1,5000,,128x128,0.0003,0.001,10
ordinary,h128x128_lr0.0003_wd0.001_k30,13,0.06068408923867844,False,21,1a,10000,0,970505,1,5000,,128x128,0.0003,0.001,30
ordinary,h128x128_lr0.0003_wd0.001_k100,14,0.013580094425586305,False,21,1a,10000,0,970505,1,5000,,128x128,0.0003,0.001,100
ordinary,h128x128_lr0.0003_wd0.01_k10,15,0.4006253810071034,False,21,1a,10000,0,970505,1,5000,,128x128,0.0003,0.01,10
ordinary,h128x128_lr0.0003_wd0.01_k30,16,0.12301259427195532,False,21,1a,10000,0,970505,1,5000,,128x128,0.0003,0.01,30
ordinary,h128x128_lr0.0003_wd0.01_k100,17,0.019211669196698252,False,21,1a,10000,0,970505,1,5000,,128x128,0.0003,0.01,100
ordinary,h128x128_lr0.001_wd0.001_k10,18,0.07133993860286289,False,21,1a,10000,0,970505,1,5000,,128x128,0.001,0.001,10
ordinary,h128x128_lr0.001_wd0.001_k30,19,0.008681495620923095,False,21,1a,10000,0,970505,1,5000,,128x128,0.001,0.001,30
ordinary,h128x128_lr0.001_wd0.001_k100,20,0.02203211115494956,False,21,1a,10000,0,970505,1,5000,,128x128,0.001,0.001,100
ordinary,h128x128_lr0.001_wd0.01_k10,21,0.13395304581609316,False,21,1a,10000,0,970505,1,5000,,128x128,0.001,0.01,10
ordinary,h128x128_lr0.001_wd0.01_k30,22,0.03094736605417344,False,21,1a,10000,0,970505,1,5000,,128x128,0.001,0.01,30
ordinary,h128x128_lr0.001_wd0.01_k100,23,0.014657571346120751,False,21,1a,10000,0,970505,1,5000,,128x128,0.001,0.01,100
ordinary,h64x64_lr0.0003_wd0.001_k10,0,0.35298871785573394,False,22,1a,10000,1,1070508,0,5000,,64x64,0.0003,0.001,10
ordinary,h64x64_lr0.0003_wd0.001_k30,1,0.12021767580145952,False,22,1a,10000,1,1070508,0,5000,,64x64,0.0003,0.001,30
ordinary,h64x64_lr0.0003_wd0.001_k100,2,0.023284659348784528,False,22,1a,10000,1,1070508,0,5000,,64x64,0.0003,0.001,100
ordinary,h64x64_lr0.0003_wd0.01_k10,3,0.41524394648957813,False,22,1a,10000,1,1070508,0,5000,,64x64,0.0003,0.01,10
ordinary,h64x64_lr0.0003_wd0.01_k30,4,0.146108467516781,False,22,1a,10000,1,1070508,0,5000,,64x64,0.0003,0.01,30
ordinary,h64x64_lr0.0003_wd0.01_k100,5,0.01822024803308962,False,22,1a,10000,1,1070508,0,5000,,64x64,0.0003,0.01,100
ordinary,h64x64_lr0.001_wd0.001_k10,6,0.128954515124888,False,22,1a,10000,1,1070508,0,5000,,64x64,0.001,0.001,10
ordinary,h64x64_lr0.001_wd0.001_k30,7,0.03538600461236162,False,22,1a,10000,1,1070508,0,5000,,64x64,0.001,0.001,30
ordinary,h64x64_lr0.001_wd0.001_k100,8,0.07242107338587926,False,22,1a,10000,1,1070508,0,5000,,64x64,0.001,0.001,100
ordinary,h64x64_lr0.001_wd0.01_k10,9,0.14773832313767318,False,22,1a,10000,1,1070508,0,5000,,64x64,0.001,0.01,10
ordinary,h64x64_lr0.001_wd0.01_k30,10,0.02372961739598586,False,22,1a,10000,1,1070508,0,5000,,64x64,0.001,0.01,30
ordinary,h64x64_lr0.001_wd0.01_k100,11,0.04019881210590076,False,22,1a,10000,1,1070508,0,5000,,64x64,0.001,0.01,100
ordinary,h128x128_lr0.0003_wd0.001_k10,12,0.2692194243624878,False,22,1a,10000,1,1070508,0,5000,,128x128,0.0003,0.001,10
ordinary,h128x128_lr0.0003_wd0.001_k30,13,0.0888597175079218,False,22,1a,10000,1,1070508,0,5000,,128x128,0.0003,0.001,30
ordinary,h128x128_lr0.0003_wd0.001_k100,14,0.04526424716826398,False,22,1a,10000,1,1070508,0,5000,,128x128,0.0003,0.001,100
ordinary,h128x128_lr0.0003_wd0.01_k10,15,0.3781648552622252,False,22,1a,10000,1,1070508,0,5000,,128x128,0.0003,0.01,10
ordinary,h128x128_lr0.0003_wd0.01_k30,16,0.12719820823066705,False,22,1a,10000,1,1070508,0,5000,,128x128,0.0003,0.01,30
ordinary,h128x128_lr0.0003_wd0.01_k100,17,0.004036429449234963,False,22,1a,10000,1,1070508,0,5000,,128x128,0.0003,0.01,100
ordinary,h128x128_lr0.001_wd0.001_k10,18,0.09894582944238793,False,22,1a,10000,1,1070508,0,5000,,128x128,0.001,0.001,10
ordinary,h128x128_lr0.001_wd0.001_k30,19,0.042635090800831055,False,22,1a,10000,1,1070508,0,5000,,128x128,0.001,0.001,30
ordinary,h128x128_lr0.001_wd0.001_k100,20,0.09019004222981675,False,22,1a,10000,1,1070508,0,5000,,128x128,0.001,0.001,100
ordinary,h128x128_lr0.001_wd0.01_k10,21,0.13512054511431737,False,22,1a,10000,1,1070508,0,5000,,128x128,0.001,0.01,10
ordinary,h128x128_lr0.001_wd0.01_k30,22,0.00097572608371659,True,22,1a,10000,1,1070508,0,5000,,128x128,0.001,0.01,30
ordinary,h128x128_lr0.001_wd0.01_k100,23,0.04375670978916828,False,22,1a,10000,1,1070508,0,5000,,128x128,0.001,0.01,100
ordinary,h64x64_lr0.0003_wd0.001_k10,0,0.3860994667964092,False,23,1a,10000,1,1070508,1,5000,,64x64,0.0003,0.001,10
ordinary,h64x64_lr0.0003_wd0.001_k30,1,0.12427721311675524,False,23,1a,10000,1,1070508,1,5000,,64x64,0.0003,0.001,30
ordinary,h64x64_lr0.0003_wd0.001_k100,2,0.001723105943107837,True,23,1a,10000,1,1070508,1,5000,,64x64,0.0003,0.001,100
ordinary,h64x64_lr0.0003_wd0.01_k10,3,0.43113490128203946,False,23,1a,10000,1,1070508,1,5000,,64x64,0.0003,0.01,10
ordinary,h64x64_lr0.0003_wd0.01_k30,4,0.18024485503930285,False,23,1a,10000,1,1070508,1,5000,,64x64,0.0003,0.01,30
ordinary,h64x64_lr0.0003_wd0.01_k100,5,0.016109287062371455,False,23,1a,10000,1,1070508,1,5000,,64x64,0.0003,0.01,100
ordinary,h64x64_lr0.001_wd0.001_k10,6,0.13367491174511695,False,23,1a,10000,1,1070508,1,5000,,64x64,0.001,0.001,10
ordinary,h64x64_lr0.001_wd0.001_k30,7,0.005368339630568257,False,23,1a,10000,1,1070508,1,5000,,64x64,0.001,0.001,30
ordinary,h64x64_lr0.001_wd0.001_k100,8,0.0351257361260685,False,23,1a,10000,1,1070508,1,5000,,64x64,0.001,0.001,100
ordinary,h64x64_lr0.001_wd0.01_k10,9,0.18929548026715334,False,23,1a,10000,1,1070508,1,5000,,64x64,0.001,0.01,10
ordinary,h64x64_lr0.001_wd0.01_k30,10,0.02638445600772928,False,23,1a,10000,1,1070508,1,5000,,64x64,0.001,0.01,30
ordinary,h64x64_lr0.001_wd0.01_k100,11,0.010221911707114846,False,23,1a,10000,1,1070508,1,5000,,64x64,0.001,0.01,100
ordinary,h128x128_lr0.0003_wd0.001_k10,12,0.2832128340652232,False,23,1a,10000,1,1070508,1,5000,,128x128,0.0003,0.001,10
ordinary,h128x128_lr0.0003_wd0.001_k30,13,0.056294473139530114,False,23,1a,10000,1,1070508,1,5000,,128x128,0.0003,0.001,30
ordinary,h128x128_lr0.0003_wd0.001_k100,14,0.014948190305368229,False,23,1a,10000,1,1070508,1,5000,,128x128,0.0003,0.001,100
ordinary,h128x128_lr0.0003_wd0.01_k10,15,0.3906436370259794,False,23,1a,10000,1,1070508,1,5000,,128x128,0.0003,0.01,10
ordinary,h128x128_lr0.0003_wd0.01_k30,16,0.10468348576601773,False,23,1a,10000,1,1070508,1,5000,,128x128,0.0003,0.01,30
ordinary,h128x128_lr0.0003_wd0.01_k100,17,0.007650120070477596,False,23,1a,10000,1,1070508,1,5000,,128x128,0.0003,0.01,100
ordinary,h128x128_lr0.001_wd0.001_k10,18,0.07221181128345953,False,23,1a,10000,1,1070508,1,5000,,128x128,0.001,0.001,10
ordinary,h128x128_lr0.001_wd0.001_k30,19,0.023866303241419255,False,23,1a,10000,1,1070508,1,5000,,128x128,0.001,0.001,30
ordinary,h128x128_lr0.001_wd0.001_k100,20,0.03974957795761683,False,23,1a,10000,1,1070508,1,5000,,128x128,0.001,0.001,100
ordinary,h128x128_lr0.001_wd0.01_k10,21,0.11053555119933628,False,23,1a,10000,1,1070508,1,5000,,128x128,0.001,0.01,10
ordinary,h128x128_lr0.001_wd0.01_k30,22,0.01523539450136276,False,23,1a,10000,1,1070508,1,5000,,128x128,0.001,0.01,30
ordinary,h128x128_lr0.001_wd0.01_k100,23,0.012347010214469984,False,23,1a,10000,1,1070508,1,5000,,128x128,0.001,0.01,100
ordinary,h64x64_lr0.0003_wd0.001_k10,0,0.3991521078812906,False,24,1a,10000,2,1170511,0,5000,,64x64,0.0003,0.001,10
ordinary,h64x64_lr0.0003_wd0.001_k30,1,0.1038273286545913,False,24,1a,10000,2,1170511,0,5000,,64x64,0.0003,0.001,30
ordinary,h64x64_lr0.0003_wd0.001_k100,2,0.006631613202427806,False,24,1a,10000,2,1170511,0,5000,,64x64,0.0003,0.001,100
ordinary,h64x64_lr0.0003_wd0.01_k10,3,0.4505393762193054,False,24,1a,10000,2,1170511,0,5000,,64x64,0.0003,0.01,10
ordinary,h64x64_lr0.0003_wd0.01_k30,4,0.16527915233421606,False,24,1a,10000,2,1170511,0,5000,,64x64,0.0003,0.01,30
ordinary,h64x64_lr0.0003_wd0.01_k100,5,0.028413865782669225,False,24,1a,10000,2,1170511,0,5000,,64x64,0.0003,0.01,100
ordinary,h64x64_lr0.001_wd0.001_k10,6,0.12110260389121724,False,24,1a,10000,2,1170511,0,5000,,64x64,0.001,0.001,10
ordinary,h64x64_lr0.001_wd0.001_k30,7,0.014532112323029674,False,24,1a,10000,2,1170511,0,5000,,64x64,0.001,0.001,30
ordinary,h64x64_lr0.001_wd0.001_k100,8,0.01835012611386348,False,24,1a,10000,2,1170511,0,5000,,64x64,0.001,0.001,100
ordinary,h64x64_lr0.001_wd0.01_k10,9,0.1755755092524971,False,24,1a,10000,2,1170511,0,5000,,64x64,0.001,0.01,10
ordinary,h64x64_lr0.001_wd0.01_k30,10,0.037639339198987105,False,24,1a,10000,2,1170511,0,5000,,64x64,0.001,0.01,30
ordinary,h64x64_lr0.001_wd0.01_k100,11,0.004209392916334979,False,24,1a,10000,2,1170511,0,5000,,64x64,0.001,0.01,100
ordinary,h128x128_lr0.0003_wd0.001_k10,12,0.29898400058443314,False,24,1a,10000,2,1170511,0,5000,,128x128,0.0003,0.001,10
ordinary,h128x128_lr0.0003_wd0.001_k30,13,0.07614387998396688,False,24,1a,10000,2,1170511,0,5000,,128x128,0.0003,0.001,30
ordinary,h128x128_lr0.0003_wd0.001_k100,14,0.0,True,24,1a,10000,2,1170511,0,5000,,128x128,0.0003,0.001,100
ordinary,h128x128_lr0.0003_wd0.01_k10,15,0.41514855356692554,False,24,1a,10000,2,1170511,0,5000,,128x128,0.0003,0.01,10
ordinary,h128x128_lr0.0003_wd0.01_k30,16,0.1205375209396081,False,24,1a,10000,2,1170511,0,5000,,128x128,0.0003,0.01,30
ordinary,h128x128_lr0.0003_wd0.01_k100,17,0.017074166232219447,False,24,1a,10000,2,1170511,0,5000,,128x128,0.0003,0.01,100
ordinary,h128x128_lr0.001_wd0.001_k10,18,0.08646775259235863,False,24,1a,10000,2,1170511,0,5000,,128x128,0.001,0.001,10
ordinary,h128x128_lr0.001_wd0.001_k30,19,0.011038490790879124,False,24,1a,10000,2,1170511,0,5000,,128x128,0.001,0.001,30
ordinary,h128x128_lr0.001_wd0.001_k100,20,0.028705202439967593,False,24,1a,10000,2,1170511,0,5000,,128x128,0.001,0.001,100
ordinary,h128x128_lr0.001_wd0.01_k10,21,0.1237316228185979,False,24,1a,10000,2,1170511,0,5000,,128x128,0.001,0.01,10
ordinary,h128x128_lr0.001_wd0.01_k30,22,0.030195429236893334,False,24,1a,10000,2,1170511,0,5000,,128x128,0.001,0.01,30
ordinary,h128x128_lr0.001_wd0.01_k100,23,0.008316113297444342,False,24,1a,10000,2,1170511,0,5000,,128x128,0.001,0.01,100
ordinary,h64x64_lr0.0003_wd0.001_k10,0,0.4077948995239774,False,25,1a,10000,2,1170511,1,5000,,64x64,0.0003,0.001,10
ordinary,h64x64_lr0.0003_wd0.001_k30,1,0.1875086960925731,False,25,1a,10000,2,1170511,1,5000,,64x64,0.0003,0.001,30
ordinary,h64x64_lr0.0003_wd0.001_k100,2,0.01377331766945283,False,25,1a,10000,2,1170511,1,5000,,64x64,0.0003,0.001,100
ordinary,h64x64_lr0.0003_wd0.01_k10,3,0.4546552823808493,False,25,1a,10000,2,1170511,1,5000,,64x64,0.0003,0.01,10
ordinary,h64x64_lr0.0003_wd0.01_k30,4,0.22368343961038345,False,25,1a,10000,2,1170511,1,5000,,64x64,0.0003,0.01,30
ordinary,h64x64_lr0.0003_wd0.01_k100,5,0.04419032835994208,False,25,1a,10000,2,1170511,1,5000,,64x64,0.0003,0.01,100
ordinary,h64x64_lr0.001_wd0.001_k10,6,0.22045229074413009,False,25,1a,10000,2,1170511,1,5000,,64x64,0.001,0.001,10
ordinary,h64x64_lr0.001_wd0.001_k30,7,0.01620211038476106,False,25,1a,10000,2,1170511,1,5000,,64x64,0.001,0.001,30
ordinary,h64x64_lr0.001_wd0.001_k100,8,0.005398492971884753,False,25,1a,10000,2,1170511,1,5000,,64x64,0.001,0.001,100
ordinary,h64x64_lr0.001_wd0.01_k10,9,0.23733632289917303,False,25,1a,10000,2,1170511,1,5000,,64x64,0.001,0.01,10
ordinary,h64x64_lr0.001_wd0.01_k30,10,0.05162602390050645,False,25,1a,10000,2,1170511,1,5000,,64x64,0.001,0.01,30
ordinary,h64x64_lr0.001_wd0.01_k100,11,0.009934692141691731,False,25,1a,10000,2,1170511,1,5000,,64x64,0.001,0.01,100
ordinary,h128x128_lr0.0003_wd0.001_k10,12,0.32368656381739197,False,25,1a,10000,2,1170511,1,5000,,128x128,0.0003,0.001,10
ordinary,h128x128_lr0.0003_wd0.001_k30,13,0.08913264117205955,False,25,1a,10000,2,1170511,1,5000,,128x128,0.0003,0.001,30
ordinary,h128x128_lr0.0003_wd0.001_k100,14,0.003262466689635919,True,25,1a,10000,2,1170511,1,5000,,128x128,0.0003,0.001,100
ordinary,h128x128_lr0.0003_wd0.01_k10,15,0.4147044917216515,False,25,1a,10000,2,1170511,1,5000,,128x128,0.0003,0.01,10
ordinary,h128x128_lr0.0003_wd0.01_k30,16,0.15372258515186368,False,25,1a,10000,2,1170511,1,5000,,128x128,0.0003,0.01,30
ordinary,h128x128_lr0.0003_wd0.01_k100,17,0.018371019567811484,False,25,1a,10000,2,1170511,1,5000,,128x128,0.0003,0.01,100
ordinary,h128x128_lr0.001_wd0.001_k10,18,0.11560450112615234,False,25,1a,10000,2,1170511,1,5000,,128x128,0.001,0.001,10
ordinary,h128x128_lr0.001_wd0.001_k30,19,0.009469811205029828,False,25,1a,10000,2,1170511,1,5000,,128x128,0.001,0.001,30
ordinary,h128x128_lr0.001_wd0.001_k100,20,0.011474876891428109,False,25,1a,10000,2,1170511,1,5000,,128x128,0.001,0.001,100
ordinary,h128x128_lr0.001_wd0.01_k10,21,0.18175771951313488,False,25,1a,10000,2,1170511,1,5000,,128x128,0.001,0.01,10
ordinary,h128x128_lr0.001_wd0.01_k30,22,0.029386516727005995,False,25,1a,10000,2,1170511,1,5000,,128x128,0.001,0.01,30
ordinary,h128x128_lr0.001_wd0.01_k100,23,0.008889365159478016,False,25,1a,10000,2,1170511,1,5000,,128x128,0.001,0.01,100
ordinary,h64x64_lr0.0003_wd0.001_k10,0,0.41987943576398434,False,26,1a,10000,3,1270514,0,5000,,64x64,0.0003,0.001,10
ordinary,h64x64_lr0.0003_wd0.001_k30,1,0.1471543031862738,False,26,1a,10000,3,1270514,0,5000,,64x64,0.0003,0.001,30
ordinary,h64x64_lr0.0003_wd0.001_k100,2,0.01912387747069139,False,26,1a,10000,3,1270514,0,5000,,64x64,0.0003,0.001,100
ordinary,h64x64_lr0.0003_wd0.01_k10,3,0.4692055594261487,False,26,1a,10000,3,1270514,0,5000,,64x64,0.0003,0.01,10
ordinary,h64x64_lr0.0003_wd0.01_k30,4,0.19705032699600925,False,26,1a,10000,3,1270514,0,5000,,64x64,0.0003,0.01,30
ordinary,h64x64_lr0.0003_wd0.01_k100,5,0.034521047593881325,False,26,1a,10000,3,1270514,0,5000,,64x64,0.0003,0.01,100
ordinary,h64x64_lr0.001_wd0.001_k10,6,0.16382392360224685,False,26,1a,10000,3,1270514,0,5000,,64x64,0.001,0.001,10
ordinary,h64x64_lr0.001_wd0.001_k30,7,0.015750491497616922,False,26,1a,10000,3,1270514,0,5000,,64x64,0.001,0.001,30
ordinary,h64x64_lr0.001_wd0.001_k100,8,0.05513168837224888,False,26,1a,10000,3,1270514,0,5000,,64x64,0.001,0.001,100
ordinary,h64x64_lr0.001_wd0.01_k10,9,0.21088246011255748,False,26,1a,10000,3,1270514,0,5000,,64x64,0.001,0.01,10
ordinary,h64x64_lr0.001_wd0.01_k30,10,0.0436792429523587,False,26,1a,10000,3,1270514,0,5000,,64x64,0.001,0.01,30
ordinary,h64x64_lr0.001_wd0.01_k100,11,0.02118526139816491,False,26,1a,10000,3,1270514,0,5000,,64x64,0.001,0.01,100
ordinary,h128x128_lr0.0003_wd0.001_k10,12,0.33733371607983414,False,26,1a,10000,3,1270514,0,5000,,128x128,0.0003,0.001,10
ordinary,h128x128_lr0.0003_wd0.001_k30,13,0.09388922139345601,False,26,1a,10000,3,1270514,0,5000,,128x128,0.0003,0.001,30
ordinary,h128x128_lr0.0003_wd0.001_k100,14,0.028032813458277416,False,26,1a,10000,3,1270514,0,5000,,128x128,0.0003,0.001,100
ordinary,h128x128_lr0.0003_wd0.01_k10,15,0.43838491862029433,False,26,1a,10000,3,1270514,0,5000,,128x128,0.0003,0.01,10
ordinary,h128x128_lr0.0003_wd0.01_k30,16,0.1476068973296616,False,26,1a,10000,3,1270514,0,5000,,128x128,0.0003,0.01,30
ordinary,h128x128_lr0.0003_wd0.01_k100,17,0.014975893612508834,True,26,1a,10000,3,1270514,0,5000,,128x128,0.0003,0.01,100
ordinary,h128x128_lr0.001_wd0.001_k10,18,0.11660076415207342,False,26,1a,10000,3,1270514,0,5000,,128x128,0.001,0.001,10
ordinary,h128x128_lr0.001_wd0.001_k30,19,0.015982514262679194,False,26,1a,10000,3,1270514,0,5000,,128x128,0.001,0.001,30
ordinary,h128x128_lr0.001_wd0.001_k100,20,0.06716666055060146,False,26,1a,10000,3,1270514,0,5000,,128x128,0.001,0.001,100
ordinary,h128x128_lr0.001_wd0.01_k10,21,0.16270502843497356,False,26,1a,10000,3,1270514,0,5000,,128x128,0.001,0.01,10
ordinary,h128x128_lr0.001_wd0.01_k30,22,0.024148169536309275,False,26,1a,10000,3,1270514,0,5000,,128x128,0.001,0.01,30
ordinary,h128x128_lr0.001_wd0.01_k100,23,0.03462757300947834,False,26,1a,10000,3,1270514,0,5000,,128x128,0.001,0.01,100
ordinary,h64x64_lr0.0003_wd0.001_k10,0,0.4283753419220058,False,27,1a,10000,3,1270514,1,5000,,64x64,0.0003,0.001,10
ordinary,h64x64_lr0.0003_wd0.001_k30,1,0.1818822338917626,False,27,1a,10000,3,1270514,1,5000,,64x64,0.0003,0.001,30
ordinary,h64x64_lr0.0003_wd0.001_k100,2,0.010408753012790036,False,27,1a,10000,3,1270514,1,5000,,64x64,0.0003,0.001,100
ordinary,h64x64_lr0.0003_wd0.01_k10,3,0.4681930879039963,False,27,1a,10000,3,1270514,1,5000,,64x64,0.0003,0.01,10
ordinary,h64x64_lr0.0003_wd0.01_k30,4,0.2319611624834264,False,27,1a,10000,3,1270514,1,5000,,64x64,0.0003,0.01,30
ordinary,h64x64_lr0.0003_wd0.01_k100,5,0.04090040215722506,False,27,1a,10000,3,1270514,1,5000,,64x64,0.0003,0.01,100
ordinary,h64x64_lr0.001_wd0.001_k10,6,0.201136650607937,False,27,1a,10000,3,1270514,1,5000,,64x64,0.001,0.001,10
ordinary,h64x64_lr0.001_wd0.001_k30,7,0.01394545721850106,False,27,1a,10000,3,1270514,1,5000,,64x64,0.001,0.001,30
ordinary,h64x64_lr0.001_wd0.001_k100,8,0.006798570589930181,False,27,1a,10000,3,1270514,1,5000,,64x64,0.001,0.001,100
ordinary,h64x64_lr0.001_wd0.01_k10,9,0.24433164847939912,False,27,1a,10000,3,1270514,1,5000,,64x64,0.001,0.01,10
ordinary,h64x64_lr0.001_wd0.01_k30,10,0.04758195859785082,False,27,1a,10000,3,1270514,1,5000,,64x64,0.001,0.01,30
ordinary,h64x64_lr0.001_wd0.01_k100,11,0.007312429905924319,False,27,1a,10000,3,1270514,1,5000,,64x64,0.001,0.01,100
ordinary,h128x128_lr0.0003_wd0.001_k10,12,0.33951126863406417,False,27,1a,10000,3,1270514,1,5000,,128x128,0.0003,0.001,10
ordinary,h128x128_lr0.0003_wd0.001_k30,13,0.09770870937464042,False,27,1a,10000,3,1270514,1,5000,,128x128,0.0003,0.001,30
ordinary,h128x128_lr0.0003_wd0.001_k100,14,0.007304188157623555,False,27,1a,10000,3,1270514,1,5000,,128x128,0.0003,0.001,100
ordinary,h128x128_lr0.0003_wd0.01_k10,15,0.43560425681100734,False,27,1a,10000,3,1270514,1,5000,,128x128,0.0003,0.01,10
ordinary,h128x128_lr0.0003_wd0.01_k30,16,0.1647262338300028,False,27,1a,10000,3,1270514,1,5000,,128x128,0.0003,0.01,30
ordinary,h128x128_lr0.0003_wd0.01_k100,17,0.019363680166092165,False,27,1a,10000,3,1270514,1,5000,,128x128,0.0003,0.01,100
ordinary,h128x128_lr0.001_wd0.001_k10,18,0.13100835541434838,False,27,1a,10000,3,1270514,1,5000,,128x128,0.001,0.001,10
ordinary,h128x128_lr0.001_wd0.001_k30,19,0.005436832546176956,True,27,1a,10000,3,1270514,1,5000,,128x128,0.001,0.001,30
ordinary,h128x128_lr0.001_wd0.001_k100,20,0.017156156905554432,False,27,1a,10000,3,1270514,1,5000,,128x128,0.001,0.001,100
ordinary,h128x128_lr0.001_wd0.01_k10,21,0.182687606616961,False,27,1a,10000,3,1270514,1,5000,,128x128,0.001,0.01,10
ordinary,h128x128_lr0.001_wd0.01_k30,22,0.01643133833559426,False,27,1a,10000,3,1270514,1,5000,,128x128,0.001,0.01,30
ordinary,h128x128_lr0.001_wd0.01_k100,23,0.006269630886336868,False,27,1a,10000,3,1270514,1,5000,,128x128,0.001,0.01,100
ordinary,h64x64_lr0.0003_wd0.001_k10,0,0.43363959403687197,False,28,1a,10000,4,1370517,0,5000,,64x64,0.0003,0.001,10
ordinary,h64x64_lr0.0003_wd0.001_k30,1,0.180726298760502,False,28,1a,10000,4,1370517,0,5000,,64x64,0.0003,0.001,30
ordinary,h64x64_lr0.0003_wd0.001_k100,2,0.01943032645684575,False,28,1a,10000,4,1370517,0,5000,,64x64,0.0003,0.001,100
ordinary,h64x64_lr0.0003_wd0.01_k10,3,0.4864412330498651,False,28,1a,10000,4,1370517,0,5000,,64x64,0.0003,0.01,10
ordinary,h64x64_lr0.0003_wd0.01_k30,4,0.2417630251107817,False,28,1a,10000,4,1370517,0,5000,,64x64,0.0003,0.01,30
ordinary,h64x64_lr0.0003_wd0.01_k100,5,0.058131043652095156,False,28,1a,10000,4,1370517,0,5000,,64x64,0.0003,0.01,100
ordinary,h64x64_lr0.001_wd0.001_k10,6,0.1991836483135804,False,28,1a,10000,4,1370517,0,5000,,64x64,0.001,0.001,10
ordinary,h64x64_lr0.001_wd0.001_k30,7,0.029549022456813,False,28,1a,10000,4,1370517,0,5000,,64x64,0.001,0.001,30
ordinary,h64x64_lr0.001_wd0.001_k100,8,0.0075356804519300675,False,28,1a,10000,4,1370517,0,5000,,64x64,0.001,0.001,100
ordinary,h64x64_lr0.001_wd0.01_k10,9,0.25232064956112005,False,28,1a,10000,4,1370517,0,5000,,64x64,0.001,0.01,10
ordinary,h64x64_lr0.001_wd0.01_k30,10,0.06687635283228606,False,28,1a,10000,4,1370517,0,5000,,64x64,0.001,0.01,30
ordinary,h64x64_lr0.001_wd0.01_k100,11,0.008018800512437424,False,28,1a,10000,4,1370517,0,5000,,64x64,0.001,0.01,100
ordinary,h128x128_lr0.0003_wd0.001_k10,12,0.3290551645868198,False,28,1a,10000,4,1370517,0,5000,,128x128,0.0003,0.001,10
ordinary,h128x128_lr0.0003_wd0.001_k30,13,0.08807340526361283,False,28,1a,10000,4,1370517,0,5000,,128x128,0.0003,0.001,30
ordinary,h128x128_lr0.0003_wd0.001_k100,14,0.005389109293091512,True,28,1a,10000,4,1370517,0,5000,,128x128,0.0003,0.001,100
ordinary,h128x128_lr0.0003_wd0.01_k10,15,0.44821465305777014,False,28,1a,10000,4,1370517,0,5000,,128x128,0.0003,0.01,10
ordinary,h128x128_lr0.0003_wd0.01_k30,16,0.12991640729660045,False,28,1a,10000,4,1370517,0,5000,,128x128,0.0003,0.01,30
ordinary,h128x128_lr0.0003_wd0.01_k100,17,0.01883457519442073,False,28,1a,10000,4,1370517,0,5000,,128x128,0.0003,0.01,100
ordinary,h128x128_lr0.001_wd0.001_k10,18,0.09445404195169406,False,28,1a,10000,4,1370517,0,5000,,128x128,0.001,0.001,10
ordinary,h128x128_lr0.001_wd0.001_k30,19,0.008645906854792692,False,28,1a,10000,4,1370517,0,5000,,128x128,0.001,0.001,30
ordinary,h128x128_lr0.001_wd0.001_k100,20,0.017237113559067787,False,28,1a,10000,4,1370517,0,5000,,128x128,0.001,0.001,100
ordinary,h128x128_lr0.001_wd0.01_k10,21,0.14405981076195917,False,28,1a,10000,4,1370517,0,5000,,128x128,0.001,0.01,10
ordinary,h128x128_lr0.001_wd0.01_k30,22,0.026255688539489973,False,28,1a,10000,4,1370517,0,5000,,128x128,0.001,0.01,30
ordinary,h128x128_lr0.001_wd0.01_k100,23,0.00573923089519761,False,28,1a,10000,4,1370517,0,5000,,128x128,0.001,0.01,100
ordinary,h64x64_lr0.0003_wd0.001_k10,0,0.42583890626535886,False,29,1a,10000,4,1370517,1,5000,,64x64,0.0003,0.001,10
ordinary,h64x64_lr0.0003_wd0.001_k30,1,0.152604158453556,False,29,1a,10000,4,1370517,1,5000,,64x64,0.0003,0.001,30
ordinary,h64x64_lr0.0003_wd0.001_k100,2,0.021959326785140697,False,29,1a,10000,4,1370517,1,5000,,64x64,0.0003,0.001,100
ordinary,h64x64_lr0.0003_wd0.01_k10,3,0.4744279558705545,False,29,1a,10000,4,1370517,1,5000,,64x64,0.0003,0.01,10
ordinary,h64x64_lr0.0003_wd0.01_k30,4,0.1957667979108946,False,29,1a,10000,4,1370517,1,5000,,64x64,0.0003,0.01,30
ordinary,h64x64_lr0.0003_wd0.01_k100,5,0.05285955479664328,False,29,1a,10000,4,1370517,1,5000,,64x64,0.0003,0.01,100
ordinary,h64x64_lr0.001_wd0.001_k10,6,0.17068503810317104,False,29,1a,10000,4,1370517,1,5000,,64x64,0.001,0.001,10
ordinary,h64x64_lr0.001_wd0.001_k30,7,0.03517308105967149,False,29,1a,10000,4,1370517,1,5000,,64x64,0.001,0.001,30
ordinary,h64x64_lr0.001_wd0.001_k100,8,0.014332876745437602,False,29,1a,10000,4,1370517,1,5000,,64x64,0.001,0.001,100
ordinary,h64x64_lr0.001_wd0.01_k10,9,0.20702723918007285,False,29,1a,10000,4,1370517,1,5000,,64x64,0.001,0.01,10
ordinary,h64x64_lr0.001_wd0.01_k30,10,0.06662087618257602,False,29,1a,10000,4,1370517,1,5000,,64x64,0.001,0.01,30
ordinary,h64x64_lr0.001_wd0.01_k100,11,0.010257181222231612,False,29,1a,10000,4,1370517,1,5000,,64x64,0.001,0.01,100
ordinary,h128x128_lr0.0003_wd0.001_k10,12,0.31594267606105997,False,29,1a,10000,4,1370517,1,5000,,128x128,0.0003,0.001,10
ordinary,h128x128_lr0.0003_wd0.001_k30,13,0.09553267833401108,False,29,1a,10000,4,1370517,1,5000,,128x128,0.0003,0.001,30
ordinary,h128x128_lr0.0003_wd0.001_k100,14,0.007648556047588785,True,29,1a,10000,4,1370517,1,5000,,128x128,0.0003,0.001,100
ordinary,h128x128_lr0.0003_wd0.01_k10,15,0.43052534773683204,False,29,1a,10000,4,1370517,1,5000,,128x128,0.0003,0.01,10
ordinary,h128x128_lr0.0003_wd0.01_k30,16,0.13030014097999282,False,29,1a,10000,4,1370517,1,5000,,128x128,0.0003,0.01,30
ordinary,h128x128_lr0.0003_wd0.01_k100,17,0.029685743949153017,False,29,1a,10000,4,1370517,1,5000,,128x128,0.0003,0.01,100
ordinary,h128x128_lr0.001_wd0.001_k10,18,0.11691569565871777,False,29,1a,10000,4,1370517,1,5000,,128x128,0.001,0.001,10
ordinary,h128x128_lr0.001_wd0.001_k30,19,0.03891669842438325,False,29,1a,10000,4,1370517,1,5000,,128x128,0.001,0.001,30
ordinary,h128x128_lr0.001_wd0.001_k100,20,0.0183556194887985,False,29,1a,10000,4,1370517,1,5000,,128x128,0.001,0.001,100
ordinary,h128x128_lr0.001_wd0.01_k10,21,0.1407502989038961,False,29,1a,10000,4,1370517,1,5000,,128x128,0.001,0.01,10
ordinary,h128x128_lr0.001_wd0.01_k30,22,0.05013166305010596,False,29,1a,10000,4,1370517,1,5000,,128x128,0.001,0.01,30
ordinary,h128x128_lr0.001_wd0.01_k100,23,0.009356578843491723,False,29,1a,10000,4,1370517,1,5000,,128x128,0.001,0.01,100
ordinary,h64x64_lr0.0003_wd0.001_k10,0,0.3960064888808069,False,30,1a,10000,5,1470520,0,5000,,64x64,0.0003,0.001,10
ordinary,h64x64_lr0.0003_wd0.001_k30,1,0.13654160328654402,False,30,1a,10000,5,1470520,0,5000,,64x64,0.0003,0.001,30
ordinary,h64x64_lr0.0003_wd0.001_k100,2,0.009888894546883872,False,30,1a,10000,5,1470520,0,5000,,64x64,0.0003,0.001,100
ordinary,h64x64_lr0.0003_wd0.01_k10,3,0.44176489228070126,False,30,1a,10000,5,1470520,0,5000,,64x64,0.0003,0.01,10
ordinary,h64x64_lr0.0003_wd0.01_k30,4,0.1902330950667726,False,30,1a,10000,5,1470520,0,5000,,64x64,0.0003,0.01,30
ordinary,h64x64_lr0.0003_wd0.01_k100,5,0.03759340480609324,False,30,1a,10000,5,1470520,0,5000,,64x64,0.0003,0.01,100
ordinary,h64x64_lr0.001_wd0.001_k10,6,0.14871354883141955,False,30,1a,10000,5,1470520,0,5000,,64x64,0.001,0.001,10
ordinary,h64x64_lr0.001_wd0.001_k30,7,0.01770487484214763,False,30,1a,10000,5,1470520,0,5000,,64x64,0.001,0.001,30
ordinary,h64x64_lr0.001_wd0.001_k100,8,0.005751311397897312,False,30,1a,10000,5,1470520,0,5000,,64x64,0.001,0.001,100
ordinary,h64x64_lr0.001_wd0.01_k10,9,0.19763844857544918,False,30,1a,10000,5,1470520,0,5000,,64x64,0.001,0.01,10
ordinary,h64x64_lr0.001_wd0.01_k30,10,0.04388873992469908,False,30,1a,10000,5,1470520,0,5000,,64x64,0.001,0.01,30
ordinary,h64x64_lr0.001_wd0.01_k100,11,0.01301114898430101,False,30,1a,10000,5,1470520,0,5000,,64x64,0.001,0.01,100
ordinary,h128x128_lr0.0003_wd0.001_k10,12,0.2777101593595921,False,30,1a,10000,5,1470520,0,5000,,128x128,0.0003,0.001,10
ordinary,h128x128_lr0.0003_wd0.001_k30,13,0.06813004382662408,False,30,1a,10000,5,1470520,0,5000,,128x128,0.0003,0.001,30
ordinary,h128x128_lr0.0003_wd0.001_k100,14,0.0024010367552017246,True,30,1a,10000,5,1470520,0,5000,,128x128,0.0003,0.001,100
ordinary,h128x128_lr0.0003_wd0.01_k10,15,0.38876224901520084,False,30,1a,10000,5,1470520,0,5000,,128x128,0.0003,0.01,10
ordinary,h128x128_lr0.0003_wd0.01_k30,16,0.1162450487129629,False,30,1a,10000,5,1470520,0,5000,,128x128,0.0003,0.01,30
ordinary,h128x128_lr0.0003_wd0.01_k100,17,0.01990103982307249,False,30,1a,10000,5,1470520,0,5000,,128x128,0.0003,0.01,100
ordinary,h128x128_lr0.001_wd0.001_k10,18,0.07776396804397033,False,30,1a,10000,5,1470520,0,5000,,128x128,0.001,0.001,10
ordinary,h128x128_lr0.001_wd0.001_k30,19,0.010742077538077155,False,30,1a,10000,5,1470520,0,5000,,128x128,0.001,0.001,30
ordinary,h128x128_lr0.001_wd0.001_k100,20,0.010888024066547666,False,30,1a,10000,5,1470520,0,5000,,128x128,0.001,0.001,100
ordinary,h128x128_lr0.001_wd0.01_k10,21,0.12054670733433565,False,30,1a,10000,5,1470520,0,5000,,128x128,0.001,0.01,10
ordinary,h128x128_lr0.001_wd0.01_k30,22,0.025296080627361904,False,30,1a,10000,5,1470520,0,5000,,128x128,0.001,0.01,30
ordinary,h128x128_lr0.001_wd0.01_k100,23,0.014996430988154652,False,30,1a,10000,5,1470520,0,5000,,128x128,0.001,0.01,100
ordinary,h64x64_lr0.0003_wd0.001_k10,0,0.46006244917751943,False,31,1a,10000,5,1470520,1,5000,,64x64,0.0003,0.001,10
ordinary,h64x64_lr0.0003_wd0.001_k30,1,0.14255593720171802,False,31,1a,10000,5,1470520,1,5000,,64x64,0.0003,0.001,30
ordinary,h64x64_lr0.0003_wd0.001_k100,2,0.019221671075940115,False,31,1a,10000,5,1470520,1,5000,,64x64,0.0003,0.001,100
ordinary,h64x64_lr0.0003_wd0.01_k10,3,0.5067399272473517,False,31,1a,10000,5,1470520,1,5000,,64x64,0.0003,0.01,10
ordinary,h64x64_lr0.0003_wd0.01_k30,4,0.19436694122718554,False,31,1a,10000,5,1470520,1,5000,,64x64,0.0003,0.01,30
ordinary,h64x64_lr0.0003_wd0.01_k100,5,0.025538530801801178,False,31,1a,10000,5,1470520,1,5000,,64x64,0.0003,0.01,100
ordinary,h64x64_lr0.001_wd0.001_k10,6,0.1641714526968885,False,31,1a,10000,5,1470520,1,5000,,64x64,0.001,0.001,10
ordinary,h64x64_lr0.001_wd0.001_k30,7,0.0043939304999381906,True,31,1a,10000,5,1470520,1,5000,,64x64,0.001,0.001,30
ordinary,h64x64_lr0.001_wd0.001_k100,8,0.046045417885963724,False,31,1a,10000,5,1470520,1,5000,,64x64,0.001,0.001,100
ordinary,h64x64_lr0.001_wd0.01_k10,9,0.2097999342863984,False,31,1a,10000,5,1470520,1,5000,,64x64,0.001,0.01,10
ordinary,h64x64_lr0.001_wd0.01_k30,10,0.03230488520832405,False,31,1a,10000,5,1470520,1,5000,,64x64,0.001,0.01,30
ordinary,h64x64_lr0.001_wd0.01_k100,11,0.02419956917643538,False,31,1a,10000,5,1470520,1,5000,,64x64,0.001,0.01,100
ordinary,h128x128_lr0.0003_wd0.001_k10,12,0.29502961236668274,False,31,1a,10000,5,1470520,1,5000,,128x128,0.0003,0.001,10
ordinary,h128x128_lr0.0003_wd0.001_k30,13,0.07325691743442131,False,31,1a,10000,5,1470520,1,5000,,128x128,0.0003,0.001,30
ordinary,h128x128_lr0.0003_wd0.001_k100,14,0.026458020633539844,False,31,1a,10000,5,1470520,1,5000,,128x128,0.0003,0.001,100
ordinary,h128x128_lr0.0003_wd0.01_k10,15,0.4256524707401993,False,31,1a,10000,5,1470520,1,5000,,128x128,0.0003,0.01,10
ordinary,h128x128_lr0.0003_wd0.01_k30,16,0.12833692950171902,False,31,1a,10000,5,1470520,1,5000,,128x128,0.0003,0.01,30
ordinary,h128x128_lr0.0003_wd0.01_k100,17,0.012183116938494163,False,31,1a,10000,5,1470520,1,5000,,128x128,0.0003,0.01,100
ordinary,h128x128_lr0.001_wd0.001_k10,18,0.08794699236073004,False,31,1a,10000,5,1470520,1,5000,,128x128,0.001,0.001,10
ordinary,h128x128_lr0.001_wd0.001_k30,19,0.004659853669981514,False,31,1a,10000,5,1470520,1,5000,,128x128,0.001,0.001,30
ordinary,h128x128_lr0.001_wd0.001_k100,20,0.053905440795109796,False,31,1a,10000,5,1470520,1,5000,,128x128,0.001,0.001,100
ordinary,h128x128_lr0.001_wd0.01_k10,21,0.14332942446712182,False,31,1a,10000,5,1470520,1,5000,,128x128,0.001,0.01,10
ordinary,h128x128_lr0.001_wd0.01_k30,22,0.012781822307043497,False,31,1a,10000,5,1470520,1,5000,,128x128,0.001,0.01,30
ordinary,h128x128_lr0.001_wd0.01_k100,23,0.03396306744071166,False,31,1a,10000,5,1470520,1,5000,,128x128,0.001,0.01,100
ordinary,h64x64_lr0.0003_wd0.001_k10,0,0.38890346637383105,False,32,1a,10000,6,1570523,0,5000,,64x64,0.0003,0.001,10
ordinary,h64x64_lr0.0003_wd0.001_k30,1,0.1605813457257206,False,32,1a,10000,6,1570523,0,5000,,64x64,0.0003,0.001,30
ordinary,h64x64_lr0.0003_wd0.001_k100,2,0.021302460878831253,False,32,1a,10000,6,1570523,0,5000,,64x64,0.0003,0.001,100
ordinary,h64x64_lr0.0003_wd0.01_k10,3,0.4423024477586312,False,32,1a,10000,6,1570523,0,5000,,64x64,0.0003,0.01,10
ordinary,h64x64_lr0.0003_wd0.01_k30,4,0.20966853257078646,False,32,1a,10000,6,1570523,0,5000,,64x64,0.0003,0.01,30
ordinary,h64x64_lr0.0003_wd0.01_k100,5,0.048471550332021066,False,32,1a,10000,6,1570523,0,5000,,64x64,0.0003,0.01,100
ordinary,h64x64_lr0.001_wd0.001_k10,6,0.1757426088897956,False,32,1a,10000,6,1570523,0,5000,,64x64,0.001,0.001,10
ordinary,h64x64_lr0.001_wd0.001_k30,7,0.02943959857025443,False,32,1a,10000,6,1570523,0,5000,,64x64,0.001,0.001,30
ordinary,h64x64_lr0.001_wd0.001_k100,8,0.014710682358493656,False,32,1a,10000,6,1570523,0,5000,,64x64,0.001,0.001,100
ordinary,h64x64_lr0.001_wd0.01_k10,9,0.21196383626405615,False,32,1a,10000,6,1570523,0,5000,,64x64,0.001,0.01,10
ordinary,h64x64_lr0.001_wd0.01_k30,10,0.0490311120049737,False,32,1a,10000,6,1570523,0,5000,,64x64,0.001,0.01,30
ordinary,h64x64_lr0.001_wd0.01_k100,11,0.013487033548603845,False,32,1a,10000,6,1570523,0,5000,,64x64,0.001,0.01,100
ordinary,h128x128_lr0.0003_wd0.001_k10,12,0.28402174909516686,False,32,1a,10000,6,1570523,0,5000,,128x128,0.0003,0.001,10
ordinary,h128x128_lr0.0003_wd0.001_k30,13,0.0819612726672349,False,32,1a,10000,6,1570523,0,5000,,128x128,0.0003,0.001,30
ordinary,h128x128_lr0.0003_wd0.001_k100,14,0.006587358363462936,True,32,1a,10000,6,1570523,0,5000,,128x128,0.0003,0.001,100
ordinary,h128x128_lr0.0003_wd0.01_k10,15,0.3991541372675719,False,32,1a,10000,6,1570523,0,5000,,128x128,0.0003,0.01,10
ordinary,h128x128_lr0.0003_wd0.01_k30,16,0.13492397023061473,False,32,1a,10000,6,1570523,0,5000,,128x128,0.0003,0.01,30
ordinary,h128x128_lr0.0003_wd0.01_k100,17,0.023923593635297384,False,32,1a,10000,6,1570523,0,5000,,128x128,0.0003,0.01,100
ordinary,h128x128_lr0.001_wd0.001_k10,18,0.096812672271828,False,32,1a,10000,6,1570523,0,5000,,128x128,0.001,0.001,10
ordinary,h128x128_lr0.001_wd0.001_k30,19,0.01890868177373349,False,32,1a,10000,6,1570523,0,5000,,128x128,0.001,0.001,30
ordinary,h128x128_lr0.001_wd0.001_k100,20,0.015079830947553616,False,32,1a,10000,6,1570523,0,5000,,128x128,0.001,0.001,100
ordinary,h128x128_lr0.001_wd0.01_k10,21,0.148720857884694,False,32,1a,10000,6,1570523,0,5000,,128x128,0.001,0.01,10
ordinary,h128x128_lr0.001_wd0.01_k30,22,0.027820719637455613,False,32,1a,10000,6,1570523,0,5000,,128x128,0.001,0.01,30
ordinary,h128x128_lr0.001_wd0.01_k100,23,0.01625132579526049,False,32,1a,10000,6,1570523,0,5000,,128x128,0.001,0.01,100
ordinary,h64x64_lr0.0003_wd0.001_k10,0,0.4137657212966508,False,33,1a,10000,6,1570523,1,5000,,64x64,0.0003,0.001,10
ordinary,h64x64_lr0.0003_wd0.001_k30,1,0.13265250239166518,False,33,1a,10000,6,1570523,1,5000,,64x64,0.0003,0.001,30
ordinary,h64x64_lr0.0003_wd0.001_k100,2,0.001143120435579449,True,33,1a,10000,6,1570523,1,5000,,64x64,0.0003,0.001,100
ordinary,h64x64_lr0.0003_wd0.01_k10,3,0.45304576579534656,False,33,1a,10000,6,1570523,1,5000,,64x64,0.0003,0.01,10
ordinary,h64x64_lr0.0003_wd0.01_k30,4,0.1899905958294551,False,33,1a,10000,6,1570523,1,5000,,64x64,0.0003,0.01,30
ordinary,h64x64_lr0.0003_wd0.01_k100,5,0.029472434781605418,False,33,1a,10000,6,1570523,1,5000,,64x64,0.0003,0.01,100
ordinary,h64x64_lr0.001_wd0.001_k10,6,0.1491089390000405,False,33,1a,10000,6,1570523,1,5000,,64x64,0.001,0.001,10
ordinary,h64x64_lr0.001_wd0.001_k30,7,0.0051659551748836135,False,33,1a,10000,6,1570523,1,5000,,64x64,0.001,0.001,30
ordinary,h64x64_lr0.001_wd0.001_k100,8,0.013331412813110734,False,33,1a,10000,6,1570523,1,5000,,64x64,0.001,0.001,100
ordinary,h64x64_lr0.001_wd0.01_k10,9,0.20594953495909377,False,33,1a,10000,6,1570523,1,5000,,64x64,0.001,0.01,10
ordinary,h64x64_lr0.001_wd0.01_k30,10,0.041577192130231005,False,33,1a,10000,6,1570523,1,5000,,64x64,0.001,0.01,30
ordinary,h64x64_lr0.001_wd0.01_k100,11,0.005996044743255697,False,33,1a,10000,6,1570523,1,5000,,64x64,0.001,0.01,100
ordinary,h128x128_lr0.0003_wd0.001_k10,12,0.2907282969010873,False,33,1a,10000,6,1570523,1,5000,,128x128,0.0003,0.001,10
ordinary,h128x128_lr0.0003_wd0.001_k30,13,0.08016895139417528,False,33,1a,10000,6,1570523,1,5000,,128x128,0.0003,0.001,30
ordinary,h128x128_lr0.0003_wd0.001_k100,14,0.002592115508653455,False,33,1a,10000,6,1570523,1,5000,,128x128,0.0003,0.001,100
ordinary,h128x128_lr0.0003_wd0.01_k10,15,0.39669316168231933,False,33,1a,10000,6,1570523,1,5000,,128x128,0.0003,0.01,10
ordinary,h128x128_lr0.0003_wd0.01_k30,16,0.1291292472085521,False,33,1a,10000,6,1570523,1,5000,,128x128,0.0003,0.01,30
ordinary,h128x128_lr0.0003_wd0.01_k100,17,0.010991181817765717,False,33,1a,10000,6,1570523,1,5000,,128x128,0.0003,0.01,100
ordinary,h128x128_lr0.001_wd0.001_k10,18,0.09872484214646976,False,33,1a,10000,6,1570523,1,5000,,128x128,0.001,0.001,10
ordinary,h128x128_lr0.001_wd0.001_k30,19,0.003850859690389661,False,33,1a,10000,6,1570523,1,5000,,128x128,0.001,0.001,30
ordinary,h128x128_lr0.001_wd0.001_k100,20,0.017272653134698147,False,33,1a,10000,6,1570523,1,5000,,128x128,0.001,0.001,100
ordinary,h128x128_lr0.001_wd0.01_k10,21,0.13806138788502723,False,33,1a,10000,6,1570523,1,5000,,128x128,0.001,0.01,10
ordinary,h128x128_lr0.001_wd0.01_k30,22,0.016947258611460084,False,33,1a,10000,6,1570523,1,5000,,128x128,0.001,0.01,30
ordinary,h128x128_lr0.001_wd0.01_k100,23,0.00548379603747611,False,33,1a,10000,6,1570523,1,5000,,128x128,0.001,0.01,100
ordinary,h64x64_lr0.0003_wd0.001_k10,0,0.4292310357300842,False,34,1a,10000,7,1670526,0,5000,,64x64,0.0003,0.001,10
ordinary,h64x64_lr0.0003_wd0.001_k30,1,0.16762417054543896,False,34,1a,10000,7,1670526,0,5000,,64x64,0.0003,0.001,30
ordinary,h64x64_lr0.0003_wd0.001_k100,2,0.009664537563363973,False,34,1a,10000,7,1670526,0,5000,,64x64,0.0003,0.001,100
ordinary,h64x64_lr0.0003_wd0.01_k10,3,0.47589936064413735,False,34,1a,10000,7,1670526,0,5000,,64x64,0.0003,0.01,10
ordinary,h64x64_lr0.0003_wd0.01_k30,4,0.22799068598090363,False,34,1a,10000,7,1670526,0,5000,,64x64,0.0003,0.01,30
ordinary,h64x64_lr0.0003_wd0.01_k100,5,0.04506987487643684,False,34,1a,10000,7,1670526,0,5000,,64x64,0.0003,0.01,100
ordinary,h64x64_lr0.001_wd0.001_k10,6,0.18591037980256048,False,34,1a,10000,7,1670526,0,5000,,64x64,0.001,0.001,10
ordinary,h64x64_lr0.001_wd0.001_k30,7,0.014664958440243951,False,34,1a,10000,7,1670526,0,5000,,64x64,0.001,0.001,30
ordinary,h64x64_lr0.001_wd0.001_k100,8,0.015250828379519056,False,34,1a,10000,7,1670526,0,5000,,64x64,0.001,0.001,100
ordinary,h64x64_lr0.001_wd0.01_k10,9,0.2408323715337669,False,34,1a,10000,7,1670526,0,5000,,64x64,0.001,0.01,10
ordinary,h64x64_lr0.001_wd0.01_k30,10,0.049773189474959935,False,34,1a,10000,7,1670526,0,5000,,64x64,0.001,0.01,30
ordinary,h64x64_lr0.001_wd0.01_k100,11,0.011647254308788074,False,34,1a,10000,7,1670526,0,5000,,64x64,0.001,0.01,100
ordinary,h128x128_lr0.0003_wd0.001_k10,12,0.33851489001099405,False,34,1a,10000,7,1670526,0,5000,,128x128,0.0003,0.001,10
ordinary,h128x128_lr0.0003_wd0.001_k30,13,0.09474572633410752,False,34,1a,10000,7,1670526,0,5000,,128x128,0.0003,0.001,30
ordinary,h128x128_lr0.0003_wd0.001_k100,14,0.006695015683412521,False,34,1a,10000,7,1670526,0,5000,,128x128,0.0003,0.001,100
ordinary,h128x128_lr0.0003_wd0.01_k10,15,0.4430849403693563,False,34,1a,10000,7,1670526,0,5000,,128x128,0.0003,0.01,10
ordinary,h128x128_lr0.0003_wd0.01_k30,16,0.14505371521752017,False,34,1a,10000,7,1670526,0,5000,,128x128,0.0003,0.01,30
ordinary,h128x128_lr0.0003_wd0.01_k100,17,0.01913020268421063,False,34,1a,10000,7,1670526,0,5000,,128x128,0.0003,0.01,100
ordinary,h128x128_lr0.001_wd0.001_k10,18,0.10330562191998986,False,34,1a,10000,7,1670526,0,5000,,128x128,0.001,0.001,10
ordinary,h128x128_lr0.001_wd0.001_k30,19,0.0010251740091325515,True,34,1a,10000,7,1670526,0,5000,,128x128,0.001,0.001,30
ordinary,h128x128_lr0.001_wd0.001_k100,20,0.023472482440381796,False,34,1a,10000,7,1670526,0,5000,,128x128,0.001,0.001,100
ordinary,h128x128_lr0.001_wd0.01_k10,21,0.1552208104681196,False,34,1a,10000,7,1670526,0,5000,,128x128,0.001,0.01,10
ordinary,h128x128_lr0.001_wd0.01_k30,22,0.013330263218211956,False,34,1a,10000,7,1670526,0,5000,,128x128,0.001,0.01,30
ordinary,h128x128_lr0.001_wd0.01_k100,23,0.011180020491995256,False,34,1a,10000,7,1670526,0,5000,,128x128,0.001,0.01,100
ordinary,h64x64_lr0.0003_wd0.001_k10,0,0.3858314409260558,False,35,1a,10000,7,1670526,1,5000,,64x64,0.0003,0.001,10
ordinary,h64x64_lr0.0003_wd0.001_k30,1,0.10864707193257722,False,35,1a,10000,7,1670526,1,5000,,64x64,0.0003,0.001,30
ordinary,h64x64_lr0.0003_wd0.001_k100,2,0.007178265714472416,True,35,1a,10000,7,1670526,1,5000,,64x64,0.0003,0.001,100
ordinary,h64x64_lr0.0003_wd0.01_k10,3,0.4260291754758827,False,35,1a,10000,7,1670526,1,5000,,64x64,0.0003,0.01,10
ordinary,h64x64_lr0.0003_wd0.01_k30,4,0.1606536043715292,False,35,1a,10000,7,1670526,1,5000,,64x64,0.0003,0.01,30
ordinary,h64x64_lr0.0003_wd0.01_k100,5,0.03203110631626725,False,35,1a,10000,7,1670526,1,5000,,64x64,0.0003,0.01,100
ordinary,h64x64_lr0.001_wd0.001_k10,6,0.12565393954102302,False,35,1a,10000,7,1670526,1,5000,,64x64,0.001,0.001,10
ordinary,h64x64_lr0.001_wd0.001_k30,7,0.017501702751869935,False,35,1a,10000,7,1670526,1,5000,,64x64,0.001,0.001,30
ordinary,h64x64_lr0.001_wd0.001_k100,8,0.007986236041174549,False,35,1a,10000,7,1670526,1,5000,,64x64,0.001,0.001,100
ordinary,h64x64_lr0.001_wd0.01_k10,9,0.18420052254286176,False,35,1a,10000,7,1670526,1,5000,,64x64,0.001,0.01,10
ordinary,h64x64_lr0.001_wd0.01_k30,10,0.039220283611168895,False,35,1a,10000,7,1670526,1,5000,,64x64,0.001,0.01,30
ordinary,h64x64_lr0.001_wd0.01_k100,11,0.011829967626869687,False,35,1a,10000,7,1670526,1,5000,,64x64,0.001,0.01,100
ordinary,h128x128_lr0.0003_wd0.001_k10,12,0.2791648198989391,False,35,1a,10000,7,1670526,1,5000,,128x128,0.0003,0.001,10
ordinary,h128x128_lr0.0003_wd0.001_k30,13,0.07398657021613302,False,35,1a,10000,7,1670526,1,5000,,128x128,0.0003,0.001,30
ordinary,h128x128_lr0.0003_wd0.001_k100,14,0.0075511291322145815,False,35,1a,10000,7,1670526,1,5000,,128x128,0.0003,0.001,100
ordinary,h128x128_lr0.0003_wd0.01_k10,15,0.37811255448614733,False,35,1a,10000,7,1670526,1,5000,,128x128,0.0003,0.01,10
ordinary,h128x128_lr0.0003_wd0.01_k30,16,0.12356186130402162,False,35,1a,10000,7,1670526,1,5000,,128x128,0.0003,0.01,30
ordinary,h128x128_lr0.0003_wd0.01_k100,17,0.02226147728050752,False,35,1a,10000,7,1670526,1,5000,,128x128,0.0003,0.01,100
ordinary,h128x128_lr0.001_wd0.001_k10,18,0.0976496445911199,False,35,1a,10000,7,1670526,1,5000,,128x128,0.001,0.001,10
ordinary,h128x128_lr0.001_wd0.001_k30,19,0.014076382065493777,False,35,1a,10000,7,1670526,1,5000,,128x128,0.001,0.001,30
ordinary,h128x128_lr0.001_wd0.001_k100,20,0.013207554068072384,False,35,1a,10000,7,1670526,1,5000,,128x128,0.001,0.001,100
ordinary,h128x128_lr0.001_wd0.01_k10,21,0.13635558648081886,False,35,1a,10000,7,1670526,1,5000,,128x128,0.001,0.01,10
ordinary,h128x128_lr0.001_wd0.01_k30,22,0.0294076751530859,False,35,1a,10000,7,1670526,1,5000,,128x128,0.001,0.01,30
ordinary,h128x128_lr0.001_wd0.01_k100,23,0.013724097693991267,False,35,1a,10000,7,1670526,1,5000,,128x128,0.001,0.01,100
ordinary,h64x64_lr0.0003_wd0.001_k10,0,0.39768576103088077,False,36,1a,10000,8,1770529,0,5000,,64x64,0.0003,0.001,10
ordinary,h64x64_lr0.0003_wd0.001_k30,1,0.1652247379159568,False,36,1a,10000,8,1770529,0,5000,,64x64,0.0003,0.001,30
ordinary,h64x64_lr0.0003_wd0.001_k100,2,0.02015697011310722,False,36,1a,10000,8,1770529,0,5000,,64x64,0.0003,0.001,100
ordinary,h64x64_lr0.0003_wd0.01_k10,3,0.4412112460733514,False,36,1a,10000,8,1770529,0,5000,,64x64,0.0003,0.01,10
ordinary,h64x64_lr0.0003_wd0.01_k30,4,0.207391330176471,False,36,1a,10000,8,1770529,0,5000,,64x64,0.0003,0.01,30
ordinary,h64x64_lr0.0003_wd0.01_k100,5,0.036322883909785005,False,36,1a,10000,8,1770529,0,5000,,64x64,0.0003,0.01,100
ordinary,h64x64_lr0.001_wd0.001_k10,6,0.19077094829988855,False,36,1a,10000,8,1770529,0,5000,,64x64,0.001,0.001,10
ordinary,h64x64_lr0.001_wd0.001_k30,7,0.020387633654298264,False,36,1a,10000,8,1770529,0,5000,,64x64,0.001,0.001,30
ordinary,h64x64_lr0.001_wd0.001_k100,8,0.038410470658213694,False,36,1a,10000,8,1770529,0,5000,,64x64,0.001,0.001,100
ordinary,h64x64_lr0.001_wd0.01_k10,9,0.22437333111726204,False,36,1a,10000,8,1770529,0,5000,,64x64,0.001,0.01,10
ordinary,h64x64_lr0.001_wd0.01_k30,10,0.037196101722299355,False,36,1a,10000,8,1770529,0,5000,,64x64,0.001,0.01,30
ordinary,h64x64_lr0.001_wd0.01_k100,11,0.009608484260106114,True,36,1a,10000,8,1770529,0,5000,,64x64,0.001,0.01,100
ordinary,h128x128_lr0.0003_wd0.001_k10,12,0.29712783722235464,False,36,1a,10000,8,1770529,0,5000,,128x128,0.0003,0.001,10
ordinary,h128x128_lr0.0003_wd0.001_k30,13,0.07538818908553119,False,36,1a,10000,8,1770529,0,5000,,128x128,0.0003,0.001,30
ordinary,h128x128_lr0.0003_wd0.001_k100,14,0.024133342835423385,False,36,1a,10000,8,1770529,0,5000,,128x128,0.0003,0.001,100
ordinary,h128x128_lr0.0003_wd0.01_k10,15,0.3965343259076156,False,36,1a,10000,8,1770529,0,5000,,128x128,0.0003,0.01,10
ordinary,h128x128_lr0.0003_wd0.01_k30,16,0.12469602425808148,False,36,1a,10000,8,1770529,0,5000,,128x128,0.0003,0.01,30
ordinary,h128x128_lr0.0003_wd0.01_k100,17,0.018346731072946154,False,36,1a,10000,8,1770529,0,5000,,128x128,0.0003,0.01,100
ordinary,h128x128_lr0.001_wd0.001_k10,18,0.08598474479389938,False,36,1a,10000,8,1770529,0,5000,,128x128,0.001,0.001,10
ordinary,h128x128_lr0.001_wd0.001_k30,19,0.032469654173294525,False,36,1a,10000,8,1770529,0,5000,,128x128,0.001,0.001,30
ordinary,h128x128_lr0.001_wd0.001_k100,20,0.03648790195084502,False,36,1a,10000,8,1770529,0,5000,,128x128,0.001,0.001,100
ordinary,h128x128_lr0.001_wd0.01_k10,21,0.14084795055371938,False,36,1a,10000,8,1770529,0,5000,,128x128,0.001,0.01,10
ordinary,h128x128_lr0.001_wd0.01_k30,22,0.0271424362178311,False,36,1a,10000,8,1770529,0,5000,,128x128,0.001,0.01,30
ordinary,h128x128_lr0.001_wd0.01_k100,23,0.011053612469197234,False,36,1a,10000,8,1770529,0,5000,,128x128,0.001,0.01,100
ordinary,h64x64_lr0.0003_wd0.001_k10,0,0.42441078667904886,False,37,1a,10000,8,1770529,1,5000,,64x64,0.0003,0.001,10
ordinary,h64x64_lr0.0003_wd0.001_k30,1,0.13183722458856648,False,37,1a,10000,8,1770529,1,5000,,64x64,0.0003,0.001,30
ordinary,h64x64_lr0.0003_wd0.001_k100,2,0.010509286847197758,False,37,1a,10000,8,1770529,1,5000,,64x64,0.0003,0.001,100
ordinary,h64x64_lr0.0003_wd0.01_k10,3,0.4707955127157036,False,37,1a,10000,8,1770529,1,5000,,64x64,0.0003,0.01,10
ordinary,h64x64_lr0.0003_wd0.01_k30,4,0.18770525047336226,False,37,1a,10000,8,1770529,1,5000,,64x64,0.0003,0.01,30
ordinary,h64x64_lr0.0003_wd0.01_k100,5,0.03754685488984701,False,37,1a,10000,8,1770529,1,5000,,64x64,0.0003,0.01,100
ordinary,h64x64_lr0.001_wd0.001_k10,6,0.15014384364134015,False,37,1a,10000,8,1770529,1,5000,,64x64,0.001,0.001,10
ordinary,h64x64_lr0.001_wd0.001_k30,7,0.009099656308973341,False,37,1a,10000,8,1770529,1,5000,,64x64,0.001,0.001,30
ordinary,h64x64_lr0.001_wd0.001_k100,8,0.006009682664948308,False,37,1a,10000,8,1770529,1,5000,,64x64,0.001,0.001,100
ordinary,h64x64_lr0.001_wd0.01_k10,9,0.20136119471622504,False,37,1a,10000,8,1770529,1,5000,,64x64,0.001,0.01,10
ordinary,h64x64_lr0.001_wd0.01_k30,10,0.04016591487639552,False,37,1a,10000,8,1770529,1,5000,,64x64,0.001,0.01,30
ordinary,h64x64_lr0.001_wd0.01_k100,11,0.011292469695891722,False,37,1a,10000,8,1770529,1,5000,,64x64,0.001,0.01,100
ordinary,h128x128_lr0.0003_wd0.001_k10,12,0.3329600085942998,False,37,1a,10000,8,1770529,1,5000,,128x128,0.0003,0.001,10
ordinary,h128x128_lr0.0003_wd0.001_k30,13,0.07517410905400529,False,37,1a,10000,8,1770529,1,5000,,128x128,0.0003,0.001,30
ordinary,h128x128_lr0.0003_wd0.001_k100,14,0.0054818210948422855,False,37,1a,10000,8,1770529,1,5000,,128x128,0.0003,0.001,100
ordinary,h128x128_lr0.0003_wd0.01_k10,15,0.43980280751085443,False,37,1a,10000,8,1770529,1,5000,,128x128,0.0003,0.01,10
ordinary,h128x128_lr0.0003_wd0.01_k30,16,0.1366277498832805,False,37,1a,10000,8,1770529,1,5000,,128x128,0.0003,0.01,30
ordinary,h128x128_lr0.0003_wd0.01_k100,17,0.023459570832730006,False,37,1a,10000,8,1770529,1,5000,,128x128,0.0003,0.01,100
ordinary,h128x128_lr0.001_wd0.001_k10,18,0.09437004064770564,False,37,1a,10000,8,1770529,1,5000,,128x128,0.001,0.001,10
ordinary,h128x128_lr0.001_wd0.001_k30,19,0.0022388985283424362,True,37,1a,10000,8,1770529,1,5000,,128x128,0.001,0.001,30
ordinary,h128x128_lr0.001_wd0.001_k100,20,0.006656260022362363,False,37,1a,10000,8,1770529,1,5000,,128x128,0.001,0.001,100
ordinary,h128x128_lr0.001_wd0.01_k10,21,0.14538032648850288,False,37,1a,10000,8,1770529,1,5000,,128x128,0.001,0.01,10
ordinary,h128x128_lr0.001_wd0.01_k30,22,0.024025302970186187,False,37,1a,10000,8,1770529,1,5000,,128x128,0.001,0.01,30
ordinary,h128x128_lr0.001_wd0.01_k100,23,0.006930818446336803,False,37,1a,10000,8,1770529,1,5000,,128x128,0.001,0.01,100
ordinary,h64x64_lr0.0003_wd0.001_k10,0,0.37575125367351114,False,38,1a,10000,9,1870532,0,5000,,64x64,0.0003,0.001,10
ordinary,h64x64_lr0.0003_wd0.001_k30,1,0.12022708233833759,False,38,1a,10000,9,1870532,0,5000,,64x64,0.0003,0.001,30
ordinary,h64x64_lr0.0003_wd0.001_k100,2,0.011400869976643392,False,38,1a,10000,9,1870532,0,5000,,64x64,0.0003,0.001,100
ordinary,h64x64_lr0.0003_wd0.01_k10,3,0.41778309362659816,False,38,1a,10000,9,1870532,0,5000,,64x64,0.0003,0.01,10
ordinary,h64x64_lr0.0003_wd0.01_k30,4,0.17723243045106346,False,38,1a,10000,9,1870532,0,5000,,64x64,0.0003,0.01,30
ordinary,h64x64_lr0.0003_wd0.01_k100,5,0.035171734118157216,False,38,1a,10000,9,1870532,0,5000,,64x64,0.0003,0.01,100
ordinary,h64x64_lr0.001_wd0.001_k10,6,0.1456086987116717,False,38,1a,10000,9,1870532,0,5000,,64x64,0.001,0.001,10
ordinary,h64x64_lr0.001_wd0.001_k30,7,0.017260536010965118,False,38,1a,10000,9,1870532,0,5000,,64x64,0.001,0.001,30
ordinary,h64x64_lr0.001_wd0.001_k100,8,0.013988394938818162,False,38,1a,10000,9,1870532,0,5000,,64x64,0.001,0.001,100
ordinary,h64x64_lr0.001_wd0.01_k10,9,0.18375530083089678,False,38,1a,10000,9,1870532,0,5000,,64x64,0.001,0.01,10
ordinary,h64x64_lr0.001_wd0.01_k30,10,0.04428753624739759,False,38,1a,10000,9,1870532,0,5000,,64x64,0.001,0.01,30
ordinary,h64x64_lr0.001_wd0.01_k100,11,0.012033856162353234,False,38,1a,10000,9,1870532,0,5000,,64x64,0.001,0.01,100
ordinary,h128x128_lr0.0003_wd0.001_k10,12,0.2568928657179453,False,38,1a,10000,9,1870532,0,5000,,128x128,0.0003,0.001,10
ordinary,h128x128_lr0.0003_wd0.001_k30,13,0.07066219150229026,False,38,1a,10000,9,1870532,0,5000,,128x128,0.0003,0.001,30
ordinary,h128x128_lr0.0003_wd0.001_k100,14,0.006208122493287794,True,38,1a,10000,9,1870532,0,5000,,128x128,0.0003,0.001,100
ordinary,h128x128_lr0.0003_wd0.01_k10,15,0.35758275330127176,False,38,1a,10000,9,1870532,0,5000,,128x128,0.0003,0.01,10
ordinary,h128x128_lr0.0003_wd0.01_k30,16,0.11802589843120012,False,38,1a,10000,9,1870532,0,5000,,128x128,0.0003,0.01,30
ordinary,h128x128_lr0.0003_wd0.01_k100,17,0.022317455163942977,False,38,1a,10000,9,1870532,0,5000,,128x128,0.0003,0.01,100
ordinary,h128x128_lr0.001_wd0.001_k10,18,0.08436350564345838,False,38,1a,10000,9,1870532,0,5000,,128x128,0.001,0.001,10
ordinary,h128x128_lr0.001_wd0.001_k30,19,0.012808943589709514,False,38,1a,10000,9,1870532,0,5000,,128x128,0.001,0.001,30
ordinary,h128x128_lr0.001_wd0.001_k100,20,0.012921253417464086,False,38,1a,10000,9,1870532,0,5000,,128x128,0.001,0.001,100
ordinary,h128x128_lr0.001_wd0.01_k10,21,0.12942977332294187,False,38,1a,10000,9,1870532,0,5000,,128x128,0.001,0.01,10
ordinary,h128x128_lr0.001_wd0.01_k30,22,0.028384157126862423,False,38,1a,10000,9,1870532,0,5000,,128x128,0.001,0.01,30
ordinary,h128x128_lr0.001_wd0.01_k100,23,0.01248596095824103,False,38,1a,10000,9,1870532,0,5000,,128x128,0.001,0.01,100
ordinary,h64x64_lr0.0003_wd0.001_k10,0,0.42396701286370314,False,39,1a,10000,9,1870532,1,5000,,64x64,0.0003,0.001,10
ordinary,h64x64_lr0.0003_wd0.001_k30,1,0.145043083866415,False,39,1a,10000,9,1870532,1,5000,,64x64,0.0003,0.001,30
ordinary,h64x64_lr0.0003_wd0.001_k100,2,0.02118758049703759,False,39,1a,10000,9,1870532,1,5000,,64x64,0.0003,0.001,100
ordinary,h64x64_lr0.0003_wd0.01_k10,3,0.4657271462963623,False,39,1a,10000,9,1870532,1,5000,,64x64,0.0003,0.01,10
ordinary,h64x64_lr0.0003_wd0.01_k30,4,0.21087148497833702,False,39,1a,10000,9,1870532,1,5000,,64x64,0.0003,0.01,30
ordinary,h64x64_lr0.0003_wd0.01_k100,5,0.03233823174791851,False,39,1a,10000,9,1870532,1,5000,,64x64,0.0003,0.01,100
ordinary,h64x64_lr0.001_wd0.001_k10,6,0.1649705169100815,False,39,1a,10000,9,1870532,1,5000,,64x64,0.001,0.001,10
ordinary,h64x64_lr0.001_wd0.001_k30,7,0.03609424105211745,False,39,1a,10000,9,1870532,1,5000,,64x64,0.001,0.001,30
ordinary,h64x64_lr0.001_wd0.001_k100,8,0.046035775702868306,False,39,1a,10000,9,1870532,1,5000,,64x64,0.001,0.001,100
ordinary,h64x64_lr0.001_wd0.01_k10,9,0.23456376324201456,False,39,1a,10000,9,1870532,1,5000,,64x64,0.001,0.01,10
ordinary,h64x64_lr0.001_wd0.01_k30,10,0.04187799780863968,False,39,1a,10000,9,1870532,1,5000,,64x64,0.001,0.01,30
ordinary,h64x64_lr0.001_wd0.01_k100,11,0.02656200039624485,False,39,1a,10000,9,1870532,1,5000,,64x64,0.001,0.01,100
ordinary,h128x128_lr0.0003_wd0.001_k10,12,0.3299920744068877,False,39,1a,10000,9,1870532,1,5000,,128x128,0.0003,0.001,10
ordinary,h128x128_lr0.0003_wd0.001_k30,13,0.08047053700961414,False,39,1a,10000,9,1870532,1,5000,,128x128,0.0003,0.001,30
ordinary,h128x128_lr0.0003_wd0.001_k100,14,0.034743682526777134,False,39,1a,10000,9,1870532,1,5000,,128x128,0.0003,0.001,100
ordinary,h128x128_lr0.0003_wd0.01_k10,15,0.42488862165471386,False,39,1a,10000,9,1870532,1,5000,,128x128,0.0003,0.01,10
ordinary,h128x128_lr0.0003_wd0.01_k30,16,0.14141357017074707,False,39,1a,10000,9,1870532,1,5000,,128x128,0.0003,0.01,30
ordinary,h128x128_lr0.0003_wd0.01_k100,17,0.01339943248551623,True,39,1a,10000,9,1870532,1,5000,,128x128,0.0003,0.01,100
ordinary,h128x128_lr0.001_wd0.001_k10,18,0.09865884271599985,False,39,1a,10000,9,1870532,1,5000,,128x128,0.001,0.001,10
ordinary,h128x128_lr0.001_wd0.001_k30,19,0.03607138358823329,False,39,1a,10000,9,1870532,1,5000,,128x128,0.001,0.001,30
ordinary,h128x128_lr0.001_wd0.001_k100,20,0.05466619957553227,False,39,1a,10000,9,1870532,1,5000,,128x128,0.001,0.001,100
ordinary,h128x128_lr0.001_wd0.01_k10,21,0.1566370162148945,False,39,1a,10000,9,1870532,1,5000,,128x128,0.001,0.01,10
ordinary,h128x128_lr0.001_wd0.01_k30,22,0.01968122200062993,False,39,1a,10000,9,1870532,1,5000,,128x128,0.001,0.01,30
ordinary,h128x128_lr0.001_wd0.01_k100,23,0.02304570122449034,False,39,1a,10000,9,1870532,1,5000,,128x128,0.001,0.01,100
ordinary,h64x64_lr0.0003_wd0.001_k10,0,0.8801310200622007,False,40,1b,2500,0,243106,0,1250,,64x64,0.0003,0.001,10
ordinary,h64x64_lr0.0003_wd0.001_k30,1,0.22857216833755878,False,40,1b,2500,0,243106,0,1250,,64x64,0.0003,0.001,30
ordinary,h64x64_lr0.0003_wd0.001_k100,2,0.004199104476866408,True,40,1b,2500,0,243106,0,1250,,64x64,0.0003,0.001,100
ordinary,h64x64_lr0.0003_wd0.01_k10,3,0.9379362296924267,False,40,1b,2500,0,243106,0,1250,,64x64,0.0003,0.01,10
ordinary,h64x64_lr0.0003_wd0.01_k30,4,0.46849861401338094,False,40,1b,2500,0,243106,0,1250,,64x64,0.0003,0.01,30
ordinary,h64x64_lr0.0003_wd0.01_k100,5,0.0196273807225348,False,40,1b,2500,0,243106,0,1250,,64x64,0.0003,0.01,100
ordinary,h64x64_lr0.001_wd0.001_k10,6,0.28227300002070116,False,40,1b,2500,0,243106,0,1250,,64x64,0.001,0.001,10
ordinary,h64x64_lr0.001_wd0.001_k30,7,0.01634312113293967,False,40,1b,2500,0,243106,0,1250,,64x64,0.001,0.001,30
ordinary,h64x64_lr0.001_wd0.001_k100,8,0.06872308356780593,False,40,1b,2500,0,243106,0,1250,,64x64,0.001,0.001,100
ordinary,h64x64_lr0.001_wd0.01_k10,9,0.5192543976187868,False,40,1b,2500,0,243106,0,1250,,64x64,0.001,0.01,10
ordinary,h64x64_lr0.001_wd0.01_k30,10,0.025147841492752756,False,40,1b,2500,0,243106,0,1250,,64x64,0.001,0.01,30
ordinary,h64x64_lr0.001_wd0.01_k100,11,0.019528577763646138,False,40,1b,2500,0,243106,0,1250,,64x64,0.001,0.01,100
ordinary,h128x128_lr0.0003_wd0.001_k10,12,0.6438758394177182,False,40,1b,2500,0,243106,0,1250,,128x128,0.0003,0.001,10
ordinary,h128x128_lr0.0003_wd0.001_k30,13,0.028065458200365646,False,40,1b,2500,0,243106,0,1250,,128x128,0.0003,0.001,30
ordinary,h128x128_lr0.0003_wd0.001_k100,14,0.01703538343208755,False,40,1b,2500,0,243106,0,1250,,128x128,0.0003,0.001,100
ordinary,h128x128_lr0.0003_wd0.01_k10,15,0.8303658854656547,False,40,1b,2500,0,243106,0,1250,,128x128,0.0003,0.01,10
ordinary,h128x128_lr0.0003_wd0.01_k30,16,0.16025602851397477,False,40,1b,2500,0,243106,0,1250,,128x128,0.0003,0.01,30
ordinary,h128x128_lr0.0003_wd0.01_k100,17,0.006760779724127287,False,40,1b,2500,0,243106,0,1250,,128x128,0.0003,0.01,100
ordinary,h128x128_lr0.001_wd0.001_k10,18,0.027816642939235345,False,40,1b,2500,0,243106,0,1250,,128x128,0.001,0.001,10
ordinary,h128x128_lr0.001_wd0.001_k30,19,0.019822543480254723,False,40,1b,2500,0,243106,0,1250,,128x128,0.001,0.001,30
ordinary,h128x128_lr0.001_wd0.001_k100,20,0.10023225110160756,False,40,1b,2500,0,243106,0,1250,,128x128,0.001,0.001,100
ordinary,h128x128_lr0.001_wd0.01_k10,21,0.17670140445965915,False,40,1b,2500,0,243106,0,1250,,128x128,0.001,0.01,10
ordinary,h128x128_lr0.001_wd0.01_k30,22,0.013947325181674962,False,40,1b,2500,0,243106,0,1250,,128x128,0.001,0.01,30
ordinary,h128x128_lr0.001_wd0.01_k100,23,0.025901076512829607,False,40,1b,2500,0,243106,0,1250,,128x128,0.001,0.01,100
signed-positive,h64x64_lr0.0003_wd0.001_k10,0,0.9816337404234955,False,41,1b,2500,0,243106,0,1250,0.6819166914125775,64x64,0.0003,0.001,10
signed-positive,h64x64_lr0.0003_wd0.001_k30,1,0.17640606772747516,False,41,1b,2500,0,243106,0,1250,0.6819166914125775,64x64,0.0003,0.001,30
signed-positive,h64x64_lr0.0003_wd0.001_k100,2,0.05058494336832538,False,41,1b,2500,0,243106,0,1250,0.6819166914125775,64x64,0.0003,0.001,100
signed-positive,h64x64_lr0.0003_wd0.01_k10,3,1.0639600120554846,False,41,1b,2500,0,243106,0,1250,0.6819166914125775,64x64,0.0003,0.01,10
signed-positive,h64x64_lr0.0003_wd0.01_k30,4,0.43846344675728094,False,41,1b,2500,0,243106,0,1250,0.6819166914125775,64x64,0.0003,0.01,30
signed-positive,h64x64_lr0.0003_wd0.01_k100,5,0.020035069216971985,False,41,1b,2500,0,243106,0,1250,0.6819166914125775,64x64,0.0003,0.01,100
signed-positive,h64x64_lr0.001_wd0.001_k10,6,0.21272436505767314,False,41,1b,2500,0,243106,0,1250,0.6819166914125775,64x64,0.001,0.001,10
signed-positive,h64x64_lr0.001_wd0.001_k30,7,0.039157508441361864,False,41,1b,2500,0,243106,0,1250,0.6819166914125775,64x64,0.001,0.001,30
signed-positive,h64x64_lr0.001_wd0.001_k100,8,0.09169367944361466,False,41,1b,2500,0,243106,0,1250,0.6819166914125775,64x64,0.001,0.001,100
signed-positive,h64x64_lr0.001_wd0.01_k10,9,0.4848117532773116,False,41,1b,2500,0,243106,0,1250,0.6819166914125775,64x64,0.001,0.01,10
signed-positive,h64x64_lr0.001_wd0.01_k30,10,0.016168976434166475,False,41,1b,2500,0,243106,0,1250,0.6819166914125775,64x64,0.001,0.01,30
signed-positive,h64x64_lr0.001_wd0.01_k100,11,0.04747627537986859,False,41,1b,2500,0,243106,0,1250,0.6819166914125775,64x64,0.001,0.01,100
signed-positive,h128x128_lr0.0003_wd0.001_k10,12,0.8300859001599105,False,41,1b,2500,0,243106,0,1250,0.6819166914125775,128x128,0.0003,0.001,10
signed-positive,h128x128_lr0.0003_wd0.001_k30,13,0.04690894107868097,False,41,1b,2500,0,243106,0,1250,0.6819166914125775,128x128,0.0003,0.001,30
signed-positive,h128x128_lr0.0003_wd0.001_k100,14,0.06688493382576943,False,41,1b,2500,0,243106,0,1250,0.6819166914125775,128x128,0.0003,0.001,100
signed-positive,h128x128_lr0.0003_wd0.01_k10,15,1.0084785575941944,False,41,1b,2500,0,243106,0,1250,0.6819166914125775,128x128,0.0003,0.01,10
signed-positive,h128x128_lr0.0003_wd0.01_k30,16,0.20151622744381104,False,41,1b,2500,0,243106,0,1250,0.6819166914125775,128x128,0.0003,0.01,30
signed-positive,h128x128_lr0.0003_wd0.01_k100,17,0.024634620393279034,False,41,1b,2500,0,243106,0,1250,0.6819166914125775,128x128,0.0003,0.01,100
signed-positive,h128x128_lr0.001_wd0.001_k10,18,0.05857889955737467,False,41,1b,2500,0,243106,0,1250,0.6819166914125775,128x128,0.001,0.001,10
signed-positive,h128x128_lr0.001_wd0.001_k30,19,0.05675502493517086,False,41,1b,2500,0,243106,0,1250,0.6819166914125775,128x128,0.001,0.001,30
signed-positive,h128x128_lr0.001_wd0.001_k100,20,0.12030375030263699,False,41,1b,2500,0,243106,0,1250,0.6819166914125775,128x128,0.001,0.001,100
signed-positive,h128x128_lr0.001_wd0.01_k10,21,0.23692907775257427,False,41,1b,2500,0,243106,0,1250,0.6819166914125775,128x128,0.001,0.01,10
signed-positive,h128x128_lr0.001_wd0.01_k30,22,0.008691543457318533,True,41,1b,2500,0,243106,0,1250,0.6819166914125775,128x128,0.001,0.01,30
signed-positive,h128x128_lr0.001_wd0.01_k100,23,0.0643665672537558,False,41,1b,2500,0,243106,0,1250,0.6819166914125775,128x128,0.001,0.01,100
signed-negative,h64x64_lr0.0003_wd0.001_k10,0,0.9717682414703771,False,42,1b,2500,0,243106,0,1250,0.686099700385557,64x64,0.0003,0.001,10
signed-negative,h64x64_lr0.0003_wd0.001_k30,1,0.1481878340780899,False,42,1b,2500,0,243106,0,1250,0.686099700385557,64x64,0.0003,0.001,30
signed-negative,h64x64_lr0.0003_wd0.001_k100,2,0.033357611386808476,False,42,1b,2500,0,243106,0,1250,0.686099700385557,64x64,0.0003,0.001,100
signed-negative,h64x64_lr0.0003_wd0.01_k10,3,1.0850591550420092,False,42,1b,2500,0,243106,0,1250,0.686099700385557,64x64,0.0003,0.01,10
signed-negative,h64x64_lr0.0003_wd0.01_k30,4,0.3735576966914303,False,42,1b,2500,0,243106,0,1250,0.686099700385557,64x64,0.0003,0.01,30
signed-negative,h64x64_lr0.0003_wd0.01_k100,5,0.034181893927116284,False,42,1b,2500,0,243106,0,1250,0.686099700385557,64x64,0.0003,0.01,100
signed-negative,h64x64_lr0.001_wd0.001_k10,6,0.14457396956491061,False,42,1b,2500,0,243106,0,1250,0.686099700385557,64x64,0.001,0.001,10
signed-negative,h64x64_lr0.001_wd0.001_k30,7,0.07165538671415603,False,42,1b,2500,0,243106,0,1250,0.686099700385557,64x64,0.001,0.001,30
signed-negative,h64x64_lr0.001_wd0.001_k100,8,0.07244913780095069,False,42,1b,2500,0,243106,0,1250,0.686099700385557,64x64,0.001,0.001,100
signed-negative,h64x64_lr0.001_wd0.01_k10,9,0.3955326529798203,False,42,1b,2500,0,243106,0,1250,0.686099700385557,64x64,0.001,0.01,10
signed-negative,h64x64_lr0.001_wd0.01_k30,10,0.046841289527001576,False,42,1b,2500,0,243106,0,1250,0.686099700385557,64x64,0.001,0.01,30
signed-negative,h64x64_lr0.001_wd0.01_k100,11,0.023894967274985128,False,42,1b,2500,0,243106,0,1250,0.686099700385557,64x64,0.001,0.01,100
signed-negative,h128x128_lr0.0003_wd0.001_k10,12,0.8214574942294419,False,42,1b,2500,0,243106,0,1250,0.686099700385557,128x128,0.0003,0.001,10
signed-negative,h128x128_lr0.0003_wd0.001_k30,13,0.06869896354954548,False,42,1b,2500,0,243106,0,1250,0.686099700385557,128x128,0.0003,0.001,30
signed-negative,h128x128_lr0.0003_wd0.001_k100,14,0.045385998892374525,False,42,1b,2500,0,243106,0,1250,0.686099700385557,128x128,0.0003,0.001,100
signed-negative,h128x128_lr0.0003_wd0.01_k10,15,1.0395650320727177,False,42,1b,2500,0,243106,0,1250,0.686099700385557,128x128,0.0003,0.01,10
signed-negative,h128x128_lr0.0003_wd0.01_k30,16,0.19625514720211604,False,42,1b,2500,0,243106,0,1250,0.686099700385557,128x128,0.0003,0.01,30
signed-negative,h128x128_lr0.0003_wd0.01_k100,17,0.023626327454017094,True,42,1b,2500,0,243106,0,1250,0.686099700385557,128x128,0.0003,0.01,100
signed-negative,h128x128_lr0.001_wd0.001_k10,18,0.053031093537426806,False,42,1b,2500,0,243106,0,1250,0.686099700385557,128x128,0.001,0.001,10
signed-negative,h128x128_lr0.001_wd0.001_k30,19,0.10015918298383501,False,42,1b,2500,0,243106,0,1250,0.686099700385557,128x128,0.001,0.001,30
signed-negative,h128x128_lr0.001_wd0.001_k100,20,0.12457718127496493,False,42,1b,2500,0,243106,0,1250,0.686099700385557,128x128,0.001,0.001,100
signed-negative,h128x128_lr0.001_wd0.01_k10,21,0.20618730192838503,False,42,1b,2500,0,243106,0,1250,0.686099700385557,128x128,0.001,0.01,10
signed-negative,h128x128_lr0.001_wd0.01_k30,22,0.05222502807612497,False,42,1b,2500,0,243106,0,1250,0.686099700385557,128x128,0.001,0.01,30
signed-negative,h128x128_lr0.001_wd0.01_k100,23,0.025757569919062678,False,42,1b,2500,0,243106,0,1250,0.686099700385557,128x128,0.001,0.01,100
ordinary,h64x64_lr0.0003_wd0.001_k10,0,1.173443884258675,False,43,1b,2500,0,243106,1,1250,,64x64,0.0003,0.001,10
ordinary,h64x64_lr0.0003_wd0.001_k30,1,0.27206720133043355,False,43,1b,2500,0,243106,1,1250,,64x64,0.0003,0.001,30
ordinary,h64x64_lr0.0003_wd0.001_k100,2,0.007629197124046803,True,43,1b,2500,0,243106,1,1250,,64x64,0.0003,0.001,100
ordinary,h64x64_lr0.0003_wd0.01_k10,3,1.2668769294077966,False,43,1b,2500,0,243106,1,1250,,64x64,0.0003,0.01,10
ordinary,h64x64_lr0.0003_wd0.01_k30,4,0.5914208468154365,False,43,1b,2500,0,243106,1,1250,,64x64,0.0003,0.01,30
ordinary,h64x64_lr0.0003_wd0.01_k100,5,0.032278748874741726,False,43,1b,2500,0,243106,1,1250,,64x64,0.0003,0.01,100
ordinary,h64x64_lr0.001_wd0.001_k10,6,0.32174718949835757,False,43,1b,2500,0,243106,1,1250,,64x64,0.001,0.001,10
ordinary,h64x64_lr0.001_wd0.001_k30,7,0.008577080448344064,False,43,1b,2500,0,243106,1,1250,,64x64,0.001,0.001,30
ordinary,h64x64_lr0.001_wd0.001_k100,8,0.055604387090957476,False,43,1b,2500,0,243106,1,1250,,64x64,0.001,0.001,100
ordinary,h64x64_lr0.001_wd0.01_k10,9,0.6582600075113659,False,43,1b,2500,0,243106,1,1250,,64x64,0.001,0.01,10
ordinary,h64x64_lr0.001_wd0.01_k30,10,0.04394011414429738,False,43,1b,2500,0,243106,1,1250,,64x64,0.001,0.01,30
ordinary,h64x64_lr0.001_wd0.01_k100,11,0.012508192057793528,False,43,1b,2500,0,243106,1,1250,,64x64,0.001,0.01,100
ordinary,h128x128_lr0.0003_wd0.001_k10,12,0.7900649486951973,False,43,1b,2500,0,243106,1,1250,,128x128,0.0003,0.001,10
ordinary,h128x128_lr0.0003_wd0.001_k30,13,0.027859738430252346,False,43,1b,2500,0,243106,1,1250,,128x128,0.0003,0.001,30
ordinary,h128x128_lr0.0003_wd0.001_k100,14,0.032127076368769186,False,43,1b,2500,0,243106,1,1250,,128x128,0.0003,0.001,100
ordinary,h128x128_lr0.0003_wd0.01_k10,15,1.0890088861042473,False,43,1b,2500,0,243106,1,1250,,128x128,0.0003,0.01,10
ordinary,h128x128_lr0.0003_wd0.01_k30,16,0.17833158443938377,False,43,1b,2500,0,243106,1,1250,,128x128,0.0003,0.01,30
ordinary,h128x128_lr0.0003_wd0.01_k100,17,0.009958015826418854,False,43,1b,2500,0,243106,1,1250,,128x128,0.0003,0.01,100
ordinary,h128x128_lr0.001_wd0.001_k10,18,0.03371934965249586,False,43,1b,2500,0,243106,1,1250,,128x128,0.001,0.001,10
ordinary,h128x128_lr0.001_wd0.001_k30,19,0.020031711335563872,False,43,1b,2500,0,243106,1,1250,,128x128,0.001,0.001,30
ordinary,h128x128_lr0.001_wd0.001_k100,20,0.09901928612876933,False,43,1b,2500,0,243106,1,1250,,128x128,0.001,0.001,100
ordinary,h128x128_lr0.001_wd0.01_k10,21,0.1941543962845083,False,43,1b,2500,0,243106,1,1250,,128x128,0.001,0.01,10
ordinary,h128x128_lr0.001_wd0.01_k30,22,0.02321325257799768,False,43,1b,2500,0,243106,1,1250,,128x128,0.001,0.01,30
ordinary,h128x128_lr0.001_wd0.01_k100,23,0.03023515384388619,False,43,1b,2500,0,243106,1,1250,,128x128,0.001,0.01,100
signed-positive,h64x64_lr0.0003_wd0.001_k10,0,0.9486116618234665,False,44,1b,2500,0,243106,1,1250,0.7828609475417155,64x64,0.0003,0.001,10
signed-positive,h64x64_lr0.0003_wd0.001_k30,1,0.1783982359639526,False,44,1b,2500,0,243106,1,1250,0.7828609475417155,64x64,0.0003,0.001,30
signed-positive,h64x64_lr0.0003_wd0.001_k100,2,0.07647195620822127,False,44,1b,2500,0,243106,1,1250,0.7828609475417155,64x64,0.0003,0.001,100
signed-positive,h64x64_lr0.0003_wd0.01_k10,3,1.0169471369512812,False,44,1b,2500,0,243106,1,1250,0.7828609475417155,64x64,0.0003,0.01,10
signed-positive,h64x64_lr0.0003_wd0.01_k30,4,0.47722769923327074,False,44,1b,2500,0,243106,1,1250,0.7828609475417155,64x64,0.0003,0.01,30
signed-positive,h64x64_lr0.0003_wd0.01_k100,5,0.02784755566414534,False,44,1b,2500,0,243106,1,1250,0.7828609475417155,64x64,0.0003,0.01,100
signed-positive,h64x64_lr0.001_wd0.001_k10,6,0.2355819412683647,False,44,1b,2500,0,243106,1,1250,0.7828609475417155,64x64,0.001,0.001,10
signed-positive,h64x64_lr0.001_wd0.001_k30,7,0.09218910603322192,False,44,1b,2500,0,243106,1,1250,0.7828609475417155,64x64,0.001,0.001,30
signed-positive,h64x64_lr0.001_wd0.001_k100,8,0.20088733560297928,False,44,1b,2500,0,243106,1,1250,0.7828609475417155,64x64,0.001,0.001,100
signed-positive,h64x64_lr0.001_wd0.01_k10,9,0.534441646453791,False,44,1b,2500,0,243106,1,1250,0.7828609475417155,64x64,0.001,0.01,10
signed-positive,h64x64_lr0.001_wd0.01_k30,10,0.03348320882493477,False,44,1b,2500,0,243106,1,1250,0.7828609475417155,64x64,0.001,0.01,30
signed-positive,h64x64_lr0.001_wd0.01_k100,11,0.0782984114124791,False,44,1b,2500,0,243106,1,1250,0.7828609475417155,64x64,0.001,0.01,100
signed-positive,h128x128_lr0.0003_wd0.001_k10,12,0.743309149558011,False,44,1b,2500,0,243106,1,1250,0.7828609475417155,128x128,0.0003,0.001,10
signed-positive,h128x128_lr0.0003_wd0.001_k30,13,0.031614554384565355,False,44,1b,2500,0,243106,1,1250,0.7828609475417155,128x128,0.0003,0.001,30
signed-positive,h128x128_lr0.0003_wd0.001_k100,14,0.10705831263856043,False,44,1b,2500,0,243106,1,1250,0.7828609475417155,128x128,0.0003,0.001,100
signed-positive,h128x128_lr0.0003_wd0.01_k10,15,0.9304035922794918,False,44,1b,2500,0,243106,1,1250,0.7828609475417155,128x128,0.0003,0.01,10
signed-positive,h128x128_lr0.0003_wd0.01_k30,16,0.128239307731439,False,44,1b,2500,0,243106,1,1250,0.7828609475417155,128x128,0.0003,0.01,30
signed-positive,h128x128_lr0.0003_wd0.01_k100,17,0.043247101405961726,False,44,1b,2500,0,243106,1,1250,0.7828609475417155,128x128,0.0003,0.01,100
signed-positive,h128x128_lr0.001_wd0.001_k10,18,0.020664693528498878,True,44,1b,2500,0,243106,1,1250,0.7828609475417155,128x128,0.001,0.001,10
signed-positive,h128x128_lr0.001_wd0.001_k30,19,0.13380671153247095,False,44,1b,2500,0,243106,1,1250,0.7828609475417155,128x128,0.001,0.001,30
signed-positive,h128x128_lr0.001_wd0.001_k100,20,0.22935086084308595,False,44,1b,2500,0,243106,1,1250,0.7828609475417155,128x128,0.001,0.001,100
signed-positive,h128x128_lr0.001_wd0.01_k10,21,0.15873873178106973,False,44,1b,2500,0,243106,1,1250,0.7828609475417155,128x128,0.001,0.01,10
signed-positive,h128x128_lr0.001_wd0.01_k30,22,0.05997628513138123,False,44,1b,2500,0,243106,1,1250,0.7828609475417155,128x128,0.001,0.01,30
signed-positive,h128x128_lr0.001_wd0.01_k100,23,0.1276239892613791,False,44,1b,2500,0,243106,1,1250,0.7828609475417155,128x128,0.001,0.01,100
signed-negative,h64x64_lr0.0003_wd0.001_k10,0,0.8461914464043605,False,45,1b,2500,0,243106,1,1250,0.8370237313665342,64x64,0.0003,0.001,10
signed-negative,h64x64_lr0.0003_wd0.001_k30,1,0.15872034472879823,False,45,1b,2500,0,243106,1,1250,0.8370237313665342,64x64,0.0003,0.001,30
signed-negative,h64x64_lr0.0003_wd0.001_k100,2,0.019700042823427653,False,45,1b,2500,0,243106,1,1250,0.8370237313665342,64x64,0.0003,0.001,100
signed-negative,h64x64_lr0.0003_wd0.01_k10,3,0.9065107687294469,False,45,1b,2500,0,243106,1,1250,0.8370237313665342,64x64,0.0003,0.01,10
signed-negative,h64x64_lr0.0003_wd0.01_k30,4,0.40923131803058616,False,45,1b,2500,0,243106,1,1250,0.8370237313665342,64x64,0.0003,0.01,30
signed-negative,h64x64_lr0.0003_wd0.01_k100,5,0.014748386777005074,False,45,1b,2500,0,243106,1,1250,0.8370237313665342,64x64,0.0003,0.01,100
signed-negative,h64x64_lr0.001_wd0.001_k10,6,0.20509246075128706,False,45,1b,2500,0,243106,1,1250,0.8370237313665342,64x64,0.001,0.001,10
signed-negative,h64x64_lr0.001_wd0.001_k30,7,0.03521409074707065,False,45,1b,2500,0,243106,1,1250,0.8370237313665342,64x64,0.001,0.001,30
signed-negative,h64x64_lr0.001_wd0.001_k100,8,0.07067542025151273,False,45,1b,2500,0,243106,1,1250,0.8370237313665342,64x64,0.001,0.001,100
signed-negative,h64x64_lr0.001_wd0.01_k10,9,0.4757838207079048,False,45,1b,2500,0,243106,1,1250,0.8370237313665342,64x64,0.001,0.01,10
signed-negative,h64x64_lr0.001_wd0.01_k30,10,0.01948177450937567,False,45,1b,2500,0,243106,1,1250,0.8370237313665342,64x64,0.001,0.01,30
signed-negative,h64x64_lr0.001_wd0.01_k100,11,0.02973355408612371,False,45,1b,2500,0,243106,1,1250,0.8370237313665342,64x64,0.001,0.01,100
signed-negative,h128x128_lr0.0003_wd0.001_k10,12,0.5791139366191959,False,45,1b,2500,0,243106,1,1250,0.8370237313665342,128x128,0.0003,0.001,10
signed-negative,h128x128_lr0.0003_wd0.001_k30,13,0.008467335783284943,False,45,1b,2500,0,243106,1,1250,0.8370237313665342,128x128,0.0003,0.001,30
signed-negative,h128x128_lr0.0003_wd0.001_k100,14,0.0464877103231203,False,45,1b,2500,0,243106,1,1250,0.8370237313665342,128x128,0.0003,0.001,100
signed-negative,h128x128_lr0.0003_wd0.01_k10,15,0.7726539724093524,False,45,1b,2500,0,243106,1,1250,0.8370237313665342,128x128,0.0003,0.01,10
signed-negative,h128x128_lr0.0003_wd0.01_k30,16,0.06658111581174216,False,45,1b,2500,0,243106,1,1250,0.8370237313665342,128x128,0.0003,0.01,30
signed-negative,h128x128_lr0.0003_wd0.01_k100,17,0.015024042421662522,False,45,1b,2500,0,243106,1,1250,0.8370237313665342,128x128,0.0003,0.01,100
signed-negative,h128x128_lr0.001_wd0.001_k10,18,0.007468948109690615,True,45,1b,2500,0,243106,1,1250,0.8370237313665342,128x128,0.001,0.001,10
signed-negative,h128x128_lr0.001_wd0.001_k30,19,0.05900936836251876,False,45,1b,2500,0,243106,1,1250,0.8370237313665342,128x128,0.001,0.001,30
signed-negative,h128x128_lr0.001_wd0.001_k100,20,0.057405299638827796,False,45,1b,2500,0,243106,1,1250,0.8370237313665342,128x128,0.001,0.001,100
signed-negative,h128x128_lr0.001_wd0.01_k10,21,0.07665855293249524,False,45,1b,2500,0,243106,1,1250,0.8370237313665342,128x128,0.001,0.01,10
signed-negative,h128x128_lr0.001_wd0.01_k30,22,0.020422121215824263,False,45,1b,2500,0,243106,1,1250,0.8370237313665342,128x128,0.001,0.01,30
signed-negative,h128x128_lr0.001_wd0.01_k100,23,0.032243708357948105,False,45,1b,2500,0,243106,1,1250,0.8370237313665342,128x128,0.001,0.01,100
ordinary,h64x64_lr0.0003_wd0.001_k10,0,0.7657475286146157,False,46,1b,2500,1,343109,0,1250,,64x64,0.0003,0.001,10
ordinary,h64x64_lr0.0003_wd0.001_k30,1,0.1957825182505396,False,46,1b,2500,1,343109,0,1250,,64x64,0.0003,0.001,30
ordinary,h64x64_lr0.0003_wd0.001_k100,2,0.0014865539292018063,True,46,1b,2500,1,343109,0,1250,,64x64,0.0003,0.001,100
ordinary,h64x64_lr0.0003_wd0.01_k10,3,0.8222664307775507,False,46,1b,2500,1,343109,0,1250,,64x64,0.0003,0.01,10
ordinary,h64x64_lr0.0003_wd0.01_k30,4,0.3739572452457782,False,46,1b,2500,1,343109,0,1250,,64x64,0.0003,0.01,30
ordinary,h64x64_lr0.0003_wd0.01_k100,5,0.04008608836655786,False,46,1b,2500,1,343109,0,1250,,64x64,0.0003,0.01,100
ordinary,h64x64_lr0.001_wd0.001_k10,6,0.20990513868969296,False,46,1b,2500,1,343109,0,1250,,64x64,0.001,0.001,10
ordinary,h64x64_lr0.001_wd0.001_k30,7,0.013503438620608686,False,46,1b,2500,1,343109,0,1250,,64x64,0.001,0.001,30
ordinary,h64x64_lr0.001_wd0.001_k100,8,0.022180855915168947,False,46,1b,2500,1,343109,0,1250,,64x64,0.001,0.001,100
ordinary,h64x64_lr0.001_wd0.01_k10,9,0.39060504291772874,False,46,1b,2500,1,343109,0,1250,,64x64,0.001,0.01,10
ordinary,h64x64_lr0.001_wd0.01_k30,10,0.04755894076161795,False,46,1b,2500,1,343109,0,1250,,64x64,0.001,0.01,30
ordinary,h64x64_lr0.001_wd0.01_k100,11,0.0129360396885037,False,46,1b,2500,1,343109,0,1250,,64x64,0.001,0.01,100
ordinary,h128x128_lr0.0003_wd0.001_k10,12,0.6174826978019201,False,46,1b,2500,1,343109,0,1250,,128x128,0.0003,0.001,10
ordinary,h128x128_lr0.0003_wd0.001_k30,13,0.05562407571855998,False,46,1b,2500,1,343109,0,1250,,128x128,0.0003,0.001,30
ordinary,h128x128_lr0.0003_wd0.001_k100,14,0.005357248329238897,False,46,1b,2500,1,343109,0,1250,,128x128,0.0003,0.001,100
ordinary,h128x128_lr0.0003_wd0.01_k10,15,0.761786221407292,False,46,1b,2500,1,343109,0,1250,,128x128,0.0003,0.01,10
ordinary,h128x128_lr0.0003_wd0.01_k30,16,0.19035392157036224,False,46,1b,2500,1,343109,0,1250,,128x128,0.0003,0.01,30
ordinary,h128x128_lr0.0003_wd0.01_k100,17,0.028516491651835785,False,46,1b,2500,1,343109,0,1250,,128x128,0.0003,0.01,100
ordinary,h128x128_lr0.001_wd0.001_k10,18,0.058447744515579415,False,46,1b,2500,1,343109,0,1250,,128x128,0.001,0.001,10
ordinary,h128x128_lr0.001_wd0.001_k30,19,0.02550961702872264,False,46,1b,2500,1,343109,0,1250,,128x128,0.001,0.001,30
ordinary,h128x128_lr0.001_wd0.001_k100,20,0.023079202266573087,False,46,1b,2500,1,343109,0,1250,,128x128,0.001,0.001,100
ordinary,h128x128_lr0.001_wd0.01_k10,21,0.1940773468396942,False,46,1b,2500,1,343109,0,1250,,128x128,0.001,0.01,10
ordinary,h128x128_lr0.001_wd0.01_k30,22,0.039943980156134144,False,46,1b,2500,1,343109,0,1250,,128x128,0.001,0.01,30
ordinary,h128x128_lr0.001_wd0.01_k100,23,0.011356487595468603,False,46,1b,2500,1,343109,0,1250,,128x128,0.001,0.01,100
signed-positive,h64x64_lr0.0003_wd0.001_k10,0,1.0649018644551997,False,47,1b,2500,1,343109,0,1250,0.6633268612177693,64x64,0.0003,0.001,10
signed-positive,h64x64_lr0.0003_wd0.001_k30,1,0.27084394886184876,False,47,1b,2500,1,343109,0,1250,0.6633268612177693,64x64,0.0003,0.001,30
signed-positive,h64x64_lr0.0003_wd0.001_k100,2,0.004215751176781316,True,47,1b,2500,1,343109,0,1250,0.6633268612177693,64x64,0.0003,0.001,100
signed-positive,h64x64_lr0.0003_wd0.01_k10,3,1.1282864725474504,False,47,1b,2500,1,343109,0,1250,0.6633268612177693,64x64,0.0003,0.01,10
signed-positive,h64x64_lr0.0003_wd0.01_k30,4,0.590008205563377,False,47,1b,2500,1,343109,0,1250,0.6633268612177693,64x64,0.0003,0.01,30
signed-positive,h64x64_lr0.0003_wd0.01_k100,5,0.03979361901925592,False,47,1b,2500,1,343109,0,1250,0.6633268612177693,64x64,0.0003,0.01,100
signed-positive,h64x64_lr0.001_wd0.001_k10,6,0.3215602831571583,False,47,1b,2500,1,343109,0,1250,0.6633268612177693,64x64,0.001,0.001,10
signed-positive,h64x64_lr0.001_wd0.001_k30,7,0.008683084282878438,False,47,1b,2500,1,343109,0,1250,0.6633268612177693,64x64,0.001,0.001,30
signed-positive,h64x64_lr0.001_wd0.001_k100,8,0.041779574331438994,False,47,1b,2500,1,343109,0,1250,0.6633268612177693,64x64,0.001,0.001,100
signed-positive,h64x64_lr0.001_wd0.01_k10,9,0.6426935211042328,False,47,1b,2500,1,343109,0,1250,0.6633268612177693,64x64,0.001,0.01,10
signed-positive,h64x64_lr0.001_wd0.01_k30,10,0.04301314973842668,False,47,1b,2500,1,343109,0,1250,0.6633268612177693,64x64,0.001,0.01,30
signed-positive,h64x64_lr0.001_wd0.01_k100,11,0.005420007568250268,False,47,1b,2500,1,343109,0,1250,0.6633268612177693,64x64,0.001,0.01,100
signed-positive,h128x128_lr0.0003_wd0.001_k10,12,0.8301116392192596,False,47,1b,2500,1,343109,0,1250,0.6633268612177693,128x128,0.0003,0.001,10
signed-positive,h128x128_lr0.0003_wd0.001_k30,13,0.0534429441193773,False,47,1b,2500,1,343109,0,1250,0.6633268612177693,128x128,0.0003,0.001,30
signed-positive,h128x128_lr0.0003_wd0.001_k100,14,0.01659272804137347,False,47,1b,2500,1,343109,0,1250,0.6633268612177693,128x128,0.0003,0.001,100
signed-positive,h128x128_lr0.0003_wd0.01_k10,15,1.026095713320303,False,47,1b,2500,1,343109,0,1250,0.6633268612177693,128x128,0.0003,0.01,10
signed-positive,h128x128_lr0.0003_wd0.01_k30,16,0.2098187106037539,False,47,1b,2500,1,343109,0,1250,0.6633268612177693,128x128,0.0003,0.01,30
signed-positive,h128x128_lr0.0003_wd0.01_k100,17,0.023236317932454332,False,47,1b,2500,1,343109,0,1250,0.6633268612177693,128x128,0.0003,0.01,100
signed-positive,h128x128_lr0.001_wd0.001_k10,18,0.04813154045035426,False,47,1b,2500,1,343109,0,1250,0.6633268612177693,128x128,0.001,0.001,10
signed-positive,h128x128_lr0.001_wd0.001_k30,19,0.012371691263470272,False,47,1b,2500,1,343109,0,1250,0.6633268612177693,128x128,0.001,0.001,30
signed-positive,h128x128_lr0.001_wd0.001_k100,20,0.06790064100637977,False,47,1b,2500,1,343109,0,1250,0.6633268612177693,128x128,0.001,0.001,100
signed-positive,h128x128_lr0.001_wd0.01_k10,21,0.23560096734756106,False,47,1b,2500,1,343109,0,1250,0.6633268612177693,128x128,0.001,0.01,10
signed-positive,h128x128_lr0.001_wd0.01_k30,22,0.03436235962025669,False,47,1b,2500,1,343109,0,1250,0.6633268612177693,128x128,0.001,0.01,30
signed-positive,h128x128_lr0.001_wd0.01_k100,23,0.007896466515676496,False,47,1b,2500,1,343109,0,1250,0.6633268612177693,128x128,0.001,0.01,100
signed-negative,h64x64_lr0.0003_wd0.001_k10,0,0.8968493394925862,False,48,1b,2500,1,343109,0,1250,0.6666570706521256,64x64,0.0003,0.001,10
signed-negative,h64x64_lr0.0003_wd0.001_k30,1,0.23199084307364104,False,48,1b,2500,1,343109,0,1250,0.6666570706521256,64x64,0.0003,0.001,30
signed-negative,h64x64_lr0.0003_wd0.001_k100,2,0.005158748120423646,True,48,1b,2500,1,343109,0,1250,0.6666570706521256,64x64,0.0003,0.001,100
signed-negative,h64x64_lr0.0003_wd0.01_k10,3,0.9638394780305983,False,48,1b,2500,1,343109,0,1250,0.6666570706521256,64x64,0.0003,0.01,10
signed-negative,h64x64_lr0.0003_wd0.01_k30,4,0.45546219930400694,False,48,1b,2500,1,343109,0,1250,0.6666570706521256,64x64,0.0003,0.01,30
signed-negative,h64x64_lr0.0003_wd0.01_k100,5,0.02044836757685917,False,48,1b,2500,1,343109,0,1250,0.6666570706521256,64x64,0.0003,0.01,100
signed-negative,h64x64_lr0.001_wd0.001_k10,6,0.25268745157038836,False,48,1b,2500,1,343109,0,1250,0.6666570706521256,64x64,0.001,0.001,10
signed-negative,h64x64_lr0.001_wd0.001_k30,7,0.012025305107174854,False,48,1b,2500,1,343109,0,1250,0.6666570706521256,64x64,0.001,0.001,30
signed-negative,h64x64_lr0.001_wd0.001_k100,8,0.03809701728952243,False,48,1b,2500,1,343109,0,1250,0.6666570706521256,64x64,0.001,0.001,100
signed-negative,h64x64_lr0.001_wd0.01_k10,9,0.49108112199296583,False,48,1b,2500,1,343109,0,1250,0.6666570706521256,64x64,0.001,0.01,10
signed-negative,h64x64_lr0.001_wd0.01_k30,10,0.028392212023908698,False,48,1b,2500,1,343109,0,1250,0.6666570706521256,64x64,0.001,0.01,30
signed-negative,h64x64_lr0.001_wd0.01_k100,11,0.0061601206458512196,False,48,1b,2500,1,343109,0,1250,0.6666570706521256,64x64,0.001,0.01,100
signed-negative,h128x128_lr0.0003_wd0.001_k10,12,0.7123805148281056,False,48,1b,2500,1,343109,0,1250,0.6666570706521256,128x128,0.0003,0.001,10
signed-negative,h128x128_lr0.0003_wd0.001_k30,13,0.028929528237634446,False,48,1b,2500,1,343109,0,1250,0.6666570706521256,128x128,0.0003,0.001,30
signed-negative,h128x128_lr0.0003_wd0.001_k100,14,0.01656725949305704,False,48,1b,2500,1,343109,0,1250,0.6666570706521256,128x128,0.0003,0.001,100
signed-negative,h128x128_lr0.0003_wd0.01_k10,15,0.8858777394826551,False,48,1b,2500,1,343109,0,1250,0.6666570706521256,128x128,0.0003,0.01,10
signed-negative,h128x128_lr0.0003_wd0.01_k30,16,0.16963507772617348,False,48,1b,2500,1,343109,0,1250,0.6666570706521256,128x128,0.0003,0.01,30
signed-negative,h128x128_lr0.0003_wd0.01_k100,17,0.006980158868943136,False,48,1b,2500,1,343109,0,1250,0.6666570706521256,128x128,0.0003,0.01,100
signed-negative,h128x128_lr0.001_wd0.001_k10,18,0.03481758201898024,False,48,1b,2500,1,343109,0,1250,0.6666570706521256,128x128,0.001,0.001,10
signed-negative,h128x128_lr0.001_wd0.001_k30,19,0.014778946299342087,False,48,1b,2500,1,343109,0,1250,0.6666570706521256,128x128,0.001,0.001,30
signed-negative,h128x128_lr0.001_wd0.001_k100,20,0.04843272661499399,False,48,1b,2500,1,343109,0,1250,0.6666570706521256,128x128,0.001,0.001,100
signed-negative,h128x128_lr0.001_wd0.01_k10,21,0.1763165979655413,False,48,1b,2500,1,343109,0,1250,0.6666570706521256,128x128,0.001,0.01,10
signed-negative,h128x128_lr0.001_wd0.01_k30,22,0.015355975663629073,False,48,1b,2500,1,343109,0,1250,0.6666570706521256,128x128,0.001,0.01,30
signed-negative,h128x128_lr0.001_wd0.01_k100,23,0.011046154701430614,False,48,1b,2500,1,343109,0,1250,0.6666570706521256,128x128,0.001,0.01,100
ordinary,h64x64_lr0.0003_wd0.001_k10,0,1.104833504787744,False,49,1b,2500,1,343109,1,1250,,64x64,0.0003,0.001,10
ordinary,h64x64_lr0.0003_wd0.001_k30,1,0.26417989151424,False,49,1b,2500,1,343109,1,1250,,64x64,0.0003,0.001,30
ordinary,h64x64_lr0.0003_wd0.001_k100,2,0.028425639955772,False,49,1b,2500,1,343109,1,1250,,64x64,0.0003,0.001,100
ordinary,h64x64_lr0.0003_wd0.01_k10,3,1.1798644645538008,False,49,1b,2500,1,343109,1,1250,,64x64,0.0003,0.01,10
ordinary,h64x64_lr0.0003_wd0.01_k30,4,0.5992460897737485,False,49,1b,2500,1,343109,1,1250,,64x64,0.0003,0.01,30
ordinary,h64x64_lr0.0003_wd0.01_k100,5,0.07270164119463958,False,49,1b,2500,1,343109,1,1250,,64x64,0.0003,0.01,100
ordinary,h64x64_lr0.001_wd0.001_k10,6,0.295220090210192,False,49,1b,2500,1,343109,1,1250,,64x64,0.001,0.001,10
ordinary,h64x64_lr0.001_wd0.001_k30,7,0.028926468614897102,False,49,1b,2500,1,343109,1,1250,,64x64,0.001,0.001,30
ordinary,h64x64_lr0.001_wd0.001_k100,8,0.00880976740485817,True,49,1b,2500,1,343109,1,1250,,64x64,0.001,0.001,100
ordinary,h64x64_lr0.001_wd0.01_k10,9,0.6418566255123218,False,49,1b,2500,1,343109,1,1250,,64x64,0.001,0.01,10
ordinary,h64x64_lr0.001_wd0.01_k30,10,0.07621505199796186,False,49,1b,2500,1,343109,1,1250,,64x64,0.001,0.01,30
ordinary,h64x64_lr0.001_wd0.01_k100,11,0.04783977937493231,False,49,1b,2500,1,343109,1,1250,,64x64,0.001,0.01,100
ordinary,h128x128_lr0.0003_wd0.001_k10,12,0.8883956050251941,False,49,1b,2500,1,343109,1,1250,,128x128,0.0003,0.001,10
ordinary,h128x128_lr0.0003_wd0.001_k30,13,0.07336136714568976,False,49,1b,2500,1,343109,1,1250,,128x128,0.0003,0.001,30
ordinary,h128x128_lr0.0003_wd0.001_k100,14,0.021246893961517948,False,49,1b,2500,1,343109,1,1250,,128x128,0.0003,0.001,100
ordinary,h128x128_lr0.0003_wd0.01_k10,15,1.0909296812569926,False,49,1b,2500,1,343109,1,1250,,128x128,0.0003,0.01,10
ordinary,h128x128_lr0.0003_wd0.01_k30,16,0.25354827768403904,False,49,1b,2500,1,343109,1,1250,,128x128,0.0003,0.01,30
ordinary,h128x128_lr0.0003_wd0.01_k100,17,0.055372908577961,False,49,1b,2500,1,343109,1,1250,,128x128,0.0003,0.01,100
ordinary,h128x128_lr0.001_wd0.001_k10,18,0.07730049332169349,False,49,1b,2500,1,343109,1,1250,,128x128,0.001,0.001,10
ordinary,h128x128_lr0.001_wd0.001_k30,19,0.01771700199349602,False,49,1b,2500,1,343109,1,1250,,128x128,0.001,0.001,30
ordinary,h128x128_lr0.001_wd0.001_k100,20,0.018856117979816456,False,49,1b,2500,1,343109,1,1250,,128x128,0.001,0.001,100
ordinary,h128x128_lr0.001_wd0.01_k10,21,0.2654170855186409,False,49,1b,2500,1,343109,1,1250,,128x128,0.001,0.01,10
ordinary,h128x128_lr0.001_wd0.01_k30,22,0.0587178329392745,False,49,1b,2500,1,343109,1,1250,,128x128,0.001,0.01,30
ordinary,h128x128_lr0.001_wd0.01_k100,23,0.04622426911525334,False,49,1b,2500,1,343109,1,1250,,128x128,0.001,0.01,100
signed-positive,h64x64_lr0.0003_wd0.001_k10,0,1.2235019031057348,False,50,1b,2500,1,343109,1,1250,0.6703449814979761,64x64,0.0003,0.001,10
signed-positive,h64x64_lr0.0003_wd0.001_k30,1,0.22720261754235466,False,50,1b,2500,1,343109,1,1250,0.6703449814979761,64x64,0.0003,0.001,30
signed-positive,h64x64_lr0.0003_wd0.001_k100,2,0.07609792441833074,False,50,1b,2500,1,343109,1,1250,0.6703449814979761,64x64,0.0003,0.001,100
signed-positive,h64x64_lr0.0003_wd0.01_k10,3,1.3217725515303704,False,50,1b,2500,1,343109,1,1250,0.6703449814979761,64x64,0.0003,0.01,10
signed-positive,h64x64_lr0.0003_wd0.01_k30,4,0.5845911781943812,False,50,1b,2500,1,343109,1,1250,0.6703449814979761,64x64,0.0003,0.01,30
signed-positive,h64x64_lr0.0003_wd0.01_k100,5,0.06249546196249297,False,50,1b,2500,1,343109,1,1250,0.6703449814979761,64x64,0.0003,0.01,100
signed-positive,h64x64_lr0.001_wd0.001_k10,6,0.28164019117771594,False,50,1b,2500,1,343109,1,1250,0.6703449814979761,64x64,0.001,0.001,10
signed-positive,h64x64_lr0.001_wd0.001_k30,7,0.042944767321312326,False,50,1b,2500,1,343109,1,1250,0.6703449814979761,64x64,0.001,0.001,30
signed-positive,h64x64_lr0.001_wd0.001_k100,8,0.11394024680887514,False,50,1b,2500,1,343109,1,1250,0.6703449814979761,64x64,0.001,0.001,100
signed-positive,h64x64_lr0.001_wd0.01_k10,9,0.6671295297410718,False,50,1b,2500,1,343109,1,1250,0.6703449814979761,64x64,0.001,0.01,10
signed-positive,h64x64_lr0.001_wd0.01_k30,10,0.06076432379252339,False,50,1b,2500,1,343109,1,1250,0.6703449814979761,64x64,0.001,0.01,30
signed-positive,h64x64_lr0.001_wd0.01_k100,11,0.03977849922414864,False,50,1b,2500,1,343109,1,1250,0.6703449814979761,64x64,0.001,0.01,100
signed-positive,h128x128_lr0.0003_wd0.001_k10,12,1.0560238123829,False,50,1b,2500,1,343109,1,1250,0.6703449814979761,128x128,0.0003,0.001,10
signed-positive,h128x128_lr0.0003_wd0.001_k30,13,0.0905384091866726,False,50,1b,2500,1,343109,1,1250,0.6703449814979761,128x128,0.0003,0.001,30
signed-positive,h128x128_lr0.0003_wd0.001_k100,14,0.051198196708666516,False,50,1b,2500,1,343109,1,1250,0.6703449814979761,128x128,0.0003,0.001,100
signed-positive,h128x128_lr0.0003_wd0.01_k10,15,1.255526264272097,False,50,1b,2500,1,343109,1,1250,0.6703449814979761,128x128,0.0003,0.01,10
signed-positive,h128x128_lr0.0003_wd0.01_k30,16,0.2792304388891012,False,50,1b,2500,1,343109,1,1250,0.6703449814979761,128x128,0.0003,0.01,30
signed-positive,h128x128_lr0.0003_wd0.01_k100,17,0.046874263259239046,False,50,1b,2500,1,343109,1,1250,0.6703449814979761,128x128,0.0003,0.01,100
signed-positive,h128x128_lr0.001_wd0.001_k10,18,0.1108098680238982,False,50,1b,2500,1,343109,1,1250,0.6703449814979761,128x128,0.001,0.001,10
signed-positive,h128x128_lr0.001_wd0.001_k30,19,0.0,True,50,1b,2500,1,343109,1,1250,0.6703449814979761,128x128,0.001,0.001,30
signed-positive,h128x128_lr0.001_wd0.001_k100,20,0.12460776536716188,False,50,1b,2500,1,343109,1,1250,0.6703449814979761,128x128,0.001,0.001,100
signed-positive,h128x128_lr0.001_wd0.01_k10,21,0.34576276795567207,False,50,1b,2500,1,343109,1,1250,0.6703449814979761,128x128,0.001,0.01,10
signed-positive,h128x128_lr0.001_wd0.01_k30,22,0.03511969697530231,False,50,1b,2500,1,343109,1,1250,0.6703449814979761,128x128,0.001,0.01,30
signed-positive,h128x128_lr0.001_wd0.01_k100,23,0.029337504712547136,False,50,1b,2500,1,343109,1,1250,0.6703449814979761,128x128,0.001,0.01,100
signed-negative,h64x64_lr0.0003_wd0.001_k10,0,1.130380724506616,False,51,1b,2500,1,343109,1,1250,0.637400994704348,64x64,0.0003,0.001,10
signed-negative,h64x64_lr0.0003_wd0.001_k30,1,0.19540219147976143,False,51,1b,2500,1,343109,1,1250,0.637400994704348,64x64,0.0003,0.001,30
signed-negative,h64x64_lr0.0003_wd0.001_k100,2,0.048002669813141594,False,51,1b,2500,1,343109,1,1250,0.637400994704348,64x64,0.0003,0.001,100
signed-negative,h64x64_lr0.0003_wd0.01_k10,3,1.2221413541881931,False,51,1b,2500,1,343109,1,1250,0.637400994704348,64x64,0.0003,0.01,10
signed-negative,h64x64_lr0.0003_wd0.01_k30,4,0.5487300577819638,False,51,1b,2500,1,343109,1,1250,0.637400994704348,64x64,0.0003,0.01,30
signed-negative,h64x64_lr0.0003_wd0.01_k100,5,0.03167260436861271,False,51,1b,2500,1,343109,1,1250,0.637400994704348,64x64,0.0003,0.01,100
signed-negative,h64x64_lr0.001_wd0.001_k10,6,0.21947852451770128,False,51,1b,2500,1,343109,1,1250,0.637400994704348,64x64,0.001,0.001,10
signed-negative,h64x64_lr0.001_wd0.001_k30,7,0.10547770219498132,False,51,1b,2500,1,343109,1,1250,0.637400994704348,64x64,0.001,0.001,30
signed-negative,h64x64_lr0.001_wd0.001_k100,8,0.11627893565120061,False,51,1b,2500,1,343109,1,1250,0.637400994704348,64x64,0.001,0.001,100
signed-negative,h64x64_lr0.001_wd0.01_k10,9,0.583955124342494,False,51,1b,2500,1,343109,1,1250,0.637400994704348,64x64,0.001,0.01,10
signed-negative,h64x64_lr0.001_wd0.01_k30,10,0.058847535285344935,False,51,1b,2500,1,343109,1,1250,0.637400994704348,64x64,0.001,0.01,30
signed-negative,h64x64_lr0.001_wd0.01_k100,11,0.03702891212340916,False,51,1b,2500,1,343109,1,1250,0.637400994704348,64x64,0.001,0.01,100
signed-negative,h128x128_lr0.0003_wd0.001_k10,12,0.872911500842933,False,51,1b,2500,1,343109,1,1250,0.637400994704348,128x128,0.0003,0.001,10
signed-negative,h128x128_lr0.0003_wd0.001_k30,13,0.07767550882021088,False,51,1b,2500,1,343109,1,1250,0.637400994704348,128x128,0.0003,0.001,30
signed-negative,h128x128_lr0.0003_wd0.001_k100,14,0.05965444104018545,False,51,1b,2500,1,343109,1,1250,0.637400994704348,128x128,0.0003,0.001,100
signed-negative,h128x128_lr0.0003_wd0.01_k10,15,1.1120241019947805,False,51,1b,2500,1,343109,1,1250,0.637400994704348,128x128,0.0003,0.01,10
signed-negative,h128x128_lr0.0003_wd0.01_k30,16,0.24055217562883835,False,51,1b,2500,1,343109,1,1250,0.637400994704348,128x128,0.0003,0.01,30
signed-negative,h128x128_lr0.0003_wd0.01_k100,17,0.022982023034954092,True,51,1b,2500,1,343109,1,1250,0.637400994704348,128x128,0.0003,0.01,100
signed-negative,h128x128_lr0.001_wd0.001_k10,18,0.07301502470538998,False,51,1b,2500,1,343109,1,1250,0.637400994704348,128x128,0.001,0.001,10
signed-negative,h128x128_lr0.001_wd0.001_k30,19,0.08101934401838293,False,51,1b,2500,1,343109,1,1250,0.637400994704348,128x128,0.001,0.001,30
signed-negative,h128x128_lr0.001_wd0.001_k100,20,0.148214233886532,False,51,1b,2500,1,343109,1,1250,0.637400994704348,128x128,0.001,0.001,100
signed-negative,h128x128_lr0.001_wd0.01_k10,21,0.23659711324561528,False,51,1b,2500,1,343109,1,1250,0.637400994704348,128x128,0.001,0.01,10
signed-negative,h128x128_lr0.001_wd0.01_k30,22,0.07456965049726086,False,51,1b,2500,1,343109,1,1250,0.637400994704348,128x128,0.001,0.01,30
signed-negative,h128x128_lr0.001_wd0.01_k100,23,0.04911085713859145,False,51,1b,2500,1,343109,1,1250,0.637400994704348,128x128,0.001,0.01,100
ordinary,h64x64_lr0.0003_wd0.001_k10,0,0.9305241821674851,False,52,1b,2500,2,443112,0,1250,,64x64,0.0003,0.001,10
ordinary,h64x64_lr0.0003_wd0.001_k30,1,0.12130605946742745,False,52,1b,2500,2,443112,0,1250,,64x64,0.0003,0.001,30
ordinary,h64x64_lr0.0003_wd0.001_k100,2,0.005141580657268901,True,52,1b,2500,2,443112,0,1250,,64x64,0.0003,0.001,100
ordinary,h64x64_lr0.0003_wd0.01_k10,3,1.0338310078450492,False,52,1b,2500,2,443112,0,1250,,64x64,0.0003,0.01,10
ordinary,h64x64_lr0.0003_wd0.01_k30,4,0.357183973111936,False,52,1b,2500,2,443112,0,1250,,64x64,0.0003,0.01,30
ordinary,h64x64_lr0.0003_wd0.01_k100,5,0.019728407961780114,False,52,1b,2500,2,443112,0,1250,,64x64,0.0003,0.01,100
ordinary,h64x64_lr0.001_wd0.001_k10,6,0.13553909191174696,False,52,1b,2500,2,443112,0,1250,,64x64,0.001,0.001,10
ordinary,h64x64_lr0.001_wd0.001_k30,7,0.036178348660986626,False,52,1b,2500,2,443112,0,1250,,64x64,0.001,0.001,30
ordinary,h64x64_lr0.001_wd0.001_k100,8,0.04304904977863655,False,52,1b,2500,2,443112,0,1250,,64x64,0.001,0.001,100
ordinary,h64x64_lr0.001_wd0.01_k10,9,0.389207284627714,False,52,1b,2500,2,443112,0,1250,,64x64,0.001,0.01,10
ordinary,h64x64_lr0.001_wd0.01_k30,10,0.022896364931579358,False,52,1b,2500,2,443112,0,1250,,64x64,0.001,0.01,30
ordinary,h64x64_lr0.001_wd0.01_k100,11,0.008878507651938787,False,52,1b,2500,2,443112,0,1250,,64x64,0.001,0.01,100
ordinary,h128x128_lr0.0003_wd0.001_k10,12,0.7790135813472816,False,52,1b,2500,2,443112,0,1250,,128x128,0.0003,0.001,10
ordinary,h128x128_lr0.0003_wd0.001_k30,13,0.033823685282846044,False,52,1b,2500,2,443112,0,1250,,128x128,0.0003,0.001,30
ordinary,h128x128_lr0.0003_wd0.001_k100,14,0.025233497996308828,False,52,1b,2500,2,443112,0,1250,,128x128,0.0003,0.001,100
ordinary,h128x128_lr0.0003_wd0.01_k10,15,0.9822130037156562,False,52,1b,2500,2,443112,0,1250,,128x128,0.0003,0.01,10
ordinary,h128x128_lr0.0003_wd0.01_k30,16,0.17342006934162096,False,52,1b,2500,2,443112,0,1250,,128x128,0.0003,0.01,30
ordinary,h128x128_lr0.0003_wd0.01_k100,17,0.016312730489717937,False,52,1b,2500,2,443112,0,1250,,128x128,0.0003,0.01,100
ordinary,h128x128_lr0.001_wd0.001_k10,18,0.03250671310048336,False,52,1b,2500,2,443112,0,1250,,128x128,0.001,0.001,10
ordinary,h128x128_lr0.001_wd0.001_k30,19,0.05248631773464554,False,52,1b,2500,2,443112,0,1250,,128x128,0.001,0.001,30
ordinary,h128x128_lr0.001_wd0.001_k100,20,0.05544851781852788,False,52,1b,2500,2,443112,0,1250,,128x128,0.001,0.001,100
ordinary,h128x128_lr0.001_wd0.01_k10,21,0.19355498535287982,False,52,1b,2500,2,443112,0,1250,,128x128,0.001,0.01,10
ordinary,h128x128_lr0.001_wd0.01_k30,22,0.019623785502239394,False,52,1b,2500,2,443112,0,1250,,128x128,0.001,0.01,30
ordinary,h128x128_lr0.001_wd0.01_k100,23,0.017675333044393032,False,52,1b,2500,2,443112,0,1250,,128x128,0.001,0.01,100
signed-positive,h64x64_lr0.0003_wd0.001_k10,0,1.0114103081877883,False,53,1b,2500,2,443112,0,1250,0.6240165267222098,64x64,0.0003,0.001,10
signed-positive,h64x64_lr0.0003_wd0.001_k30,1,0.23229545958699596,False,53,1b,2500,2,443112,0,1250,0.6240165267222098,64x64,0.0003,0.001,30
signed-positive,h64x64_lr0.0003_wd0.001_k100,2,0.024454579700039825,False,53,1b,2500,2,443112,0,1250,0.6240165267222098,64x64,0.0003,0.001,100
signed-positive,h64x64_lr0.0003_wd0.01_k10,3,1.0795824733398487,False,53,1b,2500,2,443112,0,1250,0.6240165267222098,64x64,0.0003,0.01,10
signed-positive,h64x64_lr0.0003_wd0.01_k30,4,0.5478274144239547,False,53,1b,2500,2,443112,0,1250,0.6240165267222098,64x64,0.0003,0.01,30
signed-positive,h64x64_lr0.0003_wd0.01_k100,5,0.029853455356770815,False,53,1b,2500,2,443112,0,1250,0.6240165267222098,64x64,0.0003,0.01,100
signed-positive,h64x64_lr0.001_wd0.001_k10,6,0.28132076582687243,False,53,1b,2500,2,443112,0,1250,0.6240165267222098,64x64,0.001,0.001,10
signed-positive,h64x64_lr0.001_wd0.001_k30,7,0.018657738646134455,False,53,1b,2500,2,443112,0,1250,0.6240165267222098,64x64,0.001,0.001,30
signed-positive,h64x64_lr0.001_wd0.001_k100,8,0.06217514217071741,False,53,1b,2500,2,443112,0,1250,0.6240165267222098,64x64,0.001,0.001,100
signed-positive,h64x64_lr0.001_wd0.01_k10,9,0.6038526470991763,False,53,1b,2500,2,443112,0,1250,0.6240165267222098,64x64,0.001,0.01,10
signed-positive,h64x64_lr0.001_wd0.01_k30,10,0.02915343007383322,False,53,1b,2500,2,443112,0,1250,0.6240165267222098,64x64,0.001,0.01,30
signed-positive,h64x64_lr0.001_wd0.01_k100,11,0.02280074054435679,False,53,1b,2500,2,443112,0,1250,0.6240165267222098,64x64,0.001,0.01,100
signed-positive,h128x128_lr0.0003_wd0.001_k10,12,0.8275204402920169,False,53,1b,2500,2,443112,0,1250,0.6240165267222098,128x128,0.0003,0.001,10
signed-positive,h128x128_lr0.0003_wd0.001_k30,13,0.045368782913120395,False,53,1b,2500,2,443112,0,1250,0.6240165267222098,128x128,0.0003,0.001,30
signed-positive,h128x128_lr0.0003_wd0.001_k100,14,0.029932781563231186,False,53,1b,2500,2,443112,0,1250,0.6240165267222098,128x128,0.0003,0.001,100
signed-positive,h128x128_lr0.0003_wd0.01_k10,15,1.0010360873335757,False,53,1b,2500,2,443112,0,1250,0.6240165267222098,128x128,0.0003,0.01,10
signed-positive,h128x128_lr0.0003_wd0.01_k30,16,0.2393594689757188,False,53,1b,2500,2,443112,0,1250,0.6240165267222098,128x128,0.0003,0.01,30
signed-positive,h128x128_lr0.0003_wd0.01_k100,17,0.010876653001572688,True,53,1b,2500,2,443112,0,1250,0.6240165267222098,128x128,0.0003,0.01,100
signed-positive,h128x128_lr0.001_wd0.001_k10,18,0.055367463740155,False,53,1b,2500,2,443112,0,1250,0.6240165267222098,128x128,0.001,0.001,10
signed-positive,h128x128_lr0.001_wd0.001_k30,19,0.021596325959899392,False,53,1b,2500,2,443112,0,1250,0.6240165267222098,128x128,0.001,0.001,30
signed-positive,h128x128_lr0.001_wd0.001_k100,20,0.07877058717903111,False,53,1b,2500,2,443112,0,1250,0.6240165267222098,128x128,0.001,0.001,100
signed-positive,h128x128_lr0.001_wd0.01_k10,21,0.28143662516085016,False,53,1b,2500,2,443112,0,1250,0.6240165267222098,128x128,0.001,0.01,10
signed-positive,h128x128_lr0.001_wd0.01_k30,22,0.014557213616318494,False,53,1b,2500,2,443112,0,1250,0.6240165267222098,128x128,0.001,0.01,30
signed-positive,h128x128_lr0.001_wd0.01_k100,23,0.02986442690654625,False,53,1b,2500,2,443112,0,1250,0.6240165267222098,128x128,0.001,0.01,100
signed-negative,h64x64_lr0.0003_wd0.001_k10,0,1.0108764761515894,False,54,1b,2500,2,443112,0,1250,0.6628206540256432,64x64,0.0003,0.001,10
signed-negative,h64x64_lr0.0003_wd0.001_k30,1,0.20574324579036868,False,54,1b,2500,2,443112,0,1250,0.6628206540256432,64x64,0.0003,0.001,30
signed-negative,h64x64_lr0.0003_wd0.001_k100,2,0.008257163563555969,False,54,1b,2500,2,443112,0,1250,0.6628206540256432,64x64,0.0003,0.001,100
signed-negative,h64x64_lr0.0003_wd0.01_k10,3,1.086877150853083,False,54,1b,2500,2,443112,0,1250,0.6628206540256432,64x64,0.0003,0.01,10
signed-negative,h64x64_lr0.0003_wd0.01_k30,4,0.4713309266210168,False,54,1b,2500,2,443112,0,1250,0.6628206540256432,64x64,0.0003,0.01,30
signed-negative,h64x64_lr0.0003_wd0.01_k100,5,0.031433719273461565,False,54,1b,2500,2,443112,0,1250,0.6628206540256432,64x64,0.0003,0.01,100
signed-negative,h64x64_lr0.001_wd0.001_k10,6,0.23392545974741608,False,54,1b,2500,2,443112,0,1250,0.6628206540256432,64x64,0.001,0.001,10
signed-negative,h64x64_lr0.001_wd0.001_k30,7,0.009494857225208628,False,54,1b,2500,2,443112,0,1250,0.6628206540256432,64x64,0.001,0.001,30
signed-negative,h64x64_lr0.001_wd0.001_k100,8,0.033835189714644054,False,54,1b,2500,2,443112,0,1250,0.6628206540256432,64x64,0.001,0.001,100
signed-negative,h64x64_lr0.001_wd0.01_k10,9,0.5190107892177928,False,54,1b,2500,2,443112,0,1250,0.6628206540256432,64x64,0.001,0.01,10
signed-negative,h64x64_lr0.001_wd0.01_k30,10,0.03888498976666458,False,54,1b,2500,2,443112,0,1250,0.6628206540256432,64x64,0.001,0.01,30
signed-negative,h64x64_lr0.001_wd0.01_k100,11,0.010134947068082266,False,54,1b,2500,2,443112,0,1250,0.6628206540256432,64x64,0.001,0.01,100
signed-negative,h128x128_lr0.0003_wd0.001_k10,12,0.8310115912089473,False,54,1b,2500,2,443112,0,1250,0.6628206540256432,128x128,0.0003,0.001,10
signed-negative,h128x128_lr0.0003_wd0.001_k30,13,0.04967304634787356,False,54,1b,2500,2,443112,0,1250,0.6628206540256432,128x128,0.0003,0.001,30
signed-negative,h128x128_lr0.0003_wd0.001_k100,14,0.015240015797724521,False,54,1b,2500,2,443112,0,1250,0.6628206540256432,128x128,0.0003,0.001,100
signed-negative,h128x128_lr0.0003_wd0.01_k10,15,1.0104622506964953,False,54,1b,2500,2,443112,0,1250,0.6628206540256432,128x128,0.0003,0.01,10
signed-negative,h128x128_lr0.0003_wd0.01_k30,16,0.2065740459008186,False,54,1b,2500,2,443112,0,1250,0.6628206540256432,128x128,0.0003,0.01,30
signed-negative,h128x128_lr0.0003_wd0.01_k100,17,0.016190528984097275,False,54,1b,2500,2,443112,0,1250,0.6628206540256432,128x128,0.0003,0.01,100
signed-negative,h128x128_lr0.001_wd0.001_k10,18,0.05224323486094112,False,54,1b,2500,2,443112,0,1250,0.6628206540256432,128x128,0.001,0.001,10
signed-negative,h128x128_lr0.001_wd0.001_k30,19,0.018480471589701727,False,54,1b,2500,2,443112,0,1250,0.6628206540256432,128x128,0.001,0.001,30
signed-negative,h128x128_lr0.001_wd0.001_k100,20,0.05302922438459796,False,54,1b,2500,2,443112,0,1250,0.6628206540256432,128x128,0.001,0.001,100
signed-negative,h128x128_lr0.001_wd0.01_k10,21,0.233828884583946,False,54,1b,2500,2,443112,0,1250,0.6628206540256432,128x128,0.001,0.01,10
signed-negative,h128x128_lr0.001_wd0.01_k30,22,0.018407179929125734,False,54,1b,2500,2,443112,0,1250,0.6628206540256432,128x128,0.001,0.01,30
signed-negative,h128x128_lr0.001_wd0.01_k100,23,0.00474461035330979,True,54,1b,2500,2,443112,0,1250,0.6628206540256432,128x128,0.001,0.01,100
ordinary,h64x64_lr0.0003_wd0.001_k10,0,1.1736153464763914,False,55,1b,2500,2,443112,1,1250,,64x64,0.0003,0.001,10
ordinary,h64x64_lr0.0003_wd0.001_k30,1,0.2102437122435792,False,55,1b,2500,2,443112,1,1250,,64x64,0.0003,0.001,30
ordinary,h64x64_lr0.0003_wd0.001_k100,2,0.008470378725642859,False,55,1b,2500,2,443112,1,1250,,64x64,0.0003,0.001,100
ordinary,h64x64_lr0.0003_wd0.01_k10,3,1.2722444427300519,False,55,1b,2500,2,443112,1,1250,,64x64,0.0003,0.01,10
ordinary,h64x64_lr0.0003_wd0.01_k30,4,0.5122234387963753,False,55,1b,2500,2,443112,1,1250,,64x64,0.0003,0.01,30
ordinary,h64x64_lr0.0003_wd0.01_k100,5,0.03405503059932886,False,55,1b,2500,2,443112,1,1250,,64x64,0.0003,0.01,100
ordinary,h64x64_lr0.001_wd0.001_k10,6,0.2307827987460444,False,55,1b,2500,2,443112,1,1250,,64x64,0.001,0.001,10
ordinary,h64x64_lr0.001_wd0.001_k30,7,0.0011453425881057789,True,55,1b,2500,2,443112,1,1250,,64x64,0.001,0.001,30
ordinary,h64x64_lr0.001_wd0.001_k100,8,0.042400344305077574,False,55,1b,2500,2,443112,1,1250,,64x64,0.001,0.001,100
ordinary,h64x64_lr0.001_wd0.01_k10,9,0.5706228507115795,False,55,1b,2500,2,443112,1,1250,,64x64,0.001,0.01,10
ordinary,h64x64_lr0.001_wd0.01_k30,10,0.03557625010970667,False,55,1b,2500,2,443112,1,1250,,64x64,0.001,0.01,30
ordinary,h64x64_lr0.001_wd0.01_k100,11,0.012938072494005248,False,55,1b,2500,2,443112,1,1250,,64x64,0.001,0.01,100
ordinary,h128x128_lr0.0003_wd0.001_k10,12,0.9127484031739094,False,55,1b,2500,2,443112,1,1250,,128x128,0.0003,0.001,10
ordinary,h128x128_lr0.0003_wd0.001_k30,13,0.06982720473781662,False,55,1b,2500,2,443112,1,1250,,128x128,0.0003,0.001,30
ordinary,h128x128_lr0.0003_wd0.001_k100,14,0.009630875670382857,False,55,1b,2500,2,443112,1,1250,,128x128,0.0003,0.001,100
ordinary,h128x128_lr0.0003_wd0.01_k10,15,1.1596670811762058,False,55,1b,2500,2,443112,1,1250,,128x128,0.0003,0.01,10
ordinary,h128x128_lr0.0003_wd0.01_k30,16,0.2073697945830305,False,55,1b,2500,2,443112,1,1250,,128x128,0.0003,0.01,30
ordinary,h128x128_lr0.0003_wd0.01_k100,17,0.02608597183106859,False,55,1b,2500,2,443112,1,1250,,128x128,0.0003,0.01,100
ordinary,h128x128_lr0.001_wd0.001_k10,18,0.07539975527231148,False,55,1b,2500,2,443112,1,1250,,128x128,0.001,0.001,10
ordinary,h128x128_lr0.001_wd0.001_k30,19,0.005231261119648748,False,55,1b,2500,2,443112,1,1250,,128x128,0.001,0.001,30
ordinary,h128x128_lr0.001_wd0.001_k100,20,0.05829030112144147,False,55,1b,2500,2,443112,1,1250,,128x128,0.001,0.001,100
ordinary,h128x128_lr0.001_wd0.01_k10,21,0.2056164224264166,False,55,1b,2500,2,443112,1,1250,,128x128,0.001,0.01,10
ordinary,h128x128_lr0.001_wd0.01_k30,22,0.024652768888796577,False,55,1b,2500,2,443112,1,1250,,128x128,0.001,0.01,30
ordinary,h128x128_lr0.001_wd0.01_k100,23,0.015827138135339695,False,55,1b,2500,2,443112,1,1250,,128x128,0.001,0.01,100
signed-positive,h64x64_lr0.0003_wd0.001_k10,0,0.9046490132058075,False,56,1b,2500,2,443112,1,1250,0.7077550015099959,64x64,0.0003,0.001,10
signed-positive,h64x64_lr0.0003_wd0.001_k30,1,0.24169883425566963,False,56,1b,2500,2,443112,1,1250,0.7077550015099959,64x64,0.0003,0.001,30
signed-positive,h64x64_lr0.0003_wd0.001_k100,2,0.009079319967298891,False,56,1b,2500,2,443112,1,1250,0.7077550015099959,64x64,0.0003,0.001,100
signed-positive,h64x64_lr0.0003_wd0.01_k10,3,0.972702968169807,False,56,1b,2500,2,443112,1,1250,0.7077550015099959,64x64,0.0003,0.01,10
signed-positive,h64x64_lr0.0003_wd0.01_k30,4,0.48597406255082837,False,56,1b,2500,2,443112,1,1250,0.7077550015099959,64x64,0.0003,0.01,30
signed-positive,h64x64_lr0.0003_wd0.01_k100,5,0.026692268529054524,False,56,1b,2500,2,443112,1,1250,0.7077550015099959,64x64,0.0003,0.01,100
signed-positive,h64x64_lr0.001_wd0.001_k10,6,0.2802731527925804,False,56,1b,2500,2,443112,1,1250,0.7077550015099959,64x64,0.001,0.001,10
signed-positive,h64x64_lr0.001_wd0.001_k30,7,0.003743809428639698,True,56,1b,2500,2,443112,1,1250,0.7077550015099959,64x64,0.001,0.001,30
signed-positive,h64x64_lr0.001_wd0.001_k100,8,0.08291645172004827,False,56,1b,2500,2,443112,1,1250,0.7077550015099959,64x64,0.001,0.001,100
signed-positive,h64x64_lr0.001_wd0.01_k10,9,0.5276184221896345,False,56,1b,2500,2,443112,1,1250,0.7077550015099959,64x64,0.001,0.01,10
signed-positive,h64x64_lr0.001_wd0.01_k30,10,0.02907381527142138,False,56,1b,2500,2,443112,1,1250,0.7077550015099959,64x64,0.001,0.01,30
signed-positive,h64x64_lr0.001_wd0.01_k100,11,0.02295459130476526,False,56,1b,2500,2,443112,1,1250,0.7077550015099959,64x64,0.001,0.01,100
signed-positive,h128x128_lr0.0003_wd0.001_k10,12,0.6710901706541564,False,56,1b,2500,2,443112,1,1250,0.7077550015099959,128x128,0.0003,0.001,10
signed-positive,h128x128_lr0.0003_wd0.001_k30,13,0.050916419833162786,False,56,1b,2500,2,443112,1,1250,0.7077550015099959,128x128,0.0003,0.001,30
signed-positive,h128x128_lr0.0003_wd0.001_k100,14,0.04563308353255542,False,56,1b,2500,2,443112,1,1250,0.7077550015099959,128x128,0.0003,0.001,100
signed-positive,h128x128_lr0.0003_wd0.01_k10,15,0.8715880254920939,False,56,1b,2500,2,443112,1,1250,0.7077550015099959,128x128,0.0003,0.01,10
signed-positive,h128x128_lr0.0003_wd0.01_k30,16,0.1676783775881133,False,56,1b,2500,2,443112,1,1250,0.7077550015099959,128x128,0.0003,0.01,30
signed-positive,h128x128_lr0.0003_wd0.01_k100,17,0.01479329226391371,False,56,1b,2500,2,443112,1,1250,0.7077550015099959,128x128,0.0003,0.01,100
signed-positive,h128x128_lr0.001_wd0.001_k10,18,0.06473019252457263,False,56,1b,2500,2,443112,1,1250,0.7077550015099959,128x128,0.001,0.001,10
signed-positive,h128x128_lr0.001_wd0.001_k30,19,0.03267346635401769,False,56,1b,2500,2,443112,1,1250,0.7077550015099959,128x128,0.001,0.001,30
signed-positive,h128x128_lr0.001_wd0.001_k100,20,0.13282413726709535,False,56,1b,2500,2,443112,1,1250,0.7077550015099959,128x128,0.001,0.001,100
signed-positive,h128x128_lr0.001_wd0.01_k10,21,0.1722754781483687,False,56,1b,2500,2,443112,1,1250,0.7077550015099959,128x128,0.001,0.01,10
signed-positive,h128x128_lr0.001_wd0.01_k30,22,0.02172940774303957,False,56,1b,2500,2,443112,1,1250,0.7077550015099959,128x128,0.001,0.01,30
signed-positive,h128x128_lr0.001_wd0.01_k100,23,0.03555121773232202,False,56,1b,2500,2,443112,1,1250,0.7077550015099959,128x128,0.001,0.01,100
signed-negative,h64x64_lr0.0003_wd0.001_k10,0,0.8155934177891447,False,57,1b,2500,2,443112,1,1250,0.6836069831464591,64x64,0.0003,0.001,10
signed-negative,h64x64_lr0.0003_wd0.001_k30,1,0.14792291849194603,False,57,1b,2500,2,443112,1,1250,0.6836069831464591,64x64,0.0003,0.001,30
signed-negative,h64x64_lr0.0003_wd0.001_k100,2,0.010733078770066554,False,57,1b,2500,2,443112,1,1250,0.6836069831464591,64x64,0.0003,0.001,100
signed-negative,h64x64_lr0.0003_wd0.01_k10,3,0.8997073197148703,False,57,1b,2500,2,443112,1,1250,0.6836069831464591,64x64,0.0003,0.01,10
signed-negative,h64x64_lr0.0003_wd0.01_k30,4,0.3039622031318432,False,57,1b,2500,2,443112,1,1250,0.6836069831464591,64x64,0.0003,0.01,30
signed-negative,h64x64_lr0.0003_wd0.01_k100,5,0.0348289383705499,False,57,1b,2500,2,443112,1,1250,0.6836069831464591,64x64,0.0003,0.01,100
signed-negative,h64x64_lr0.001_wd0.001_k10,6,0.14484713463725737,False,57,1b,2500,2,443112,1,1250,0.6836069831464591,64x64,0.001,0.001,10
signed-negative,h64x64_lr0.001_wd0.001_k30,7,0.009105084822408988,True,57,1b,2500,2,443112,1,1250,0.6836069831464591,64x64,0.001,0.001,30
signed-negative,h64x64_lr0.001_wd0.001_k100,8,0.03175914713348023,False,57,1b,2500,2,443112,1,1250,0.6836069831464591,64x64,0.001,0.001,100
signed-negative,h64x64_lr0.001_wd0.01_k10,9,0.3356072414706865,False,57,1b,2500,2,443112,1,1250,0.6836069831464591,64x64,0.001,0.01,10
signed-negative,h64x64_lr0.001_wd0.01_k30,10,0.03550157979861617,False,57,1b,2500,2,443112,1,1250,0.6836069831464591,64x64,0.001,0.01,30
signed-negative,h64x64_lr0.001_wd0.01_k100,11,0.016769570992160684,False,57,1b,2500,2,443112,1,1250,0.6836069831464591,64x64,0.001,0.01,100
signed-negative,h128x128_lr0.0003_wd0.001_k10,12,0.6083405292093674,False,57,1b,2500,2,443112,1,1250,0.6836069831464591,128x128,0.0003,0.001,10
signed-negative,h128x128_lr0.0003_wd0.001_k30,13,0.032381023734070986,False,57,1b,2500,2,443112,1,1250,0.6836069831464591,128x128,0.0003,0.001,30
signed-negative,h128x128_lr0.0003_wd0.001_k100,14,0.020988891252900932,False,57,1b,2500,2,443112,1,1250,0.6836069831464591,128x128,0.0003,0.001,100
signed-negative,h128x128_lr0.0003_wd0.01_k10,15,0.8194384921035098,False,57,1b,2500,2,443112,1,1250,0.6836069831464591,128x128,0.0003,0.01,10
signed-negative,h128x128_lr0.0003_wd0.01_k30,16,0.1150212386007486,False,57,1b,2500,2,443112,1,1250,0.6836069831464591,128x128,0.0003,0.01,30
signed-negative,h128x128_lr0.0003_wd0.01_k100,17,0.02171869148036127,False,57,1b,2500,2,443112,1,1250,0.6836069831464591,128x128,0.0003,0.01,100
signed-negative,h128x128_lr0.001_wd0.001_k10,18,0.021953034814097584,False,57,1b,2500,2,443112,1,1250,0.6836069831464591,128x128,0.001,0.001,10
signed-negative,h128x128_lr0.001_wd0.001_k30,19,0.035979653529988234,False,57,1b,2500,2,443112,1,1250,0.6836069831464591,128x128,0.001,0.001,30
signed-negative,h128x128_lr0.001_wd0.001_k100,20,0.055223720736585914,False,57,1b,2500,2,443112,1,1250,0.6836069831464591,128x128,0.001,0.001,100
signed-negative,h128x128_lr0.001_wd0.01_k10,21,0.09794757141511395,False,57,1b,2500,2,443112,1,1250,0.6836069831464591,128x128,0.001,0.01,10
signed-negative,h128x128_lr0.001_wd0.01_k30,22,0.0209312115797087,False,57,1b,2500,2,443112,1,1250,0.6836069831464591,128x128,0.001,0.01,30
signed-negative,h128x128_lr0.001_wd0.01_k100,23,0.017114110373878787,False,57,1b,2500,2,443112,1,1250,0.6836069831464591,128x128,0.001,0.01,100
ordinary,h64x64_lr0.0003_wd0.001_k10,0,1.395465398132354,False,58,1b,2500,3,543115,0,1250,,64x64,0.0003,0.001,10
ordinary,h64x64_lr0.0003_wd0.001_k30,1,0.3241646430887975,False,58,1b,2500,3,543115,0,1250,,64x64,0.0003,0.001,30
ordinary,h64x64_lr0.0003_wd0.001_k100,2,0.009704641287129195,True,58,1b,2500,3,543115,0,1250,,64x64,0.0003,0.001,100
ordinary,h64x64_lr0.0003_wd0.01_k10,3,1.5144979771440465,False,58,1b,2500,3,543115,0,1250,,64x64,0.0003,0.01,10
ordinary,h64x64_lr0.0003_wd0.01_k30,4,0.661945352353922,False,58,1b,2500,3,543115,0,1250,,64x64,0.0003,0.01,30
ordinary,h64x64_lr0.0003_wd0.01_k100,5,0.05766688376804237,False,58,1b,2500,3,543115,0,1250,,64x64,0.0003,0.01,100
ordinary,h64x64_lr0.001_wd0.001_k10,6,0.3405676190738885,False,58,1b,2500,3,543115,0,1250,,64x64,0.001,0.001,10
ordinary,h64x64_lr0.001_wd0.001_k30,7,0.012831603553461583,False,58,1b,2500,3,543115,0,1250,,64x64,0.001,0.001,30
ordinary,h64x64_lr0.001_wd0.001_k100,8,0.041242978406542015,False,58,1b,2500,3,543115,0,1250,,64x64,0.001,0.001,100
ordinary,h64x64_lr0.001_wd0.01_k10,9,0.7223878931457636,False,58,1b,2500,3,543115,0,1250,,64x64,0.001,0.01,10
ordinary,h64x64_lr0.001_wd0.01_k30,10,0.0681558976687413,False,58,1b,2500,3,543115,0,1250,,64x64,0.001,0.01,30
ordinary,h64x64_lr0.001_wd0.01_k100,11,0.017887661400957454,False,58,1b,2500,3,543115,0,1250,,64x64,0.001,0.01,100
ordinary,h128x128_lr0.0003_wd0.001_k10,12,1.0667244578210238,False,58,1b,2500,3,543115,0,1250,,128x128,0.0003,0.001,10
ordinary,h128x128_lr0.0003_wd0.001_k30,13,0.07012405103726344,False,58,1b,2500,3,543115,0,1250,,128x128,0.0003,0.001,30
ordinary,h128x128_lr0.0003_wd0.001_k100,14,0.014626992910057727,False,58,1b,2500,3,543115,0,1250,,128x128,0.0003,0.001,100
ordinary,h128x128_lr0.0003_wd0.01_k10,15,1.3911554841154006,False,58,1b,2500,3,543115,0,1250,,128x128,0.0003,0.01,10
ordinary,h128x128_lr0.0003_wd0.01_k30,16,0.27138642747394115,False,58,1b,2500,3,543115,0,1250,,128x128,0.0003,0.01,30
ordinary,h128x128_lr0.0003_wd0.01_k100,17,0.03306467128817074,False,58,1b,2500,3,543115,0,1250,,128x128,0.0003,0.01,100
ordinary,h128x128_lr0.001_wd0.001_k10,18,0.06347188921503101,False,58,1b,2500,3,543115,0,1250,,128x128,0.001,0.001,10
ordinary,h128x128_lr0.001_wd0.001_k30,19,0.011805944823795858,False,58,1b,2500,3,543115,0,1250,,128x128,0.001,0.001,30
ordinary,h128x128_lr0.001_wd0.001_k100,20,0.0717417599499791,False,58,1b,2500,3,543115,0,1250,,128x128,0.001,0.001,100
ordinary,h128x128_lr0.001_wd0.01_k10,21,0.267200677946568,False,58,1b,2500,3,543115,0,1250,,128x128,0.001,0.01,10
ordinary,h128x128_lr0.001_wd0.01_k30,22,0.03644286774708063,False,58,1b,2500,3,543115,0,1250,,128x128,0.001,0.01,30
ordinary,h128x128_lr0.001_wd0.01_k100,23,0.01696278087805849,False,58,1b,2500,3,543115,0,1250,,128x128,0.001,0.01,100
signed-positive,h64x64_lr0.0003_wd0.001_k10,0,1.2161207134794438,False,59,1b,2500,3,543115,0,1250,0.739248463927935,64x64,0.0003,0.001,10
signed-positive,h64x64_lr0.0003_wd0.001_k30,1,0.21945209857020334,False,59,1b,2500,3,543115,0,1250,0.739248463927935,64x64,0.0003,0.001,30
signed-positive,h64x64_lr0.0003_wd0.001_k100,2,0.05107292652218046,False,59,1b,2500,3,543115,0,1250,0.739248463927935,64x64,0.0003,0.001,100
signed-positive,h64x64_lr0.0003_wd0.01_k10,3,1.3328332933911788,False,59,1b,2500,3,543115,0,1250,0.739248463927935,64x64,0.0003,0.01,10
signed-positive,h64x64_lr0.0003_wd0.01_k30,4,0.5314404645053962,False,59,1b,2500,3,543115,0,1250,0.739248463927935,64x64,0.0003,0.01,30
signed-positive,h64x64_lr0.0003_wd0.01_k100,5,0.02837895782007024,False,59,1b,2500,3,543115,0,1250,0.739248463927935,64x64,0.0003,0.01,100
signed-positive,h64x64_lr0.001_wd0.001_k10,6,0.25703578778341396,False,59,1b,2500,3,543115,0,1250,0.739248463927935,64x64,0.001,0.001,10
signed-positive,h64x64_lr0.001_wd0.001_k30,7,0.048724616710282706,False,59,1b,2500,3,543115,0,1250,0.739248463927935,64x64,0.001,0.001,30
signed-positive,h64x64_lr0.001_wd0.001_k100,8,0.07581507641689741,False,59,1b,2500,3,543115,0,1250,0.739248463927935,64x64,0.001,0.001,100
signed-positive,h64x64_lr0.001_wd0.01_k10,9,0.603150806585607,False,59,1b,2500,3,543115,0,1250,0.739248463927935,64x64,0.001,0.01,10
signed-positive,h64x64_lr0.001_wd0.01_k30,10,0.029140366934908422,False,59,1b,2500,3,543115,0,1250,0.739248463927935,64x64,0.001,0.01,30
signed-positive,h64x64_lr0.001_wd0.01_k100,11,0.04390421380113592,False,59,1b,2500,3,543115,0,1250,0.739248463927935,64x64,0.001,0.01,100
signed-positive,h128x128_lr0.0003_wd0.001_k10,12,0.9893887767176257,False,59,1b,2500,3,543115,0,1250,0.739248463927935,128x128,0.0003,0.001,10
signed-positive,h128x128_lr0.0003_wd0.001_k30,13,0.05907967329259659,False,59,1b,2500,3,543115,0,1250,0.739248463927935,128x128,0.0003,0.001,30
signed-positive,h128x128_lr0.0003_wd0.001_k100,14,0.06468012726575244,False,59,1b,2500,3,543115,0,1250,0.739248463927935,128x128,0.0003,0.001,100
signed-positive,h128x128_lr0.0003_wd0.01_k10,15,1.2249616701673647,False,59,1b,2500,3,543115,0,1250,0.739248463927935,128x128,0.0003,0.01,10
signed-positive,h128x128_lr0.0003_wd0.01_k30,16,0.2536097736239701,False,59,1b,2500,3,543115,0,1250,0.739248463927935,128x128,0.0003,0.01,30
signed-positive,h128x128_lr0.0003_wd0.01_k100,17,0.013981760808748672,True,59,1b,2500,3,543115,0,1250,0.739248463927935,128x128,0.0003,0.01,100
signed-positive,h128x128_lr0.001_wd0.001_k10,18,0.06489971622790196,False,59,1b,2500,3,543115,0,1250,0.739248463927935,128x128,0.001,0.001,10
signed-positive,h128x128_lr0.001_wd0.001_k30,19,0.08170854122400711,False,59,1b,2500,3,543115,0,1250,0.739248463927935,128x128,0.001,0.001,30
signed-positive,h128x128_lr0.001_wd0.001_k100,20,0.1849183872513797,False,59,1b,2500,3,543115,0,1250,0.739248463927935,128x128,0.001,0.001,100
signed-positive,h128x128_lr0.001_wd0.01_k10,21,0.27202228804034817,False,59,1b,2500,3,543115,0,1250,0.739248463927935,128x128,0.001,0.01,10
signed-positive,h128x128_lr0.001_wd0.01_k30,22,0.0291917721724448,False,59,1b,2500,3,543115,0,1250,0.739248463927935,128x128,0.001,0.01,30
signed-positive,h128x128_lr0.001_wd0.01_k100,23,0.059880544877205705,False,59,1b,2500,3,543115,0,1250,0.739248463927935,128x128,0.001,0.01,100
signed-negative,h64x64_lr0.0003_wd0.001_k10,0,1.2802549730577315,False,60,1b,2500,3,543115,0,1250,0.7726220142521073,64x64,0.0003,0.001,10
signed-negative,h64x64_lr0.0003_wd0.001_k30,1,0.30376266455438433,False,60,1b,2500,3,543115,0,1250,0.7726220142521073,64x64,0.0003,0.001,30
signed-negative,h64x64_lr0.0003_wd0.001_k100,2,0.030258234171682843,False,60,1b,2500,3,543115,0,1250,0.7726220142521073,64x64,0.0003,0.001,100
signed-negative,h64x64_lr0.0003_wd0.01_k10,3,1.386888566552934,False,60,1b,2500,3,543115,0,1250,0.7726220142521073,64x64,0.0003,0.01,10
signed-negative,h64x64_lr0.0003_wd0.01_k30,4,0.6269690362677842,False,60,1b,2500,3,543115,0,1250,0.7726220142521073,64x64,0.0003,0.01,30
signed-negative,h64x64_lr0.0003_wd0.01_k100,5,0.027924266099581874,False,60,1b,2500,3,543115,0,1250,0.7726220142521073,64x64,0.0003,0.01,100
signed-negative,h64x64_lr0.001_wd0.001_k10,6,0.358110666859987,False,60,1b,2500,3,543115,0,1250,0.7726220142521073,64x64,0.001,0.001,10
signed-negative,h64x64_lr0.001_wd0.001_k30,7,0.017461010116246206,False,60,1b,2500,3,543115,0,1250,0.7726220142521073,64x64,0.001,0.001,30
signed-negative,h64x64_lr0.001_wd0.001_k100,8,0.1658722670799142,False,60,1b,2500,3,543115,0,1250,0.7726220142521073,64x64,0.001,0.001,100
signed-negative,h64x64_lr0.001_wd0.01_k10,9,0.668248595709268,False,60,1b,2500,3,543115,0,1250,0.7726220142521073,64x64,0.001,0.01,10
signed-negative,h64x64_lr0.001_wd0.01_k30,10,0.021455775873726348,False,60,1b,2500,3,543115,0,1250,0.7726220142521073,64x64,0.001,0.01,30
signed-negative,h64x64_lr0.001_wd0.01_k100,11,0.028828324973289837,False,60,1b,2500,3,543115,0,1250,0.7726220142521073,64x64,0.001,0.01,100
signed-negative,h128x128_lr0.0003_wd0.001_k10,12,1.0186704385063134,False,60,1b,2500,3,543115,0,1250,0.7726220142521073,128x128,0.0003,0.001,10
signed-negative,h128x128_lr0.0003_wd0.001_k30,13,0.04050653689924812,False,60,1b,2500,3,543115,0,1250,0.7726220142521073,128x128,0.0003,0.001,30
signed-negative,h128x128_lr0.0003_wd0.001_k100,14,0.052219376404048765,False,60,1b,2500,3,543115,0,1250,0.7726220142521073,128x128,0.0003,0.001,100
signed-negative,h128x128_lr0.0003_wd0.01_k10,15,1.292776440410691,False,60,1b,2500,3,543115,0,1250,0.7726220142521073,128x128,0.0003,0.01,10
signed-negative,h128x128_lr0.0003_wd0.01_k30,16,0.21338685020327824,False,60,1b,2500,3,543115,0,1250,0.7726220142521073,128x128,0.0003,0.01,30
signed-negative,h128x128_lr0.0003_wd0.01_k100,17,0.0164070688686031,False,60,1b,2500,3,543115,0,1250,0.7726220142521073,128x128,0.0003,0.01,100
signed-negative,h128x128_lr0.001_wd0.001_k10,18,0.04029564060450866,False,60,1b,2500,3,543115,0,1250,0.7726220142521073,128x128,0.001,0.001,10
signed-negative,h128x128_lr0.001_wd0.001_k30,19,0.05293568757008757,False,60,1b,2500,3,543115,0,1250,0.7726220142521073,128x128,0.001,0.001,30
signed-negative,h128x128_lr0.001_wd0.001_k100,20,0.3009791609809875,False,60,1b,2500,3,543115,0,1250,0.7726220142521073,128x128,0.001,0.001,100
signed-negative,h128x128_lr0.001_wd0.01_k10,21,0.2106160589202765,False,60,1b,2500,3,543115,0,1250,0.7726220142521073,128x128,0.001,0.01,10
signed-negative,h128x128_lr0.001_wd0.01_k30,22,0.013982256515441336,True,60,1b,2500,3,543115,0,1250,0.7726220142521073,128x128,0.001,0.01,30
signed-negative,h128x128_lr0.001_wd0.01_k100,23,0.06217013760787926,False,60,1b,2500,3,543115,0,1250,0.7726220142521073,128x128,0.001,0.01,100
ordinary,h64x64_lr0.0003_wd0.001_k10,0,0.8058541524849017,False,61,1b,2500,3,543115,1,1250,,64x64,0.0003,0.001,10
ordinary,h64x64_lr0.0003_wd0.001_k30,1,0.14814202625024486,False,61,1b,2500,3,543115,1,1250,,64x64,0.0003,0.001,30
ordinary,h64x64_lr0.0003_wd0.001_k100,2,0.024802724492670458,False,61,1b,2500,3,543115,1,1250,,64x64,0.0003,0.001,100
ordinary,h64x64_lr0.0003_wd0.01_k10,3,0.8699447136493633,False,61,1b,2500,3,543115,1,1250,,64x64,0.0003,0.01,10
ordinary,h64x64_lr0.0003_wd0.01_k30,4,0.40220052766927755,False,61,1b,2500,3,543115,1,1250,,64x64,0.0003,0.01,30
ordinary,h64x64_lr0.0003_wd0.01_k100,5,0.018054354621102768,False,61,1b,2500,3,543115,1,1250,,64x64,0.0003,0.01,100
ordinary,h64x64_lr0.001_wd0.001_k10,6,0.18875187535925303,False,61,1b,2500,3,543115,1,1250,,64x64,0.001,0.001,10
ordinary,h64x64_lr0.001_wd0.001_k30,7,0.01225077664492826,False,61,1b,2500,3,543115,1,1250,,64x64,0.001,0.001,30
ordinary,h64x64_lr0.001_wd0.001_k100,8,0.08467366838757885,False,61,1b,2500,3,543115,1,1250,,64x64,0.001,0.001,100
ordinary,h64x64_lr0.001_wd0.01_k10,9,0.4307013062979318,False,61,1b,2500,3,543115,1,1250,,64x64,0.001,0.01,10
ordinary,h64x64_lr0.001_wd0.01_k30,10,0.017732047279075264,False,61,1b,2500,3,543115,1,1250,,64x64,0.001,0.01,30
ordinary,h64x64_lr0.001_wd0.01_k100,11,0.025239652628338223,False,61,1b,2500,3,543115,1,1250,,64x64,0.001,0.01,100
ordinary,h128x128_lr0.0003_wd0.001_k10,12,0.6281139757512277,False,61,1b,2500,3,543115,1,1250,,128x128,0.0003,0.001,10
ordinary,h128x128_lr0.0003_wd0.001_k30,13,0.01686673272316074,False,61,1b,2500,3,543115,1,1250,,128x128,0.0003,0.001,30
ordinary,h128x128_lr0.0003_wd0.001_k100,14,0.042828061449102575,False,61,1b,2500,3,543115,1,1250,,128x128,0.0003,0.001,100
ordinary,h128x128_lr0.0003_wd0.01_k10,15,0.8000913703490636,False,61,1b,2500,3,543115,1,1250,,128x128,0.0003,0.01,10
ordinary,h128x128_lr0.0003_wd0.01_k30,16,0.12114018645630985,False,61,1b,2500,3,543115,1,1250,,128x128,0.0003,0.01,30
ordinary,h128x128_lr0.0003_wd0.01_k100,17,0.011256231638013044,False,61,1b,2500,3,543115,1,1250,,128x128,0.0003,0.01,100
ordinary,h128x128_lr0.001_wd0.001_k10,18,0.01044007182647058,False,61,1b,2500,3,543115,1,1250,,128x128,0.001,0.001,10
ordinary,h128x128_lr0.001_wd0.001_k30,19,0.026492925961728316,False,61,1b,2500,3,543115,1,1250,,128x128,0.001,0.001,30
ordinary,h128x128_lr0.001_wd0.001_k100,20,0.09832578125369282,False,61,1b,2500,3,543115,1,1250,,128x128,0.001,0.001,100
ordinary,h128x128_lr0.001_wd0.01_k10,21,0.1383949775783034,False,61,1b,2500,3,543115,1,1250,,128x128,0.001,0.01,10
ordinary,h128x128_lr0.001_wd0.01_k30,22,0.008971550342956535,True,61,1b,2500,3,543115,1,1250,,128x128,0.001,0.01,30
ordinary,h128x128_lr0.001_wd0.01_k100,23,0.041636846881040565,False,61,1b,2500,3,543115,1,1250,,128x128,0.001,0.01,100
signed-positive,h64x64_lr0.0003_wd0.001_k10,0,1.091705707913094,False,62,1b,2500,3,543115,1,1250,0.7468491810877709,64x64,0.0003,0.001,10
signed-positive,h64x64_lr0.0003_wd0.001_k30,1,0.30954942634528176,False,62,1b,2500,3,543115,1,1250,0.7468491810877709,64x64,0.0003,0.001,30
signed-positive,h64x64_lr0.0003_wd0.001_k100,2,0.0,True,62,1b,2500,3,543115,1,1250,0.7468491810877709,64x64,0.0003,0.001,100
signed-positive,h64x64_lr0.0003_wd0.01_k10,3,1.163134312535571,False,62,1b,2500,3,543115,1,1250,0.7468491810877709,64x64,0.0003,0.01,10
signed-positive,h64x64_lr0.0003_wd0.01_k30,4,0.6316816857444137,False,62,1b,2500,3,543115,1,1250,0.7468491810877709,64x64,0.0003,0.01,30
signed-positive,h64x64_lr0.0003_wd0.01_k100,5,0.039274067088784524,False,62,1b,2500,3,543115,1,1250,0.7468491810877709,64x64,0.0003,0.01,100
signed-positive,h64x64_lr0.001_wd0.001_k10,6,0.3651968575464703,False,62,1b,2500,3,543115,1,1250,0.7468491810877709,64x64,0.001,0.001,10
signed-positive,h64x64_lr0.001_wd0.001_k30,7,0.006846761314560618,False,62,1b,2500,3,543115,1,1250,0.7468491810877709,64x64,0.001,0.001,30
signed-positive,h64x64_lr0.001_wd0.001_k100,8,0.07474651668057648,False,62,1b,2500,3,543115,1,1250,0.7468491810877709,64x64,0.001,0.001,100
signed-positive,h64x64_lr0.001_wd0.01_k10,9,0.681951882083463,False,62,1b,2500,3,543115,1,1250,0.7468491810877709,64x64,0.001,0.01,10
signed-positive,h64x64_lr0.001_wd0.01_k30,10,0.045782685546951515,False,62,1b,2500,3,543115,1,1250,0.7468491810877709,64x64,0.001,0.01,30
signed-positive,h64x64_lr0.001_wd0.01_k100,11,0.01821805463019334,False,62,1b,2500,3,543115,1,1250,0.7468491810877709,64x64,0.001,0.01,100
signed-positive,h128x128_lr0.0003_wd0.001_k10,12,0.9185833614011624,False,62,1b,2500,3,543115,1,1250,0.7468491810877709,128x128,0.0003,0.001,10
signed-positive,h128x128_lr0.0003_wd0.001_k30,13,0.052612811209463366,False,62,1b,2500,3,543115,1,1250,0.7468491810877709,128x128,0.0003,0.001,30
signed-positive,h128x128_lr0.0003_wd0.001_k100,14,0.018513773625026587,False,62,1b,2500,3,543115,1,1250,0.7468491810877709,128x128,0.0003,0.001,100
signed-positive,h128x128_lr0.0003_wd0.01_k10,15,1.100312702188294,False,62,1b,2500,3,543115,1,1250,0.7468491810877709,128x128,0.0003,0.01,10
signed-positive,h128x128_lr0.0003_wd0.01_k30,16,0.21607553130049234,False,62,1b,2500,3,543115,1,1250,0.7468491810877709,128x128,0.0003,0.01,30
signed-positive,h128x128_lr0.0003_wd0.01_k100,17,0.01619385026204509,False,62,1b,2500,3,543115,1,1250,0.7468491810877709,128x128,0.0003,0.01,100
signed-positive,h128x128_lr0.001_wd0.001_k10,18,0.05831930785569837,False,62,1b,2500,3,543115,1,1250,0.7468491810877709,128x128,0.001,0.001,10
signed-positive,h128x128_lr0.001_wd0.001_k30,19,0.022363107997361416,False,62,1b,2500,3,543115,1,1250,0.7468491810877709,128x128,0.001,0.001,30
signed-positive,h128x128_lr0.001_wd0.001_k100,20,0.13212464709103422,False,62,1b,2500,3,543115,1,1250,0.7468491810877709,128x128,0.001,0.001,100
signed-positive,h128x128_lr0.001_wd0.01_k10,21,0.2741183930985858,False,62,1b,2500,3,543115,1,1250,0.7468491810877709,128x128,0.001,0.01,10
signed-positive,h128x128_lr0.001_wd0.01_k30,22,0.014731670561516124,False,62,1b,2500,3,543115,1,1250,0.7468491810877709,128x128,0.001,0.01,30
signed-positive,h128x128_lr0.001_wd0.01_k100,23,0.029314306330585693,False,62,1b,2500,3,543115,1,1250,0.7468491810877709,128x128,0.001,0.01,100
signed-negative,h64x64_lr0.0003_wd0.001_k10,0,1.112250920370014,False,63,1b,2500,3,543115,1,1250,0.9210148543785533,64x64,0.0003,0.001,10
signed-negative,h64x64_lr0.0003_wd0.001_k30,1,0.21992371693351487,False,63,1b,2500,3,543115,1,1250,0.9210148543785533,64x64,0.0003,0.001,30
signed-negative,h64x64_lr0.0003_wd0.001_k100,2,0.02972904332073162,False,63,1b,2500,3,543115,1,1250,0.9210148543785533,64x64,0.0003,0.001,100
signed-negative,h64x64_lr0.0003_wd0.01_k10,3,1.202291541232255,False,63,1b,2500,3,543115,1,1250,0.9210148543785533,64x64,0.0003,0.01,10
signed-negative,h64x64_lr0.0003_wd0.01_k30,4,0.5465911349770447,False,63,1b,2500,3,543115,1,1250,0.9210148543785533,64x64,0.0003,0.01,30
signed-negative,h64x64_lr0.0003_wd0.01_k100,5,0.043577029867885524,False,63,1b,2500,3,543115,1,1250,0.9210148543785533,64x64,0.0003,0.01,100
signed-negative,h64x64_lr0.001_wd0.001_k10,6,0.2583960126128906,False,63,1b,2500,3,543115,1,1250,0.9210148543785533,64x64,0.001,0.001,10
signed-negative,h64x64_lr0.001_wd0.001_k30,7,0.012436034550193317,True,63,1b,2500,3,543115,1,1250,0.9210148543785533,64x64,0.001,0.001,30
signed-negative,h64x64_lr0.001_wd0.001_k100,8,0.07277188027193722,False,63,1b,2500,3,543115,1,1250,0.9210148543785533,64x64,0.001,0.001,100
signed-negative,h64x64_lr0.001_wd0.01_k10,9,0.5939862859966349,False,63,1b,2500,3,543115,1,1250,0.9210148543785533,64x64,0.001,0.01,10
signed-negative,h64x64_lr0.001_wd0.01_k30,10,0.04221906921731107,False,63,1b,2500,3,543115,1,1250,0.9210148543785533,64x64,0.001,0.01,30
signed-negative,h64x64_lr0.001_wd0.01_k100,11,0.03252557311687856,False,63,1b,2500,3,543115,1,1250,0.9210148543785533,64x64,0.001,0.01,100
signed-negative,h128x128_lr0.0003_wd0.001_k10,12,0.8643987392617503,False,63,1b,2500,3,543115,1,1250,0.9210148543785533,128x128,0.0003,0.001,10
signed-negative,h128x128_lr0.0003_wd0.001_k30,13,0.05389517950685097,False,63,1b,2500,3,543115,1,1250,0.9210148543785533,128x128,0.0003,0.001,30
signed-negative,h128x128_lr0.0003_wd0.001_k100,14,0.034026102454453255,False,63,1b,2500,3,543115,1,1250,0.9210148543785533,128x128,0.0003,0.001,100
signed-negative,h128x128_lr0.0003_wd0.01_k10,15,1.0865632680397657,False,63,1b,2500,3,543115,1,1250,0.9210148543785533,128x128,0.0003,0.01,10
signed-negative,h128x128_lr0.0003_wd0.01_k30,16,0.2164577418771611,False,63,1b,2500,3,543115,1,1250,0.9210148543785533,128x128,0.0003,0.01,30
signed-negative,h128x128_lr0.0003_wd0.01_k100,17,0.034349391067639,False,63,1b,2500,3,543115,1,1250,0.9210148543785533,128x128,0.0003,0.01,100
signed-negative,h128x128_lr0.001_wd0.001_k10,18,0.05744258941053555,False,63,1b,2500,3,543115,1,1250,0.9210148543785533,128x128,0.001,0.001,10
signed-negative,h128x128_lr0.001_wd0.001_k30,19,0.0242667959559524,False,63,1b,2500,3,543115,1,1250,0.9210148543785533,128x128,0.001,0.001,30
signed-negative,h128x128_lr0.001_wd0.001_k100,20,0.11073402076035509,False,63,1b,2500,3,543115,1,1250,0.9210148543785533,128x128,0.001,0.001,100
signed-negative,h128x128_lr0.001_wd0.01_k10,21,0.2355957147853583,False,63,1b,2500,3,543115,1,1250,0.9210148543785533,128x128,0.001,0.01,10
signed-negative,h128x128_lr0.001_wd0.01_k30,22,0.03937082674823051,False,63,1b,2500,3,543115,1,1250,0.9210148543785533,128x128,0.001,0.01,30
signed-negative,h128x128_lr0.001_wd0.01_k100,23,0.03357053977678328,False,63,1b,2500,3,543115,1,1250,0.9210148543785533,128x128,0.001,0.01,100
ordinary,h64x64_lr0.0003_wd0.001_k10,0,0.7808061870769814,False,64,1b,2500,4,643118,0,1250,,64x64,0.0003,0.001,10
ordinary,h64x64_lr0.0003_wd0.001_k30,1,0.2276632646751436,False,64,1b,2500,4,643118,0,1250,,64x64,0.0003,0.001,30
ordinary,h64x64_lr0.0003_wd0.001_k100,2,0.0,True,64,1b,2500,4,643118,0,1250,,64x64,0.0003,0.001,100
ordinary,h64x64_lr0.0003_wd0.01_k10,3,0.8500542895532156,False,64,1b,2500,4,643118,0,1250,,64x64,0.0003,0.01,10
ordinary,h64x64_lr0.0003_wd0.01_k30,4,0.4104683733091436,False,64,1b,2500,4,643118,0,1250,,64x64,0.0003,0.01,30
ordinary,h64x64_lr0.0003_wd0.01_k100,5,0.01971219753623219,False,64,1b,2500,4,643118,0,1250,,64x64,0.0003,0.01,100
ordinary,h64x64_lr0.001_wd0.001_k10,6,0.2583513714510619,False,64,1b,2500,4,643118,0,1250,,64x64,0.001,0.001,10
ordinary,h64x64_lr0.001_wd0.001_k30,7,0.01065722943443685,False,64,1b,2500,4,643118,0,1250,,64x64,0.001,0.001,30
ordinary,h64x64_lr0.001_wd0.001_k100,8,0.02538083847418355,False,64,1b,2500,4,643118,0,1250,,64x64,0.001,0.001,100
ordinary,h64x64_lr0.001_wd0.01_k10,9,0.44374586563939783,False,64,1b,2500,4,643118,0,1250,,64x64,0.001,0.01,10
ordinary,h64x64_lr0.001_wd0.01_k30,10,0.029657182274472293,False,64,1b,2500,4,643118,0,1250,,64x64,0.001,0.01,30
ordinary,h64x64_lr0.001_wd0.01_k100,11,0.012668913249752736,False,64,1b,2500,4,643118,0,1250,,64x64,0.001,0.01,100
ordinary,h128x128_lr0.0003_wd0.001_k10,12,0.598721461887118,False,64,1b,2500,4,643118,0,1250,,128x128,0.0003,0.001,10
ordinary,h128x128_lr0.0003_wd0.001_k30,13,0.026041106885527594,False,64,1b,2500,4,643118,0,1250,,128x128,0.0003,0.001,30
ordinary,h128x128_lr0.0003_wd0.001_k100,14,0.013088058430194904,False,64,1b,2500,4,643118,0,1250,,128x128,0.0003,0.001,100
ordinary,h128x128_lr0.0003_wd0.01_k10,15,0.7655032054658019,False,64,1b,2500,4,643118,0,1250,,128x128,0.0003,0.01,10
ordinary,h128x128_lr0.0003_wd0.01_k30,16,0.1645026755644491,False,64,1b,2500,4,643118,0,1250,,128x128,0.0003,0.01,30
ordinary,h128x128_lr0.0003_wd0.01_k100,17,0.011052741039693562,False,64,1b,2500,4,643118,0,1250,,128x128,0.0003,0.01,100
ordinary,h128x128_lr0.001_wd0.001_k10,18,0.03113161574699521,False,64,1b,2500,4,643118,0,1250,,128x128,0.001,0.001,10
ordinary,h128x128_lr0.001_wd0.001_k30,19,0.03317914351125885,False,64,1b,2500,4,643118,0,1250,,128x128,0.001,0.001,30
ordinary,h128x128_lr0.001_wd0.001_k100,20,0.04525366250135603,False,64,1b,2500,4,643118,0,1250,,128x128,0.001,0.001,100
ordinary,h128x128_lr0.001_wd0.01_k10,21,0.17760091185918617,False,64,1b,2500,4,643118,0,1250,,128x128,0.001,0.01,10
ordinary,h128x128_lr0.001_wd0.01_k30,22,0.023325602406651363,False,64,1b,2500,4,643118,0,1250,,128x128,0.001,0.01,30
ordinary,h128x128_lr0.001_wd0.01_k100,23,0.013577618400091787,False,64,1b,2500,4,643118,0,1250,,128x128,0.001,0.01,100
signed-positive,h64x64_lr0.0003_wd0.001_k10,0,1.2846765342012465,False,65,1b,2500,4,643118,0,1250,0.7189353509448502,64x64,0.0003,0.001,10
signed-positive,h64x64_lr0.0003_wd0.001_k30,1,0.31334580459468214,False,65,1b,2500,4,643118,0,1250,0.7189353509448502,64x64,0.0003,0.001,30
signed-positive,h64x64_lr0.0003_wd0.001_k100,2,0.027248676358214038,False,65,1b,2500,4,643118,0,1250,0.7189353509448502,64x64,0.0003,0.001,100
signed-positive,h64x64_lr0.0003_wd0.01_k10,3,1.3573373850834078,False,65,1b,2500,4,643118,0,1250,0.7189353509448502,64x64,0.0003,0.01,10
signed-positive,h64x64_lr0.0003_wd0.01_k30,4,0.7080444768159043,False,65,1b,2500,4,643118,0,1250,0.7189353509448502,64x64,0.0003,0.01,30
signed-positive,h64x64_lr0.0003_wd0.01_k100,5,0.07444875878836336,False,65,1b,2500,4,643118,0,1250,0.7189353509448502,64x64,0.0003,0.01,100
signed-positive,h64x64_lr0.001_wd0.001_k10,6,0.38252056845062676,False,65,1b,2500,4,643118,0,1250,0.7189353509448502,64x64,0.001,0.001,10
signed-positive,h64x64_lr0.001_wd0.001_k30,7,0.0416802928928904,False,65,1b,2500,4,643118,0,1250,0.7189353509448502,64x64,0.001,0.001,30
signed-positive,h64x64_lr0.001_wd0.001_k100,8,0.00185916548075057,False,65,1b,2500,4,643118,0,1250,0.7189353509448502,64x64,0.001,0.001,100
signed-positive,h64x64_lr0.001_wd0.01_k10,9,0.783058078792764,False,65,1b,2500,4,643118,0,1250,0.7189353509448502,64x64,0.001,0.01,10
signed-positive,h64x64_lr0.001_wd0.01_k30,10,0.07701444136686532,False,65,1b,2500,4,643118,0,1250,0.7189353509448502,64x64,0.001,0.01,30
signed-positive,h64x64_lr0.001_wd0.01_k100,11,0.03186036407414105,False,65,1b,2500,4,643118,0,1250,0.7189353509448502,64x64,0.001,0.01,100
signed-positive,h128x128_lr0.0003_wd0.001_k10,12,1.0361297919180978,False,65,1b,2500,4,643118,0,1250,0.7189353509448502,128x128,0.0003,0.001,10
signed-positive,h128x128_lr0.0003_wd0.001_k30,13,0.11138286633145726,False,65,1b,2500,4,643118,0,1250,0.7189353509448502,128x128,0.0003,0.001,30
signed-positive,h128x128_lr0.0003_wd0.001_k100,14,0.009923692556255139,False,65,1b,2500,4,643118,0,1250,0.7189353509448502,128x128,0.0003,0.001,100
signed-positive,h128x128_lr0.0003_wd0.01_k10,15,1.255353000770737,False,65,1b,2500,4,643118,0,1250,0.7189353509448502,128x128,0.0003,0.01,10
signed-positive,h128x128_lr0.0003_wd0.01_k30,16,0.30305653936144794,False,65,1b,2500,4,643118,0,1250,0.7189353509448502,128x128,0.0003,0.01,30
signed-positive,h128x128_lr0.0003_wd0.01_k100,17,0.05588558149122397,False,65,1b,2500,4,643118,0,1250,0.7189353509448502,128x128,0.0003,0.01,100
signed-positive,h128x128_lr0.001_wd0.001_k10,18,0.1303636702253011,False,65,1b,2500,4,643118,0,1250,0.7189353509448502,128x128,0.001,0.001,10
signed-positive,h128x128_lr0.001_wd0.001_k30,19,0.036599157464443866,False,65,1b,2500,4,643118,0,1250,0.7189353509448502,128x128,0.001,0.001,30
signed-positive,h128x128_lr0.001_wd0.001_k100,20,0.001247667178445296,True,65,1b,2500,4,643118,0,1250,0.7189353509448502,128x128,0.001,0.001,100
signed-positive,h128x128_lr0.001_wd0.01_k10,21,0.3478635027138176,False,65,1b,2500,4,643118,0,1250,0.7189353509448502,128x128,0.001,0.01,10
signed-positive,h128x128_lr0.001_wd0.01_k30,22,0.06268420903303513,False,65,1b,2500,4,643118,0,1250,0.7189353509448502,128x128,0.001,0.01,30
signed-positive,h128x128_lr0.001_wd0.01_k100,23,0.02835728296118804,False,65,1b,2500,4,643118,0,1250,0.7189353509448502,128x128,0.001,0.01,100
signed-negative,h64x64_lr0.0003_wd0.001_k10,0,1.150253528789695,False,66,1b,2500,4,643118,0,1250,0.738415704620987,64x64,0.0003,0.001,10
signed-negative,h64x64_lr0.0003_wd0.001_k30,1,0.25173153121316727,False,66,1b,2500,4,643118,0,1250,0.738415704620987,64x64,0.0003,0.001,30
signed-negative,h64x64_lr0.0003_wd0.001_k100,2,0.025644396745609317,False,66,1b,2500,4,643118,0,1250,0.738415704620987,64x64,0.0003,0.001,100
signed-negative,h64x64_lr0.0003_wd0.01_k10,3,1.2308952156395325,False,66,1b,2500,4,643118,0,1250,0.738415704620987,64x64,0.0003,0.01,10
signed-negative,h64x64_lr0.0003_wd0.01_k30,4,0.5682532350397392,False,66,1b,2500,4,643118,0,1250,0.738415704620987,64x64,0.0003,0.01,30
signed-negative,h64x64_lr0.0003_wd0.01_k100,5,0.06291376921546621,False,66,1b,2500,4,643118,0,1250,0.738415704620987,64x64,0.0003,0.01,100
signed-negative,h64x64_lr0.001_wd0.001_k10,6,0.2784214945945763,False,66,1b,2500,4,643118,0,1250,0.738415704620987,64x64,0.001,0.001,10
signed-negative,h64x64_lr0.001_wd0.001_k30,7,0.02936317086312508,False,66,1b,2500,4,643118,0,1250,0.738415704620987,64x64,0.001,0.001,30
signed-negative,h64x64_lr0.001_wd0.001_k100,8,0.007886060684617604,True,66,1b,2500,4,643118,0,1250,0.738415704620987,64x64,0.001,0.001,100
signed-negative,h64x64_lr0.001_wd0.01_k10,9,0.6243278448268997,False,66,1b,2500,4,643118,0,1250,0.738415704620987,64x64,0.001,0.01,10
signed-negative,h64x64_lr0.001_wd0.01_k30,10,0.06516297089456166,False,66,1b,2500,4,643118,0,1250,0.738415704620987,64x64,0.001,0.01,30
signed-negative,h64x64_lr0.001_wd0.01_k100,11,0.026937228009147274,False,66,1b,2500,4,643118,0,1250,0.738415704620987,64x64,0.001,0.01,100
signed-negative,h128x128_lr0.0003_wd0.001_k10,12,0.9727553621170186,False,66,1b,2500,4,643118,0,1250,0.738415704620987,128x128,0.0003,0.001,10
signed-negative,h128x128_lr0.0003_wd0.001_k30,13,0.11024515193385383,False,66,1b,2500,4,643118,0,1250,0.738415704620987,128x128,0.0003,0.001,30
signed-negative,h128x128_lr0.0003_wd0.001_k100,14,0.009335373191299819,False,66,1b,2500,4,643118,0,1250,0.738415704620987,128x128,0.0003,0.001,100
signed-negative,h128x128_lr0.0003_wd0.01_k10,15,1.1744168802112493,False,66,1b,2500,4,643118,0,1250,0.738415704620987,128x128,0.0003,0.01,10
signed-negative,h128x128_lr0.0003_wd0.01_k30,16,0.2917993223099729,False,66,1b,2500,4,643118,0,1250,0.738415704620987,128x128,0.0003,0.01,30
signed-negative,h128x128_lr0.0003_wd0.01_k100,17,0.04829630774260554,False,66,1b,2500,4,643118,0,1250,0.738415704620987,128x128,0.0003,0.01,100
signed-negative,h128x128_lr0.001_wd0.001_k10,18,0.1269233601785584,False,66,1b,2500,4,643118,0,1250,0.738415704620987,128x128,0.001,0.001,10
signed-negative,h128x128_lr0.001_wd0.001_k30,19,0.014291988993729238,False,66,1b,2500,4,643118,0,1250,0.738415704620987,128x128,0.001,0.001,30
signed-negative,h128x128_lr0.001_wd0.001_k100,20,0.016877803653266035,False,66,1b,2500,4,643118,0,1250,0.738415704620987,128x128,0.001,0.001,100
signed-negative,h128x128_lr0.001_wd0.01_k10,21,0.32541956495544166,False,66,1b,2500,4,643118,0,1250,0.738415704620987,128x128,0.001,0.01,10
signed-negative,h128x128_lr0.001_wd0.01_k30,22,0.04720859006928488,False,66,1b,2500,4,643118,0,1250,0.738415704620987,128x128,0.001,0.01,30
signed-negative,h128x128_lr0.001_wd0.01_k100,23,0.028879726614401226,False,66,1b,2500,4,643118,0,1250,0.738415704620987,128x128,0.001,0.01,100
ordinary,h64x64_lr0.0003_wd0.001_k10,0,1.3014421147632866,False,67,1b,2500,4,643118,1,1250,,64x64,0.0003,0.001,10
ordinary,h64x64_lr0.0003_wd0.001_k30,1,0.2832714127309838,False,67,1b,2500,4,643118,1,1250,,64x64,0.0003,0.001,30
ordinary,h64x64_lr0.0003_wd0.001_k100,2,0.020659997162154206,False,67,1b,2500,4,643118,1,1250,,64x64,0.0003,0.001,100
ordinary,h64x64_lr0.0003_wd0.01_k10,3,1.3941646838729436,False,67,1b,2500,4,643118,1,1250,,64x64,0.0003,0.01,10
ordinary,h64x64_lr0.0003_wd0.01_k30,4,0.7101169806424973,False,67,1b,2500,4,643118,1,1250,,64x64,0.0003,0.01,30
ordinary,h64x64_lr0.0003_wd0.01_k100,5,0.06255705106579511,False,67,1b,2500,4,643118,1,1250,,64x64,0.0003,0.01,100
ordinary,h64x64_lr0.001_wd0.001_k10,6,0.3370233188433678,False,67,1b,2500,4,643118,1,1250,,64x64,0.001,0.001,10
ordinary,h64x64_lr0.001_wd0.001_k30,7,0.02231674897804007,False,67,1b,2500,4,643118,1,1250,,64x64,0.001,0.001,30
ordinary,h64x64_lr0.001_wd0.001_k100,8,0.002893835419477045,True,67,1b,2500,4,643118,1,1250,,64x64,0.001,0.001,100
ordinary,h64x64_lr0.001_wd0.01_k10,9,0.7650805756908762,False,67,1b,2500,4,643118,1,1250,,64x64,0.001,0.01,10
ordinary,h64x64_lr0.001_wd0.01_k30,10,0.06807280680913817,False,67,1b,2500,4,643118,1,1250,,64x64,0.001,0.01,30
ordinary,h64x64_lr0.001_wd0.01_k100,11,0.04470859229807804,False,67,1b,2500,4,643118,1,1250,,64x64,0.001,0.01,100
ordinary,h128x128_lr0.0003_wd0.001_k10,12,0.9341678637005919,False,67,1b,2500,4,643118,1,1250,,128x128,0.0003,0.001,10
ordinary,h128x128_lr0.0003_wd0.001_k30,13,0.07462604497810231,False,67,1b,2500,4,643118,1,1250,,128x128,0.0003,0.001,30
ordinary,h128x128_lr0.0003_wd0.001_k100,14,0.021363834001514606,False,67,1b,2500,4,643118,1,1250,,128x128,0.0003,0.001,100
ordinary,h128x128_lr0.0003_wd0.01_k10,15,1.2201096897405321,False,67,1b,2500,4,643118,1,1250,,128x128,0.0003,0.01,10
ordinary,h128x128_lr0.0003_wd0.01_k30,16,0.27332513518534984,False,67,1b,2500,4,643118,1,1250,,128x128,0.0003,0.01,30
ordinary,h128x128_lr0.0003_wd0.01_k100,17,0.05523510436682611,False,67,1b,2500,4,643118,1,1250,,128x128,0.0003,0.01,100
ordinary,h128x128_lr0.001_wd0.001_k10,18,0.06945463909170305,False,67,1b,2500,4,643118,1,1250,,128x128,0.001,0.001,10
ordinary,h128x128_lr0.001_wd0.001_k30,19,0.02540005070754698,False,67,1b,2500,4,643118,1,1250,,128x128,0.001,0.001,30
ordinary,h128x128_lr0.001_wd0.001_k100,20,0.02438508933459651,False,67,1b,2500,4,643118,1,1250,,128x128,0.001,0.001,100
ordinary,h128x128_lr0.001_wd0.01_k10,21,0.27537840232699573,False,67,1b,2500,4,643118,1,1250,,128x128,0.001,0.01,10
ordinary,h128x128_lr0.001_wd0.01_k30,22,0.06134419122289591,False,67,1b,2500,4,643118,1,1250,,128x128,0.001,0.01,30
ordinary,h128x128_lr0.001_wd0.01_k100,23,0.04673857970935576,False,67,1b,2500,4,643118,1,1250,,128x128,0.001,0.01,100
signed-positive,h64x64_lr0.0003_wd0.001_k10,0,1.0602304421782924,False,68,1b,2500,4,643118,1,1250,0.6376901028662897,64x64,0.0003,0.001,10
signed-positive,h64x64_lr0.0003_wd0.001_k30,1,0.333898466383995,False,68,1b,2500,4,643118,1,1250,0.6376901028662897,64x64,0.0003,0.001,30
signed-positive,h64x64_lr0.0003_wd0.001_k100,2,0.018814989254770015,False,68,1b,2500,4,643118,1,1250,0.6376901028662897,64x64,0.0003,0.001,100
signed-positive,h64x64_lr0.0003_wd0.01_k10,3,1.1498735406970781,False,68,1b,2500,4,643118,1,1250,0.6376901028662897,64x64,0.0003,0.01,10
signed-positive,h64x64_lr0.0003_wd0.01_k30,4,0.573068834853734,False,68,1b,2500,4,643118,1,1250,0.6376901028662897,64x64,0.0003,0.01,30
signed-positive,h64x64_lr0.0003_wd0.01_k100,5,0.05888425888033749,False,68,1b,2500,4,643118,1,1250,0.6376901028662897,64x64,0.0003,0.01,100
signed-positive,h64x64_lr0.001_wd0.001_k10,6,0.34141931670942294,False,68,1b,2500,4,643118,1,1250,0.6376901028662897,64x64,0.001,0.001,10
signed-positive,h64x64_lr0.001_wd0.001_k30,7,0.015181882030276461,True,68,1b,2500,4,643118,1,1250,0.6376901028662897,64x64,0.001,0.001,30
signed-positive,h64x64_lr0.001_wd0.001_k100,8,0.14606447399900535,False,68,1b,2500,4,643118,1,1250,0.6376901028662897,64x64,0.001,0.001,100
signed-positive,h64x64_lr0.001_wd0.01_k10,9,0.5936774707899366,False,68,1b,2500,4,643118,1,1250,0.6376901028662897,64x64,0.001,0.01,10
signed-positive,h64x64_lr0.001_wd0.01_k30,10,0.06457640304107344,False,68,1b,2500,4,643118,1,1250,0.6376901028662897,64x64,0.001,0.01,30
signed-positive,h64x64_lr0.001_wd0.01_k100,11,0.026349854887773527,False,68,1b,2500,4,643118,1,1250,0.6376901028662897,64x64,0.001,0.01,100
signed-positive,h128x128_lr0.0003_wd0.001_k10,12,0.8265051739960226,False,68,1b,2500,4,643118,1,1250,0.6376901028662897,128x128,0.0003,0.001,10
signed-positive,h128x128_lr0.0003_wd0.001_k30,13,0.07238168910254532,False,68,1b,2500,4,643118,1,1250,0.6376901028662897,128x128,0.0003,0.001,30
signed-positive,h128x128_lr0.0003_wd0.001_k100,14,0.04150409186311191,False,68,1b,2500,4,643118,1,1250,0.6376901028662897,128x128,0.0003,0.001,100
signed-positive,h128x128_lr0.0003_wd0.01_k10,15,1.0524560028817316,False,68,1b,2500,4,643118,1,1250,0.6376901028662897,128x128,0.0003,0.01,10
signed-positive,h128x128_lr0.0003_wd0.01_k30,16,0.25703622955985594,False,68,1b,2500,4,643118,1,1250,0.6376901028662897,128x128,0.0003,0.01,30
signed-positive,h128x128_lr0.0003_wd0.01_k100,17,0.0260424036787161,False,68,1b,2500,4,643118,1,1250,0.6376901028662897,128x128,0.0003,0.01,100
signed-positive,h128x128_lr0.001_wd0.001_k10,18,0.06595449390672992,False,68,1b,2500,4,643118,1,1250,0.6376901028662897,128x128,0.001,0.001,10
signed-positive,h128x128_lr0.001_wd0.001_k30,19,0.03727215278520158,False,68,1b,2500,4,643118,1,1250,0.6376901028662897,128x128,0.001,0.001,30
signed-positive,h128x128_lr0.001_wd0.001_k100,20,0.7041521613713755,False,68,1b,2500,4,643118,1,1250,0.6376901028662897,128x128,0.001,0.001,100
signed-positive,h128x128_lr0.001_wd0.01_k10,21,0.23981377369731885,False,68,1b,2500,4,643118,1,1250,0.6376901028662897,128x128,0.001,0.01,10
signed-positive,h128x128_lr0.001_wd0.01_k30,22,0.03138259336440802,False,68,1b,2500,4,643118,1,1250,0.6376901028662897,128x128,0.001,0.01,30
signed-positive,h128x128_lr0.001_wd0.01_k100,23,0.04823953193026483,False,68,1b,2500,4,643118,1,1250,0.6376901028662897,128x128,0.001,0.01,100
signed-negative,h64x64_lr0.0003_wd0.001_k10,0,1.0036941203868093,False,69,1b,2500,4,643118,1,1250,0.6334682578041853,64x64,0.0003,0.001,10
signed-negative,h64x64_lr0.0003_wd0.001_k30,1,0.2113578694362218,False,69,1b,2500,4,643118,1,1250,0.6334682578041853,64x64,0.0003,0.001,30
signed-negative,h64x64_lr0.0003_wd0.001_k100,2,0.04591911652291924,False,69,1b,2500,4,643118,1,1250,0.6334682578041853,64x64,0.0003,0.001,100
signed-negative,h64x64_lr0.0003_wd0.01_k10,3,1.0850534405169188,False,69,1b,2500,4,643118,1,1250,0.6334682578041853,64x64,0.0003,0.01,10
signed-negative,h64x64_lr0.0003_wd0.01_k30,4,0.4969441298112347,False,69,1b,2500,4,643118,1,1250,0.6334682578041853,64x64,0.0003,0.01,30
signed-negative,h64x64_lr0.0003_wd0.01_k100,5,0.022726290443421848,False,69,1b,2500,4,643118,1,1250,0.6334682578041853,64x64,0.0003,0.01,100
signed-negative,h64x64_lr0.001_wd0.001_k10,6,0.2400741980854474,False,69,1b,2500,4,643118,1,1250,0.6334682578041853,64x64,0.001,0.001,10
signed-negative,h64x64_lr0.001_wd0.001_k30,7,0.05504077555424735,False,69,1b,2500,4,643118,1,1250,0.6334682578041853,64x64,0.001,0.001,30
signed-negative,h64x64_lr0.001_wd0.001_k100,8,1.0462779494502907,False,69,1b,2500,4,643118,1,1250,0.6334682578041853,64x64,0.001,0.001,100
signed-negative,h64x64_lr0.001_wd0.01_k10,9,0.5359966867085887,False,69,1b,2500,4,643118,1,1250,0.6334682578041853,64x64,0.001,0.01,10
signed-negative,h64x64_lr0.001_wd0.01_k30,10,0.019335634512120604,False,69,1b,2500,4,643118,1,1250,0.6334682578041853,64x64,0.001,0.01,30
signed-negative,h64x64_lr0.001_wd0.01_k100,11,0.042494051434942184,False,69,1b,2500,4,643118,1,1250,0.6334682578041853,64x64,0.001,0.01,100
signed-negative,h128x128_lr0.0003_wd0.001_k10,12,0.786802033997122,False,69,1b,2500,4,643118,1,1250,0.6334682578041853,128x128,0.0003,0.001,10
signed-negative,h128x128_lr0.0003_wd0.001_k30,13,0.03248430442294874,False,69,1b,2500,4,643118,1,1250,0.6334682578041853,128x128,0.0003,0.001,30
signed-negative,h128x128_lr0.0003_wd0.001_k100,14,0.1308650709890276,False,69,1b,2500,4,643118,1,1250,0.6334682578041853,128x128,0.0003,0.001,100
signed-negative,h128x128_lr0.0003_wd0.01_k10,15,0.9972715837165957,False,69,1b,2500,4,643118,1,1250,0.6334682578041853,128x128,0.0003,0.01,10
signed-negative,h128x128_lr0.0003_wd0.01_k30,16,0.20410798148335607,False,69,1b,2500,4,643118,1,1250,0.6334682578041853,128x128,0.0003,0.01,30
signed-negative,h128x128_lr0.0003_wd0.01_k100,17,0.010878063790517012,False,69,1b,2500,4,643118,1,1250,0.6334682578041853,128x128,0.0003,0.01,100
signed-negative,h128x128_lr0.001_wd0.001_k10,18,0.043809201138436324,False,69,1b,2500,4,643118,1,1250,0.6334682578041853,128x128,0.001,0.001,10
signed-negative,h128x128_lr0.001_wd0.001_k30,19,0.08179933588590793,False,69,1b,2500,4,643118,1,1250,0.6334682578041853,128x128,0.001,0.001,30
signed-negative,h128x128_lr0.001_wd0.001_k100,20,120.11114267427389,False,69,1b,2500,4,643118,1,1250,0.6334682578041853,128x128,0.001,0.001,100
signed-negative,h128x128_lr0.001_wd0.01_k10,21,0.2103214818165148,False,69,1b,2500,4,643118,1,1250,0.6334682578041853,128x128,0.001,0.01,10
signed-negative,h128x128_lr0.001_wd0.01_k30,22,0.009728504894335915,True,69,1b,2500,4,643118,1,1250,0.6334682578041853,128x128,0.001,0.01,30
signed-negative,h128x128_lr0.001_wd0.01_k100,23,0.1613630020689531,False,69,1b,2500,4,643118,1,1250,0.6334682578041853,128x128,0.001,0.01,100
ordinary,h64x64_lr0.0003_wd0.001_k10,0,1.1175844847277416,False,70,1b,2500,5,743121,0,1250,,64x64,0.0003,0.001,10
ordinary,h64x64_lr0.0003_wd0.001_k30,1,0.18645533252013388,False,70,1b,2500,5,743121,0,1250,,64x64,0.0003,0.001,30
ordinary,h64x64_lr0.0003_wd0.001_k100,2,0.03968460825268361,False,70,1b,2500,5,743121,0,1250,,64x64,0.0003,0.001,100
ordinary,h64x64_lr0.0003_wd0.01_k10,3,1.2053537895176236,False,70,1b,2500,5,743121,0,1250,,64x64,0.0003,0.01,10
ordinary,h64x64_lr0.0003_wd0.01_k30,4,0.5088967907049824,False,70,1b,2500,5,743121,0,1250,,64x64,0.0003,0.01,30
ordinary,h64x64_lr0.0003_wd0.01_k100,5,0.025800266932262984,False,70,1b,2500,5,743121,0,1250,,64x64,0.0003,0.01,100
ordinary,h64x64_lr0.001_wd0.001_k10,6,0.2304437763656046,False,70,1b,2500,5,743121,0,1250,,64x64,0.001,0.001,10
ordinary,h64x64_lr0.001_wd0.001_k30,7,0.04586366681860292,False,70,1b,2500,5,743121,0,1250,,64x64,0.001,0.001,30
ordinary,h64x64_lr0.001_wd0.001_k100,8,0.10174974117278722,False,70,1b,2500,5,743121,0,1250,,64x64,0.001,0.001,100
ordinary,h64x64_lr0.001_wd0.01_k10,9,0.5808201354128949,False,70,1b,2500,5,743121,0,1250,,64x64,0.001,0.01,10
ordinary,h64x64_lr0.001_wd0.01_k30,10,0.028149760668850284,False,70,1b,2500,5,743121,0,1250,,64x64,0.001,0.01,30
ordinary,h64x64_lr0.001_wd0.01_k100,11,0.027249945149369015,False,70,1b,2500,5,743121,0,1250,,64x64,0.001,0.01,100
ordinary,h128x128_lr0.0003_wd0.001_k10,12,0.8566545969726044,False,70,1b,2500,5,743121,0,1250,,128x128,0.0003,0.001,10
ordinary,h128x128_lr0.0003_wd0.001_k30,13,0.051615467867382525,False,70,1b,2500,5,743121,0,1250,,128x128,0.0003,0.001,30
ordinary,h128x128_lr0.0003_wd0.001_k100,14,0.0525176086569672,False,70,1b,2500,5,743121,0,1250,,128x128,0.0003,0.001,100
ordinary,h128x128_lr0.0003_wd0.01_k10,15,1.0797303321763798,False,70,1b,2500,5,743121,0,1250,,128x128,0.0003,0.01,10
ordinary,h128x128_lr0.0003_wd0.01_k30,16,0.19475668275305477,False,70,1b,2500,5,743121,0,1250,,128x128,0.0003,0.01,30
ordinary,h128x128_lr0.0003_wd0.01_k100,17,0.019317953613463203,True,70,1b,2500,5,743121,0,1250,,128x128,0.0003,0.01,100
ordinary,h128x128_lr0.001_wd0.001_k10,18,0.05380961416337873,False,70,1b,2500,5,743121,0,1250,,128x128,0.001,0.001,10
ordinary,h128x128_lr0.001_wd0.001_k30,19,0.06681609986960688,False,70,1b,2500,5,743121,0,1250,,128x128,0.001,0.001,30
ordinary,h128x128_lr0.001_wd0.001_k100,20,0.18693141504717312,False,70,1b,2500,5,743121,0,1250,,128x128,0.001,0.001,100
ordinary,h128x128_lr0.001_wd0.01_k10,21,0.20473140945292795,False,70,1b,2500,5,743121,0,1250,,128x128,0.001,0.01,10
ordinary,h128x128_lr0.001_wd0.01_k30,22,0.02533533629495996,False,70,1b,2500,5,743121,0,1250,,128x128,0.001,0.01,30
ordinary,h128x128_lr0.001_wd0.01_k100,23,0.05638579546823564,False,70,1b,2500,5,743121,0,1250,,128x128,0.001,0.01,100
signed-positive,h64x64_lr0.0003_wd0.001_k10,0,0.9043699641030931,False,71,1b,2500,5,743121,0,1250,0.731958234036664,64x64,0.0003,0.001,10
signed-positive,h64x64_lr0.0003_wd0.001_k30,1,0.16678589083876008,False,71,1b,2500,5,743121,0,1250,0.731958234036664,64x64,0.0003,0.001,30
signed-positive,h64x64_lr0.0003_wd0.001_k100,2,0.015335870540310987,False,71,1b,2500,5,743121,0,1250,0.731958234036664,64x64,0.0003,0.001,100
signed-positive,h64x64_lr0.0003_wd0.01_k10,3,0.9733189556106832,False,71,1b,2500,5,743121,0,1250,0.731958234036664,64x64,0.0003,0.01,10
signed-positive,h64x64_lr0.0003_wd0.01_k30,4,0.43236982851641315,False,71,1b,2500,5,743121,0,1250,0.731958234036664,64x64,0.0003,0.01,30
signed-positive,h64x64_lr0.0003_wd0.01_k100,5,0.021395230103657358,False,71,1b,2500,5,743121,0,1250,0.731958234036664,64x64,0.0003,0.01,100
signed-positive,h64x64_lr0.001_wd0.001_k10,6,0.21253954168835928,False,71,1b,2500,5,743121,0,1250,0.731958234036664,64x64,0.001,0.001,10
signed-positive,h64x64_lr0.001_wd0.001_k30,7,0.03045245830806991,False,71,1b,2500,5,743121,0,1250,0.731958234036664,64x64,0.001,0.001,30
signed-positive,h64x64_lr0.001_wd0.001_k100,8,0.06872205104824906,False,71,1b,2500,5,743121,0,1250,0.731958234036664,64x64,0.001,0.001,100
signed-positive,h64x64_lr0.001_wd0.01_k10,9,0.48459561372324705,False,71,1b,2500,5,743121,0,1250,0.731958234036664,64x64,0.001,0.01,10
signed-positive,h64x64_lr0.001_wd0.01_k30,10,0.01854007163605113,False,71,1b,2500,5,743121,0,1250,0.731958234036664,64x64,0.001,0.01,30
signed-positive,h64x64_lr0.001_wd0.01_k100,11,0.019187976554499636,False,71,1b,2500,5,743121,0,1250,0.731958234036664,64x64,0.001,0.01,100
signed-positive,h128x128_lr0.0003_wd0.001_k10,12,0.7436714258222735,False,71,1b,2500,5,743121,0,1250,0.731958234036664,128x128,0.0003,0.001,10
signed-positive,h128x128_lr0.0003_wd0.001_k30,13,0.02701183056132315,False,71,1b,2500,5,743121,0,1250,0.731958234036664,128x128,0.0003,0.001,30
signed-positive,h128x128_lr0.0003_wd0.001_k100,14,0.02879207693508597,False,71,1b,2500,5,743121,0,1250,0.731958234036664,128x128,0.0003,0.001,100
signed-positive,h128x128_lr0.0003_wd0.01_k10,15,0.9121886550610897,False,71,1b,2500,5,743121,0,1250,0.731958234036664,128x128,0.0003,0.01,10
signed-positive,h128x128_lr0.0003_wd0.01_k30,16,0.19760041899659028,False,71,1b,2500,5,743121,0,1250,0.731958234036664,128x128,0.0003,0.01,30
signed-positive,h128x128_lr0.0003_wd0.01_k100,17,0.010551834966197063,True,71,1b,2500,5,743121,0,1250,0.731958234036664,128x128,0.0003,0.01,100
signed-positive,h128x128_lr0.001_wd0.001_k10,18,0.037140251413855775,False,71,1b,2500,5,743121,0,1250,0.731958234036664,128x128,0.001,0.001,10
signed-positive,h128x128_lr0.001_wd0.001_k30,19,0.04474184877912387,False,71,1b,2500,5,743121,0,1250,0.731958234036664,128x128,0.001,0.001,30
signed-positive,h128x128_lr0.001_wd0.001_k100,20,0.24753964059331074,False,71,1b,2500,5,743121,0,1250,0.731958234036664,128x128,0.001,0.001,100
signed-positive,h128x128_lr0.001_wd0.01_k10,21,0.2388431734479972,False,71,1b,2500,5,743121,0,1250,0.731958234036664,128x128,0.001,0.01,10
signed-positive,h128x128_lr0.001_wd0.01_k30,22,0.01638796191622133,False,71,1b,2500,5,743121,0,1250,0.731958234036664,128x128,0.001,0.01,30
signed-positive,h128x128_lr0.001_wd0.01_k100,23,0.02292876148395584,False,71,1b,2500,5,743121,0,1250,0.731958234036664,128x128,0.001,0.01,100
signed-negative,h64x64_lr0.0003_wd0.001_k10,0,0.8981305167253385,False,72,1b,2500,5,743121,0,1250,0.8150868854840693,64x64,0.0003,0.001,10
signed-negative,h64x64_lr0.0003_wd0.001_k30,1,0.15886224427938941,False,72,1b,2500,5,743121,0,1250,0.8150868854840693,64x64,0.0003,0.001,30
signed-negative,h64x64_lr0.0003_wd0.001_k100,2,0.0,True,72,1b,2500,5,743121,0,1250,0.8150868854840693,64x64,0.0003,0.001,100
signed-negative,h64x64_lr0.0003_wd0.01_k10,3,0.9711539853276719,False,72,1b,2500,5,743121,0,1250,0.8150868854840693,64x64,0.0003,0.01,10
signed-negative,h64x64_lr0.0003_wd0.01_k30,4,0.4157242961659021,False,72,1b,2500,5,743121,0,1250,0.8150868854840693,64x64,0.0003,0.01,30
signed-negative,h64x64_lr0.0003_wd0.01_k100,5,0.02524830553658286,False,72,1b,2500,5,743121,0,1250,0.8150868854840693,64x64,0.0003,0.01,100
signed-negative,h64x64_lr0.001_wd0.001_k10,6,0.18249269899643406,False,72,1b,2500,5,743121,0,1250,0.8150868854840693,64x64,0.001,0.001,10
signed-negative,h64x64_lr0.001_wd0.001_k30,7,0.010325371061023068,False,72,1b,2500,5,743121,0,1250,0.8150868854840693,64x64,0.001,0.001,30
signed-negative,h64x64_lr0.001_wd0.001_k100,8,0.03712978332419646,False,72,1b,2500,5,743121,0,1250,0.8150868854840693,64x64,0.001,0.001,100
signed-negative,h64x64_lr0.001_wd0.01_k10,9,0.45801517837586087,False,72,1b,2500,5,743121,0,1250,0.8150868854840693,64x64,0.001,0.01,10
signed-negative,h64x64_lr0.001_wd0.01_k30,10,0.029088069843330344,False,72,1b,2500,5,743121,0,1250,0.8150868854840693,64x64,0.001,0.01,30
signed-negative,h64x64_lr0.001_wd0.01_k100,11,0.011690334344524198,False,72,1b,2500,5,743121,0,1250,0.8150868854840693,64x64,0.001,0.01,100
signed-negative,h128x128_lr0.0003_wd0.001_k10,12,0.7159885250773912,False,72,1b,2500,5,743121,0,1250,0.8150868854840693,128x128,0.0003,0.001,10
signed-negative,h128x128_lr0.0003_wd0.001_k30,13,0.02930910289663004,False,72,1b,2500,5,743121,0,1250,0.8150868854840693,128x128,0.0003,0.001,30
signed-negative,h128x128_lr0.0003_wd0.001_k100,14,0.016541251972882386,False,72,1b,2500,5,743121,0,1250,0.8150868854840693,128x128,0.0003,0.001,100
signed-negative,h128x128_lr0.0003_wd0.01_k10,15,0.9000569675221072,False,72,1b,2500,5,743121,0,1250,0.8150868854840693,128x128,0.0003,0.01,10
signed-negative,h128x128_lr0.0003_wd0.01_k30,16,0.16385313013378539,False,72,1b,2500,5,743121,0,1250,0.8150868854840693,128x128,0.0003,0.01,30
signed-negative,h128x128_lr0.0003_wd0.01_k100,17,0.015626679706085337,False,72,1b,2500,5,743121,0,1250,0.8150868854840693,128x128,0.0003,0.01,100
signed-negative,h128x128_lr0.001_wd0.001_k10,18,0.01773474655561004,False,72,1b,2500,5,743121,0,1250,0.8150868854840693,128x128,0.001,0.001,10
signed-negative,h128x128_lr0.001_wd0.001_k30,19,0.018416627592679275,False,72,1b,2500,5,743121,0,1250,0.8150868854840693,128x128,0.001,0.001,30
signed-negative,h128x128_lr0.001_wd0.001_k100,20,0.20386531886003414,False,72,1b,2500,5,743121,0,1250,0.8150868854840693,128x128,0.001,0.001,100
signed-negative,h128x128_lr0.001_wd0.01_k10,21,0.16153989080508838,False,72,1b,2500,5,743121,0,1250,0.8150868854840693,128x128,0.001,0.01,10
signed-negative,h128x128_lr0.001_wd0.01_k30,22,0.020193867672651345,False,72,1b,2500,5,743121,0,1250,0.8150868854840693,128x128,0.001,0.01,30
signed-negative,h128x128_lr0.001_wd0.01_k100,23,0.01959952777302409,False,72,1b,2500,5,743121,0,1250,0.8150868854840693,128x128,0.001,0.01,100
ordinary,h64x64_lr0.0003_wd0.001_k10,0,1.1379074269771194,False,73,1b,2500,5,743121,1,1250,,64x64,0.0003,0.001,10
ordinary,h64x64_lr0.0003_wd0.001_k30,1,0.1678512371224283,False,73,1b,2500,5,743121,1,1250,,64x64,0.0003,0.001,30
ordinary,h64x64_lr0.0003_wd0.001_k100,2,0.009990077710391607,True,73,1b,2500,5,743121,1,1250,,64x64,0.0003,0.001,100
ordinary,h64x64_lr0.0003_wd0.01_k10,3,1.2617774892269233,False,73,1b,2500,5,743121,1,1250,,64x64,0.0003,0.01,10
ordinary,h64x64_lr0.0003_wd0.01_k30,4,0.49884230771532845,False,73,1b,2500,5,743121,1,1250,,64x64,0.0003,0.01,30
ordinary,h64x64_lr0.0003_wd0.01_k100,5,0.03698002300911919,False,73,1b,2500,5,743121,1,1250,,64x64,0.0003,0.01,100
ordinary,h64x64_lr0.001_wd0.001_k10,6,0.1677612475195443,False,73,1b,2500,5,743121,1,1250,,64x64,0.001,0.001,10
ordinary,h64x64_lr0.001_wd0.001_k30,7,0.012554968883746588,False,73,1b,2500,5,743121,1,1250,,64x64,0.001,0.001,30
ordinary,h64x64_lr0.001_wd0.001_k100,8,0.02047182849225574,False,73,1b,2500,5,743121,1,1250,,64x64,0.001,0.001,100
ordinary,h64x64_lr0.001_wd0.01_k10,9,0.5258846612635713,False,73,1b,2500,5,743121,1,1250,,64x64,0.001,0.01,10
ordinary,h64x64_lr0.001_wd0.01_k30,10,0.04137604504733064,False,73,1b,2500,5,743121,1,1250,,64x64,0.001,0.01,30
ordinary,h64x64_lr0.001_wd0.01_k100,11,0.014248380184259366,False,73,1b,2500,5,743121,1,1250,,64x64,0.001,0.01,100
ordinary,h128x128_lr0.0003_wd0.001_k10,12,0.8704880753919834,False,73,1b,2500,5,743121,1,1250,,128x128,0.0003,0.001,10
ordinary,h128x128_lr0.0003_wd0.001_k30,13,0.0513057218805549,False,73,1b,2500,5,743121,1,1250,,128x128,0.0003,0.001,30
ordinary,h128x128_lr0.0003_wd0.001_k100,14,0.022658754842273393,False,73,1b,2500,5,743121,1,1250,,128x128,0.0003,0.001,100
ordinary,h128x128_lr0.0003_wd0.01_k10,15,1.1435084021666757,False,73,1b,2500,5,743121,1,1250,,128x128,0.0003,0.01,10
ordinary,h128x128_lr0.0003_wd0.01_k30,16,0.187892546971001,False,73,1b,2500,5,743121,1,1250,,128x128,0.0003,0.01,30
ordinary,h128x128_lr0.0003_wd0.01_k100,17,0.03180866179574026,False,73,1b,2500,5,743121,1,1250,,128x128,0.0003,0.01,100
ordinary,h128x128_lr0.001_wd0.001_k10,18,0.04915758912281438,False,73,1b,2500,5,743121,1,1250,,128x128,0.001,0.001,10
ordinary,h128x128_lr0.001_wd0.001_k30,19,0.0353594912931178,False,73,1b,2500,5,743121,1,1250,,128x128,0.001,0.001,30
ordinary,h128x128_lr0.001_wd0.001_k100,20,0.07755850256632818,False,73,1b,2500,5,743121,1,1250,,128x128,0.001,0.001,100
ordinary,h128x128_lr0.001_wd0.01_k10,21,0.17398723665718335,False,73,1b,2500,5,743121,1,1250,,128x128,0.001,0.01,10
ordinary,h128x128_lr0.001_wd0.01_k30,22,0.03643923485954344,False,73,1b,2500,5,743121,1,1250,,128x128,0.001,0.01,30
ordinary,h128x128_lr0.001_wd0.01_k100,23,0.012917841955281442,False,73,1b,2500,5,743121,1,1250,,128x128,0.001,0.01,100
signed-positive,h64x64_lr0.0003_wd0.001_k10,0,1.3120032906420016,False,74,1b,2500,5,743121,1,1250,0.6689298637510447,64x64,0.0003,0.001,10
signed-positive,h64x64_lr0.0003_wd0.001_k30,1,0.26602603331155567,False,74,1b,2500,5,743121,1,1250,0.6689298637510447,64x64,0.0003,0.001,30
signed-positive,h64x64_lr0.0003_wd0.001_k100,2,0.02025101882349543,False,74,1b,2500,5,743121,1,1250,0.6689298637510447,64x64,0.0003,0.001,100
signed-positive,h64x64_lr0.0003_wd0.01_k10,3,1.4185959402377384,False,74,1b,2500,5,743121,1,1250,0.6689298637510447,64x64,0.0003,0.01,10
signed-positive,h64x64_lr0.0003_wd0.01_k30,4,0.6263357928836045,False,74,1b,2500,5,743121,1,1250,0.6689298637510447,64x64,0.0003,0.01,30
signed-positive,h64x64_lr0.0003_wd0.01_k100,5,0.08670698348586016,False,74,1b,2500,5,743121,1,1250,0.6689298637510447,64x64,0.0003,0.01,100
signed-positive,h64x64_lr0.001_wd0.001_k10,6,0.27823264912218065,False,74,1b,2500,5,743121,1,1250,0.6689298637510447,64x64,0.001,0.001,10
signed-positive,h64x64_lr0.001_wd0.001_k30,7,0.02961413179388256,False,74,1b,2500,5,743121,1,1250,0.6689298637510447,64x64,0.001,0.001,30
signed-positive,h64x64_lr0.001_wd0.001_k100,8,0.011463198475906615,False,74,1b,2500,5,743121,1,1250,0.6689298637510447,64x64,0.001,0.001,100
signed-positive,h64x64_lr0.001_wd0.01_k10,9,0.666864426911599,False,74,1b,2500,5,743121,1,1250,0.6689298637510447,64x64,0.001,0.01,10
signed-positive,h64x64_lr0.001_wd0.01_k30,10,0.09351815690188289,False,74,1b,2500,5,743121,1,1250,0.6689298637510447,64x64,0.001,0.01,30
signed-positive,h64x64_lr0.001_wd0.01_k100,11,0.05010490700387759,False,74,1b,2500,5,743121,1,1250,0.6689298637510447,64x64,0.001,0.01,100
signed-positive,h128x128_lr0.0003_wd0.001_k10,12,1.1084217797805482,False,74,1b,2500,5,743121,1,1250,0.6689298637510447,128x128,0.0003,0.001,10
signed-positive,h128x128_lr0.0003_wd0.001_k30,13,0.09783408932304467,False,74,1b,2500,5,743121,1,1250,0.6689298637510447,128x128,0.0003,0.001,30
signed-positive,h128x128_lr0.0003_wd0.001_k100,14,0.0,True,74,1b,2500,5,743121,1,1250,0.6689298637510447,128x128,0.0003,0.001,100
signed-positive,h128x128_lr0.0003_wd0.01_k10,15,1.356209465535418,False,74,1b,2500,5,743121,1,1250,0.6689298637510447,128x128,0.0003,0.01,10
signed-positive,h128x128_lr0.0003_wd0.01_k30,16,0.3231667989709686,False,74,1b,2500,5,743121,1,1250,0.6689298637510447,128x128,0.0003,0.01,30
signed-positive,h128x128_lr0.0003_wd0.01_k100,17,0.06648823586429238,False,74,1b,2500,5,743121,1,1250,0.6689298637510447,128x128,0.0003,0.01,100
signed-positive,h128x128_lr0.001_wd0.001_k10,18,0.07608497863491102,False,74,1b,2500,5,743121,1,1250,0.6689298637510447,128x128,0.001,0.001,10
signed-positive,h128x128_lr0.001_wd0.001_k30,19,0.005678525550513719,False,74,1b,2500,5,743121,1,1250,0.6689298637510447,128x128,0.001,0.001,30
signed-positive,h128x128_lr0.001_wd0.001_k100,20,0.03796975652781942,False,74,1b,2500,5,743121,1,1250,0.6689298637510447,128x128,0.001,0.001,100
signed-positive,h128x128_lr0.001_wd0.01_k10,21,0.32699957493415005,False,74,1b,2500,5,743121,1,1250,0.6689298637510447,128x128,0.001,0.01,10
signed-positive,h128x128_lr0.001_wd0.01_k30,22,0.07685934524853777,False,74,1b,2500,5,743121,1,1250,0.6689298637510447,128x128,0.001,0.01,30
signed-positive,h128x128_lr0.001_wd0.01_k100,23,0.029659581271306586,False,74,1b,2500,5,743121,1,1250,0.6689298637510447,128x128,0.001,0.01,100
signed-negative,h64x64_lr0.0003_wd0.001_k10,0,1.2285942279681006,False,75,1b,2500,5,743121,1,1250,0.715814860445606,64x64,0.0003,0.001,10
signed-negative,h64x64_lr0.0003_wd0.001_k30,1,0.25581222628748307,False,75,1b,2500,5,743121,1,1250,0.715814860445606,64x64,0.0003,0.001,30
signed-negative,h64x64_lr0.0003_wd0.001_k100,2,0.006117689449857275,True,75,1b,2500,5,743121,1,1250,0.715814860445606,64x64,0.0003,0.001,100
signed-negative,h64x64_lr0.0003_wd0.01_k10,3,1.3202880226855038,False,75,1b,2500,5,743121,1,1250,0.715814860445606,64x64,0.0003,0.01,10
signed-negative,h64x64_lr0.0003_wd0.01_k30,4,0.6354837889143053,False,75,1b,2500,5,743121,1,1250,0.715814860445606,64x64,0.0003,0.01,30
signed-negative,h64x64_lr0.0003_wd0.01_k100,5,0.04748540103210149,False,75,1b,2500,5,743121,1,1250,0.715814860445606,64x64,0.0003,0.01,100
signed-negative,h64x64_lr0.001_wd0.001_k10,6,0.291546241240249,False,75,1b,2500,5,743121,1,1250,0.715814860445606,64x64,0.001,0.001,10
signed-negative,h64x64_lr0.001_wd0.001_k30,7,0.017677188373652043,False,75,1b,2500,5,743121,1,1250,0.715814860445606,64x64,0.001,0.001,30
signed-negative,h64x64_lr0.001_wd0.001_k100,8,0.011536371521750289,False,75,1b,2500,5,743121,1,1250,0.715814860445606,64x64,0.001,0.001,100
signed-negative,h64x64_lr0.001_wd0.01_k10,9,0.681781441821379,False,75,1b,2500,5,743121,1,1250,0.715814860445606,64x64,0.001,0.01,10
signed-negative,h64x64_lr0.001_wd0.01_k30,10,0.06984812463539708,False,75,1b,2500,5,743121,1,1250,0.715814860445606,64x64,0.001,0.01,30
signed-negative,h64x64_lr0.001_wd0.01_k100,11,0.012987315477274438,False,75,1b,2500,5,743121,1,1250,0.715814860445606,64x64,0.001,0.01,100
signed-negative,h128x128_lr0.0003_wd0.001_k10,12,0.8762838488789993,False,75,1b,2500,5,743121,1,1250,0.715814860445606,128x128,0.0003,0.001,10
signed-negative,h128x128_lr0.0003_wd0.001_k30,13,0.05863200077710493,False,75,1b,2500,5,743121,1,1250,0.715814860445606,128x128,0.0003,0.001,30
signed-negative,h128x128_lr0.0003_wd0.001_k100,14,0.01024029477176578,False,75,1b,2500,5,743121,1,1250,0.715814860445606,128x128,0.0003,0.001,100
signed-negative,h128x128_lr0.0003_wd0.01_k10,15,1.1638945678955395,False,75,1b,2500,5,743121,1,1250,0.715814860445606,128x128,0.0003,0.01,10
signed-negative,h128x128_lr0.0003_wd0.01_k30,16,0.21798318535863304,False,75,1b,2500,5,743121,1,1250,0.715814860445606,128x128,0.0003,0.01,30
signed-negative,h128x128_lr0.0003_wd0.01_k100,17,0.030920778147727986,False,75,1b,2500,5,743121,1,1250,0.715814860445606,128x128,0.0003,0.01,100
signed-negative,h128x128_lr0.001_wd0.001_k10,18,0.05431333292859274,False,75,1b,2500,5,743121,1,1250,0.715814860445606,128x128,0.001,0.001,10
signed-negative,h128x128_lr0.001_wd0.001_k30,19,0.01674492583751661,False,75,1b,2500,5,743121,1,1250,0.715814860445606,128x128,0.001,0.001,30
signed-negative,h128x128_lr0.001_wd0.001_k100,20,0.03977174679920282,False,75,1b,2500,5,743121,1,1250,0.715814860445606,128x128,0.001,0.001,100
signed-negative,h128x128_lr0.001_wd0.01_k10,21,0.20528822983410197,False,75,1b,2500,5,743121,1,1250,0.715814860445606,128x128,0.001,0.01,10
signed-negative,h128x128_lr0.001_wd0.01_k30,22,0.04973522802787965,False,75,1b,2500,5,743121,1,1250,0.715814860445606,128x128,0.001,0.01,30
signed-negative,h128x128_lr0.001_wd0.01_k100,23,0.013542261105715613,False,75,1b,2500,5,743121,1,1250,0.715814860445606,128x128,0.001,0.01,100
ordinary,h64x64_lr0.0003_wd0.001_k10,0,0.8604444272670799,False,76,1b,2500,6,843124,0,1250,,64x64,0.0003,0.001,10
ordinary,h64x64_lr0.0003_wd0.001_k30,1,0.15965053393673884,False,76,1b,2500,6,843124,0,1250,,64x64,0.0003,0.001,30
ordinary,h64x64_lr0.0003_wd0.001_k100,2,0.025093906613222205,False,76,1b,2500,6,843124,0,1250,,64x64,0.0003,0.001,100
ordinary,h64x64_lr0.0003_wd0.01_k10,3,0.9332221876218963,False,76,1b,2500,6,843124,0,1250,,64x64,0.0003,0.01,10
ordinary,h64x64_lr0.0003_wd0.01_k30,4,0.41447842900121246,False,76,1b,2500,6,843124,0,1250,,64x64,0.0003,0.01,30
ordinary,h64x64_lr0.0003_wd0.01_k100,5,0.02147833998187196,False,76,1b,2500,6,843124,0,1250,,64x64,0.0003,0.01,100
ordinary,h64x64_lr0.001_wd0.001_k10,6,0.19219220604342374,False,76,1b,2500,6,843124,0,1250,,64x64,0.001,0.001,10
ordinary,h64x64_lr0.001_wd0.001_k30,7,0.027531279145818804,False,76,1b,2500,6,843124,0,1250,,64x64,0.001,0.001,30
ordinary,h64x64_lr0.001_wd0.001_k100,8,0.12070589127671226,False,76,1b,2500,6,843124,0,1250,,64x64,0.001,0.001,100
ordinary,h64x64_lr0.001_wd0.01_k10,9,0.4489179866439099,False,76,1b,2500,6,843124,0,1250,,64x64,0.001,0.01,10
ordinary,h64x64_lr0.001_wd0.01_k30,10,0.02968994075093053,False,76,1b,2500,6,843124,0,1250,,64x64,0.001,0.01,30
ordinary,h64x64_lr0.001_wd0.01_k100,11,0.0339875253796339,False,76,1b,2500,6,843124,0,1250,,64x64,0.001,0.01,100
ordinary,h128x128_lr0.0003_wd0.001_k10,12,0.6420942694932469,False,76,1b,2500,6,843124,0,1250,,128x128,0.0003,0.001,10
ordinary,h128x128_lr0.0003_wd0.001_k30,13,0.023173669704793256,False,76,1b,2500,6,843124,0,1250,,128x128,0.0003,0.001,30
ordinary,h128x128_lr0.0003_wd0.001_k100,14,0.03143564103889113,False,76,1b,2500,6,843124,0,1250,,128x128,0.0003,0.001,100
ordinary,h128x128_lr0.0003_wd0.01_k10,15,0.8234238391916654,False,76,1b,2500,6,843124,0,1250,,128x128,0.0003,0.01,10
ordinary,h128x128_lr0.0003_wd0.01_k30,16,0.1305968655757343,False,76,1b,2500,6,843124,0,1250,,128x128,0.0003,0.01,30
ordinary,h128x128_lr0.0003_wd0.01_k100,17,0.014781242097915348,False,76,1b,2500,6,843124,0,1250,,128x128,0.0003,0.01,100
ordinary,h128x128_lr0.001_wd0.001_k10,18,0.009881960161669508,True,76,1b,2500,6,843124,0,1250,,128x128,0.001,0.001,10
ordinary,h128x128_lr0.001_wd0.001_k30,19,0.03451438147557528,False,76,1b,2500,6,843124,0,1250,,128x128,0.001,0.001,30
ordinary,h128x128_lr0.001_wd0.001_k100,20,0.0765879062635193,False,76,1b,2500,6,843124,0,1250,,128x128,0.001,0.001,100
ordinary,h128x128_lr0.001_wd0.01_k10,21,0.1320931429242202,False,76,1b,2500,6,843124,0,1250,,128x128,0.001,0.01,10
ordinary,h128x128_lr0.001_wd0.01_k30,22,0.022746070806057266,False,76,1b,2500,6,843124,0,1250,,128x128,0.001,0.01,30
ordinary,h128x128_lr0.001_wd0.01_k100,23,0.04438446491583851,False,76,1b,2500,6,843124,0,1250,,128x128,0.001,0.01,100
signed-positive,h64x64_lr0.0003_wd0.001_k10,0,0.9535450796101665,False,77,1b,2500,6,843124,0,1250,0.5644660329206971,64x64,0.0003,0.001,10
signed-positive,h64x64_lr0.0003_wd0.001_k30,1,0.17255494288200351,False,77,1b,2500,6,843124,0,1250,0.5644660329206971,64x64,0.0003,0.001,30
signed-positive,h64x64_lr0.0003_wd0.001_k100,2,0.004377130645292069,True,77,1b,2500,6,843124,0,1250,0.5644660329206971,64x64,0.0003,0.001,100
signed-positive,h64x64_lr0.0003_wd0.01_k10,3,1.0251663976648266,False,77,1b,2500,6,843124,0,1250,0.5644660329206971,64x64,0.0003,0.01,10
signed-positive,h64x64_lr0.0003_wd0.01_k30,4,0.4838836517678925,False,77,1b,2500,6,843124,0,1250,0.5644660329206971,64x64,0.0003,0.01,30
signed-positive,h64x64_lr0.0003_wd0.01_k100,5,0.032042536095174934,False,77,1b,2500,6,843124,0,1250,0.5644660329206971,64x64,0.0003,0.01,100
signed-positive,h64x64_lr0.001_wd0.001_k10,6,0.20994765375322783,False,77,1b,2500,6,843124,0,1250,0.5644660329206971,64x64,0.001,0.001,10
signed-positive,h64x64_lr0.001_wd0.001_k30,7,0.014900699215855786,False,77,1b,2500,6,843124,0,1250,0.5644660329206971,64x64,0.001,0.001,30
signed-positive,h64x64_lr0.001_wd0.001_k100,8,0.0591771924701808,False,77,1b,2500,6,843124,0,1250,0.5644660329206971,64x64,0.001,0.001,100
signed-positive,h64x64_lr0.001_wd0.01_k10,9,0.5274223207580417,False,77,1b,2500,6,843124,0,1250,0.5644660329206971,64x64,0.001,0.01,10
signed-positive,h64x64_lr0.001_wd0.01_k30,10,0.04178613776913557,False,77,1b,2500,6,843124,0,1250,0.5644660329206971,64x64,0.001,0.01,30
signed-positive,h64x64_lr0.001_wd0.01_k100,11,0.00440604334356935,False,77,1b,2500,6,843124,0,1250,0.5644660329206971,64x64,0.001,0.01,100
signed-positive,h128x128_lr0.0003_wd0.001_k10,12,0.812185872704697,False,77,1b,2500,6,843124,0,1250,0.5644660329206971,128x128,0.0003,0.001,10
signed-positive,h128x128_lr0.0003_wd0.001_k30,13,0.05786159918176817,False,77,1b,2500,6,843124,0,1250,0.5644660329206971,128x128,0.0003,0.001,30
signed-positive,h128x128_lr0.0003_wd0.001_k100,14,0.017230577955261964,False,77,1b,2500,6,843124,0,1250,0.5644660329206971,128x128,0.0003,0.001,100
signed-positive,h128x128_lr0.0003_wd0.01_k10,15,0.9566652254593393,False,77,1b,2500,6,843124,0,1250,0.5644660329206971,128x128,0.0003,0.01,10
signed-positive,h128x128_lr0.0003_wd0.01_k30,16,0.20144698131054503,False,77,1b,2500,6,843124,0,1250,0.5644660329206971,128x128,0.0003,0.01,30
signed-positive,h128x128_lr0.0003_wd0.01_k100,17,0.01932389707433876,False,77,1b,2500,6,843124,0,1250,0.5644660329206971,128x128,0.0003,0.01,100
signed-positive,h128x128_lr0.001_wd0.001_k10,18,0.04442227556396826,False,77,1b,2500,6,843124,0,1250,0.5644660329206971,128x128,0.001,0.001,10
signed-positive,h128x128_lr0.001_wd0.001_k30,19,0.01521587840764334,False,77,1b,2500,6,843124,0,1250,0.5644660329206971,128x128,0.001,0.001,30
signed-positive,h128x128_lr0.001_wd0.001_k100,20,0.24420620752789812,False,77,1b,2500,6,843124,0,1250,0.5644660329206971,128x128,0.001,0.001,100
signed-positive,h128x128_lr0.001_wd0.01_k10,21,0.21848105046318111,False,77,1b,2500,6,843124,0,1250,0.5644660329206971,128x128,0.001,0.01,10
signed-positive,h128x128_lr0.001_wd0.01_k30,22,0.03253878962440824,False,77,1b,2500,6,843124,0,1250,0.5644660329206971,128x128,0.001,0.01,30
signed-positive,h128x128_lr0.001_wd0.01_k100,23,0.010914409773561711,False,77,1b,2500,6,843124,0,1250,0.5644660329206971,128x128,0.001,0.01,100
signed-negative,h64x64_lr0.0003_wd0.001_k10,0,0.817407043283606,False,78,1b,2500,6,843124,0,1250,0.5743376176939354,64x64,0.0003,0.001,10
signed-negative,h64x64_lr0.0003_wd0.001_k30,1,0.18360155549760107,False,78,1b,2500,6,843124,0,1250,0.5743376176939354,64x64,0.0003,0.001,30
signed-negative,h64x64_lr0.0003_wd0.001_k100,2,0.007195560135639274,False,78,1b,2500,6,843124,0,1250,0.5743376176939354,64x64,0.0003,0.001,100
signed-negative,h64x64_lr0.0003_wd0.01_k10,3,0.8714855901304065,False,78,1b,2500,6,843124,0,1250,0.5743376176939354,64x64,0.0003,0.01,10
signed-negative,h64x64_lr0.0003_wd0.01_k30,4,0.4127550827534934,False,78,1b,2500,6,843124,0,1250,0.5743376176939354,64x64,0.0003,0.01,30
signed-negative,h64x64_lr0.0003_wd0.01_k100,5,0.01644829076511982,False,78,1b,2500,6,843124,0,1250,0.5743376176939354,64x64,0.0003,0.01,100
signed-negative,h64x64_lr0.001_wd0.001_k10,6,0.2098280988963905,False,78,1b,2500,6,843124,0,1250,0.5743376176939354,64x64,0.001,0.001,10
signed-negative,h64x64_lr0.001_wd0.001_k30,7,0.005150006878305368,True,78,1b,2500,6,843124,0,1250,0.5743376176939354,64x64,0.001,0.001,30
signed-negative,h64x64_lr0.001_wd0.001_k100,8,0.05072313703464516,False,78,1b,2500,6,843124,0,1250,0.5743376176939354,64x64,0.001,0.001,100
signed-negative,h64x64_lr0.001_wd0.01_k10,9,0.44269926711897567,False,78,1b,2500,6,843124,0,1250,0.5743376176939354,64x64,0.001,0.01,10
signed-negative,h64x64_lr0.001_wd0.01_k30,10,0.013887565410360065,False,78,1b,2500,6,843124,0,1250,0.5743376176939354,64x64,0.001,0.01,30
signed-negative,h64x64_lr0.001_wd0.01_k100,11,0.00541997822631029,False,78,1b,2500,6,843124,0,1250,0.5743376176939354,64x64,0.001,0.01,100
signed-negative,h128x128_lr0.0003_wd0.001_k10,12,0.6212760546215697,False,78,1b,2500,6,843124,0,1250,0.5743376176939354,128x128,0.0003,0.001,10
signed-negative,h128x128_lr0.0003_wd0.001_k30,13,0.019163626720255587,False,78,1b,2500,6,843124,0,1250,0.5743376176939354,128x128,0.0003,0.001,30
signed-negative,h128x128_lr0.0003_wd0.001_k100,14,0.01024309887692931,False,78,1b,2500,6,843124,0,1250,0.5743376176939354,128x128,0.0003,0.001,100
signed-negative,h128x128_lr0.0003_wd0.01_k10,15,0.7955065965539037,False,78,1b,2500,6,843124,0,1250,0.5743376176939354,128x128,0.0003,0.01,10
signed-negative,h128x128_lr0.0003_wd0.01_k30,16,0.11869556347325534,False,78,1b,2500,6,843124,0,1250,0.5743376176939354,128x128,0.0003,0.01,30
signed-negative,h128x128_lr0.0003_wd0.01_k100,17,0.009643028033213402,False,78,1b,2500,6,843124,0,1250,0.5743376176939354,128x128,0.0003,0.01,100
signed-negative,h128x128_lr0.001_wd0.001_k10,18,0.006696753044349803,False,78,1b,2500,6,843124,0,1250,0.5743376176939354,128x128,0.001,0.001,10
signed-negative,h128x128_lr0.001_wd0.001_k30,19,0.008211225183045933,False,78,1b,2500,6,843124,0,1250,0.5743376176939354,128x128,0.001,0.001,30
signed-negative,h128x128_lr0.001_wd0.001_k100,20,0.052361095114591645,False,78,1b,2500,6,843124,0,1250,0.5743376176939354,128x128,0.001,0.001,100
signed-negative,h128x128_lr0.001_wd0.01_k10,21,0.1135706830072745,False,78,1b,2500,6,843124,0,1250,0.5743376176939354,128x128,0.001,0.01,10
signed-negative,h128x128_lr0.001_wd0.01_k30,22,0.010542761932115835,False,78,1b,2500,6,843124,0,1250,0.5743376176939354,128x128,0.001,0.01,30
signed-negative,h128x128_lr0.001_wd0.01_k100,23,0.00885278482216829,False,78,1b,2500,6,843124,0,1250,0.5743376176939354,128x128,0.001,0.01,100
ordinary,h64x64_lr0.0003_wd0.001_k10,0,0.8448882261784424,False,79,1b,2500,6,843124,1,1250,,64x64,0.0003,0.001,10
ordinary,h64x64_lr0.0003_wd0.001_k30,1,0.18463726806602873,False,79,1b,2500,6,843124,1,1250,,64x64,0.0003,0.001,30
ordinary,h64x64_lr0.0003_wd0.001_k100,2,0.05975559854827091,False,79,1b,2500,6,843124,1,1250,,64x64,0.0003,0.001,100
ordinary,h64x64_lr0.0003_wd0.01_k10,3,0.9127922084068477,False,79,1b,2500,6,843124,1,1250,,64x64,0.0003,0.01,10
ordinary,h64x64_lr0.0003_wd0.01_k30,4,0.4175049745455465,False,79,1b,2500,6,843124,1,1250,,64x64,0.0003,0.01,30
ordinary,h64x64_lr0.0003_wd0.01_k100,5,0.018303382819054134,True,79,1b,2500,6,843124,1,1250,,64x64,0.0003,0.01,100
ordinary,h64x64_lr0.001_wd0.001_k10,6,0.20791913929744343,False,79,1b,2500,6,843124,1,1250,,64x64,0.001,0.001,10
ordinary,h64x64_lr0.001_wd0.001_k30,7,0.06111195042366984,False,79,1b,2500,6,843124,1,1250,,64x64,0.001,0.001,30
ordinary,h64x64_lr0.001_wd0.001_k100,8,0.08416556757452905,False,79,1b,2500,6,843124,1,1250,,64x64,0.001,0.001,100
ordinary,h64x64_lr0.001_wd0.01_k10,9,0.4523511308379466,False,79,1b,2500,6,843124,1,1250,,64x64,0.001,0.01,10
ordinary,h64x64_lr0.001_wd0.01_k30,10,0.02183642128471204,False,79,1b,2500,6,843124,1,1250,,64x64,0.001,0.01,30
ordinary,h64x64_lr0.001_wd0.01_k100,11,0.033968926255390164,False,79,1b,2500,6,843124,1,1250,,64x64,0.001,0.01,100
ordinary,h128x128_lr0.0003_wd0.001_k10,12,0.7130971493764999,False,79,1b,2500,6,843124,1,1250,,128x128,0.0003,0.001,10
ordinary,h128x128_lr0.0003_wd0.001_k30,13,0.05304378266776493,False,79,1b,2500,6,843124,1,1250,,128x128,0.0003,0.001,30
ordinary,h128x128_lr0.0003_wd0.001_k100,14,0.0525778066328943,False,79,1b,2500,6,843124,1,1250,,128x128,0.0003,0.001,100
ordinary,h128x128_lr0.0003_wd0.01_k10,15,0.8602660220577409,False,79,1b,2500,6,843124,1,1250,,128x128,0.0003,0.01,10
ordinary,h128x128_lr0.0003_wd0.01_k30,16,0.18598720833211815,False,79,1b,2500,6,843124,1,1250,,128x128,0.0003,0.01,30
ordinary,h128x128_lr0.0003_wd0.01_k100,17,0.021203280995966856,False,79,1b,2500,6,843124,1,1250,,128x128,0.0003,0.01,100
ordinary,h128x128_lr0.001_wd0.001_k10,18,0.05306514789078724,False,79,1b,2500,6,843124,1,1250,,128x128,0.001,0.001,10
ordinary,h128x128_lr0.001_wd0.001_k30,19,0.044888978764357906,False,79,1b,2500,6,843124,1,1250,,128x128,0.001,0.001,30
ordinary,h128x128_lr0.001_wd0.001_k100,20,0.17473718048453224,False,79,1b,2500,6,843124,1,1250,,128x128,0.001,0.001,100
ordinary,h128x128_lr0.001_wd0.01_k10,21,0.20747871421991948,False,79,1b,2500,6,843124,1,1250,,128x128,0.001,0.01,10
ordinary,h128x128_lr0.001_wd0.01_k30,22,0.026556726696345744,False,79,1b,2500,6,843124,1,1250,,128x128,0.001,0.01,30
ordinary,h128x128_lr0.001_wd0.01_k100,23,0.04901983938416739,False,79,1b,2500,6,843124,1,1250,,128x128,0.001,0.01,100
signed-positive,h64x64_lr0.0003_wd0.001_k10,0,0.839425241316568,False,80,1b,2500,6,843124,1,1250,0.7428022581582594,64x64,0.0003,0.001,10
signed-positive,h64x64_lr0.0003_wd0.001_k30,1,0.19662632869969734,False,80,1b,2500,6,843124,1,1250,0.7428022581582594,64x64,0.0003,0.001,30
signed-positive,h64x64_lr0.0003_wd0.001_k100,2,0.027973122870577898,False,80,1b,2500,6,843124,1,1250,0.7428022581582594,64x64,0.0003,0.001,100
signed-positive,h64x64_lr0.0003_wd0.01_k10,3,0.8965951941008748,False,80,1b,2500,6,843124,1,1250,0.7428022581582594,64x64,0.0003,0.01,10
signed-positive,h64x64_lr0.0003_wd0.01_k30,4,0.4695635910127157,False,80,1b,2500,6,843124,1,1250,0.7428022581582594,64x64,0.0003,0.01,30
signed-positive,h64x64_lr0.0003_wd0.01_k100,5,0.00592191469367227,True,80,1b,2500,6,843124,1,1250,0.7428022581582594,64x64,0.0003,0.01,100
signed-positive,h64x64_lr0.001_wd0.001_k10,6,0.23825070714932842,False,80,1b,2500,6,843124,1,1250,0.7428022581582594,64x64,0.001,0.001,10
signed-positive,h64x64_lr0.001_wd0.001_k30,7,0.03079580537795461,False,80,1b,2500,6,843124,1,1250,0.7428022581582594,64x64,0.001,0.001,30
signed-positive,h64x64_lr0.001_wd0.001_k100,8,0.07171960571458716,False,80,1b,2500,6,843124,1,1250,0.7428022581582594,64x64,0.001,0.001,100
signed-positive,h64x64_lr0.001_wd0.01_k10,9,0.5061130955145576,False,80,1b,2500,6,843124,1,1250,0.7428022581582594,64x64,0.001,0.01,10
signed-positive,h64x64_lr0.001_wd0.01_k30,10,0.013382269734673482,False,80,1b,2500,6,843124,1,1250,0.7428022581582594,64x64,0.001,0.01,30
signed-positive,h64x64_lr0.001_wd0.01_k100,11,0.0236603708447329,False,80,1b,2500,6,843124,1,1250,0.7428022581582594,64x64,0.001,0.01,100
signed-positive,h128x128_lr0.0003_wd0.001_k10,12,0.7055213737877005,False,80,1b,2500,6,843124,1,1250,0.7428022581582594,128x128,0.0003,0.001,10
signed-positive,h128x128_lr0.0003_wd0.001_k30,13,0.025874665523765748,False,80,1b,2500,6,843124,1,1250,0.7428022581582594,128x128,0.0003,0.001,30
signed-positive,h128x128_lr0.0003_wd0.001_k100,14,0.04856392347863053,False,80,1b,2500,6,843124,1,1250,0.7428022581582594,128x128,0.0003,0.001,100
signed-positive,h128x128_lr0.0003_wd0.01_k10,15,0.8428674920803928,False,80,1b,2500,6,843124,1,1250,0.7428022581582594,128x128,0.0003,0.01,10
signed-positive,h128x128_lr0.0003_wd0.01_k30,16,0.2176702942154567,False,80,1b,2500,6,843124,1,1250,0.7428022581582594,128x128,0.0003,0.01,30
signed-positive,h128x128_lr0.0003_wd0.01_k100,17,0.009362838391670947,False,80,1b,2500,6,843124,1,1250,0.7428022581582594,128x128,0.0003,0.01,100
signed-positive,h128x128_lr0.001_wd0.001_k10,18,0.045781496504594996,False,80,1b,2500,6,843124,1,1250,0.7428022581582594,128x128,0.001,0.001,10
signed-positive,h128x128_lr0.001_wd0.001_k30,19,0.04139443726519294,False,80,1b,2500,6,843124,1,1250,0.7428022581582594,128x128,0.001,0.001,30
signed-positive,h128x128_lr0.001_wd0.001_k100,20,0.09262489016888051,False,80,1b,2500,6,843124,1,1250,0.7428022581582594,128x128,0.001,0.001,100
signed-positive,h128x128_lr0.001_wd0.01_k10,21,0.25794970129437655,False,80,1b,2500,6,843124,1,1250,0.7428022581582594,128x128,0.001,0.01,10
signed-positive,h128x128_lr0.001_wd0.01_k30,22,0.01407540767753623,False,80,1b,2500,6,843124,1,1250,0.7428022581582594,128x128,0.001,0.01,30
signed-positive,h128x128_lr0.001_wd0.01_k100,23,0.030075795583421116,False,80,1b,2500,6,843124,1,1250,0.7428022581582594,128x128,0.001,0.01,100
signed-negative,h64x64_lr0.0003_wd0.001_k10,0,0.7844115641403462,False,81,1b,2500,6,843124,1,1250,0.96543189362372,64x64,0.0003,0.001,10
signed-negative,h64x64_lr0.0003_wd0.001_k30,1,0.14659772442292351,False,81,1b,2500,6,843124,1,1250,0.96543189362372,64x64,0.0003,0.001,30
signed-negative,h64x64_lr0.0003_wd0.001_k100,2,0.0035858965431647388,False,81,1b,2500,6,843124,1,1250,0.96543189362372,64x64,0.0003,0.001,100
signed-negative,h64x64_lr0.0003_wd0.01_k10,3,0.8414041087881039,False,81,1b,2500,6,843124,1,1250,0.96543189362372,64x64,0.0003,0.01,10
signed-negative,h64x64_lr0.0003_wd0.01_k30,4,0.37640968860163415,False,81,1b,2500,6,843124,1,1250,0.96543189362372,64x64,0.0003,0.01,30
signed-negative,h64x64_lr0.0003_wd0.01_k100,5,0.018273441913968604,False,81,1b,2500,6,843124,1,1250,0.96543189362372,64x64,0.0003,0.01,100
signed-negative,h64x64_lr0.001_wd0.001_k10,6,0.16262757641976275,False,81,1b,2500,6,843124,1,1250,0.96543189362372,64x64,0.001,0.001,10
signed-negative,h64x64_lr0.001_wd0.001_k30,7,0.0019469949919522704,True,81,1b,2500,6,843124,1,1250,0.96543189362372,64x64,0.001,0.001,30
signed-negative,h64x64_lr0.001_wd0.001_k100,8,0.04905086977021389,False,81,1b,2500,6,843124,1,1250,0.96543189362372,64x64,0.001,0.001,100
signed-negative,h64x64_lr0.001_wd0.01_k10,9,0.4204534850094563,False,81,1b,2500,6,843124,1,1250,0.96543189362372,64x64,0.001,0.01,10
signed-negative,h64x64_lr0.001_wd0.01_k30,10,0.022986929921485166,False,81,1b,2500,6,843124,1,1250,0.96543189362372,64x64,0.001,0.01,30
signed-negative,h64x64_lr0.001_wd0.01_k100,11,0.015109085117683826,False,81,1b,2500,6,843124,1,1250,0.96543189362372,64x64,0.001,0.01,100
signed-negative,h128x128_lr0.0003_wd0.001_k10,12,0.6771508029964817,False,81,1b,2500,6,843124,1,1250,0.96543189362372,128x128,0.0003,0.001,10
signed-negative,h128x128_lr0.0003_wd0.001_k30,13,0.02503123548279936,False,81,1b,2500,6,843124,1,1250,0.96543189362372,128x128,0.0003,0.001,30
signed-negative,h128x128_lr0.0003_wd0.001_k100,14,0.011605771510761207,False,81,1b,2500,6,843124,1,1250,0.96543189362372,128x128,0.0003,0.001,100
signed-negative,h128x128_lr0.0003_wd0.01_k10,15,0.8032300216591247,False,81,1b,2500,6,843124,1,1250,0.96543189362372,128x128,0.0003,0.01,10
signed-negative,h128x128_lr0.0003_wd0.01_k30,16,0.1516399008335121,False,81,1b,2500,6,843124,1,1250,0.96543189362372,128x128,0.0003,0.01,30
signed-negative,h128x128_lr0.0003_wd0.01_k100,17,0.016753044241377628,False,81,1b,2500,6,843124,1,1250,0.96543189362372,128x128,0.0003,0.01,100
signed-negative,h128x128_lr0.001_wd0.001_k10,18,0.027353739889386185,False,81,1b,2500,6,843124,1,1250,0.96543189362372,128x128,0.001,0.001,10
signed-negative,h128x128_lr0.001_wd0.001_k30,19,0.008412887668986575,False,81,1b,2500,6,843124,1,1250,0.96543189362372,128x128,0.001,0.001,30
signed-negative,h128x128_lr0.001_wd0.001_k100,20,0.06871070251596503,False,81,1b,2500,6,843124,1,1250,0.96543189362372,128x128,0.001,0.001,100
signed-negative,h128x128_lr0.001_wd0.01_k10,21,0.1739857926030417,False,81,1b,2500,6,843124,1,1250,0.96543189362372,128x128,0.001,0.01,10
signed-negative,h128x128_lr0.001_wd0.01_k30,22,0.011404137983520447,False,81,1b,2500,6,843124,1,1250,0.96543189362372,128x128,0.001,0.01,30
signed-negative,h128x128_lr0.001_wd0.01_k100,23,0.023018267128070223,False,81,1b,2500,6,843124,1,1250,0.96543189362372,128x128,0.001,0.01,100
ordinary,h64x64_lr0.0003_wd0.001_k10,0,0.7398029251417026,False,82,1b,2500,7,943127,0,1250,,64x64,0.0003,0.001,10
ordinary,h64x64_lr0.0003_wd0.001_k30,1,0.10017501657595575,False,82,1b,2500,7,943127,0,1250,,64x64,0.0003,0.001,30
ordinary,h64x64_lr0.0003_wd0.001_k100,2,0.05748273916731714,False,82,1b,2500,7,943127,0,1250,,64x64,0.0003,0.001,100
ordinary,h64x64_lr0.0003_wd0.01_k10,3,0.806156347879279,False,82,1b,2500,7,943127,0,1250,,64x64,0.0003,0.01,10
ordinary,h64x64_lr0.0003_wd0.01_k30,4,0.30995140277108685,False,82,1b,2500,7,943127,0,1250,,64x64,0.0003,0.01,30
ordinary,h64x64_lr0.0003_wd0.01_k100,5,0.010934540605677005,True,82,1b,2500,7,943127,0,1250,,64x64,0.0003,0.01,100
ordinary,h64x64_lr0.001_wd0.001_k10,6,0.11496589021150343,False,82,1b,2500,7,943127,0,1250,,64x64,0.001,0.001,10
ordinary,h64x64_lr0.001_wd0.001_k30,7,0.05466923251831853,False,82,1b,2500,7,943127,0,1250,,64x64,0.001,0.001,30
ordinary,h64x64_lr0.001_wd0.001_k100,8,0.06880355942889657,False,82,1b,2500,7,943127,0,1250,,64x64,0.001,0.001,100
ordinary,h64x64_lr0.001_wd0.01_k10,9,0.33740152062257095,False,82,1b,2500,7,943127,0,1250,,64x64,0.001,0.01,10
ordinary,h64x64_lr0.001_wd0.01_k30,10,0.014424153614641774,False,82,1b,2500,7,943127,0,1250,,64x64,0.001,0.01,30
ordinary,h64x64_lr0.001_wd0.01_k100,11,0.030772591216325657,False,82,1b,2500,7,943127,0,1250,,64x64,0.001,0.01,100
ordinary,h128x128_lr0.0003_wd0.001_k10,12,0.6332959026562061,False,82,1b,2500,7,943127,0,1250,,128x128,0.0003,0.001,10
ordinary,h128x128_lr0.0003_wd0.001_k30,13,0.023292286153991978,False,82,1b,2500,7,943127,0,1250,,128x128,0.0003,0.001,30
ordinary,h128x128_lr0.0003_wd0.001_k100,14,0.05354518177011849,False,82,1b,2500,7,943127,0,1250,,128x128,0.0003,0.001,100
ordinary,h128x128_lr0.0003_wd0.01_k10,15,0.7849757413341877,False,82,1b,2500,7,943127,0,1250,,128x128,0.0003,0.01,10
ordinary,h128x128_lr0.0003_wd0.01_k30,16,0.13781366241277557,False,82,1b,2500,7,943127,0,1250,,128x128,0.0003,0.01,30
ordinary,h128x128_lr0.0003_wd0.01_k100,17,0.01677067152383519,False,82,1b,2500,7,943127,0,1250,,128x128,0.0003,0.01,100
ordinary,h128x128_lr0.001_wd0.001_k10,18,0.029769740683590454,False,82,1b,2500,7,943127,0,1250,,128x128,0.001,0.001,10
ordinary,h128x128_lr0.001_wd0.001_k30,19,0.05233237342286095,False,82,1b,2500,7,943127,0,1250,,128x128,0.001,0.001,30
ordinary,h128x128_lr0.001_wd0.001_k100,20,0.06042148686892127,False,82,1b,2500,7,943127,0,1250,,128x128,0.001,0.001,100
ordinary,h128x128_lr0.001_wd0.01_k10,21,0.15601617633166115,False,82,1b,2500,7,943127,0,1250,,128x128,0.001,0.01,10
ordinary,h128x128_lr0.001_wd0.01_k30,22,0.020120154920193464,False,82,1b,2500,7,943127,0,1250,,128x128,0.001,0.01,30
ordinary,h128x128_lr0.001_wd0.01_k100,23,0.02618854805595957,False,82,1b,2500,7,943127,0,1250,,128x128,0.001,0.01,100
signed-positive,h64x64_lr0.0003_wd0.001_k10,0,1.0709533669912534,False,83,1b,2500,7,943127,0,1250,0.7513324696598662,64x64,0.0003,0.001,10
signed-positive,h64x64_lr0.0003_wd0.001_k30,1,0.2644551790735137,False,83,1b,2500,7,943127,0,1250,0.7513324696598662,64x64,0.0003,0.001,30
signed-positive,h64x64_lr0.0003_wd0.001_k100,2,0.011643751609448194,True,83,1b,2500,7,943127,0,1250,0.7513324696598662,64x64,0.0003,0.001,100
signed-positive,h64x64_lr0.0003_wd0.01_k10,3,1.1556772804273743,False,83,1b,2500,7,943127,0,1250,0.7513324696598662,64x64,0.0003,0.01,10
signed-positive,h64x64_lr0.0003_wd0.01_k30,4,0.5277958705679993,False,83,1b,2500,7,943127,0,1250,0.7513324696598662,64x64,0.0003,0.01,30
signed-positive,h64x64_lr0.0003_wd0.01_k100,5,0.04704658375342792,False,83,1b,2500,7,943127,0,1250,0.7513324696598662,64x64,0.0003,0.01,100
signed-positive,h64x64_lr0.001_wd0.001_k10,6,0.29913277893935336,False,83,1b,2500,7,943127,0,1250,0.7513324696598662,64x64,0.001,0.001,10
signed-positive,h64x64_lr0.001_wd0.001_k30,7,0.014388179525995727,False,83,1b,2500,7,943127,0,1250,0.7513324696598662,64x64,0.001,0.001,30
signed-positive,h64x64_lr0.001_wd0.001_k100,8,0.05222796057648882,False,83,1b,2500,7,943127,0,1250,0.7513324696598662,64x64,0.001,0.001,100
signed-positive,h64x64_lr0.001_wd0.01_k10,9,0.5758055999824605,False,83,1b,2500,7,943127,0,1250,0.7513324696598662,64x64,0.001,0.01,10
signed-positive,h64x64_lr0.001_wd0.01_k30,10,0.04907708256270426,False,83,1b,2500,7,943127,0,1250,0.7513324696598662,64x64,0.001,0.01,30
signed-positive,h64x64_lr0.001_wd0.01_k100,11,0.02272115763879151,False,83,1b,2500,7,943127,0,1250,0.7513324696598662,64x64,0.001,0.01,100
signed-positive,h128x128_lr0.0003_wd0.001_k10,12,0.9144421376463543,False,83,1b,2500,7,943127,0,1250,0.7513324696598662,128x128,0.0003,0.001,10
signed-positive,h128x128_lr0.0003_wd0.001_k30,13,0.06649239545366169,False,83,1b,2500,7,943127,0,1250,0.7513324696598662,128x128,0.0003,0.001,30
signed-positive,h128x128_lr0.0003_wd0.001_k100,14,0.03324237407841767,False,83,1b,2500,7,943127,0,1250,0.7513324696598662,128x128,0.0003,0.001,100
signed-positive,h128x128_lr0.0003_wd0.01_k10,15,1.1018470664741264,False,83,1b,2500,7,943127,0,1250,0.7513324696598662,128x128,0.0003,0.01,10
signed-positive,h128x128_lr0.0003_wd0.01_k30,16,0.24849481835280807,False,83,1b,2500,7,943127,0,1250,0.7513324696598662,128x128,0.0003,0.01,30
signed-positive,h128x128_lr0.0003_wd0.01_k100,17,0.023771517738716896,False,83,1b,2500,7,943127,0,1250,0.7513324696598662,128x128,0.0003,0.01,100
signed-positive,h128x128_lr0.001_wd0.001_k10,18,0.07263634491721961,False,83,1b,2500,7,943127,0,1250,0.7513324696598662,128x128,0.001,0.001,10
signed-positive,h128x128_lr0.001_wd0.001_k30,19,0.035339690781692384,False,83,1b,2500,7,943127,0,1250,0.7513324696598662,128x128,0.001,0.001,30
signed-positive,h128x128_lr0.001_wd0.001_k100,20,0.07014085616099612,False,83,1b,2500,7,943127,0,1250,0.7513324696598662,128x128,0.001,0.001,100
signed-positive,h128x128_lr0.001_wd0.01_k10,21,0.28160401484700315,False,83,1b,2500,7,943127,0,1250,0.7513324696598662,128x128,0.001,0.01,10
signed-positive,h128x128_lr0.001_wd0.01_k30,22,0.03108998535874195,False,83,1b,2500,7,943127,0,1250,0.7513324696598662,128x128,0.001,0.01,30
signed-positive,h128x128_lr0.001_wd0.01_k100,23,0.030027002553786115,False,83,1b,2500,7,943127,0,1250,0.7513324696598662,128x128,0.001,0.01,100
signed-negative,h64x64_lr0.0003_wd0.001_k10,0,0.989379388826618,False,84,1b,2500,7,943127,0,1250,0.8115896819290203,64x64,0.0003,0.001,10
signed-negative,h64x64_lr0.0003_wd0.001_k30,1,0.16134451588530516,False,84,1b,2500,7,943127,0,1250,0.8115896819290203,64x64,0.0003,0.001,30
signed-negative,h64x64_lr0.0003_wd0.001_k100,2,0.006463384051922775,False,84,1b,2500,7,943127,0,1250,0.8115896819290203,64x64,0.0003,0.001,100
signed-negative,h64x64_lr0.0003_wd0.01_k10,3,1.0913038079882862,False,84,1b,2500,7,943127,0,1250,0.8115896819290203,64x64,0.0003,0.01,10
signed-negative,h64x64_lr0.0003_wd0.01_k30,4,0.4331515616123566,False,84,1b,2500,7,943127,0,1250,0.8115896819290203,64x64,0.0003,0.01,30
signed-negative,h64x64_lr0.0003_wd0.01_k100,5,0.03735880272679,False,84,1b,2500,7,943127,0,1250,0.8115896819290203,64x64,0.0003,0.01,100
signed-negative,h64x64_lr0.001_wd0.001_k10,6,0.19848659570713895,False,84,1b,2500,7,943127,0,1250,0.8115896819290203,64x64,0.001,0.001,10
signed-negative,h64x64_lr0.001_wd0.001_k30,7,0.006401510012074458,True,84,1b,2500,7,943127,0,1250,0.8115896819290203,64x64,0.001,0.001,30
signed-negative,h64x64_lr0.001_wd0.001_k100,8,0.025999083255332085,False,84,1b,2500,7,943127,0,1250,0.8115896819290203,64x64,0.001,0.001,100
signed-negative,h64x64_lr0.001_wd0.01_k10,9,0.49031403990136274,False,84,1b,2500,7,943127,0,1250,0.8115896819290203,64x64,0.001,0.01,10
signed-negative,h64x64_lr0.001_wd0.01_k30,10,0.03392855500662481,False,84,1b,2500,7,943127,0,1250,0.8115896819290203,64x64,0.001,0.01,30
signed-negative,h64x64_lr0.001_wd0.01_k100,11,0.016558128320720365,False,84,1b,2500,7,943127,0,1250,0.8115896819290203,64x64,0.001,0.01,100
signed-negative,h128x128_lr0.0003_wd0.001_k10,12,0.8175908208408889,False,84,1b,2500,7,943127,0,1250,0.8115896819290203,128x128,0.0003,0.001,10
signed-negative,h128x128_lr0.0003_wd0.001_k30,13,0.04113447599855627,False,84,1b,2500,7,943127,0,1250,0.8115896819290203,128x128,0.0003,0.001,30
signed-negative,h128x128_lr0.0003_wd0.001_k100,14,0.016356970759082688,False,84,1b,2500,7,943127,0,1250,0.8115896819290203,128x128,0.0003,0.001,100
signed-negative,h128x128_lr0.0003_wd0.01_k10,15,1.0254337631770718,False,84,1b,2500,7,943127,0,1250,0.8115896819290203,128x128,0.0003,0.01,10
signed-negative,h128x128_lr0.0003_wd0.01_k30,16,0.19017164923849159,False,84,1b,2500,7,943127,0,1250,0.8115896819290203,128x128,0.0003,0.01,30
signed-negative,h128x128_lr0.0003_wd0.01_k100,17,0.028460620003867666,False,84,1b,2500,7,943127,0,1250,0.8115896819290203,128x128,0.0003,0.01,100
signed-negative,h128x128_lr0.001_wd0.001_k10,18,0.052363014495255863,False,84,1b,2500,7,943127,0,1250,0.8115896819290203,128x128,0.001,0.001,10
signed-negative,h128x128_lr0.001_wd0.001_k30,19,0.04036986423985954,False,84,1b,2500,7,943127,0,1250,0.8115896819290203,128x128,0.001,0.001,30
signed-negative,h128x128_lr0.001_wd0.001_k100,20,0.03275971532699609,False,84,1b,2500,7,943127,0,1250,0.8115896819290203,128x128,0.001,0.001,100
signed-negative,h128x128_lr0.001_wd0.01_k10,21,0.21313207883216725,False,84,1b,2500,7,943127,0,1250,0.8115896819290203,128x128,0.001,0.01,10
signed-negative,h128x128_lr0.001_wd0.01_k30,22,0.05149261246996017,False,84,1b,2500,7,943127,0,1250,0.8115896819290203,128x128,0.001,0.01,30
signed-negative,h128x128_lr0.001_wd0.01_k100,23,0.008461838059967697,False,84,1b,2500,7,943127,0,1250,0.8115896819290203,128x128,0.001,0.01,100
ordinary,h64x64_lr0.0003_wd0.001_k10,0,1.0114818045311333,False,85,1b,2500,7,943127,1,1250,,64x64,0.0003,0.001,10
ordinary,h64x64_lr0.0003_wd0.001_k30,1,0.19592047261229578,False,85,1b,2500,7,943127,1,1250,,64x64,0.0003,0.001,30
ordinary,h64x64_lr0.0003_wd0.001_k100,2,0.013380686417941729,False,85,1b,2500,7,943127,1,1250,,64x64,0.0003,0.001,100
ordinary,h64x64_lr0.0003_wd0.01_k10,3,1.1042441757303152,False,85,1b,2500,7,943127,1,1250,,64x64,0.0003,0.01,10
ordinary,h64x64_lr0.0003_wd0.01_k30,4,0.4493790540289551,False,85,1b,2500,7,943127,1,1250,,64x64,0.0003,0.01,30
ordinary,h64x64_lr0.0003_wd0.01_k100,5,0.04229034999969308,False,85,1b,2500,7,943127,1,1250,,64x64,0.0003,0.01,100
ordinary,h64x64_lr0.001_wd0.001_k10,6,0.21461193520627797,False,85,1b,2500,7,943127,1,1250,,64x64,0.001,0.001,10
ordinary,h64x64_lr0.001_wd0.001_k30,7,0.019759239912655407,False,85,1b,2500,7,943127,1,1250,,64x64,0.001,0.001,30
ordinary,h64x64_lr0.001_wd0.001_k100,8,0.021985218472422928,False,85,1b,2500,7,943127,1,1250,,64x64,0.001,0.001,100
ordinary,h64x64_lr0.001_wd0.01_k10,9,0.4942410931473403,False,85,1b,2500,7,943127,1,1250,,64x64,0.001,0.01,10
ordinary,h64x64_lr0.001_wd0.01_k30,10,0.04604775673195617,False,85,1b,2500,7,943127,1,1250,,64x64,0.001,0.01,30
ordinary,h64x64_lr0.001_wd0.01_k100,11,0.007706515480695418,False,85,1b,2500,7,943127,1,1250,,64x64,0.001,0.01,100
ordinary,h128x128_lr0.0003_wd0.001_k10,12,0.8353056360436762,False,85,1b,2500,7,943127,1,1250,,128x128,0.0003,0.001,10
ordinary,h128x128_lr0.0003_wd0.001_k30,13,0.0662809474636416,False,85,1b,2500,7,943127,1,1250,,128x128,0.0003,0.001,30
ordinary,h128x128_lr0.0003_wd0.001_k100,14,0.008297864512347746,False,85,1b,2500,7,943127,1,1250,,128x128,0.0003,0.001,100
ordinary,h128x128_lr0.0003_wd0.01_k10,15,1.0278124188876923,False,85,1b,2500,7,943127,1,1250,,128x128,0.0003,0.01,10
ordinary,h128x128_lr0.0003_wd0.01_k30,16,0.21813283215863372,False,85,1b,2500,7,943127,1,1250,,128x128,0.0003,0.01,30
ordinary,h128x128_lr0.0003_wd0.01_k100,17,0.03343686116863708,False,85,1b,2500,7,943127,1,1250,,128x128,0.0003,0.01,100
ordinary,h128x128_lr0.001_wd0.001_k10,18,0.0848825040622286,False,85,1b,2500,7,943127,1,1250,,128x128,0.001,0.001,10
ordinary,h128x128_lr0.001_wd0.001_k30,19,0.018939463511885364,False,85,1b,2500,7,943127,1,1250,,128x128,0.001,0.001,30
ordinary,h128x128_lr0.001_wd0.001_k100,20,0.02260549889261506,False,85,1b,2500,7,943127,1,1250,,128x128,0.001,0.001,100
ordinary,h128x128_lr0.001_wd0.01_k10,21,0.22670174871762558,False,85,1b,2500,7,943127,1,1250,,128x128,0.001,0.01,10
ordinary,h128x128_lr0.001_wd0.01_k30,22,0.0318711108047518,False,85,1b,2500,7,943127,1,1250,,128x128,0.001,0.01,30
ordinary,h128x128_lr0.001_wd0.01_k100,23,0.00619718178150893,True,85,1b,2500,7,943127,1,1250,,128x128,0.001,0.01,100
signed-positive,h64x64_lr0.0003_wd0.001_k10,0,1.1673555362921022,False,86,1b,2500,7,943127,1,1250,0.6214061932961791,64x64,0.0003,0.001,10
signed-positive,h64x64_lr0.0003_wd0.001_k30,1,0.2771363693242289,False,86,1b,2500,7,943127,1,1250,0.6214061932961791,64x64,0.0003,0.001,30
signed-positive,h64x64_lr0.0003_wd0.001_k100,2,0.021009009064844715,False,86,1b,2500,7,943127,1,1250,0.6214061932961791,64x64,0.0003,0.001,100
signed-positive,h64x64_lr0.0003_wd0.01_k10,3,1.2564281262619614,False,86,1b,2500,7,943127,1,1250,0.6214061932961791,64x64,0.0003,0.01,10
signed-positive,h64x64_lr0.0003_wd0.01_k30,4,0.5694838702253968,False,86,1b,2500,7,943127,1,1250,0.6214061932961791,64x64,0.0003,0.01,30
signed-positive,h64x64_lr0.0003_wd0.01_k100,5,0.012234581160936656,False,86,1b,2500,7,943127,1,1250,0.6214061932961791,64x64,0.0003,0.01,100
signed-positive,h64x64_lr0.001_wd0.001_k10,6,0.3261085237848564,False,86,1b,2500,7,943127,1,1250,0.6214061932961791,64x64,0.001,0.001,10
signed-positive,h64x64_lr0.001_wd0.001_k30,7,0.04805073433428187,False,86,1b,2500,7,943127,1,1250,0.6214061932961791,64x64,0.001,0.001,30
signed-positive,h64x64_lr0.001_wd0.001_k100,8,0.10073047821082148,False,86,1b,2500,7,943127,1,1250,0.6214061932961791,64x64,0.001,0.001,100
signed-positive,h64x64_lr0.001_wd0.01_k10,9,0.6327960061076283,False,86,1b,2500,7,943127,1,1250,0.6214061932961791,64x64,0.001,0.01,10
signed-positive,h64x64_lr0.001_wd0.01_k30,10,0.016096326237683423,False,86,1b,2500,7,943127,1,1250,0.6214061932961791,64x64,0.001,0.01,30
signed-positive,h64x64_lr0.001_wd0.01_k100,11,0.019182072578116334,False,86,1b,2500,7,943127,1,1250,0.6214061932961791,64x64,0.001,0.01,100
signed-positive,h128x128_lr0.0003_wd0.001_k10,12,0.9810818966182823,False,86,1b,2500,7,943127,1,1250,0.6214061932961791,128x128,0.0003,0.001,10
signed-positive,h128x128_lr0.0003_wd0.001_k30,13,0.05180863520326362,False,86,1b,2500,7,943127,1,1250,0.6214061932961791,128x128,0.0003,0.001,30
signed-positive,h128x128_lr0.0003_wd0.001_k100,14,0.0518253770095143,False,86,1b,2500,7,943127,1,1250,0.6214061932961791,128x128,0.0003,0.001,100
signed-positive,h128x128_lr0.0003_wd0.01_k10,15,1.1843432107431124,False,86,1b,2500,7,943127,1,1250,0.6214061932961791,128x128,0.0003,0.01,10
signed-positive,h128x128_lr0.0003_wd0.01_k30,16,0.23815832358027458,False,86,1b,2500,7,943127,1,1250,0.6214061932961791,128x128,0.0003,0.01,30
signed-positive,h128x128_lr0.0003_wd0.01_k100,17,0.005664151076344869,True,86,1b,2500,7,943127,1,1250,0.6214061932961791,128x128,0.0003,0.01,100
signed-positive,h128x128_lr0.001_wd0.001_k10,18,0.060037085198160256,False,86,1b,2500,7,943127,1,1250,0.6214061932961791,128x128,0.001,0.001,10
signed-positive,h128x128_lr0.001_wd0.001_k30,19,0.07618801499191809,False,86,1b,2500,7,943127,1,1250,0.6214061932961791,128x128,0.001,0.001,30
signed-positive,h128x128_lr0.001_wd0.001_k100,20,0.16502975959355912,False,86,1b,2500,7,943127,1,1250,0.6214061932961791,128x128,0.001,0.001,100
signed-positive,h128x128_lr0.001_wd0.01_k10,21,0.27103115514517273,False,86,1b,2500,7,943127,1,1250,0.6214061932961791,128x128,0.001,0.01,10
signed-positive,h128x128_lr0.001_wd0.01_k30,22,0.008311944513243852,False,86,1b,2500,7,943127,1,1250,0.6214061932961791,128x128,0.001,0.01,30
signed-positive,h128x128_lr0.001_wd0.01_k100,23,0.025846509788794842,False,86,1b,2500,7,943127,1,1250,0.6214061932961791,128x128,0.001,0.01,100
signed-negative,h64x64_lr0.0003_wd0.001_k10,0,0.9554301212648982,False,87,1b,2500,7,943127,1,1250,0.6171904577947415,64x64,0.0003,0.001,10
signed-negative,h64x64_lr0.0003_wd0.001_k30,1,0.17867176486225783,False,87,1b,2500,7,943127,1,1250,0.6171904577947415,64x64,0.0003,0.001,30
signed-negative,h64x64_lr0.0003_wd0.001_k100,2,0.03728642247812413,False,87,1b,2500,7,943127,1,1250,0.6171904577947415,64x64,0.0003,0.001,100
signed-negative,h64x64_lr0.0003_wd0.01_k10,3,1.0450161997705103,False,87,1b,2500,7,943127,1,1250,0.6171904577947415,64x64,0.0003,0.01,10
signed-negative,h64x64_lr0.0003_wd0.01_k30,4,0.41212774443815664,False,87,1b,2500,7,943127,1,1250,0.6171904577947415,64x64,0.0003,0.01,30
signed-negative,h64x64_lr0.0003_wd0.01_k100,5,0.02840678494656106,False,87,1b,2500,7,943127,1,1250,0.6171904577947415,64x64,0.0003,0.01,100
signed-negative,h64x64_lr0.001_wd0.001_k10,6,0.201950132382894,False,87,1b,2500,7,943127,1,1250,0.6171904577947415,64x64,0.001,0.001,10
signed-negative,h64x64_lr0.001_wd0.001_k30,7,0.010384114933939495,False,87,1b,2500,7,943127,1,1250,0.6171904577947415,64x64,0.001,0.001,30
signed-negative,h64x64_lr0.001_wd0.001_k100,8,0.05124054544517225,False,87,1b,2500,7,943127,1,1250,0.6171904577947415,64x64,0.001,0.001,100
signed-negative,h64x64_lr0.001_wd0.01_k10,9,0.4497963008207511,False,87,1b,2500,7,943127,1,1250,0.6171904577947415,64x64,0.001,0.01,10
signed-negative,h64x64_lr0.001_wd0.01_k30,10,0.021335599095014493,False,87,1b,2500,7,943127,1,1250,0.6171904577947415,64x64,0.001,0.01,30
signed-negative,h64x64_lr0.001_wd0.01_k100,11,0.012559382869202168,False,87,1b,2500,7,943127,1,1250,0.6171904577947415,64x64,0.001,0.01,100
signed-negative,h128x128_lr0.0003_wd0.001_k10,12,0.694118798779476,False,87,1b,2500,7,943127,1,1250,0.6171904577947415,128x128,0.0003,0.001,10
signed-negative,h128x128_lr0.0003_wd0.001_k30,13,0.034181213207077246,False,87,1b,2500,7,943127,1,1250,0.6171904577947415,128x128,0.0003,0.001,30
signed-negative,h128x128_lr0.0003_wd0.001_k100,14,0.046409730910540174,False,87,1b,2500,7,943127,1,1250,0.6171904577947415,128x128,0.0003,0.001,100
signed-negative,h128x128_lr0.0003_wd0.01_k10,15,0.9260877079434918,False,87,1b,2500,7,943127,1,1250,0.6171904577947415,128x128,0.0003,0.01,10
signed-negative,h128x128_lr0.0003_wd0.01_k30,16,0.12848380475685367,False,87,1b,2500,7,943127,1,1250,0.6171904577947415,128x128,0.0003,0.01,30
signed-negative,h128x128_lr0.0003_wd0.01_k100,17,0.025266201480798722,False,87,1b,2500,7,943127,1,1250,0.6171904577947415,128x128,0.0003,0.01,100
signed-negative,h128x128_lr0.001_wd0.001_k10,18,0.039638942643451226,False,87,1b,2500,7,943127,1,1250,0.6171904577947415,128x128,0.001,0.001,10
signed-negative,h128x128_lr0.001_wd0.001_k30,19,0.01999687844405037,False,87,1b,2500,7,943127,1,1250,0.6171904577947415,128x128,0.001,0.001,30
signed-negative,h128x128_lr0.001_wd0.001_k100,20,0.05194007184965962,False,87,1b,2500,7,943127,1,1250,0.6171904577947415,128x128,0.001,0.001,100
signed-negative,h128x128_lr0.001_wd0.01_k10,21,0.11361487186670582,False,87,1b,2500,7,943127,1,1250,0.6171904577947415,128x128,0.001,0.01,10
signed-negative,h128x128_lr0.001_wd0.01_k30,22,0.016094242479871356,False,87,1b,2500,7,943127,1,1250,0.6171904577947415,128x128,0.001,0.01,30
signed-negative,h128x128_lr0.001_wd0.01_k100,23,0.003498838604486732,True,87,1b,2500,7,943127,1,1250,0.6171904577947415,128x128,0.001,0.01,100
ordinary,h64x64_lr0.0003_wd0.001_k10,0,0.9228903530804632,False,88,1b,2500,8,1043130,0,1250,,64x64,0.0003,0.001,10
ordinary,h64x64_lr0.0003_wd0.001_k30,1,0.22410541200742568,False,88,1b,2500,8,1043130,0,1250,,64x64,0.0003,0.001,30
ordinary,h64x64_lr0.0003_wd0.001_k100,2,0.008163606095247305,False,88,1b,2500,8,1043130,0,1250,,64x64,0.0003,0.001,100
ordinary,h64x64_lr0.0003_wd0.01_k10,3,1.0015326863113156,False,88,1b,2500,8,1043130,0,1250,,64x64,0.0003,0.01,10
ordinary,h64x64_lr0.0003_wd0.01_k30,4,0.4802136792499695,False,88,1b,2500,8,1043130,0,1250,,64x64,0.0003,0.01,30
ordinary,h64x64_lr0.0003_wd0.01_k100,5,0.04451528226859865,False,88,1b,2500,8,1043130,0,1250,,64x64,0.0003,0.01,100
ordinary,h64x64_lr0.001_wd0.001_k10,6,0.2610313818777419,False,88,1b,2500,8,1043130,0,1250,,64x64,0.001,0.001,10
ordinary,h64x64_lr0.001_wd0.001_k30,7,0.020204783761666546,False,88,1b,2500,8,1043130,0,1250,,64x64,0.001,0.001,30
ordinary,h64x64_lr0.001_wd0.001_k100,8,0.039566994670452243,False,88,1b,2500,8,1043130,0,1250,,64x64,0.001,0.001,100
ordinary,h64x64_lr0.001_wd0.01_k10,9,0.5159319442532159,False,88,1b,2500,8,1043130,0,1250,,64x64,0.001,0.01,10
ordinary,h64x64_lr0.001_wd0.01_k30,10,0.04897254543967128,False,88,1b,2500,8,1043130,0,1250,,64x64,0.001,0.01,30
ordinary,h64x64_lr0.001_wd0.01_k100,11,0.0036172053578391633,False,88,1b,2500,8,1043130,0,1250,,64x64,0.001,0.01,100
ordinary,h128x128_lr0.0003_wd0.001_k10,12,0.6500809633366608,False,88,1b,2500,8,1043130,0,1250,,128x128,0.0003,0.001,10
ordinary,h128x128_lr0.0003_wd0.001_k30,13,0.04563266547548386,False,88,1b,2500,8,1043130,0,1250,,128x128,0.0003,0.001,30
ordinary,h128x128_lr0.0003_wd0.001_k100,14,0.016518638584218467,False,88,1b,2500,8,1043130,0,1250,,128x128,0.0003,0.001,100
ordinary,h128x128_lr0.0003_wd0.01_k10,15,0.8829999332114792,False,88,1b,2500,8,1043130,0,1250,,128x128,0.0003,0.01,10
ordinary,h128x128_lr0.0003_wd0.01_k30,16,0.16177447556950741,False,88,1b,2500,8,1043130,0,1250,,128x128,0.0003,0.01,30
ordinary,h128x128_lr0.0003_wd0.01_k100,17,0.013593531209642351,False,88,1b,2500,8,1043130,0,1250,,128x128,0.0003,0.01,100
ordinary,h128x128_lr0.001_wd0.001_k10,18,0.06003655789278243,False,88,1b,2500,8,1043130,0,1250,,128x128,0.001,0.001,10
ordinary,h128x128_lr0.001_wd0.001_k30,19,0.022952228576655433,False,88,1b,2500,8,1043130,0,1250,,128x128,0.001,0.001,30
ordinary,h128x128_lr0.001_wd0.001_k100,20,0.08102817911830422,False,88,1b,2500,8,1043130,0,1250,,128x128,0.001,0.001,100
ordinary,h128x128_lr0.001_wd0.01_k10,21,0.16372198619054293,False,88,1b,2500,8,1043130,0,1250,,128x128,0.001,0.01,10
ordinary,h128x128_lr0.001_wd0.01_k30,22,0.025118594679764336,False,88,1b,2500,8,1043130,0,1250,,128x128,0.001,0.01,30
ordinary,h128x128_lr0.001_wd0.01_k100,23,0.0034341739441421932,True,88,1b,2500,8,1043130,0,1250,,128x128,0.001,0.01,100
signed-positive,h64x64_lr0.0003_wd0.001_k10,0,1.0010639049004257,False,89,1b,2500,8,1043130,0,1250,0.7182979840484117,64x64,0.0003,0.001,10
signed-positive,h64x64_lr0.0003_wd0.001_k30,1,0.176786872453144,False,89,1b,2500,8,1043130,0,1250,0.7182979840484117,64x64,0.0003,0.001,30
signed-positive,h64x64_lr0.0003_wd0.001_k100,2,0.00690308453150425,False,89,1b,2500,8,1043130,0,1250,0.7182979840484117,64x64,0.0003,0.001,100
signed-positive,h64x64_lr0.0003_wd0.01_k10,3,1.0965019126729654,False,89,1b,2500,8,1043130,0,1250,0.7182979840484117,64x64,0.0003,0.01,10
signed-positive,h64x64_lr0.0003_wd0.01_k30,4,0.4730790431892265,False,89,1b,2500,8,1043130,0,1250,0.7182979840484117,64x64,0.0003,0.01,30
signed-positive,h64x64_lr0.0003_wd0.01_k100,5,0.02662128488473025,False,89,1b,2500,8,1043130,0,1250,0.7182979840484117,64x64,0.0003,0.01,100
signed-positive,h64x64_lr0.001_wd0.001_k10,6,0.1945737191792299,False,89,1b,2500,8,1043130,0,1250,0.7182979840484117,64x64,0.001,0.001,10
signed-positive,h64x64_lr0.001_wd0.001_k30,7,0.005620812323779859,True,89,1b,2500,8,1043130,0,1250,0.7182979840484117,64x64,0.001,0.001,30
signed-positive,h64x64_lr0.001_wd0.001_k100,8,0.04289237229401141,False,89,1b,2500,8,1043130,0,1250,0.7182979840484117,64x64,0.001,0.001,100
signed-positive,h64x64_lr0.001_wd0.01_k10,9,0.5040828387208032,False,89,1b,2500,8,1043130,0,1250,0.7182979840484117,64x64,0.001,0.01,10
signed-positive,h64x64_lr0.001_wd0.01_k30,10,0.02634898092390408,False,89,1b,2500,8,1043130,0,1250,0.7182979840484117,64x64,0.001,0.01,30
signed-positive,h64x64_lr0.001_wd0.01_k100,11,0.011160878522477838,False,89,1b,2500,8,1043130,0,1250,0.7182979840484117,64x64,0.001,0.01,100
signed-positive,h128x128_lr0.0003_wd0.001_k10,12,0.7633824144028856,False,89,1b,2500,8,1043130,0,1250,0.7182979840484117,128x128,0.0003,0.001,10
signed-positive,h128x128_lr0.0003_wd0.001_k30,13,0.033818066692175706,False,89,1b,2500,8,1043130,0,1250,0.7182979840484117,128x128,0.0003,0.001,30
signed-positive,h128x128_lr0.0003_wd0.001_k100,14,0.01962608853399956,False,89,1b,2500,8,1043130,0,1250,0.7182979840484117,128x128,0.0003,0.001,100
signed-positive,h128x128_lr0.0003_wd0.01_k10,15,1.000541388753889,False,89,1b,2500,8,1043130,0,1250,0.7182979840484117,128x128,0.0003,0.01,10
signed-positive,h128x128_lr0.0003_wd0.01_k30,16,0.18807624948406595,False,89,1b,2500,8,1043130,0,1250,0.7182979840484117,128x128,0.0003,0.01,30
signed-positive,h128x128_lr0.0003_wd0.01_k100,17,0.013395544223571918,False,89,1b,2500,8,1043130,0,1250,0.7182979840484117,128x128,0.0003,0.01,100
signed-positive,h128x128_lr0.001_wd0.001_k10,18,0.03704238793789387,False,89,1b,2500,8,1043130,0,1250,0.7182979840484117,128x128,0.001,0.001,10
signed-positive,h128x128_lr0.001_wd0.001_k30,19,0.015040869689699974,False,89,1b,2500,8,1043130,0,1250,0.7182979840484117,128x128,0.001,0.001,30
signed-positive,h128x128_lr0.001_wd0.001_k100,20,0.07432326758442684,False,89,1b,2500,8,1043130,0,1250,0.7182979840484117,128x128,0.001,0.001,100
signed-positive,h128x128_lr0.001_wd0.01_k10,21,0.19703707262845777,False,89,1b,2500,8,1043130,0,1250,0.7182979840484117,128x128,0.001,0.01,10
signed-positive,h128x128_lr0.001_wd0.01_k30,22,0.00917549521122241,False,89,1b,2500,8,1043130,0,1250,0.7182979840484117,128x128,0.001,0.01,30
signed-positive,h128x128_lr0.001_wd0.01_k100,23,0.02999286058429817,False,89,1b,2500,8,1043130,0,1250,0.7182979840484117,128x128,0.001,0.01,100
signed-negative,h64x64_lr0.0003_wd0.001_k10,0,0.9456354862665401,False,90,1b,2500,8,1043130,0,1250,0.722744538831681,64x64,0.0003,0.001,10
signed-negative,h64x64_lr0.0003_wd0.001_k30,1,0.20273241502246153,False,90,1b,2500,8,1043130,0,1250,0.722744538831681,64x64,0.0003,0.001,30
signed-negative,h64x64_lr0.0003_wd0.001_k100,2,0.010016780159877753,False,90,1b,2500,8,1043130,0,1250,0.722744538831681,64x64,0.0003,0.001,100
signed-negative,h64x64_lr0.0003_wd0.01_k10,3,1.0381527737273686,False,90,1b,2500,8,1043130,0,1250,0.722744538831681,64x64,0.0003,0.01,10
signed-negative,h64x64_lr0.0003_wd0.01_k30,4,0.46125253011112527,False,90,1b,2500,8,1043130,0,1250,0.722744538831681,64x64,0.0003,0.01,30
signed-negative,h64x64_lr0.0003_wd0.01_k100,5,0.04216787669304227,False,90,1b,2500,8,1043130,0,1250,0.722744538831681,64x64,0.0003,0.01,100
signed-negative,h64x64_lr0.001_wd0.001_k10,6,0.20922645727259037,False,90,1b,2500,8,1043130,0,1250,0.722744538831681,64x64,0.001,0.001,10
signed-negative,h64x64_lr0.001_wd0.001_k30,7,0.015759642280567598,False,90,1b,2500,8,1043130,0,1250,0.722744538831681,64x64,0.001,0.001,30
signed-negative,h64x64_lr0.001_wd0.001_k100,8,0.0070303060256077755,True,90,1b,2500,8,1043130,0,1250,0.722744538831681,64x64,0.001,0.001,100
signed-negative,h64x64_lr0.001_wd0.01_k10,9,0.46001769409790283,False,90,1b,2500,8,1043130,0,1250,0.722744538831681,64x64,0.001,0.01,10
signed-negative,h64x64_lr0.001_wd0.01_k30,10,0.05552607737350166,False,90,1b,2500,8,1043130,0,1250,0.722744538831681,64x64,0.001,0.01,30
signed-negative,h64x64_lr0.001_wd0.01_k100,11,0.017513631759766102,False,90,1b,2500,8,1043130,0,1250,0.722744538831681,64x64,0.001,0.01,100
signed-negative,h128x128_lr0.0003_wd0.001_k10,12,0.8686447162962692,False,90,1b,2500,8,1043130,0,1250,0.722744538831681,128x128,0.0003,0.001,10
signed-negative,h128x128_lr0.0003_wd0.001_k30,13,0.06257729357214645,False,90,1b,2500,8,1043130,0,1250,0.722744538831681,128x128,0.0003,0.001,30
signed-negative,h128x128_lr0.0003_wd0.001_k100,14,0.010814712112230142,False,90,1b,2500,8,1043130,0,1250,0.722744538831681,128x128,0.0003,0.001,100
signed-negative,h128x128_lr0.0003_wd0.01_k10,15,1.0374481162796032,False,90,1b,2500,8,1043130,0,1250,0.722744538831681,128x128,0.0003,0.01,10
signed-negative,h128x128_lr0.0003_wd0.01_k30,16,0.25777472138968355,False,90,1b,2500,8,1043130,0,1250,0.722744538831681,128x128,0.0003,0.01,30
signed-negative,h128x128_lr0.0003_wd0.01_k100,17,0.03222525647892635,False,90,1b,2500,8,1043130,0,1250,0.722744538831681,128x128,0.0003,0.01,100
signed-negative,h128x128_lr0.001_wd0.001_k10,18,0.08347477768491623,False,90,1b,2500,8,1043130,0,1250,0.722744538831681,128x128,0.001,0.001,10
signed-negative,h128x128_lr0.001_wd0.001_k30,19,0.014571447663327181,False,90,1b,2500,8,1043130,0,1250,0.722744538831681,128x128,0.001,0.001,30
signed-negative,h128x128_lr0.001_wd0.001_k100,20,0.05386479422446426,False,90,1b,2500,8,1043130,0,1250,0.722744538831681,128x128,0.001,0.001,100
signed-negative,h128x128_lr0.001_wd0.01_k10,21,0.2824901630825239,False,90,1b,2500,8,1043130,0,1250,0.722744538831681,128x128,0.001,0.01,10
signed-negative,h128x128_lr0.001_wd0.01_k30,22,0.03750504545790364,False,90,1b,2500,8,1043130,0,1250,0.722744538831681,128x128,0.001,0.01,30
signed-negative,h128x128_lr0.001_wd0.01_k100,23,0.01562512173808907,False,90,1b,2500,8,1043130,0,1250,0.722744538831681,128x128,0.001,0.01,100
ordinary,h64x64_lr0.0003_wd0.001_k10,0,1.1735000589963056,False,91,1b,2500,8,1043130,1,1250,,64x64,0.0003,0.001,10
ordinary,h64x64_lr0.0003_wd0.001_k30,1,0.180935198316712,False,91,1b,2500,8,1043130,1,1250,,64x64,0.0003,0.001,30
ordinary,h64x64_lr0.0003_wd0.001_k100,2,0.003927361815351649,False,91,1b,2500,8,1043130,1,1250,,64x64,0.0003,0.001,100
ordinary,h64x64_lr0.0003_wd0.01_k10,3,1.2954239299895054,False,91,1b,2500,8,1043130,1,1250,,64x64,0.0003,0.01,10
ordinary,h64x64_lr0.0003_wd0.01_k30,4,0.4839538149637041,False,91,1b,2500,8,1043130,1,1250,,64x64,0.0003,0.01,30
ordinary,h64x64_lr0.0003_wd0.01_k100,5,0.03856320940423952,False,91,1b,2500,8,1043130,1,1250,,64x64,0.0003,0.01,100
ordinary,h64x64_lr0.001_wd0.001_k10,6,0.20353692180878083,False,91,1b,2500,8,1043130,1,1250,,64x64,0.001,0.001,10
ordinary,h64x64_lr0.001_wd0.001_k30,7,0.003084657145127654,True,91,1b,2500,8,1043130,1,1250,,64x64,0.001,0.001,30
ordinary,h64x64_lr0.001_wd0.001_k100,8,0.03435130314365533,False,91,1b,2500,8,1043130,1,1250,,64x64,0.001,0.001,100
ordinary,h64x64_lr0.001_wd0.01_k10,9,0.5140021391453512,False,91,1b,2500,8,1043130,1,1250,,64x64,0.001,0.01,10
ordinary,h64x64_lr0.001_wd0.01_k30,10,0.031780229854143104,False,91,1b,2500,8,1043130,1,1250,,64x64,0.001,0.01,30
ordinary,h64x64_lr0.001_wd0.01_k100,11,0.021153784580975766,False,91,1b,2500,8,1043130,1,1250,,64x64,0.001,0.01,100
ordinary,h128x128_lr0.0003_wd0.001_k10,12,0.972850715490545,False,91,1b,2500,8,1043130,1,1250,,128x128,0.0003,0.001,10
ordinary,h128x128_lr0.0003_wd0.001_k30,13,0.04514004829010038,False,91,1b,2500,8,1043130,1,1250,,128x128,0.0003,0.001,30
ordinary,h128x128_lr0.0003_wd0.001_k100,14,0.003606926984798043,False,91,1b,2500,8,1043130,1,1250,,128x128,0.0003,0.001,100
ordinary,h128x128_lr0.0003_wd0.01_k10,15,1.2288534113778606,False,91,1b,2500,8,1043130,1,1250,,128x128,0.0003,0.01,10
ordinary,h128x128_lr0.0003_wd0.01_k30,16,0.2180512766856691,False,91,1b,2500,8,1043130,1,1250,,128x128,0.0003,0.01,30
ordinary,h128x128_lr0.0003_wd0.01_k100,17,0.03383097138314661,False,91,1b,2500,8,1043130,1,1250,,128x128,0.0003,0.01,100
ordinary,h128x128_lr0.001_wd0.001_k10,18,0.057736149727085476,False,91,1b,2500,8,1043130,1,1250,,128x128,0.001,0.001,10
ordinary,h128x128_lr0.001_wd0.001_k30,19,0.008828150445620245,False,91,1b,2500,8,1043130,1,1250,,128x128,0.001,0.001,30
ordinary,h128x128_lr0.001_wd0.001_k100,20,0.04110202034281201,False,91,1b,2500,8,1043130,1,1250,,128x128,0.001,0.001,100
ordinary,h128x128_lr0.001_wd0.01_k10,21,0.24881937048892852,False,91,1b,2500,8,1043130,1,1250,,128x128,0.001,0.01,10
ordinary,h128x128_lr0.001_wd0.01_k30,22,0.031781953563466026,False,91,1b,2500,8,1043130,1,1250,,128x128,0.001,0.01,30
ordinary,h128x128_lr0.001_wd0.01_k100,23,0.029811829571695585,False,91,1b,2500,8,1043130,1,1250,,128x128,0.001,0.01,100
signed-positive,h64x64_lr0.0003_wd0.001_k10,0,1.2117522542841315,False,92,1b,2500,8,1043130,1,1250,0.6791587598666506,64x64,0.0003,0.001,10
signed-positive,h64x64_lr0.0003_wd0.001_k30,1,0.16910323358896875,False,92,1b,2500,8,1043130,1,1250,0.6791587598666506,64x64,0.0003,0.001,30
signed-positive,h64x64_lr0.0003_wd0.001_k100,2,0.03632026217626052,False,92,1b,2500,8,1043130,1,1250,0.6791587598666506,64x64,0.0003,0.001,100
signed-positive,h64x64_lr0.0003_wd0.01_k10,3,1.315611909104707,False,92,1b,2500,8,1043130,1,1250,0.6791587598666506,64x64,0.0003,0.01,10
signed-positive,h64x64_lr0.0003_wd0.01_k30,4,0.540532080174283,False,92,1b,2500,8,1043130,1,1250,0.6791587598666506,64x64,0.0003,0.01,30
signed-positive,h64x64_lr0.0003_wd0.01_k100,5,0.005330353192920642,True,92,1b,2500,8,1043130,1,1250,0.6791587598666506,64x64,0.0003,0.01,100
signed-positive,h64x64_lr0.001_wd0.001_k10,6,0.2083919280689282,False,92,1b,2500,8,1043130,1,1250,0.6791587598666506,64x64,0.001,0.001,10
signed-positive,h64x64_lr0.001_wd0.001_k30,7,0.01967092726880448,False,92,1b,2500,8,1043130,1,1250,0.6791587598666506,64x64,0.001,0.001,30
signed-positive,h64x64_lr0.001_wd0.001_k100,8,0.11934691150089718,False,92,1b,2500,8,1043130,1,1250,0.6791587598666506,64x64,0.001,0.001,100
signed-positive,h64x64_lr0.001_wd0.01_k10,9,0.5890591109484601,False,92,1b,2500,8,1043130,1,1250,0.6791587598666506,64x64,0.001,0.01,10
signed-positive,h64x64_lr0.001_wd0.01_k30,10,0.013038019315237317,False,92,1b,2500,8,1043130,1,1250,0.6791587598666506,64x64,0.001,0.01,30
signed-positive,h64x64_lr0.001_wd0.01_k100,11,0.03561117245933367,False,92,1b,2500,8,1043130,1,1250,0.6791587598666506,64x64,0.001,0.01,100
signed-positive,h128x128_lr0.0003_wd0.001_k10,12,0.9755437568731474,False,92,1b,2500,8,1043130,1,1250,0.6791587598666506,128x128,0.0003,0.001,10
signed-positive,h128x128_lr0.0003_wd0.001_k30,13,0.02917081698716343,False,92,1b,2500,8,1043130,1,1250,0.6791587598666506,128x128,0.0003,0.001,30
signed-positive,h128x128_lr0.0003_wd0.001_k100,14,0.08194666087082336,False,92,1b,2500,8,1043130,1,1250,0.6791587598666506,128x128,0.0003,0.001,100
signed-positive,h128x128_lr0.0003_wd0.01_k10,15,1.2279560861675645,False,92,1b,2500,8,1043130,1,1250,0.6791587598666506,128x128,0.0003,0.01,10
signed-positive,h128x128_lr0.0003_wd0.01_k30,16,0.1908576826658654,False,92,1b,2500,8,1043130,1,1250,0.6791587598666506,128x128,0.0003,0.01,30
signed-positive,h128x128_lr0.0003_wd0.01_k100,17,0.01642785744653065,False,92,1b,2500,8,1043130,1,1250,0.6791587598666506,128x128,0.0003,0.01,100
signed-positive,h128x128_lr0.001_wd0.001_k10,18,0.02787820744238296,False,92,1b,2500,8,1043130,1,1250,0.6791587598666506,128x128,0.001,0.001,10
signed-positive,h128x128_lr0.001_wd0.001_k30,19,0.08604311879440765,False,92,1b,2500,8,1043130,1,1250,0.6791587598666506,128x128,0.001,0.001,30
signed-positive,h128x128_lr0.001_wd0.001_k100,20,0.14524531340913782,False,92,1b,2500,8,1043130,1,1250,0.6791587598666506,128x128,0.001,0.001,100
signed-positive,h128x128_lr0.001_wd0.01_k10,21,0.2068418669530329,False,92,1b,2500,8,1043130,1,1250,0.6791587598666506,128x128,0.001,0.01,10
signed-positive,h128x128_lr0.001_wd0.01_k30,22,0.01425085596119669,False,92,1b,2500,8,1043130,1,1250,0.6791587598666506,128x128,0.001,0.01,30
signed-positive,h128x128_lr0.001_wd0.01_k100,23,0.04077147170801735,False,92,1b,2500,8,1043130,1,1250,0.6791587598666506,128x128,0.001,0.01,100
signed-negative,h64x64_lr0.0003_wd0.001_k10,0,1.1239035420830852,False,93,1b,2500,8,1043130,1,1250,0.8449955603825683,64x64,0.0003,0.001,10
signed-negative,h64x64_lr0.0003_wd0.001_k30,1,0.1512334402454075,False,93,1b,2500,8,1043130,1,1250,0.8449955603825683,64x64,0.0003,0.001,30
signed-negative,h64x64_lr0.0003_wd0.001_k100,2,0.05143667090393396,False,93,1b,2500,8,1043130,1,1250,0.8449955603825683,64x64,0.0003,0.001,100
signed-negative,h64x64_lr0.0003_wd0.01_k10,3,1.2317021717390846,False,93,1b,2500,8,1043130,1,1250,0.8449955603825683,64x64,0.0003,0.01,10
signed-negative,h64x64_lr0.0003_wd0.01_k30,4,0.4604600264299201,False,93,1b,2500,8,1043130,1,1250,0.8449955603825683,64x64,0.0003,0.01,30
signed-negative,h64x64_lr0.0003_wd0.01_k100,5,0.0106396157172279,True,93,1b,2500,8,1043130,1,1250,0.8449955603825683,64x64,0.0003,0.01,100
signed-negative,h64x64_lr0.001_wd0.001_k10,6,0.1613117298163545,False,93,1b,2500,8,1043130,1,1250,0.8449955603825683,64x64,0.001,0.001,10
signed-negative,h64x64_lr0.001_wd0.001_k30,7,0.07779295691199802,False,93,1b,2500,8,1043130,1,1250,0.8449955603825683,64x64,0.001,0.001,30
signed-negative,h64x64_lr0.001_wd0.001_k100,8,0.16537599668535166,False,93,1b,2500,8,1043130,1,1250,0.8449955603825683,64x64,0.001,0.001,100
signed-negative,h64x64_lr0.001_wd0.01_k10,9,0.4955240533406927,False,93,1b,2500,8,1043130,1,1250,0.8449955603825683,64x64,0.001,0.01,10
signed-negative,h64x64_lr0.001_wd0.01_k30,10,0.018659139025937098,False,93,1b,2500,8,1043130,1,1250,0.8449955603825683,64x64,0.001,0.01,30
signed-negative,h64x64_lr0.001_wd0.01_k100,11,0.02996692826837929,False,93,1b,2500,8,1043130,1,1250,0.8449955603825683,64x64,0.001,0.01,100
signed-negative,h128x128_lr0.0003_wd0.001_k10,12,0.9335489922394328,False,93,1b,2500,8,1043130,1,1250,0.8449955603825683,128x128,0.0003,0.001,10
signed-negative,h128x128_lr0.0003_wd0.001_k30,13,0.01120605956977705,False,93,1b,2500,8,1043130,1,1250,0.8449955603825683,128x128,0.0003,0.001,30
signed-negative,h128x128_lr0.0003_wd0.001_k100,14,0.056218946052445574,False,93,1b,2500,8,1043130,1,1250,0.8449955603825683,128x128,0.0003,0.001,100
signed-negative,h128x128_lr0.0003_wd0.01_k10,15,1.177312184298181,False,93,1b,2500,8,1043130,1,1250,0.8449955603825683,128x128,0.0003,0.01,10
signed-negative,h128x128_lr0.0003_wd0.01_k30,16,0.16054452620843135,False,93,1b,2500,8,1043130,1,1250,0.8449955603825683,128x128,0.0003,0.01,30
signed-negative,h128x128_lr0.0003_wd0.01_k100,17,0.013977236860274595,False,93,1b,2500,8,1043130,1,1250,0.8449955603825683,128x128,0.0003,0.01,100
signed-negative,h128x128_lr0.001_wd0.001_k10,18,0.019749099733797203,False,93,1b,2500,8,1043130,1,1250,0.8449955603825683,128x128,0.001,0.001,10
signed-negative,h128x128_lr0.001_wd0.001_k30,19,0.09063400738512911,False,93,1b,2500,8,1043130,1,1250,0.8449955603825683,128x128,0.001,0.001,30
signed-negative,h128x128_lr0.001_wd0.001_k100,20,0.2219482690058152,False,93,1b,2500,8,1043130,1,1250,0.8449955603825683,128x128,0.001,0.001,100
signed-negative,h128x128_lr0.001_wd0.01_k10,21,0.15913955961432963,False,93,1b,2500,8,1043130,1,1250,0.8449955603825683,128x128,0.001,0.01,10
signed-negative,h128x128_lr0.001_wd0.01_k30,22,0.033910183196801655,False,93,1b,2500,8,1043130,1,1250,0.8449955603825683,128x128,0.001,0.01,30
signed-negative,h128x128_lr0.001_wd0.01_k100,23,0.06655712510137436,False,93,1b,2500,8,1043130,1,1250,0.8449955603825683,128x128,0.001,0.01,100
ordinary,h64x64_lr0.0003_wd0.001_k10,0,0.6712700053562553,False,94,1b,2500,9,1143133,0,1250,,64x64,0.0003,0.001,10
ordinary,h64x64_lr0.0003_wd0.001_k30,1,0.15868735193036643,False,94,1b,2500,9,1143133,0,1250,,64x64,0.0003,0.001,30
ordinary,h64x64_lr0.0003_wd0.001_k100,2,0.06822085388803323,False,94,1b,2500,9,1143133,0,1250,,64x64,0.0003,0.001,100
ordinary,h64x64_lr0.0003_wd0.01_k10,3,0.7117192161879351,False,94,1b,2500,9,1143133,0,1250,,64x64,0.0003,0.01,10
ordinary,h64x64_lr0.0003_wd0.01_k30,4,0.3770826532477751,False,94,1b,2500,9,1143133,0,1250,,64x64,0.0003,0.01,30
ordinary,h64x64_lr0.0003_wd0.01_k100,5,0.03020020895890599,False,94,1b,2500,9,1143133,0,1250,,64x64,0.0003,0.01,100
ordinary,h64x64_lr0.001_wd0.001_k10,6,0.20385815444976246,False,94,1b,2500,9,1143133,0,1250,,64x64,0.001,0.001,10
ordinary,h64x64_lr0.001_wd0.001_k30,7,0.06178506605936974,False,94,1b,2500,9,1143133,0,1250,,64x64,0.001,0.001,30
ordinary,h64x64_lr0.001_wd0.001_k100,8,0.12961157361798528,False,94,1b,2500,9,1143133,0,1250,,64x64,0.001,0.001,100
ordinary,h64x64_lr0.001_wd0.01_k10,9,0.4258684728620525,False,94,1b,2500,9,1143133,0,1250,,64x64,0.001,0.01,10
ordinary,h64x64_lr0.001_wd0.01_k30,10,0.0282567930629793,False,94,1b,2500,9,1143133,0,1250,,64x64,0.001,0.01,30
ordinary,h64x64_lr0.001_wd0.01_k100,11,0.06718225256269242,False,94,1b,2500,9,1143133,0,1250,,64x64,0.001,0.01,100
ordinary,h128x128_lr0.0003_wd0.001_k10,12,0.5251175241344681,False,94,1b,2500,9,1143133,0,1250,,128x128,0.0003,0.001,10
ordinary,h128x128_lr0.0003_wd0.001_k30,13,0.026479471167785564,True,94,1b,2500,9,1143133,0,1250,,128x128,0.0003,0.001,30
ordinary,h128x128_lr0.0003_wd0.001_k100,14,0.08900211652005201,False,94,1b,2500,9,1143133,0,1250,,128x128,0.0003,0.001,100
ordinary,h128x128_lr0.0003_wd0.01_k10,15,0.6505456886718205,False,94,1b,2500,9,1143133,0,1250,,128x128,0.0003,0.01,10
ordinary,h128x128_lr0.0003_wd0.01_k30,16,0.10602226062345349,False,94,1b,2500,9,1143133,0,1250,,128x128,0.0003,0.01,30
ordinary,h128x128_lr0.0003_wd0.01_k100,17,0.03423260036573718,False,94,1b,2500,9,1143133,0,1250,,128x128,0.0003,0.01,100
ordinary,h128x128_lr0.001_wd0.001_k10,18,0.04033039246160415,False,94,1b,2500,9,1143133,0,1250,,128x128,0.001,0.001,10
ordinary,h128x128_lr0.001_wd0.001_k30,19,0.08633681768856015,False,94,1b,2500,9,1143133,0,1250,,128x128,0.001,0.001,30
ordinary,h128x128_lr0.001_wd0.001_k100,20,0.15478799978012897,False,94,1b,2500,9,1143133,0,1250,,128x128,0.001,0.001,100
ordinary,h128x128_lr0.001_wd0.01_k10,21,0.12310455821832295,False,94,1b,2500,9,1143133,0,1250,,128x128,0.001,0.01,10
ordinary,h128x128_lr0.001_wd0.01_k30,22,0.029634748522985793,False,94,1b,2500,9,1143133,0,1250,,128x128,0.001,0.01,30
ordinary,h128x128_lr0.001_wd0.01_k100,23,0.06708617658337676,False,94,1b,2500,9,1143133,0,1250,,128x128,0.001,0.01,100
signed-positive,h64x64_lr0.0003_wd0.001_k10,0,1.0303930109546848,False,95,1b,2500,9,1143133,0,1250,0.619194498200183,64x64,0.0003,0.001,10
signed-positive,h64x64_lr0.0003_wd0.001_k30,1,0.17672044561352437,False,95,1b,2500,9,1143133,0,1250,0.619194498200183,64x64,0.0003,0.001,30
signed-positive,h64x64_lr0.0003_wd0.001_k100,2,0.03552257066770891,False,95,1b,2500,9,1143133,0,1250,0.619194498200183,64x64,0.0003,0.001,100
signed-positive,h64x64_lr0.0003_wd0.01_k10,3,1.1150996437081881,False,95,1b,2500,9,1143133,0,1250,0.619194498200183,64x64,0.0003,0.01,10
signed-positive,h64x64_lr0.0003_wd0.01_k30,4,0.47770671739885234,False,95,1b,2500,9,1143133,0,1250,0.619194498200183,64x64,0.0003,0.01,30
signed-positive,h64x64_lr0.0003_wd0.01_k100,5,0.02038560748410741,False,95,1b,2500,9,1143133,0,1250,0.619194498200183,64x64,0.0003,0.01,100
signed-positive,h64x64_lr0.001_wd0.001_k10,6,0.22866609781480918,False,95,1b,2500,9,1143133,0,1250,0.619194498200183,64x64,0.001,0.001,10
signed-positive,h64x64_lr0.001_wd0.001_k30,7,0.025302812139404107,False,95,1b,2500,9,1143133,0,1250,0.619194498200183,64x64,0.001,0.001,30
signed-positive,h64x64_lr0.001_wd0.001_k100,8,0.0850854799469198,False,95,1b,2500,9,1143133,0,1250,0.619194498200183,64x64,0.001,0.001,100
signed-positive,h64x64_lr0.001_wd0.01_k10,9,0.53624840444287,False,95,1b,2500,9,1143133,0,1250,0.619194498200183,64x64,0.001,0.01,10
signed-positive,h64x64_lr0.001_wd0.01_k30,10,0.015907949000214108,True,95,1b,2500,9,1143133,0,1250,0.619194498200183,64x64,0.001,0.01,30
signed-positive,h64x64_lr0.001_wd0.01_k100,11,0.028353856874244007,False,95,1b,2500,9,1143133,0,1250,0.619194498200183,64x64,0.001,0.01,100
signed-positive,h128x128_lr0.0003_wd0.001_k10,12,0.8073334704880106,False,95,1b,2500,9,1143133,0,1250,0.619194498200183,128x128,0.0003,0.001,10
signed-positive,h128x128_lr0.0003_wd0.001_k30,13,0.029381143110871037,False,95,1b,2500,9,1143133,0,1250,0.619194498200183,128x128,0.0003,0.001,30
signed-positive,h128x128_lr0.0003_wd0.001_k100,14,0.04681110472363237,False,95,1b,2500,9,1143133,0,1250,0.619194498200183,128x128,0.0003,0.001,100
signed-positive,h128x128_lr0.0003_wd0.01_k10,15,1.0199467995615574,False,95,1b,2500,9,1143133,0,1250,0.619194498200183,128x128,0.0003,0.01,10
signed-positive,h128x128_lr0.0003_wd0.01_k30,16,0.1791876993780027,False,95,1b,2500,9,1143133,0,1250,0.619194498200183,128x128,0.0003,0.01,30
signed-positive,h128x128_lr0.0003_wd0.01_k100,17,0.02396811489595311,False,95,1b,2500,9,1143133,0,1250,0.619194498200183,128x128,0.0003,0.01,100
signed-positive,h128x128_lr0.001_wd0.001_k10,18,0.02663148350483858,False,95,1b,2500,9,1143133,0,1250,0.619194498200183,128x128,0.001,0.001,10
signed-positive,h128x128_lr0.001_wd0.001_k30,19,0.047424569171499426,False,95,1b,2500,9,1143133,0,1250,0.619194498200183,128x128,0.001,0.001,30
signed-positive,h128x128_lr0.001_wd0.001_k100,20,0.13713566494684631,False,95,1b,2500,9,1143133,0,1250,0.619194498200183,128x128,0.001,0.001,100
signed-positive,h128x128_lr0.001_wd0.01_k10,21,0.1894801579968742,False,95,1b,2500,9,1143133,0,1250,0.619194498200183,128x128,0.001,0.01,10
signed-positive,h128x128_lr0.001_wd0.01_k30,22,0.018972527318090106,False,95,1b,2500,9,1143133,0,1250,0.619194498200183,128x128,0.001,0.01,30
signed-positive,h128x128_lr0.001_wd0.01_k100,23,0.05591884558239796,False,95,1b,2500,9,1143133,0,1250,0.619194498200183,128x128,0.001,0.01,100
signed-negative,h64x64_lr0.0003_wd0.001_k10,0,1.0435606722089095,False,96,1b,2500,9,1143133,0,1250,0.7101925494328506,64x64,0.0003,0.001,10
signed-negative,h64x64_lr0.0003_wd0.001_k30,1,0.17716724112906104,False,96,1b,2500,9,1143133,0,1250,0.7101925494328506,64x64,0.0003,0.001,30
signed-negative,h64x64_lr0.0003_wd0.001_k100,2,0.03970767141654592,False,96,1b,2500,9,1143133,0,1250,0.7101925494328506,64x64,0.0003,0.001,100
signed-negative,h64x64_lr0.0003_wd0.01_k10,3,1.1554314683675286,False,96,1b,2500,9,1143133,0,1250,0.7101925494328506,64x64,0.0003,0.01,10
signed-negative,h64x64_lr0.0003_wd0.01_k30,4,0.4006767150274704,False,96,1b,2500,9,1143133,0,1250,0.7101925494328506,64x64,0.0003,0.01,30
signed-negative,h64x64_lr0.0003_wd0.01_k100,5,0.020768967901724302,False,96,1b,2500,9,1143133,0,1250,0.7101925494328506,64x64,0.0003,0.01,100
signed-negative,h64x64_lr0.001_wd0.001_k10,6,0.18708608574915742,False,96,1b,2500,9,1143133,0,1250,0.7101925494328506,64x64,0.001,0.001,10
signed-negative,h64x64_lr0.001_wd0.001_k30,7,0.05791468751859967,False,96,1b,2500,9,1143133,0,1250,0.7101925494328506,64x64,0.001,0.001,30
signed-negative,h64x64_lr0.001_wd0.001_k100,8,0.07307607973855795,False,96,1b,2500,9,1143133,0,1250,0.7101925494328506,64x64,0.001,0.001,100
signed-negative,h64x64_lr0.001_wd0.01_k10,9,0.43590158083921965,False,96,1b,2500,9,1143133,0,1250,0.7101925494328506,64x64,0.001,0.01,10
signed-negative,h64x64_lr0.001_wd0.01_k30,10,0.0274579221110702,False,96,1b,2500,9,1143133,0,1250,0.7101925494328506,64x64,0.001,0.01,30
signed-negative,h64x64_lr0.001_wd0.01_k100,11,0.02475406647978625,False,96,1b,2500,9,1143133,0,1250,0.7101925494328506,64x64,0.001,0.01,100
signed-negative,h128x128_lr0.0003_wd0.001_k10,12,0.9093144000791655,False,96,1b,2500,9,1143133,0,1250,0.7101925494328506,128x128,0.0003,0.001,10
signed-negative,h128x128_lr0.0003_wd0.001_k30,13,0.03642101189626024,False,96,1b,2500,9,1143133,0,1250,0.7101925494328506,128x128,0.0003,0.001,30
signed-negative,h128x128_lr0.0003_wd0.001_k100,14,0.04406141496092891,False,96,1b,2500,9,1143133,0,1250,0.7101925494328506,128x128,0.0003,0.001,100
signed-negative,h128x128_lr0.0003_wd0.01_k10,15,1.1284928268993197,False,96,1b,2500,9,1143133,0,1250,0.7101925494328506,128x128,0.0003,0.01,10
signed-negative,h128x128_lr0.0003_wd0.01_k30,16,0.1942973705170424,False,96,1b,2500,9,1143133,0,1250,0.7101925494328506,128x128,0.0003,0.01,30
signed-negative,h128x128_lr0.0003_wd0.01_k100,17,0.013719912891730648,True,96,1b,2500,9,1143133,0,1250,0.7101925494328506,128x128,0.0003,0.01,100
signed-negative,h128x128_lr0.001_wd0.001_k10,18,0.031329781482699555,False,96,1b,2500,9,1143133,0,1250,0.7101925494328506,128x128,0.001,0.001,10
signed-negative,h128x128_lr0.001_wd0.001_k30,19,0.045416762882085716,False,96,1b,2500,9,1143133,0,1250,0.7101925494328506,128x128,0.001,0.001,30
signed-negative,h128x128_lr0.001_wd0.001_k100,20,0.07629374326126205,False,96,1b,2500,9,1143133,0,1250,0.7101925494328506,128x128,0.001,0.001,100
signed-negative,h128x128_lr0.001_wd0.01_k10,21,0.2285347072867072,False,96,1b,2500,9,1143133,0,1250,0.7101925494328506,128x128,0.001,0.01,10
signed-negative,h128x128_lr0.001_wd0.01_k30,22,0.023162193864596673,False,96,1b,2500,9,1143133,0,1250,0.7101925494328506,128x128,0.001,0.01,30
signed-negative,h128x128_lr0.001_wd0.01_k100,23,0.02583851910337899,False,96,1b,2500,9,1143133,0,1250,0.7101925494328506,128x128,0.001,0.01,100
ordinary,h64x64_lr0.0003_wd0.001_k10,0,1.1336221396652018,False,97,1b,2500,9,1143133,1,1250,,64x64,0.0003,0.001,10
ordinary,h64x64_lr0.0003_wd0.001_k30,1,0.14821108288474266,False,97,1b,2500,9,1143133,1,1250,,64x64,0.0003,0.001,30
ordinary,h64x64_lr0.0003_wd0.001_k100,2,0.00104252846486869,True,97,1b,2500,9,1143133,1,1250,,64x64,0.0003,0.001,100
ordinary,h64x64_lr0.0003_wd0.01_k10,3,1.2565203491339416,False,97,1b,2500,9,1143133,1,1250,,64x64,0.0003,0.01,10
ordinary,h64x64_lr0.0003_wd0.01_k30,4,0.46769852615728447,False,97,1b,2500,9,1143133,1,1250,,64x64,0.0003,0.01,30
ordinary,h64x64_lr0.0003_wd0.01_k100,5,0.029748955988421706,False,97,1b,2500,9,1143133,1,1250,,64x64,0.0003,0.01,100
ordinary,h64x64_lr0.001_wd0.001_k10,6,0.1859666892465032,False,97,1b,2500,9,1143133,1,1250,,64x64,0.001,0.001,10
ordinary,h64x64_lr0.001_wd0.001_k30,7,0.003944171194010811,False,97,1b,2500,9,1143133,1,1250,,64x64,0.001,0.001,30
ordinary,h64x64_lr0.001_wd0.001_k100,8,0.03264089071674296,False,97,1b,2500,9,1143133,1,1250,,64x64,0.001,0.001,100
ordinary,h64x64_lr0.001_wd0.01_k10,9,0.5341163953179151,False,97,1b,2500,9,1143133,1,1250,,64x64,0.001,0.01,10
ordinary,h64x64_lr0.001_wd0.01_k30,10,0.025168893254614633,False,97,1b,2500,9,1143133,1,1250,,64x64,0.001,0.01,30
ordinary,h64x64_lr0.001_wd0.01_k100,11,0.013491593221035778,False,97,1b,2500,9,1143133,1,1250,,64x64,0.001,0.01,100
ordinary,h128x128_lr0.0003_wd0.001_k10,12,0.9786107303356676,False,97,1b,2500,9,1143133,1,1250,,128x128,0.0003,0.001,10
ordinary,h128x128_lr0.0003_wd0.001_k30,13,0.04025640381238382,False,97,1b,2500,9,1143133,1,1250,,128x128,0.0003,0.001,30
ordinary,h128x128_lr0.0003_wd0.001_k100,14,0.014358966302081465,False,97,1b,2500,9,1143133,1,1250,,128x128,0.0003,0.001,100
ordinary,h128x128_lr0.0003_wd0.01_k10,15,1.2006788390331442,False,97,1b,2500,9,1143133,1,1250,,128x128,0.0003,0.01,10
ordinary,h128x128_lr0.0003_wd0.01_k30,16,0.22879267930822594,False,97,1b,2500,9,1143133,1,1250,,128x128,0.0003,0.01,30
ordinary,h128x128_lr0.0003_wd0.01_k100,17,0.018705225611608464,False,97,1b,2500,9,1143133,1,1250,,128x128,0.0003,0.01,100
ordinary,h128x128_lr0.001_wd0.001_k10,18,0.0459619018826501,False,97,1b,2500,9,1143133,1,1250,,128x128,0.001,0.001,10
ordinary,h128x128_lr0.001_wd0.001_k30,19,0.02304971839074983,False,97,1b,2500,9,1143133,1,1250,,128x128,0.001,0.001,30
ordinary,h128x128_lr0.001_wd0.001_k100,20,0.061721233292007384,False,97,1b,2500,9,1143133,1,1250,,128x128,0.001,0.001,100
ordinary,h128x128_lr0.001_wd0.01_k10,21,0.27531801789437693,False,97,1b,2500,9,1143133,1,1250,,128x128,0.001,0.01,10
ordinary,h128x128_lr0.001_wd0.01_k30,22,0.017042923651821733,False,97,1b,2500,9,1143133,1,1250,,128x128,0.001,0.01,30
ordinary,h128x128_lr0.001_wd0.01_k100,23,0.014532005319088635,False,97,1b,2500,9,1143133,1,1250,,128x128,0.001,0.01,100
signed-positive,h64x64_lr0.0003_wd0.001_k10,0,1.0579611092831565,False,98,1b,2500,9,1143133,1,1250,0.556607925555759,64x64,0.0003,0.001,10
signed-positive,h64x64_lr0.0003_wd0.001_k30,1,0.258714402317585,False,98,1b,2500,9,1143133,1,1250,0.556607925555759,64x64,0.0003,0.001,30
signed-positive,h64x64_lr0.0003_wd0.001_k100,2,0.03190370190935166,False,98,1b,2500,9,1143133,1,1250,0.556607925555759,64x64,0.0003,0.001,100
signed-positive,h64x64_lr0.0003_wd0.01_k10,3,1.128592752870255,False,98,1b,2500,9,1143133,1,1250,0.556607925555759,64x64,0.0003,0.01,10
signed-positive,h64x64_lr0.0003_wd0.01_k30,4,0.5839880944842567,False,98,1b,2500,9,1143133,1,1250,0.556607925555759,64x64,0.0003,0.01,30
signed-positive,h64x64_lr0.0003_wd0.01_k100,5,0.023978674148036085,False,98,1b,2500,9,1143133,1,1250,0.556607925555759,64x64,0.0003,0.01,100
signed-positive,h64x64_lr0.001_wd0.001_k10,6,0.3174798089218965,False,98,1b,2500,9,1143133,1,1250,0.556607925555759,64x64,0.001,0.001,10
signed-positive,h64x64_lr0.001_wd0.001_k30,7,0.055225782432962334,False,98,1b,2500,9,1143133,1,1250,0.556607925555759,64x64,0.001,0.001,30
signed-positive,h64x64_lr0.001_wd0.001_k100,8,0.05994878180338534,False,98,1b,2500,9,1143133,1,1250,0.556607925555759,64x64,0.001,0.001,100
signed-positive,h64x64_lr0.001_wd0.01_k10,9,0.6369659799226006,False,98,1b,2500,9,1143133,1,1250,0.556607925555759,64x64,0.001,0.01,10
signed-positive,h64x64_lr0.001_wd0.01_k30,10,0.026255454440033948,False,98,1b,2500,9,1143133,1,1250,0.556607925555759,64x64,0.001,0.01,30
signed-positive,h64x64_lr0.001_wd0.01_k100,11,0.008704458248159675,True,98,1b,2500,9,1143133,1,1250,0.556607925555759,64x64,0.001,0.01,100
signed-positive,h128x128_lr0.0003_wd0.001_k10,12,0.9034427597850806,False,98,1b,2500,9,1143133,1,1250,0.556607925555759,128x128,0.0003,0.001,10
signed-positive,h128x128_lr0.0003_wd0.001_k30,13,0.0749027115917298,False,98,1b,2500,9,1143133,1,1250,0.556607925555759,128x128,0.0003,0.001,30
signed-positive,h128x128_lr0.0003_wd0.001_k100,14,0.03445792541042903,False,98,1b,2500,9,1143133,1,1250,0.556607925555759,128x128,0.0003,0.001,100
signed-positive,h128x128_lr0.0003_wd0.01_k10,15,1.0715153329663778,False,98,1b,2500,9,1143133,1,1250,0.556607925555759,128x128,0.0003,0.01,10
signed-positive,h128x128_lr0.0003_wd0.01_k30,16,0.2509397562168991,False,98,1b,2500,9,1143133,1,1250,0.556607925555759,128x128,0.0003,0.01,30
signed-positive,h128x128_lr0.0003_wd0.01_k100,17,0.013618781403122346,False,98,1b,2500,9,1143133,1,1250,0.556607925555759,128x128,0.0003,0.01,100
signed-positive,h128x128_lr0.001_wd0.001_k10,18,0.10773122010893905,False,98,1b,2500,9,1143133,1,1250,0.556607925555759,128x128,0.001,0.001,10
signed-positive,h128x128_lr0.001_wd0.001_k30,19,0.07043473754208199,False,98,1b,2500,9,1143133,1,1250,0.556607925555759,128x128,0.001,0.001,30
signed-positive,h128x128_lr0.001_wd0.001_k100,20,0.08656895799095064,False,98,1b,2500,9,1143133,1,1250,0.556607925555759,128x128,0.001,0.001,100
signed-positive,h128x128_lr0.001_wd0.01_k10,21,0.31473670522752756,False,98,1b,2500,9,1143133,1,1250,0.556607925555759,128x128,0.001,0.01,10
signed-positive,h128x128_lr0.001_wd0.01_k30,22,0.022119804697041612,False,98,1b,2500,9,1143133,1,1250,0.556607925555759,128x128,0.001,0.01,30
signed-positive,h128x128_lr0.001_wd0.01_k100,23,0.023170551613603776,False,98,1b,2500,9,1143133,1,1250,0.556607925555759,128x128,0.001,0.01,100
signed-negative,h64x64_lr0.0003_wd0.001_k10,0,0.9794788220813665,False,99,1b,2500,9,1143133,1,1250,0.6667863430042027,64x64,0.0003,0.001,10
signed-negative,h64x64_lr0.0003_wd0.001_k30,1,0.20064502739917245,False,99,1b,2500,9,1143133,1,1250,0.6667863430042027,64x64,0.0003,0.001,30
signed-negative,h64x64_lr0.0003_wd0.001_k100,2,0.007737272864196538,False,99,1b,2500,9,1143133,1,1250,0.6667863430042027,64x64,0.0003,0.001,100
signed-negative,h64x64_lr0.0003_wd0.01_k10,3,1.0560583891435218,False,99,1b,2500,9,1143133,1,1250,0.6667863430042027,64x64,0.0003,0.01,10
signed-negative,h64x64_lr0.0003_wd0.01_k30,4,0.49001815224003,False,99,1b,2500,9,1143133,1,1250,0.6667863430042027,64x64,0.0003,0.01,30
signed-negative,h64x64_lr0.0003_wd0.01_k100,5,0.040189115441494914,False,99,1b,2500,9,1143133,1,1250,0.6667863430042027,64x64,0.0003,0.01,100
signed-negative,h64x64_lr0.001_wd0.001_k10,6,0.2272607251327818,False,99,1b,2500,9,1143133,1,1250,0.6667863430042027,64x64,0.001,0.001,10
signed-negative,h64x64_lr0.001_wd0.001_k30,7,0.014503031472410968,False,99,1b,2500,9,1143133,1,1250,0.6667863430042027,64x64,0.001,0.001,30
signed-negative,h64x64_lr0.001_wd0.001_k100,8,0.02751984340790389,False,99,1b,2500,9,1143133,1,1250,0.6667863430042027,64x64,0.001,0.001,100
signed-negative,h64x64_lr0.001_wd0.01_k10,9,0.5367443064660414,False,99,1b,2500,9,1143133,1,1250,0.6667863430042027,64x64,0.001,0.01,10
signed-negative,h64x64_lr0.001_wd0.01_k30,10,0.04403220043685619,False,99,1b,2500,9,1143133,1,1250,0.6667863430042027,64x64,0.001,0.01,30
signed-negative,h64x64_lr0.001_wd0.01_k100,11,0.016651252324978622,False,99,1b,2500,9,1143133,1,1250,0.6667863430042027,64x64,0.001,0.01,100
signed-negative,h128x128_lr0.0003_wd0.001_k10,12,0.8047128593316862,False,99,1b,2500,9,1143133,1,1250,0.6667863430042027,128x128,0.0003,0.001,10
signed-negative,h128x128_lr0.0003_wd0.001_k30,13,0.06362642216955046,False,99,1b,2500,9,1143133,1,1250,0.6667863430042027,128x128,0.0003,0.001,30
signed-negative,h128x128_lr0.0003_wd0.001_k100,14,0.004863565661600415,True,99,1b,2500,9,1143133,1,1250,0.6667863430042027,128x128,0.0003,0.001,100
signed-negative,h128x128_lr0.0003_wd0.01_k10,15,0.9800010184237135,False,99,1b,2500,9,1143133,1,1250,0.6667863430042027,128x128,0.0003,0.01,10
signed-negative,h128x128_lr0.0003_wd0.01_k30,16,0.21685363498760826,False,99,1b,2500,9,1143133,1,1250,0.6667863430042027,128x128,0.0003,0.01,30
signed-negative,h128x128_lr0.0003_wd0.01_k100,17,0.022871533151883262,False,99,1b,2500,9,1143133,1,1250,0.6667863430042027,128x128,0.0003,0.01,100
signed-negative,h128x128_lr0.001_wd0.001_k10,18,0.057033514612558955,False,99,1b,2500,9,1143133,1,1250,0.6667863430042027,128x128,0.001,0.001,10
signed-negative,h128x128_lr0.001_wd0.001_k30,19,0.00942492148499605,False,99,1b,2500,9,1143133,1,1250,0.6667863430042027,128x128,0.001,0.001,30
signed-negative,h128x128_lr0.001_wd0.001_k100,20,0.0715849355936961,False,99,1b,2500,9,1143133,1,1250,0.6667863430042027,128x128,0.001,0.001,100
signed-negative,h128x128_lr0.001_wd0.01_k10,21,0.2318770826258858,False,99,1b,2500,9,1143133,1,1250,0.6667863430042027,128x128,0.001,0.01,10
signed-negative,h128x128_lr0.001_wd0.01_k30,22,0.02601859422552875,False,99,1b,2500,9,1143133,1,1250,0.6667863430042027,128x128,0.001,0.01,30
signed-negative,h128x128_lr0.001_wd0.01_k100,23,0.010586554395917292,False,99,1b,2500,9,1143133,1,1250,0.6667863430042027,128x128,0.001,0.01,100
ordinary,h64x64_lr0.0003_wd0.001_k10,0,0.6792746578525916,False,100,1b,10000,0,970606,0,5000,,64x64,0.0003,0.001,10
ordinary,h64x64_lr0.0003_wd0.001_k30,1,0.13164143064589626,False,100,1b,10000,0,970606,0,5000,,64x64,0.0003,0.001,30
ordinary,h64x64_lr0.0003_wd0.001_k100,2,0.005887329503751897,False,100,1b,10000,0,970606,0,5000,,64x64,0.0003,0.001,100
ordinary,h64x64_lr0.0003_wd0.01_k10,3,0.7486569597468988,False,100,1b,10000,0,970606,0,5000,,64x64,0.0003,0.01,10
ordinary,h64x64_lr0.0003_wd0.01_k30,4,0.3035643507804999,False,100,1b,10000,0,970606,0,5000,,64x64,0.0003,0.01,30
ordinary,h64x64_lr0.0003_wd0.01_k100,5,0.02540442980002421,False,100,1b,10000,0,970606,0,5000,,64x64,0.0003,0.01,100
ordinary,h64x64_lr0.001_wd0.001_k10,6,0.13108732706827372,False,100,1b,10000,0,970606,0,5000,,64x64,0.001,0.001,10
ordinary,h64x64_lr0.001_wd0.001_k30,7,0.018917570062364938,False,100,1b,10000,0,970606,0,5000,,64x64,0.001,0.001,30
ordinary,h64x64_lr0.001_wd0.001_k100,8,0.002890518995354489,False,100,1b,10000,0,970606,0,5000,,64x64,0.001,0.001,100
ordinary,h64x64_lr0.001_wd0.01_k10,9,0.32149358244478027,False,100,1b,10000,0,970606,0,5000,,64x64,0.001,0.01,10
ordinary,h64x64_lr0.001_wd0.01_k30,10,0.03528184525145515,False,100,1b,10000,0,970606,0,5000,,64x64,0.001,0.01,30
ordinary,h64x64_lr0.001_wd0.01_k100,11,0.009936106831697438,False,100,1b,10000,0,970606,0,5000,,64x64,0.001,0.01,100
ordinary,h128x128_lr0.0003_wd0.001_k10,12,0.5271042447397627,False,100,1b,10000,0,970606,0,5000,,128x128,0.0003,0.001,10
ordinary,h128x128_lr0.0003_wd0.001_k30,13,0.03937239589992767,False,100,1b,10000,0,970606,0,5000,,128x128,0.0003,0.001,30
ordinary,h128x128_lr0.0003_wd0.001_k100,14,0.0021390542008874617,True,100,1b,10000,0,970606,0,5000,,128x128,0.0003,0.001,100
ordinary,h128x128_lr0.0003_wd0.01_k10,15,0.6891152222202702,False,100,1b,10000,0,970606,0,5000,,128x128,0.0003,0.01,10
ordinary,h128x128_lr0.0003_wd0.01_k30,16,0.13758068962419348,False,100,1b,10000,0,970606,0,5000,,128x128,0.0003,0.01,30
ordinary,h128x128_lr0.0003_wd0.01_k100,17,0.01966064212033293,False,100,1b,10000,0,970606,0,5000,,128x128,0.0003,0.01,100
ordinary,h128x128_lr0.001_wd0.001_k10,18,0.034689479598961945,False,100,1b,10000,0,970606,0,5000,,128x128,0.001,0.001,10
ordinary,h128x128_lr0.001_wd0.001_k30,19,0.020151439261106168,False,100,1b,10000,0,970606,0,5000,,128x128,0.001,0.001,30
ordinary,h128x128_lr0.001_wd0.001_k100,20,0.004318889605294437,False,100,1b,10000,0,970606,0,5000,,128x128,0.001,0.001,100
ordinary,h128x128_lr0.001_wd0.01_k10,21,0.1312944945673646,False,100,1b,10000,0,970606,0,5000,,128x128,0.001,0.01,10
ordinary,h128x128_lr0.001_wd0.01_k30,22,0.033123005762840635,False,100,1b,10000,0,970606,0,5000,,128x128,0.001,0.01,30
ordinary,h128x128_lr0.001_wd0.01_k100,23,0.009180083699106271,False,100,1b,10000,0,970606,0,5000,,128x128,0.001,0.01,100
signed-positive,h64x64_lr0.0003_wd0.001_k10,0,0.8004860800442967,False,101,1b,10000,0,970606,0,5000,0.6634740596075386,64x64,0.0003,0.001,10
signed-positive,h64x64_lr0.0003_wd0.001_k30,1,0.23639475847405367,False,101,1b,10000,0,970606,0,5000,0.6634740596075386,64x64,0.0003,0.001,30
signed-positive,h64x64_lr0.0003_wd0.001_k100,2,0.012704887431211759,False,101,1b,10000,0,970606,0,5000,0.6634740596075386,64x64,0.0003,0.001,100
signed-positive,h64x64_lr0.0003_wd0.01_k10,3,0.8568632884329779,False,101,1b,10000,0,970606,0,5000,0.6634740596075386,64x64,0.0003,0.01,10
signed-positive,h64x64_lr0.0003_wd0.01_k30,4,0.4666598422425596,False,101,1b,10000,0,970606,0,5000,0.6634740596075386,64x64,0.0003,0.01,30
signed-positive,h64x64_lr0.0003_wd0.01_k100,5,0.03863975405363897,False,101,1b,10000,0,970606,0,5000,0.6634740596075386,64x64,0.0003,0.01,100
signed-positive,h64x64_lr0.001_wd0.001_k10,6,0.2689107475351101,False,101,1b,10000,0,970606,0,5000,0.6634740596075386,64x64,0.001,0.001,10
signed-positive,h64x64_lr0.001_wd0.001_k30,7,0.016261507282018372,False,101,1b,10000,0,970606,0,5000,0.6634740596075386,64x64,0.001,0.001,30
signed-positive,h64x64_lr0.001_wd0.001_k100,8,0.0035151733223705425,True,101,1b,10000,0,970606,0,5000,0.6634740596075386,64x64,0.001,0.001,100
signed-positive,h64x64_lr0.001_wd0.01_k10,9,0.48012478306042355,False,101,1b,10000,0,970606,0,5000,0.6634740596075386,64x64,0.001,0.01,10
signed-positive,h64x64_lr0.001_wd0.01_k30,10,0.04482213308599331,False,101,1b,10000,0,970606,0,5000,0.6634740596075386,64x64,0.001,0.01,30
signed-positive,h64x64_lr0.001_wd0.01_k100,11,0.018271199452206042,False,101,1b,10000,0,970606,0,5000,0.6634740596075386,64x64,0.001,0.01,100
signed-positive,h128x128_lr0.0003_wd0.001_k10,12,0.6131119392068403,False,101,1b,10000,0,970606,0,5000,0.6634740596075386,128x128,0.0003,0.001,10
signed-positive,h128x128_lr0.0003_wd0.001_k30,13,0.0489906554991804,False,101,1b,10000,0,970606,0,5000,0.6634740596075386,128x128,0.0003,0.001,30
signed-positive,h128x128_lr0.0003_wd0.001_k100,14,0.009549661509601463,False,101,1b,10000,0,970606,0,5000,0.6634740596075386,128x128,0.0003,0.001,100
signed-positive,h128x128_lr0.0003_wd0.01_k10,15,0.7850867198135888,False,101,1b,10000,0,970606,0,5000,0.6634740596075386,128x128,0.0003,0.01,10
signed-positive,h128x128_lr0.0003_wd0.01_k30,16,0.1666252972438351,False,101,1b,10000,0,970606,0,5000,0.6634740596075386,128x128,0.0003,0.01,30
signed-positive,h128x128_lr0.0003_wd0.01_k100,17,0.03091601177060639,False,101,1b,10000,0,970606,0,5000,0.6634740596075386,128x128,0.0003,0.01,100
signed-positive,h128x128_lr0.001_wd0.001_k10,18,0.06007843832745613,False,101,1b,10000,0,970606,0,5000,0.6634740596075386,128x128,0.001,0.001,10
signed-positive,h128x128_lr0.001_wd0.001_k30,19,0.010465090304551198,False,101,1b,10000,0,970606,0,5000,0.6634740596075386,128x128,0.001,0.001,30
signed-positive,h128x128_lr0.001_wd0.001_k100,20,0.010157451159735733,False,101,1b,10000,0,970606,0,5000,0.6634740596075386,128x128,0.001,0.001,100
signed-positive,h128x128_lr0.001_wd0.01_k10,21,0.1768846477540417,False,101,1b,10000,0,970606,0,5000,0.6634740596075386,128x128,0.001,0.01,10
signed-positive,h128x128_lr0.001_wd0.01_k30,22,0.03499850926737996,False,101,1b,10000,0,970606,0,5000,0.6634740596075386,128x128,0.001,0.01,30
signed-positive,h128x128_lr0.001_wd0.01_k100,23,0.019212080882899465,False,101,1b,10000,0,970606,0,5000,0.6634740596075386,128x128,0.001,0.01,100
signed-negative,h64x64_lr0.0003_wd0.001_k10,0,0.7468460400307652,False,102,1b,10000,0,970606,0,5000,0.6803810723376442,64x64,0.0003,0.001,10
signed-negative,h64x64_lr0.0003_wd0.001_k30,1,0.11517953474801573,False,102,1b,10000,0,970606,0,5000,0.6803810723376442,64x64,0.0003,0.001,30
signed-negative,h64x64_lr0.0003_wd0.001_k100,2,0.011981441755894337,False,102,1b,10000,0,970606,0,5000,0.6803810723376442,64x64,0.0003,0.001,100
signed-negative,h64x64_lr0.0003_wd0.01_k10,3,0.8263175187125816,False,102,1b,10000,0,970606,0,5000,0.6803810723376442,64x64,0.0003,0.01,10
signed-negative,h64x64_lr0.0003_wd0.01_k30,4,0.3060065055017182,False,102,1b,10000,0,970606,0,5000,0.6803810723376442,64x64,0.0003,0.01,30
signed-negative,h64x64_lr0.0003_wd0.01_k100,5,0.02575885691812332,False,102,1b,10000,0,970606,0,5000,0.6803810723376442,64x64,0.0003,0.01,100
signed-negative,h64x64_lr0.001_wd0.001_k10,6,0.12524576068631602,False,102,1b,10000,0,970606,0,5000,0.6803810723376442,64x64,0.001,0.001,10
signed-negative,h64x64_lr0.001_wd0.001_k30,7,0.004545539303535739,False,102,1b,10000,0,970606,0,5000,0.6803810723376442,64x64,0.001,0.001,30
signed-negative,h64x64_lr0.001_wd0.001_k100,8,0.016176156452275832,False,102,1b,10000,0,970606,0,5000,0.6803810723376442,64x64,0.001,0.001,100
signed-negative,h64x64_lr0.001_wd0.01_k10,9,0.3341796993160886,False,102,1b,10000,0,970606,0,5000,0.6803810723376442,64x64,0.001,0.01,10
signed-negative,h64x64_lr0.001_wd0.01_k30,10,0.030147813678704852,False,102,1b,10000,0,970606,0,5000,0.6803810723376442,64x64,0.001,0.01,30
signed-negative,h64x64_lr0.001_wd0.01_k100,11,0.017360056048847876,False,102,1b,10000,0,970606,0,5000,0.6803810723376442,64x64,0.001,0.01,100
signed-negative,h128x128_lr0.0003_wd0.001_k10,12,0.5984080888665708,False,102,1b,10000,0,970606,0,5000,0.6803810723376442,128x128,0.0003,0.001,10
signed-negative,h128x128_lr0.0003_wd0.001_k30,13,0.03446416965204163,False,102,1b,10000,0,970606,0,5000,0.6803810723376442,128x128,0.0003,0.001,30
signed-negative,h128x128_lr0.0003_wd0.001_k100,14,0.009659047301325593,False,102,1b,10000,0,970606,0,5000,0.6803810723376442,128x128,0.0003,0.001,100
signed-negative,h128x128_lr0.0003_wd0.01_k10,15,0.7740717116030089,False,102,1b,10000,0,970606,0,5000,0.6803810723376442,128x128,0.0003,0.01,10
signed-negative,h128x128_lr0.0003_wd0.01_k30,16,0.1384328934415952,False,102,1b,10000,0,970606,0,5000,0.6803810723376442,128x128,0.0003,0.01,30
signed-negative,h128x128_lr0.0003_wd0.01_k100,17,0.022284864107956527,False,102,1b,10000,0,970606,0,5000,0.6803810723376442,128x128,0.0003,0.01,100
signed-negative,h128x128_lr0.001_wd0.001_k10,18,0.0356414693878219,False,102,1b,10000,0,970606,0,5000,0.6803810723376442,128x128,0.001,0.001,10
signed-negative,h128x128_lr0.001_wd0.001_k30,19,0.0,True,102,1b,10000,0,970606,0,5000,0.6803810723376442,128x128,0.001,0.001,30
signed-negative,h128x128_lr0.001_wd0.001_k100,20,0.01597025432991051,False,102,1b,10000,0,970606,0,5000,0.6803810723376442,128x128,0.001,0.001,100
signed-negative,h128x128_lr0.001_wd0.01_k10,21,0.1440165060815277,False,102,1b,10000,0,970606,0,5000,0.6803810723376442,128x128,0.001,0.01,10
signed-negative,h128x128_lr0.001_wd0.01_k30,22,0.023242173755115635,False,102,1b,10000,0,970606,0,5000,0.6803810723376442,128x128,0.001,0.01,30
signed-negative,h128x128_lr0.001_wd0.01_k100,23,0.017489275820075145,False,102,1b,10000,0,970606,0,5000,0.6803810723376442,128x128,0.001,0.01,100
ordinary,h64x64_lr0.0003_wd0.001_k10,0,0.7639863911528411,False,103,1b,10000,0,970606,1,5000,,64x64,0.0003,0.001,10
ordinary,h64x64_lr0.0003_wd0.001_k30,1,0.13264402967480504,False,103,1b,10000,0,970606,1,5000,,64x64,0.0003,0.001,30
ordinary,h64x64_lr0.0003_wd0.001_k100,2,0.0050109891480720845,False,103,1b,10000,0,970606,1,5000,,64x64,0.0003,0.001,100
ordinary,h64x64_lr0.0003_wd0.01_k10,3,0.8332665586039733,False,103,1b,10000,0,970606,1,5000,,64x64,0.0003,0.01,10
ordinary,h64x64_lr0.0003_wd0.01_k30,4,0.33556459762626756,False,103,1b,10000,0,970606,1,5000,,64x64,0.0003,0.01,30
ordinary,h64x64_lr0.0003_wd0.01_k100,5,0.022562912489395116,False,103,1b,10000,0,970606,1,5000,,64x64,0.0003,0.01,100
ordinary,h64x64_lr0.001_wd0.001_k10,6,0.1645272680138507,False,103,1b,10000,0,970606,1,5000,,64x64,0.001,0.001,10
ordinary,h64x64_lr0.001_wd0.001_k30,7,0.009089375187012963,False,103,1b,10000,0,970606,1,5000,,64x64,0.001,0.001,30
ordinary,h64x64_lr0.001_wd0.001_k100,8,0.010080858278521652,False,103,1b,10000,0,970606,1,5000,,64x64,0.001,0.001,100
ordinary,h64x64_lr0.001_wd0.01_k10,9,0.3708398612520908,False,103,1b,10000,0,970606,1,5000,,64x64,0.001,0.01,10
ordinary,h64x64_lr0.001_wd0.01_k30,10,0.02767251812589137,False,103,1b,10000,0,970606,1,5000,,64x64,0.001,0.01,30
ordinary,h64x64_lr0.001_wd0.01_k100,11,0.007290799059774786,False,103,1b,10000,0,970606,1,5000,,64x64,0.001,0.01,100
ordinary,h128x128_lr0.0003_wd0.001_k10,12,0.560263281307864,False,103,1b,10000,0,970606,1,5000,,128x128,0.0003,0.001,10
ordinary,h128x128_lr0.0003_wd0.001_k30,13,0.028273624812382023,False,103,1b,10000,0,970606,1,5000,,128x128,0.0003,0.001,30
ordinary,h128x128_lr0.0003_wd0.001_k100,14,0.004506026087465672,True,103,1b,10000,0,970606,1,5000,,128x128,0.0003,0.001,100
ordinary,h128x128_lr0.0003_wd0.01_k10,15,0.734931221085978,False,103,1b,10000,0,970606,1,5000,,128x128,0.0003,0.01,10
ordinary,h128x128_lr0.0003_wd0.01_k30,16,0.12393627995382385,False,103,1b,10000,0,970606,1,5000,,128x128,0.0003,0.01,30
ordinary,h128x128_lr0.0003_wd0.01_k100,17,0.015561191914912561,False,103,1b,10000,0,970606,1,5000,,128x128,0.0003,0.01,100
ordinary,h128x128_lr0.001_wd0.001_k10,18,0.0389715427832655,False,103,1b,10000,0,970606,1,5000,,128x128,0.001,0.001,10
ordinary,h128x128_lr0.001_wd0.001_k30,19,0.013958775069494101,False,103,1b,10000,0,970606,1,5000,,128x128,0.001,0.001,30
ordinary,h128x128_lr0.001_wd0.001_k100,20,0.012832749698932135,False,103,1b,10000,0,970606,1,5000,,128x128,0.001,0.001,100
ordinary,h128x128_lr0.001_wd0.01_k10,21,0.14129709191984038,False,103,1b,10000,0,970606,1,5000,,128x128,0.001,0.01,10
ordinary,h128x128_lr0.001_wd0.01_k30,22,0.02923795823466539,False,103,1b,10000,0,970606,1,5000,,128x128,0.001,0.01,30
ordinary,h128x128_lr0.001_wd0.01_k100,23,0.006819480184623145,False,103,1b,10000,0,970606,1,5000,,128x128,0.001,0.01,100
signed-positive,h64x64_lr0.0003_wd0.001_k10,0,0.8126711343805149,False,104,1b,10000,0,970606,1,5000,0.6244782461415339,64x64,0.0003,0.001,10
signed-positive,h64x64_lr0.0003_wd0.001_k30,1,0.1554927431357186,False,104,1b,10000,0,970606,1,5000,0.6244782461415339,64x64,0.0003,0.001,30
signed-positive,h64x64_lr0.0003_wd0.001_k100,2,0.005509417139215684,False,104,1b,10000,0,970606,1,5000,0.6244782461415339,64x64,0.0003,0.001,100
signed-positive,h64x64_lr0.0003_wd0.01_k10,3,0.8752070112275449,False,104,1b,10000,0,970606,1,5000,0.6244782461415339,64x64,0.0003,0.01,10
signed-positive,h64x64_lr0.0003_wd0.01_k30,4,0.39375384900288957,False,104,1b,10000,0,970606,1,5000,0.6244782461415339,64x64,0.0003,0.01,30
signed-positive,h64x64_lr0.0003_wd0.01_k100,5,0.02635179715587532,False,104,1b,10000,0,970606,1,5000,0.6244782461415339,64x64,0.0003,0.01,100
signed-positive,h64x64_lr0.001_wd0.001_k10,6,0.1860421743791487,False,104,1b,10000,0,970606,1,5000,0.6244782461415339,64x64,0.001,0.001,10
signed-positive,h64x64_lr0.001_wd0.001_k30,7,0.01391647340091198,False,104,1b,10000,0,970606,1,5000,0.6244782461415339,64x64,0.001,0.001,30
signed-positive,h64x64_lr0.001_wd0.001_k100,8,0.010041726966742895,False,104,1b,10000,0,970606,1,5000,0.6244782461415339,64x64,0.001,0.001,100
signed-positive,h64x64_lr0.001_wd0.01_k10,9,0.44570928781922897,False,104,1b,10000,0,970606,1,5000,0.6244782461415339,64x64,0.001,0.01,10
signed-positive,h64x64_lr0.001_wd0.01_k30,10,0.028875095075792796,False,104,1b,10000,0,970606,1,5000,0.6244782461415339,64x64,0.001,0.01,30
signed-positive,h64x64_lr0.001_wd0.01_k100,11,0.010890048854740441,False,104,1b,10000,0,970606,1,5000,0.6244782461415339,64x64,0.001,0.01,100
signed-positive,h128x128_lr0.0003_wd0.001_k10,12,0.6860743370279785,False,104,1b,10000,0,970606,1,5000,0.6244782461415339,128x128,0.0003,0.001,10
signed-positive,h128x128_lr0.0003_wd0.001_k30,13,0.053095924123527004,False,104,1b,10000,0,970606,1,5000,0.6244782461415339,128x128,0.0003,0.001,30
signed-positive,h128x128_lr0.0003_wd0.001_k100,14,0.005030104222757421,True,104,1b,10000,0,970606,1,5000,0.6244782461415339,128x128,0.0003,0.001,100
signed-positive,h128x128_lr0.0003_wd0.01_k10,15,0.8289334292391234,False,104,1b,10000,0,970606,1,5000,0.6244782461415339,128x128,0.0003,0.01,10
signed-positive,h128x128_lr0.0003_wd0.01_k30,16,0.17724888511785217,False,104,1b,10000,0,970606,1,5000,0.6244782461415339,128x128,0.0003,0.01,30
signed-positive,h128x128_lr0.0003_wd0.01_k100,17,0.01868471025981973,False,104,1b,10000,0,970606,1,5000,0.6244782461415339,128x128,0.0003,0.01,100
signed-positive,h128x128_lr0.001_wd0.001_k10,18,0.054085588320573655,False,104,1b,10000,0,970606,1,5000,0.6244782461415339,128x128,0.001,0.001,10
signed-positive,h128x128_lr0.001_wd0.001_k30,19,0.01314198816377203,False,104,1b,10000,0,970606,1,5000,0.6244782461415339,128x128,0.001,0.001,30
signed-positive,h128x128_lr0.001_wd0.001_k100,20,0.014345570752843671,False,104,1b,10000,0,970606,1,5000,0.6244782461415339,128x128,0.001,0.001,100
signed-positive,h128x128_lr0.001_wd0.01_k10,21,0.20182382699647572,False,104,1b,10000,0,970606,1,5000,0.6244782461415339,128x128,0.001,0.01,10
signed-positive,h128x128_lr0.001_wd0.01_k30,22,0.02059644888324136,False,104,1b,10000,0,970606,1,5000,0.6244782461415339,128x128,0.001,0.01,30
signed-positive,h128x128_lr0.001_wd0.01_k100,23,0.010460410932164373,False,104,1b,10000,0,970606,1,5000,0.6244782461415339,128x128,0.001,0.01,100
signed-negative,h64x64_lr0.0003_wd0.001_k10,0,0.7309162198878023,False,105,1b,10000,0,970606,1,5000,0.6461170553330742,64x64,0.0003,0.001,10
signed-negative,h64x64_lr0.0003_wd0.001_k30,1,0.12122482725779801,False,105,1b,10000,0,970606,1,5000,0.6461170553330742,64x64,0.0003,0.001,30
signed-negative,h64x64_lr0.0003_wd0.001_k100,2,0.0032239362645352975,False,105,1b,10000,0,970606,1,5000,0.6461170553330742,64x64,0.0003,0.001,100
signed-negative,h64x64_lr0.0003_wd0.01_k10,3,0.7983289537558653,False,105,1b,10000,0,970606,1,5000,0.6461170553330742,64x64,0.0003,0.01,10
signed-negative,h64x64_lr0.0003_wd0.01_k30,4,0.3096679022766025,False,105,1b,10000,0,970606,1,5000,0.6461170553330742,64x64,0.0003,0.01,30
signed-negative,h64x64_lr0.0003_wd0.01_k100,5,0.02572337715465732,False,105,1b,10000,0,970606,1,5000,0.6461170553330742,64x64,0.0003,0.01,100
signed-negative,h64x64_lr0.001_wd0.001_k10,6,0.1440758235121664,False,105,1b,10000,0,970606,1,5000,0.6461170553330742,64x64,0.001,0.001,10
signed-negative,h64x64_lr0.001_wd0.001_k30,7,0.004204222516937044,False,105,1b,10000,0,970606,1,5000,0.6461170553330742,64x64,0.001,0.001,30
signed-negative,h64x64_lr0.001_wd0.001_k100,8,0.00019017307698983906,True,105,1b,10000,0,970606,1,5000,0.6461170553330742,64x64,0.001,0.001,100
signed-negative,h64x64_lr0.001_wd0.01_k10,9,0.34543465408849017,False,105,1b,10000,0,970606,1,5000,0.6461170553330742,64x64,0.001,0.01,10
signed-negative,h64x64_lr0.001_wd0.01_k30,10,0.02473837866212096,False,105,1b,10000,0,970606,1,5000,0.6461170553330742,64x64,0.001,0.01,30
signed-negative,h64x64_lr0.001_wd0.01_k100,11,0.009270797754766554,False,105,1b,10000,0,970606,1,5000,0.6461170553330742,64x64,0.001,0.01,100
signed-negative,h128x128_lr0.0003_wd0.001_k10,12,0.6209971128958296,False,105,1b,10000,0,970606,1,5000,0.6461170553330742,128x128,0.0003,0.001,10
signed-negative,h128x128_lr0.0003_wd0.001_k30,13,0.037104073715694276,False,105,1b,10000,0,970606,1,5000,0.6461170553330742,128x128,0.0003,0.001,30
signed-negative,h128x128_lr0.0003_wd0.001_k100,14,0.0018130109774621038,False,105,1b,10000,0,970606,1,5000,0.6461170553330742,128x128,0.0003,0.001,100
signed-negative,h128x128_lr0.0003_wd0.01_k10,15,0.761755105067626,False,105,1b,10000,0,970606,1,5000,0.6461170553330742,128x128,0.0003,0.01,10
signed-negative,h128x128_lr0.0003_wd0.01_k30,16,0.13708975446303406,False,105,1b,10000,0,970606,1,5000,0.6461170553330742,128x128,0.0003,0.01,30
signed-negative,h128x128_lr0.0003_wd0.01_k100,17,0.0196020565005239,False,105,1b,10000,0,970606,1,5000,0.6461170553330742,128x128,0.0003,0.01,100
signed-negative,h128x128_lr0.001_wd0.001_k10,18,0.04907328223388337,False,105,1b,10000,0,970606,1,5000,0.6461170553330742,128x128,0.001,0.001,10
signed-negative,h128x128_lr0.001_wd0.001_k30,19,0.004225103966644359,False,105,1b,10000,0,970606,1,5000,0.6461170553330742,128x128,0.001,0.001,30
signed-negative,h128x128_lr0.001_wd0.001_k100,20,0.001062493316580233,False,105,1b,10000,0,970606,1,5000,0.6461170553330742,128x128,0.001,0.001,100
signed-negative,h128x128_lr0.001_wd0.01_k10,21,0.16466294855012117,False,105,1b,10000,0,970606,1,5000,0.6461170553330742,128x128,0.001,0.01,10
signed-negative,h128x128_lr0.001_wd0.01_k30,22,0.020860585952169244,False,105,1b,10000,0,970606,1,5000,0.6461170553330742,128x128,0.001,0.01,30
signed-negative,h128x128_lr0.001_wd0.01_k100,23,0.00741962564108369,False,105,1b,10000,0,970606,1,5000,0.6461170553330742,128x128,0.001,0.01,100
ordinary,h64x64_lr0.0003_wd0.001_k10,0,0.7317865200742746,False,106,1b,10000,1,1070609,0,5000,,64x64,0.0003,0.001,10
ordinary,h64x64_lr0.0003_wd0.001_k30,1,0.10407901549569698,False,106,1b,10000,1,1070609,0,5000,,64x64,0.0003,0.001,30
ordinary,h64x64_lr0.0003_wd0.001_k100,2,0.006088133342223697,False,106,1b,10000,1,1070609,0,5000,,64x64,0.0003,0.001,100
ordinary,h64x64_lr0.0003_wd0.01_k10,3,0.8168761380991131,False,106,1b,10000,1,1070609,0,5000,,64x64,0.0003,0.01,10
ordinary,h64x64_lr0.0003_wd0.01_k30,4,0.28409184915865526,False,106,1b,10000,1,1070609,0,5000,,64x64,0.0003,0.01,30
ordinary,h64x64_lr0.0003_wd0.01_k100,5,0.030808625471565335,False,106,1b,10000,1,1070609,0,5000,,64x64,0.0003,0.01,100
ordinary,h64x64_lr0.001_wd0.001_k10,6,0.1242431628519295,False,106,1b,10000,1,1070609,0,5000,,64x64,0.001,0.001,10
ordinary,h64x64_lr0.001_wd0.001_k30,7,0.014167374275437919,False,106,1b,10000,1,1070609,0,5000,,64x64,0.001,0.001,30
ordinary,h64x64_lr0.001_wd0.001_k100,8,0.011496845239213745,False,106,1b,10000,1,1070609,0,5000,,64x64,0.001,0.001,100
ordinary,h64x64_lr0.001_wd0.01_k10,9,0.30100687283169975,False,106,1b,10000,1,1070609,0,5000,,64x64,0.001,0.01,10
ordinary,h64x64_lr0.001_wd0.01_k30,10,0.03387289614169633,False,106,1b,10000,1,1070609,0,5000,,64x64,0.001,0.01,30
ordinary,h64x64_lr0.001_wd0.01_k100,11,0.012243928788532381,False,106,1b,10000,1,1070609,0,5000,,64x64,0.001,0.01,100
ordinary,h128x128_lr0.0003_wd0.001_k10,12,0.6016807626639346,False,106,1b,10000,1,1070609,0,5000,,128x128,0.0003,0.001,10
ordinary,h128x128_lr0.0003_wd0.001_k30,13,0.037866495781475835,False,106,1b,10000,1,1070609,0,5000,,128x128,0.0003,0.001,30
ordinary,h128x128_lr0.0003_wd0.001_k100,14,0.003955279746489337,True,106,1b,10000,1,1070609,0,5000,,128x128,0.0003,0.001,100
ordinary,h128x128_lr0.0003_wd0.01_k10,15,0.771295561652418,False,106,1b,10000,1,1070609,0,5000,,128x128,0.0003,0.01,10
ordinary,h128x128_lr0.0003_wd0.01_k30,16,0.13942446740723918,False,106,1b,10000,1,1070609,0,5000,,128x128,0.0003,0.01,30
ordinary,h128x128_lr0.0003_wd0.01_k100,17,0.01764179888415428,False,106,1b,10000,1,1070609,0,5000,,128x128,0.0003,0.01,100
ordinary,h128x128_lr0.001_wd0.001_k10,18,0.040166965238256434,False,106,1b,10000,1,1070609,0,5000,,128x128,0.001,0.001,10
ordinary,h128x128_lr0.001_wd0.001_k30,19,0.005054131923822164,False,106,1b,10000,1,1070609,0,5000,,128x128,0.001,0.001,30
ordinary,h128x128_lr0.001_wd0.001_k100,20,0.020166248746434176,False,106,1b,10000,1,1070609,0,5000,,128x128,0.001,0.001,100
ordinary,h128x128_lr0.001_wd0.01_k10,21,0.15356553595616557,False,106,1b,10000,1,1070609,0,5000,,128x128,0.001,0.01,10
ordinary,h128x128_lr0.001_wd0.01_k30,22,0.02440328402253012,False,106,1b,10000,1,1070609,0,5000,,128x128,0.001,0.01,30
ordinary,h128x128_lr0.001_wd0.01_k100,23,0.013229432131053862,False,106,1b,10000,1,1070609,0,5000,,128x128,0.001,0.01,100
signed-positive,h64x64_lr0.0003_wd0.001_k10,0,0.764997740081829,False,107,1b,10000,1,1070609,0,5000,0.5818292637225031,64x64,0.0003,0.001,10
signed-positive,h64x64_lr0.0003_wd0.001_k30,1,0.20198529646071967,False,107,1b,10000,1,1070609,0,5000,0.5818292637225031,64x64,0.0003,0.001,30
signed-positive,h64x64_lr0.0003_wd0.001_k100,2,0.007305679943206501,False,107,1b,10000,1,1070609,0,5000,0.5818292637225031,64x64,0.0003,0.001,100
signed-positive,h64x64_lr0.0003_wd0.01_k10,3,0.8156372578480878,False,107,1b,10000,1,1070609,0,5000,0.5818292637225031,64x64,0.0003,0.01,10
signed-positive,h64x64_lr0.0003_wd0.01_k30,4,0.4300684113141231,False,107,1b,10000,1,1070609,0,5000,0.5818292637225031,64x64,0.0003,0.01,30
signed-positive,h64x64_lr0.0003_wd0.01_k100,5,0.023120837476092924,False,107,1b,10000,1,1070609,0,5000,0.5818292637225031,64x64,0.0003,0.01,100
signed-positive,h64x64_lr0.001_wd0.001_k10,6,0.24285790410943003,False,107,1b,10000,1,1070609,0,5000,0.5818292637225031,64x64,0.001,0.001,10
signed-positive,h64x64_lr0.001_wd0.001_k30,7,0.023123736882478894,False,107,1b,10000,1,1070609,0,5000,0.5818292637225031,64x64,0.001,0.001,30
signed-positive,h64x64_lr0.001_wd0.001_k100,8,0.01848946383697855,False,107,1b,10000,1,1070609,0,5000,0.5818292637225031,64x64,0.001,0.001,100
signed-positive,h64x64_lr0.001_wd0.01_k10,9,0.4710058743560896,False,107,1b,10000,1,1070609,0,5000,0.5818292637225031,64x64,0.001,0.01,10
signed-positive,h64x64_lr0.001_wd0.01_k30,10,0.03659383558362334,False,107,1b,10000,1,1070609,0,5000,0.5818292637225031,64x64,0.001,0.01,30
signed-positive,h64x64_lr0.001_wd0.01_k100,11,0.008691921345528436,False,107,1b,10000,1,1070609,0,5000,0.5818292637225031,64x64,0.001,0.01,100
signed-positive,h128x128_lr0.0003_wd0.001_k10,12,0.6262917744362957,False,107,1b,10000,1,1070609,0,5000,0.5818292637225031,128x128,0.0003,0.001,10
signed-positive,h128x128_lr0.0003_wd0.001_k30,13,0.032439248684579376,False,107,1b,10000,1,1070609,0,5000,0.5818292637225031,128x128,0.0003,0.001,30
signed-positive,h128x128_lr0.0003_wd0.001_k100,14,0.015832739890389698,False,107,1b,10000,1,1070609,0,5000,0.5818292637225031,128x128,0.0003,0.001,100
signed-positive,h128x128_lr0.0003_wd0.01_k10,15,0.7647982068818171,False,107,1b,10000,1,1070609,0,5000,0.5818292637225031,128x128,0.0003,0.01,10
signed-positive,h128x128_lr0.0003_wd0.01_k30,16,0.13403361605131106,False,107,1b,10000,1,1070609,0,5000,0.5818292637225031,128x128,0.0003,0.01,30
signed-positive,h128x128_lr0.0003_wd0.01_k100,17,0.010206349659929134,False,107,1b,10000,1,1070609,0,5000,0.5818292637225031,128x128,0.0003,0.01,100
signed-positive,h128x128_lr0.001_wd0.001_k10,18,0.039791034636738686,False,107,1b,10000,1,1070609,0,5000,0.5818292637225031,128x128,0.001,0.001,10
signed-positive,h128x128_lr0.001_wd0.001_k30,19,0.021370754365237023,False,107,1b,10000,1,1070609,0,5000,0.5818292637225031,128x128,0.001,0.001,30
signed-positive,h128x128_lr0.001_wd0.001_k100,20,0.009923082918950915,False,107,1b,10000,1,1070609,0,5000,0.5818292637225031,128x128,0.001,0.001,100
signed-positive,h128x128_lr0.001_wd0.01_k10,21,0.16926980053207463,False,107,1b,10000,1,1070609,0,5000,0.5818292637225031,128x128,0.001,0.01,10
signed-positive,h128x128_lr0.001_wd0.01_k30,22,0.025153306885802272,False,107,1b,10000,1,1070609,0,5000,0.5818292637225031,128x128,0.001,0.01,30
signed-positive,h128x128_lr0.001_wd0.01_k100,23,0.005675265641970146,True,107,1b,10000,1,1070609,0,5000,0.5818292637225031,128x128,0.001,0.01,100
signed-negative,h64x64_lr0.0003_wd0.001_k10,0,0.7161622863639393,False,108,1b,10000,1,1070609,0,5000,0.6020075942778764,64x64,0.0003,0.001,10
signed-negative,h64x64_lr0.0003_wd0.001_k30,1,0.14692597666116064,False,108,1b,10000,1,1070609,0,5000,0.6020075942778764,64x64,0.0003,0.001,30
signed-negative,h64x64_lr0.0003_wd0.001_k100,2,0.010720784385162706,False,108,1b,10000,1,1070609,0,5000,0.6020075942778764,64x64,0.0003,0.001,100
signed-negative,h64x64_lr0.0003_wd0.01_k10,3,0.7614343567433336,False,108,1b,10000,1,1070609,0,5000,0.6020075942778764,64x64,0.0003,0.01,10
signed-negative,h64x64_lr0.0003_wd0.01_k30,4,0.35456770527071363,False,108,1b,10000,1,1070609,0,5000,0.6020075942778764,64x64,0.0003,0.01,30
signed-negative,h64x64_lr0.0003_wd0.01_k100,5,0.015433609697650837,False,108,1b,10000,1,1070609,0,5000,0.6020075942778764,64x64,0.0003,0.01,100
signed-negative,h64x64_lr0.001_wd0.001_k10,6,0.20493557941035948,False,108,1b,10000,1,1070609,0,5000,0.6020075942778764,64x64,0.001,0.001,10
signed-negative,h64x64_lr0.001_wd0.001_k30,7,0.010073952614278113,True,108,1b,10000,1,1070609,0,5000,0.6020075942778764,64x64,0.001,0.001,30
signed-negative,h64x64_lr0.001_wd0.001_k100,8,0.023869172270818213,False,108,1b,10000,1,1070609,0,5000,0.6020075942778764,64x64,0.001,0.001,100
signed-negative,h64x64_lr0.001_wd0.01_k10,9,0.42824228986395824,False,108,1b,10000,1,1070609,0,5000,0.6020075942778764,64x64,0.001,0.01,10
signed-negative,h64x64_lr0.001_wd0.01_k30,10,0.023275678899427225,False,108,1b,10000,1,1070609,0,5000,0.6020075942778764,64x64,0.001,0.01,30
signed-negative,h64x64_lr0.001_wd0.01_k100,11,0.012900561701463364,False,108,1b,10000,1,1070609,0,5000,0.6020075942778764,64x64,0.001,0.01,100
signed-negative,h128x128_lr0.0003_wd0.001_k10,12,0.5600977013253909,False,108,1b,10000,1,1070609,0,5000,0.6020075942778764,128x128,0.0003,0.001,10
signed-negative,h128x128_lr0.0003_wd0.001_k30,13,0.033429249368108385,False,108,1b,10000,1,1070609,0,5000,0.6020075942778764,128x128,0.0003,0.001,30
signed-negative,h128x128_lr0.0003_wd0.001_k100,14,0.016542625305341296,False,108,1b,10000,1,1070609,0,5000,0.6020075942778764,128x128,0.0003,0.001,100
signed-negative,h128x128_lr0.0003_wd0.01_k10,15,0.692609147212835,False,108,1b,10000,1,1070609,0,5000,0.6020075942778764,128x128,0.0003,0.01,10
signed-negative,h128x128_lr0.0003_wd0.01_k30,16,0.1412295022108642,False,108,1b,10000,1,1070609,0,5000,0.6020075942778764,128x128,0.0003,0.01,30
signed-negative,h128x128_lr0.0003_wd0.01_k100,17,0.012163429179793569,False,108,1b,10000,1,1070609,0,5000,0.6020075942778764,128x128,0.0003,0.01,100
signed-negative,h128x128_lr0.001_wd0.001_k10,18,0.03890222302719605,False,108,1b,10000,1,1070609,0,5000,0.6020075942778764,128x128,0.001,0.001,10
signed-negative,h128x128_lr0.001_wd0.001_k30,19,0.0127766845421309,False,108,1b,10000,1,1070609,0,5000,0.6020075942778764,128x128,0.001,0.001,30
signed-negative,h128x128_lr0.001_wd0.001_k100,20,0.056131780435071194,False,108,1b,10000,1,1070609,0,5000,0.6020075942778764,128x128,0.001,0.001,100
signed-negative,h128x128_lr0.001_wd0.01_k10,21,0.16663219791759393,False,108,1b,10000,1,1070609,0,5000,0.6020075942778764,128x128,0.001,0.01,10
signed-negative,h128x128_lr0.001_wd0.01_k30,22,0.023631763280586637,False,108,1b,10000,1,1070609,0,5000,0.6020075942778764,128x128,0.001,0.01,30
signed-negative,h128x128_lr0.001_wd0.01_k100,23,0.01603281480156001,False,108,1b,10000,1,1070609,0,5000,0.6020075942778764,128x128,0.001,0.01,100
ordinary,h64x64_lr0.0003_wd0.001_k10,0,0.6043842804947036,False,109,1b,10000,1,1070609,1,5000,,64x64,0.0003,0.001,10
ordinary,h64x64_lr0.0003_wd0.001_k30,1,0.12736045546900207,False,109,1b,10000,1,1070609,1,5000,,64x64,0.0003,0.001,30
ordinary,h64x64_lr0.0003_wd0.001_k100,2,0.008969388520426216,False,109,1b,10000,1,1070609,1,5000,,64x64,0.0003,0.001,100
ordinary,h64x64_lr0.0003_wd0.01_k10,3,0.661598989086213,False,109,1b,10000,1,1070609,1,5000,,64x64,0.0003,0.01,10
ordinary,h64x64_lr0.0003_wd0.01_k30,4,0.27171425090583934,False,109,1b,10000,1,1070609,1,5000,,64x64,0.0003,0.01,30
ordinary,h64x64_lr0.0003_wd0.01_k100,5,0.03198859737515814,False,109,1b,10000,1,1070609,1,5000,,64x64,0.0003,0.01,100
ordinary,h64x64_lr0.001_wd0.001_k10,6,0.1434535923141536,False,109,1b,10000,1,1070609,1,5000,,64x64,0.001,0.001,10
ordinary,h64x64_lr0.001_wd0.001_k30,7,0.004518160836982598,False,109,1b,10000,1,1070609,1,5000,,64x64,0.001,0.001,30
ordinary,h64x64_lr0.001_wd0.001_k100,8,0.006645815291367454,False,109,1b,10000,1,1070609,1,5000,,64x64,0.001,0.001,100
ordinary,h64x64_lr0.001_wd0.01_k10,9,0.29409709343243917,False,109,1b,10000,1,1070609,1,5000,,64x64,0.001,0.01,10
ordinary,h64x64_lr0.001_wd0.01_k30,10,0.026480851749116567,False,109,1b,10000,1,1070609,1,5000,,64x64,0.001,0.01,30
ordinary,h64x64_lr0.001_wd0.01_k100,11,0.018496008304192377,False,109,1b,10000,1,1070609,1,5000,,64x64,0.001,0.01,100
ordinary,h128x128_lr0.0003_wd0.001_k10,12,0.5063056093344936,False,109,1b,10000,1,1070609,1,5000,,128x128,0.0003,0.001,10
ordinary,h128x128_lr0.0003_wd0.001_k30,13,0.025902836721339202,False,109,1b,10000,1,1070609,1,5000,,128x128,0.0003,0.001,30
ordinary,h128x128_lr0.0003_wd0.001_k100,14,0.006782169719029007,False,109,1b,10000,1,1070609,1,5000,,128x128,0.0003,0.001,100
ordinary,h128x128_lr0.0003_wd0.01_k10,15,0.6359203949303189,False,109,1b,10000,1,1070609,1,5000,,128x128,0.0003,0.01,10
ordinary,h128x128_lr0.0003_wd0.01_k30,16,0.11039555799637957,False,109,1b,10000,1,1070609,1,5000,,128x128,0.0003,0.01,30
ordinary,h128x128_lr0.0003_wd0.01_k100,17,0.020183009081118503,False,109,1b,10000,1,1070609,1,5000,,128x128,0.0003,0.01,100
ordinary,h128x128_lr0.001_wd0.001_k10,18,0.029953585551686528,False,109,1b,10000,1,1070609,1,5000,,128x128,0.001,0.001,10
ordinary,h128x128_lr0.001_wd0.001_k30,19,0.001323461736115537,True,109,1b,10000,1,1070609,1,5000,,128x128,0.001,0.001,30
ordinary,h128x128_lr0.001_wd0.001_k100,20,0.0051058419127200634,False,109,1b,10000,1,1070609,1,5000,,128x128,0.001,0.001,100
ordinary,h128x128_lr0.001_wd0.01_k10,21,0.12381660141793824,False,109,1b,10000,1,1070609,1,5000,,128x128,0.001,0.01,10
ordinary,h128x128_lr0.001_wd0.01_k30,22,0.012584613848623007,False,109,1b,10000,1,1070609,1,5000,,128x128,0.001,0.01,30
ordinary,h128x128_lr0.001_wd0.01_k100,23,0.015104402699748894,False,109,1b,10000,1,1070609,1,5000,,128x128,0.001,0.01,100
signed-positive,h64x64_lr0.0003_wd0.001_k10,0,0.8728089433477958,False,110,1b,10000,1,1070609,1,5000,0.5817639049303883,64x64,0.0003,0.001,10
signed-positive,h64x64_lr0.0003_wd0.001_k30,1,0.24421761984301965,False,110,1b,10000,1,1070609,1,5000,0.5817639049303883,64x64,0.0003,0.001,30
signed-positive,h64x64_lr0.0003_wd0.001_k100,2,0.0021301122822038315,True,110,1b,10000,1,1070609,1,5000,0.5817639049303883,64x64,0.0003,0.001,100
signed-positive,h64x64_lr0.0003_wd0.01_k10,3,0.9186152630961211,False,110,1b,10000,1,1070609,1,5000,0.5817639049303883,64x64,0.0003,0.01,10
signed-positive,h64x64_lr0.0003_wd0.01_k30,4,0.5043069396155868,False,110,1b,10000,1,1070609,1,5000,0.5817639049303883,64x64,0.0003,0.01,30
signed-positive,h64x64_lr0.0003_wd0.01_k100,5,0.020012268912552516,False,110,1b,10000,1,1070609,1,5000,0.5817639049303883,64x64,0.0003,0.01,100
signed-positive,h64x64_lr0.001_wd0.001_k10,6,0.3015626234228191,False,110,1b,10000,1,1070609,1,5000,0.5817639049303883,64x64,0.001,0.001,10
signed-positive,h64x64_lr0.001_wd0.001_k30,7,0.008786138396320836,False,110,1b,10000,1,1070609,1,5000,0.5817639049303883,64x64,0.001,0.001,30
signed-positive,h64x64_lr0.001_wd0.001_k100,8,0.012391231985905578,False,110,1b,10000,1,1070609,1,5000,0.5817639049303883,64x64,0.001,0.001,100
signed-positive,h64x64_lr0.001_wd0.01_k10,9,0.5694296028681956,False,110,1b,10000,1,1070609,1,5000,0.5817639049303883,64x64,0.001,0.01,10
signed-positive,h64x64_lr0.001_wd0.01_k30,10,0.025615866734366197,False,110,1b,10000,1,1070609,1,5000,0.5817639049303883,64x64,0.001,0.01,30
signed-positive,h64x64_lr0.001_wd0.01_k100,11,0.01124101519034275,False,110,1b,10000,1,1070609,1,5000,0.5817639049303883,64x64,0.001,0.01,100
signed-positive,h128x128_lr0.0003_wd0.001_k10,12,0.6671365829359464,False,110,1b,10000,1,1070609,1,5000,0.5817639049303883,128x128,0.0003,0.001,10
signed-positive,h128x128_lr0.0003_wd0.001_k30,13,0.031867269949546036,False,110,1b,10000,1,1070609,1,5000,0.5817639049303883,128x128,0.0003,0.001,30
signed-positive,h128x128_lr0.0003_wd0.001_k100,14,0.0065850404952854545,False,110,1b,10000,1,1070609,1,5000,0.5817639049303883,128x128,0.0003,0.001,100
signed-positive,h128x128_lr0.0003_wd0.01_k10,15,0.8266201490032553,False,110,1b,10000,1,1070609,1,5000,0.5817639049303883,128x128,0.0003,0.01,10
signed-positive,h128x128_lr0.0003_wd0.01_k30,16,0.16545681209647867,False,110,1b,10000,1,1070609,1,5000,0.5817639049303883,128x128,0.0003,0.01,30
signed-positive,h128x128_lr0.0003_wd0.01_k100,17,0.010648862396697802,False,110,1b,10000,1,1070609,1,5000,0.5817639049303883,128x128,0.0003,0.01,100
signed-positive,h128x128_lr0.001_wd0.001_k10,18,0.05035582271542024,False,110,1b,10000,1,1070609,1,5000,0.5817639049303883,128x128,0.001,0.001,10
signed-positive,h128x128_lr0.001_wd0.001_k30,19,0.011083324447124286,False,110,1b,10000,1,1070609,1,5000,0.5817639049303883,128x128,0.001,0.001,30
signed-positive,h128x128_lr0.001_wd0.001_k100,20,0.013844706374128499,False,110,1b,10000,1,1070609,1,5000,0.5817639049303883,128x128,0.001,0.001,100
signed-positive,h128x128_lr0.001_wd0.01_k10,21,0.19606142568751755,False,110,1b,10000,1,1070609,1,5000,0.5817639049303883,128x128,0.001,0.01,10
signed-positive,h128x128_lr0.001_wd0.01_k30,22,0.019712066347537784,False,110,1b,10000,1,1070609,1,5000,0.5817639049303883,128x128,0.001,0.01,30
signed-positive,h128x128_lr0.001_wd0.01_k100,23,0.01254136966122472,False,110,1b,10000,1,1070609,1,5000,0.5817639049303883,128x128,0.001,0.01,100
signed-negative,h64x64_lr0.0003_wd0.001_k10,0,0.7733263297920192,False,111,1b,10000,1,1070609,1,5000,0.6532807893032587,64x64,0.0003,0.001,10
signed-negative,h64x64_lr0.0003_wd0.001_k30,1,0.14763034323073157,False,111,1b,10000,1,1070609,1,5000,0.6532807893032587,64x64,0.0003,0.001,30
signed-negative,h64x64_lr0.0003_wd0.001_k100,2,0.004349197027528504,False,111,1b,10000,1,1070609,1,5000,0.6532807893032587,64x64,0.0003,0.001,100
signed-negative,h64x64_lr0.0003_wd0.01_k10,3,0.841771381057986,False,111,1b,10000,1,1070609,1,5000,0.6532807893032587,64x64,0.0003,0.01,10
signed-negative,h64x64_lr0.0003_wd0.01_k30,4,0.34845794332905133,False,111,1b,10000,1,1070609,1,5000,0.6532807893032587,64x64,0.0003,0.01,30
signed-negative,h64x64_lr0.0003_wd0.01_k100,5,0.03127939942032452,False,111,1b,10000,1,1070609,1,5000,0.6532807893032587,64x64,0.0003,0.01,100
signed-negative,h64x64_lr0.001_wd0.001_k10,6,0.16349142084460122,False,111,1b,10000,1,1070609,1,5000,0.6532807893032587,64x64,0.001,0.001,10
signed-negative,h64x64_lr0.001_wd0.001_k30,7,0.0030326296671255412,False,111,1b,10000,1,1070609,1,5000,0.6532807893032587,64x64,0.001,0.001,30
signed-negative,h64x64_lr0.001_wd0.001_k100,8,0.006618350137162449,False,111,1b,10000,1,1070609,1,5000,0.6532807893032587,64x64,0.001,0.001,100
signed-negative,h64x64_lr0.001_wd0.01_k10,9,0.37944361762545165,False,111,1b,10000,1,1070609,1,5000,0.6532807893032587,64x64,0.001,0.01,10
signed-negative,h64x64_lr0.001_wd0.01_k30,10,0.03151330546735729,False,111,1b,10000,1,1070609,1,5000,0.6532807893032587,64x64,0.001,0.01,30
signed-negative,h64x64_lr0.001_wd0.01_k100,11,0.013842129231046042,False,111,1b,10000,1,1070609,1,5000,0.6532807893032587,64x64,0.001,0.01,100
signed-negative,h128x128_lr0.0003_wd0.001_k10,12,0.6338833114366575,False,111,1b,10000,1,1070609,1,5000,0.6532807893032587,128x128,0.0003,0.001,10
signed-negative,h128x128_lr0.0003_wd0.001_k30,13,0.026671488133608853,False,111,1b,10000,1,1070609,1,5000,0.6532807893032587,128x128,0.0003,0.001,30
signed-negative,h128x128_lr0.0003_wd0.001_k100,14,0.005208214324683361,False,111,1b,10000,1,1070609,1,5000,0.6532807893032587,128x128,0.0003,0.001,100
signed-negative,h128x128_lr0.0003_wd0.01_k10,15,0.800314768166351,False,111,1b,10000,1,1070609,1,5000,0.6532807893032587,128x128,0.0003,0.01,10
signed-negative,h128x128_lr0.0003_wd0.01_k30,16,0.1293874858435947,False,111,1b,10000,1,1070609,1,5000,0.6532807893032587,128x128,0.0003,0.01,30
signed-negative,h128x128_lr0.0003_wd0.01_k100,17,0.020497662956745655,False,111,1b,10000,1,1070609,1,5000,0.6532807893032587,128x128,0.0003,0.01,100
signed-negative,h128x128_lr0.001_wd0.001_k10,18,0.018370039929144565,False,111,1b,10000,1,1070609,1,5000,0.6532807893032587,128x128,0.001,0.001,10
signed-negative,h128x128_lr0.001_wd0.001_k30,19,0.0021039249023218835,True,111,1b,10000,1,1070609,1,5000,0.6532807893032587,128x128,0.001,0.001,30
signed-negative,h128x128_lr0.001_wd0.001_k100,20,0.008629491580612002,False,111,1b,10000,1,1070609,1,5000,0.6532807893032587,128x128,0.001,0.001,100
signed-negative,h128x128_lr0.001_wd0.01_k10,21,0.13921674315242444,False,111,1b,10000,1,1070609,1,5000,0.6532807893032587,128x128,0.001,0.01,10
signed-negative,h128x128_lr0.001_wd0.01_k30,22,0.021367416124382973,False,111,1b,10000,1,1070609,1,5000,0.6532807893032587,128x128,0.001,0.01,30
signed-negative,h128x128_lr0.001_wd0.01_k100,23,0.0141014821243938,False,111,1b,10000,1,1070609,1,5000,0.6532807893032587,128x128,0.001,0.01,100
ordinary,h64x64_lr0.0003_wd0.001_k10,0,0.732877108049602,False,112,1b,10000,2,1170612,0,5000,,64x64,0.0003,0.001,10
ordinary,h64x64_lr0.0003_wd0.001_k30,1,0.11853449466353,False,112,1b,10000,2,1170612,0,5000,,64x64,0.0003,0.001,30
ordinary,h64x64_lr0.0003_wd0.001_k100,2,0.007855610396226065,False,112,1b,10000,2,1170612,0,5000,,64x64,0.0003,0.001,100
ordinary,h64x64_lr0.0003_wd0.01_k10,3,0.8015418505293974,False,112,1b,10000,2,1170612,0,5000,,64x64,0.0003,0.01,10
ordinary,h64x64_lr0.0003_wd0.01_k30,4,0.3477385324460235,False,112,1b,10000,2,1170612,0,5000,,64x64,0.0003,0.01,30
ordinary,h64x64_lr0.0003_wd0.01_k100,5,0.020982558676688575,False,112,1b,10000,2,1170612,0,5000,,64x64,0.0003,0.01,100
ordinary,h64x64_lr0.001_wd0.001_k10,6,0.13827880817325683,False,112,1b,10000,2,1170612,0,5000,,64x64,0.001,0.001,10
ordinary,h64x64_lr0.001_wd0.001_k30,7,0.01926905010472705,False,112,1b,10000,2,1170612,0,5000,,64x64,0.001,0.001,30
ordinary,h64x64_lr0.001_wd0.001_k100,8,0.019315098178897275,False,112,1b,10000,2,1170612,0,5000,,64x64,0.001,0.001,100
ordinary,h64x64_lr0.001_wd0.01_k10,9,0.37323804785825904,False,112,1b,10000,2,1170612,0,5000,,64x64,0.001,0.01,10
ordinary,h64x64_lr0.001_wd0.01_k30,10,0.017598879619952424,False,112,1b,10000,2,1170612,0,5000,,64x64,0.001,0.01,30
ordinary,h64x64_lr0.001_wd0.01_k100,11,0.007492813463817436,False,112,1b,10000,2,1170612,0,5000,,64x64,0.001,0.01,100
ordinary,h128x128_lr0.0003_wd0.001_k10,12,0.5670537764382296,False,112,1b,10000,2,1170612,0,5000,,128x128,0.0003,0.001,10
ordinary,h128x128_lr0.0003_wd0.001_k30,13,0.02769841806443084,False,112,1b,10000,2,1170612,0,5000,,128x128,0.0003,0.001,30
ordinary,h128x128_lr0.0003_wd0.001_k100,14,0.009747790008679048,False,112,1b,10000,2,1170612,0,5000,,128x128,0.0003,0.001,100
ordinary,h128x128_lr0.0003_wd0.01_k10,15,0.7411526173567677,False,112,1b,10000,2,1170612,0,5000,,128x128,0.0003,0.01,10
ordinary,h128x128_lr0.0003_wd0.01_k30,16,0.1149872947256626,False,112,1b,10000,2,1170612,0,5000,,128x128,0.0003,0.01,30
ordinary,h128x128_lr0.0003_wd0.01_k100,17,0.01647856372962581,False,112,1b,10000,2,1170612,0,5000,,128x128,0.0003,0.01,100
ordinary,h128x128_lr0.001_wd0.001_k10,18,0.02814700510719422,False,112,1b,10000,2,1170612,0,5000,,128x128,0.001,0.001,10
ordinary,h128x128_lr0.001_wd0.001_k30,19,0.02620202751227044,False,112,1b,10000,2,1170612,0,5000,,128x128,0.001,0.001,30
ordinary,h128x128_lr0.001_wd0.001_k100,20,0.005488210574662124,True,112,1b,10000,2,1170612,0,5000,,128x128,0.001,0.001,100
ordinary,h128x128_lr0.001_wd0.01_k10,21,0.12461761808795101,False,112,1b,10000,2,1170612,0,5000,,128x128,0.001,0.01,10
ordinary,h128x128_lr0.001_wd0.01_k30,22,0.015736708025083042,False,112,1b,10000,2,1170612,0,5000,,128x128,0.001,0.01,30
ordinary,h128x128_lr0.001_wd0.01_k100,23,0.007446109126239236,False,112,1b,10000,2,1170612,0,5000,,128x128,0.001,0.01,100
signed-positive,h64x64_lr0.0003_wd0.001_k10,0,0.6463479557777976,False,113,1b,10000,2,1170612,0,5000,0.601757779209454,64x64,0.0003,0.001,10
signed-positive,h64x64_lr0.0003_wd0.001_k30,1,0.13501073125222496,False,113,1b,10000,2,1170612,0,5000,0.601757779209454,64x64,0.0003,0.001,30
signed-positive,h64x64_lr0.0003_wd0.001_k100,2,0.036302176817471464,False,113,1b,10000,2,1170612,0,5000,0.601757779209454,64x64,0.0003,0.001,100
signed-positive,h64x64_lr0.0003_wd0.01_k10,3,0.7111878165015104,False,113,1b,10000,2,1170612,0,5000,0.601757779209454,64x64,0.0003,0.01,10
signed-positive,h64x64_lr0.0003_wd0.01_k30,4,0.29583965267933127,False,113,1b,10000,2,1170612,0,5000,0.601757779209454,64x64,0.0003,0.01,30
signed-positive,h64x64_lr0.0003_wd0.01_k100,5,0.024428880488072485,False,113,1b,10000,2,1170612,0,5000,0.601757779209454,64x64,0.0003,0.01,100
signed-positive,h64x64_lr0.001_wd0.001_k10,6,0.15055691954091627,False,113,1b,10000,2,1170612,0,5000,0.601757779209454,64x64,0.001,0.001,10
signed-positive,h64x64_lr0.001_wd0.001_k30,7,0.027684007718856464,False,113,1b,10000,2,1170612,0,5000,0.601757779209454,64x64,0.001,0.001,30
signed-positive,h64x64_lr0.001_wd0.001_k100,8,0.030543045281341323,False,113,1b,10000,2,1170612,0,5000,0.601757779209454,64x64,0.001,0.001,100
signed-positive,h64x64_lr0.001_wd0.01_k10,9,0.3112809863199669,False,113,1b,10000,2,1170612,0,5000,0.601757779209454,64x64,0.001,0.01,10
signed-positive,h64x64_lr0.001_wd0.01_k30,10,0.01782791819202159,False,113,1b,10000,2,1170612,0,5000,0.601757779209454,64x64,0.001,0.01,30
signed-positive,h64x64_lr0.001_wd0.01_k100,11,0.01829468392542547,False,113,1b,10000,2,1170612,0,5000,0.601757779209454,64x64,0.001,0.01,100
signed-positive,h128x128_lr0.0003_wd0.001_k10,12,0.5870700449764313,False,113,1b,10000,2,1170612,0,5000,0.601757779209454,128x128,0.0003,0.001,10
signed-positive,h128x128_lr0.0003_wd0.001_k30,13,0.026112309912552194,False,113,1b,10000,2,1170612,0,5000,0.601757779209454,128x128,0.0003,0.001,30
signed-positive,h128x128_lr0.0003_wd0.001_k100,14,0.03447804324970479,False,113,1b,10000,2,1170612,0,5000,0.601757779209454,128x128,0.0003,0.001,100
signed-positive,h128x128_lr0.0003_wd0.01_k10,15,0.7084421982527214,False,113,1b,10000,2,1170612,0,5000,0.601757779209454,128x128,0.0003,0.01,10
signed-positive,h128x128_lr0.0003_wd0.01_k30,16,0.12970615991163537,False,113,1b,10000,2,1170612,0,5000,0.601757779209454,128x128,0.0003,0.01,30
signed-positive,h128x128_lr0.0003_wd0.01_k100,17,0.014124386020943841,True,113,1b,10000,2,1170612,0,5000,0.601757779209454,128x128,0.0003,0.01,100
signed-positive,h128x128_lr0.001_wd0.001_k10,18,0.04141346802288764,False,113,1b,10000,2,1170612,0,5000,0.601757779209454,128x128,0.001,0.001,10
signed-positive,h128x128_lr0.001_wd0.001_k30,19,0.0467563500931492,False,113,1b,10000,2,1170612,0,5000,0.601757779209454,128x128,0.001,0.001,30
signed-positive,h128x128_lr0.001_wd0.001_k100,20,0.01876139866564476,False,113,1b,10000,2,1170612,0,5000,0.601757779209454,128x128,0.001,0.001,100
signed-positive,h128x128_lr0.001_wd0.01_k10,21,0.15624563532765628,False,113,1b,10000,2,1170612,0,5000,0.601757779209454,128x128,0.001,0.01,10
signed-positive,h128x128_lr0.001_wd0.01_k30,22,0.01704046465428798,False,113,1b,10000,2,1170612,0,5000,0.601757779209454,128x128,0.001,0.01,30
signed-positive,h128x128_lr0.001_wd0.01_k100,23,0.014546253940492884,False,113,1b,10000,2,1170612,0,5000,0.601757779209454,128x128,0.001,0.01,100
signed-negative,h64x64_lr0.0003_wd0.001_k10,0,0.6730577465766294,False,114,1b,10000,2,1170612,0,5000,0.6167947411955427,64x64,0.0003,0.001,10
signed-negative,h64x64_lr0.0003_wd0.001_k30,1,0.1162640621409572,False,114,1b,10000,2,1170612,0,5000,0.6167947411955427,64x64,0.0003,0.001,30
signed-negative,h64x64_lr0.0003_wd0.001_k100,2,0.03412004897036541,False,114,1b,10000,2,1170612,0,5000,0.6167947411955427,64x64,0.0003,0.001,100
signed-negative,h64x64_lr0.0003_wd0.01_k10,3,0.7371716681820046,False,114,1b,10000,2,1170612,0,5000,0.6167947411955427,64x64,0.0003,0.01,10
signed-negative,h64x64_lr0.0003_wd0.01_k30,4,0.2958553283533549,False,114,1b,10000,2,1170612,0,5000,0.6167947411955427,64x64,0.0003,0.01,30
signed-negative,h64x64_lr0.0003_wd0.01_k100,5,0.02530807618022327,False,114,1b,10000,2,1170612,0,5000,0.6167947411955427,64x64,0.0003,0.01,100
signed-negative,h64x64_lr0.001_wd0.001_k10,6,0.13279623896288428,False,114,1b,10000,2,1170612,0,5000,0.6167947411955427,64x64,0.001,0.001,10
signed-negative,h64x64_lr0.001_wd0.001_k30,7,0.021274773244470625,False,114,1b,10000,2,1170612,0,5000,0.6167947411955427,64x64,0.001,0.001,30
signed-negative,h64x64_lr0.001_wd0.001_k100,8,0.057558315794519366,False,114,1b,10000,2,1170612,0,5000,0.6167947411955427,64x64,0.001,0.001,100
signed-negative,h64x64_lr0.001_wd0.01_k10,9,0.32830797134684064,False,114,1b,10000,2,1170612,0,5000,0.6167947411955427,64x64,0.001,0.01,10
signed-negative,h64x64_lr0.001_wd0.01_k30,10,0.02829126722692871,False,114,1b,10000,2,1170612,0,5000,0.6167947411955427,64x64,0.001,0.01,30
signed-negative,h64x64_lr0.001_wd0.01_k100,11,0.02361585203151128,False,114,1b,10000,2,1170612,0,5000,0.6167947411955427,64x64,0.001,0.01,100
signed-negative,h128x128_lr0.0003_wd0.001_k10,12,0.5876384006099874,False,114,1b,10000,2,1170612,0,5000,0.6167947411955427,128x128,0.0003,0.001,10
signed-negative,h128x128_lr0.0003_wd0.001_k30,13,0.033627683548461074,False,114,1b,10000,2,1170612,0,5000,0.6167947411955427,128x128,0.0003,0.001,30
signed-negative,h128x128_lr0.0003_wd0.001_k100,14,0.044247716840984705,False,114,1b,10000,2,1170612,0,5000,0.6167947411955427,128x128,0.0003,0.001,100
signed-negative,h128x128_lr0.0003_wd0.01_k10,15,0.7190861668092897,False,114,1b,10000,2,1170612,0,5000,0.6167947411955427,128x128,0.0003,0.01,10
signed-negative,h128x128_lr0.0003_wd0.01_k30,16,0.1304192452720046,False,114,1b,10000,2,1170612,0,5000,0.6167947411955427,128x128,0.0003,0.01,30
signed-negative,h128x128_lr0.0003_wd0.01_k100,17,0.015965228065919296,True,114,1b,10000,2,1170612,0,5000,0.6167947411955427,128x128,0.0003,0.01,100
signed-negative,h128x128_lr0.001_wd0.001_k10,18,0.03325623887553134,False,114,1b,10000,2,1170612,0,5000,0.6167947411955427,128x128,0.001,0.001,10
signed-negative,h128x128_lr0.001_wd0.001_k30,19,0.026795319188935067,False,114,1b,10000,2,1170612,0,5000,0.6167947411955427,128x128,0.001,0.001,30
signed-negative,h128x128_lr0.001_wd0.001_k100,20,0.05963471971531131,False,114,1b,10000,2,1170612,0,5000,0.6167947411955427,128x128,0.001,0.001,100
signed-negative,h128x128_lr0.001_wd0.01_k10,21,0.14619572857795518,False,114,1b,10000,2,1170612,0,5000,0.6167947411955427,128x128,0.001,0.01,10
signed-negative,h128x128_lr0.001_wd0.01_k30,22,0.02101899236582258,False,114,1b,10000,2,1170612,0,5000,0.6167947411955427,128x128,0.001,0.01,30
signed-negative,h128x128_lr0.001_wd0.01_k100,23,0.02626299319941247,False,114,1b,10000,2,1170612,0,5000,0.6167947411955427,128x128,0.001,0.01,100
ordinary,h64x64_lr0.0003_wd0.001_k10,0,0.6643584868295422,False,115,1b,10000,2,1170612,1,5000,,64x64,0.0003,0.001,10
ordinary,h64x64_lr0.0003_wd0.001_k30,1,0.15033681127504794,False,115,1b,10000,2,1170612,1,5000,,64x64,0.0003,0.001,30
ordinary,h64x64_lr0.0003_wd0.001_k100,2,0.03205349947740352,False,115,1b,10000,2,1170612,1,5000,,64x64,0.0003,0.001,100
ordinary,h64x64_lr0.0003_wd0.01_k10,3,0.7289995871256518,False,115,1b,10000,2,1170612,1,5000,,64x64,0.0003,0.01,10
ordinary,h64x64_lr0.0003_wd0.01_k30,4,0.30674450050173446,False,115,1b,10000,2,1170612,1,5000,,64x64,0.0003,0.01,30
ordinary,h64x64_lr0.0003_wd0.01_k100,5,0.01803562018885972,False,115,1b,10000,2,1170612,1,5000,,64x64,0.0003,0.01,100
ordinary,h64x64_lr0.001_wd0.001_k10,6,0.15536924434148414,False,115,1b,10000,2,1170612,1,5000,,64x64,0.001,0.001,10
ordinary,h64x64_lr0.001_wd0.001_k30,7,0.008950303638699591,False,115,1b,10000,2,1170612,1,5000,,64x64,0.001,0.001,30
ordinary,h64x64_lr0.001_wd0.001_k100,8,0.028246873518809487,False,115,1b,10000,2,1170612,1,5000,,64x64,0.001,0.001,100
ordinary,h64x64_lr0.001_wd0.01_k10,9,0.3198925960540022,False,115,1b,10000,2,1170612,1,5000,,64x64,0.001,0.01,10
ordinary,h64x64_lr0.001_wd0.01_k30,10,0.02483034806047206,False,115,1b,10000,2,1170612,1,5000,,64x64,0.001,0.01,30
ordinary,h64x64_lr0.001_wd0.01_k100,11,0.010100453494891155,False,115,1b,10000,2,1170612,1,5000,,64x64,0.001,0.01,100
ordinary,h128x128_lr0.0003_wd0.001_k10,12,0.565674620546429,False,115,1b,10000,2,1170612,1,5000,,128x128,0.0003,0.001,10
ordinary,h128x128_lr0.0003_wd0.001_k30,13,0.03200239479083936,False,115,1b,10000,2,1170612,1,5000,,128x128,0.0003,0.001,30
ordinary,h128x128_lr0.0003_wd0.001_k100,14,0.0331813665003831,False,115,1b,10000,2,1170612,1,5000,,128x128,0.0003,0.001,100
ordinary,h128x128_lr0.0003_wd0.01_k10,15,0.7001952281183463,False,115,1b,10000,2,1170612,1,5000,,128x128,0.0003,0.01,10
ordinary,h128x128_lr0.0003_wd0.01_k30,16,0.12269943644355005,False,115,1b,10000,2,1170612,1,5000,,128x128,0.0003,0.01,30
ordinary,h128x128_lr0.0003_wd0.01_k100,17,0.011203025606033905,False,115,1b,10000,2,1170612,1,5000,,128x128,0.0003,0.01,100
ordinary,h128x128_lr0.001_wd0.001_k10,18,0.022974271640203582,False,115,1b,10000,2,1170612,1,5000,,128x128,0.001,0.001,10
ordinary,h128x128_lr0.001_wd0.001_k30,19,0.010279479398000517,False,115,1b,10000,2,1170612,1,5000,,128x128,0.001,0.001,30
ordinary,h128x128_lr0.001_wd0.001_k100,20,0.034864399646652534,False,115,1b,10000,2,1170612,1,5000,,128x128,0.001,0.001,100
ordinary,h128x128_lr0.001_wd0.01_k10,21,0.13418481528944595,False,115,1b,10000,2,1170612,1,5000,,128x128,0.001,0.01,10
ordinary,h128x128_lr0.001_wd0.01_k30,22,0.01858523590108489,False,115,1b,10000,2,1170612,1,5000,,128x128,0.001,0.01,30
ordinary,h128x128_lr0.001_wd0.01_k100,23,0.008454120704371806,True,115,1b,10000,2,1170612,1,5000,,128x128,0.001,0.01,100
signed-positive,h64x64_lr0.0003_wd0.001_k10,0,0.7975059133605338,False,116,1b,10000,2,1170612,1,5000,0.6224966418579893,64x64,0.0003,0.001,10
signed-positive,h64x64_lr0.0003_wd0.001_k30,1,0.15725746582747932,False,116,1b,10000,2,1170612,1,5000,0.6224966418579893,64x64,0.0003,0.001,30
signed-positive,h64x64_lr0.0003_wd0.001_k100,2,0.008983177920411811,False,116,1b,10000,2,1170612,1,5000,0.6224966418579893,64x64,0.0003,0.001,100
signed-positive,h64x64_lr0.0003_wd0.01_k10,3,0.8564729162431488,False,116,1b,10000,2,1170612,1,5000,0.6224966418579893,64x64,0.0003,0.01,10
signed-positive,h64x64_lr0.0003_wd0.01_k30,4,0.39470680558687654,False,116,1b,10000,2,1170612,1,5000,0.6224966418579893,64x64,0.0003,0.01,30
signed-positive,h64x64_lr0.0003_wd0.01_k100,5,0.031226293118656392,False,116,1b,10000,2,1170612,1,5000,0.6224966418579893,64x64,0.0003,0.01,100
signed-positive,h64x64_lr0.001_wd0.001_k10,6,0.1792148107343057,False,116,1b,10000,2,1170612,1,5000,0.6224966418579893,64x64,0.001,0.001,10
signed-positive,h64x64_lr0.001_wd0.001_k30,7,0.012779171795893364,False,116,1b,10000,2,1170612,1,5000,0.6224966418579893,64x64,0.001,0.001,30
signed-positive,h64x64_lr0.001_wd0.001_k100,8,0.007740255724112254,False,116,1b,10000,2,1170612,1,5000,0.6224966418579893,64x64,0.001,0.001,100
signed-positive,h64x64_lr0.001_wd0.01_k10,9,0.43507379811406693,False,116,1b,10000,2,1170612,1,5000,0.6224966418579893,64x64,0.001,0.01,10
signed-positive,h64x64_lr0.001_wd0.01_k30,10,0.03704314651750258,False,116,1b,10000,2,1170612,1,5000,0.6224966418579893,64x64,0.001,0.01,30
signed-positive,h64x64_lr0.001_wd0.01_k100,11,0.016250220281407882,False,116,1b,10000,2,1170612,1,5000,0.6224966418579893,64x64,0.001,0.01,100
signed-positive,h128x128_lr0.0003_wd0.001_k10,12,0.6688970676860436,False,116,1b,10000,2,1170612,1,5000,0.6224966418579893,128x128,0.0003,0.001,10
signed-positive,h128x128_lr0.0003_wd0.001_k30,13,0.06724290292578666,False,116,1b,10000,2,1170612,1,5000,0.6224966418579893,128x128,0.0003,0.001,30
signed-positive,h128x128_lr0.0003_wd0.001_k100,14,0.00523574225717271,True,116,1b,10000,2,1170612,1,5000,0.6224966418579893,128x128,0.0003,0.001,100
signed-positive,h128x128_lr0.0003_wd0.01_k10,15,0.8211689647752461,False,116,1b,10000,2,1170612,1,5000,0.6224966418579893,128x128,0.0003,0.01,10
signed-positive,h128x128_lr0.0003_wd0.01_k30,16,0.18319093803272707,False,116,1b,10000,2,1170612,1,5000,0.6224966418579893,128x128,0.0003,0.01,30
signed-positive,h128x128_lr0.0003_wd0.01_k100,17,0.02673509928636317,False,116,1b,10000,2,1170612,1,5000,0.6224966418579893,128x128,0.0003,0.01,100
signed-positive,h128x128_lr0.001_wd0.001_k10,18,0.0742154823754675,False,116,1b,10000,2,1170612,1,5000,0.6224966418579893,128x128,0.001,0.001,10
signed-positive,h128x128_lr0.001_wd0.001_k30,19,0.009909059566777713,False,116,1b,10000,2,1170612,1,5000,0.6224966418579893,128x128,0.001,0.001,30
signed-positive,h128x128_lr0.001_wd0.001_k100,20,0.020471587790630175,False,116,1b,10000,2,1170612,1,5000,0.6224966418579893,128x128,0.001,0.001,100
signed-positive,h128x128_lr0.001_wd0.01_k10,21,0.19382510627585217,False,116,1b,10000,2,1170612,1,5000,0.6224966418579893,128x128,0.001,0.01,10
signed-positive,h128x128_lr0.001_wd0.01_k30,22,0.029355844140717628,False,116,1b,10000,2,1170612,1,5000,0.6224966418579893,128x128,0.001,0.01,30
signed-positive,h128x128_lr0.001_wd0.01_k100,23,0.01453096763436701,False,116,1b,10000,2,1170612,1,5000,0.6224966418579893,128x128,0.001,0.01,100
signed-negative,h64x64_lr0.0003_wd0.001_k10,0,0.6786420396891165,False,117,1b,10000,2,1170612,1,5000,0.6465980110850504,64x64,0.0003,0.001,10
signed-negative,h64x64_lr0.0003_wd0.001_k30,1,0.11536215758974538,False,117,1b,10000,2,1170612,1,5000,0.6465980110850504,64x64,0.0003,0.001,30
signed-negative,h64x64_lr0.0003_wd0.001_k100,2,0.003667978487675592,False,117,1b,10000,2,1170612,1,5000,0.6465980110850504,64x64,0.0003,0.001,100
signed-negative,h64x64_lr0.0003_wd0.01_k10,3,0.7316849407118069,False,117,1b,10000,2,1170612,1,5000,0.6465980110850504,64x64,0.0003,0.01,10
signed-negative,h64x64_lr0.0003_wd0.01_k30,4,0.2946093386444353,False,117,1b,10000,2,1170612,1,5000,0.6465980110850504,64x64,0.0003,0.01,30
signed-negative,h64x64_lr0.0003_wd0.01_k100,5,0.02540070887667421,False,117,1b,10000,2,1170612,1,5000,0.6465980110850504,64x64,0.0003,0.01,100
signed-negative,h64x64_lr0.001_wd0.001_k10,6,0.13747227416669536,False,117,1b,10000,2,1170612,1,5000,0.6465980110850504,64x64,0.001,0.001,10
signed-negative,h64x64_lr0.001_wd0.001_k30,7,0.00809610404897898,False,117,1b,10000,2,1170612,1,5000,0.6465980110850504,64x64,0.001,0.001,30
signed-negative,h64x64_lr0.001_wd0.001_k100,8,0.008333665724351048,False,117,1b,10000,2,1170612,1,5000,0.6465980110850504,64x64,0.001,0.001,100
signed-negative,h64x64_lr0.001_wd0.01_k10,9,0.3296083773101026,False,117,1b,10000,2,1170612,1,5000,0.6465980110850504,64x64,0.001,0.01,10
signed-negative,h64x64_lr0.001_wd0.01_k30,10,0.027047063468985586,False,117,1b,10000,2,1170612,1,5000,0.6465980110850504,64x64,0.001,0.01,30
signed-negative,h64x64_lr0.001_wd0.01_k100,11,0.007872445060592698,False,117,1b,10000,2,1170612,1,5000,0.6465980110850504,64x64,0.001,0.01,100
signed-negative,h128x128_lr0.0003_wd0.001_k10,12,0.562486672662645,False,117,1b,10000,2,1170612,1,5000,0.6465980110850504,128x128,0.0003,0.001,10
signed-negative,h128x128_lr0.0003_wd0.001_k30,13,0.030802531872715148,False,117,1b,10000,2,1170612,1,5000,0.6465980110850504,128x128,0.0003,0.001,30
signed-negative,h128x128_lr0.0003_wd0.001_k100,14,0.00290727249543292,True,117,1b,10000,2,1170612,1,5000,0.6465980110850504,128x128,0.0003,0.001,100
signed-negative,h128x128_lr0.0003_wd0.01_k10,15,0.6950619496366115,False,117,1b,10000,2,1170612,1,5000,0.6465980110850504,128x128,0.0003,0.01,10
signed-negative,h128x128_lr0.0003_wd0.01_k30,16,0.10938599131473094,False,117,1b,10000,2,1170612,1,5000,0.6465980110850504,128x128,0.0003,0.01,30
signed-negative,h128x128_lr0.0003_wd0.01_k100,17,0.017417694355017933,False,117,1b,10000,2,1170612,1,5000,0.6465980110850504,128x128,0.0003,0.01,100
signed-negative,h128x128_lr0.001_wd0.001_k10,18,0.03613026891294061,False,117,1b,10000,2,1170612,1,5000,0.6465980110850504,128x128,0.001,0.001,10
signed-negative,h128x128_lr0.001_wd0.001_k30,19,0.01749278651119018,False,117,1b,10000,2,1170612,1,5000,0.6465980110850504,128x128,0.001,0.001,30
signed-negative,h128x128_lr0.001_wd0.001_k100,20,0.024844855773740106,False,117,1b,10000,2,1170612,1,5000,0.6465980110850504,128x128,0.001,0.001,100
signed-negative,h128x128_lr0.001_wd0.01_k10,21,0.13038801025121585,False,117,1b,10000,2,1170612,1,5000,0.6465980110850504,128x128,0.001,0.01,10
signed-negative,h128x128_lr0.001_wd0.01_k30,22,0.0234963410585642,False,117,1b,10000,2,1170612,1,5000,0.6465980110850504,128x128,0.001,0.01,30
signed-negative,h128x128_lr0.001_wd0.01_k100,23,0.008278798357038987,False,117,1b,10000,2,1170612,1,5000,0.6465980110850504,128x128,0.001,0.01,100
ordinary,h64x64_lr0.0003_wd0.001_k10,0,0.7514553000481933,False,118,1b,10000,3,1270615,0,5000,,64x64,0.0003,0.001,10
ordinary,h64x64_lr0.0003_wd0.001_k30,1,0.15839319717190384,False,118,1b,10000,3,1270615,0,5000,,64x64,0.0003,0.001,30
ordinary,h64x64_lr0.0003_wd0.001_k100,2,0.005118607886138877,False,118,1b,10000,3,1270615,0,5000,,64x64,0.0003,0.001,100
ordinary,h64x64_lr0.0003_wd0.01_k10,3,0.8159000607981254,False,118,1b,10000,3,1270615,0,5000,,64x64,0.0003,0.01,10
ordinary,h64x64_lr0.0003_wd0.01_k30,4,0.3543156173019671,False,118,1b,10000,3,1270615,0,5000,,64x64,0.0003,0.01,30
ordinary,h64x64_lr0.0003_wd0.01_k100,5,0.029042038075917376,False,118,1b,10000,3,1270615,0,5000,,64x64,0.0003,0.01,100
ordinary,h64x64_lr0.001_wd0.001_k10,6,0.17297995060408433,False,118,1b,10000,3,1270615,0,5000,,64x64,0.001,0.001,10
ordinary,h64x64_lr0.001_wd0.001_k30,7,0.0069606199331959375,False,118,1b,10000,3,1270615,0,5000,,64x64,0.001,0.001,30
ordinary,h64x64_lr0.001_wd0.001_k100,8,0.004679919696004789,False,118,1b,10000,3,1270615,0,5000,,64x64,0.001,0.001,100
ordinary,h64x64_lr0.001_wd0.01_k10,9,0.3916390184199792,False,118,1b,10000,3,1270615,0,5000,,64x64,0.001,0.01,10
ordinary,h64x64_lr0.001_wd0.01_k30,10,0.030737818129897385,False,118,1b,10000,3,1270615,0,5000,,64x64,0.001,0.01,30
ordinary,h64x64_lr0.001_wd0.01_k100,11,0.014160208017316133,False,118,1b,10000,3,1270615,0,5000,,64x64,0.001,0.01,100
ordinary,h128x128_lr0.0003_wd0.001_k10,12,0.5824513043944834,False,118,1b,10000,3,1270615,0,5000,,128x128,0.0003,0.001,10
ordinary,h128x128_lr0.0003_wd0.001_k30,13,0.036878735333206854,False,118,1b,10000,3,1270615,0,5000,,128x128,0.0003,0.001,30
ordinary,h128x128_lr0.0003_wd0.001_k100,14,0.006711902238389187,False,118,1b,10000,3,1270615,0,5000,,128x128,0.0003,0.001,100
ordinary,h128x128_lr0.0003_wd0.01_k10,15,0.7458710570499364,False,118,1b,10000,3,1270615,0,5000,,128x128,0.0003,0.01,10
ordinary,h128x128_lr0.0003_wd0.01_k30,16,0.1432125077659158,False,118,1b,10000,3,1270615,0,5000,,128x128,0.0003,0.01,30
ordinary,h128x128_lr0.0003_wd0.01_k100,17,0.021136664712480453,False,118,1b,10000,3,1270615,0,5000,,128x128,0.0003,0.01,100
ordinary,h128x128_lr0.001_wd0.001_k10,18,0.031858823973428825,False,118,1b,10000,3,1270615,0,5000,,128x128,0.001,0.001,10
ordinary,h128x128_lr0.001_wd0.001_k30,19,0.005397133422601868,False,118,1b,10000,3,1270615,0,5000,,128x128,0.001,0.001,30
ordinary,h128x128_lr0.001_wd0.001_k100,20,0.0020872500206315903,True,118,1b,10000,3,1270615,0,5000,,128x128,0.001,0.001,100
ordinary,h128x128_lr0.001_wd0.01_k10,21,0.14215952227201112,False,118,1b,10000,3,1270615,0,5000,,128x128,0.001,0.01,10
ordinary,h128x128_lr0.001_wd0.01_k30,22,0.02344489191373941,False,118,1b,10000,3,1270615,0,5000,,128x128,0.001,0.01,30
ordinary,h128x128_lr0.001_wd0.01_k100,23,0.009780350160544475,False,118,1b,10000,3,1270615,0,5000,,128x128,0.001,0.01,100
signed-positive,h64x64_lr0.0003_wd0.001_k10,0,0.8654381636870757,False,119,1b,10000,3,1270615,0,5000,0.6254237121698251,64x64,0.0003,0.001,10
signed-positive,h64x64_lr0.0003_wd0.001_k30,1,0.16545299791844623,False,119,1b,10000,3,1270615,0,5000,0.6254237121698251,64x64,0.0003,0.001,30
signed-positive,h64x64_lr0.0003_wd0.001_k100,2,0.004810445017839195,False,119,1b,10000,3,1270615,0,5000,0.6254237121698251,64x64,0.0003,0.001,100
signed-positive,h64x64_lr0.0003_wd0.01_k10,3,0.9187183856909524,False,119,1b,10000,3,1270615,0,5000,0.6254237121698251,64x64,0.0003,0.01,10
signed-positive,h64x64_lr0.0003_wd0.01_k30,4,0.43578348094563685,False,119,1b,10000,3,1270615,0,5000,0.6254237121698251,64x64,0.0003,0.01,30
signed-positive,h64x64_lr0.0003_wd0.01_k100,5,0.026679611159744824,False,119,1b,10000,3,1270615,0,5000,0.6254237121698251,64x64,0.0003,0.01,100
signed-positive,h64x64_lr0.001_wd0.001_k10,6,0.23238560581600431,False,119,1b,10000,3,1270615,0,5000,0.6254237121698251,64x64,0.001,0.001,10
signed-positive,h64x64_lr0.001_wd0.001_k30,7,0.001229425859701373,False,119,1b,10000,3,1270615,0,5000,0.6254237121698251,64x64,0.001,0.001,30
signed-positive,h64x64_lr0.001_wd0.001_k100,8,0.008057097339390891,False,119,1b,10000,3,1270615,0,5000,0.6254237121698251,64x64,0.001,0.001,100
signed-positive,h64x64_lr0.001_wd0.01_k10,9,0.507442574532775,False,119,1b,10000,3,1270615,0,5000,0.6254237121698251,64x64,0.001,0.01,10
signed-positive,h64x64_lr0.001_wd0.01_k30,10,0.024065421046587144,False,119,1b,10000,3,1270615,0,5000,0.6254237121698251,64x64,0.001,0.01,30
signed-positive,h64x64_lr0.001_wd0.01_k100,11,0.00856698801958735,False,119,1b,10000,3,1270615,0,5000,0.6254237121698251,64x64,0.001,0.01,100
signed-positive,h128x128_lr0.0003_wd0.001_k10,12,0.6366116524768705,False,119,1b,10000,3,1270615,0,5000,0.6254237121698251,128x128,0.0003,0.001,10
signed-positive,h128x128_lr0.0003_wd0.001_k30,13,0.03364571341881115,False,119,1b,10000,3,1270615,0,5000,0.6254237121698251,128x128,0.0003,0.001,30
signed-positive,h128x128_lr0.0003_wd0.001_k100,14,0.004432284483260706,False,119,1b,10000,3,1270615,0,5000,0.6254237121698251,128x128,0.0003,0.001,100
signed-positive,h128x128_lr0.0003_wd0.01_k10,15,0.8056049148327216,False,119,1b,10000,3,1270615,0,5000,0.6254237121698251,128x128,0.0003,0.01,10
signed-positive,h128x128_lr0.0003_wd0.01_k30,16,0.15368241087208967,False,119,1b,10000,3,1270615,0,5000,0.6254237121698251,128x128,0.0003,0.01,30
signed-positive,h128x128_lr0.0003_wd0.01_k100,17,0.018048837441027466,False,119,1b,10000,3,1270615,0,5000,0.6254237121698251,128x128,0.0003,0.01,100
signed-positive,h128x128_lr0.001_wd0.001_k10,18,0.05274063243765567,False,119,1b,10000,3,1270615,0,5000,0.6254237121698251,128x128,0.001,0.001,10
signed-positive,h128x128_lr0.001_wd0.001_k30,19,0.001134478269434323,True,119,1b,10000,3,1270615,0,5000,0.6254237121698251,128x128,0.001,0.001,30
signed-positive,h128x128_lr0.001_wd0.001_k100,20,0.013069310380651292,False,119,1b,10000,3,1270615,0,5000,0.6254237121698251,128x128,0.001,0.001,100
signed-positive,h128x128_lr0.001_wd0.01_k10,21,0.1877060059228535,False,119,1b,10000,3,1270615,0,5000,0.6254237121698251,128x128,0.001,0.01,10
signed-positive,h128x128_lr0.001_wd0.01_k30,22,0.013607704335768316,False,119,1b,10000,3,1270615,0,5000,0.6254237121698251,128x128,0.001,0.01,30
signed-positive,h128x128_lr0.001_wd0.01_k100,23,0.009174081027726062,False,119,1b,10000,3,1270615,0,5000,0.6254237121698251,128x128,0.001,0.01,100
signed-negative,h64x64_lr0.0003_wd0.001_k10,0,0.7295463869076746,False,120,1b,10000,3,1270615,0,5000,0.656699545893553,64x64,0.0003,0.001,10
signed-negative,h64x64_lr0.0003_wd0.001_k30,1,0.11284596125619853,False,120,1b,10000,3,1270615,0,5000,0.656699545893553,64x64,0.0003,0.001,30
signed-negative,h64x64_lr0.0003_wd0.001_k100,2,0.004926389277493358,False,120,1b,10000,3,1270615,0,5000,0.656699545893553,64x64,0.0003,0.001,100
signed-negative,h64x64_lr0.0003_wd0.01_k10,3,0.8184741708335138,False,120,1b,10000,3,1270615,0,5000,0.656699545893553,64x64,0.0003,0.01,10
signed-negative,h64x64_lr0.0003_wd0.01_k30,4,0.28735096784208547,False,120,1b,10000,3,1270615,0,5000,0.656699545893553,64x64,0.0003,0.01,30
signed-negative,h64x64_lr0.0003_wd0.01_k100,5,0.023513523081429965,False,120,1b,10000,3,1270615,0,5000,0.656699545893553,64x64,0.0003,0.01,100
signed-negative,h64x64_lr0.001_wd0.001_k10,6,0.11249176830930141,False,120,1b,10000,3,1270615,0,5000,0.656699545893553,64x64,0.001,0.001,10
signed-negative,h64x64_lr0.001_wd0.001_k30,7,0.006937234777150224,False,120,1b,10000,3,1270615,0,5000,0.656699545893553,64x64,0.001,0.001,30
signed-negative,h64x64_lr0.001_wd0.001_k100,8,0.0023709785068798507,False,120,1b,10000,3,1270615,0,5000,0.656699545893553,64x64,0.001,0.001,100
signed-negative,h64x64_lr0.001_wd0.01_k10,9,0.3033823143681805,False,120,1b,10000,3,1270615,0,5000,0.656699545893553,64x64,0.001,0.01,10
signed-negative,h64x64_lr0.001_wd0.01_k30,10,0.02848348848678588,False,120,1b,10000,3,1270615,0,5000,0.656699545893553,64x64,0.001,0.01,30
signed-negative,h64x64_lr0.001_wd0.01_k100,11,0.007849555396288167,False,120,1b,10000,3,1270615,0,5000,0.656699545893553,64x64,0.001,0.01,100
signed-negative,h128x128_lr0.0003_wd0.001_k10,12,0.5563953400963717,False,120,1b,10000,3,1270615,0,5000,0.656699545893553,128x128,0.0003,0.001,10
signed-negative,h128x128_lr0.0003_wd0.001_k30,13,0.02604631407589241,False,120,1b,10000,3,1270615,0,5000,0.656699545893553,128x128,0.0003,0.001,30
signed-negative,h128x128_lr0.0003_wd0.001_k100,14,0.0015784167806780474,True,120,1b,10000,3,1270615,0,5000,0.656699545893553,128x128,0.0003,0.001,100
signed-negative,h128x128_lr0.0003_wd0.01_k10,15,0.7539973304677872,False,120,1b,10000,3,1270615,0,5000,0.656699545893553,128x128,0.0003,0.01,10
signed-negative,h128x128_lr0.0003_wd0.01_k30,16,0.10286113966227123,False,120,1b,10000,3,1270615,0,5000,0.656699545893553,128x128,0.0003,0.01,30
signed-negative,h128x128_lr0.0003_wd0.01_k100,17,0.014188480207675328,False,120,1b,10000,3,1270615,0,5000,0.656699545893553,128x128,0.0003,0.01,100
signed-negative,h128x128_lr0.001_wd0.001_k10,18,0.022547238286328222,False,120,1b,10000,3,1270615,0,5000,0.656699545893553,128x128,0.001,0.001,10
signed-negative,h128x128_lr0.001_wd0.001_k30,19,0.009117651314599868,False,120,1b,10000,3,1270615,0,5000,0.656699545893553,128x128,0.001,0.001,30
signed-negative,h128x128_lr0.001_wd0.001_k100,20,0.006037166935550531,False,120,1b,10000,3,1270615,0,5000,0.656699545893553,128x128,0.001,0.001,100
signed-negative,h128x128_lr0.001_wd0.01_k10,21,0.09219816601897181,False,120,1b,10000,3,1270615,0,5000,0.656699545893553,128x128,0.001,0.01,10
signed-negative,h128x128_lr0.001_wd0.01_k30,22,0.019688706589476173,False,120,1b,10000,3,1270615,0,5000,0.656699545893553,128x128,0.001,0.01,30
signed-negative,h128x128_lr0.001_wd0.01_k100,23,0.007847544372255997,False,120,1b,10000,3,1270615,0,5000,0.656699545893553,128x128,0.001,0.01,100
ordinary,h64x64_lr0.0003_wd0.001_k10,0,0.669305001566434,False,121,1b,10000,3,1270615,1,5000,,64x64,0.0003,0.001,10
ordinary,h64x64_lr0.0003_wd0.001_k30,1,0.10649380477625668,False,121,1b,10000,3,1270615,1,5000,,64x64,0.0003,0.001,30
ordinary,h64x64_lr0.0003_wd0.001_k100,2,0.004054258815864829,True,121,1b,10000,3,1270615,1,5000,,64x64,0.0003,0.001,100
ordinary,h64x64_lr0.0003_wd0.01_k10,3,0.731370885083046,False,121,1b,10000,3,1270615,1,5000,,64x64,0.0003,0.01,10
ordinary,h64x64_lr0.0003_wd0.01_k30,4,0.3070834782928426,False,121,1b,10000,3,1270615,1,5000,,64x64,0.0003,0.01,30
ordinary,h64x64_lr0.0003_wd0.01_k100,5,0.01692936898340401,False,121,1b,10000,3,1270615,1,5000,,64x64,0.0003,0.01,100
ordinary,h64x64_lr0.001_wd0.001_k10,6,0.12814104485816152,False,121,1b,10000,3,1270615,1,5000,,64x64,0.001,0.001,10
ordinary,h64x64_lr0.001_wd0.001_k30,7,0.0062171811538166595,False,121,1b,10000,3,1270615,1,5000,,64x64,0.001,0.001,30
ordinary,h64x64_lr0.001_wd0.001_k100,8,0.014424488368863517,False,121,1b,10000,3,1270615,1,5000,,64x64,0.001,0.001,100
ordinary,h64x64_lr0.001_wd0.01_k10,9,0.33598881177126344,False,121,1b,10000,3,1270615,1,5000,,64x64,0.001,0.01,10
ordinary,h64x64_lr0.001_wd0.01_k30,10,0.018342450216417013,False,121,1b,10000,3,1270615,1,5000,,64x64,0.001,0.01,30
ordinary,h64x64_lr0.001_wd0.01_k100,11,0.011796380818459233,False,121,1b,10000,3,1270615,1,5000,,64x64,0.001,0.01,100
ordinary,h128x128_lr0.0003_wd0.001_k10,12,0.5295415602395568,False,121,1b,10000,3,1270615,1,5000,,128x128,0.0003,0.001,10
ordinary,h128x128_lr0.0003_wd0.001_k30,13,0.01876783127029983,False,121,1b,10000,3,1270615,1,5000,,128x128,0.0003,0.001,30
ordinary,h128x128_lr0.0003_wd0.001_k100,14,0.007508683676532073,False,121,1b,10000,3,1270615,1,5000,,128x128,0.0003,0.001,100
ordinary,h128x128_lr0.0003_wd0.01_k10,15,0.6739328946774489,False,121,1b,10000,3,1270615,1,5000,,128x128,0.0003,0.01,10
ordinary,h128x128_lr0.0003_wd0.01_k30,16,0.1041871274577003,False,121,1b,10000,3,1270615,1,5000,,128x128,0.0003,0.01,30
ordinary,h128x128_lr0.0003_wd0.01_k100,17,0.011930839182880298,False,121,1b,10000,3,1270615,1,5000,,128x128,0.0003,0.01,100
ordinary,h128x128_lr0.001_wd0.001_k10,18,0.021502684853782667,False,121,1b,10000,3,1270615,1,5000,,128x128,0.001,0.001,10
ordinary,h128x128_lr0.001_wd0.001_k30,19,0.007038600920531733,False,121,1b,10000,3,1270615,1,5000,,128x128,0.001,0.001,30
ordinary,h128x128_lr0.001_wd0.001_k100,20,0.01717294360746751,False,121,1b,10000,3,1270615,1,5000,,128x128,0.001,0.001,100
ordinary,h128x128_lr0.001_wd0.01_k10,21,0.11834805069744417,False,121,1b,10000,3,1270615,1,5000,,128x128,0.001,0.01,10
ordinary,h128x128_lr0.001_wd0.01_k30,22,0.01649183079310371,False,121,1b,10000,3,1270615,1,5000,,128x128,0.001,0.01,30
ordinary,h128x128_lr0.001_wd0.01_k100,23,0.01830402813059517,False,121,1b,10000,3,1270615,1,5000,,128x128,0.001,0.01,100
signed-positive,h64x64_lr0.0003_wd0.001_k10,0,0.898124211575351,False,122,1b,10000,3,1270615,1,5000,0.5887633904867949,64x64,0.0003,0.001,10
signed-positive,h64x64_lr0.0003_wd0.001_k30,1,0.17477570930920489,False,122,1b,10000,3,1270615,1,5000,0.5887633904867949,64x64,0.0003,0.001,30
signed-positive,h64x64_lr0.0003_wd0.001_k100,2,0.011164641251059471,False,122,1b,10000,3,1270615,1,5000,0.5887633904867949,64x64,0.0003,0.001,100
signed-positive,h64x64_lr0.0003_wd0.01_k10,3,0.9680720038704409,False,122,1b,10000,3,1270615,1,5000,0.5887633904867949,64x64,0.0003,0.01,10
signed-positive,h64x64_lr0.0003_wd0.01_k30,4,0.4342333760284072,False,122,1b,10000,3,1270615,1,5000,0.5887633904867949,64x64,0.0003,0.01,30
signed-positive,h64x64_lr0.0003_wd0.01_k100,5,0.039791767114810306,False,122,1b,10000,3,1270615,1,5000,0.5887633904867949,64x64,0.0003,0.01,100
signed-positive,h64x64_lr0.001_wd0.001_k10,6,0.19855595690441818,False,122,1b,10000,3,1270615,1,5000,0.5887633904867949,64x64,0.001,0.001,10
signed-positive,h64x64_lr0.001_wd0.001_k30,7,0.013911548603928882,False,122,1b,10000,3,1270615,1,5000,0.5887633904867949,64x64,0.001,0.001,30
signed-positive,h64x64_lr0.001_wd0.001_k100,8,0.005529395026019251,False,122,1b,10000,3,1270615,1,5000,0.5887633904867949,64x64,0.001,0.001,100
signed-positive,h64x64_lr0.001_wd0.01_k10,9,0.47268327284214723,False,122,1b,10000,3,1270615,1,5000,0.5887633904867949,64x64,0.001,0.01,10
signed-positive,h64x64_lr0.001_wd0.01_k30,10,0.04283923980737259,False,122,1b,10000,3,1270615,1,5000,0.5887633904867949,64x64,0.001,0.01,30
signed-positive,h64x64_lr0.001_wd0.01_k100,11,0.01856482018517596,False,122,1b,10000,3,1270615,1,5000,0.5887633904867949,64x64,0.001,0.01,100
signed-positive,h128x128_lr0.0003_wd0.001_k10,12,0.77556219847709,False,122,1b,10000,3,1270615,1,5000,0.5887633904867949,128x128,0.0003,0.001,10
signed-positive,h128x128_lr0.0003_wd0.001_k30,13,0.056114005823369985,False,122,1b,10000,3,1270615,1,5000,0.5887633904867949,128x128,0.0003,0.001,30
signed-positive,h128x128_lr0.0003_wd0.001_k100,14,0.006298521148919038,False,122,1b,10000,3,1270615,1,5000,0.5887633904867949,128x128,0.0003,0.001,100
signed-positive,h128x128_lr0.0003_wd0.01_k10,15,0.9163240938214027,False,122,1b,10000,3,1270615,1,5000,0.5887633904867949,128x128,0.0003,0.01,10
signed-positive,h128x128_lr0.0003_wd0.01_k30,16,0.20366211779793025,False,122,1b,10000,3,1270615,1,5000,0.5887633904867949,128x128,0.0003,0.01,30
signed-positive,h128x128_lr0.0003_wd0.01_k100,17,0.03049126955320599,False,122,1b,10000,3,1270615,1,5000,0.5887633904867949,128x128,0.0003,0.01,100
signed-positive,h128x128_lr0.001_wd0.001_k10,18,0.05437317164033676,False,122,1b,10000,3,1270615,1,5000,0.5887633904867949,128x128,0.001,0.001,10
signed-positive,h128x128_lr0.001_wd0.001_k30,19,0.01443701474578306,False,122,1b,10000,3,1270615,1,5000,0.5887633904867949,128x128,0.001,0.001,30
signed-positive,h128x128_lr0.001_wd0.001_k100,20,0.0038609425960662905,True,122,1b,10000,3,1270615,1,5000,0.5887633904867949,128x128,0.001,0.001,100
signed-positive,h128x128_lr0.001_wd0.01_k10,21,0.24168678531792911,False,122,1b,10000,3,1270615,1,5000,0.5887633904867949,128x128,0.001,0.01,10
signed-positive,h128x128_lr0.001_wd0.01_k30,22,0.03813904995871187,False,122,1b,10000,3,1270615,1,5000,0.5887633904867949,128x128,0.001,0.01,30
signed-positive,h128x128_lr0.001_wd0.01_k100,23,0.019995384191375247,False,122,1b,10000,3,1270615,1,5000,0.5887633904867949,128x128,0.001,0.01,100
signed-negative,h64x64_lr0.0003_wd0.001_k10,0,0.8204585006773161,False,123,1b,10000,3,1270615,1,5000,0.6271690740434835,64x64,0.0003,0.001,10
signed-negative,h64x64_lr0.0003_wd0.001_k30,1,0.15512982595509017,False,123,1b,10000,3,1270615,1,5000,0.6271690740434835,64x64,0.0003,0.001,30
signed-negative,h64x64_lr0.0003_wd0.001_k100,2,0.01385687854618313,False,123,1b,10000,3,1270615,1,5000,0.6271690740434835,64x64,0.0003,0.001,100
signed-negative,h64x64_lr0.0003_wd0.01_k10,3,0.8974755148092488,False,123,1b,10000,3,1270615,1,5000,0.6271690740434835,64x64,0.0003,0.01,10
signed-negative,h64x64_lr0.0003_wd0.01_k30,4,0.3797685753507834,False,123,1b,10000,3,1270615,1,5000,0.6271690740434835,64x64,0.0003,0.01,30
signed-negative,h64x64_lr0.0003_wd0.01_k100,5,0.0472479280634416,False,123,1b,10000,3,1270615,1,5000,0.6271690740434835,64x64,0.0003,0.01,100
signed-negative,h64x64_lr0.001_wd0.001_k10,6,0.16694883439940392,False,123,1b,10000,3,1270615,1,5000,0.6271690740434835,64x64,0.001,0.001,10
signed-negative,h64x64_lr0.001_wd0.001_k30,7,0.014664194231126654,False,123,1b,10000,3,1270615,1,5000,0.6271690740434835,64x64,0.001,0.001,30
signed-negative,h64x64_lr0.001_wd0.001_k100,8,0.0015490274006052904,False,123,1b,10000,3,1270615,1,5000,0.6271690740434835,64x64,0.001,0.001,100
signed-negative,h64x64_lr0.001_wd0.01_k10,9,0.41005091682690703,False,123,1b,10000,3,1270615,1,5000,0.6271690740434835,64x64,0.001,0.01,10
signed-negative,h64x64_lr0.001_wd0.01_k30,10,0.045426528559615195,False,123,1b,10000,3,1270615,1,5000,0.6271690740434835,64x64,0.001,0.01,30
signed-negative,h64x64_lr0.001_wd0.01_k100,11,0.01784176261044585,False,123,1b,10000,3,1270615,1,5000,0.6271690740434835,64x64,0.001,0.01,100
signed-negative,h128x128_lr0.0003_wd0.001_k10,12,0.662828193700488,False,123,1b,10000,3,1270615,1,5000,0.6271690740434835,128x128,0.0003,0.001,10
signed-negative,h128x128_lr0.0003_wd0.001_k30,13,0.035288779544888814,False,123,1b,10000,3,1270615,1,5000,0.6271690740434835,128x128,0.0003,0.001,30
signed-negative,h128x128_lr0.0003_wd0.001_k100,14,0.0055674467548589455,False,123,1b,10000,3,1270615,1,5000,0.6271690740434835,128x128,0.0003,0.001,100
signed-negative,h128x128_lr0.0003_wd0.01_k10,15,0.8478143236734348,False,123,1b,10000,3,1270615,1,5000,0.6271690740434835,128x128,0.0003,0.01,10
signed-negative,h128x128_lr0.0003_wd0.01_k30,16,0.1495856176411232,False,123,1b,10000,3,1270615,1,5000,0.6271690740434835,128x128,0.0003,0.01,30
signed-negative,h128x128_lr0.0003_wd0.01_k100,17,0.03050256117944962,False,123,1b,10000,3,1270615,1,5000,0.6271690740434835,128x128,0.0003,0.01,100
signed-negative,h128x128_lr0.001_wd0.001_k10,18,0.03139395273047038,False,123,1b,10000,3,1270615,1,5000,0.6271690740434835,128x128,0.001,0.001,10
signed-negative,h128x128_lr0.001_wd0.001_k30,19,0.00975630372913951,False,123,1b,10000,3,1270615,1,5000,0.6271690740434835,128x128,0.001,0.001,30
signed-negative,h128x128_lr0.001_wd0.001_k100,20,0.0,True,123,1b,10000,3,1270615,1,5000,0.6271690740434835,128x128,0.001,0.001,100
signed-negative,h128x128_lr0.001_wd0.01_k10,21,0.15940558947909286,False,123,1b,10000,3,1270615,1,5000,0.6271690740434835,128x128,0.001,0.01,10
signed-negative,h128x128_lr0.001_wd0.01_k30,22,0.030036901827097433,False,123,1b,10000,3,1270615,1,5000,0.6271690740434835,128x128,0.001,0.01,30
signed-negative,h128x128_lr0.001_wd0.01_k100,23,0.015061680750114492,False,123,1b,10000,3,1270615,1,5000,0.6271690740434835,128x128,0.001,0.01,100
ordinary,h64x64_lr0.0003_wd0.001_k10,0,0.771161536968533,False,124,1b,10000,4,1370618,0,5000,,64x64,0.0003,0.001,10
ordinary,h64x64_lr0.0003_wd0.001_k30,1,0.13444559443625337,False,124,1b,10000,4,1370618,0,5000,,64x64,0.0003,0.001,30
ordinary,h64x64_lr0.0003_wd0.001_k100,2,0.001641366716211163,True,124,1b,10000,4,1370618,0,5000,,64x64,0.0003,0.001,100
ordinary,h64x64_lr0.0003_wd0.01_k10,3,0.8301677242232391,False,124,1b,10000,4,1370618,0,5000,,64x64,0.0003,0.01,10
ordinary,h64x64_lr0.0003_wd0.01_k30,4,0.3770100552640778,False,124,1b,10000,4,1370618,0,5000,,64x64,0.0003,0.01,30
ordinary,h64x64_lr0.0003_wd0.01_k100,5,0.017228951190243,False,124,1b,10000,4,1370618,0,5000,,64x64,0.0003,0.01,100
ordinary,h64x64_lr0.001_wd0.001_k10,6,0.1502855775619715,False,124,1b,10000,4,1370618,0,5000,,64x64,0.001,0.001,10
ordinary,h64x64_lr0.001_wd0.001_k30,7,0.003228614123579775,False,124,1b,10000,4,1370618,0,5000,,64x64,0.001,0.001,30
ordinary,h64x64_lr0.001_wd0.001_k100,8,0.006236119493805605,False,124,1b,10000,4,1370618,0,5000,,64x64,0.001,0.001,100
ordinary,h64x64_lr0.001_wd0.01_k10,9,0.4073500707793471,False,124,1b,10000,4,1370618,0,5000,,64x64,0.001,0.01,10
ordinary,h64x64_lr0.001_wd0.01_k30,10,0.02246223840975539,False,124,1b,10000,4,1370618,0,5000,,64x64,0.001,0.01,30
ordinary,h64x64_lr0.001_wd0.01_k100,11,0.004344277252942297,False,124,1b,10000,4,1370618,0,5000,,64x64,0.001,0.01,100
ordinary,h128x128_lr0.0003_wd0.001_k10,12,0.5702277785509134,False,124,1b,10000,4,1370618,0,5000,,128x128,0.0003,0.001,10
ordinary,h128x128_lr0.0003_wd0.001_k30,13,0.014293789495458481,False,124,1b,10000,4,1370618,0,5000,,128x128,0.0003,0.001,30
ordinary,h128x128_lr0.0003_wd0.001_k100,14,0.005432672740916135,False,124,1b,10000,4,1370618,0,5000,,128x128,0.0003,0.001,100
ordinary,h128x128_lr0.0003_wd0.01_k10,15,0.7472039379440683,False,124,1b,10000,4,1370618,0,5000,,128x128,0.0003,0.01,10
ordinary,h128x128_lr0.0003_wd0.01_k30,16,0.11843499498758231,False,124,1b,10000,4,1370618,0,5000,,128x128,0.0003,0.01,30
ordinary,h128x128_lr0.0003_wd0.01_k100,17,0.01053153648382212,False,124,1b,10000,4,1370618,0,5000,,128x128,0.0003,0.01,100
ordinary,h128x128_lr0.001_wd0.001_k10,18,0.013416346265351816,False,124,1b,10000,4,1370618,0,5000,,128x128,0.001,0.001,10
ordinary,h128x128_lr0.001_wd0.001_k30,19,0.009536533915620931,False,124,1b,10000,4,1370618,0,5000,,128x128,0.001,0.001,30
ordinary,h128x128_lr0.001_wd0.001_k100,20,0.00796794888324337,False,124,1b,10000,4,1370618,0,5000,,128x128,0.001,0.001,100
ordinary,h128x128_lr0.001_wd0.01_k10,21,0.11496891976432672,False,124,1b,10000,4,1370618,0,5000,,128x128,0.001,0.01,10
ordinary,h128x128_lr0.001_wd0.01_k30,22,0.015139590659183366,False,124,1b,10000,4,1370618,0,5000,,128x128,0.001,0.01,30
ordinary,h128x128_lr0.001_wd0.01_k100,23,0.005861873341717328,False,124,1b,10000,4,1370618,0,5000,,128x128,0.001,0.01,100
signed-positive,h64x64_lr0.0003_wd0.001_k10,0,0.7939310217442792,False,125,1b,10000,4,1370618,0,5000,0.5867543007458071,64x64,0.0003,0.001,10
signed-positive,h64x64_lr0.0003_wd0.001_k30,1,0.14241324472425027,False,125,1b,10000,4,1370618,0,5000,0.5867543007458071,64x64,0.0003,0.001,30
signed-positive,h64x64_lr0.0003_wd0.001_k100,2,0.003706367864794408,True,125,1b,10000,4,1370618,0,5000,0.5867543007458071,64x64,0.0003,0.001,100
signed-positive,h64x64_lr0.0003_wd0.01_k10,3,0.86043667666298,False,125,1b,10000,4,1370618,0,5000,0.5867543007458071,64x64,0.0003,0.01,10
signed-positive,h64x64_lr0.0003_wd0.01_k30,4,0.400078356483162,False,125,1b,10000,4,1370618,0,5000,0.5867543007458071,64x64,0.0003,0.01,30
signed-positive,h64x64_lr0.0003_wd0.01_k100,5,0.026187657163238242,False,125,1b,10000,4,1370618,0,5000,0.5867543007458071,64x64,0.0003,0.01,100
signed-positive,h64x64_lr0.001_wd0.001_k10,6,0.1757584450297711,False,125,1b,10000,4,1370618,0,5000,0.5867543007458071,64x64,0.001,0.001,10
signed-positive,h64x64_lr0.001_wd0.001_k30,7,0.0052986064158342715,False,125,1b,10000,4,1370618,0,5000,0.5867543007458071,64x64,0.001,0.001,30
signed-positive,h64x64_lr0.001_wd0.001_k100,8,0.012391209356297044,False,125,1b,10000,4,1370618,0,5000,0.5867543007458071,64x64,0.001,0.001,100
signed-positive,h64x64_lr0.001_wd0.01_k10,9,0.4282377638472711,False,125,1b,10000,4,1370618,0,5000,0.5867543007458071,64x64,0.001,0.01,10
signed-positive,h64x64_lr0.001_wd0.01_k30,10,0.02837428400986563,False,125,1b,10000,4,1370618,0,5000,0.5867543007458071,64x64,0.001,0.01,30
signed-positive,h64x64_lr0.001_wd0.01_k100,11,0.012723119226164287,False,125,1b,10000,4,1370618,0,5000,0.5867543007458071,64x64,0.001,0.01,100
signed-positive,h128x128_lr0.0003_wd0.001_k10,12,0.6792576621698366,False,125,1b,10000,4,1370618,0,5000,0.5867543007458071,128x128,0.0003,0.001,10
signed-positive,h128x128_lr0.0003_wd0.001_k30,13,0.03691016205825087,False,125,1b,10000,4,1370618,0,5000,0.5867543007458071,128x128,0.0003,0.001,30
signed-positive,h128x128_lr0.0003_wd0.001_k100,14,0.007113355399151435,False,125,1b,10000,4,1370618,0,5000,0.5867543007458071,128x128,0.0003,0.001,100
signed-positive,h128x128_lr0.0003_wd0.01_k10,15,0.8251871635242335,False,125,1b,10000,4,1370618,0,5000,0.5867543007458071,128x128,0.0003,0.01,10
signed-positive,h128x128_lr0.0003_wd0.01_k30,16,0.17524083739270702,False,125,1b,10000,4,1370618,0,5000,0.5867543007458071,128x128,0.0003,0.01,30
signed-positive,h128x128_lr0.0003_wd0.01_k100,17,0.021008137262535507,False,125,1b,10000,4,1370618,0,5000,0.5867543007458071,128x128,0.0003,0.01,100
signed-positive,h128x128_lr0.001_wd0.001_k10,18,0.05710614260728915,False,125,1b,10000,4,1370618,0,5000,0.5867543007458071,128x128,0.001,0.001,10
signed-positive,h128x128_lr0.001_wd0.001_k30,19,0.008864778279490785,False,125,1b,10000,4,1370618,0,5000,0.5867543007458071,128x128,0.001,0.001,30
signed-positive,h128x128_lr0.001_wd0.001_k100,20,0.012292388267373888,False,125,1b,10000,4,1370618,0,5000,0.5867543007458071,128x128,0.001,0.001,100
signed-positive,h128x128_lr0.001_wd0.01_k10,21,0.19691793147391912,False,125,1b,10000,4,1370618,0,5000,0.5867543007458071,128x128,0.001,0.01,10
signed-positive,h128x128_lr0.001_wd0.01_k30,22,0.022143919956644838,False,125,1b,10000,4,1370618,0,5000,0.5867543007458071,128x128,0.001,0.01,30
signed-positive,h128x128_lr0.001_wd0.01_k100,23,0.010941347623302325,False,125,1b,10000,4,1370618,0,5000,0.5867543007458071,128x128,0.001,0.01,100
signed-negative,h64x64_lr0.0003_wd0.001_k10,0,0.6631737458393336,False,126,1b,10000,4,1370618,0,5000,0.6349748764209995,64x64,0.0003,0.001,10
signed-negative,h64x64_lr0.0003_wd0.001_k30,1,0.09315735155987147,False,126,1b,10000,4,1370618,0,5000,0.6349748764209995,64x64,0.0003,0.001,30
signed-negative,h64x64_lr0.0003_wd0.001_k100,2,0.004825076812074882,True,126,1b,10000,4,1370618,0,5000,0.6349748764209995,64x64,0.0003,0.001,100
signed-negative,h64x64_lr0.0003_wd0.01_k10,3,0.7256976491848502,False,126,1b,10000,4,1370618,0,5000,0.6349748764209995,64x64,0.0003,0.01,10
signed-negative,h64x64_lr0.0003_wd0.01_k30,4,0.30636556414800314,False,126,1b,10000,4,1370618,0,5000,0.6349748764209995,64x64,0.0003,0.01,30
signed-negative,h64x64_lr0.0003_wd0.01_k100,5,0.023265108845516216,False,126,1b,10000,4,1370618,0,5000,0.6349748764209995,64x64,0.0003,0.01,100
signed-negative,h64x64_lr0.001_wd0.001_k10,6,0.12154263126005231,False,126,1b,10000,4,1370618,0,5000,0.6349748764209995,64x64,0.001,0.001,10
signed-negative,h64x64_lr0.001_wd0.001_k30,7,0.008969861790793324,False,126,1b,10000,4,1370618,0,5000,0.6349748764209995,64x64,0.001,0.001,30
signed-negative,h64x64_lr0.001_wd0.001_k100,8,0.006755417126311925,False,126,1b,10000,4,1370618,0,5000,0.6349748764209995,64x64,0.001,0.001,100
signed-negative,h64x64_lr0.001_wd0.01_k10,9,0.3293428393703841,False,126,1b,10000,4,1370618,0,5000,0.6349748764209995,64x64,0.001,0.01,10
signed-negative,h64x64_lr0.001_wd0.01_k30,10,0.024342856404473312,False,126,1b,10000,4,1370618,0,5000,0.6349748764209995,64x64,0.001,0.01,30
signed-negative,h64x64_lr0.001_wd0.01_k100,11,0.009271483150855247,False,126,1b,10000,4,1370618,0,5000,0.6349748764209995,64x64,0.001,0.01,100
signed-negative,h128x128_lr0.0003_wd0.001_k10,12,0.5822744888544207,False,126,1b,10000,4,1370618,0,5000,0.6349748764209995,128x128,0.0003,0.001,10
signed-negative,h128x128_lr0.0003_wd0.001_k30,13,0.025216828858814974,False,126,1b,10000,4,1370618,0,5000,0.6349748764209995,128x128,0.0003,0.001,30
signed-negative,h128x128_lr0.0003_wd0.001_k100,14,0.00504103369883193,False,126,1b,10000,4,1370618,0,5000,0.6349748764209995,128x128,0.0003,0.001,100
signed-negative,h128x128_lr0.0003_wd0.01_k10,15,0.7066641998410671,False,126,1b,10000,4,1370618,0,5000,0.6349748764209995,128x128,0.0003,0.01,10
signed-negative,h128x128_lr0.0003_wd0.01_k30,16,0.1475749531638594,False,126,1b,10000,4,1370618,0,5000,0.6349748764209995,128x128,0.0003,0.01,30
signed-negative,h128x128_lr0.0003_wd0.01_k100,17,0.01587570821782936,False,126,1b,10000,4,1370618,0,5000,0.6349748764209995,128x128,0.0003,0.01,100
signed-negative,h128x128_lr0.001_wd0.001_k10,18,0.027291827564457104,False,126,1b,10000,4,1370618,0,5000,0.6349748764209995,128x128,0.001,0.001,10
signed-negative,h128x128_lr0.001_wd0.001_k30,19,0.00578886950187081,False,126,1b,10000,4,1370618,0,5000,0.6349748764209995,128x128,0.001,0.001,30
signed-negative,h128x128_lr0.001_wd0.001_k100,20,0.005880266994702324,False,126,1b,10000,4,1370618,0,5000,0.6349748764209995,128x128,0.001,0.001,100
signed-negative,h128x128_lr0.001_wd0.01_k10,21,0.18560898371871934,False,126,1b,10000,4,1370618,0,5000,0.6349748764209995,128x128,0.001,0.01,10
signed-negative,h128x128_lr0.001_wd0.01_k30,22,0.02173178094852749,False,126,1b,10000,4,1370618,0,5000,0.6349748764209995,128x128,0.001,0.01,30
signed-negative,h128x128_lr0.001_wd0.01_k100,23,0.01229703657795524,False,126,1b,10000,4,1370618,0,5000,0.6349748764209995,128x128,0.001,0.01,100
ordinary,h64x64_lr0.0003_wd0.001_k10,0,0.7086910115032856,False,127,1b,10000,4,1370618,1,5000,,64x64,0.0003,0.001,10
ordinary,h64x64_lr0.0003_wd0.001_k30,1,0.17438935937052666,False,127,1b,10000,4,1370618,1,5000,,64x64,0.0003,0.001,30
ordinary,h64x64_lr0.0003_wd0.001_k100,2,0.015650458597163318,False,127,1b,10000,4,1370618,1,5000,,64x64,0.0003,0.001,100
ordinary,h64x64_lr0.0003_wd0.01_k10,3,0.7701299938372858,False,127,1b,10000,4,1370618,1,5000,,64x64,0.0003,0.01,10
ordinary,h64x64_lr0.0003_wd0.01_k30,4,0.3532356953423208,False,127,1b,10000,4,1370618,1,5000,,64x64,0.0003,0.01,30
ordinary,h64x64_lr0.0003_wd0.01_k100,5,0.0194391671774242,False,127,1b,10000,4,1370618,1,5000,,64x64,0.0003,0.01,100
ordinary,h64x64_lr0.001_wd0.001_k10,6,0.18875740081301304,False,127,1b,10000,4,1370618,1,5000,,64x64,0.001,0.001,10
ordinary,h64x64_lr0.001_wd0.001_k30,7,0.005745055557355535,True,127,1b,10000,4,1370618,1,5000,,64x64,0.001,0.001,30
ordinary,h64x64_lr0.001_wd0.001_k100,8,0.0264109611664045,False,127,1b,10000,4,1370618,1,5000,,64x64,0.001,0.001,100
ordinary,h64x64_lr0.001_wd0.01_k10,9,0.38494732401290904,False,127,1b,10000,4,1370618,1,5000,,64x64,0.001,0.01,10
ordinary,h64x64_lr0.001_wd0.01_k30,10,0.01853685519245685,False,127,1b,10000,4,1370618,1,5000,,64x64,0.001,0.01,30
ordinary,h64x64_lr0.001_wd0.01_k100,11,0.0129385139737828,False,127,1b,10000,4,1370618,1,5000,,64x64,0.001,0.01,100
ordinary,h128x128_lr0.0003_wd0.001_k10,12,0.613457209397774,False,127,1b,10000,4,1370618,1,5000,,128x128,0.0003,0.001,10
ordinary,h128x128_lr0.0003_wd0.001_k30,13,0.033422545712249396,False,127,1b,10000,4,1370618,1,5000,,128x128,0.0003,0.001,30
ordinary,h128x128_lr0.0003_wd0.001_k100,14,0.018092661611369538,False,127,1b,10000,4,1370618,1,5000,,128x128,0.0003,0.001,100
ordinary,h128x128_lr0.0003_wd0.01_k10,15,0.7373610202240852,False,127,1b,10000,4,1370618,1,5000,,128x128,0.0003,0.01,10
ordinary,h128x128_lr0.0003_wd0.01_k30,16,0.1765948966770709,False,127,1b,10000,4,1370618,1,5000,,128x128,0.0003,0.01,30
ordinary,h128x128_lr0.0003_wd0.01_k100,17,0.012581925996401476,False,127,1b,10000,4,1370618,1,5000,,128x128,0.0003,0.01,100
ordinary,h128x128_lr0.001_wd0.001_k10,18,0.03270032169727168,False,127,1b,10000,4,1370618,1,5000,,128x128,0.001,0.001,10
ordinary,h128x128_lr0.001_wd0.001_k30,19,0.009366269185443534,False,127,1b,10000,4,1370618,1,5000,,128x128,0.001,0.001,30
ordinary,h128x128_lr0.001_wd0.001_k100,20,0.030692750964937544,False,127,1b,10000,4,1370618,1,5000,,128x128,0.001,0.001,100
ordinary,h128x128_lr0.001_wd0.01_k10,21,0.1879671103822728,False,127,1b,10000,4,1370618,1,5000,,128x128,0.001,0.01,10
ordinary,h128x128_lr0.001_wd0.01_k30,22,0.008976171861136308,False,127,1b,10000,4,1370618,1,5000,,128x128,0.001,0.01,30
ordinary,h128x128_lr0.001_wd0.01_k100,23,0.014132566459938403,False,127,1b,10000,4,1370618,1,5000,,128x128,0.001,0.01,100
signed-positive,h64x64_lr0.0003_wd0.001_k10,0,0.8846582454501108,False,128,1b,10000,4,1370618,1,5000,0.6413669832609741,64x64,0.0003,0.001,10
signed-positive,h64x64_lr0.0003_wd0.001_k30,1,0.14735076866178898,False,128,1b,10000,4,1370618,1,5000,0.6413669832609741,64x64,0.0003,0.001,30
signed-positive,h64x64_lr0.0003_wd0.001_k100,2,0.0035652277759681984,False,128,1b,10000,4,1370618,1,5000,0.6413669832609741,64x64,0.0003,0.001,100
signed-positive,h64x64_lr0.0003_wd0.01_k10,3,0.9747305637180413,False,128,1b,10000,4,1370618,1,5000,0.6413669832609741,64x64,0.0003,0.01,10
signed-positive,h64x64_lr0.0003_wd0.01_k30,4,0.39351134223401,False,128,1b,10000,4,1370618,1,5000,0.6413669832609741,64x64,0.0003,0.01,30
signed-positive,h64x64_lr0.0003_wd0.01_k100,5,0.02754077466279468,False,128,1b,10000,4,1370618,1,5000,0.6413669832609741,64x64,0.0003,0.01,100
signed-positive,h64x64_lr0.001_wd0.001_k10,6,0.16656568106034228,False,128,1b,10000,4,1370618,1,5000,0.6413669832609741,64x64,0.001,0.001,10
signed-positive,h64x64_lr0.001_wd0.001_k30,7,0.007829925449360745,False,128,1b,10000,4,1370618,1,5000,0.6413669832609741,64x64,0.001,0.001,30
signed-positive,h64x64_lr0.001_wd0.001_k100,8,0.004612362723323026,False,128,1b,10000,4,1370618,1,5000,0.6413669832609741,64x64,0.001,0.001,100
signed-positive,h64x64_lr0.001_wd0.01_k10,9,0.4273301233327353,False,128,1b,10000,4,1370618,1,5000,0.6413669832609741,64x64,0.001,0.01,10
signed-positive,h64x64_lr0.001_wd0.01_k30,10,0.029635436713963105,False,128,1b,10000,4,1370618,1,5000,0.6413669832609741,64x64,0.001,0.01,30
signed-positive,h64x64_lr0.001_wd0.01_k100,11,0.012022984742048793,False,128,1b,10000,4,1370618,1,5000,0.6413669832609741,64x64,0.001,0.01,100
signed-positive,h128x128_lr0.0003_wd0.001_k10,12,0.7246613860109027,False,128,1b,10000,4,1370618,1,5000,0.6413669832609741,128x128,0.0003,0.001,10
signed-positive,h128x128_lr0.0003_wd0.001_k30,13,0.0439383490674697,False,128,1b,10000,4,1370618,1,5000,0.6413669832609741,128x128,0.0003,0.001,30
signed-positive,h128x128_lr0.0003_wd0.001_k100,14,0.0014525094093846334,True,128,1b,10000,4,1370618,1,5000,0.6413669832609741,128x128,0.0003,0.001,100
signed-positive,h128x128_lr0.0003_wd0.01_k10,15,0.9103370092723905,False,128,1b,10000,4,1370618,1,5000,0.6413669832609741,128x128,0.0003,0.01,10
signed-positive,h128x128_lr0.0003_wd0.01_k30,16,0.17477582236587114,False,128,1b,10000,4,1370618,1,5000,0.6413669832609741,128x128,0.0003,0.01,30
signed-positive,h128x128_lr0.0003_wd0.01_k100,17,0.018452642339664965,False,128,1b,10000,4,1370618,1,5000,0.6413669832609741,128x128,0.0003,0.01,100
signed-positive,h128x128_lr0.001_wd0.001_k10,18,0.05280218294894524,False,128,1b,10000,4,1370618,1,5000,0.6413669832609741,128x128,0.001,0.001,10
signed-positive,h128x128_lr0.001_wd0.001_k30,19,0.004660339756034137,False,128,1b,10000,4,1370618,1,5000,0.6413669832609741,128x128,0.001,0.001,30
signed-positive,h128x128_lr0.001_wd0.001_k100,20,0.009993248308868895,False,128,1b,10000,4,1370618,1,5000,0.6413669832609741,128x128,0.001,0.001,100
signed-positive,h128x128_lr0.001_wd0.01_k10,21,0.1820834684371272,False,128,1b,10000,4,1370618,1,5000,0.6413669832609741,128x128,0.001,0.01,10
signed-positive,h128x128_lr0.001_wd0.01_k30,22,0.020665357549369576,False,128,1b,10000,4,1370618,1,5000,0.6413669832609741,128x128,0.001,0.01,30
signed-positive,h128x128_lr0.001_wd0.01_k100,23,0.014466616952845361,False,128,1b,10000,4,1370618,1,5000,0.6413669832609741,128x128,0.001,0.01,100
signed-negative,h64x64_lr0.0003_wd0.001_k10,0,0.8706266860618105,False,129,1b,10000,4,1370618,1,5000,0.696076381720897,64x64,0.0003,0.001,10
signed-negative,h64x64_lr0.0003_wd0.001_k30,1,0.11913917115877566,False,129,1b,10000,4,1370618,1,5000,0.696076381720897,64x64,0.0003,0.001,30
signed-negative,h64x64_lr0.0003_wd0.001_k100,2,0.003011645176823503,False,129,1b,10000,4,1370618,1,5000,0.696076381720897,64x64,0.0003,0.001,100
signed-negative,h64x64_lr0.0003_wd0.01_k10,3,0.9595692388394753,False,129,1b,10000,4,1370618,1,5000,0.696076381720897,64x64,0.0003,0.01,10
signed-negative,h64x64_lr0.0003_wd0.01_k30,4,0.34739689385932027,False,129,1b,10000,4,1370618,1,5000,0.696076381720897,64x64,0.0003,0.01,30
signed-negative,h64x64_lr0.0003_wd0.01_k100,5,0.030416026030149628,False,129,1b,10000,4,1370618,1,5000,0.696076381720897,64x64,0.0003,0.01,100
signed-negative,h64x64_lr0.001_wd0.001_k10,6,0.12764400215370114,False,129,1b,10000,4,1370618,1,5000,0.696076381720897,64x64,0.001,0.001,10
signed-negative,h64x64_lr0.001_wd0.001_k30,7,0.008285963779967065,False,129,1b,10000,4,1370618,1,5000,0.696076381720897,64x64,0.001,0.001,30
signed-negative,h64x64_lr0.001_wd0.001_k100,8,0.01830536726817814,False,129,1b,10000,4,1370618,1,5000,0.696076381720897,64x64,0.001,0.001,100
signed-negative,h64x64_lr0.001_wd0.01_k10,9,0.4020039065247264,False,129,1b,10000,4,1370618,1,5000,0.696076381720897,64x64,0.001,0.01,10
signed-negative,h64x64_lr0.001_wd0.01_k30,10,0.030731831263184104,False,129,1b,10000,4,1370618,1,5000,0.696076381720897,64x64,0.001,0.01,30
signed-negative,h64x64_lr0.001_wd0.01_k100,11,0.007104420528776781,False,129,1b,10000,4,1370618,1,5000,0.696076381720897,64x64,0.001,0.01,100
signed-negative,h128x128_lr0.0003_wd0.001_k10,12,0.7223366657198248,False,129,1b,10000,4,1370618,1,5000,0.696076381720897,128x128,0.0003,0.001,10
signed-negative,h128x128_lr0.0003_wd0.001_k30,13,0.037922782784461165,False,129,1b,10000,4,1370618,1,5000,0.696076381720897,128x128,0.0003,0.001,30
signed-negative,h128x128_lr0.0003_wd0.001_k100,14,0.0027019827415543938,True,129,1b,10000,4,1370618,1,5000,0.696076381720897,128x128,0.0003,0.001,100
signed-negative,h128x128_lr0.0003_wd0.01_k10,15,0.9172513795281082,False,129,1b,10000,4,1370618,1,5000,0.696076381720897,128x128,0.0003,0.01,10
signed-negative,h128x128_lr0.0003_wd0.01_k30,16,0.15897525836500734,False,129,1b,10000,4,1370618,1,5000,0.696076381720897,128x128,0.0003,0.01,30
signed-negative,h128x128_lr0.0003_wd0.01_k100,17,0.020733215428010838,False,129,1b,10000,4,1370618,1,5000,0.696076381720897,128x128,0.0003,0.01,100
signed-negative,h128x128_lr0.001_wd0.001_k10,18,0.04045176364806239,False,129,1b,10000,4,1370618,1,5000,0.696076381720897,128x128,0.001,0.001,10
signed-negative,h128x128_lr0.001_wd0.001_k30,19,0.007907370812597486,False,129,1b,10000,4,1370618,1,5000,0.696076381720897,128x128,0.001,0.001,30
signed-negative,h128x128_lr0.001_wd0.001_k100,20,0.012796102020839705,False,129,1b,10000,4,1370618,1,5000,0.696076381720897,128x128,0.001,0.001,100
signed-negative,h128x128_lr0.001_wd0.01_k10,21,0.1643015445471791,False,129,1b,10000,4,1370618,1,5000,0.696076381720897,128x128,0.001,0.01,10
signed-negative,h128x128_lr0.001_wd0.01_k30,22,0.024996573203750323,False,129,1b,10000,4,1370618,1,5000,0.696076381720897,128x128,0.001,0.01,30
signed-negative,h128x128_lr0.001_wd0.01_k100,23,0.007837771999912646,False,129,1b,10000,4,1370618,1,5000,0.696076381720897,128x128,0.001,0.01,100
ordinary,h64x64_lr0.0003_wd0.001_k10,0,0.6507350147673846,False,130,1b,10000,5,1470621,0,5000,,64x64,0.0003,0.001,10
ordinary,h64x64_lr0.0003_wd0.001_k30,1,0.13592551976878414,False,130,1b,10000,5,1470621,0,5000,,64x64,0.0003,0.001,30
ordinary,h64x64_lr0.0003_wd0.001_k100,2,0.007799797138627542,False,130,1b,10000,5,1470621,0,5000,,64x64,0.0003,0.001,100
ordinary,h64x64_lr0.0003_wd0.01_k10,3,0.7010989539252664,False,130,1b,10000,5,1470621,0,5000,,64x64,0.0003,0.01,10
ordinary,h64x64_lr0.0003_wd0.01_k30,4,0.31931173202704605,False,130,1b,10000,5,1470621,0,5000,,64x64,0.0003,0.01,30
ordinary,h64x64_lr0.0003_wd0.01_k100,5,0.02862119442847018,False,130,1b,10000,5,1470621,0,5000,,64x64,0.0003,0.01,100
ordinary,h64x64_lr0.001_wd0.001_k10,6,0.15242371811981825,False,130,1b,10000,5,1470621,0,5000,,64x64,0.001,0.001,10
ordinary,h64x64_lr0.001_wd0.001_k30,7,0.013960704056599231,False,130,1b,10000,5,1470621,0,5000,,64x64,0.001,0.001,30
ordinary,h64x64_lr0.001_wd0.001_k100,8,0.005317349095618937,False,130,1b,10000,5,1470621,0,5000,,64x64,0.001,0.001,100
ordinary,h64x64_lr0.001_wd0.01_k10,9,0.3523724911816529,False,130,1b,10000,5,1470621,0,5000,,64x64,0.001,0.01,10
ordinary,h64x64_lr0.001_wd0.01_k30,10,0.031141369208134605,False,130,1b,10000,5,1470621,0,5000,,64x64,0.001,0.01,30
ordinary,h64x64_lr0.001_wd0.01_k100,11,0.013474966113307202,False,130,1b,10000,5,1470621,0,5000,,64x64,0.001,0.01,100
ordinary,h128x128_lr0.0003_wd0.001_k10,12,0.484868463997818,False,130,1b,10000,5,1470621,0,5000,,128x128,0.0003,0.001,10
ordinary,h128x128_lr0.0003_wd0.001_k30,13,0.028687352124898063,False,130,1b,10000,5,1470621,0,5000,,128x128,0.0003,0.001,30
ordinary,h128x128_lr0.0003_wd0.001_k100,14,0.002050287588594564,True,130,1b,10000,5,1470621,0,5000,,128x128,0.0003,0.001,100
ordinary,h128x128_lr0.0003_wd0.01_k10,15,0.6347558923719782,False,130,1b,10000,5,1470621,0,5000,,128x128,0.0003,0.01,10
ordinary,h128x128_lr0.0003_wd0.01_k30,16,0.10678048275661073,False,130,1b,10000,5,1470621,0,5000,,128x128,0.0003,0.01,30
ordinary,h128x128_lr0.0003_wd0.01_k100,17,0.020860694074818754,False,130,1b,10000,5,1470621,0,5000,,128x128,0.0003,0.01,100
ordinary,h128x128_lr0.001_wd0.001_k10,18,0.0237171316440265,False,130,1b,10000,5,1470621,0,5000,,128x128,0.001,0.001,10
ordinary,h128x128_lr0.001_wd0.001_k30,19,0.021105414951986957,False,130,1b,10000,5,1470621,0,5000,,128x128,0.001,0.001,30
ordinary,h128x128_lr0.001_wd0.001_k100,20,0.0021753263654319174,False,130,1b,10000,5,1470621,0,5000,,128x128,0.001,0.001,100
ordinary,h128x128_lr0.001_wd0.01_k10,21,0.11380348591169841,False,130,1b,10000,5,1470621,0,5000,,128x128,0.001,0.01,10
ordinary,h128x128_lr0.001_wd0.01_k30,22,0.02253883073944643,False,130,1b,10000,5,1470621,0,5000,,128x128,0.001,0.01,30
ordinary,h128x128_lr0.001_wd0.01_k100,23,0.012252050415666372,False,130,1b,10000,5,1470621,0,5000,,128x128,0.001,0.01,100
signed-positive,h64x64_lr0.0003_wd0.001_k10,0,0.8365335898856259,False,131,1b,10000,5,1470621,0,5000,0.5311379306978532,64x64,0.0003,0.001,10
signed-positive,h64x64_lr0.0003_wd0.001_k30,1,0.2428167963743254,False,131,1b,10000,5,1470621,0,5000,0.5311379306978532,64x64,0.0003,0.001,30
signed-positive,h64x64_lr0.0003_wd0.001_k100,2,0.007296544130861841,False,131,1b,10000,5,1470621,0,5000,0.5311379306978532,64x64,0.0003,0.001,100
signed-positive,h64x64_lr0.0003_wd0.01_k10,3,0.8909465315719487,False,131,1b,10000,5,1470621,0,5000,0.5311379306978532,64x64,0.0003,0.01,10
signed-positive,h64x64_lr0.0003_wd0.01_k30,4,0.48878348114217646,False,131,1b,10000,5,1470621,0,5000,0.5311379306978532,64x64,0.0003,0.01,30
signed-positive,h64x64_lr0.0003_wd0.01_k100,5,0.03470394787976711,False,131,1b,10000,5,1470621,0,5000,0.5311379306978532,64x64,0.0003,0.01,100
signed-positive,h64x64_lr0.001_wd0.001_k10,6,0.2700780537887103,False,131,1b,10000,5,1470621,0,5000,0.5311379306978532,64x64,0.001,0.001,10
signed-positive,h64x64_lr0.001_wd0.001_k30,7,0.015760363951432974,False,131,1b,10000,5,1470621,0,5000,0.5311379306978532,64x64,0.001,0.001,30
signed-positive,h64x64_lr0.001_wd0.001_k100,8,0.015730405700749857,False,131,1b,10000,5,1470621,0,5000,0.5311379306978532,64x64,0.001,0.001,100
signed-positive,h64x64_lr0.001_wd0.01_k10,9,0.5119630380177959,False,131,1b,10000,5,1470621,0,5000,0.5311379306978532,64x64,0.001,0.01,10
signed-positive,h64x64_lr0.001_wd0.01_k30,10,0.042833363746278164,False,131,1b,10000,5,1470621,0,5000,0.5311379306978532,64x64,0.001,0.01,30
signed-positive,h64x64_lr0.001_wd0.01_k100,11,0.005919380721153569,False,131,1b,10000,5,1470621,0,5000,0.5311379306978532,64x64,0.001,0.01,100
signed-positive,h128x128_lr0.0003_wd0.001_k10,12,0.6843296051968282,False,131,1b,10000,5,1470621,0,5000,0.5311379306978532,128x128,0.0003,0.001,10
signed-positive,h128x128_lr0.0003_wd0.001_k30,13,0.06495044053101257,False,131,1b,10000,5,1470621,0,5000,0.5311379306978532,128x128,0.0003,0.001,30
signed-positive,h128x128_lr0.0003_wd0.001_k100,14,0.003079613760283756,True,131,1b,10000,5,1470621,0,5000,0.5311379306978532,128x128,0.0003,0.001,100
signed-positive,h128x128_lr0.0003_wd0.01_k10,15,0.8330751240604176,False,131,1b,10000,5,1470621,0,5000,0.5311379306978532,128x128,0.0003,0.01,10
signed-positive,h128x128_lr0.0003_wd0.01_k30,16,0.19007849437120217,False,131,1b,10000,5,1470621,0,5000,0.5311379306978532,128x128,0.0003,0.01,30
signed-positive,h128x128_lr0.0003_wd0.01_k100,17,0.02055362276176735,False,131,1b,10000,5,1470621,0,5000,0.5311379306978532,128x128,0.0003,0.01,100
signed-positive,h128x128_lr0.001_wd0.001_k10,18,0.09050441553217647,False,131,1b,10000,5,1470621,0,5000,0.5311379306978532,128x128,0.001,0.001,10
signed-positive,h128x128_lr0.001_wd0.001_k30,19,0.007953293602173983,False,131,1b,10000,5,1470621,0,5000,0.5311379306978532,128x128,0.001,0.001,30
signed-positive,h128x128_lr0.001_wd0.001_k100,20,0.017930928987795778,False,131,1b,10000,5,1470621,0,5000,0.5311379306978532,128x128,0.001,0.001,100
signed-positive,h128x128_lr0.001_wd0.01_k10,21,0.21026069161991753,False,131,1b,10000,5,1470621,0,5000,0.5311379306978532,128x128,0.001,0.01,10
signed-positive,h128x128_lr0.001_wd0.01_k30,22,0.025790015781978773,False,131,1b,10000,5,1470621,0,5000,0.5311379306978532,128x128,0.001,0.01,30
signed-positive,h128x128_lr0.001_wd0.01_k100,23,0.00409544878003997,False,131,1b,10000,5,1470621,0,5000,0.5311379306978532,128x128,0.001,0.01,100
signed-negative,h64x64_lr0.0003_wd0.001_k10,0,0.824388538925014,False,132,1b,10000,5,1470621,0,5000,0.5354849166558407,64x64,0.0003,0.001,10
signed-negative,h64x64_lr0.0003_wd0.001_k30,1,0.15700023108436104,False,132,1b,10000,5,1470621,0,5000,0.5354849166558407,64x64,0.0003,0.001,30
signed-negative,h64x64_lr0.0003_wd0.001_k100,2,0.00448810826964089,False,132,1b,10000,5,1470621,0,5000,0.5354849166558407,64x64,0.0003,0.001,100
signed-negative,h64x64_lr0.0003_wd0.01_k10,3,0.8838374964643109,False,132,1b,10000,5,1470621,0,5000,0.5354849166558407,64x64,0.0003,0.01,10
signed-negative,h64x64_lr0.0003_wd0.01_k30,4,0.4132354467573993,False,132,1b,10000,5,1470621,0,5000,0.5354849166558407,64x64,0.0003,0.01,30
signed-negative,h64x64_lr0.0003_wd0.01_k100,5,0.0274870700403542,False,132,1b,10000,5,1470621,0,5000,0.5354849166558407,64x64,0.0003,0.01,100
signed-negative,h64x64_lr0.001_wd0.001_k10,6,0.1847389482956287,False,132,1b,10000,5,1470621,0,5000,0.5354849166558407,64x64,0.001,0.001,10
signed-negative,h64x64_lr0.001_wd0.001_k30,7,0.002915477224457524,True,132,1b,10000,5,1470621,0,5000,0.5354849166558407,64x64,0.001,0.001,30
signed-negative,h64x64_lr0.001_wd0.001_k100,8,0.014603342161303325,False,132,1b,10000,5,1470621,0,5000,0.5354849166558407,64x64,0.001,0.001,100
signed-negative,h64x64_lr0.001_wd0.01_k10,9,0.460022384191218,False,132,1b,10000,5,1470621,0,5000,0.5354849166558407,64x64,0.001,0.01,10
signed-negative,h64x64_lr0.001_wd0.01_k30,10,0.02389729700024325,False,132,1b,10000,5,1470621,0,5000,0.5354849166558407,64x64,0.001,0.01,30
signed-negative,h64x64_lr0.001_wd0.01_k100,11,0.004665824565380217,False,132,1b,10000,5,1470621,0,5000,0.5354849166558407,64x64,0.001,0.01,100
signed-negative,h128x128_lr0.0003_wd0.001_k10,12,0.5897774320389877,False,132,1b,10000,5,1470621,0,5000,0.5354849166558407,128x128,0.0003,0.001,10
signed-negative,h128x128_lr0.0003_wd0.001_k30,13,0.03287312970127547,False,132,1b,10000,5,1470621,0,5000,0.5354849166558407,128x128,0.0003,0.001,30
signed-negative,h128x128_lr0.0003_wd0.001_k100,14,0.004468612955166661,False,132,1b,10000,5,1470621,0,5000,0.5354849166558407,128x128,0.0003,0.001,100
signed-negative,h128x128_lr0.0003_wd0.01_k10,15,0.7698682495240474,False,132,1b,10000,5,1470621,0,5000,0.5354849166558407,128x128,0.0003,0.01,10
signed-negative,h128x128_lr0.0003_wd0.01_k30,16,0.13430700820273755,False,132,1b,10000,5,1470621,0,5000,0.5354849166558407,128x128,0.0003,0.01,30
signed-negative,h128x128_lr0.0003_wd0.01_k100,17,0.018774095659374757,False,132,1b,10000,5,1470621,0,5000,0.5354849166558407,128x128,0.0003,0.01,100
signed-negative,h128x128_lr0.001_wd0.001_k10,18,0.041302114428311026,False,132,1b,10000,5,1470621,0,5000,0.5354849166558407,128x128,0.001,0.001,10
signed-negative,h128x128_lr0.001_wd0.001_k30,19,0.003091905450276344,False,132,1b,10000,5,1470621,0,5000,0.5354849166558407,128x128,0.001,0.001,30
signed-negative,h128x128_lr0.001_wd0.001_k100,20,0.023358504457599398,False,132,1b,10000,5,1470621,0,5000,0.5354849166558407,128x128,0.001,0.001,100
signed-negative,h128x128_lr0.001_wd0.01_k10,21,0.13971096762819632,False,132,1b,10000,5,1470621,0,5000,0.5354849166558407,128x128,0.001,0.01,10
signed-negative,h128x128_lr0.001_wd0.01_k30,22,0.020394798999150643,False,132,1b,10000,5,1470621,0,5000,0.5354849166558407,128x128,0.001,0.01,30
signed-negative,h128x128_lr0.001_wd0.01_k100,23,0.005483582935913678,False,132,1b,10000,5,1470621,0,5000,0.5354849166558407,128x128,0.001,0.01,100
ordinary,h64x64_lr0.0003_wd0.001_k10,0,0.6459744565358265,False,133,1b,10000,5,1470621,1,5000,,64x64,0.0003,0.001,10
ordinary,h64x64_lr0.0003_wd0.001_k30,1,0.1436681946041517,False,133,1b,10000,5,1470621,1,5000,,64x64,0.0003,0.001,30
ordinary,h64x64_lr0.0003_wd0.001_k100,2,0.001257312162323397,False,133,1b,10000,5,1470621,1,5000,,64x64,0.0003,0.001,100
ordinary,h64x64_lr0.0003_wd0.01_k10,3,0.6950460391995071,False,133,1b,10000,5,1470621,1,5000,,64x64,0.0003,0.01,10
ordinary,h64x64_lr0.0003_wd0.01_k30,4,0.3199718426950528,False,133,1b,10000,5,1470621,1,5000,,64x64,0.0003,0.01,30
ordinary,h64x64_lr0.0003_wd0.01_k100,5,0.018958438156347807,False,133,1b,10000,5,1470621,1,5000,,64x64,0.0003,0.01,100
ordinary,h64x64_lr0.001_wd0.001_k10,6,0.16662962678612486,False,133,1b,10000,5,1470621,1,5000,,64x64,0.001,0.001,10
ordinary,h64x64_lr0.001_wd0.001_k30,7,0.0005881567877512466,True,133,1b,10000,5,1470621,1,5000,,64x64,0.001,0.001,30
ordinary,h64x64_lr0.001_wd0.001_k100,8,0.006061939279339523,False,133,1b,10000,5,1470621,1,5000,,64x64,0.001,0.001,100
ordinary,h64x64_lr0.001_wd0.01_k10,9,0.3527732013380617,False,133,1b,10000,5,1470621,1,5000,,64x64,0.001,0.01,10
ordinary,h64x64_lr0.001_wd0.01_k30,10,0.01722018485271194,False,133,1b,10000,5,1470621,1,5000,,64x64,0.001,0.01,30
ordinary,h64x64_lr0.001_wd0.01_k100,11,0.009264498198498873,False,133,1b,10000,5,1470621,1,5000,,64x64,0.001,0.01,100
ordinary,h128x128_lr0.0003_wd0.001_k10,12,0.4893349423301655,False,133,1b,10000,5,1470621,1,5000,,128x128,0.0003,0.001,10
ordinary,h128x128_lr0.0003_wd0.001_k30,13,0.033271332633514394,False,133,1b,10000,5,1470621,1,5000,,128x128,0.0003,0.001,30
ordinary,h128x128_lr0.0003_wd0.001_k100,14,0.005807965638365688,False,133,1b,10000,5,1470621,1,5000,,128x128,0.0003,0.001,100
ordinary,h128x128_lr0.0003_wd0.01_k10,15,0.616904061703945,False,133,1b,10000,5,1470621,1,5000,,128x128,0.0003,0.01,10
ordinary,h128x128_lr0.0003_wd0.01_k30,16,0.1261735425870986,False,133,1b,10000,5,1470621,1,5000,,128x128,0.0003,0.01,30
ordinary,h128x128_lr0.0003_wd0.01_k100,17,0.013681696911486156,False,133,1b,10000,5,1470621,1,5000,,128x128,0.0003,0.01,100
ordinary,h128x128_lr0.001_wd0.001_k10,18,0.04487131493708913,False,133,1b,10000,5,1470621,1,5000,,128x128,0.001,0.001,10
ordinary,h128x128_lr0.001_wd0.001_k30,19,0.00422542180640226,False,133,1b,10000,5,1470621,1,5000,,128x128,0.001,0.001,30
ordinary,h128x128_lr0.001_wd0.001_k100,20,0.005798675125706152,False,133,1b,10000,5,1470621,1,5000,,128x128,0.001,0.001,100
ordinary,h128x128_lr0.001_wd0.01_k10,21,0.13805722483042634,False,133,1b,10000,5,1470621,1,5000,,128x128,0.001,0.01,10
ordinary,h128x128_lr0.001_wd0.01_k30,22,0.0122754992674097,False,133,1b,10000,5,1470621,1,5000,,128x128,0.001,0.01,30
ordinary,h128x128_lr0.001_wd0.01_k100,23,0.010626397015373124,False,133,1b,10000,5,1470621,1,5000,,128x128,0.001,0.01,100
signed-positive,h64x64_lr0.0003_wd0.001_k10,0,0.8075759398467126,False,134,1b,10000,5,1470621,1,5000,0.587000530350823,64x64,0.0003,0.001,10
signed-positive,h64x64_lr0.0003_wd0.001_k30,1,0.13836293343638165,False,134,1b,10000,5,1470621,1,5000,0.587000530350823,64x64,0.0003,0.001,30
signed-positive,h64x64_lr0.0003_wd0.001_k100,2,0.00695317301087764,False,134,1b,10000,5,1470621,1,5000,0.587000530350823,64x64,0.0003,0.001,100
signed-positive,h64x64_lr0.0003_wd0.01_k10,3,0.8991130647365126,False,134,1b,10000,5,1470621,1,5000,0.587000530350823,64x64,0.0003,0.01,10
signed-positive,h64x64_lr0.0003_wd0.01_k30,4,0.33453993507185226,False,134,1b,10000,5,1470621,1,5000,0.587000530350823,64x64,0.0003,0.01,30
signed-positive,h64x64_lr0.0003_wd0.01_k100,5,0.031387746007600706,False,134,1b,10000,5,1470621,1,5000,0.587000530350823,64x64,0.0003,0.01,100
signed-positive,h64x64_lr0.001_wd0.001_k10,6,0.13995584600332944,False,134,1b,10000,5,1470621,1,5000,0.587000530350823,64x64,0.001,0.001,10
signed-positive,h64x64_lr0.001_wd0.001_k30,7,0.01220333007021118,False,134,1b,10000,5,1470621,1,5000,0.587000530350823,64x64,0.001,0.001,30
signed-positive,h64x64_lr0.001_wd0.001_k100,8,0.006641895833063588,False,134,1b,10000,5,1470621,1,5000,0.587000530350823,64x64,0.001,0.001,100
signed-positive,h64x64_lr0.001_wd0.01_k10,9,0.35265659865412374,False,134,1b,10000,5,1470621,1,5000,0.587000530350823,64x64,0.001,0.01,10
signed-positive,h64x64_lr0.001_wd0.01_k30,10,0.03479371744602047,False,134,1b,10000,5,1470621,1,5000,0.587000530350823,64x64,0.001,0.01,30
signed-positive,h64x64_lr0.001_wd0.01_k100,11,0.0077090754976210495,False,134,1b,10000,5,1470621,1,5000,0.587000530350823,64x64,0.001,0.01,100
signed-positive,h128x128_lr0.0003_wd0.001_k10,12,0.6860348380765885,False,134,1b,10000,5,1470621,1,5000,0.587000530350823,128x128,0.0003,0.001,10
signed-positive,h128x128_lr0.0003_wd0.001_k30,13,0.07673154555355767,False,134,1b,10000,5,1470621,1,5000,0.587000530350823,128x128,0.0003,0.001,30
signed-positive,h128x128_lr0.0003_wd0.001_k100,14,0.0011684569619875775,True,134,1b,10000,5,1470621,1,5000,0.587000530350823,128x128,0.0003,0.001,100
signed-positive,h128x128_lr0.0003_wd0.01_k10,15,0.8544213454189946,False,134,1b,10000,5,1470621,1,5000,0.587000530350823,128x128,0.0003,0.01,10
signed-positive,h128x128_lr0.0003_wd0.01_k30,16,0.20965013762338003,False,134,1b,10000,5,1470621,1,5000,0.587000530350823,128x128,0.0003,0.01,30
signed-positive,h128x128_lr0.0003_wd0.01_k100,17,0.018788273107295587,False,134,1b,10000,5,1470621,1,5000,0.587000530350823,128x128,0.0003,0.01,100
signed-positive,h128x128_lr0.001_wd0.001_k10,18,0.08182993019488288,False,134,1b,10000,5,1470621,1,5000,0.587000530350823,128x128,0.001,0.001,10
signed-positive,h128x128_lr0.001_wd0.001_k30,19,0.00931202441530899,False,134,1b,10000,5,1470621,1,5000,0.587000530350823,128x128,0.001,0.001,30
signed-positive,h128x128_lr0.001_wd0.001_k100,20,0.0045191055954905395,False,134,1b,10000,5,1470621,1,5000,0.587000530350823,128x128,0.001,0.001,100
signed-positive,h128x128_lr0.001_wd0.01_k10,21,0.21041993598758946,False,134,1b,10000,5,1470621,1,5000,0.587000530350823,128x128,0.001,0.01,10
signed-positive,h128x128_lr0.001_wd0.01_k30,22,0.022219592864679925,False,134,1b,10000,5,1470621,1,5000,0.587000530350823,128x128,0.001,0.01,30
signed-positive,h128x128_lr0.001_wd0.01_k100,23,0.006273733515687651,False,134,1b,10000,5,1470621,1,5000,0.587000530350823,128x128,0.001,0.01,100
signed-negative,h64x64_lr0.0003_wd0.001_k10,0,0.8009106254654249,False,135,1b,10000,5,1470621,1,5000,0.5856668503100066,64x64,0.0003,0.001,10
signed-negative,h64x64_lr0.0003_wd0.001_k30,1,0.1366645440467799,False,135,1b,10000,5,1470621,1,5000,0.5856668503100066,64x64,0.0003,0.001,30
signed-negative,h64x64_lr0.0003_wd0.001_k100,2,0.006931197946612519,False,135,1b,10000,5,1470621,1,5000,0.5856668503100066,64x64,0.0003,0.001,100
signed-negative,h64x64_lr0.0003_wd0.01_k10,3,0.879084991455769,False,135,1b,10000,5,1470621,1,5000,0.5856668503100066,64x64,0.0003,0.01,10
signed-negative,h64x64_lr0.0003_wd0.01_k30,4,0.34297605581417717,False,135,1b,10000,5,1470621,1,5000,0.5856668503100066,64x64,0.0003,0.01,30
signed-negative,h64x64_lr0.0003_wd0.01_k100,5,0.023907909865966026,False,135,1b,10000,5,1470621,1,5000,0.5856668503100066,64x64,0.0003,0.01,100
signed-negative,h64x64_lr0.001_wd0.001_k10,6,0.15523517977094262,False,135,1b,10000,5,1470621,1,5000,0.5856668503100066,64x64,0.001,0.001,10
signed-negative,h64x64_lr0.001_wd0.001_k30,7,0.008907221282235664,False,135,1b,10000,5,1470621,1,5000,0.5856668503100066,64x64,0.001,0.001,30
signed-negative,h64x64_lr0.001_wd0.001_k100,8,0.007077646288746009,False,135,1b,10000,5,1470621,1,5000,0.5856668503100066,64x64,0.001,0.001,100
signed-negative,h64x64_lr0.001_wd0.01_k10,9,0.37718718024432624,False,135,1b,10000,5,1470621,1,5000,0.5856668503100066,64x64,0.001,0.01,10
signed-negative,h64x64_lr0.001_wd0.01_k30,10,0.026971702953428916,False,135,1b,10000,5,1470621,1,5000,0.5856668503100066,64x64,0.001,0.01,30
signed-negative,h64x64_lr0.001_wd0.01_k100,11,0.010428846930270503,False,135,1b,10000,5,1470621,1,5000,0.5856668503100066,64x64,0.001,0.01,100
signed-negative,h128x128_lr0.0003_wd0.001_k10,12,0.6176578253502125,False,135,1b,10000,5,1470621,1,5000,0.5856668503100066,128x128,0.0003,0.001,10
signed-negative,h128x128_lr0.0003_wd0.001_k30,13,0.040585898121215096,False,135,1b,10000,5,1470621,1,5000,0.5856668503100066,128x128,0.0003,0.001,30
signed-negative,h128x128_lr0.0003_wd0.001_k100,14,0.00957402073885837,False,135,1b,10000,5,1470621,1,5000,0.5856668503100066,128x128,0.0003,0.001,100
signed-negative,h128x128_lr0.0003_wd0.01_k10,15,0.8030495704746029,False,135,1b,10000,5,1470621,1,5000,0.5856668503100066,128x128,0.0003,0.01,10
signed-negative,h128x128_lr0.0003_wd0.01_k30,16,0.13805953635141982,False,135,1b,10000,5,1470621,1,5000,0.5856668503100066,128x128,0.0003,0.01,30
signed-negative,h128x128_lr0.0003_wd0.01_k100,17,0.02120707995411307,False,135,1b,10000,5,1470621,1,5000,0.5856668503100066,128x128,0.0003,0.01,100
signed-negative,h128x128_lr0.001_wd0.001_k10,18,0.03956907262628952,False,135,1b,10000,5,1470621,1,5000,0.5856668503100066,128x128,0.001,0.001,10
signed-negative,h128x128_lr0.001_wd0.001_k30,19,0.005983536594418114,True,135,1b,10000,5,1470621,1,5000,0.5856668503100066,128x128,0.001,0.001,30
signed-negative,h128x128_lr0.001_wd0.001_k100,20,0.011181454254624348,False,135,1b,10000,5,1470621,1,5000,0.5856668503100066,128x128,0.001,0.001,100
signed-negative,h128x128_lr0.001_wd0.01_k10,21,0.1428035579247757,False,135,1b,10000,5,1470621,1,5000,0.5856668503100066,128x128,0.001,0.01,10
signed-negative,h128x128_lr0.001_wd0.01_k30,22,0.026515926729161463,False,135,1b,10000,5,1470621,1,5000,0.5856668503100066,128x128,0.001,0.01,30
signed-negative,h128x128_lr0.001_wd0.01_k100,23,0.012708631592294115,False,135,1b,10000,5,1470621,1,5000,0.5856668503100066,128x128,0.001,0.01,100
ordinary,h64x64_lr0.0003_wd0.001_k10,0,0.687873941269641,False,136,1b,10000,6,1570624,0,5000,,64x64,0.0003,0.001,10
ordinary,h64x64_lr0.0003_wd0.001_k30,1,0.10852697149034825,False,136,1b,10000,6,1570624,0,5000,,64x64,0.0003,0.001,30
ordinary,h64x64_lr0.0003_wd0.001_k100,2,0.004017001388625356,False,136,1b,10000,6,1570624,0,5000,,64x64,0.0003,0.001,100
ordinary,h64x64_lr0.0003_wd0.01_k10,3,0.7520573874226698,False,136,1b,10000,6,1570624,0,5000,,64x64,0.0003,0.01,10
ordinary,h64x64_lr0.0003_wd0.01_k30,4,0.2892064147645447,False,136,1b,10000,6,1570624,0,5000,,64x64,0.0003,0.01,30
ordinary,h64x64_lr0.0003_wd0.01_k100,5,0.019981513840978106,False,136,1b,10000,6,1570624,0,5000,,64x64,0.0003,0.01,100
ordinary,h64x64_lr0.001_wd0.001_k10,6,0.12590260449998475,False,136,1b,10000,6,1570624,0,5000,,64x64,0.001,0.001,10
ordinary,h64x64_lr0.001_wd0.001_k30,7,0.00801828067420481,False,136,1b,10000,6,1570624,0,5000,,64x64,0.001,0.001,30
ordinary,h64x64_lr0.001_wd0.001_k100,8,0.00047155547128552967,True,136,1b,10000,6,1570624,0,5000,,64x64,0.001,0.001,100
ordinary,h64x64_lr0.001_wd0.01_k10,9,0.31876664144652683,False,136,1b,10000,6,1570624,0,5000,,64x64,0.001,0.01,10
ordinary,h64x64_lr0.001_wd0.01_k30,10,0.0204840692592062,False,136,1b,10000,6,1570624,0,5000,,64x64,0.001,0.01,30
ordinary,h64x64_lr0.001_wd0.01_k100,11,0.008745824378488042,False,136,1b,10000,6,1570624,0,5000,,64x64,0.001,0.01,100
ordinary,h128x128_lr0.0003_wd0.001_k10,12,0.5406987934478679,False,136,1b,10000,6,1570624,0,5000,,128x128,0.0003,0.001,10
ordinary,h128x128_lr0.0003_wd0.001_k30,13,0.02575938147718994,False,136,1b,10000,6,1570624,0,5000,,128x128,0.0003,0.001,30
ordinary,h128x128_lr0.0003_wd0.001_k100,14,0.0020412075896159548,False,136,1b,10000,6,1570624,0,5000,,128x128,0.0003,0.001,100
ordinary,h128x128_lr0.0003_wd0.01_k10,15,0.6919137514345801,False,136,1b,10000,6,1570624,0,5000,,128x128,0.0003,0.01,10
ordinary,h128x128_lr0.0003_wd0.01_k30,16,0.09700069228174038,False,136,1b,10000,6,1570624,0,5000,,128x128,0.0003,0.01,30
ordinary,h128x128_lr0.0003_wd0.01_k100,17,0.01576204550490466,False,136,1b,10000,6,1570624,0,5000,,128x128,0.0003,0.01,100
ordinary,h128x128_lr0.001_wd0.001_k10,18,0.0384492772555936,False,136,1b,10000,6,1570624,0,5000,,128x128,0.001,0.001,10
ordinary,h128x128_lr0.001_wd0.001_k30,19,0.011403695076975558,False,136,1b,10000,6,1570624,0,5000,,128x128,0.001,0.001,30
ordinary,h128x128_lr0.001_wd0.001_k100,20,0.001043572049486257,False,136,1b,10000,6,1570624,0,5000,,128x128,0.001,0.001,100
ordinary,h128x128_lr0.001_wd0.01_k10,21,0.10027385189074436,False,136,1b,10000,6,1570624,0,5000,,128x128,0.001,0.01,10
ordinary,h128x128_lr0.001_wd0.01_k30,22,0.01647913237081889,False,136,1b,10000,6,1570624,0,5000,,128x128,0.001,0.01,30
ordinary,h128x128_lr0.001_wd0.01_k100,23,0.010090535792748224,False,136,1b,10000,6,1570624,0,5000,,128x128,0.001,0.01,100
signed-positive,h64x64_lr0.0003_wd0.001_k10,0,0.8499586931878443,False,137,1b,10000,6,1570624,0,5000,0.6707511742262566,64x64,0.0003,0.001,10
signed-positive,h64x64_lr0.0003_wd0.001_k30,1,0.16424433423469825,False,137,1b,10000,6,1570624,0,5000,0.6707511742262566,64x64,0.0003,0.001,30
signed-positive,h64x64_lr0.0003_wd0.001_k100,2,0.03423148107629155,False,137,1b,10000,6,1570624,0,5000,0.6707511742262566,64x64,0.0003,0.001,100
signed-positive,h64x64_lr0.0003_wd0.01_k10,3,0.9098810046794524,False,137,1b,10000,6,1570624,0,5000,0.6707511742262566,64x64,0.0003,0.01,10
signed-positive,h64x64_lr0.0003_wd0.01_k30,4,0.3958266919990933,False,137,1b,10000,6,1570624,0,5000,0.6707511742262566,64x64,0.0003,0.01,30
signed-positive,h64x64_lr0.0003_wd0.01_k100,5,0.0223592068491738,False,137,1b,10000,6,1570624,0,5000,0.6707511742262566,64x64,0.0003,0.01,100
signed-positive,h64x64_lr0.001_wd0.001_k10,6,0.2184938186137208,False,137,1b,10000,6,1570624,0,5000,0.6707511742262566,64x64,0.001,0.001,10
signed-positive,h64x64_lr0.001_wd0.001_k30,7,0.03284323519325252,False,137,1b,10000,6,1570624,0,5000,0.6707511742262566,64x64,0.001,0.001,30
signed-positive,h64x64_lr0.001_wd0.001_k100,8,0.05318047805137226,False,137,1b,10000,6,1570624,0,5000,0.6707511742262566,64x64,0.001,0.001,100
signed-positive,h64x64_lr0.001_wd0.01_k10,9,0.46486755681136577,False,137,1b,10000,6,1570624,0,5000,0.6707511742262566,64x64,0.001,0.01,10
signed-positive,h64x64_lr0.001_wd0.01_k30,10,0.020961637786273548,False,137,1b,10000,6,1570624,0,5000,0.6707511742262566,64x64,0.001,0.01,30
signed-positive,h64x64_lr0.001_wd0.01_k100,11,0.032475152634043755,False,137,1b,10000,6,1570624,0,5000,0.6707511742262566,64x64,0.001,0.01,100
signed-positive,h128x128_lr0.0003_wd0.001_k10,12,0.6416568496156208,False,137,1b,10000,6,1570624,0,5000,0.6707511742262566,128x128,0.0003,0.001,10
signed-positive,h128x128_lr0.0003_wd0.001_k30,13,0.03772900109450783,False,137,1b,10000,6,1570624,0,5000,0.6707511742262566,128x128,0.0003,0.001,30
signed-positive,h128x128_lr0.0003_wd0.001_k100,14,0.03202661470792833,False,137,1b,10000,6,1570624,0,5000,0.6707511742262566,128x128,0.0003,0.001,100
signed-positive,h128x128_lr0.0003_wd0.01_k10,15,0.8206096401478516,False,137,1b,10000,6,1570624,0,5000,0.6707511742262566,128x128,0.0003,0.01,10
signed-positive,h128x128_lr0.0003_wd0.01_k30,16,0.1622356636792665,False,137,1b,10000,6,1570624,0,5000,0.6707511742262566,128x128,0.0003,0.01,30
signed-positive,h128x128_lr0.0003_wd0.01_k100,17,0.012158213640455218,False,137,1b,10000,6,1570624,0,5000,0.6707511742262566,128x128,0.0003,0.01,100
signed-positive,h128x128_lr0.001_wd0.001_k10,18,0.05032475513056801,False,137,1b,10000,6,1570624,0,5000,0.6707511742262566,128x128,0.001,0.001,10
signed-positive,h128x128_lr0.001_wd0.001_k30,19,0.04610144447260894,False,137,1b,10000,6,1570624,0,5000,0.6707511742262566,128x128,0.001,0.001,30
signed-positive,h128x128_lr0.001_wd0.001_k100,20,0.07077968386244649,False,137,1b,10000,6,1570624,0,5000,0.6707511742262566,128x128,0.001,0.001,100
signed-positive,h128x128_lr0.001_wd0.01_k10,21,0.18410779742817018,False,137,1b,10000,6,1570624,0,5000,0.6707511742262566,128x128,0.001,0.01,10
signed-positive,h128x128_lr0.001_wd0.01_k30,22,0.010630928701097362,True,137,1b,10000,6,1570624,0,5000,0.6707511742262566,128x128,0.001,0.01,30
signed-positive,h128x128_lr0.001_wd0.01_k100,23,0.03970765520582057,False,137,1b,10000,6,1570624,0,5000,0.6707511742262566,128x128,0.001,0.01,100
signed-negative,h64x64_lr0.0003_wd0.001_k10,0,0.7078754343750351,False,138,1b,10000,6,1570624,0,5000,0.6878299455825178,64x64,0.0003,0.001,10
signed-negative,h64x64_lr0.0003_wd0.001_k30,1,0.09093925515021073,False,138,1b,10000,6,1570624,0,5000,0.6878299455825178,64x64,0.0003,0.001,30
signed-negative,h64x64_lr0.0003_wd0.001_k100,2,0.022290276491419323,False,138,1b,10000,6,1570624,0,5000,0.6878299455825178,64x64,0.0003,0.001,100
signed-negative,h64x64_lr0.0003_wd0.01_k10,3,0.7956752607834201,False,138,1b,10000,6,1570624,0,5000,0.6878299455825178,64x64,0.0003,0.01,10
signed-negative,h64x64_lr0.0003_wd0.01_k30,4,0.27342696676739436,False,138,1b,10000,6,1570624,0,5000,0.6878299455825178,64x64,0.0003,0.01,30
signed-negative,h64x64_lr0.0003_wd0.01_k100,5,0.02133470354565207,False,138,1b,10000,6,1570624,0,5000,0.6878299455825178,64x64,0.0003,0.01,100
signed-negative,h64x64_lr0.001_wd0.001_k10,6,0.10424030866806695,False,138,1b,10000,6,1570624,0,5000,0.6878299455825178,64x64,0.001,0.001,10
signed-negative,h64x64_lr0.001_wd0.001_k30,7,0.07103333892717957,False,138,1b,10000,6,1570624,0,5000,0.6878299455825178,64x64,0.001,0.001,30
signed-negative,h64x64_lr0.001_wd0.001_k100,8,0.02448451085676278,False,138,1b,10000,6,1570624,0,5000,0.6878299455825178,64x64,0.001,0.001,100
signed-negative,h64x64_lr0.001_wd0.01_k10,9,0.28683247503928944,False,138,1b,10000,6,1570624,0,5000,0.6878299455825178,64x64,0.001,0.01,10
signed-negative,h64x64_lr0.001_wd0.01_k30,10,0.03794277451881838,False,138,1b,10000,6,1570624,0,5000,0.6878299455825178,64x64,0.001,0.01,30
signed-negative,h64x64_lr0.001_wd0.01_k100,11,0.012132973034382457,True,138,1b,10000,6,1570624,0,5000,0.6878299455825178,64x64,0.001,0.01,100
signed-negative,h128x128_lr0.0003_wd0.001_k10,12,0.6203296960099048,False,138,1b,10000,6,1570624,0,5000,0.6878299455825178,128x128,0.0003,0.001,10
signed-negative,h128x128_lr0.0003_wd0.001_k30,13,0.04867025903390827,False,138,1b,10000,6,1570624,0,5000,0.6878299455825178,128x128,0.0003,0.001,30
signed-negative,h128x128_lr0.0003_wd0.001_k100,14,0.020743360749365215,False,138,1b,10000,6,1570624,0,5000,0.6878299455825178,128x128,0.0003,0.001,100
signed-negative,h128x128_lr0.0003_wd0.01_k10,15,0.7729769060459175,False,138,1b,10000,6,1570624,0,5000,0.6878299455825178,128x128,0.0003,0.01,10
signed-negative,h128x128_lr0.0003_wd0.01_k30,16,0.13487890046309342,False,138,1b,10000,6,1570624,0,5000,0.6878299455825178,128x128,0.0003,0.01,30
signed-negative,h128x128_lr0.0003_wd0.01_k100,17,0.01428917521499061,False,138,1b,10000,6,1570624,0,5000,0.6878299455825178,128x128,0.0003,0.01,100
signed-negative,h128x128_lr0.001_wd0.001_k10,18,0.06185334139065832,False,138,1b,10000,6,1570624,0,5000,0.6878299455825178,128x128,0.001,0.001,10
signed-negative,h128x128_lr0.001_wd0.001_k30,19,0.06409309281508906,False,138,1b,10000,6,1570624,0,5000,0.6878299455825178,128x128,0.001,0.001,30
signed-negative,h128x128_lr0.001_wd0.001_k100,20,0.025914559779702476,False,138,1b,10000,6,1570624,0,5000,0.6878299455825178,128x128,0.001,0.001,100
signed-negative,h128x128_lr0.001_wd0.01_k10,21,0.16184361808449224,False,138,1b,10000,6,1570624,0,5000,0.6878299455825178,128x128,0.001,0.01,10
signed-negative,h128x128_lr0.001_wd0.01_k30,22,0.038002713912892824,False,138,1b,10000,6,1570624,0,5000,0.6878299455825178,128x128,0.001,0.01,30
signed-negative,h128x128_lr0.001_wd0.01_k100,23,0.013396754609499647,False,138,1b,10000,6,1570624,0,5000,0.6878299455825178,128x128,0.001,0.01,100
ordinary,h64x64_lr0.0003_wd0.001_k10,0,0.6465437559734766,False,139,1b,10000,6,1570624,1,5000,,64x64,0.0003,0.001,10
ordinary,h64x64_lr0.0003_wd0.001_k30,1,0.1251648540110824,False,139,1b,10000,6,1570624,1,5000,,64x64,0.0003,0.001,30
ordinary,h64x64_lr0.0003_wd0.001_k100,2,0.008340982998429065,False,139,1b,10000,6,1570624,1,5000,,64x64,0.0003,0.001,100
ordinary,h64x64_lr0.0003_wd0.01_k10,3,0.7046200719886521,False,139,1b,10000,6,1570624,1,5000,,64x64,0.0003,0.01,10
ordinary,h64x64_lr0.0003_wd0.01_k30,4,0.30568830869604025,False,139,1b,10000,6,1570624,1,5000,,64x64,0.0003,0.01,30
ordinary,h64x64_lr0.0003_wd0.01_k100,5,0.025121407660930524,False,139,1b,10000,6,1570624,1,5000,,64x64,0.0003,0.01,100
ordinary,h64x64_lr0.001_wd0.001_k10,6,0.1509224722980802,False,139,1b,10000,6,1570624,1,5000,,64x64,0.001,0.001,10
ordinary,h64x64_lr0.001_wd0.001_k30,7,0.0037540241074600638,False,139,1b,10000,6,1570624,1,5000,,64x64,0.001,0.001,30
ordinary,h64x64_lr0.001_wd0.001_k100,8,0.023777385543976338,False,139,1b,10000,6,1570624,1,5000,,64x64,0.001,0.001,100
ordinary,h64x64_lr0.001_wd0.01_k10,9,0.33665663427859255,False,139,1b,10000,6,1570624,1,5000,,64x64,0.001,0.01,10
ordinary,h64x64_lr0.001_wd0.01_k30,10,0.02436395872426094,False,139,1b,10000,6,1570624,1,5000,,64x64,0.001,0.01,30
ordinary,h64x64_lr0.001_wd0.01_k100,11,0.007444529599314009,False,139,1b,10000,6,1570624,1,5000,,64x64,0.001,0.01,100
ordinary,h128x128_lr0.0003_wd0.001_k10,12,0.5166292497580263,False,139,1b,10000,6,1570624,1,5000,,128x128,0.0003,0.001,10
ordinary,h128x128_lr0.0003_wd0.001_k30,13,0.024018316855040665,False,139,1b,10000,6,1570624,1,5000,,128x128,0.0003,0.001,30
ordinary,h128x128_lr0.0003_wd0.001_k100,14,0.014223101693691823,False,139,1b,10000,6,1570624,1,5000,,128x128,0.0003,0.001,100
ordinary,h128x128_lr0.0003_wd0.01_k10,15,0.6498985280224941,False,139,1b,10000,6,1570624,1,5000,,128x128,0.0003,0.01,10
ordinary,h128x128_lr0.0003_wd0.01_k30,16,0.11657297543809596,False,139,1b,10000,6,1570624,1,5000,,128x128,0.0003,0.01,30
ordinary,h128x128_lr0.0003_wd0.01_k100,17,0.013978237927372912,False,139,1b,10000,6,1570624,1,5000,,128x128,0.0003,0.01,100
ordinary,h128x128_lr0.001_wd0.001_k10,18,0.025556267763387423,False,139,1b,10000,6,1570624,1,5000,,128x128,0.001,0.001,10
ordinary,h128x128_lr0.001_wd0.001_k30,19,0.000875106918684489,True,139,1b,10000,6,1570624,1,5000,,128x128,0.001,0.001,30
ordinary,h128x128_lr0.001_wd0.001_k100,20,0.01701038326203045,False,139,1b,10000,6,1570624,1,5000,,128x128,0.001,0.001,100
ordinary,h128x128_lr0.001_wd0.01_k10,21,0.1231606806500575,False,139,1b,10000,6,1570624,1,5000,,128x128,0.001,0.01,10
ordinary,h128x128_lr0.001_wd0.01_k30,22,0.015256582930027619,False,139,1b,10000,6,1570624,1,5000,,128x128,0.001,0.01,30
ordinary,h128x128_lr0.001_wd0.01_k100,23,0.006606490330257698,False,139,1b,10000,6,1570624,1,5000,,128x128,0.001,0.01,100
signed-positive,h64x64_lr0.0003_wd0.001_k10,0,0.7193811465825991,False,140,1b,10000,6,1570624,1,5000,0.6250060615834543,64x64,0.0003,0.001,10
signed-positive,h64x64_lr0.0003_wd0.001_k30,1,0.18990076677853351,False,140,1b,10000,6,1570624,1,5000,0.6250060615834543,64x64,0.0003,0.001,30
signed-positive,h64x64_lr0.0003_wd0.001_k100,2,0.008751391733952686,False,140,1b,10000,6,1570624,1,5000,0.6250060615834543,64x64,0.0003,0.001,100
signed-positive,h64x64_lr0.0003_wd0.01_k10,3,0.7828830272910909,False,140,1b,10000,6,1570624,1,5000,0.6250060615834543,64x64,0.0003,0.01,10
signed-positive,h64x64_lr0.0003_wd0.01_k30,4,0.39193001915788267,False,140,1b,10000,6,1570624,1,5000,0.6250060615834543,64x64,0.0003,0.01,30
signed-positive,h64x64_lr0.0003_wd0.01_k100,5,0.02440030068375993,False,140,1b,10000,6,1570624,1,5000,0.6250060615834543,64x64,0.0003,0.01,100
signed-positive,h64x64_lr0.001_wd0.001_k10,6,0.19442047232211931,False,140,1b,10000,6,1570624,1,5000,0.6250060615834543,64x64,0.001,0.001,10
signed-positive,h64x64_lr0.001_wd0.001_k30,7,0.008539373269810531,False,140,1b,10000,6,1570624,1,5000,0.6250060615834543,64x64,0.001,0.001,30
signed-positive,h64x64_lr0.001_wd0.001_k100,8,0.0076405910379128625,False,140,1b,10000,6,1570624,1,5000,0.6250060615834543,64x64,0.001,0.001,100
signed-positive,h64x64_lr0.001_wd0.01_k10,9,0.39711975781111214,False,140,1b,10000,6,1570624,1,5000,0.6250060615834543,64x64,0.001,0.01,10
signed-positive,h64x64_lr0.001_wd0.01_k30,10,0.03707896693028189,False,140,1b,10000,6,1570624,1,5000,0.6250060615834543,64x64,0.001,0.01,30
signed-positive,h64x64_lr0.001_wd0.01_k100,11,0.010534230642115772,False,140,1b,10000,6,1570624,1,5000,0.6250060615834543,64x64,0.001,0.01,100
signed-positive,h128x128_lr0.0003_wd0.001_k10,12,0.5733215093886175,False,140,1b,10000,6,1570624,1,5000,0.6250060615834543,128x128,0.0003,0.001,10
signed-positive,h128x128_lr0.0003_wd0.001_k30,13,0.03349826946263332,False,140,1b,10000,6,1570624,1,5000,0.6250060615834543,128x128,0.0003,0.001,30
signed-positive,h128x128_lr0.0003_wd0.001_k100,14,0.011502033567483885,False,140,1b,10000,6,1570624,1,5000,0.6250060615834543,128x128,0.0003,0.001,100
signed-positive,h128x128_lr0.0003_wd0.01_k10,15,0.7277067391693656,False,140,1b,10000,6,1570624,1,5000,0.6250060615834543,128x128,0.0003,0.01,10
signed-positive,h128x128_lr0.0003_wd0.01_k30,16,0.1575000865515247,False,140,1b,10000,6,1570624,1,5000,0.6250060615834543,128x128,0.0003,0.01,30
signed-positive,h128x128_lr0.0003_wd0.01_k100,17,0.012518910719101418,False,140,1b,10000,6,1570624,1,5000,0.6250060615834543,128x128,0.0003,0.01,100
signed-positive,h128x128_lr0.001_wd0.001_k10,18,0.02631632596475627,False,140,1b,10000,6,1570624,1,5000,0.6250060615834543,128x128,0.001,0.001,10
signed-positive,h128x128_lr0.001_wd0.001_k30,19,0.014617845775845595,False,140,1b,10000,6,1570624,1,5000,0.6250060615834543,128x128,0.001,0.001,30
signed-positive,h128x128_lr0.001_wd0.001_k100,20,0.016140814198707037,False,140,1b,10000,6,1570624,1,5000,0.6250060615834543,128x128,0.001,0.001,100
signed-positive,h128x128_lr0.001_wd0.01_k10,21,0.16618887364251955,False,140,1b,10000,6,1570624,1,5000,0.6250060615834543,128x128,0.001,0.01,10
signed-positive,h128x128_lr0.001_wd0.01_k30,22,0.0276676896540494,False,140,1b,10000,6,1570624,1,5000,0.6250060615834543,128x128,0.001,0.01,30
signed-positive,h128x128_lr0.001_wd0.01_k100,23,0.006735609060636496,True,140,1b,10000,6,1570624,1,5000,0.6250060615834543,128x128,0.001,0.01,100
signed-negative,h64x64_lr0.0003_wd0.001_k10,0,0.6896923824685713,False,141,1b,10000,6,1570624,1,5000,0.630372650854835,64x64,0.0003,0.001,10
signed-negative,h64x64_lr0.0003_wd0.001_k30,1,0.12428498437265649,False,141,1b,10000,6,1570624,1,5000,0.630372650854835,64x64,0.0003,0.001,30
signed-negative,h64x64_lr0.0003_wd0.001_k100,2,0.005635038645397509,False,141,1b,10000,6,1570624,1,5000,0.630372650854835,64x64,0.0003,0.001,100
signed-negative,h64x64_lr0.0003_wd0.01_k10,3,0.7522668880902385,False,141,1b,10000,6,1570624,1,5000,0.630372650854835,64x64,0.0003,0.01,10
signed-negative,h64x64_lr0.0003_wd0.01_k30,4,0.3133626886944133,False,141,1b,10000,6,1570624,1,5000,0.630372650854835,64x64,0.0003,0.01,30
signed-negative,h64x64_lr0.0003_wd0.01_k100,5,0.022688143229365902,False,141,1b,10000,6,1570624,1,5000,0.630372650854835,64x64,0.0003,0.01,100
signed-negative,h64x64_lr0.001_wd0.001_k10,6,0.14536030143808298,False,141,1b,10000,6,1570624,1,5000,0.630372650854835,64x64,0.001,0.001,10
signed-negative,h64x64_lr0.001_wd0.001_k30,7,0.008989304722073497,False,141,1b,10000,6,1570624,1,5000,0.630372650854835,64x64,0.001,0.001,30
signed-negative,h64x64_lr0.001_wd0.001_k100,8,0.02263386181496497,False,141,1b,10000,6,1570624,1,5000,0.630372650854835,64x64,0.001,0.001,100
signed-negative,h64x64_lr0.001_wd0.01_k10,9,0.34492801478936885,False,141,1b,10000,6,1570624,1,5000,0.630372650854835,64x64,0.001,0.01,10
signed-negative,h64x64_lr0.001_wd0.01_k30,10,0.02184731186540955,False,141,1b,10000,6,1570624,1,5000,0.630372650854835,64x64,0.001,0.01,30
signed-negative,h64x64_lr0.001_wd0.01_k100,11,0.009273703815664365,False,141,1b,10000,6,1570624,1,5000,0.630372650854835,64x64,0.001,0.01,100
signed-negative,h128x128_lr0.0003_wd0.001_k10,12,0.5356257803751223,False,141,1b,10000,6,1570624,1,5000,0.630372650854835,128x128,0.0003,0.001,10
signed-negative,h128x128_lr0.0003_wd0.001_k30,13,0.02423665374452596,False,141,1b,10000,6,1570624,1,5000,0.630372650854835,128x128,0.0003,0.001,30
signed-negative,h128x128_lr0.0003_wd0.001_k100,14,0.006027737462756733,False,141,1b,10000,6,1570624,1,5000,0.630372650854835,128x128,0.0003,0.001,100
signed-negative,h128x128_lr0.0003_wd0.01_k10,15,0.6911302268622445,False,141,1b,10000,6,1570624,1,5000,0.630372650854835,128x128,0.0003,0.01,10
signed-negative,h128x128_lr0.0003_wd0.01_k30,16,0.10912316854146659,False,141,1b,10000,6,1570624,1,5000,0.630372650854835,128x128,0.0003,0.01,30
signed-negative,h128x128_lr0.0003_wd0.01_k100,17,0.012408289095377428,False,141,1b,10000,6,1570624,1,5000,0.630372650854835,128x128,0.0003,0.01,100
signed-negative,h128x128_lr0.001_wd0.001_k10,18,0.030993796679119123,False,141,1b,10000,6,1570624,1,5000,0.630372650854835,128x128,0.001,0.001,10
signed-negative,h128x128_lr0.001_wd0.001_k30,19,0.004732995257373225,True,141,1b,10000,6,1570624,1,5000,0.630372650854835,128x128,0.001,0.001,30
signed-negative,h128x128_lr0.001_wd0.001_k100,20,0.02131475699975282,False,141,1b,10000,6,1570624,1,5000,0.630372650854835,128x128,0.001,0.001,100
signed-negative,h128x128_lr0.001_wd0.01_k10,21,0.12063935753229006,False,141,1b,10000,6,1570624,1,5000,0.630372650854835,128x128,0.001,0.01,10
signed-negative,h128x128_lr0.001_wd0.01_k30,22,0.012894727994726433,False,141,1b,10000,6,1570624,1,5000,0.630372650854835,128x128,0.001,0.01,30
signed-negative,h128x128_lr0.001_wd0.01_k100,23,0.005938689909219121,False,141,1b,10000,6,1570624,1,5000,0.630372650854835,128x128,0.001,0.01,100
ordinary,h64x64_lr0.0003_wd0.001_k10,0,0.7207552862891412,False,142,1b,10000,7,1670627,0,5000,,64x64,0.0003,0.001,10
ordinary,h64x64_lr0.0003_wd0.001_k30,1,0.15618270665120224,False,142,1b,10000,7,1670627,0,5000,,64x64,0.0003,0.001,30
ordinary,h64x64_lr0.0003_wd0.001_k100,2,0.004301536229678611,False,142,1b,10000,7,1670627,0,5000,,64x64,0.0003,0.001,100
ordinary,h64x64_lr0.0003_wd0.01_k10,3,0.7775114505334284,False,142,1b,10000,7,1670627,0,5000,,64x64,0.0003,0.01,10
ordinary,h64x64_lr0.0003_wd0.01_k30,4,0.34449463466784974,False,142,1b,10000,7,1670627,0,5000,,64x64,0.0003,0.01,30
ordinary,h64x64_lr0.0003_wd0.01_k100,5,0.024810127146945575,False,142,1b,10000,7,1670627,0,5000,,64x64,0.0003,0.01,100
ordinary,h64x64_lr0.001_wd0.001_k10,6,0.18202947404982187,False,142,1b,10000,7,1670627,0,5000,,64x64,0.001,0.001,10
ordinary,h64x64_lr0.001_wd0.001_k30,7,0.011589588136817246,False,142,1b,10000,7,1670627,0,5000,,64x64,0.001,0.001,30
ordinary,h64x64_lr0.001_wd0.001_k100,8,0.006047737132476388,False,142,1b,10000,7,1670627,0,5000,,64x64,0.001,0.001,100
ordinary,h64x64_lr0.001_wd0.01_k10,9,0.3741057773132775,False,142,1b,10000,7,1670627,0,5000,,64x64,0.001,0.01,10
ordinary,h64x64_lr0.001_wd0.01_k30,10,0.02733025312645849,False,142,1b,10000,7,1670627,0,5000,,64x64,0.001,0.01,30
ordinary,h64x64_lr0.001_wd0.01_k100,11,0.008954067081322006,False,142,1b,10000,7,1670627,0,5000,,64x64,0.001,0.01,100
ordinary,h128x128_lr0.0003_wd0.001_k10,12,0.5700662965569389,False,142,1b,10000,7,1670627,0,5000,,128x128,0.0003,0.001,10
ordinary,h128x128_lr0.0003_wd0.001_k30,13,0.042543953517281845,False,142,1b,10000,7,1670627,0,5000,,128x128,0.0003,0.001,30
ordinary,h128x128_lr0.0003_wd0.001_k100,14,0.004131572225876091,False,142,1b,10000,7,1670627,0,5000,,128x128,0.0003,0.001,100
ordinary,h128x128_lr0.0003_wd0.01_k10,15,0.7109489678192261,False,142,1b,10000,7,1670627,0,5000,,128x128,0.0003,0.01,10
ordinary,h128x128_lr0.0003_wd0.01_k30,16,0.1567327355132224,False,142,1b,10000,7,1670627,0,5000,,128x128,0.0003,0.01,30
ordinary,h128x128_lr0.0003_wd0.01_k100,17,0.017470389710570213,False,142,1b,10000,7,1670627,0,5000,,128x128,0.0003,0.01,100
ordinary,h128x128_lr0.001_wd0.001_k10,18,0.04740709729124626,False,142,1b,10000,7,1670627,0,5000,,128x128,0.001,0.001,10
ordinary,h128x128_lr0.001_wd0.001_k30,19,0.007064156464231437,False,142,1b,10000,7,1670627,0,5000,,128x128,0.001,0.001,30
ordinary,h128x128_lr0.001_wd0.001_k100,20,0.002850295490085918,True,142,1b,10000,7,1670627,0,5000,,128x128,0.001,0.001,100
ordinary,h128x128_lr0.001_wd0.01_k10,21,0.16620528302539445,False,142,1b,10000,7,1670627,0,5000,,128x128,0.001,0.01,10
ordinary,h128x128_lr0.001_wd0.01_k30,22,0.020618702299049683,False,142,1b,10000,7,1670627,0,5000,,128x128,0.001,0.01,30
ordinary,h128x128_lr0.001_wd0.01_k100,23,0.011372658268388224,False,142,1b,10000,7,1670627,0,5000,,128x128,0.001,0.01,100
signed-positive,h64x64_lr0.0003_wd0.001_k10,0,0.7368662504460579,False,143,1b,10000,7,1670627,0,5000,0.6655839274882284,64x64,0.0003,0.001,10
signed-positive,h64x64_lr0.0003_wd0.001_k30,1,0.16296295223097118,False,143,1b,10000,7,1670627,0,5000,0.6655839274882284,64x64,0.0003,0.001,30
signed-positive,h64x64_lr0.0003_wd0.001_k100,2,0.014150636093540067,False,143,1b,10000,7,1670627,0,5000,0.6655839274882284,64x64,0.0003,0.001,100
signed-positive,h64x64_lr0.0003_wd0.01_k10,3,0.7986572340349967,False,143,1b,10000,7,1670627,0,5000,0.6655839274882284,64x64,0.0003,0.01,10
signed-positive,h64x64_lr0.0003_wd0.01_k30,4,0.35525644485185964,False,143,1b,10000,7,1670627,0,5000,0.6655839274882284,64x64,0.0003,0.01,30
signed-positive,h64x64_lr0.0003_wd0.01_k100,5,0.039281735813434034,False,143,1b,10000,7,1670627,0,5000,0.6655839274882284,64x64,0.0003,0.01,100
signed-positive,h64x64_lr0.001_wd0.001_k10,6,0.183318334934058,False,143,1b,10000,7,1670627,0,5000,0.6655839274882284,64x64,0.001,0.001,10
signed-positive,h64x64_lr0.001_wd0.001_k30,7,0.014265193980730131,False,143,1b,10000,7,1670627,0,5000,0.6655839274882284,64x64,0.001,0.001,30
signed-positive,h64x64_lr0.001_wd0.001_k100,8,0.0009948353906198302,True,143,1b,10000,7,1670627,0,5000,0.6655839274882284,64x64,0.001,0.001,100
signed-positive,h64x64_lr0.001_wd0.01_k10,9,0.3874675462763098,False,143,1b,10000,7,1670627,0,5000,0.6655839274882284,64x64,0.001,0.01,10
signed-positive,h64x64_lr0.001_wd0.01_k30,10,0.0417235538872125,False,143,1b,10000,7,1670627,0,5000,0.6655839274882284,64x64,0.001,0.01,30
signed-positive,h64x64_lr0.001_wd0.01_k100,11,0.014338248942581205,False,143,1b,10000,7,1670627,0,5000,0.6655839274882284,64x64,0.001,0.01,100
signed-positive,h128x128_lr0.0003_wd0.001_k10,12,0.5711225073425422,False,143,1b,10000,7,1670627,0,5000,0.6655839274882284,128x128,0.0003,0.001,10
signed-positive,h128x128_lr0.0003_wd0.001_k30,13,0.055355386450472145,False,143,1b,10000,7,1670627,0,5000,0.6655839274882284,128x128,0.0003,0.001,30
signed-positive,h128x128_lr0.0003_wd0.001_k100,14,0.00707410372539789,False,143,1b,10000,7,1670627,0,5000,0.6655839274882284,128x128,0.0003,0.001,100
signed-positive,h128x128_lr0.0003_wd0.01_k10,15,0.7211210343766247,False,143,1b,10000,7,1670627,0,5000,0.6655839274882284,128x128,0.0003,0.01,10
signed-positive,h128x128_lr0.0003_wd0.01_k30,16,0.15906197944741232,False,143,1b,10000,7,1670627,0,5000,0.6655839274882284,128x128,0.0003,0.01,30
signed-positive,h128x128_lr0.0003_wd0.01_k100,17,0.02503821782701292,False,143,1b,10000,7,1670627,0,5000,0.6655839274882284,128x128,0.0003,0.01,100
signed-positive,h128x128_lr0.001_wd0.001_k10,18,0.04744328670111278,False,143,1b,10000,7,1670627,0,5000,0.6655839274882284,128x128,0.001,0.001,10
signed-positive,h128x128_lr0.001_wd0.001_k30,19,0.01266013922800661,False,143,1b,10000,7,1670627,0,5000,0.6655839274882284,128x128,0.001,0.001,30
signed-positive,h128x128_lr0.001_wd0.001_k100,20,0.0014002237278320528,False,143,1b,10000,7,1670627,0,5000,0.6655839274882284,128x128,0.001,0.001,100
signed-positive,h128x128_lr0.001_wd0.01_k10,21,0.16799315181439994,False,143,1b,10000,7,1670627,0,5000,0.6655839274882284,128x128,0.001,0.01,10
signed-positive,h128x128_lr0.001_wd0.01_k30,22,0.026745511978546962,False,143,1b,10000,7,1670627,0,5000,0.6655839274882284,128x128,0.001,0.01,30
signed-positive,h128x128_lr0.001_wd0.01_k100,23,0.01521182127394986,False,143,1b,10000,7,1670627,0,5000,0.6655839274882284,128x128,0.001,0.01,100
signed-negative,h64x64_lr0.0003_wd0.001_k10,0,0.7544526256502232,False,144,1b,10000,7,1670627,0,5000,0.6365023492101826,64x64,0.0003,0.001,10
signed-negative,h64x64_lr0.0003_wd0.001_k30,1,0.19651082948084128,False,144,1b,10000,7,1670627,0,5000,0.6365023492101826,64x64,0.0003,0.001,30
signed-negative,h64x64_lr0.0003_wd0.001_k100,2,0.01919235545727362,False,144,1b,10000,7,1670627,0,5000,0.6365023492101826,64x64,0.0003,0.001,100
signed-negative,h64x64_lr0.0003_wd0.01_k10,3,0.8083361035615777,False,144,1b,10000,7,1670627,0,5000,0.6365023492101826,64x64,0.0003,0.01,10
signed-negative,h64x64_lr0.0003_wd0.01_k30,4,0.4040366533643506,False,144,1b,10000,7,1670627,0,5000,0.6365023492101826,64x64,0.0003,0.01,30
signed-negative,h64x64_lr0.0003_wd0.01_k100,5,0.041620096920336386,False,144,1b,10000,7,1670627,0,5000,0.6365023492101826,64x64,0.0003,0.01,100
signed-negative,h64x64_lr0.001_wd0.001_k10,6,0.21622038760334408,False,144,1b,10000,7,1670627,0,5000,0.6365023492101826,64x64,0.001,0.001,10
signed-negative,h64x64_lr0.001_wd0.001_k30,7,0.021601981403231982,False,144,1b,10000,7,1670627,0,5000,0.6365023492101826,64x64,0.001,0.001,30
signed-negative,h64x64_lr0.001_wd0.001_k100,8,0.003676830678405486,False,144,1b,10000,7,1670627,0,5000,0.6365023492101826,64x64,0.001,0.001,100
signed-negative,h64x64_lr0.001_wd0.01_k10,9,0.435058735580321,False,144,1b,10000,7,1670627,0,5000,0.6365023492101826,64x64,0.001,0.01,10
signed-negative,h64x64_lr0.001_wd0.01_k30,10,0.04572099792991324,False,144,1b,10000,7,1670627,0,5000,0.6365023492101826,64x64,0.001,0.01,30
signed-negative,h64x64_lr0.001_wd0.01_k100,11,0.016748119741109423,False,144,1b,10000,7,1670627,0,5000,0.6365023492101826,64x64,0.001,0.01,100
signed-negative,h128x128_lr0.0003_wd0.001_k10,12,0.5920360203461472,False,144,1b,10000,7,1670627,0,5000,0.6365023492101826,128x128,0.0003,0.001,10
signed-negative,h128x128_lr0.0003_wd0.001_k30,13,0.05003872413068744,False,144,1b,10000,7,1670627,0,5000,0.6365023492101826,128x128,0.0003,0.001,30
signed-negative,h128x128_lr0.0003_wd0.001_k100,14,0.007768451237860471,False,144,1b,10000,7,1670627,0,5000,0.6365023492101826,128x128,0.0003,0.001,100
signed-negative,h128x128_lr0.0003_wd0.01_k10,15,0.737267207850532,False,144,1b,10000,7,1670627,0,5000,0.6365023492101826,128x128,0.0003,0.01,10
signed-negative,h128x128_lr0.0003_wd0.01_k30,16,0.15923479741055704,False,144,1b,10000,7,1670627,0,5000,0.6365023492101826,128x128,0.0003,0.01,30
signed-negative,h128x128_lr0.0003_wd0.01_k100,17,0.025375195127735155,False,144,1b,10000,7,1670627,0,5000,0.6365023492101826,128x128,0.0003,0.01,100
signed-negative,h128x128_lr0.001_wd0.001_k10,18,0.04842074358965742,False,144,1b,10000,7,1670627,0,5000,0.6365023492101826,128x128,0.001,0.001,10
signed-negative,h128x128_lr0.001_wd0.001_k30,19,0.012411755909680647,False,144,1b,10000,7,1670627,0,5000,0.6365023492101826,128x128,0.001,0.001,30
signed-negative,h128x128_lr0.001_wd0.001_k100,20,0.0,True,144,1b,10000,7,1670627,0,5000,0.6365023492101826,128x128,0.001,0.001,100
signed-negative,h128x128_lr0.001_wd0.01_k10,21,0.16007576210791383,False,144,1b,10000,7,1670627,0,5000,0.6365023492101826,128x128,0.001,0.01,10
signed-negative,h128x128_lr0.001_wd0.01_k30,22,0.03216985047278161,False,144,1b,10000,7,1670627,0,5000,0.6365023492101826,128x128,0.001,0.01,30
signed-negative,h128x128_lr0.001_wd0.01_k100,23,0.013058988865651116,False,144,1b,10000,7,1670627,0,5000,0.6365023492101826,128x128,0.001,0.01,100
ordinary,h64x64_lr0.0003_wd0.001_k10,0,0.6293408989449294,False,145,1b,10000,7,1670627,1,5000,,64x64,0.0003,0.001,10
ordinary,h64x64_lr0.0003_wd0.001_k30,1,0.07756281530690423,False,145,1b,10000,7,1670627,1,5000,,64x64,0.0003,0.001,30
ordinary,h64x64_lr0.0003_wd0.001_k100,2,0.009457384784186684,False,145,1b,10000,7,1670627,1,5000,,64x64,0.0003,0.001,100
ordinary,h64x64_lr0.0003_wd0.01_k10,3,0.7099401442937231,False,145,1b,10000,7,1670627,1,5000,,64x64,0.0003,0.01,10
ordinary,h64x64_lr0.0003_wd0.01_k30,4,0.23163755573149336,False,145,1b,10000,7,1670627,1,5000,,64x64,0.0003,0.01,30
ordinary,h64x64_lr0.0003_wd0.01_k100,5,0.016761505700648736,False,145,1b,10000,7,1670627,1,5000,,64x64,0.0003,0.01,100
ordinary,h64x64_lr0.001_wd0.001_k10,6,0.07521939694230187,False,145,1b,10000,7,1670627,1,5000,,64x64,0.001,0.001,10
ordinary,h64x64_lr0.001_wd0.001_k30,7,0.012325324150101522,False,145,1b,10000,7,1670627,1,5000,,64x64,0.001,0.001,30
ordinary,h64x64_lr0.001_wd0.001_k100,8,0.014815049984487232,False,145,1b,10000,7,1670627,1,5000,,64x64,0.001,0.001,100
ordinary,h64x64_lr0.001_wd0.01_k10,9,0.2374306053173527,False,145,1b,10000,7,1670627,1,5000,,64x64,0.001,0.01,10
ordinary,h64x64_lr0.001_wd0.01_k30,10,0.019740776631550383,False,145,1b,10000,7,1670627,1,5000,,64x64,0.001,0.01,30
ordinary,h64x64_lr0.001_wd0.01_k100,11,0.006003206190938087,True,145,1b,10000,7,1670627,1,5000,,64x64,0.001,0.01,100
ordinary,h128x128_lr0.0003_wd0.001_k10,12,0.533198190714738,False,145,1b,10000,7,1670627,1,5000,,128x128,0.0003,0.001,10
ordinary,h128x128_lr0.0003_wd0.001_k30,13,0.01811331770533591,False,145,1b,10000,7,1670627,1,5000,,128x128,0.0003,0.001,30
ordinary,h128x128_lr0.0003_wd0.001_k100,14,0.015149074196425697,False,145,1b,10000,7,1670627,1,5000,,128x128,0.0003,0.001,100
ordinary,h128x128_lr0.0003_wd0.01_k10,15,0.6850645779691662,False,145,1b,10000,7,1670627,1,5000,,128x128,0.0003,0.01,10
ordinary,h128x128_lr0.0003_wd0.01_k30,16,0.1091394715695953,False,145,1b,10000,7,1670627,1,5000,,128x128,0.0003,0.01,30
ordinary,h128x128_lr0.0003_wd0.01_k100,17,0.010186616814338563,False,145,1b,10000,7,1670627,1,5000,,128x128,0.0003,0.01,100
ordinary,h128x128_lr0.001_wd0.001_k10,18,0.014295573240395714,False,145,1b,10000,7,1670627,1,5000,,128x128,0.001,0.001,10
ordinary,h128x128_lr0.001_wd0.001_k30,19,0.006196478923128548,False,145,1b,10000,7,1670627,1,5000,,128x128,0.001,0.001,30
ordinary,h128x128_lr0.001_wd0.001_k100,20,0.015030415672832543,False,145,1b,10000,7,1670627,1,5000,,128x128,0.001,0.001,100
ordinary,h128x128_lr0.001_wd0.01_k10,21,0.1103700239930718,False,145,1b,10000,7,1670627,1,5000,,128x128,0.001,0.01,10
ordinary,h128x128_lr0.001_wd0.01_k30,22,0.0164859026976647,False,145,1b,10000,7,1670627,1,5000,,128x128,0.001,0.01,30
ordinary,h128x128_lr0.001_wd0.01_k100,23,0.006650903434874485,False,145,1b,10000,7,1670627,1,5000,,128x128,0.001,0.01,100
signed-positive,h64x64_lr0.0003_wd0.001_k10,0,0.8619192940416035,False,146,1b,10000,7,1670627,1,5000,0.5177935502634897,64x64,0.0003,0.001,10
signed-positive,h64x64_lr0.0003_wd0.001_k30,1,0.17102648956876745,False,146,1b,10000,7,1670627,1,5000,0.5177935502634897,64x64,0.0003,0.001,30
signed-positive,h64x64_lr0.0003_wd0.001_k100,2,0.003126929280224203,False,146,1b,10000,7,1670627,1,5000,0.5177935502634897,64x64,0.0003,0.001,100
signed-positive,h64x64_lr0.0003_wd0.01_k10,3,0.9329050671363526,False,146,1b,10000,7,1670627,1,5000,0.5177935502634897,64x64,0.0003,0.01,10
signed-positive,h64x64_lr0.0003_wd0.01_k30,4,0.42639137810787264,False,146,1b,10000,7,1670627,1,5000,0.5177935502634897,64x64,0.0003,0.01,30
signed-positive,h64x64_lr0.0003_wd0.01_k100,5,0.020909230667694876,False,146,1b,10000,7,1670627,1,5000,0.5177935502634897,64x64,0.0003,0.01,100
signed-positive,h64x64_lr0.001_wd0.001_k10,6,0.20284073332652752,False,146,1b,10000,7,1670627,1,5000,0.5177935502634897,64x64,0.001,0.001,10
signed-positive,h64x64_lr0.001_wd0.001_k30,7,0.0026089485941354624,False,146,1b,10000,7,1670627,1,5000,0.5177935502634897,64x64,0.001,0.001,30
signed-positive,h64x64_lr0.001_wd0.001_k100,8,0.005758572211841832,False,146,1b,10000,7,1670627,1,5000,0.5177935502634897,64x64,0.001,0.001,100
signed-positive,h64x64_lr0.001_wd0.01_k10,9,0.4676946807445559,False,146,1b,10000,7,1670627,1,5000,0.5177935502634897,64x64,0.001,0.01,10
signed-positive,h64x64_lr0.001_wd0.01_k30,10,0.019987281408583725,False,146,1b,10000,7,1670627,1,5000,0.5177935502634897,64x64,0.001,0.01,30
signed-positive,h64x64_lr0.001_wd0.01_k100,11,0.005855953819705914,False,146,1b,10000,7,1670627,1,5000,0.5177935502634897,64x64,0.001,0.01,100
signed-positive,h128x128_lr0.0003_wd0.001_k10,12,0.6682001313621414,False,146,1b,10000,7,1670627,1,5000,0.5177935502634897,128x128,0.0003,0.001,10
signed-positive,h128x128_lr0.0003_wd0.001_k30,13,0.03718060497705849,False,146,1b,10000,7,1670627,1,5000,0.5177935502634897,128x128,0.0003,0.001,30
signed-positive,h128x128_lr0.0003_wd0.001_k100,14,0.0014641474455472081,False,146,1b,10000,7,1670627,1,5000,0.5177935502634897,128x128,0.0003,0.001,100
signed-positive,h128x128_lr0.0003_wd0.01_k10,15,0.8598570344257486,False,146,1b,10000,7,1670627,1,5000,0.5177935502634897,128x128,0.0003,0.01,10
signed-positive,h128x128_lr0.0003_wd0.01_k30,16,0.152529561650319,False,146,1b,10000,7,1670627,1,5000,0.5177935502634897,128x128,0.0003,0.01,30
signed-positive,h128x128_lr0.0003_wd0.01_k100,17,0.01204535423388067,False,146,1b,10000,7,1670627,1,5000,0.5177935502634897,128x128,0.0003,0.01,100
signed-positive,h128x128_lr0.001_wd0.001_k10,18,0.04306085751181863,False,146,1b,10000,7,1670627,1,5000,0.5177935502634897,128x128,0.001,0.001,10
signed-positive,h128x128_lr0.001_wd0.001_k30,19,0.0012949145597008578,True,146,1b,10000,7,1670627,1,5000,0.5177935502634897,128x128,0.001,0.001,30
signed-positive,h128x128_lr0.001_wd0.001_k100,20,0.008628469352587697,False,146,1b,10000,7,1670627,1,5000,0.5177935502634897,128x128,0.001,0.001,100
signed-positive,h128x128_lr0.001_wd0.01_k10,21,0.16331894864924465,False,146,1b,10000,7,1670627,1,5000,0.5177935502634897,128x128,0.001,0.01,10
signed-positive,h128x128_lr0.001_wd0.01_k30,22,0.01121453052430357,False,146,1b,10000,7,1670627,1,5000,0.5177935502634897,128x128,0.001,0.01,30
signed-positive,h128x128_lr0.001_wd0.01_k100,23,0.006786285446073882,False,146,1b,10000,7,1670627,1,5000,0.5177935502634897,128x128,0.001,0.01,100
signed-negative,h64x64_lr0.0003_wd0.001_k10,0,0.8170217296627275,False,147,1b,10000,7,1670627,1,5000,0.570201278924632,64x64,0.0003,0.001,10
signed-negative,h64x64_lr0.0003_wd0.001_k30,1,0.1711121810128294,False,147,1b,10000,7,1670627,1,5000,0.570201278924632,64x64,0.0003,0.001,30
signed-negative,h64x64_lr0.0003_wd0.001_k100,2,0.009032360743989472,False,147,1b,10000,7,1670627,1,5000,0.570201278924632,64x64,0.0003,0.001,100
signed-negative,h64x64_lr0.0003_wd0.01_k10,3,0.8761277407551221,False,147,1b,10000,7,1670627,1,5000,0.570201278924632,64x64,0.0003,0.01,10
signed-negative,h64x64_lr0.0003_wd0.01_k30,4,0.4069045343555541,False,147,1b,10000,7,1670627,1,5000,0.570201278924632,64x64,0.0003,0.01,30
signed-negative,h64x64_lr0.0003_wd0.01_k100,5,0.024458409701007718,False,147,1b,10000,7,1670627,1,5000,0.570201278924632,64x64,0.0003,0.01,100
signed-negative,h64x64_lr0.001_wd0.001_k10,6,0.19173717014420014,False,147,1b,10000,7,1670627,1,5000,0.570201278924632,64x64,0.001,0.001,10
signed-negative,h64x64_lr0.001_wd0.001_k30,7,0.0031435654875480966,True,147,1b,10000,7,1670627,1,5000,0.570201278924632,64x64,0.001,0.001,30
signed-negative,h64x64_lr0.001_wd0.001_k100,8,0.03638155482798227,False,147,1b,10000,7,1670627,1,5000,0.570201278924632,64x64,0.001,0.001,100
signed-negative,h64x64_lr0.001_wd0.01_k10,9,0.4508222541519036,False,147,1b,10000,7,1670627,1,5000,0.570201278924632,64x64,0.001,0.01,10
signed-negative,h64x64_lr0.001_wd0.01_k30,10,0.026991768601740074,False,147,1b,10000,7,1670627,1,5000,0.570201278924632,64x64,0.001,0.01,30
signed-negative,h64x64_lr0.001_wd0.01_k100,11,0.006862309653483599,False,147,1b,10000,7,1670627,1,5000,0.570201278924632,64x64,0.001,0.01,100
signed-negative,h128x128_lr0.0003_wd0.001_k10,12,0.6461070311443765,False,147,1b,10000,7,1670627,1,5000,0.570201278924632,128x128,0.0003,0.001,10
signed-negative,h128x128_lr0.0003_wd0.001_k30,13,0.029504701724992578,False,147,1b,10000,7,1670627,1,5000,0.570201278924632,128x128,0.0003,0.001,30
signed-negative,h128x128_lr0.0003_wd0.001_k100,14,0.016769850982956983,False,147,1b,10000,7,1670627,1,5000,0.570201278924632,128x128,0.0003,0.001,100
signed-negative,h128x128_lr0.0003_wd0.01_k10,15,0.8039548082515234,False,147,1b,10000,7,1670627,1,5000,0.570201278924632,128x128,0.0003,0.01,10
signed-negative,h128x128_lr0.0003_wd0.01_k30,16,0.1397353698800308,False,147,1b,10000,7,1670627,1,5000,0.570201278924632,128x128,0.0003,0.01,30
signed-negative,h128x128_lr0.0003_wd0.01_k100,17,0.017381662653485064,False,147,1b,10000,7,1670627,1,5000,0.570201278924632,128x128,0.0003,0.01,100
signed-negative,h128x128_lr0.001_wd0.001_k10,18,0.026506730790239248,False,147,1b,10000,7,1670627,1,5000,0.570201278924632,128x128,0.001,0.001,10
signed-negative,h128x128_lr0.001_wd0.001_k30,19,0.0053755597069150025,False,147,1b,10000,7,1670627,1,5000,0.570201278924632,128x128,0.001,0.001,30
signed-negative,h128x128_lr0.001_wd0.001_k100,20,0.046409041568345674,False,147,1b,10000,7,1670627,1,5000,0.570201278924632,128x128,0.001,0.001,100
signed-negative,h128x128_lr0.001_wd0.01_k10,21,0.14681242531480854,False,147,1b,10000,7,1670627,1,5000,0.570201278924632,128x128,0.001,0.01,10
signed-negative,h128x128_lr0.001_wd0.01_k30,22,0.021526536630778997,False,147,1b,10000,7,1670627,1,5000,0.570201278924632,128x128,0.001,0.01,30
signed-negative,h128x128_lr0.001_wd0.01_k100,23,0.017020534886838423,False,147,1b,10000,7,1670627,1,5000,0.570201278924632,128x128,0.001,0.01,100
ordinary,h64x64_lr0.0003_wd0.001_k10,0,0.7022105370820151,False,148,1b,10000,8,1770630,0,5000,,64x64,0.0003,0.001,10
ordinary,h64x64_lr0.0003_wd0.001_k30,1,0.16817538330282236,False,148,1b,10000,8,1770630,0,5000,,64x64,0.0003,0.001,30
ordinary,h64x64_lr0.0003_wd0.001_k100,2,0.0032227803834722385,False,148,1b,10000,8,1770630,0,5000,,64x64,0.0003,0.001,100
ordinary,h64x64_lr0.0003_wd0.01_k10,3,0.7617521647767556,False,148,1b,10000,8,1770630,0,5000,,64x64,0.0003,0.01,10
ordinary,h64x64_lr0.0003_wd0.01_k30,4,0.3456046622994284,False,148,1b,10000,8,1770630,0,5000,,64x64,0.0003,0.01,30
ordinary,h64x64_lr0.0003_wd0.01_k100,5,0.020604620561493554,False,148,1b,10000,8,1770630,0,5000,,64x64,0.0003,0.01,100
ordinary,h64x64_lr0.001_wd0.001_k10,6,0.17989822085776214,False,148,1b,10000,8,1770630,0,5000,,64x64,0.001,0.001,10
ordinary,h64x64_lr0.001_wd0.001_k30,7,0.0025580082451950445,True,148,1b,10000,8,1770630,0,5000,,64x64,0.001,0.001,30
ordinary,h64x64_lr0.001_wd0.001_k100,8,0.01306521748026906,False,148,1b,10000,8,1770630,0,5000,,64x64,0.001,0.001,100
ordinary,h64x64_lr0.001_wd0.01_k10,9,0.3599380587557994,False,148,1b,10000,8,1770630,0,5000,,64x64,0.001,0.01,10
ordinary,h64x64_lr0.001_wd0.01_k30,10,0.020751040323190497,False,148,1b,10000,8,1770630,0,5000,,64x64,0.001,0.01,30
ordinary,h64x64_lr0.001_wd0.01_k100,11,0.013338041300683277,False,148,1b,10000,8,1770630,0,5000,,64x64,0.001,0.01,100
ordinary,h128x128_lr0.0003_wd0.001_k10,12,0.5399117642884791,False,148,1b,10000,8,1770630,0,5000,,128x128,0.0003,0.001,10
ordinary,h128x128_lr0.0003_wd0.001_k30,13,0.023456916339092884,False,148,1b,10000,8,1770630,0,5000,,128x128,0.0003,0.001,30
ordinary,h128x128_lr0.0003_wd0.001_k100,14,0.00763228852654744,False,148,1b,10000,8,1770630,0,5000,,128x128,0.0003,0.001,100
ordinary,h128x128_lr0.0003_wd0.01_k10,15,0.6949449581405055,False,148,1b,10000,8,1770630,0,5000,,128x128,0.0003,0.01,10
ordinary,h128x128_lr0.0003_wd0.01_k30,16,0.1209896225164031,False,148,1b,10000,8,1770630,0,5000,,128x128,0.0003,0.01,30
ordinary,h128x128_lr0.0003_wd0.01_k100,17,0.013854052301028468,False,148,1b,10000,8,1770630,0,5000,,128x128,0.0003,0.01,100
ordinary,h128x128_lr0.001_wd0.001_k10,18,0.030408380740935916,False,148,1b,10000,8,1770630,0,5000,,128x128,0.001,0.001,10
ordinary,h128x128_lr0.001_wd0.001_k30,19,0.004989573959623196,False,148,1b,10000,8,1770630,0,5000,,128x128,0.001,0.001,30
ordinary,h128x128_lr0.001_wd0.001_k100,20,0.013810023843904597,False,148,1b,10000,8,1770630,0,5000,,128x128,0.001,0.001,100
ordinary,h128x128_lr0.001_wd0.01_k10,21,0.11707458238594542,False,148,1b,10000,8,1770630,0,5000,,128x128,0.001,0.01,10
ordinary,h128x128_lr0.001_wd0.01_k30,22,0.01330680308593486,False,148,1b,10000,8,1770630,0,5000,,128x128,0.001,0.01,30
ordinary,h128x128_lr0.001_wd0.01_k100,23,0.01959720171591578,False,148,1b,10000,8,1770630,0,5000,,128x128,0.001,0.01,100
signed-positive,h64x64_lr0.0003_wd0.001_k10,0,0.6906652419718387,False,149,1b,10000,8,1770630,0,5000,0.5372002577775657,64x64,0.0003,0.001,10
signed-positive,h64x64_lr0.0003_wd0.001_k30,1,0.18616359486237036,False,149,1b,10000,8,1770630,0,5000,0.5372002577775657,64x64,0.0003,0.001,30
signed-positive,h64x64_lr0.0003_wd0.001_k100,2,0.003236104335928939,True,149,1b,10000,8,1770630,0,5000,0.5372002577775657,64x64,0.0003,0.001,100
signed-positive,h64x64_lr0.0003_wd0.01_k10,3,0.7474423303882684,False,149,1b,10000,8,1770630,0,5000,0.5372002577775657,64x64,0.0003,0.01,10
signed-positive,h64x64_lr0.0003_wd0.01_k30,4,0.3631229888729535,False,149,1b,10000,8,1770630,0,5000,0.5372002577775657,64x64,0.0003,0.01,30
signed-positive,h64x64_lr0.0003_wd0.01_k100,5,0.01837224048544395,False,149,1b,10000,8,1770630,0,5000,0.5372002577775657,64x64,0.0003,0.01,100
signed-positive,h64x64_lr0.001_wd0.001_k10,6,0.2039478669342065,False,149,1b,10000,8,1770630,0,5000,0.5372002577775657,64x64,0.001,0.001,10
signed-positive,h64x64_lr0.001_wd0.001_k30,7,0.005969743119937009,False,149,1b,10000,8,1770630,0,5000,0.5372002577775657,64x64,0.001,0.001,30
signed-positive,h64x64_lr0.001_wd0.001_k100,8,0.010742337376182236,False,149,1b,10000,8,1770630,0,5000,0.5372002577775657,64x64,0.001,0.001,100
signed-positive,h64x64_lr0.001_wd0.01_k10,9,0.3897886127918622,False,149,1b,10000,8,1770630,0,5000,0.5372002577775657,64x64,0.001,0.01,10
signed-positive,h64x64_lr0.001_wd0.01_k30,10,0.02780847510098143,False,149,1b,10000,8,1770630,0,5000,0.5372002577775657,64x64,0.001,0.01,30
signed-positive,h64x64_lr0.001_wd0.01_k100,11,0.005139831818255203,False,149,1b,10000,8,1770630,0,5000,0.5372002577775657,64x64,0.001,0.01,100
signed-positive,h128x128_lr0.0003_wd0.001_k10,12,0.5440357679996919,False,149,1b,10000,8,1770630,0,5000,0.5372002577775657,128x128,0.0003,0.001,10
signed-positive,h128x128_lr0.0003_wd0.001_k30,13,0.037403564139562064,False,149,1b,10000,8,1770630,0,5000,0.5372002577775657,128x128,0.0003,0.001,30
signed-positive,h128x128_lr0.0003_wd0.001_k100,14,0.008974666416981799,False,149,1b,10000,8,1770630,0,5000,0.5372002577775657,128x128,0.0003,0.001,100
signed-positive,h128x128_lr0.0003_wd0.01_k10,15,0.686934614309004,False,149,1b,10000,8,1770630,0,5000,0.5372002577775657,128x128,0.0003,0.01,10
signed-positive,h128x128_lr0.0003_wd0.01_k30,16,0.1548072351115244,False,149,1b,10000,8,1770630,0,5000,0.5372002577775657,128x128,0.0003,0.01,30
signed-positive,h128x128_lr0.0003_wd0.01_k100,17,0.01074059816147813,False,149,1b,10000,8,1770630,0,5000,0.5372002577775657,128x128,0.0003,0.01,100
signed-positive,h128x128_lr0.001_wd0.001_k10,18,0.04708758873506006,False,149,1b,10000,8,1770630,0,5000,0.5372002577775657,128x128,0.001,0.001,10
signed-positive,h128x128_lr0.001_wd0.001_k30,19,0.016974383367594194,False,149,1b,10000,8,1770630,0,5000,0.5372002577775657,128x128,0.001,0.001,30
signed-positive,h128x128_lr0.001_wd0.001_k100,20,0.01142774487399737,False,149,1b,10000,8,1770630,0,5000,0.5372002577775657,128x128,0.001,0.001,100
signed-positive,h128x128_lr0.001_wd0.01_k10,21,0.15924488972698128,False,149,1b,10000,8,1770630,0,5000,0.5372002577775657,128x128,0.001,0.01,10
signed-positive,h128x128_lr0.001_wd0.01_k30,22,0.01647793064480977,False,149,1b,10000,8,1770630,0,5000,0.5372002577775657,128x128,0.001,0.01,30
signed-positive,h128x128_lr0.001_wd0.01_k100,23,0.007837039526193527,False,149,1b,10000,8,1770630,0,5000,0.5372002577775657,128x128,0.001,0.01,100
signed-negative,h64x64_lr0.0003_wd0.001_k10,0,0.6303674926611799,False,150,1b,10000,8,1770630,0,5000,0.5886646170194114,64x64,0.0003,0.001,10
signed-negative,h64x64_lr0.0003_wd0.001_k30,1,0.10818132767859741,False,150,1b,10000,8,1770630,0,5000,0.5886646170194114,64x64,0.0003,0.001,30
signed-negative,h64x64_lr0.0003_wd0.001_k100,2,0.0018045269371502618,False,150,1b,10000,8,1770630,0,5000,0.5886646170194114,64x64,0.0003,0.001,100
signed-negative,h64x64_lr0.0003_wd0.01_k10,3,0.6831816814700098,False,150,1b,10000,8,1770630,0,5000,0.5886646170194114,64x64,0.0003,0.01,10
signed-negative,h64x64_lr0.0003_wd0.01_k30,4,0.28926943045014625,False,150,1b,10000,8,1770630,0,5000,0.5886646170194114,64x64,0.0003,0.01,30
signed-negative,h64x64_lr0.0003_wd0.01_k100,5,0.022269228920496775,False,150,1b,10000,8,1770630,0,5000,0.5886646170194114,64x64,0.0003,0.01,100
signed-negative,h64x64_lr0.001_wd0.001_k10,6,0.13046677887643074,False,150,1b,10000,8,1770630,0,5000,0.5886646170194114,64x64,0.001,0.001,10
signed-negative,h64x64_lr0.001_wd0.001_k30,7,0.005660461077915666,False,150,1b,10000,8,1770630,0,5000,0.5886646170194114,64x64,0.001,0.001,30
signed-negative,h64x64_lr0.001_wd0.001_k100,8,0.0031116232505843957,False,150,1b,10000,8,1770630,0,5000,0.5886646170194114,64x64,0.001,0.001,100
signed-negative,h64x64_lr0.001_wd0.01_k10,9,0.3211008077957053,False,150,1b,10000,8,1770630,0,5000,0.5886646170194114,64x64,0.001,0.01,10
signed-negative,h64x64_lr0.001_wd0.01_k30,10,0.025454152543392134,False,150,1b,10000,8,1770630,0,5000,0.5886646170194114,64x64,0.001,0.01,30
signed-negative,h64x64_lr0.001_wd0.01_k100,11,0.011684664575394353,False,150,1b,10000,8,1770630,0,5000,0.5886646170194114,64x64,0.001,0.01,100
signed-negative,h128x128_lr0.0003_wd0.001_k10,12,0.4855558269674799,False,150,1b,10000,8,1770630,0,5000,0.5886646170194114,128x128,0.0003,0.001,10
signed-negative,h128x128_lr0.0003_wd0.001_k30,13,0.022249769874661717,False,150,1b,10000,8,1770630,0,5000,0.5886646170194114,128x128,0.0003,0.001,30
signed-negative,h128x128_lr0.0003_wd0.001_k100,14,0.0013499570771162927,True,150,1b,10000,8,1770630,0,5000,0.5886646170194114,128x128,0.0003,0.001,100
signed-negative,h128x128_lr0.0003_wd0.01_k10,15,0.621852258904164,False,150,1b,10000,8,1770630,0,5000,0.5886646170194114,128x128,0.0003,0.01,10
signed-negative,h128x128_lr0.0003_wd0.01_k30,16,0.1104589053984678,False,150,1b,10000,8,1770630,0,5000,0.5886646170194114,128x128,0.0003,0.01,30
signed-negative,h128x128_lr0.0003_wd0.01_k100,17,0.017048361460323482,False,150,1b,10000,8,1770630,0,5000,0.5886646170194114,128x128,0.0003,0.01,100
signed-negative,h128x128_lr0.001_wd0.001_k10,18,0.022553634474216037,False,150,1b,10000,8,1770630,0,5000,0.5886646170194114,128x128,0.001,0.001,10
signed-negative,h128x128_lr0.001_wd0.001_k30,19,0.0024698264114076103,False,150,1b,10000,8,1770630,0,5000,0.5886646170194114,128x128,0.001,0.001,30
signed-negative,h128x128_lr0.001_wd0.001_k100,20,0.014128898197170213,False,150,1b,10000,8,1770630,0,5000,0.5886646170194114,128x128,0.001,0.001,100
signed-negative,h128x128_lr0.001_wd0.01_k10,21,0.11234714304310063,False,150,1b,10000,8,1770630,0,5000,0.5886646170194114,128x128,0.001,0.01,10
signed-negative,h128x128_lr0.001_wd0.01_k30,22,0.01743871435754583,False,150,1b,10000,8,1770630,0,5000,0.5886646170194114,128x128,0.001,0.01,30
signed-negative,h128x128_lr0.001_wd0.01_k100,23,0.015077424483920923,False,150,1b,10000,8,1770630,0,5000,0.5886646170194114,128x128,0.001,0.01,100
ordinary,h64x64_lr0.0003_wd0.001_k10,0,0.6727890922152916,False,151,1b,10000,8,1770630,1,5000,,64x64,0.0003,0.001,10
ordinary,h64x64_lr0.0003_wd0.001_k30,1,0.11231904157286442,False,151,1b,10000,8,1770630,1,5000,,64x64,0.0003,0.001,30
ordinary,h64x64_lr0.0003_wd0.001_k100,2,0.0021705672126702165,True,151,1b,10000,8,1770630,1,5000,,64x64,0.0003,0.001,100
ordinary,h64x64_lr0.0003_wd0.01_k10,3,0.7393719137218081,False,151,1b,10000,8,1770630,1,5000,,64x64,0.0003,0.01,10
ordinary,h64x64_lr0.0003_wd0.01_k30,4,0.29322938832746426,False,151,1b,10000,8,1770630,1,5000,,64x64,0.0003,0.01,30
ordinary,h64x64_lr0.0003_wd0.01_k100,5,0.018267094218791195,False,151,1b,10000,8,1770630,1,5000,,64x64,0.0003,0.01,100
ordinary,h64x64_lr0.001_wd0.001_k10,6,0.1270547047219019,False,151,1b,10000,8,1770630,1,5000,,64x64,0.001,0.001,10
ordinary,h64x64_lr0.001_wd0.001_k30,7,0.006187267534876779,False,151,1b,10000,8,1770630,1,5000,,64x64,0.001,0.001,30
ordinary,h64x64_lr0.001_wd0.001_k100,8,0.008575020702133512,False,151,1b,10000,8,1770630,1,5000,,64x64,0.001,0.001,100
ordinary,h64x64_lr0.001_wd0.01_k10,9,0.3211168888981315,False,151,1b,10000,8,1770630,1,5000,,64x64,0.001,0.01,10
ordinary,h64x64_lr0.001_wd0.01_k30,10,0.02765567411633625,False,151,1b,10000,8,1770630,1,5000,,64x64,0.001,0.01,30
ordinary,h64x64_lr0.001_wd0.01_k100,11,0.00470785308515698,False,151,1b,10000,8,1770630,1,5000,,64x64,0.001,0.01,100
ordinary,h128x128_lr0.0003_wd0.001_k10,12,0.5459135304440188,False,151,1b,10000,8,1770630,1,5000,,128x128,0.0003,0.001,10
ordinary,h128x128_lr0.0003_wd0.001_k30,13,0.037272227401966306,False,151,1b,10000,8,1770630,1,5000,,128x128,0.0003,0.001,30
ordinary,h128x128_lr0.0003_wd0.001_k100,14,0.0025620715399174727,False,151,1b,10000,8,1770630,1,5000,,128x128,0.0003,0.001,100
ordinary,h128x128_lr0.0003_wd0.01_k10,15,0.6841788317163587,False,151,1b,10000,8,1770630,1,5000,,128x128,0.0003,0.01,10
ordinary,h128x128_lr0.0003_wd0.01_k30,16,0.14380286841027104,False,151,1b,10000,8,1770630,1,5000,,128x128,0.0003,0.01,30
ordinary,h128x128_lr0.0003_wd0.01_k100,17,0.011980894193265432,False,151,1b,10000,8,1770630,1,5000,,128x128,0.0003,0.01,100
ordinary,h128x128_lr0.001_wd0.001_k10,18,0.035853718560644725,False,151,1b,10000,8,1770630,1,5000,,128x128,0.001,0.001,10
ordinary,h128x128_lr0.001_wd0.001_k30,19,0.0025105164587493505,False,151,1b,10000,8,1770630,1,5000,,128x128,0.001,0.001,30
ordinary,h128x128_lr0.001_wd0.001_k100,20,0.008744525772249991,False,151,1b,10000,8,1770630,1,5000,,128x128,0.001,0.001,100
ordinary,h128x128_lr0.001_wd0.01_k10,21,0.144388267143281,False,151,1b,10000,8,1770630,1,5000,,128x128,0.001,0.01,10
ordinary,h128x128_lr0.001_wd0.01_k30,22,0.017424457503199427,False,151,1b,10000,8,1770630,1,5000,,128x128,0.001,0.01,30
ordinary,h128x128_lr0.001_wd0.01_k100,23,0.004060388332765767,False,151,1b,10000,8,1770630,1,5000,,128x128,0.001,0.01,100
signed-positive,h64x64_lr0.0003_wd0.001_k10,0,0.8316392729589789,False,152,1b,10000,8,1770630,1,5000,0.591574623953816,64x64,0.0003,0.001,10
signed-positive,h64x64_lr0.0003_wd0.001_k30,1,0.13648491389218034,False,152,1b,10000,8,1770630,1,5000,0.591574623953816,64x64,0.0003,0.001,30
signed-positive,h64x64_lr0.0003_wd0.001_k100,2,0.012403973445426793,False,152,1b,10000,8,1770630,1,5000,0.591574623953816,64x64,0.0003,0.001,100
signed-positive,h64x64_lr0.0003_wd0.01_k10,3,0.9103705439119869,False,152,1b,10000,8,1770630,1,5000,0.591574623953816,64x64,0.0003,0.01,10
signed-positive,h64x64_lr0.0003_wd0.01_k30,4,0.3537299898632047,False,152,1b,10000,8,1770630,1,5000,0.591574623953816,64x64,0.0003,0.01,30
signed-positive,h64x64_lr0.0003_wd0.01_k100,5,0.03260348931945364,False,152,1b,10000,8,1770630,1,5000,0.591574623953816,64x64,0.0003,0.01,100
signed-positive,h64x64_lr0.001_wd0.001_k10,6,0.16529564275941971,False,152,1b,10000,8,1770630,1,5000,0.591574623953816,64x64,0.001,0.001,10
signed-positive,h64x64_lr0.001_wd0.001_k30,7,0.004900772399224426,False,152,1b,10000,8,1770630,1,5000,0.591574623953816,64x64,0.001,0.001,30
signed-positive,h64x64_lr0.001_wd0.001_k100,8,0.012886318040181602,False,152,1b,10000,8,1770630,1,5000,0.591574623953816,64x64,0.001,0.001,100
signed-positive,h64x64_lr0.001_wd0.01_k10,9,0.4138394950900474,False,152,1b,10000,8,1770630,1,5000,0.591574623953816,64x64,0.001,0.01,10
signed-positive,h64x64_lr0.001_wd0.01_k30,10,0.024207421198075476,False,152,1b,10000,8,1770630,1,5000,0.591574623953816,64x64,0.001,0.01,30
signed-positive,h64x64_lr0.001_wd0.01_k100,11,0.020577199257954787,False,152,1b,10000,8,1770630,1,5000,0.591574623953816,64x64,0.001,0.01,100
signed-positive,h128x128_lr0.0003_wd0.001_k10,12,0.7058185722937258,False,152,1b,10000,8,1770630,1,5000,0.591574623953816,128x128,0.0003,0.001,10
signed-positive,h128x128_lr0.0003_wd0.001_k30,13,0.047335188159570316,False,152,1b,10000,8,1770630,1,5000,0.591574623953816,128x128,0.0003,0.001,30
signed-positive,h128x128_lr0.0003_wd0.001_k100,14,0.009938693112814808,False,152,1b,10000,8,1770630,1,5000,0.591574623953816,128x128,0.0003,0.001,100
signed-positive,h128x128_lr0.0003_wd0.01_k10,15,0.8679153537206402,False,152,1b,10000,8,1770630,1,5000,0.591574623953816,128x128,0.0003,0.01,10
signed-positive,h128x128_lr0.0003_wd0.01_k30,16,0.187500007010765,False,152,1b,10000,8,1770630,1,5000,0.591574623953816,128x128,0.0003,0.01,30
signed-positive,h128x128_lr0.0003_wd0.01_k100,17,0.02629590857454953,False,152,1b,10000,8,1770630,1,5000,0.591574623953816,128x128,0.0003,0.01,100
signed-positive,h128x128_lr0.001_wd0.001_k10,18,0.056367666891538645,False,152,1b,10000,8,1770630,1,5000,0.591574623953816,128x128,0.001,0.001,10
signed-positive,h128x128_lr0.001_wd0.001_k30,19,0.0,True,152,1b,10000,8,1770630,1,5000,0.591574623953816,128x128,0.001,0.001,30
signed-positive,h128x128_lr0.001_wd0.001_k100,20,0.011769562824500252,False,152,1b,10000,8,1770630,1,5000,0.591574623953816,128x128,0.001,0.001,100
signed-positive,h128x128_lr0.001_wd0.01_k10,21,0.21893549794096345,False,152,1b,10000,8,1770630,1,5000,0.591574623953816,128x128,0.001,0.01,10
signed-positive,h128x128_lr0.001_wd0.01_k30,22,0.014910332177265926,False,152,1b,10000,8,1770630,1,5000,0.591574623953816,128x128,0.001,0.01,30
signed-positive,h128x128_lr0.001_wd0.01_k100,23,0.017401669803375888,False,152,1b,10000,8,1770630,1,5000,0.591574623953816,128x128,0.001,0.01,100
signed-negative,h64x64_lr0.0003_wd0.001_k10,0,0.7296334921782794,False,153,1b,10000,8,1770630,1,5000,0.5524619836563625,64x64,0.0003,0.001,10
signed-negative,h64x64_lr0.0003_wd0.001_k30,1,0.10908972376150654,False,153,1b,10000,8,1770630,1,5000,0.5524619836563625,64x64,0.0003,0.001,30
signed-negative,h64x64_lr0.0003_wd0.001_k100,2,0.004196456185758494,False,153,1b,10000,8,1770630,1,5000,0.5524619836563625,64x64,0.0003,0.001,100
signed-negative,h64x64_lr0.0003_wd0.01_k10,3,0.8037188570370589,False,153,1b,10000,8,1770630,1,5000,0.5524619836563625,64x64,0.0003,0.01,10
signed-negative,h64x64_lr0.0003_wd0.01_k30,4,0.28903688447074716,False,153,1b,10000,8,1770630,1,5000,0.5524619836563625,64x64,0.0003,0.01,30
signed-negative,h64x64_lr0.0003_wd0.01_k100,5,0.028100629144277727,False,153,1b,10000,8,1770630,1,5000,0.5524619836563625,64x64,0.0003,0.01,100
signed-negative,h64x64_lr0.001_wd0.001_k10,6,0.11010462686988744,False,153,1b,10000,8,1770630,1,5000,0.5524619836563625,64x64,0.001,0.001,10
signed-negative,h64x64_lr0.001_wd0.001_k30,7,0.004112639489711387,False,153,1b,10000,8,1770630,1,5000,0.5524619836563625,64x64,0.001,0.001,30
signed-negative,h64x64_lr0.001_wd0.001_k100,8,0.002161445257761075,False,153,1b,10000,8,1770630,1,5000,0.5524619836563625,64x64,0.001,0.001,100
signed-negative,h64x64_lr0.001_wd0.01_k10,9,0.30605600220722856,False,153,1b,10000,8,1770630,1,5000,0.5524619836563625,64x64,0.001,0.01,10
signed-negative,h64x64_lr0.001_wd0.01_k30,10,0.027283450066413816,False,153,1b,10000,8,1770630,1,5000,0.5524619836563625,64x64,0.001,0.01,30
signed-negative,h64x64_lr0.001_wd0.01_k100,11,0.010785590854600825,False,153,1b,10000,8,1770630,1,5000,0.5524619836563625,64x64,0.001,0.01,100
signed-negative,h128x128_lr0.0003_wd0.001_k10,12,0.5955835880506022,False,153,1b,10000,8,1770630,1,5000,0.5524619836563625,128x128,0.0003,0.001,10
signed-negative,h128x128_lr0.0003_wd0.001_k30,13,0.04245510309149449,False,153,1b,10000,8,1770630,1,5000,0.5524619836563625,128x128,0.0003,0.001,30
signed-negative,h128x128_lr0.0003_wd0.001_k100,14,0.0021053044924043284,True,153,1b,10000,8,1770630,1,5000,0.5524619836563625,128x128,0.0003,0.001,100
signed-negative,h128x128_lr0.0003_wd0.01_k10,15,0.7590721825559128,False,153,1b,10000,8,1770630,1,5000,0.5524619836563625,128x128,0.0003,0.01,10
signed-negative,h128x128_lr0.0003_wd0.01_k30,16,0.1657818587553326,False,153,1b,10000,8,1770630,1,5000,0.5524619836563625,128x128,0.0003,0.01,30
signed-negative,h128x128_lr0.0003_wd0.01_k100,17,0.021045929426653162,False,153,1b,10000,8,1770630,1,5000,0.5524619836563625,128x128,0.0003,0.01,100
signed-negative,h128x128_lr0.001_wd0.001_k10,18,0.05146085859136691,False,153,1b,10000,8,1770630,1,5000,0.5524619836563625,128x128,0.001,0.001,10
signed-negative,h128x128_lr0.001_wd0.001_k30,19,0.005974562520004354,False,153,1b,10000,8,1770630,1,5000,0.5524619836563625,128x128,0.001,0.001,30
signed-negative,h128x128_lr0.001_wd0.001_k100,20,0.003627527086928549,False,153,1b,10000,8,1770630,1,5000,0.5524619836563625,128x128,0.001,0.001,100
signed-negative,h128x128_lr0.001_wd0.01_k10,21,0.16418597634470608,False,153,1b,10000,8,1770630,1,5000,0.5524619836563625,128x128,0.001,0.01,10
signed-negative,h128x128_lr0.001_wd0.01_k30,22,0.02368711127156534,False,153,1b,10000,8,1770630,1,5000,0.5524619836563625,128x128,0.001,0.01,30
signed-negative,h128x128_lr0.001_wd0.01_k100,23,0.012960915023819956,False,153,1b,10000,8,1770630,1,5000,0.5524619836563625,128x128,0.001,0.01,100
ordinary,h64x64_lr0.0003_wd0.001_k10,0,0.763644737894617,False,154,1b,10000,9,1870633,0,5000,,64x64,0.0003,0.001,10
ordinary,h64x64_lr0.0003_wd0.001_k30,1,0.15171119524620522,False,154,1b,10000,9,1870633,0,5000,,64x64,0.0003,0.001,30
ordinary,h64x64_lr0.0003_wd0.001_k100,2,0.0060614788114998494,False,154,1b,10000,9,1870633,0,5000,,64x64,0.0003,0.001,100
ordinary,h64x64_lr0.0003_wd0.01_k10,3,0.8318699679388785,False,154,1b,10000,9,1870633,0,5000,,64x64,0.0003,0.01,10
ordinary,h64x64_lr0.0003_wd0.01_k30,4,0.3562189915170976,False,154,1b,10000,9,1870633,0,5000,,64x64,0.0003,0.01,30
ordinary,h64x64_lr0.0003_wd0.01_k100,5,0.02706490878342286,False,154,1b,10000,9,1870633,0,5000,,64x64,0.0003,0.01,100
ordinary,h64x64_lr0.001_wd0.001_k10,6,0.17198158831754135,False,154,1b,10000,9,1870633,0,5000,,64x64,0.001,0.001,10
ordinary,h64x64_lr0.001_wd0.001_k30,7,0.005630147682794286,False,154,1b,10000,9,1870633,0,5000,,64x64,0.001,0.001,30
ordinary,h64x64_lr0.001_wd0.001_k100,8,0.009834928847489386,False,154,1b,10000,9,1870633,0,5000,,64x64,0.001,0.001,100
ordinary,h64x64_lr0.001_wd0.01_k10,9,0.39023411746588305,False,154,1b,10000,9,1870633,0,5000,,64x64,0.001,0.01,10
ordinary,h64x64_lr0.001_wd0.01_k30,10,0.02998271520151716,False,154,1b,10000,9,1870633,0,5000,,64x64,0.001,0.01,30
ordinary,h64x64_lr0.001_wd0.01_k100,11,0.012535636994651104,False,154,1b,10000,9,1870633,0,5000,,64x64,0.001,0.01,100
ordinary,h128x128_lr0.0003_wd0.001_k10,12,0.6179162141552975,False,154,1b,10000,9,1870633,0,5000,,128x128,0.0003,0.001,10
ordinary,h128x128_lr0.0003_wd0.001_k30,13,0.04587511240815272,False,154,1b,10000,9,1870633,0,5000,,128x128,0.0003,0.001,30
ordinary,h128x128_lr0.0003_wd0.001_k100,14,0.007394540492980989,False,154,1b,10000,9,1870633,0,5000,,128x128,0.0003,0.001,100
ordinary,h128x128_lr0.0003_wd0.01_k10,15,0.7712804731030842,False,154,1b,10000,9,1870633,0,5000,,128x128,0.0003,0.01,10
ordinary,h128x128_lr0.0003_wd0.01_k30,16,0.1532032264665653,False,154,1b,10000,9,1870633,0,5000,,128x128,0.0003,0.01,30
ordinary,h128x128_lr0.0003_wd0.01_k100,17,0.02020336186729076,False,154,1b,10000,9,1870633,0,5000,,128x128,0.0003,0.01,100
ordinary,h128x128_lr0.001_wd0.001_k10,18,0.05305570110810499,False,154,1b,10000,9,1870633,0,5000,,128x128,0.001,0.001,10
ordinary,h128x128_lr0.001_wd0.001_k30,19,0.00164435592555479,True,154,1b,10000,9,1870633,0,5000,,128x128,0.001,0.001,30
ordinary,h128x128_lr0.001_wd0.001_k100,20,0.014012585756789575,False,154,1b,10000,9,1870633,0,5000,,128x128,0.001,0.001,100
ordinary,h128x128_lr0.001_wd0.01_k10,21,0.16203757390777113,False,154,1b,10000,9,1870633,0,5000,,128x128,0.001,0.01,10
ordinary,h128x128_lr0.001_wd0.01_k30,22,0.018334206504204028,False,154,1b,10000,9,1870633,0,5000,,128x128,0.001,0.01,30
ordinary,h128x128_lr0.001_wd0.01_k100,23,0.01892165472154408,False,154,1b,10000,9,1870633,0,5000,,128x128,0.001,0.01,100
signed-positive,h64x64_lr0.0003_wd0.001_k10,0,0.7934771231869592,False,155,1b,10000,9,1870633,0,5000,0.6526726008620375,64x64,0.0003,0.001,10
signed-positive,h64x64_lr0.0003_wd0.001_k30,1,0.1852237378959991,False,155,1b,10000,9,1870633,0,5000,0.6526726008620375,64x64,0.0003,0.001,30
signed-positive,h64x64_lr0.0003_wd0.001_k100,2,0.008712641547666763,False,155,1b,10000,9,1870633,0,5000,0.6526726008620375,64x64,0.0003,0.001,100
signed-positive,h64x64_lr0.0003_wd0.01_k10,3,0.8606513442909015,False,155,1b,10000,9,1870633,0,5000,0.6526726008620375,64x64,0.0003,0.01,10
signed-positive,h64x64_lr0.0003_wd0.01_k30,4,0.378035532027246,False,155,1b,10000,9,1870633,0,5000,0.6526726008620375,64x64,0.0003,0.01,30
signed-positive,h64x64_lr0.0003_wd0.01_k100,5,0.031760685769633805,False,155,1b,10000,9,1870633,0,5000,0.6526726008620375,64x64,0.0003,0.01,100
signed-positive,h64x64_lr0.001_wd0.001_k10,6,0.20824919877664877,False,155,1b,10000,9,1870633,0,5000,0.6526726008620375,64x64,0.001,0.001,10
signed-positive,h64x64_lr0.001_wd0.001_k30,7,0.002175893878947377,True,155,1b,10000,9,1870633,0,5000,0.6526726008620375,64x64,0.001,0.001,30
signed-positive,h64x64_lr0.001_wd0.001_k100,8,0.007142528687432217,False,155,1b,10000,9,1870633,0,5000,0.6526726008620375,64x64,0.001,0.001,100
signed-positive,h64x64_lr0.001_wd0.01_k10,9,0.40899800977398265,False,155,1b,10000,9,1870633,0,5000,0.6526726008620375,64x64,0.001,0.01,10
signed-positive,h64x64_lr0.001_wd0.01_k30,10,0.027485777322758375,False,155,1b,10000,9,1870633,0,5000,0.6526726008620375,64x64,0.001,0.01,30
signed-positive,h64x64_lr0.001_wd0.01_k100,11,0.013456963887338377,False,155,1b,10000,9,1870633,0,5000,0.6526726008620375,64x64,0.001,0.01,100
signed-positive,h128x128_lr0.0003_wd0.001_k10,12,0.6791363507637567,False,155,1b,10000,9,1870633,0,5000,0.6526726008620375,128x128,0.0003,0.001,10
signed-positive,h128x128_lr0.0003_wd0.001_k30,13,0.046768812297336836,False,155,1b,10000,9,1870633,0,5000,0.6526726008620375,128x128,0.0003,0.001,30
signed-positive,h128x128_lr0.0003_wd0.001_k100,14,0.006291662286685815,False,155,1b,10000,9,1870633,0,5000,0.6526726008620375,128x128,0.0003,0.001,100
signed-positive,h128x128_lr0.0003_wd0.01_k10,15,0.8261435897304732,False,155,1b,10000,9,1870633,0,5000,0.6526726008620375,128x128,0.0003,0.01,10
signed-positive,h128x128_lr0.0003_wd0.01_k30,16,0.18976075564508546,False,155,1b,10000,9,1870633,0,5000,0.6526726008620375,128x128,0.0003,0.01,30
signed-positive,h128x128_lr0.0003_wd0.01_k100,17,0.018259692659260862,False,155,1b,10000,9,1870633,0,5000,0.6526726008620375,128x128,0.0003,0.01,100
signed-positive,h128x128_lr0.001_wd0.001_k10,18,0.05089895897629394,False,155,1b,10000,9,1870633,0,5000,0.6526726008620375,128x128,0.001,0.001,10
signed-positive,h128x128_lr0.001_wd0.001_k30,19,0.002328007583697398,False,155,1b,10000,9,1870633,0,5000,0.6526726008620375,128x128,0.001,0.001,30
signed-positive,h128x128_lr0.001_wd0.001_k100,20,0.00984354092571174,False,155,1b,10000,9,1870633,0,5000,0.6526726008620375,128x128,0.001,0.001,100
signed-positive,h128x128_lr0.001_wd0.01_k10,21,0.20862733792111585,False,155,1b,10000,9,1870633,0,5000,0.6526726008620375,128x128,0.001,0.01,10
signed-positive,h128x128_lr0.001_wd0.01_k30,22,0.014492088415277308,False,155,1b,10000,9,1870633,0,5000,0.6526726008620375,128x128,0.001,0.01,30
signed-positive,h128x128_lr0.001_wd0.01_k100,23,0.011445931802751379,False,155,1b,10000,9,1870633,0,5000,0.6526726008620375,128x128,0.001,0.01,100
signed-negative,h64x64_lr0.0003_wd0.001_k10,0,0.7809707544626433,False,156,1b,10000,9,1870633,0,5000,0.6344812656050063,64x64,0.0003,0.001,10
signed-negative,h64x64_lr0.0003_wd0.001_k30,1,0.15859629551233861,False,156,1b,10000,9,1870633,0,5000,0.6344812656050063,64x64,0.0003,0.001,30
signed-negative,h64x64_lr0.0003_wd0.001_k100,2,0.004041143340377407,False,156,1b,10000,9,1870633,0,5000,0.6344812656050063,64x64,0.0003,0.001,100
signed-negative,h64x64_lr0.0003_wd0.01_k10,3,0.8345585796634959,False,156,1b,10000,9,1870633,0,5000,0.6344812656050063,64x64,0.0003,0.01,10
signed-negative,h64x64_lr0.0003_wd0.01_k30,4,0.3908916409664879,False,156,1b,10000,9,1870633,0,5000,0.6344812656050063,64x64,0.0003,0.01,30
signed-negative,h64x64_lr0.0003_wd0.01_k100,5,0.026493154735649126,False,156,1b,10000,9,1870633,0,5000,0.6344812656050063,64x64,0.0003,0.01,100
signed-negative,h64x64_lr0.001_wd0.001_k10,6,0.18774482582175644,False,156,1b,10000,9,1870633,0,5000,0.6344812656050063,64x64,0.001,0.001,10
signed-negative,h64x64_lr0.001_wd0.001_k30,7,0.015877522658440196,False,156,1b,10000,9,1870633,0,5000,0.6344812656050063,64x64,0.001,0.001,30
signed-negative,h64x64_lr0.001_wd0.001_k100,8,0.000585376034177896,False,156,1b,10000,9,1870633,0,5000,0.6344812656050063,64x64,0.001,0.001,100
signed-negative,h64x64_lr0.001_wd0.01_k10,9,0.4499457287318405,False,156,1b,10000,9,1870633,0,5000,0.6344812656050063,64x64,0.001,0.01,10
signed-negative,h64x64_lr0.001_wd0.01_k30,10,0.03375336613401214,False,156,1b,10000,9,1870633,0,5000,0.6344812656050063,64x64,0.001,0.01,30
signed-negative,h64x64_lr0.001_wd0.01_k100,11,0.01096409560694721,False,156,1b,10000,9,1870633,0,5000,0.6344812656050063,64x64,0.001,0.01,100
signed-negative,h128x128_lr0.0003_wd0.001_k10,12,0.5950552265712125,False,156,1b,10000,9,1870633,0,5000,0.6344812656050063,128x128,0.0003,0.001,10
signed-negative,h128x128_lr0.0003_wd0.001_k30,13,0.04802841553987472,False,156,1b,10000,9,1870633,0,5000,0.6344812656050063,128x128,0.0003,0.001,30
signed-negative,h128x128_lr0.0003_wd0.001_k100,14,0.0027560192408286267,False,156,1b,10000,9,1870633,0,5000,0.6344812656050063,128x128,0.0003,0.001,100
signed-negative,h128x128_lr0.0003_wd0.01_k10,15,0.7565744692223875,False,156,1b,10000,9,1870633,0,5000,0.6344812656050063,128x128,0.0003,0.01,10
signed-negative,h128x128_lr0.0003_wd0.01_k30,16,0.14175245909654968,False,156,1b,10000,9,1870633,0,5000,0.6344812656050063,128x128,0.0003,0.01,30
signed-negative,h128x128_lr0.0003_wd0.01_k100,17,0.02096222359236141,False,156,1b,10000,9,1870633,0,5000,0.6344812656050063,128x128,0.0003,0.01,100
signed-negative,h128x128_lr0.001_wd0.001_k10,18,0.0469057163501461,False,156,1b,10000,9,1870633,0,5000,0.6344812656050063,128x128,0.001,0.001,10
signed-negative,h128x128_lr0.001_wd0.001_k30,19,0.017509752934508217,False,156,1b,10000,9,1870633,0,5000,0.6344812656050063,128x128,0.001,0.001,30
signed-negative,h128x128_lr0.001_wd0.001_k100,20,0.0002901394640089167,True,156,1b,10000,9,1870633,0,5000,0.6344812656050063,128x128,0.001,0.001,100
signed-negative,h128x128_lr0.001_wd0.01_k10,21,0.14605514652248316,False,156,1b,10000,9,1870633,0,5000,0.6344812656050063,128x128,0.001,0.01,10
signed-negative,h128x128_lr0.001_wd0.01_k30,22,0.035989652572315255,False,156,1b,10000,9,1870633,0,5000,0.6344812656050063,128x128,0.001,0.01,30
signed-negative,h128x128_lr0.001_wd0.01_k100,23,0.010011355803370741,False,156,1b,10000,9,1870633,0,5000,0.6344812656050063,128x128,0.001,0.01,100
ordinary,h64x64_lr0.0003_wd0.001_k10,0,0.8249179896390965,False,157,1b,10000,9,1870633,1,5000,,64x64,0.0003,0.001,10
ordinary,h64x64_lr0.0003_wd0.001_k30,1,0.23165043944443633,False,157,1b,10000,9,1870633,1,5000,,64x64,0.0003,0.001,30
ordinary,h64x64_lr0.0003_wd0.001_k100,2,0.016027317853696946,False,157,1b,10000,9,1870633,1,5000,,64x64,0.0003,0.001,100
ordinary,h64x64_lr0.0003_wd0.01_k10,3,0.8748669003808839,False,157,1b,10000,9,1870633,1,5000,,64x64,0.0003,0.01,10
ordinary,h64x64_lr0.0003_wd0.01_k30,4,0.4738094076478063,False,157,1b,10000,9,1870633,1,5000,,64x64,0.0003,0.01,30
ordinary,h64x64_lr0.0003_wd0.01_k100,5,0.049701202293642215,False,157,1b,10000,9,1870633,1,5000,,64x64,0.0003,0.01,100
ordinary,h64x64_lr0.001_wd0.001_k10,6,0.28883101974585573,False,157,1b,10000,9,1870633,1,5000,,64x64,0.001,0.001,10
ordinary,h64x64_lr0.001_wd0.001_k30,7,0.015039968005269343,False,157,1b,10000,9,1870633,1,5000,,64x64,0.001,0.001,30
ordinary,h64x64_lr0.001_wd0.001_k100,8,0.0057407814385715935,False,157,1b,10000,9,1870633,1,5000,,64x64,0.001,0.001,100
ordinary,h64x64_lr0.001_wd0.01_k10,9,0.5223358712401557,False,157,1b,10000,9,1870633,1,5000,,64x64,0.001,0.01,10
ordinary,h64x64_lr0.001_wd0.01_k30,10,0.04465144649543527,False,157,1b,10000,9,1870633,1,5000,,64x64,0.001,0.01,30
ordinary,h64x64_lr0.001_wd0.01_k100,11,0.01567311730399718,False,157,1b,10000,9,1870633,1,5000,,64x64,0.001,0.01,100
ordinary,h128x128_lr0.0003_wd0.001_k10,12,0.5627309585438312,False,157,1b,10000,9,1870633,1,5000,,128x128,0.0003,0.001,10
ordinary,h128x128_lr0.0003_wd0.001_k30,13,0.03753663299690651,False,157,1b,10000,9,1870633,1,5000,,128x128,0.0003,0.001,30
ordinary,h128x128_lr0.0003_wd0.001_k100,14,0.006781662726133517,False,157,1b,10000,9,1870633,1,5000,,128x128,0.0003,0.001,100
ordinary,h128x128_lr0.0003_wd0.01_k10,15,0.7415591596128582,False,157,1b,10000,9,1870633,1,5000,,128x128,0.0003,0.01,10
ordinary,h128x128_lr0.0003_wd0.01_k30,16,0.1563454506554493,False,157,1b,10000,9,1870633,1,5000,,128x128,0.0003,0.01,30
ordinary,h128x128_lr0.0003_wd0.01_k100,17,0.029312140361757992,False,157,1b,10000,9,1870633,1,5000,,128x128,0.0003,0.01,100
ordinary,h128x128_lr0.001_wd0.001_k10,18,0.04235593719255643,False,157,1b,10000,9,1870633,1,5000,,128x128,0.001,0.001,10
ordinary,h128x128_lr0.001_wd0.001_k30,19,0.004039189579087957,True,157,1b,10000,9,1870633,1,5000,,128x128,0.001,0.001,30
ordinary,h128x128_lr0.001_wd0.001_k100,20,0.009194506400976951,False,157,1b,10000,9,1870633,1,5000,,128x128,0.001,0.001,100
ordinary,h128x128_lr0.001_wd0.01_k10,21,0.17101551022625386,False,157,1b,10000,9,1870633,1,5000,,128x128,0.001,0.01,10
ordinary,h128x128_lr0.001_wd0.01_k30,22,0.024945153507021752,False,157,1b,10000,9,1870633,1,5000,,128x128,0.001,0.01,30
ordinary,h128x128_lr0.001_wd0.01_k100,23,0.011976778194504606,False,157,1b,10000,9,1870633,1,5000,,128x128,0.001,0.01,100
signed-positive,h64x64_lr0.0003_wd0.001_k10,0,0.8753161193330639,False,158,1b,10000,9,1870633,1,5000,0.6403853881116848,64x64,0.0003,0.001,10
signed-positive,h64x64_lr0.0003_wd0.001_k30,1,0.20661471976135606,False,158,1b,10000,9,1870633,1,5000,0.6403853881116848,64x64,0.0003,0.001,30
signed-positive,h64x64_lr0.0003_wd0.001_k100,2,0.013067484096068605,False,158,1b,10000,9,1870633,1,5000,0.6403853881116848,64x64,0.0003,0.001,100
signed-positive,h64x64_lr0.0003_wd0.01_k10,3,0.9481958938184553,False,158,1b,10000,9,1870633,1,5000,0.6403853881116848,64x64,0.0003,0.01,10
signed-positive,h64x64_lr0.0003_wd0.01_k30,4,0.44333127427196994,False,158,1b,10000,9,1870633,1,5000,0.6403853881116848,64x64,0.0003,0.01,30
signed-positive,h64x64_lr0.0003_wd0.01_k100,5,0.02732512330843021,False,158,1b,10000,9,1870633,1,5000,0.6403853881116848,64x64,0.0003,0.01,100
signed-positive,h64x64_lr0.001_wd0.001_k10,6,0.22624606890268814,False,158,1b,10000,9,1870633,1,5000,0.6403853881116848,64x64,0.001,0.001,10
signed-positive,h64x64_lr0.001_wd0.001_k30,7,0.016738591612284238,False,158,1b,10000,9,1870633,1,5000,0.6403853881116848,64x64,0.001,0.001,30
signed-positive,h64x64_lr0.001_wd0.001_k100,8,0.0466423807476761,False,158,1b,10000,9,1870633,1,5000,0.6403853881116848,64x64,0.001,0.001,100
signed-positive,h64x64_lr0.001_wd0.01_k10,9,0.4629218821206818,False,158,1b,10000,9,1870633,1,5000,0.6403853881116848,64x64,0.001,0.01,10
signed-positive,h64x64_lr0.001_wd0.01_k30,10,0.03334331755839791,False,158,1b,10000,9,1870633,1,5000,0.6403853881116848,64x64,0.001,0.01,30
signed-positive,h64x64_lr0.001_wd0.01_k100,11,0.015281390286153806,False,158,1b,10000,9,1870633,1,5000,0.6403853881116848,64x64,0.001,0.01,100
signed-positive,h128x128_lr0.0003_wd0.001_k10,12,0.7242545869229482,False,158,1b,10000,9,1870633,1,5000,0.6403853881116848,128x128,0.0003,0.001,10
signed-positive,h128x128_lr0.0003_wd0.001_k30,13,0.059301782231122445,False,158,1b,10000,9,1870633,1,5000,0.6403853881116848,128x128,0.0003,0.001,30
signed-positive,h128x128_lr0.0003_wd0.001_k100,14,0.032782253132646565,False,158,1b,10000,9,1870633,1,5000,0.6403853881116848,128x128,0.0003,0.001,100
signed-positive,h128x128_lr0.0003_wd0.01_k10,15,0.8952987564862722,False,158,1b,10000,9,1870633,1,5000,0.6403853881116848,128x128,0.0003,0.01,10
signed-positive,h128x128_lr0.0003_wd0.01_k30,16,0.19514234521700913,False,158,1b,10000,9,1870633,1,5000,0.6403853881116848,128x128,0.0003,0.01,30
signed-positive,h128x128_lr0.0003_wd0.01_k100,17,0.019702799585295715,False,158,1b,10000,9,1870633,1,5000,0.6403853881116848,128x128,0.0003,0.01,100
signed-positive,h128x128_lr0.001_wd0.001_k10,18,0.06854407021793595,False,158,1b,10000,9,1870633,1,5000,0.6403853881116848,128x128,0.001,0.001,10
signed-positive,h128x128_lr0.001_wd0.001_k30,19,0.01883044268363046,False,158,1b,10000,9,1870633,1,5000,0.6403853881116848,128x128,0.001,0.001,30
signed-positive,h128x128_lr0.001_wd0.001_k100,20,0.034856618185375235,False,158,1b,10000,9,1870633,1,5000,0.6403853881116848,128x128,0.001,0.001,100
signed-positive,h128x128_lr0.001_wd0.01_k10,21,0.20803943105397554,False,158,1b,10000,9,1870633,1,5000,0.6403853881116848,128x128,0.001,0.01,10
signed-positive,h128x128_lr0.001_wd0.01_k30,22,0.025014334569237635,False,158,1b,10000,9,1870633,1,5000,0.6403853881116848,128x128,0.001,0.01,30
signed-positive,h128x128_lr0.001_wd0.01_k100,23,0.004499719181982842,True,158,1b,10000,9,1870633,1,5000,0.6403853881116848,128x128,0.001,0.01,100
signed-negative,h64x64_lr0.0003_wd0.001_k10,0,0.7712797639874974,False,159,1b,10000,9,1870633,1,5000,0.6991734935537208,64x64,0.0003,0.001,10
signed-negative,h64x64_lr0.0003_wd0.001_k30,1,0.11514638681819456,False,159,1b,10000,9,1870633,1,5000,0.6991734935537208,64x64,0.0003,0.001,30
signed-negative,h64x64_lr0.0003_wd0.001_k100,2,0.01129047637402679,False,159,1b,10000,9,1870633,1,5000,0.6991734935537208,64x64,0.0003,0.001,100
signed-negative,h64x64_lr0.0003_wd0.01_k10,3,0.846398577868633,False,159,1b,10000,9,1870633,1,5000,0.6991734935537208,64x64,0.0003,0.01,10
signed-negative,h64x64_lr0.0003_wd0.01_k30,4,0.32879079596820726,False,159,1b,10000,9,1870633,1,5000,0.6991734935537208,64x64,0.0003,0.01,30
signed-negative,h64x64_lr0.0003_wd0.01_k100,5,0.022399239243482177,False,159,1b,10000,9,1870633,1,5000,0.6991734935537208,64x64,0.0003,0.01,100
signed-negative,h64x64_lr0.001_wd0.001_k10,6,0.12412978365906376,False,159,1b,10000,9,1870633,1,5000,0.6991734935537208,64x64,0.001,0.001,10
signed-negative,h64x64_lr0.001_wd0.001_k30,7,0.03433191529879305,False,159,1b,10000,9,1870633,1,5000,0.6991734935537208,64x64,0.001,0.001,30
signed-negative,h64x64_lr0.001_wd0.001_k100,8,0.029607271342863294,False,159,1b,10000,9,1870633,1,5000,0.6991734935537208,64x64,0.001,0.001,100
signed-negative,h64x64_lr0.001_wd0.01_k10,9,0.35383585168356413,False,159,1b,10000,9,1870633,1,5000,0.6991734935537208,64x64,0.001,0.01,10
signed-negative,h64x64_lr0.001_wd0.01_k30,10,0.02768448610242484,False,159,1b,10000,9,1870633,1,5000,0.6991734935537208,64x64,0.001,0.01,30
signed-negative,h64x64_lr0.001_wd0.01_k100,11,0.007060078302397754,False,159,1b,10000,9,1870633,1,5000,0.6991734935537208,64x64,0.001,0.01,100
signed-negative,h128x128_lr0.0003_wd0.001_k10,12,0.6493440095844336,False,159,1b,10000,9,1870633,1,5000,0.6991734935537208,128x128,0.0003,0.001,10
signed-negative,h128x128_lr0.0003_wd0.001_k30,13,0.02772135173702408,False,159,1b,10000,9,1870633,1,5000,0.6991734935537208,128x128,0.0003,0.001,30
signed-negative,h128x128_lr0.0003_wd0.001_k100,14,0.018052771542665293,False,159,1b,10000,9,1870633,1,5000,0.6991734935537208,128x128,0.0003,0.001,100
signed-negative,h128x128_lr0.0003_wd0.01_k10,15,0.8095859531550617,False,159,1b,10000,9,1870633,1,5000,0.6991734935537208,128x128,0.0003,0.01,10
signed-negative,h128x128_lr0.0003_wd0.01_k30,16,0.14194938421891679,False,159,1b,10000,9,1870633,1,5000,0.6991734935537208,128x128,0.0003,0.01,30
signed-negative,h128x128_lr0.0003_wd0.01_k100,17,0.01329319161810571,False,159,1b,10000,9,1870633,1,5000,0.6991734935537208,128x128,0.0003,0.01,100
signed-negative,h128x128_lr0.001_wd0.001_k10,18,0.026376299056672582,False,159,1b,10000,9,1870633,1,5000,0.6991734935537208,128x128,0.001,0.001,10
signed-negative,h128x128_lr0.001_wd0.001_k30,19,0.009126138808328601,False,159,1b,10000,9,1870633,1,5000,0.6991734935537208,128x128,0.001,0.001,30
signed-negative,h128x128_lr0.001_wd0.001_k100,20,0.04325458292326837,False,159,1b,10000,9,1870633,1,5000,0.6991734935537208,128x128,0.001,0.001,100
signed-negative,h128x128_lr0.001_wd0.01_k10,21,0.1544098858232062,False,159,1b,10000,9,1870633,1,5000,0.6991734935537208,128x128,0.001,0.01,10
signed-negative,h128x128_lr0.001_wd0.01_k30,22,0.01537747324296107,False,159,1b,10000,9,1870633,1,5000,0.6991734935537208,128x128,0.001,0.01,30
signed-negative,h128x128_lr0.001_wd0.01_k100,23,0.00544322764381701,True,159,1b,10000,9,1870633,1,5000,0.6991734935537208,128x128,0.001,0.01,100
